frame,lane,variant,arrival_s,submission_s,status,completion_s,arrival_to_completion_ms,gpu_pipeline_ms
0,1,0,0.0,5.809997674077749e-07,completed,0.023153565998654813,23.153565998654813,19.456192016601562
1,2,0,0.004166666666666667,0.004848531010793522,completed,0.027754276001360267,23.587609334693603,19.615711212158203
2,3,0,0.008333333333333333,0.009436808002647012,completed,0.03234000800875947,24.006674675426137,20.136383056640625
3,0,0,0.0125,0.013992332009365782,completed,0.03688678500475362,24.38678500475362,20.587936401367188
4,1,1,0.016666666666666666,0.018565409001894295,completed,0.041492104006465524,24.825437339798857,20.055200576782227
5,2,1,0.020833333333333332,0.023147072992287576,completed,0.046106469992082566,25.273136658749234,20.275808334350586
6,3,1,0.025,0.027747503016144037,completed,0.05071092801517807,25.71092801517807,20.084863662719727
7,0,1,0.029166666666666667,0.032332644012058154,completed,0.05069995700614527,21.5332903394786,15.547679901123047
8,1,0,0.03333333333333333,0.03688152501126751,completed,0.05996909600798972,26.635762674656387,15.331199645996094
9,2,0,0.0375,0.0414857919968199,completed,0.06921209499705583,31.71209499705583,19.843008041381836
10,3,0,0.041666666666666664,0.04609907598933205,dropped_dispatch_late,,,
11,0,0,0.04583333333333333,0.04611473600380123,completed,0.07382433701422997,27.99100368089664,19.89232063293457
12,1,1,0.05,0.050694527017185465,completed,0.07843309300369583,28.433093003695827,19.710752487182617
13,2,1,0.05416666666666667,0.055307239992544055,completed,0.08305632599513046,28.889659328463797,15.218111991882324
14,3,1,0.058333333333333334,0.05996258300729096,completed,0.08773951200419106,29.40617867085772,25.1278076171875
15,0,1,0.0625,0.06458861200371757,completed,0.09245956901577301,29.959569015773013,20.08188819885254
16,1,0,0.06666666666666667,0.06920514200464822,completed,0.09705951801151969,30.39285134485302,20.195615768432617
17,2,0,0.07083333333333333,0.07381906700902618,completed,0.09706879599252716,26.235462659193825,15.577856063842773
18,3,0,0.075,0.07842661999166012,completed,0.10163786599878222,26.63786599878222,15.52563190460205
19,0,0,0.07916666666666666,0.08304927201243117,completed,0.11566347099142149,36.49680432475483,20.351808547973633
20,1,1,0.08333333333333333,0.08773200801806524,dropped_dispatch_late,,,
21,2,1,0.0875,0.08774716701009311,completed,0.12026511301519349,32.7651130151935,20.224544525146484
22,3,1,0.09166666666666666,0.09245450000162236,completed,0.12484427200979553,33.177605343128874,20.328479766845703
23,0,1,0.09583333333333333,0.09705304601811804,completed,0.12943802899098955,33.60469565765622,15.490336418151855
24,1,0,0.1,0.10163066201494075,completed,0.13401516401791014,34.01516401791013,29.617759704589844
25,2,0,0.10416666666666667,0.10646186000667512,completed,0.13861219701357186,34.44553034690519,20.219871520996094
26,3,0,0.10833333333333334,0.11108546401374042,completed,0.14320191700244322,34.86858366910989,20.396255493164062
27,0,0,0.1125,0.11565799999516457,completed,0.14319055501255207,30.690555012552064,15.614144325256348
28,1,1,0.11666666666666667,0.12025815001106821,completed,0.15236800999264233,35.70134332597566,20.41152000427246
29,2,1,0.12083333333333333,0.12483659700956196,completed,0.15750426799058914,36.670934657255806,20.4434871673584
30,3,1,0.125,0.12943261899636127,dropped_dispatch_late,,,
31,0,1,0.12916666666666665,0.1294479579955805,completed,0.16308452899102122,33.917862324354566,20.380735397338867
32,1,0,0.13333333333333333,0.13400891199125908,completed,0.16801703901728615,34.68370568395282,15.528736114501953
33,2,0,0.1375,0.13860500400187448,completed,0.17546267400030047,37.96267400030045,15.616959571838379
34,3,0,0.14166666666666666,0.1431851950183045,completed,0.1780104039935395,36.34373732687285,34.625728607177734
35,0,0,0.14583333333333334,0.1477638730139006,completed,0.1880618490104098,42.228515677076444,20.371519088745117
36,1,1,0.15,0.15236177798942663,completed,0.19275704899337143,42.757048993371434,20.395904541015625
37,2,1,0.15416666666666667,0.15701291401637718,dropped_queue_full,,,
38,3,1,0.15833333333333333,0.15842694000457413,completed,0.19733051699586213,38.9971836625288,15.489855766296387
39,0,1,0.1625,0.1630790880008135,completed,0.20188765399507247,39.38765399507246,15.60905647277832
40,1,0,0.16666666666666666,0.16768345501623116,dropped_queue_full,,,
41,2,0,0.17083333333333334,0.17084340800647624,completed,0.20669426600215957,35.86093266882623,30.9881591796875
42,3,0,0.175,0.17545554001117125,dropped_queue_full,,,
43,0,0,0.17916666666666667,0.17926737200468779,dropped_queue_full,,,
44,1,1,0.18333333333333332,0.18337045700172894,completed,0.21131530500133522,27.981971668001897,20.759519577026367
45,2,1,0.1875,0.18795746099203825,completed,0.21592009300366044,28.42009300366044,10.854175567626953
46,3,1,0.19166666666666665,0.19275077700149268,completed,0.2205525030149147,28.88583634824804,26.457279205322266
47,0,1,0.19583333333333333,0.19732294301502407,completed,0.22975916299037635,33.925829657043025,26.015840530395508
48,1,0,0.2,0.2018822440004442,completed,0.23437098501017317,34.37098501017316,21.129247665405273
49,2,0,0.20416666666666666,0.2066871720016934,completed,0.23900503799086437,34.8383713241977,20.681503295898438
50,3,0,0.20833333333333334,0.21130892299697734,completed,0.2390138650080189,30.680531674685568,16.05891227722168
51,0,0,0.2125,0.21591282900772057,completed,0.24821181799052283,35.71181799052284,20.520896911621094
52,1,1,0.21666666666666667,0.22054489800939336,completed,0.2527895249950234,36.12285832835671,20.498144149780273
53,2,1,0.22083333333333333,0.22514365499955602,dropped_dispatch_late,,,
54,3,1,0.225,0.22515151998959482,completed,0.257384524011286,32.38452401128597,20.35590362548828
55,0,1,0.22916666666666666,0.22974856299697421,completed,0.26201448001665995,32.84781334999329,15.580479621887207
56,1,0,0.23333333333333334,0.23436475300695747,completed,0.2712743610027246,37.94102766939128,15.670816421508789
57,2,0,0.2375,0.2389977739949245,completed,0.2722469689906575,34.74696899065749,32.967105865478516
58,3,0,0.24166666666666667,0.24362528501660563,completed,0.2775885770097375,35.92191034307082,20.553184509277344
59,0,0,0.24583333333333332,0.24820655799703673,completed,0.28274369999417104,36.91036666083772,20.75663948059082
60,1,1,0.25,0.2527830929902848,completed,0.2879711510031484,37.97115100314841,20.73366355895996
61,2,1,0.25416666666666665,0.25737693000701256,completed,0.29745887499302626,43.29220832635961,20.718399047851562
62,3,1,0.2583333333333333,0.26200919001712464,completed,0.30203578001237474,43.702446679041444,20.541343688964844
63,0,1,0.2625,0.2666038390016183,completed,0.306858452007873,44.35845200787297,20.551040649414062
64,1,0,0.26666666666666666,0.27126800900441594,dropped_dispatch_late,,,
65,2,0,0.2708333333333333,0.271283317997586,dropped_queue_full,,,
66,3,0,0.275,0.2750547729956452,dropped_queue_full,,,
67,0,0,0.2791666666666667,0.27932363300351426,dropped_queue_full,,,
68,1,1,0.2833333333333333,0.2833775540057104,completed,0.31145915199886076,28.125818665527436,20.550079345703125
69,2,1,0.2875,0.2879649290116504,completed,0.3161190949904267,28.619094990426696,20.485376358032227
70,3,1,0.2916666666666667,0.29284980898955837,completed,0.32074474199907854,29.078075332411856,20.434751510620117
71,0,1,0.29583333333333334,0.297451791993808,completed,0.32536028101458214,29.526947681248807,20.513343811035156
72,1,0,0.3,0.3020278949989006,completed,0.33000926300883293,30.009263008832942,20.43164825439453
73,2,0,0.30416666666666664,0.30685322199133225,completed,0.3345879210100975,30.42125434343085,20.718080520629883
74,3,0,0.30833333333333335,0.31145278000622056,completed,0.33921409901813604,30.88076568480269,15.929856300354004
75,0,0,0.3125,0.31611218201578595,completed,0.3484291959903203,35.929195990320295,20.54761505126953
76,1,1,0.31666666666666665,0.3207301349902991,completed,0.35302763199433684,36.36096532767019,20.673215866088867
77,2,1,0.3208333333333333,0.3253550910158083,dropped_dispatch_late,,,
78,3,1,0.325,0.32537009901716374,completed,0.3576190739986487,32.61907399864866,20.504512786865234
79,0,1,0.32916666666666666,0.330002759990748,completed,0.3622285710007418,33.06190433407513,15.61580753326416
80,1,0,0.3333333333333333,0.3345807369914837,completed,0.36685019099968486,33.51685766635154,15.585472106933594
81,2,0,0.3375,0.33920699599548243,completed,0.37151511301635765,34.015113016357624,31.24959945678711
82,3,0,0.3416666666666667,0.34384477700223215,completed,0.37621549199684523,34.54882533017856,20.260095596313477
83,0,0,0.3458333333333333,0.3484239960089326,completed,0.38547193701379,39.63860368045668,20.440671920776367
84,1,1,0.35,0.3530212590121664,completed,0.38627472301595844,36.274723015958465,20.44915199279785
85,2,1,0.3541666666666667,0.35761142999399453,completed,0.39132239200989716,37.15572534323047,20.445087432861328
86,3,1,0.35833333333333334,0.3622233910136856,completed,0.4004766730067786,42.14333967344525,20.48534393310547
87,0,1,0.3625,0.3668437290180009,dropped_dispatch_late,,,
88,1,0,0.36666666666666664,0.36685889700311236,completed,0.40505681399372406,38.39014732705742,15.619232177734375
89,2,0,0.37083333333333335,0.3715079489920754,completed,0.40986682099173777,39.03348765840442,15.620736122131348
90,3,0,0.375,0.37620780800352804,completed,0.41446664999239147,39.46664999239147,15.659199714660645
91,0,0,0.37916666666666665,0.38086006601224653,completed,0.4212793619954027,42.11269532873607,36.207489013671875
92,1,1,0.3833333333333333,0.38546651700744405,dropped_queue_full,,,
93,2,1,0.3875,0.3875400160031859,dropped_queue_full,,,
94,3,1,0.39166666666666666,0.3917988970060833,dropped_queue_full,,,
95,0,1,0.3958333333333333,0.39589674200396985,completed,0.42593057799967937,30.097244666346057,6.000288009643555
96,1,0,0.4,0.4004689480061643,completed,0.4259401969902683,25.940196990268284,21.73472023010254
97,2,0,0.4041666666666667,0.4050504319893662,completed,0.4305698520038277,26.403185337161016,21.521791458129883
98,3,0,0.4083333333333333,0.4098596280091442,completed,0.43972857101471163,31.39523768137831,26.387487411499023
99,0,0,0.4125,0.41445879501407035,dropped_queue_full,,,
100,1,1,0.4166666666666667,0.41668752901023254,completed,0.4443755990068894,27.708932340222702,20.494144439697266
101,2,1,0.42083333333333334,0.4212741320079658,completed,0.45354784399387427,32.71451066054093,20.44153594970703
102,3,1,0.425,0.42592525799409486,completed,0.4581541749939788,33.15417499397883,15.644448280334473
103,0,1,0.42916666666666664,0.4305634089978412,completed,0.4627384240156971,33.57175734903045,28.88060760498047
104,1,0,0.43333333333333335,0.43516061300761066,completed,0.46732432598946616,33.99099265613281,20.514368057250977
105,2,0,0.4375,0.43972113699419424,completed,0.4719329710060265,34.43297100602649,20.635839462280273
106,3,0,0.44166666666666665,0.44436900698929094,completed,0.4765442509960849,34.877584329418234,20.64214324951172
107,0,0,0.4458333333333333,0.44896649100701325,completed,0.4765329899964854,30.69965666315211,15.853055953979492
108,1,1,0.45,0.453540670016082,completed,0.4857389190001413,35.73891900014131,20.526880264282227
109,2,1,0.45416666666666666,0.4581464799994137,completed,0.49088502500671893,36.71835834005227,20.638559341430664
110,3,1,0.4583333333333333,0.4627331040101126,dropped_dispatch_late,,,
111,0,1,0.46249999999999997,0.46274808200541884,completed,0.49646249099168926,33.9624909916893,20.57414436340332
112,1,0,0.4666666666666667,0.46731798400287516,completed,0.5013258699909784,34.65920332431172,15.41260814666748
113,2,0,0.4708333333333333,0.4719259880075697,completed,0.5088706630049273,38.03732967159401,15.600992202758789
114,3,0,0.475,0.4765277300029993,completed,0.511648290004814,36.648290004814065,34.79286575317383
115,0,0,0.4791666666666667,0.4811369059898425,completed,0.5172027620137669,38.03609534710023,20.456192016601562
116,1,1,0.48333333333333334,0.4857325470075011,completed,0.5264032809936907,43.06994766035738,20.68876838684082
117,2,1,0.4875,0.4903892629954498,dropped_queue_full,,,
118,3,1,0.49166666666666664,0.4916795940080192,completed,0.5310127880075015,39.34612134083487,15.716608047485352
119,0,1,0.49583333333333335,0.49628813000163063,dropped_queue_full,,,
120,1,0,0.5,0.5000544750073459,dropped_queue_full,,,
121,2,0,0.5041666666666667,0.5042676689918153,completed,0.5358133570116479,31.646690344981245,25.733856201171875
122,3,0,0.5083333333333333,0.5088637100125197,dropped_queue_full,,,
123,0,0,0.5125,0.5125826350122225,completed,0.540433585003484,27.933585003484083,20.69491195678711
124,1,1,0.5166666666666666,0.5171975819976069,completed,0.545099178008968,28.432511342301403,20.743040084838867
125,2,1,0.5208333333333334,0.5217878319963347,completed,0.5497153979958966,28.882064662563266,15.897024154663086
126,3,1,0.525,0.5263968679937534,completed,0.5543291429930832,29.329142993083202,25.924991607666016
127,0,1,0.5291666666666667,0.5310050729895011,completed,0.5589247329917271,29.758066325060394,20.79110336303711
128,1,0,0.5333333333333333,0.5358062740124296,completed,0.5681736230035312,34.84028967019792,20.727519989013672
129,2,0,0.5375,0.5404281039955094,completed,0.5681832820118871,30.68328201188708,15.809791564941406
130,3,0,0.5416666666666666,0.5450926960038487,completed,0.5773694629897363,35.70279632306972,18.233152389526367
131,0,0,0.5458333333333333,0.5497082340007182,completed,0.5819904319941998,36.157098660866474,20.62656021118164
132,1,1,0.55,0.5543215679936111,dropped_dispatch_late,,,
133,2,1,0.5541666666666667,0.5543372879910748,completed,0.5865906910039485,32.42402433728175,20.47382354736328
134,3,1,0.5583333333333333,0.5589192830084357,completed,0.5912083630100824,32.875029676749044,15.622591972351074
135,0,1,0.5625,0.5635202930134255,completed,0.5958237820013892,33.32378200138919,15.68175983428955
136,1,0,0.5666666666666667,0.5681669810146559,completed,0.6004295920138247,33.76292534715808,32.01023864746094
137,2,0,0.5708333333333333,0.5727683220175095,completed,0.605848495993996,35.01516266066274,20.600831985473633
138,3,0,0.575,0.5773619989922736,completed,0.6108261420158669,35.82614201586698,20.62761688232422
139,0,0,0.5791666666666666,0.5819850620173384,completed,0.6171559969952796,37.98933032861296,20.663679122924805
140,1,1,0.5833333333333334,0.5865834669966716,completed,0.6255422290123533,42.208895679019975,20.596416473388672
141,2,1,0.5875,0.5912007890001405,completed,0.6301658430020325,42.66584300203247,20.620479583740234
142,3,1,0.5916666666666667,0.59581824101042,completed,0.6348492100078147,43.18254334114802,20.592927932739258
143,0,1,0.5958333333333333,0.6004232190025505,dropped_dispatch_late,,,
144,1,0,0.6,0.6004384979896713,completed,0.6395351020037197,39.53510200371968,15.69279956817627
145,2,0,0.6041666666666666,0.6050408119917847,dropped_queue_full,,,
146,3,0,0.6083333333333333,0.6083715590066276,dropped_queue_full,,,
147,0,0,0.6125,0.6125274139922112,completed,0.6441618410171941,31.66184101719405,26.00534439086914
148,1,1,0.6166666666666667,0.6171507069957443,dropped_queue_full,,,
149,2,1,0.6208333333333333,0.6208962629898451,completed,0.6487665190070402,27.933185673706838,20.7325439453125
150,3,1,0.625,0.6255357569898479,completed,0.6533613080100622,28.361308010062203,20.997888565063477
151,0,1,0.6291666666666667,0.6301589400100056,completed,0.6625095269992016,33.342860332534975,15.991744041442871
152,1,0,0.6333333333333333,0.6348414650128689,completed,0.6670982849900611,33.764951656727774,26.246015548706055
153,2,0,0.6375,0.6395286399929319,completed,0.6716946669912431,34.19466699124318,21.00320053100586
154,3,0,0.6416666666666666,0.644156430993462,completed,0.676302139996551,34.63547332988437,20.99839973449707
155,0,0,0.6458333333333334,0.6487596360093448,completed,0.6762907879892737,30.457454655940296,16.03388786315918
156,1,1,0.65,0.6533538539952133,completed,0.6854576430050656,35.4576430050656,20.934431076049805
157,2,1,0.6541666666666667,0.6579372709966265,completed,0.6900617589999456,35.895092333278924,20.986591339111328
158,3,1,0.6583333333333333,0.6625041569932364,dropped_dispatch_late,,,
159,0,1,0.6625,0.6625192860083189,completed,0.6992932970169932,36.793297016993186,20.827808380126953
160,1,0,0.6666666666666666,0.6670919530151878,completed,0.7039051679894328,37.23850132276618,15.842720031738281
161,2,0,0.6708333333333333,0.6716877139988355,completed,0.7085242430039216,37.690909670588304,15.866463661193848
162,3,0,0.675,0.6762854380067438,completed,0.7109072710154578,35.907271015457766,34.36646270751953
163,0,0,0.6791666666666667,0.6808686949952971,completed,0.7163746769947466,37.20801032807985,20.752479553222656
164,1,1,0.6833333333333333,0.685451211000327,completed,0.7256130980094895,42.27976467615613,20.764095306396484
165,2,1,0.6875,0.6900545959942974,completed,0.7302171339979395,42.71713399793953,20.8525447845459
166,3,1,0.6916666666666667,0.6946645439893473,completed,0.7348066430131439,43.13997634647726,20.84012794494629
167,0,1,0.6958333333333333,0.6992878369928803,completed,0.7396110400150064,43.77770668167314,20.83014488220215
168,1,0,0.7,0.7038988260028418,completed,0.7441962610173505,44.19626101735052,20.94156837463379
169,2,0,0.7041666666666666,0.7085172999941278,dropped_dispatch_late,,,
170,3,0,0.7083333333333334,0.7085324290092103,dropped_queue_full,,,
171,0,0,0.7125,0.7126466050103772,dropped_queue_full,,,
172,1,1,0.7166666666666667,0.7166941839968786,dropped_queue_full,,,
173,2,1,0.7208333333333333,0.7208961470169015,completed,0.7488069300015923,27.97359666825894,20.90140724182129
174,3,1,0.725,0.7256067660055123,completed,0.7534214670013171,28.42146700131709,20.882112503051758
175,0,1,0.7291666666666666,0.7302100209926721,completed,0.7626454099954572,33.47874332879053,20.77129554748535
176,1,0,0.7333333333333333,0.734798949008109,completed,0.7672351590008475,33.90182566751421,20.786304473876953
177,2,0,0.7375,0.739605640002992,completed,0.7718328440096229,34.33284400962289,20.86729621887207
178,3,0,0.7416666666666667,0.7441898190008942,completed,0.7764371299999766,34.770463333309905,20.808671951293945
179,0,0,0.7458333333333333,0.7487999070144724,completed,0.7764257889939472,30.592455660613858,16.030847549438477
180,1,1,0.75,0.7534134910092689,completed,0.7855807509913575,35.58075099135749,20.941823959350586
181,2,1,0.7541666666666667,0.7580504800134804,completed,0.7902038239990361,36.03715733236945,20.970495223999023
182,3,1,0.7583333333333333,0.7626401300076395,dropped_dispatch_late,,,
183,0,1,0.7625,0.7626554789894726,completed,0.7993806170125026,36.88061701250267,20.944063186645508
184,1,0,0.7666666666666666,0.7672288870089687,completed,0.8040170849999413,37.35041833327468,15.933152198791504
185,2,0,0.7708333333333334,0.7718261310074013,completed,0.8086776790150907,37.84434568175732,15.928735733032227
186,3,0,0.775,0.7764202780090272,completed,0.8111185460002162,36.118546000216135,34.43155288696289
187,0,0,0.7791666666666667,0.7810053790162783,completed,0.8165888279909268,37.42216132426013,20.872800827026367
188,1,1,0.7833333333333333,0.785574428999098,completed,0.8255071009916719,42.173767658338576,20.98044776916504
189,2,1,0.7875,0.7901966200151946,completed,0.8301004669920076,42.60046699200759,21.01625633239746
190,3,1,0.7916666666666666,0.7947841550048906,completed,0.8346950260165613,43.028359349894686,20.820415496826172
191,0,1,0.7958333333333333,0.799375306989532,completed,0.8395206530112773,43.68731967794404,20.844736099243164
192,1,0,0.8,0.8040107130073011,completed,0.8441519509942736,44.151950994273605,20.738719940185547
193,2,0,0.8041666666666667,0.8086706759931985,dropped_dispatch_late,,,
194,3,0,0.8083333333333333,0.808685964992037,dropped_queue_full,,,
195,0,0,0.8125,0.8125409990025219,dropped_queue_full,,,
196,1,1,0.8166666666666667,0.8167498839902692,dropped_queue_full,,,
197,2,1,0.8208333333333333,0.8208442630129866,completed,0.848770926008001,27.937592674667666,20.726943969726562
198,3,1,0.825,0.8255006580147892,completed,0.8533574189932551,28.357418993255166,20.884191513061523
199,0,1,0.8291666666666666,0.8300933529972099,completed,0.8625851699907798,33.418503324113225,20.807775497436523
200,1,0,0.8333333333333334,0.8346872309921309,completed,0.867247646994656,33.91431366132258,20.80659294128418
201,2,0,0.8375,0.8395153130113613,completed,0.8718703390040901,34.370339004090035,20.799264907836914
202,3,0,0.8416666666666667,0.844145359005779,completed,0.8764793750015087,34.81270833484207,20.85536003112793
203,0,0,0.8458333333333333,0.8487640329985879,completed,0.8764681039901916,30.63477065685827,16.037311553955078
204,1,1,0.85,0.8533495040028356,completed,0.8856533830112312,35.65338301123122,20.70044708251953
205,2,1,0.8541666666666666,0.8579769950010814,completed,0.8902434229967184,36.07675633005181,20.787616729736328
206,3,1,0.8583333333333333,0.8625798799912445,dropped_dispatch_late,,,
207,0,1,0.8624999999999999,0.8625964309903793,completed,0.8994299950136337,36.92999501363381,20.59916877746582
208,1,0,0.8666666666666667,0.8672411150182597,completed,0.9040304750087671,37.3638083421004,15.789504051208496
209,2,0,0.8708333333333333,0.8718637760030106,completed,0.908640423003817,37.80708967048363,15.82528018951416
210,3,0,0.875,0.8764627130003646,completed,0.9109067679964937,35.90676799649373,34.09823989868164
211,0,0,0.8791666666666667,0.8810764380032197,completed,0.9162298710143659,37.063204347699276,20.59903907775879
212,1,1,0.8833333333333333,0.8856468810117804,completed,0.9255359600065276,42.2026266731943,20.57391929626465
213,2,1,0.8875,0.8902365300164092,completed,0.9301535720005631,42.65357200056319,20.578847885131836
214,3,1,0.8916666666666666,0.8948203379986808,completed,0.9347883269947488,43.12166032808218,20.588991165161133
215,0,1,0.8958333333333334,0.8994245950016193,completed,0.9395007290004287,43.66739566709532,20.596128463745117
216,1,0,0.9,0.9040240829926915,completed,0.9442481579899322,44.2481579899322,20.760000228881836
217,2,0,0.9041666666666667,0.9086334390158299,dropped_dispatch_late,,,
218,3,0,0.9083333333333333,0.9086485480074771,dropped_queue_full,,,
219,0,0,0.9125,0.9126439680112526,dropped_queue_full,,,
220,1,1,0.9166666666666666,0.9167062859924044,dropped_queue_full,,,
221,2,1,0.9208333333333333,0.9208958949893713,completed,0.9488482369924895,28.014903659156264,20.718271255493164
222,3,1,0.9249999999999999,0.925529647996882,completed,0.9534485769981984,28.448576998198472,20.69715118408203
223,0,1,0.9291666666666667,0.9301465690077748,completed,0.9580676020123065,28.900935345639756,20.664480209350586
224,1,0,0.9333333333333333,0.934780943003716,completed,0.9626948820077814,29.361548674448066,20.478559494018555
225,2,0,0.9375,0.9394156179914717,completed,0.9719445139926393,34.44451399263926,20.54956817626953
226,3,0,0.9416666666666667,0.944241866003722,completed,0.9765689990017563,34.90233233508966,20.549951553344727
227,0,0,0.9458333333333333,0.9488410240155645,completed,0.9765576779900584,30.724344656725133,15.842304229736328
228,1,1,0.95,0.9534412730135955,completed,0.9857126400165725,35.71264001657259,20.516511917114258
229,2,1,0.9541666666666666,0.9580622510111425,completed,0.9903064169920981,36.139750325431486,20.55014419555664
230,3,1,0.9583333333333334,0.9626885199977551,dropped_dispatch_late,,,
231,0,1,0.9625,0.9627036390011199,completed,0.9949196410016157,32.41964100161565,20.3702392578125
232,1,0,0.9666666666666667,0.9673112620075699,completed,0.9995559090166353,32.8892423499686,15.58886432647705
233,2,0,0.9708333333333333,0.9719379419984762,completed,1.008731629990507,37.89829665717359,15.58249568939209
234,3,0,0.975,0.97655242800829,completed,1.0093887890106998,34.38878901069986,32.64940643310547
235,0,0,0.9791666666666666,0.9811460050113965,completed,1.0147992669953965,35.632600328729836,20.458335876464844
236,1,1,0.9833333333333333,0.9857063480012584,completed,1.01969069999177,36.35736665843681,20.450944900512695
237,2,1,0.9874999999999999,0.9902992330025882,completed,1.0256221379968338,38.122137996833835,20.46134376525879
238,3,1,0.9916666666666667,0.9949144409911241,completed,1.0302408119896427,38.57414532297598,20.342592239379883
239,0,1,0.9958333333333333,0.9995495070179459,completed,1.0394076970114838,43.57436367815048,20.33776092529297
240,1,0,1.0,1.0041461790096946,completed,1.044005711999489,44.005711999488994,20.337984085083008
241,2,0,1.0041666666666667,1.0087247969931923,dropped_dispatch_late,,,
242,3,0,1.0083333333333333,1.00874003599165,dropped_queue_full,,,
243,0,0,1.0125,1.012581874994794,dropped_queue_full,,,
244,1,1,1.0166666666666666,1.0166859810124151,dropped_queue_full,,,
245,2,1,1.0208333333333333,1.0209506830142345,completed,1.0485756029956974,27.74226966236415,20.394527435302734
246,3,1,1.025,1.025615385005949,completed,1.0531553140026517,28.15531400265181,20.46326446533203
247,0,1,1.0291666666666666,1.0302332580031361,completed,1.057731227017939,28.564560351272526,20.456192016601562
248,1,0,1.0333333333333332,1.0348231870157178,completed,1.0625650400179438,29.231706684610614,20.777599334716797
249,2,0,1.0375,1.0394025570130907,completed,1.0671745070139877,29.67450701398766,20.7238712310791
250,3,0,1.0416666666666667,1.0439993100007996,completed,1.0718383569910657,30.171690324398924,20.72812843322754
251,0,0,1.0458333333333334,1.0485684600134846,completed,1.07644174201414,30.608408680806498,15.990559577941895
252,1,1,1.05,1.0531476589967497,completed,1.0856694820104167,35.669482010416644,16.94371223449707
253,2,1,1.0541666666666667,1.0577260369900614,completed,1.090286032995209,36.1193663285424,20.331647872924805
254,3,1,1.0583333333333333,1.062558737990912,dropped_dispatch_late,,,
255,0,1,1.0625,1.0625737959926482,completed,1.0949145249905996,32.4145249905996,20.161407470703125
256,1,0,1.0666666666666667,1.0671674929908477,completed,1.0995386200083885,32.871953341721884,15.499296188354492
257,2,0,1.0708333333333333,1.0718311030068435,completed,1.1041628250095528,33.32949167621946,15.569279670715332
258,3,0,1.075,1.0764363819907885,completed,1.1087595470016822,33.759547001682265,30.58937644958496
259,0,0,1.0791666666666666,1.081083049008157,completed,1.1134075070149265,34.240840348259916,20.32489585876465
260,1,1,1.0833333333333333,1.0856631200003903,completed,1.1182375329954084,34.90419966207514,20.360191345214844
261,2,1,1.0875,1.0902789889951237,completed,1.122902584989788,35.402584989788096,20.37763214111328
262,3,1,1.0916666666666666,1.0949093060044106,completed,1.1279031750163995,36.23650834973291,15.80031967163086
263,0,1,1.0958333333333332,1.0995322680100799,completed,1.1332200359902345,37.38670265690125,20.341856002807617
264,1,0,1.1,1.1041557409917004,completed,1.1422109059931245,42.210905993124385,20.30201530456543
265,2,0,1.1041666666666667,1.1087521330046002,dropped_dispatch_late,,,
266,3,0,1.1083333333333334,1.1087672220019158,completed,1.1468341590079945,38.500825674661066,15.458016395568848
267,0,0,1.1125,1.113402318005683,completed,1.1514165150001645,38.916515000164466,15.500703811645508
268,1,1,1.1166666666666667,1.1182311009906698,completed,1.1559985390049405,39.33187233827384,15.563936233520508
269,2,1,1.1208333333333333,1.1228953920071945,completed,1.163008196017472,42.17486268413872,35.76764678955078
270,3,1,1.125,1.127568860014435,dropped_queue_full,,,
271,0,1,1.1291666666666667,1.1291701220034156,dropped_queue_full,,,
272,1,0,1.1333333333333333,1.1333809520001523,dropped_queue_full,,,
273,2,0,1.1375,1.1375823529961053,completed,1.1677993680059444,30.29936800594446,6.026944160461426
274,3,0,1.1416666666666666,1.1422044740174897,completed,1.1678086960164364,26.142029349769835,21.931968688964844
275,0,0,1.1458333333333333,1.1468265349976718,completed,1.1724393629992846,26.606029665951382,21.38150405883789
276,1,1,1.15,1.1514112150180154,completed,1.1816455819935072,31.64558199350731,26.37811279296875
277,2,1,1.1541666666666666,1.155992097017588,dropped_queue_full,,,
278,3,1,1.1583333333333332,1.1583720179914963,completed,1.1862539070134517,27.920573680118466,20.313919067382812
279,0,1,1.1625,1.1630011530069169,completed,1.1908470219932497,28.347021993249566,20.274368286132812
280,1,0,1.1666666666666667,1.1677923440001905,completed,1.200059193011839,33.3925263451722,15.483231544494629
281,2,0,1.1708333333333334,1.17243412300013,completed,1.204654263012344,33.820929679010625,28.296735763549805
282,3,0,1.175,1.1770569749933202,completed,1.2092639800102916,34.26398001029152,20.300031661987305
283,0,0,1.1791666666666667,1.1816391200118233,completed,1.213855882990174,34.689216323507296,20.490272521972656
284,1,1,1.1833333333333333,1.1862464130099397,completed,1.2138654009904712,30.532067657137894,15.754752159118652
285,2,1,1.1875,1.1908415520156268,completed,1.2232787139946595,35.77871399465948,20.234432220458984
286,3,1,1.1916666666666667,1.1954762770037632,completed,1.2279151520051528,36.24848533848613,20.209056854248047
287,0,1,1.1958333333333333,1.2000527910131495,dropped_dispatch_late,,,
288,1,0,1.2,1.2000682899961248,completed,1.2325952429964673,32.59524299646732,20.08176040649414
289,2,0,1.2041666666666666,1.2046473899972625,completed,1.2372289760096464,33.06230934297982,15.378175735473633
290,3,0,1.2083333333333333,1.2092565060011111,completed,1.2422797710169107,33.946437683577415,15.477567672729492
291,0,0,1.2125,1.213850653002737,completed,1.2474829459970351,34.982945997035216,33.03667068481445
292,1,1,1.2166666666666666,1.2186883839895017,completed,1.252587223018054,35.920556351387354,20.43814468383789
293,2,1,1.2208333333333332,1.2232715110003483,completed,1.2589436180132907,38.11028467995747,20.682432174682617
294,3,1,1.225,1.227907448017504,completed,1.263560608989792,38.56060898979186,20.477888107299805
295,0,1,1.2291666666666667,1.2325886310136411,completed,1.268404542002827,39.23787533616019,20.499359130859375
296,1,0,1.2333333333333334,1.237221943010809,completed,1.277633545018034,44.30021168470066,20.48396873474121
297,2,0,1.2375,1.2418331230001058,dropped_dispatch_late,,,
298,3,0,1.2416666666666667,1.24184100801358,dropped_queue_full,,,
299,0,0,1.2458333333333333,1.2458966429985594,dropped_queue_full,,,
300,1,1,1.25,1.2501083340030164,dropped_queue_full,,,
301,2,1,1.2541666666666667,1.2543229500006419,completed,1.2822433419933077,28.076675326641045,20.49795150756836
302,3,1,1.2583333333333333,1.258936995989643,completed,1.286832098994637,28.498765661303604,20.477088928222656
303,0,1,1.2625,1.2635530249972362,completed,1.2914315270027146,28.931527002714617,20.495967864990234
304,1,0,1.2666666666666666,1.2683994520048145,completed,1.2960574550088495,29.390788342182894,20.387008666992188
305,2,0,1.2708333333333333,1.2730506079969928,completed,1.3006690460024402,29.835712669106897,20.600191116333008
306,3,0,1.275,1.2776274130155798,completed,1.3052946029929444,30.294602992944508,20.41993522644043
307,0,0,1.2791666666666666,1.2822363890009,completed,1.305283332010731,26.116665344064536,15.817888259887695
308,1,1,1.2833333333333332,1.286824604991125,completed,1.309875055012526,26.541721679192776,15.615519523620605
309,2,1,1.2875,1.2914261769910809,completed,1.3238686190161388,36.36861901613875,20.48303985595703
310,3,1,1.2916666666666667,1.2960511129931547,dropped_dispatch_late,,,
311,0,1,1.2958333333333334,1.2960665019927546,completed,1.3284827150055207,32.64938167218734,20.42416000366211
312,1,0,1.3,1.300662002991885,completed,1.3330648300179746,33.06483001797456,20.502592086791992
313,2,0,1.3041666666666667,1.3052779519930482,completed,1.3376712310127914,33.504564346124695,15.69264030456543
314,3,0,1.3083333333333333,1.3098686329904012,completed,1.3422806170128752,33.947283679541805,30.33852767944336
315,0,0,1.3125,1.314500662003411,completed,1.3468668200075626,34.36682000756264,20.393152236938477
316,1,1,1.3166666666666667,1.3192904219904449,completed,1.3514340560068376,34.767389340170986,20.573152542114258
317,2,1,1.3208333333333333,1.3238615459995344,completed,1.3514430630020797,30.60972966874642,15.75648021697998
318,3,1,1.325,1.3284777349908836,completed,1.3611117920081597,36.111792008159725,20.46940803527832
319,0,1,1.3291666666666666,1.3330582070047967,completed,1.3663232620165218,37.15659534985516,20.499744415283203
320,1,0,1.3333333333333333,1.3376642070070375,dropped_dispatch_late,,,
321,2,0,1.3375,1.3376795160002075,completed,1.3719570850080345,34.45708500803457,20.348831176757812
322,3,0,1.3416666666666666,1.3422731629980262,completed,1.379692590009654,38.025923342987376,15.545984268188477
323,0,0,1.3458333333333332,1.3468615500023589,completed,1.384278812998673,38.44547966533973,15.61731243133545
324,1,1,1.35,1.3514277939975727,completed,1.3871140489936806,37.11404899368054,35.401153564453125
325,2,1,1.3541666666666667,1.3560002610029187,completed,1.3968932470015716,42.72658033490484,20.363359451293945
326,3,1,1.3583333333333334,1.3606151879939716,dropped_queue_full,,,
327,0,1,1.3625,1.3625361070153303,dropped_queue_full,,,
328,1,0,1.3666666666666667,1.3668008889944758,completed,1.4014957309991587,34.829064332491996,10.683008193969727
329,2,0,1.3708333333333333,1.3716276389895938,dropped_queue_full,,,
330,3,0,1.375,1.3751094030158129,completed,1.4015056600037497,26.505660003749654,21.251007080078125
331,0,0,1.3791666666666667,1.3796850859944243,completed,1.4106807600182947,31.514093351628027,26.05523109436035
332,1,1,1.3833333333333333,1.3842734929930884,dropped_queue_full,,,
333,2,1,1.3875,1.3875905949971639,completed,1.415278685017256,27.77868501725611,20.835840225219727
334,3,1,1.3916666666666666,1.3922595040057786,completed,1.4200978399894666,28.431173322799985,20.59129524230957
335,0,1,1.3958333333333333,1.3968862039910164,completed,1.4246570309915114,28.823697658178162,15.693599700927734
336,1,0,1.4,1.4014892280101776,completed,1.4292662279913202,29.26622799132028,27.461536407470703
337,2,0,1.4041666666666666,1.406099676998565,completed,1.438440186000662,34.27351933399536,20.887584686279297
338,3,0,1.4083333333333332,1.4106754300009925,completed,1.443059331009863,34.72599767652973,20.544960021972656
339,0,0,1.4125,1.4152714810043108,completed,1.4430479390139226,30.547939013922498,15.932512283325195
340,1,1,1.4166666666666667,1.4200904759927653,completed,1.4523287499905564,35.66208332388965,20.45267105102539
341,2,1,1.4208333333333334,1.4246518110157922,completed,1.4569305430050008,36.09720967166741,20.43974494934082
342,3,1,1.425,1.4292596649902407,dropped_dispatch_late,,,
343,0,1,1.4291666666666667,1.4292750539898407,completed,1.46156689999043,32.4002333237634,20.406816482543945
344,1,0,1.4333333333333333,1.4338343559938949,completed,1.4661905340035446,32.85720067021125,15.60217571258545
345,2,0,1.4375,1.438433322997298,completed,1.4709079159947578,33.407915994757786,15.670656204223633
346,3,0,1.4416666666666667,1.4430426690087188,completed,1.4759568680019584,34.290201335291705,32.67478561401367
347,0,0,1.4458333333333333,1.4476572560088243,completed,1.481484438991174,35.6511056578408,20.669536590576172
348,1,1,1.45,1.4523224779986776,completed,1.4880684160161763,38.068416016176386,20.66441535949707
349,2,1,1.4541666666666666,1.4569234590162523,completed,1.4916931730112992,37.526506344632615,20.77791976928711
350,3,1,1.4583333333333333,1.4615616300143301,completed,1.5008911160111893,42.55778267785604,20.630495071411133
351,0,1,1.4625,1.4661840120097622,completed,1.5055573910067324,43.057391006732445,20.534847259521484
352,1,0,1.4666666666666666,1.4709009130019695,dropped_dispatch_late,,,
353,2,0,1.4708333333333332,1.4709164620144293,completed,1.5102064030070323,39.373069673699135,15.729567527770996
354,3,0,1.475,1.4756229229969904,dropped_queue_full,,,
355,0,0,1.4791666666666667,1.4792668159934692,dropped_queue_full,,,
356,1,1,1.4833333333333334,1.4833711230021436,completed,1.5148208090104163,31.487475677082877,25.896480560302734
357,2,1,1.4875,1.48806197399972,dropped_queue_full,,,
358,3,1,1.4916666666666667,1.4916866100102197,completed,1.519426579005085,27.759912338418236,20.799936294555664
359,0,1,1.4958333333333333,1.4963025390170515,completed,1.524251736002043,28.41840266870954,20.61187171936035
360,1,0,1.5,1.5008832919993438,completed,1.5288589280098677,28.858928009867668,15.671296119689941
361,2,0,1.5041666666666667,1.5055520210007671,completed,1.5334494690177962,29.28280235112957,25.694944381713867
362,3,0,1.5083333333333333,1.5101994700089563,completed,1.5426111840060912,34.27785067275791,20.80396842956543
363,0,0,1.5125,1.5148144669947214,completed,1.547182979003992,34.682979003991974,20.8154239654541
364,1,1,1.5166666666666666,1.5194190950132906,completed,1.5471926869940944,30.526020327427794,16.021440505981445
365,2,1,1.5208333333333333,1.524246424989542,completed,1.556367015989963,35.53368265662971,20.642208099365234
366,3,1,1.525,1.52885238599265,completed,1.560978346009506,35.978346009506,20.608064651489258
367,0,1,1.5291666666666666,1.5334422849991824,dropped_dispatch_late,,,
368,1,0,1.5333333333333332,1.533457895013271,completed,1.565595908992691,32.26257565935775,20.437599182128906
369,2,0,1.5375,1.538022066000849,completed,1.570197830995312,32.697830995311875,15.621248245239258
370,3,0,1.5416666666666667,1.5426036590069998,completed,1.579449006007053,37.782339340386216,15.695712089538574
371,0,0,1.5458333333333334,1.5471776490157936,completed,1.5802620710164774,34.42873768314403,32.828609466552734
372,1,1,1.55,1.5517757140041795,completed,1.5857453380012885,35.74533800128843,20.67296028137207
373,2,1,1.5541666666666667,1.5563600329915062,completed,1.5909024850116111,36.735818344944434,20.766016006469727
374,3,1,1.5583333333333333,1.560970451013418,completed,1.5963566160062328,38.02328267289945,20.750879287719727
375,0,1,1.5625,1.56558948699967,completed,1.6055640779959504,43.064077995950356,20.753599166870117
376,1,0,1.5666666666666667,1.570190778002143,completed,1.6101772919937503,43.51062532708361,20.538848876953125
377,2,0,1.5708333333333333,1.5747972289973404,completed,1.6148225369979627,43.98920366462944,20.600032806396484
378,3,0,1.575,1.5794413110124879,dropped_dispatch_late,,,
379,0,0,1.5791666666666666,1.5794570810103323,dropped_queue_full,,,
380,1,1,1.5833333333333333,1.5833679510105867,dropped_queue_full,,,
381,2,1,1.5875,1.5876413590158336,dropped_queue_full,,,
382,3,1,1.5916666666666666,1.5916940880124457,completed,1.6194096410181373,27.74297435147077,20.41049575805664
383,0,1,1.5958333333333332,1.5963488210109062,completed,1.6239835800079163,28.1502466745831,20.48931121826172
384,1,0,1.6,1.6009407849924173,completed,1.628806312015513,28.80631201551287,20.509183883666992
385,2,0,1.6041666666666667,1.605558907991508,completed,1.6334050290170126,29.238362350345824,20.615999221801758
386,3,0,1.6083333333333334,1.6101708700007293,completed,1.6380036949994974,29.67036166616399,20.68390464782715
387,0,0,1.6125,1.6148151629895438,completed,1.6471731850178912,34.673185017891186,20.766752243041992
388,1,1,1.6166666666666667,1.6194018959940877,completed,1.6471828630019445,30.5161963352778,15.899423599243164
389,2,1,1.6208333333333333,1.6239782499906141,completed,1.6562979689915664,35.4646356582331,20.88604736328125
390,3,1,1.625,1.628800050006248,completed,1.6609123150119558,35.9123150119558,21.02707290649414
391,0,1,1.6291666666666667,1.6333980050112586,dropped_dispatch_late,,,
392,1,0,1.6333333333333333,1.6334133940108586,completed,1.6655287750181742,32.1954416848409,20.761024475097656
393,2,0,1.6375,1.6379960910126101,completed,1.670202995010186,32.70299501018603,15.920703887939453
394,3,0,1.6416666666666666,1.6425895070133265,completed,1.6748834570171311,33.21679035046454,15.734911918640137
395,0,0,1.6458333333333333,1.6471677040099166,completed,1.6796528279955965,33.819494662263196,32.24515151977539
396,1,1,1.65,1.6517251420009416,completed,1.6848539079946931,34.85390799469323,20.8439998626709
397,2,1,1.6541666666666666,1.6562909460044466,completed,1.690375127014704,36.208460348037484,20.744768142700195
398,3,1,1.6583333333333332,1.6609046510129701,completed,1.69639777901466,38.06444568132683,20.731103897094727
399,0,1,1.6624999999999999,1.6655225139984395,completed,1.7009623199992348,38.462319999234886,20.743743896484375
400,1,0,1.6666666666666667,1.6701957920158748,completed,1.710134104010649,43.46743734398228,20.726112365722656
401,2,0,1.6708333333333334,1.6748759530019015,completed,1.7147421780100558,43.9088446767224,20.70035171508789
402,3,0,1.675,1.6794754810107406,dropped_dispatch_late,,,
403,0,0,1.6791666666666667,1.6794832950108685,dropped_queue_full,,,
404,1,1,1.6833333333333333,1.6834246230137069,dropped_queue_full,,,
405,2,1,1.6875,1.6875324970169459,dropped_queue_full,,,
406,3,1,1.6916666666666667,1.6917960669961758,completed,1.71931686901371,27.650202347043297,20.68822479248047
407,0,1,1.6958333333333333,1.696390283992514,completed,1.7239163570047822,28.08302367144888,20.74083137512207
408,1,0,1.7,1.7009569700167049,completed,1.7285185999935493,28.51859999354933,20.75312042236328
409,2,0,1.7041666666666666,1.7055396359937731,completed,1.7336878200003412,29.521153333674555,20.74892807006836
410,3,0,1.7083333333333333,1.7101275309978519,completed,1.7383021959976759,29.968862664342623,20.759071350097656
411,0,0,1.7125,1.7147351450112183,completed,1.7429006320016924,30.400632001692518,20.819263458251953
412,1,1,1.7166666666666666,1.7193093950045295,completed,1.742910100001609,26.243433334942388,15.992863655090332
413,2,1,1.7208333333333332,1.7239110270165838,completed,1.7567056480038445,35.87231467051133,20.564735412597656
414,3,1,1.7249999999999999,1.7285122080065776,completed,1.7613252240116708,36.32522401167093,20.785375595092773
415,0,1,1.7291666666666667,1.7336806660168804,dropped_dispatch_late,,,
416,1,0,1.7333333333333334,1.733696395996958,completed,1.7659371249901596,32.60379165682625,20.62758445739746
417,2,0,1.7375,1.7382947519945446,completed,1.770579986012308,33.079986012307884,15.853631973266602
418,3,0,1.7416666666666667,1.7428952420013957,completed,1.7751971269899514,33.53046032328466,15.661120414733887
419,0,0,1.7458333333333333,1.7475510060030501,completed,1.7798119840153959,33.978650682062515,31.234176635742188
420,1,1,1.75,1.7521333920012694,completed,1.7844268710177857,34.42687101778574,20.626047134399414
421,2,1,1.7541666666666667,1.7566985549929086,completed,1.7938524770142976,39.68581034763097,20.740896224975586
422,3,1,1.7583333333333333,1.761317558994051,completed,1.7946622259914875,36.3288926581542,20.71401596069336
423,0,1,1.7625,1.7659309640002903,completed,1.799956292990828,37.456292990827976,20.772512435913086
424,1,0,1.7666666666666666,1.7705727019929327,completed,1.8088488770008553,42.182210334188674,20.791776657104492
425,2,0,1.7708333333333333,1.7751895830151625,dropped_dispatch_late,,,
426,3,0,1.775,1.7752049220143817,completed,1.813436532014748,38.43653201474817,15.9202241897583
427,0,0,1.7791666666666666,1.7798066440154798,completed,1.8180194880114868,38.85282134482026,15.909952163696289
428,1,1,1.7833333333333332,1.784420329000568,completed,1.8226229540014174,39.28962066808417,15.743424415588379
429,2,1,1.7874999999999999,1.789236548007466,completed,1.829604386992287,42.104386992287026,36.46380615234375
430,3,1,1.7916666666666667,1.7938453239912633,dropped_queue_full,,,
431,0,1,1.7958333333333334,1.795898334006779,dropped_queue_full,,,
432,1,0,1.8,1.800118231010856,dropped_queue_full,,,
433,2,0,1.8041666666666667,1.804214192001382,completed,1.8344231210066937,30.256454340026995,6.10207986831665
434,3,0,1.8083333333333333,1.8088425240130164,completed,1.8344322179909796,26.098884657646202,21.922943115234375
435,0,0,1.8125,1.8134288970031776,completed,1.8390252540120855,26.525254012085497,21.63737678527832
436,1,1,1.8166666666666667,1.8180139680043794,completed,1.848176780011272,31.510113344605408,26.635391235351562
437,2,1,1.8208333333333333,1.8226165219966788,dropped_queue_full,,,
438,3,1,1.825,1.8250035770179238,completed,1.8573416600120254,32.34166001202543,20.595584869384766
439,0,1,1.8291666666666666,1.8295971330080647,completed,1.862152079003863,32.98541233719643,20.568031311035156
440,1,0,1.8333333333333333,1.8344161380082369,completed,1.8667540420137811,33.42070868044789,15.823712348937988
441,2,0,1.8375,1.839020164014073,completed,1.8713563850033097,33.85638500330978,29.61440086364746
442,3,0,1.8416666666666666,1.8436071989999618,completed,1.8759933740075212,34.32670734085463,20.671743392944336
443,0,0,1.8458333333333332,1.8481703370052855,completed,1.8805666019907221,34.733268657388905,20.879743576049805
444,1,1,1.8499999999999999,1.8527470020053443,completed,1.8805760699906386,30.57606999063878,16.03571128845215
445,2,1,1.8541666666666667,1.8573341759911273,completed,1.8897046420024708,35.53797533580405,20.710752487182617
446,3,1,1.8583333333333334,1.8621466690092348,completed,1.895115932013141,36.7825986798076,20.689407348632812
447,0,1,1.8625,1.8667478400166146,dropped_dispatch_late,,,
448,1,0,1.8666666666666667,1.8667629380070139,completed,1.9006490930041764,33.98242633750969,20.5347843170166
449,2,0,1.8708333333333333,1.8713494719995651,completed,1.9055366690154187,34.70333568208539,15.60812759399414
450,3,0,1.875,1.8759858300036285,completed,1.912974528997438,37.97452899743803,15.661888122558594
451,0,0,1.8791666666666667,1.880561422003666,completed,1.9161144639947452,36.947797328078515,35.29555130004883
452,1,1,1.8833333333333333,1.8851364229922183,completed,1.9213417840073816,38.00845067404835,20.68169593811035
453,2,1,1.8875,1.8896974379895255,completed,1.9305647049914114,43.06470499141146,20.878175735473633
454,3,1,1.8916666666666666,1.8945046410080977,dropped_queue_full,,,
455,0,1,1.8958333333333333,1.8959089679992758,completed,1.9354089180123992,39.57558467906597,15.793951988220215
456,1,0,1.9,1.9004751330066938,dropped_queue_full,,,
457,2,0,1.9041666666666666,1.9042659040133003,dropped_queue_full,,,
458,3,0,1.9083333333333332,1.9083705820085015,completed,1.940005631011445,31.67229767811186,25.958688735961914
459,0,0,1.9124999999999999,1.9129668140085414,dropped_queue_full,,,
460,1,1,1.9166666666666667,1.91674961001263,completed,1.9445938970020507,27.92723033538391,20.696672439575195
461,2,1,1.9208333333333334,1.92133523200755,completed,1.9491699910140596,28.33665768072624,20.700288772583008
462,3,1,1.925,1.9259275660151616,completed,1.9537659719935618,28.76597199356179,15.667327880859375
463,0,1,1.9291666666666667,1.9305574010068085,completed,1.9583753590122797,29.208692345612963,25.617631912231445
464,1,0,1.9333333333333333,1.935403587995097,completed,1.9629799860122148,29.646652678881445,20.65235137939453
465,2,0,1.9375,1.9399979560112115,completed,1.9721922370081302,34.69223700813018,20.64316749572754
466,3,0,1.9416666666666667,1.944587464997312,completed,1.9722020259941928,30.53535932752616,15.722111701965332
467,0,0,1.9458333333333333,1.9491630069969688,completed,1.9813635699974839,35.530236664150564,20.458879470825195
468,1,1,1.95,1.953757865994703,completed,1.9859630080172792,35.96300801727925,20.4800968170166
469,2,1,1.9541666666666666,1.958369878004305,dropped_dispatch_late,,,
470,3,1,1.9583333333333333,1.9583849869959522,completed,1.9905737370136194,32.240403680286136,20.425247192382812
471,0,1,1.9625,1.9629733230103739,completed,1.9951771720079705,32.6771720079706,15.569120407104492
472,1,0,1.9666666666666666,1.9675716290075798,completed,1.9999941739952192,33.327507328552606,15.585344314575195
473,2,0,1.9708333333333332,1.972185063001234,completed,2.004590996017214,33.757662683880696,31.86649513244629
474,3,0,1.9749999999999999,1.9767795719963033,completed,2.009700012014946,34.700012014946104,20.288192749023438
475,0,0,1.9791666666666667,1.9813582700153347,completed,2.014586926001357,35.42025933469017,20.288000106811523
476,1,1,1.9833333333333334,1.9859566160012037,completed,2.02141104999464,38.07771666130666,20.33580780029297
477,2,1,1.9875,1.9905662329983898,completed,2.024745745002292,37.245745002292054,20.356447219848633
478,3,1,1.9916666666666667,1.9951719419914298,completed,2.0342964390001725,42.62977233350584,20.409984588623047
479,0,1,1.9958333333333333,1.9999879320093896,completed,2.0391834730107803,43.35013967744694,20.511743545532227
480,1,0,2.0,2.0045839230006095,dropped_dispatch_late,,,
481,2,0,2.0041666666666664,2.004599061998306,completed,2.043787880014861,39.62121334819457,15.68671989440918
482,3,0,2.0083333333333333,2.0092073359992355,dropped_queue_full,,,
483,0,0,2.0125,2.0125273629964795,dropped_queue_full,,,
484,1,1,2.0166666666666666,2.016797535994556,completed,2.048413326992886,31.746660326219533,25.642528533935547
485,2,1,2.0208333333333335,2.0214048479974736,dropped_queue_full,,,
486,3,1,2.025,2.0250646710046567,completed,2.0529859439993743,27.985943999374374,20.40880012512207
487,0,1,2.029166666666667,2.0296705609944183,completed,2.0575664860079996,28.399819341332844,20.439327239990234
488,1,0,2.033333333333333,2.0342888649902306,completed,2.0621777859923895,28.84445265905633,15.588224411010742
489,2,0,2.0375,2.039177983009722,completed,2.0668013300164603,29.30133001646018,25.388320922851562
490,3,0,2.0416666666666665,2.043781017011497,completed,2.0714251440076623,29.758477340995793,20.558847427368164
491,0,0,2.0458333333333334,2.0484071359969676,completed,2.080583122005919,34.7497886725856,20.565216064453125
492,1,1,2.05,2.0529786300030537,completed,2.080592920014169,30.592920014169245,15.735103607177734
493,2,1,2.0541666666666667,2.057561135996366,completed,2.089777729008347,35.611062341680096,20.457855224609375
494,3,1,2.058333333333333,2.0621713339933194,completed,2.0944081860070582,36.07485267372512,20.466304779052734
495,0,1,2.0625,2.0667946170142386,dropped_dispatch_late,,,
496,1,0,2.0666666666666664,2.066809404990636,completed,2.0992325010010973,32.56583433443083,20.363679885864258
497,2,0,2.0708333333333333,2.0714172890002374,completed,2.1038147160143126,32.98138268097928,15.678624153137207
498,3,0,2.075,2.0760143520019483,completed,2.1084134620032273,33.413462003227146,15.78172779083252
499,0,0,2.0791666666666666,2.0805776710039936,completed,2.1130106759956107,33.84400932894405,32.1195182800293
500,1,1,2.0833333333333335,2.085166778997518,completed,2.1183603790123016,35.02704567896808,20.622623443603516
501,2,1,2.0875,2.0897705650131684,completed,2.125442673015641,37.942673015641134,20.767168045043945
502,3,1,2.091666666666667,2.0944007319922093,completed,2.128746399015654,37.07973234898709,20.722688674926758
503,0,1,2.095833333333333,2.0992262689978816,completed,2.1380670060170814,42.233672683748225,20.732831954956055
504,1,0,2.1,2.103807803010568,completed,2.1429265979968477,42.92659799684762,20.773151397705078
505,2,0,2.1041666666666665,2.1084060080174822,dropped_dispatch_late,,,
506,3,0,2.1083333333333334,2.1084214170114137,completed,2.1475638179981615,39.23048466482815,15.648256301879883
507,0,0,2.1125,2.11300519501674,completed,2.1521469250146765,39.646925014676704,15.713919639587402
508,1,1,2.1166666666666667,2.1175516119983513,dropped_queue_full,,,
509,2,1,2.120833333333333,2.1208436860179063,completed,2.1567189400084317,35.88560667509854,31.19772720336914
510,3,1,2.125,2.1254356499994174,dropped_queue_full,,,
511,0,1,2.1291666666666664,2.1292252690182067,dropped_queue_full,,,
512,1,0,2.1333333333333333,2.1334244970057625,completed,2.1613375339948107,28.004200661477352,20.69980812072754
513,2,0,2.1375,2.1380615560046863,completed,2.165918707003584,28.418707003583954,10.883392333984375
514,3,0,2.1416666666666666,2.1429199150006752,completed,2.1750814839906525,33.41481732398588,26.1474552154541
515,0,0,2.1458333333333335,2.147556253010407,completed,2.1796785879996605,33.84525466632704,26.1362247467041
516,1,1,2.15,2.1521413839946035,completed,2.1842663430143148,34.266343014314856,20.869983673095703
517,2,1,2.154166666666667,2.1567121370171662,completed,2.1888651699991897,34.69850333252289,20.435680389404297
518,3,1,2.158333333333333,2.1613312420086004,completed,2.1888742269948125,30.540893661479274,15.824640274047852
519,0,1,2.1625,2.165911584015703,completed,2.1980785129999276,35.57851299992754,20.451295852661133
520,1,0,2.1666666666666665,2.17048847899423,completed,2.202689753001323,36.023086334656455,20.54047966003418
521,2,0,2.1708333333333334,2.175074080005288,dropped_dispatch_late,,,
522,3,0,2.175,2.175089519994799,completed,2.207330269011436,32.33026901143621,20.396928787231445
523,0,0,2.1791666666666667,2.1796732880175114,completed,2.216509837016929,37.34317035026224,15.483776092529297
524,1,1,2.183333333333333,2.1842599709925707,completed,2.2210812020057347,37.74786867240154,15.558688163757324
525,2,1,2.1875,2.1888584769912995,completed,2.222369229013566,34.86922901356593,33.26902389526367
526,3,1,2.1916666666666664,2.193483793991618,completed,2.2277438589953817,36.07719232871531,20.328479766845703
527,0,1,2.1958333333333333,2.1980731220101006,completed,2.232793933013454,36.96059968012078,20.547199249267578
528,1,0,2.2,2.202683420997346,completed,2.238056130008772,38.05613000877184,20.524991989135742
529,2,0,2.2041666666666666,2.2073225640051533,completed,2.2475012429931667,43.33457632650006,20.542015075683594
530,3,0,2.2083333333333335,2.2119106799946167,completed,2.252316290017916,43.982956684582405,20.495487213134766
531,0,0,2.2125,2.2165043470158707,completed,2.2569189539935905,44.418953993590634,20.55366325378418
532,1,1,2.216666666666667,2.221074770000996,dropped_dispatch_late,,,
533,2,1,2.220833333333333,2.2210902090009768,dropped_queue_full,,,
534,3,1,2.225,2.225053458008915,dropped_queue_full,,,
535,0,1,2.2291666666666665,2.229322778992355,dropped_queue_full,,,
536,1,0,2.2333333333333334,2.2334249220148195,completed,2.2615393720043357,28.206038671002354,20.54515266418457
537,2,0,2.2375,2.2380497379926965,completed,2.2661344509979244,28.63445099792461,20.57267189025879
538,3,0,2.2416666666666667,2.2426529730146285,completed,2.2707260939932894,29.0594273266227,20.45305633544922
539,0,0,2.245833333333333,2.247493978997227,completed,2.2753298100142274,29.49647668089428,20.608768463134766
540,1,1,2.25,2.2523088960151654,completed,2.279907716991147,29.907716991147026,20.38697624206543
541,2,1,2.2541666666666664,2.256913593999343,completed,2.284500000998378,30.33333433171137,20.478784561157227
542,3,1,2.2583333333333333,2.2615330500120763,completed,2.289095070998883,30.76173766554957,15.65993595123291
543,0,1,2.2625,2.2661272679979447,completed,2.2982601420080755,35.76014200807531,20.35590362548828
544,1,0,2.2666666666666666,2.2707184700120706,completed,2.3028426170058083,36.17595033914167,20.38470458984375
545,2,0,2.2708333333333335,2.275324610003736,dropped_dispatch_late,,,
546,3,0,2.275,2.27533975901315,completed,2.3074370860122144,32.43708601221451,20.227968215942383
547,0,0,2.279166666666667,2.27990113501437,completed,2.3120360129978508,32.86934633118399,15.56719970703125
548,1,1,2.283333333333333,2.2844924270175397,completed,2.316671167995082,33.337834661749,15.530143737792969
549,2,1,2.2875,2.289087967015803,completed,2.321306424011709,33.80642401170908,31.18988800048828
550,3,1,2.2916666666666665,2.2936851610138547,completed,2.3259109609934967,34.244294326830186,20.499296188354492
551,0,1,2.2958333333333334,2.2982547619903926,completed,2.3310311080131214,35.19777467978802,20.406015396118164
552,1,0,2.3,2.302836335002212,completed,2.337964459991781,37.96445999178122,20.589088439941406
553,2,0,2.3041666666666667,2.3074297819985077,completed,2.3412737869948614,37.10712032819474,20.628896713256836
554,3,0,2.308333333333333,2.3120308330107946,completed,2.3505094420106616,42.17610867732846,20.618783950805664
555,0,0,2.3125,2.316664876008872,completed,2.355318838992389,42.81883899238892,20.701152801513672
556,1,1,2.3166666666666664,2.3212992399930954,dropped_dispatch_late,,,
557,2,1,2.3208333333333333,2.3213148300128523,completed,2.3599421420076396,39.10880867430633,15.819808006286621
558,3,1,2.325,2.325903217017185,completed,2.3645742009975947,39.574200997594566,15.644319534301758
559,0,1,2.3291666666666666,2.330539704998955,dropped_queue_full,,,
560,1,0,2.3333333333333335,2.3333688589918893,completed,2.3691782480163965,35.84491468306305,31.154560089111328
561,2,0,2.3375,2.3379577469895594,dropped_queue_full,,,
562,3,0,2.341666666666667,2.3417499210045207,dropped_queue_full,,,
563,0,0,2.345833333333333,2.345896028011339,completed,2.373792844999116,27.9595116657827,20.56608009338379
564,1,1,2.35,2.350501898006769,completed,2.3783944160095416,28.394416009541512,10.808575630187988
565,2,1,2.3541666666666665,2.3553134690155275,completed,2.387543507007649,33.37684034098265,25.868671417236328
566,3,1,2.3583333333333334,2.359934908017749,completed,2.3921541160088964,33.82078267556299,26.17804718017578
567,0,1,2.3625,2.3645665670046583,completed,2.3967743440007325,34.274344000732704,20.943456649780273
568,1,0,2.3666666666666667,2.3691719160124194,completed,2.401381264993688,34.71459832702139,20.450143814086914
569,2,0,2.370833333333333,2.3737875950173475,completed,2.401390553015517,30.557219682183945,15.863264083862305
570,3,0,2.375,2.3783878440153785,completed,2.410689848999027,35.68984899902716,18.86092758178711
571,0,0,2.3791666666666664,2.382982212002389,completed,2.4154211379936896,36.2544713270232,20.578752517700195
572,1,1,2.3833333333333333,2.387536785012344,dropped_dispatch_late,,,
573,2,1,2.3875,2.387551802996313,completed,2.420099354989361,32.59935498936084,20.534143447875977
574,3,1,2.3916666666666666,2.392146552010672,completed,2.4293625229911413,37.6958563244747,15.618144035339355
575,0,1,2.3958333333333335,2.3967689530109055,completed,2.430018689017743,34.18535568440939,15.678303718566895
576,1,0,2.4,2.4013748730067164,completed,2.4352174150117207,35.21741501172082,33.57241439819336
577,2,0,2.404166666666667,2.406016360997455,completed,2.4405873969953973,36.4207303287305,20.51260757446289
578,3,0,2.408333333333333,2.410681914014276,completed,2.4463444740104023,38.01114067706912,20.5053768157959
579,0,0,2.4125,2.415415657014819,completed,2.4511413470027037,38.64134700270361,20.590848922729492
580,1,1,2.4166666666666665,2.420092301996192,completed,2.4558766830014065,39.210016334739976,20.363967895507812
581,2,1,2.4208333333333334,2.4246972000109963,completed,2.4651391789957415,44.30584566240814,20.50761604309082
582,3,1,2.425,2.4293550080037676,dropped_dispatch_late,,,
583,0,1,2.4291666666666667,2.429370427998947,dropped_queue_full,,,
584,1,0,2.433333333333333,2.433475936995819,dropped_queue_full,,,
585,2,0,2.4375,2.437583170016296,dropped_queue_full,,,
586,3,0,2.4416666666666664,2.4416940190130845,completed,2.4697634339972865,28.096767330620054,20.44803237915039
587,0,0,2.4458333333333333,2.446337119996315,completed,2.474389581999276,28.55624866594253,20.4715518951416
588,1,1,2.45,2.451136387011502,completed,2.4790124249993823,29.01242499938217,20.650527954101562
589,2,1,2.4541666666666666,2.455870209989371,completed,2.483582827000646,29.416160333979313,20.526655197143555
590,3,1,2.4583333333333335,2.4605063080089167,completed,2.488178207015153,29.84487368181954,20.564640045166016
591,0,1,2.4625,2.465132115990855,completed,2.492768938012887,30.26893801288688,20.582752227783203
592,1,0,2.466666666666667,2.469755889993394,completed,2.4927789980138186,26.11233134715185,15.791135787963867
593,2,0,2.470833333333333,2.4743842119933106,completed,2.5065044320072047,35.671098673871526,15.805888175964355
594,3,0,2.475,2.4790058319922537,completed,2.5111149110016413,36.11491100164122,20.40425682067871
595,0,0,2.4791666666666665,2.483575774007477,dropped_dispatch_late,,,
596,1,1,2.4833333333333334,2.4835909829998855,completed,2.5157212220074143,32.38788867408093,20.390047073364258
597,2,1,2.4875,2.4881706930173095,completed,2.5202995389990974,32.7995389990976,15.751296043395996
598,3,1,2.4916666666666667,2.4927634980122093,completed,2.5249405459908303,33.27387932416359,15.793503761291504
599,0,1,2.495833333333333,2.4973570950096473,completed,2.5295293840172235,33.69605068389036,30.999103546142578
600,1,0,2.5,2.5019182600080967,completed,2.5341303549939767,34.13035499397665,20.811071395874023
601,2,0,2.5041666666666664,2.506497369002318,completed,2.5391954770020675,35.02881033540106,20.803871154785156
602,3,0,2.5083333333333333,2.5111074169981293,completed,2.5462886820023414,37.955348669008075,20.77008056640625
603,0,0,2.5125,2.515714709996246,completed,2.5494809770025313,36.98097700253111,20.796096801757812
604,1,1,2.5166666666666666,2.520292305998737,completed,2.558973890991183,42.30722432451639,20.613887786865234
605,2,1,2.5208333333333335,2.524933052016422,completed,2.5635785589984152,42.74522566508176,20.638208389282227
606,3,1,2.525,2.529524094017688,dropped_dispatch_late,,,
607,0,1,2.529166666666667,2.5295391929976176,completed,2.568223782989662,39.057116322995356,15.7807035446167
608,1,0,2.533333333333333,2.534123752004234,completed,2.572885349014541,39.55201568120792,15.784928321838379
609,2,0,2.5375,2.5387017390166875,dropped_queue_full,,,
610,3,0,2.5416666666666665,2.54168454601313,completed,2.5775217970076483,35.85513034098176,31.277376174926758
611,0,0,2.5458333333333334,2.546280887007015,dropped_queue_full,,,
612,1,1,2.55,2.5501089000026695,dropped_queue_full,,,
613,2,1,2.5541666666666667,2.554223215993261,completed,2.5821427360060625,27.97606933939578,20.73219108581543
614,3,1,2.558333333333333,2.5589673180074897,completed,2.5866939020052087,28.36056867187553,10.912927627563477
615,0,1,2.5625,2.5635716149990913,completed,2.5958697629976086,33.36976299760863,26.104352951049805
616,1,0,2.5666666666666664,2.5682185530022252,completed,2.6004527900076937,33.78612334102726,26.323455810546875
617,2,0,2.5708333333333333,2.5728786860127,completed,2.6050666350056417,34.23330167230843,21.087360382080078
618,3,0,2.575,2.5775144929939415,completed,2.6097107279929332,34.710727992933066,20.638431549072266
619,0,0,2.5791666666666666,2.5821358220127877,completed,2.6096994660038035,30.53279933713693,16.07360076904297
620,1,1,2.5833333333333335,2.586686668015318,completed,2.618928539013723,35.59520568038943,20.766176223754883
621,2,1,2.5875,2.591294181009289,completed,2.6235726219892967,36.072621989296834,20.823999404907227
622,3,1,2.591666666666667,2.595864253002219,dropped_dispatch_late,,,
623,0,1,2.595833333333333,2.595880364009645,completed,2.6328216629917733,36.98832965844012,20.64908790588379
624,1,0,2.6,2.600446408003336,completed,2.6374700530141126,37.47005301411255,15.711711883544922
625,2,0,2.6041666666666665,2.6050595820124727,completed,2.642068860004656,37.9021933379895,15.725152015686035
626,3,0,2.6083333333333334,2.6096940360148437,completed,2.644117782008834,35.78444867550079,34.15631866455078
627,0,0,2.6125,2.614311176992487,completed,2.6495360860135406,37.0360860135408,20.691455841064453
628,1,1,2.6166666666666667,2.6189221070089843,completed,2.6594350910163485,42.76842434968175,20.653919219970703
629,2,1,2.620833333333333,2.6235654480115045,completed,2.664067692006938,43.23435867360503,20.71446418762207
630,3,1,2.625,2.6281984400120564,completed,2.668659776012646,43.659776012646034,20.650463104248047
631,0,1,2.6291666666666664,2.6328163320140447,completed,2.6732625500008,44.09588333413339,20.576223373413086
632,1,0,2.6333333333333333,2.637463621009374,completed,2.6779002399998717,44.5669066665384,20.610336303710938
633,2,0,2.6375,2.6420619869895745,dropped_dispatch_late,,,
634,3,0,2.6416666666666666,2.6420771059929393,dropped_queue_full,,,
635,0,0,2.6458333333333335,2.6458566760120448,dropped_queue_full,,,
636,1,1,2.65,2.650014254002599,dropped_queue_full,,,
637,2,1,2.654166666666667,2.654266051016748,completed,2.682519546011463,28.352879344796023,20.651840209960938
638,3,1,2.658333333333333,2.6594285890168976,completed,2.6871642190089915,28.83088567565828,20.632831573486328
639,0,1,2.6625,2.664060839015292,completed,2.691797020001104,29.297020001104013,20.69487953186035
640,1,0,2.6666666666666665,2.668651921005221,completed,2.6964232390164398,29.756572349773247,20.636383056640625
641,2,0,2.6708333333333334,2.6732571700122207,completed,2.70560636499431,34.77303166097645,20.631135940551758
642,3,0,2.675,2.677893807995133,completed,2.7056158530176617,30.615853017661898,15.878463745117188
643,0,0,2.6791666666666667,2.6825125830073375,completed,2.7148151689907536,35.64850232408689,20.7325439453125
644,1,1,2.683333333333333,2.6871565350156743,completed,2.719417471991619,36.084138658285966,20.76335906982422
645,2,1,2.6875,2.6917915900121443,dropped_dispatch_late,,,
646,3,1,2.6916666666666664,2.691806868999265,completed,2.724025456001982,32.35878933531566,20.730079650878906
647,0,1,2.6958333333333333,2.6964166469988413,completed,2.728647878015181,32.81454468184775,15.882080078125
648,1,0,2.7,2.701006827002857,completed,2.7332524649973493,33.25246499734913,15.930527687072754
649,2,0,2.7041666666666666,2.705599131004419,completed,2.7383985510095954,34.23188434292879,32.49398422241211
650,3,0,2.7083333333333335,2.71023039901047,completed,2.743588801997248,35.2554686639146,20.939712524414062
651,0,0,2.7125,2.7148100289923605,completed,2.7490122549934313,36.512254993431355,20.878047943115234
652,1,1,2.716666666666667,2.719411210011458,completed,2.754750085005071,38.08341833840423,20.827007293701172
653,2,1,2.720833333333333,2.7240179420041386,completed,2.759591351990821,38.758018657487625,20.770431518554688
654,3,1,2.725,2.7286426080099773,completed,2.7688159169920254,43.815916992025365,20.72640037536621
655,0,1,2.7291666666666665,2.7332457220181823,completed,2.7734282489982434,44.26158233157685,20.705888748168945
656,1,0,2.7333333333333334,2.7379026190028526,dropped_dispatch_late,,,
657,2,0,2.7375,2.7379106750013307,dropped_queue_full,,,
658,3,0,2.7416666666666667,2.7416862370155286,dropped_queue_full,,,
659,0,0,2.745833333333333,2.7459510390181094,dropped_queue_full,,,
660,1,1,2.75,2.750109368993435,completed,2.7780906060070265,28.09060600702651,20.714847564697266
661,2,1,2.7541666666666664,2.754743742989376,completed,2.7827197500155307,28.553083348864305,20.769472122192383
662,3,1,2.7583333333333333,2.7595842590089887,completed,2.7873566990019754,29.023365668642054,20.772735595703125
663,0,1,2.7625,2.76420292299008,completed,2.7920053109992296,29.505310999229373,20.69126319885254
664,1,0,2.7666666666666666,2.7688083320099395,completed,2.79658906799159,29.92240132492352,20.618080139160156
665,2,0,2.7708333333333335,2.7734227380133234,completed,2.801186062017223,30.352728683889385,20.62188720703125
666,3,0,2.775,2.7780839129991364,completed,2.801195590000134,26.19559000013405,15.844544410705566
667,0,0,2.779166666666667,2.7827128969947807,completed,2.8150115460157394,35.844879349072656,20.53673553466797
668,1,1,2.783333333333333,2.7873492749931756,completed,2.819612827996025,36.27949466269165,20.56438446044922
669,2,1,2.7875,2.7920000909944065,dropped_dispatch_late,,,
670,3,1,2.7916666666666665,2.7920149989950005,completed,2.8242509590054397,32.58429233877314,20.489599227905273
671,0,1,2.7958333333333334,2.7965827560110483,completed,2.8288481020135805,33.01476868024711,15.714847564697266
672,1,0,2.8,2.801178877998609,completed,2.833468630007701,33.46863000770117,15.679424285888672
673,2,0,2.8041666666666667,2.805830675002653,completed,2.838168788992334,34.00212232566746,31.368736267089844
674,3,0,2.808333333333333,2.810420455003623,completed,2.842773276992375,34.4399436590419,20.631328582763672
675,0,0,2.8125,2.815006265998818,completed,2.85223161499016,39.73161499015987,20.631040573120117
676,1,1,2.8166666666666664,2.8196060250047594,completed,2.8530444590141997,36.377792347533244,20.64352035522461
677,2,1,2.8208333333333333,2.8242431039980147,completed,2.8583333769929595,37.50004365962623,20.680095672607422
678,3,1,2.825,2.8288426020008046,completed,2.8672394060122315,42.239406012231306,20.88172721862793
679,0,1,2.8291666666666666,2.8334623980044853,dropped_dispatch_late,,,
680,1,0,2.8333333333333335,2.833479149994673,completed,2.871868059010012,38.53472567667859,15.89408016204834
681,2,0,2.8375,2.8381616760161705,completed,2.8764697310107294,38.96973101072953,15.75875186920166
682,3,0,2.841666666666667,2.842765462002717,completed,2.88105956101208,39.392894345413154,15.774880409240723
683,0,0,2.845833333333333,2.847417820012197,completed,2.888033800001722,42.200466668388614,36.49951934814453
684,1,1,2.85,2.8522262549959123,dropped_queue_full,,,
685,2,1,2.8541666666666665,2.854267071990762,dropped_queue_full,,,
686,3,1,2.8583333333333334,2.8584945230104495,dropped_queue_full,,,
687,0,1,2.8625,2.86263335600961,completed,2.8926292300166097,30.12923001660983,6.02294397354126
688,1,0,2.8666666666666667,2.867231892014388,completed,2.892638898018049,25.97223135138238,21.88697624206543
689,2,0,2.870833333333333,2.871861527004512,completed,2.897274885996012,26.44155266267889,21.629600524902344
690,3,0,2.875,2.876462457003072,completed,2.906440648017451,31.440648017451167,26.296703338623047
691,0,0,2.8791666666666664,2.8810519959952217,dropped_queue_full,,,
692,1,1,2.8833333333333333,2.8834246039914433,completed,2.915622902015457,32.28956868212363,20.381248474121094
693,2,1,2.8875,2.8880284200131427,completed,2.9202246440108865,32.72464401088637,20.31395149230957
694,3,1,2.8916666666666666,2.892623790015932,completed,2.924804665002739,33.13799833607245,15.654911994934082
695,0,1,2.8958333333333335,2.897268542990787,completed,2.9294092830095906,33.575949676257096,29.276607513427734
696,1,0,2.9,2.901867951004533,completed,2.9340083799907006,34.00837999070072,20.436416625976562
697,2,0,2.904166666666667,2.90643312400789,completed,2.938603499002056,34.43683233538941,20.67251205444336
698,3,0,2.908333333333333,2.9110263100010343,completed,2.9432444460107945,34.911112677461276,20.606239318847656
699,0,0,2.9125,2.915616370009957,completed,2.9432330839917995,30.733083991799415,15.90937614440918
700,1,1,2.9166666666666665,2.9202178010018542,completed,2.952869261003798,36.20259433713136,20.578304290771484
701,2,1,2.9208333333333334,2.924797131010564,completed,2.957903403992532,37.07007065919843,20.546527862548828
702,3,1,2.925,2.929404013004387,dropped_dispatch_late,,,
703,0,1,2.9291666666666667,2.9294190109940246,completed,2.9634882940154057,34.321627348739,20.535903930664062
704,1,0,2.933333333333333,2.9340018370130565,completed,2.9715890329971444,38.25569966381126,15.452896118164062
705,2,0,2.9375,2.938596576015698,completed,2.976181648002239,38.681648002238944,15.66528034210205
706,3,0,2.9416666666666664,2.9432275840081275,completed,2.9788521410082467,37.18547434158026,35.3485107421875
707,0,0,2.9458333333333333,2.94786597599159,completed,2.9883362789987586,42.502945665425344,20.568992614746094
708,1,1,2.95,2.9526945289981086,dropped_queue_full,,,
709,2,1,2.9541666666666666,2.954267016000813,dropped_queue_full,,,
710,3,1,2.9583333333333335,2.958379588992102,completed,2.9929438320104964,34.61049867716292,10.775967597961426
711,0,1,2.9625,2.962999134993879,dropped_queue_full,,,
712,1,0,2.966666666666667,2.9667401619954035,completed,2.9929329710139427,26.26630434727595,21.44175910949707
713,2,0,2.970833333333333,2.971582952013705,completed,3.0021485179895535,31.315184656220296,25.96950340270996
714,3,0,2.975,2.976174665003782,dropped_queue_full,,,
715,0,0,2.9791666666666665,2.9791712579899468,completed,3.006771240005037,27.604573338370297,20.61903953552246
716,1,1,2.9833333333333334,2.983753993990831,completed,3.0113722310052253,28.038897671891938,20.28668785095215
717,2,1,2.9875,2.98833135899622,completed,3.0159802949929144,28.4802949929146,15.56332778930664
718,3,1,2.9916666666666667,2.992926659004297,completed,3.020583230012562,28.91656334589543,27.250879287719727
719,0,1,2.995833333333333,2.997537287999876,completed,3.029786874016281,33.95354068294809,20.49990463256836
720,1,0,3.0,3.0021411950001493,completed,3.0343635890167207,34.36358901672065,20.336223602294922
721,2,0,3.0041666666666664,3.0067659899941646,completed,3.0389896070118994,34.82294034523292,20.373823165893555
722,3,0,3.0083333333333333,3.011365979007678,completed,3.0389988450042438,30.665511670910472,15.78707218170166
723,0,0,3.0125,3.0159730710147414,completed,3.048215153015917,35.71515301591699,20.492704391479492
724,1,1,3.0166666666666666,3.0205753949994687,completed,3.053041422012029,36.37475534536261,20.512928009033203
725,2,1,3.0208333333333335,3.0251891000079922,dropped_dispatch_late,,,
726,3,1,3.025,3.0251971450052224,completed,3.0576664679974783,32.66646799747841,20.333023071289062
727,0,1,3.029166666666667,3.0297816740057897,completed,3.062296805001097,33.130138334430015,15.45468807220459
728,1,0,3.033333333333333,3.034357026015641,completed,3.067211251007393,33.87791767405979,15.565088272094727
729,2,0,3.0375,3.038982483994914,completed,3.0722092860087287,34.70928600872858,32.98828887939453
730,3,0,3.0416666666666665,3.043593623006018,completed,3.077271042013308,35.60437534664152,20.36639976501465
731,0,0,3.0458333333333334,3.048209853004664,completed,3.0839324569969904,38.099123663656975,20.592992782592773
732,1,1,3.05,3.0530350299959537,completed,3.088515964016551,38.51596401655133,20.516704559326172
733,2,1,3.0541666666666667,3.0576588840049226,completed,3.0931457900151145,38.97912334844777,20.61337661743164
734,3,1,3.058333333333333,3.062291323993122,completed,3.102357590018073,44.02425668473997,20.6345272064209
735,0,1,3.0625,3.0668742310081143,dropped_dispatch_late,,,
736,1,0,3.0666666666666664,3.066882326005725,dropped_queue_full,,,
737,2,0,3.0708333333333333,3.070840736007085,dropped_queue_full,,,
738,3,0,3.075,3.0750538900028914,dropped_queue_full,,,
739,0,0,3.0791666666666666,3.0793232610158157,completed,3.1069550340180285,27.78836735136192,20.64543914794922
740,1,1,3.0833333333333335,3.0839270770084113,completed,3.1115669650025666,28.233631669233095,20.55753517150879
741,2,1,3.0875,3.0885095020057634,completed,3.1161668639979325,28.666863997932612,20.601728439331055
742,3,1,3.091666666666667,3.0931386259908322,completed,3.120750080997823,29.08341433115602,20.679391860961914
743,0,1,3.095833333333333,3.0977453280065674,completed,3.125373765011318,29.540431677984813,20.659456253051758
744,1,0,3.1,3.102349975000834,completed,3.129991396999685,29.991396999685005,20.498783111572266
745,2,0,3.1041666666666665,3.106941859005019,completed,3.1345828600169625,30.416193350295995,20.553504943847656
746,3,0,3.1083333333333334,3.1115607630054,completed,3.139227943989681,30.894610656347687,15.695296287536621
747,0,0,3.1125,3.1161596000019927,completed,3.1484305360063445,35.93053600634466,20.304319381713867
748,1,1,3.1166666666666667,3.120742586994311,completed,3.1532530880067497,36.58642134008305,20.35843276977539
749,2,1,3.120833333333333,3.1253683940158226,dropped_dispatch_late,,,
750,3,1,3.125,3.125383462989703,completed,3.1579128710145596,32.91287101455964,20.338943481445312
751,0,1,3.1291666666666664,3.1299846039910335,completed,3.1625871199939866,33.42045332732013,15.49232006072998
752,1,0,3.1333333333333333,3.1345754959911574,completed,3.167199863004498,33.86652967116488,15.508255958557129
753,2,0,3.1375,3.139220810000552,completed,3.171820771996863,34.32077199686301,30.84105682373047
754,3,0,3.1416666666666666,3.143835447001038,completed,3.17655419401126,34.88752734459322,20.368608474731445
755,0,0,3.1458333333333335,3.148425015999237,completed,3.1765428929938935,30.709559660559993,15.903424263000488
756,1,1,3.15,3.1532466459902935,completed,3.1858845190145075,35.88451901450762,20.47907257080078
757,2,1,3.154166666666667,3.1579053059977014,completed,3.1911176209978294,36.95095433116258,20.624927520751953
758,3,1,3.158333333333333,3.1625816200103145,dropped_dispatch_late,,,
759,0,1,3.1625,3.162597349990392,completed,3.196688805008307,34.188805008307014,20.39366340637207
760,1,0,3.1666666666666665,3.167193380999379,completed,3.2016941840120126,35.02751734534604,15.563232421875
761,2,0,3.1708333333333334,3.1718137279967777,completed,3.208808900002623,37.975566669289584,15.625823974609375
762,3,0,3.175,3.176537291990826,completed,3.211958283005515,36.95828300551529,35.079776763916016
763,0,0,3.1791666666666667,3.1813025750161614,completed,3.2218225930118933,42.65592634522663,20.455711364746094
764,1,1,3.183333333333333,3.1858780269976705,completed,3.226425597007619,43.09226367428609,20.43987274169922
765,2,1,3.1875,3.190491771994857,dropped_queue_full,,,
766,3,1,3.1916666666666664,3.191753469000105,completed,3.2310561340127606,39.389467346094165,15.553695678710938
767,0,1,3.1958333333333333,3.1963548799976707,dropped_queue_full,,,
768,1,0,3.2,3.2001082109927665,dropped_queue_full,,,
769,2,0,3.2041666666666666,3.2042130090121645,completed,3.2356952569971327,31.528590330466066,25.65123176574707
770,3,0,3.2083333333333335,3.2088019770162646,dropped_queue_full,,,
771,0,0,3.2125,3.2125926979933865,completed,3.240323328995146,27.823328995145946,20.354976654052734
772,1,1,3.216666666666667,3.217194680997636,completed,3.2449650269991253,28.298360332458472,20.549184799194336
773,2,1,3.220833333333333,3.221817312994972,completed,3.2495638440013863,28.7305106680531,15.74777603149414
774,3,1,3.225,3.2264193250157405,completed,3.254395262018079,29.39526201807885,25.69536018371582
775,0,1,3.2291666666666665,3.231048790010391,completed,3.2590045190008823,29.837852334215764,20.7030086517334
776,1,0,3.2333333333333334,3.2356880829902366,completed,3.2636176020023413,30.284268669007908,20.666688919067383
777,2,0,3.2375,3.2403179990069475,completed,3.2682237229892053,30.72372298920545,15.738719940185547
778,3,0,3.2416666666666667,3.2449583550042007,completed,3.2774638769915327,35.79721032486604,19.39936065673828
779,0,0,3.245833333333333,3.2495568199956324,completed,3.282058014010545,36.22468067721174,20.47337532043457
780,1,1,3.25,3.2543877880088985,dropped_dispatch_late,,,
781,2,1,3.2541666666666664,3.2544030270073563,completed,3.286621814011596,32.45514734492971,20.333663940429688
782,3,1,3.2583333333333333,3.2589989379921462,completed,3.2912083879928105,32.87505465947716,15.503264427185059
783,0,1,3.2624999999999997,3.2636110100138467,completed,3.2957976259931456,33.2976259931459,15.578880310058594
784,1,0,3.2666666666666666,3.2682174509973265,completed,3.3004180139978416,33.75134733117502,31.471872329711914
785,2,0,3.2708333333333335,3.2728451220027637,completed,3.3052186839922797,34.38535065894621,20.357824325561523
786,3,0,3.275,3.2774563420098275,completed,3.3102740780159365,35.274078015936624,20.386655807495117
787,0,0,3.279166666666667,3.282052663998911,completed,3.317478264012607,38.31159734594003,20.491392135620117
788,1,1,3.283333333333333,3.286614890996134,completed,3.3205888429947663,37.255509661433095,20.53343963623047
789,2,1,3.2875,3.2912010540021583,completed,3.3301688420178834,42.66884201788335,20.556255340576172
790,3,1,3.2916666666666665,3.295792306016665,completed,3.3347533119958825,43.086645329216026,20.538719177246094
791,0,1,3.2958333333333334,3.3004115910152905,dropped_dispatch_late,,,
792,1,0,3.3,3.3004265800118446,completed,3.339371554990066,39.37155499006639,15.63593578338623
793,2,0,3.3041666666666667,3.305042769003194,dropped_queue_full,,,
794,3,0,3.308333333333333,3.308368928002892,dropped_queue_full,,,
795,0,0,3.3125,3.312639871990541,completed,3.3439825249952264,31.482524995226413,25.6810245513916
796,1,1,3.3166666666666664,3.317473033996066,dropped_queue_full,,,
797,2,1,3.3208333333333333,3.3209073780162726,completed,3.3485896270140074,27.756293680674116,20.408191680908203
798,3,1,3.3249999999999997,3.325550389010459,completed,3.353164669009857,28.164669009857146,20.65737533569336
799,0,1,3.3291666666666666,3.330161729012616,completed,3.3580295410065446,28.862874339877997,15.823936462402344
800,1,0,3.3333333333333335,3.3347455670009367,completed,3.362648425012594,29.315091679260608,25.711807250976562
801,2,0,3.3375,3.3393652829981875,completed,3.371877928992035,34.37792899203495,20.740703582763672
802,3,0,3.341666666666667,3.343977125012316,completed,3.3765816850063857,34.915018339718884,20.534847259521484
803,0,0,3.345833333333333,3.3485826239921153,completed,3.3765702130040154,30.73687967068217,15.698592185974121
804,1,1,3.35,3.3531572140054777,completed,3.385824202996446,35.824202996445734,16.11359977722168
805,2,1,3.3541666666666665,3.358024209999712,completed,3.3904593490005936,36.29268233392713,20.536863327026367
806,3,1,3.3583333333333334,3.3626417230116203,dropped_dispatch_late,,,
807,0,1,3.3625,3.362657402001787,completed,3.3950541079975665,32.55410799756664,20.53811264038086
808,1,0,3.3666666666666667,3.367277279001428,completed,3.399658765003551,32.9920983368841,15.681119918823242
809,2,0,3.370833333333333,3.3718710760003887,completed,3.4042382650077343,33.40493167440117,15.649984359741211
810,3,0,3.375,3.3765650530112907,completed,3.4089618989964947,33.96189899649471,32.11888122558594
811,0,0,3.3791666666666664,3.381230536993826,completed,3.4143276420072652,35.16097534059881,20.367839813232422
812,1,1,3.3833333333333333,3.3858178310038056,completed,3.4213050980179105,37.971764684577195,20.767488479614258
813,2,1,3.3874999999999997,3.390452666004421,completed,3.424797182000475,37.297182000475274,20.780672073364258
814,3,1,3.3916666666666666,3.3950487980036996,completed,3.434357574005844,42.690907339177464,20.8288631439209
815,0,1,3.3958333333333335,3.3996524430112913,completed,3.4390050430083647,43.17170967503125,20.815776824951172
816,1,0,3.4,3.404231071996037,dropped_dispatch_late,,,
817,2,0,3.404166666666667,3.4042464809899684,completed,3.4436275850166567,39.46091834998988,15.798751831054688
818,3,0,3.408333333333333,3.4088206610176712,dropped_queue_full,,,
819,0,0,3.4125,3.4125828180112876,dropped_queue_full,,,
820,1,1,3.4166666666666665,3.416685461997986,completed,3.448267328989459,31.600662322792683,25.87331199645996
821,2,1,3.4208333333333334,3.4212989259976894,dropped_queue_full,,,
822,3,1,3.425,3.4251096149964724,completed,3.45291479799198,27.914797991980045,20.737247467041016
823,0,1,3.4291666666666667,3.429727628012188,completed,3.4575481200008653,28.381453334198614,20.533344268798828
824,1,0,3.433333333333333,3.434349890012527,completed,3.462399787007598,29.06645367426508,15.625280380249023
825,2,0,3.4375,3.4389997030084487,completed,3.466997943003662,29.49794300366193,25.493791580200195
826,3,0,3.4416666666666664,3.4436205819947645,completed,3.4715765709988773,29.909904332210857,20.68195152282715
827,0,0,3.4458333333333333,3.4482611370040104,completed,3.4807828899938613,34.94955666052802,20.758848190307617
828,1,1,3.4499999999999997,3.4529073040175717,completed,3.480792549002217,30.792549002217395,15.883999824523926
829,2,1,3.4541666666666666,3.4575428199896123,completed,3.4899405380128883,35.773871346221675,20.73232078552246
830,3,1,3.4583333333333335,3.4623933949915227,completed,3.494546858011745,36.21352467841143,20.787616729736328
831,0,1,3.4625,3.4669908290088642,dropped_dispatch_late,,,
832,1,0,3.466666666666667,3.467006459017284,completed,3.4991399139980786,32.47324733141177,20.6396484375
833,2,0,3.470833333333333,3.4715686760027893,completed,3.5036988650099374,32.86553167660422,15.755359649658203
834,3,0,3.475,3.476171760004945,completed,3.512861041002907,37.861041002906774,15.801055908203125
835,0,0,3.4791666666666665,3.480777560005663,completed,3.513514512014808,34.34784534814162,32.54528045654297
836,1,1,3.4833333333333334,3.485359625017736,completed,3.5191134290071204,35.78009567378704,20.792160034179688
837,2,1,3.4875,3.4899337149981875,completed,3.5242729900055565,36.77299000555667,20.98371124267578
838,3,1,3.4916666666666667,3.494536970014451,completed,3.5296677089936566,38.00104232698986,20.761728286743164
839,0,1,3.495833333333333,3.4991338519903366,completed,3.5388447630102746,43.01142967694149,20.79622459411621
840,1,0,3.5,3.50369151099585,completed,3.543476852995809,43.47685299580917,20.585344314575195
841,2,0,3.5041666666666664,3.5082641580083873,completed,3.5480581459996756,43.89147933300919,20.616352081298828
842,3,0,3.5083333333333333,3.512853255990194,dropped_dispatch_late,,,
843,0,0,3.5124999999999997,3.5128689760167617,dropped_queue_full,,,
844,1,1,3.5166666666666666,3.5167399999918416,dropped_queue_full,,,
845,2,1,3.5208333333333335,3.520849046006333,dropped_queue_full,,,
846,3,1,3.525,3.525065094989259,completed,3.552632665989222,27.632665989222094,20.862720489501953
847,0,1,3.529166666666667,3.5296604050090536,completed,3.5572127980121877,28.04613134552092,20.827871322631836
848,1,0,3.533333333333333,3.534261124994373,completed,3.5617803650093265,28.447031675993273,20.721696853637695
849,2,0,3.5375,3.53883920199587,completed,3.566591815004358,29.09181500435798,20.88217544555664
850,3,0,3.5416666666666665,3.5434703300124966,completed,3.5711612259910908,29.49455932442424,20.64249610900879
851,0,0,3.5458333333333334,3.548051432997454,completed,3.5803613839962054,34.52805066287201,20.74684715270996
852,1,1,3.55,3.552625281998189,completed,3.584930514014559,34.930514014559044,20.833919525146484
853,2,1,3.5541666666666667,3.557207558013033,completed,3.584940111992182,30.773445325515514,16.11840057373047
854,3,1,3.558333333333333,3.5617738220025785,completed,3.594193691998953,35.86035866561987,20.28281593322754
855,0,1,3.5625,3.5665845810144674,completed,3.5988422030059155,36.34220300591551,20.739072799682617
856,1,0,3.5666666666666664,3.5711534910078626,dropped_dispatch_late,,,
857,2,0,3.5708333333333333,3.5711690809985157,completed,3.6034315210126806,32.598187679347305,20.540159225463867
858,3,0,3.5749999999999997,3.57576871899073,completed,3.608061186008854,33.06118600885411,15.730655670166016
859,0,0,3.5791666666666666,3.5803560740023386,completed,3.613115257991012,33.94859132434558,15.787967681884766
860,1,1,3.5833333333333335,3.5849238809896633,completed,3.6182606130023487,34.927279669015206,33.09254455566406
861,2,1,3.5875,3.5895462229964323,completed,3.6237985030165873,36.29850301658743,20.6429443359375
862,3,1,3.591666666666667,3.594186077010818,completed,3.629658154997742,37.99148833107502,20.631807327270508
863,0,1,3.595833333333333,3.59883691300638,completed,3.6342241190141067,38.390785680773476,20.648000717163086
864,1,0,3.6,3.6034244380134623,completed,3.643529296008637,43.52929600863709,20.633695602416992
865,2,0,3.6041666666666665,3.608053402014775,completed,3.648150294990046,43.983628323379435,20.62076759338379
866,3,0,3.6083333333333334,3.6126586100144777,dropped_dispatch_late,,,
867,0,0,3.6125,3.6126662850147113,dropped_queue_full,,,
868,1,1,3.6166666666666667,3.6167391920171212,dropped_queue_full,,,
869,2,1,3.620833333333333,3.6209508030151483,dropped_queue_full,,,
870,3,1,3.625,3.6250551900011487,completed,3.6527317390136886,27.73173901368864,20.618751525878906
871,0,1,3.6291666666666664,3.629650780989323,completed,3.65731970500201,28.15303833534344,20.682111740112305
872,1,0,3.6333333333333333,3.634218888997566,completed,3.6618940950138494,28.560761680516134,20.693952560424805
873,2,0,3.6374999999999997,3.638851780007826,completed,3.667085027002031,29.58502700203125,20.6243839263916
874,3,0,3.6416666666666666,3.6435227839974687,completed,3.6716784730087966,30.011806342129965,20.60972785949707
875,0,0,3.6458333333333335,3.648143232014263,completed,3.67630430101417,30.47096768083657,20.644704818725586
876,1,1,3.65,3.6527241650037467,completed,3.676313748990651,26.31374899065131,15.834367752075195
877,2,1,3.654166666666667,3.6573145349975675,completed,3.6862284039962105,32.06173732954376,16.24723243713379
878,3,1,3.658333333333333,3.6618876330030616,completed,3.6912147870170884,32.88145368375517,20.6378231048584
879,0,1,3.6625,3.667077571997652,dropped_dispatch_late,,,
880,1,0,3.6666666666666665,3.6670934419962578,completed,3.7004230600141454,33.756393347478934,20.548864364624023
881,2,0,3.6708333333333334,3.671671159012476,completed,3.7050257039954886,34.19237066215519,15.802271842956543
882,3,0,3.675,3.676298800011864,completed,3.709630130993901,34.630130993901,15.820223808288574
883,0,0,3.6791666666666667,3.6809275340056047,completed,3.7142461100011133,35.079443334446566,31.089792251586914
884,1,1,3.683333333333333,3.6862208399979863,completed,3.7142556679900736,30.922334656740436,16.01968002319336
885,2,1,3.6875,3.69120722200023,completed,3.7234339250135235,35.93392501352355,20.750240325927734
886,3,1,3.6916666666666664,3.695804735994898,completed,3.7280397250142414,36.37305834757498,20.844127655029297
887,0,1,3.6958333333333333,3.700416508014314,dropped_dispatch_late,,,
888,1,0,3.6999999999999997,3.700432006997289,completed,3.7374688370036893,37.46883700368953,20.63248062133789
889,2,0,3.7041666666666666,3.705019061017083,completed,3.7420897360134404,37.92306934677381,15.871904373168945
890,3,0,3.7083333333333335,3.709622747002868,completed,3.7438516230031382,35.518289669804744,15.74512004852295
891,0,0,3.7125,3.714240850007627,completed,3.7490606289939024,36.56062899390244,34.58457565307617
892,1,1,3.716666666666667,3.718840318004368,completed,3.7542717090109363,37.605042344269535,20.78175926208496
893,2,1,3.720833333333333,3.723426890996052,completed,3.763529235991882,42.695902658548945,20.67286491394043
894,3,1,3.725,3.728032090002671,completed,3.768381263012998,43.38126301299772,20.675552368164062
895,0,1,3.7291666666666665,3.7326383710023947,completed,3.773008663993096,43.841997326429464,20.724544525146484
896,1,0,3.7333333333333334,3.7374624549993314,completed,3.777609554992523,44.27622165918965,20.53811264038086
897,2,0,3.7375,3.742082782991929,dropped_dispatch_late,,,
898,3,0,3.7416666666666667,3.7420982320036273,dropped_queue_full,,,
899,0,0,3.745833333333333,3.7458975999907125,dropped_queue_full,,,
900,1,1,3.75,3.750011185009498,dropped_queue_full,,,
901,2,1,3.7541666666666664,3.754266689007636,completed,3.782222839014139,28.056172347472597,20.604576110839844
902,3,1,3.7583333333333333,3.7589228750148322,completed,3.786808099015616,28.474765682282577,20.543392181396484
903,0,1,3.7624999999999997,3.763522383000236,completed,3.7914245589927305,28.92455899273072,20.53708839416504
904,1,0,3.7666666666666666,3.7683736289909575,completed,3.7960483630013186,29.38169633465204,20.73526382446289
905,2,0,3.7708333333333335,3.7730032640101854,completed,3.805265233007958,34.431899674624674,20.62406349182129
906,3,0,3.775,3.7776032330002636,completed,3.809870672004763,34.87067200476312,20.656639099121094
907,0,0,3.779166666666667,3.782215865008766,completed,3.8098596410127357,30.69297434606888,15.987808227539062
908,1,1,3.783333333333333,3.7868006950011477,completed,3.819040633010445,35.70729967711195,17.280607223510742
909,2,1,3.7875,3.7914192189928144,completed,3.823652484017657,36.15248401765703,20.75676727294922
910,3,1,3.7916666666666665,3.7960419809969608,dropped_dispatch_late,,,
911,0,1,3.7958333333333334,3.7960571800067555,completed,3.8282694650115445,32.43613167821113,20.623327255249023
912,1,0,3.8,3.8006579909997527,completed,3.8328829300007783,32.882930000778465,15.776991844177246
913,2,0,3.8041666666666667,3.805258259992115,completed,3.8420780480082612,37.91138134159455,15.786879539489746
914,3,0,3.808333333333333,3.809854291001102,completed,3.8430503550043795,34.717021671046396,32.85532760620117
915,0,0,3.8125,3.814449952013092,completed,3.84821764199296,35.717641992960125,20.626079559326172
916,1,1,3.8166666666666664,3.8190342510060873,completed,3.853430524992291,36.763858325624454,20.828031539916992
917,2,1,3.8208333333333333,3.823645521013532,completed,3.8588589880091604,38.025654675827084,20.628896713256836
918,3,1,3.8249999999999997,3.8282642450067215,completed,3.868487419007579,43.487419007579135,20.5960636138916
919,0,1,3.8291666666666666,3.832876366999699,completed,3.873181005998049,44.014339331382324,20.60883140563965
920,1,0,3.8333333333333335,3.837464804004412,completed,3.877802105009323,44.4687716759895,20.448543548583984
921,2,0,3.8375,3.8420706739998423,dropped_dispatch_late,,,
922,3,0,3.841666666666667,3.842086584016215,dropped_queue_full,,,
923,0,0,3.845833333333333,3.845846086012898,dropped_queue_full,,,
924,1,1,3.85,3.850108824990457,dropped_queue_full,,,
925,2,1,3.8541666666666665,3.8542230500024743,completed,3.882419577013934,28.252910347267512,20.465024948120117
926,3,1,3.8583333333333334,3.858851974015124,completed,3.8870120810170192,28.678747683685835,20.46303939819336
927,0,1,3.8625,3.863603901991155,completed,3.8915851390047465,29.08513900474663,20.46326446533203
928,1,0,3.8666666666666667,3.8684794639993925,completed,3.896187281992752,29.52061532608541,20.47100830078125
929,2,0,3.870833333333333,3.8731757159985136,completed,3.9007793850032613,29.946051669928142,20.499103546142578
930,3,0,3.875,3.877795812994009,completed,3.9053686340048444,30.368634004844353,20.46224021911621
931,0,0,3.8791666666666664,3.8824126830149908,completed,3.9101730909897014,31.00642432303502,15.738207817077637
932,1,1,3.8833333333333333,3.887004877004074,completed,3.914791976014385,31.458642681051696,15.622591972351074
933,2,1,3.8874999999999997,3.891580019000685,completed,3.9239727570093237,36.472757009323956,20.47007942199707
934,3,1,3.8916666666666666,3.8961808900057804,dropped_dispatch_late,,,
935,0,1,3.8958333333333335,3.896196139015956,completed,3.9285758920013905,32.74255866805697,20.42348861694336
936,1,0,3.9,3.900772332010092,completed,3.9331735860032495,33.173586003249596,20.531455993652344
937,2,0,3.904166666666667,3.90536115001305,completed,3.9377659799938556,33.599313327188796,15.632479667663574
938,3,0,3.908333333333333,3.910167800990166,completed,3.942371009005001,34.0376756716676,30.934080123901367
939,0,0,3.9125,3.914785803994164,completed,3.9469599869917147,34.4599869917146,20.360416412353516
940,1,1,3.9166666666666665,3.919363330001943,completed,3.9561608560034074,39.494189336740874,20.549823760986328
941,2,1,3.9208333333333334,3.923965854017297,completed,3.956958561000647,36.12522766731363,20.438528060913086
942,3,1,3.925,3.9285706620139536,completed,3.9621158690133598,37.11586901335995,20.592927932739258
943,0,1,3.9291666666666667,3.9331671239924617,completed,3.971370781015139,42.20411434847237,20.603168487548828
944,1,0,3.933333333333333,3.9377588969946373,dropped_dispatch_late,,,
945,2,0,3.9375,3.937774366000667,completed,3.976006487995619,38.506487995618954,15.82975959777832
946,3,0,3.9416666666666664,3.9423639150045346,completed,3.9806817389908247,39.01507232415824,15.607904434204102
947,0,0,3.9458333333333333,3.9469544159946963,completed,3.9852772199956235,39.443886662290154,15.683839797973633
948,1,1,3.9499999999999997,3.951540968992049,completed,3.9921203200065065,42.12032000650679,36.22310256958008
949,2,1,3.9541666666666666,3.956154373998288,dropped_queue_full,,,
950,3,1,3.9583333333333335,3.9583810539916158,dropped_queue_full,,,
951,0,1,3.9625,3.9625917130033486,dropped_queue_full,,,
952,1,0,3.966666666666667,3.9667401339975186,completed,3.9967387029901147,30.072036323447904,5.953983783721924
953,2,0,3.970833333333333,3.971365441015223,completed,3.9967481910134666,25.914857680133352,21.377439498901367
954,3,0,3.975,3.9759990430029575,completed,4.001402944006259,26.402944006258533,21.33024024963379
955,0,0,3.9791666666666665,3.9806741749926005,completed,4.010819793998962,31.65312733229575,26.116575241088867
956,1,1,3.9833333333333334,3.9852719499904197,dropped_queue_full,,,
957,2,1,3.9875,3.987500713992631,completed,4.01545081200311,27.95081200310978,20.537887573242188
958,3,1,3.9916666666666667,3.99211411800934,completed,4.0200438869942445,28.377220327577835,20.557823181152344
959,0,1,3.995833333333333,3.996732421015622,completed,4.02922066100291,33.387327669576635,15.791616439819336
960,1,0,4.0,4.001395881001372,completed,4.033796644012909,33.79664401290938,28.51852798461914
961,2,0,4.004166666666666,4.006012080993969,completed,4.038391693000449,34.22502633378244,20.42780876159668
962,3,0,4.008333333333333,4.010814334003953,completed,4.043080130009912,34.746796676579095,20.395584106445312
963,0,0,4.0125,4.015443187003257,completed,4.043068769009551,30.568769009550856,15.65561580657959
964,1,1,4.016666666666667,4.020036333007738,completed,4.0522105260170065,35.54385935033988,19.953855514526367
965,2,1,4.020833333333333,4.024646180012496,completed,4.056810264009982,35.97693067664931,20.463903427124023
966,3,1,4.025,4.029215310991276,dropped_dispatch_late,,,
967,0,1,4.029166666666667,4.029230479005491,completed,4.066032272996381,36.86560632971414,20.466527938842773
968,1,0,4.033333333333333,4.033790101995692,completed,4.07089829799952,37.56496466618664,15.701855659484863
969,2,0,4.0375,4.0383847700140905,completed,4.0720270320016425,34.527032001642866,15.691583633422852
970,3,0,4.041666666666667,4.043063218006864,completed,4.077010829991195,35.34416332452839,33.68902587890625
971,0,0,4.045833333333333,4.047656684007961,completed,4.082216950017028,36.383616683694164,20.487327575683594
972,1,1,4.05,4.052204373991117,completed,4.088115546008339,38.11554600833933,20.693695068359375
973,2,1,4.054166666666666,4.056803109997418,completed,4.092713360005291,38.54669333862493,20.532543182373047
974,3,1,4.058333333333334,4.061414661002345,completed,4.101872019993607,43.538686660273385,20.528160095214844
975,0,1,4.0625,4.0660267130006105,completed,4.106475445005344,43.97544500534423,20.50383949279785
976,1,0,4.066666666666666,4.070892046001973,dropped_dispatch_late,,,
977,2,0,4.070833333333333,4.07090699399123,dropped_queue_full,,,
978,3,0,4.075,4.07510867601377,dropped_queue_full,,,
979,0,0,4.079166666666667,4.079212222015485,dropped_queue_full,,,
980,1,1,4.083333333333333,4.083481542009395,completed,4.1110565880080685,27.723254674735465,20.459552764892578
981,2,1,4.0875,4.088109164003981,completed,4.115632902015932,28.13290201593155,20.4583683013916
982,3,1,4.091666666666667,4.092706316994736,completed,4.120246606995352,28.579940328684827,20.44550323486328
983,0,1,4.095833333333333,4.097307829011697,completed,4.12484608401428,29.012750680946553,20.53868865966797
984,1,0,4.1,4.101864324999042,completed,4.129505416000029,29.505416000029427,20.543615341186523
985,2,0,4.104166666666667,4.1064700550050475,completed,4.134099984017666,29.933317350999467,20.49772834777832
986,3,0,4.108333333333333,4.1110504060052335,completed,4.14332604201627,34.99270868293625,20.47488021850586
987,0,0,4.1125,4.1156258580158465,completed,4.143314520013519,30.81452001351881,15.79248046875
988,1,1,4.116666666666666,4.120239051990211,completed,4.152528904989595,35.86223832292834,18.00873565673828
989,2,1,4.120833333333334,4.124840623990167,completed,4.157139093003934,36.30575967060068,20.314815521240234
990,3,1,4.125,4.129498994007008,dropped_dispatch_late,,,
991,0,1,4.129166666666666,4.129514422995271,completed,4.1617361459939275,32.569479327261064,20.23321533203125
992,1,0,4.133333333333333,4.134092861000681,completed,4.166363527008798,33.030193675465114,15.516160011291504
993,2,0,4.1375,4.138703019008972,completed,4.17126261399244,33.762613992439405,15.583904266357422
994,3,0,4.141666666666667,4.143308958999114,completed,4.1758748260035645,34.208159336897914,31.49395179748535
995,0,0,4.145833333333333,4.147924668010091,completed,4.18047553600627,34.64220267293694,20.29859161376953
996,1,1,4.15,4.152522382006282,completed,4.185109098994872,35.109098994871246,20.34864044189453
997,2,1,4.154166666666667,4.157132369989995,completed,4.190683929016814,36.51726235014685,20.401344299316406
998,3,1,4.158333333333333,4.1617308760178275,completed,4.1957451539929025,37.41182065956927,20.5196475982666
999,0,1,4.1625,4.166356973990332,completed,4.2047001470054965,42.2001470054969,20.475584030151367
1000,1,0,4.166666666666667,4.1712558009894565,dropped_dispatch_late,,,
1001,2,0,4.170833333333333,4.1712707389961,completed,4.209284746000776,38.451412667442675,15.638912200927734
1002,3,0,4.175,4.175867392012151,completed,4.213892530009616,38.892530009616344,15.45257568359375
1003,0,0,4.179166666666666,4.180470166000305,completed,4.218484112992883,39.317446326216476,15.534111976623535
1004,1,1,4.183333333333334,4.185102496005129,completed,4.225441749993479,42.10841666014531,36.142208099365234
1005,2,1,4.1875,4.189716552005848,dropped_queue_full,,,
1006,3,1,4.191666666666666,4.1917922949942295,dropped_queue_full,,,
1007,0,1,4.195833333333333,4.195906139997533,dropped_queue_full,,,
1008,1,0,4.2,4.200108693999937,completed,4.230106622009771,30.106622009770767,5.87116813659668
1009,2,0,4.204166666666667,4.204694896994624,completed,4.230116140010068,25.949473343401586,21.261791229248047
1010,3,0,4.208333333333333,4.209277993009891,completed,4.234721860004356,26.388526671023094,21.204896926879883
1011,0,0,4.2125,4.213885225995909,completed,4.243943267996656,31.443267996655422,26.06051254272461
1012,1,1,4.216666666666667,4.218479163013399,dropped_queue_full,,,
1013,2,1,4.220833333333333,4.22084426600486,completed,4.248582931992132,27.749598658799002,20.3654727935791
1014,3,1,4.225,4.2254354679898825,completed,4.253167512011714,28.167512011714635,20.387680053710938
1015,0,1,4.229166666666667,4.230100150016369,completed,4.262360155989882,33.19348932321464,15.581727981567383
1016,1,0,4.233333333333333,4.23471468599746,completed,4.266997055005049,33.66372167171594,28.42902374267578
1017,2,0,4.2375,4.239343018998625,completed,4.271903254993958,34.403254993958576,20.29462432861328
1018,3,0,4.241666666666666,4.243937808001647,completed,4.276526288012974,34.85962134630771,20.55411148071289
1019,0,0,4.245833333333334,4.248575969017111,completed,4.281186701002298,35.35336766896435,20.52681541442871
1020,1,1,4.25,4.253159826999763,completed,4.281196299998555,31.196299998555332,15.809920310974121
1021,2,1,4.254166666666666,4.257771598990075,completed,4.290410885005258,36.244218338591594,20.602048873901367
1022,3,1,4.258333333333333,4.262354806007352,completed,4.295037875010166,36.70454167683346,20.599424362182617
1023,0,1,4.2625,4.2669907129893545,dropped_dispatch_late,,,
1024,1,0,4.266666666666667,4.2672451460093725,completed,4.304224958003033,37.558291336366345,20.510271072387695
1025,2,0,4.270833333333333,4.271896291989833,completed,4.305355816002702,34.5224826693693,15.716511726379395
1026,3,0,4.275,4.276518983999267,completed,4.310166504990775,35.16650499077478,15.509056091308594
1027,0,0,4.279166666666667,4.281181280995952,completed,4.315375531004975,36.20886433830783,33.97545623779297
1028,1,1,4.283333333333333,4.285810344998026,completed,4.321396729996195,38.06339666286185,20.295583724975586
1029,2,1,4.2875,4.290404052007943,completed,4.3260015879932325,38.50158799323289,20.36614418029785
1030,3,1,4.291666666666667,4.295030180015601,completed,4.335284472996136,43.61780632946921,20.375328063964844
1031,0,1,4.295833333333333,4.29964089000714,completed,4.339954315015348,44.12098168201428,20.35545539855957
1032,1,0,4.3,4.304218616016442,dropped_dispatch_late,,,
1033,2,0,4.304166666666666,4.3042338550149,dropped_queue_full,,,
1034,3,0,4.308333333333334,4.308423925016541,dropped_queue_full,,,
1035,0,0,4.3125,4.312527800997486,dropped_queue_full,,,
1036,1,1,4.316666666666666,4.316798034007661,completed,4.344618255010573,27.951588343906764,20.62054443359375
1037,2,1,4.320833333333333,4.321390508004697,completed,4.349286242999369,28.45290966603642,20.54207992553711
1038,3,1,4.325,4.325994804996299,completed,4.353886842989596,28.88684298959543,20.52217674255371
1039,0,1,4.329166666666667,4.330608910997398,completed,4.3584988139919005,29.332147325233926,20.63043212890625
1040,1,0,4.333333333333333,4.335276789002819,completed,4.363109633995919,29.77630066258552,20.540319442749023
1041,2,0,4.3375,4.339940978999948,completed,4.367765317991143,30.265317991142737,20.49286460876465
1042,3,0,4.341666666666667,4.344612112996401,completed,4.367774765996728,26.108099330061307,15.942048072814941
1043,0,0,4.345833333333333,4.349279210000532,completed,4.372709721006686,26.876387673352653,15.632927894592285
1044,1,1,4.35,4.353879408998182,completed,4.386598115990637,36.598115990637226,20.62175941467285
1045,2,1,4.354166666666667,4.358493594016181,dropped_dispatch_late,,,
1046,3,1,4.358333333333333,4.358509164012503,completed,4.39122181001585,32.88847668251638,20.547456741333008
1047,0,1,4.3625,4.36310336200404,completed,4.395849190012086,33.34919001208636,20.51203155517578
1048,1,0,4.366666666666666,4.367758295004023,completed,4.400508502003504,33.84183533683771,15.673407554626465
1049,2,0,4.370833333333334,4.372704341018107,completed,4.405128518992569,34.29518565923573,30.495424270629883
1050,3,0,4.375,4.377336591016501,completed,4.409761129994877,34.76112999487668,20.505695343017578
1051,0,0,4.379166666666666,4.381980203004787,completed,4.409749938000459,30.583271333792794,15.956735610961914
1052,1,1,4.383333333333333,4.386591663991567,completed,4.419072238000808,35.738904667475424,20.601472854614258
1053,2,1,4.3875,4.391214495990425,completed,4.424273659999017,36.773659999016495,20.658655166625977
1054,3,1,4.391666666666667,4.395844031008892,dropped_dispatch_late,,,
1055,0,1,4.395833333333333,4.395858809002675,completed,4.429842518991791,34.009185658457675,20.47222328186035
1056,1,0,4.4,4.400502160016913,completed,4.438089756993577,38.08975699357653,15.57369613647461
1057,2,0,4.404166666666667,4.405121424992103,completed,4.442726706009125,38.56003934245855,15.604063987731934
1058,3,0,4.408333333333333,4.409744588017929,completed,4.445117246999871,36.78391366653777,35.08224105834961
1059,0,0,4.4125,4.4143556780181825,completed,4.450524670013692,38.024670013692585,20.507360458374023
1060,1,1,4.416666666666667,4.418898458010517,dropped_queue_full,,,
1061,2,1,4.420833333333333,4.420950897008879,dropped_queue_full,,,
1062,3,1,4.425,4.425066085008439,completed,4.459770885005128,34.770885005127816,10.841343879699707
1063,0,1,4.429166666666666,4.429668999015121,dropped_queue_full,,,
1064,1,0,4.433333333333334,4.433423993003089,completed,4.459760205005296,26.426871671962004,21.42835235595703
1065,2,0,4.4375,4.438083254004596,completed,4.46899257399491,31.492573994910344,26.194080352783203
1066,3,0,4.441666666666666,4.442719632002991,dropped_queue_full,,,
1067,0,0,4.445833333333333,4.445909772999585,completed,4.473837819008622,28.00448567528946,20.914560317993164
1068,1,1,4.45,4.45051942000282,completed,4.478512939997017,28.512939997017206,20.625696182250977
1069,2,1,4.454166666666667,4.455150307010626,completed,4.483173062995775,29.006396329108064,15.823712348937988
1070,3,1,4.458333333333333,4.459753833012655,completed,4.487791177001782,29.457843668448724,27.26972770690918
1071,0,1,4.4625,4.464400119992206,completed,4.492412726016482,29.912726016481983,20.849056243896484
1072,1,0,4.466666666666667,4.468985640996834,completed,4.501620118011488,34.95345134482086,20.485536575317383
1073,2,0,4.470833333333333,4.473832468996989,completed,4.5016292149957735,30.795881662440294,15.845439910888672
1074,3,0,4.475,4.47850668799947,completed,4.510888546006754,35.888546006754396,19.510528564453125
1075,0,0,4.479166666666667,4.483165949990507,completed,4.5154737459961325,36.30707932946553,20.7227840423584
1076,1,1,4.483333333333333,4.487783532007597,dropped_dispatch_late,,,
1077,2,1,4.4875,4.487798781017773,completed,4.520030051993672,32.53005199367198,20.672447204589844
1078,3,1,4.491666666666666,4.492407256009756,completed,4.524628368002595,32.96170133592913,15.751487731933594
1079,0,1,4.495833333333334,4.497020640003029,completed,4.5292388160014525,33.405482668118935,15.802847862243652
1080,1,0,4.5,4.50161373600713,completed,4.534331019996898,34.33101999689825,32.49571228027344
1081,2,0,4.504166666666666,4.506271935009863,completed,4.53980004999903,35.63338333236388,20.586111068725586
1082,3,0,4.508333333333333,4.510881171998335,completed,4.546327170013683,37.99383668035006,20.781375885009766
1083,0,0,4.5125,4.515468416007934,completed,4.554704303998733,42.20430399873276,20.76051139831543
1084,1,1,4.516666666666667,4.520022999000503,completed,4.559320934989955,42.65426832328867,20.628095626831055
1085,2,1,4.520833333333333,4.5246207430027425,completed,4.563994343014201,43.16100968086811,20.65056037902832
1086,3,1,4.525,4.529233406006824,dropped_dispatch_late,,,
1087,0,1,4.529166666666667,4.529248434992041,completed,4.568619208992459,39.452542325792095,15.694463729858398
1088,1,0,4.533333333333333,4.533840518008219,dropped_queue_full,,,
1089,2,0,4.5375,4.537581204989692,dropped_queue_full,,,
1090,3,0,4.541666666666667,4.541685050993692,completed,4.5732285260164645,31.561859349797494,25.897855758666992
1091,0,0,4.545833333333333,4.546319746004883,dropped_queue_full,,,
1092,1,1,4.55,4.550056084000971,completed,4.57809386801091,28.093868010910406,20.959871292114258
1093,2,1,4.554166666666666,4.554699104017345,completed,4.582691983989207,28.525317322540822,20.746400833129883
1094,3,1,4.558333333333334,4.559314632992027,completed,4.587292814016109,28.959480682775762,15.847007751464844
1095,0,1,4.5625,4.563987249013735,completed,4.5964894850039855,33.989485003985465,26.052928924560547
1096,1,0,4.566666666666666,4.568613898998592,completed,4.6010597580170725,34.393091350406024,20.821056365966797
1097,2,0,4.570833333333333,4.573220960999606,completed,4.605906234995928,35.0729016625948,20.8439998626709
1098,3,0,4.575,4.578087406000122,completed,4.605915182008175,30.915182008175,15.84659194946289
1099,0,0,4.579166666666667,4.582685060013318,completed,4.615153101010947,35.98643434427995,20.667423248291016
1100,1,1,4.583333333333333,4.58728514899849,completed,4.619774751015939,36.44141768260578,20.86720085144043
1101,2,1,4.5875,4.591867886018008,dropped_dispatch_late,,,
1102,3,1,4.591666666666667,4.59187600100995,completed,4.624401100008981,32.73443334231452,20.667552947998047
1103,0,1,4.595833333333333,4.596484095003689,completed,4.629023161018267,33.18982768493406,15.812895774841309
1104,1,0,4.6,4.6010534960078076,completed,4.634009644010803,34.009644010803086,15.808863639831543
1105,2,0,4.604166666666667,4.6058991409954615,completed,4.639339189016027,35.17252234936041,33.08918380737305
1106,3,0,4.608333333333333,4.610539626999525,completed,4.644534849008778,36.20151567544472,20.636608123779297
1107,0,0,4.6125,4.61514787201304,completed,4.650573029997759,38.073029997758745,20.6429443359375
1108,1,1,4.616666666666666,4.619768378994195,completed,4.655217563995393,38.55089732872674,20.599903106689453
1109,2,1,4.620833333333334,4.6243933349906,completed,4.664450434007449,43.617100674115505,20.56211280822754
1110,3,1,4.625,4.629017781000584,completed,4.669064779998735,44.06477999873459,20.54140853881836
1111,0,1,4.629166666666666,4.633672803989612,dropped_dispatch_late,,,
1112,1,0,4.633333333333333,4.633680970000569,dropped_queue_full,,,
1113,2,0,4.6375,4.637594945001183,dropped_queue_full,,,
1114,3,0,4.641666666666667,4.641684533999069,dropped_queue_full,,,
1115,0,0,4.645833333333333,4.645951229991624,completed,4.673675969999749,27.842636666416176,20.576671600341797
1116,1,1,4.65,4.650568101002136,completed,4.678867812996032,28.86781299603136,20.463903427124023
1117,2,1,4.654166666666667,4.655210921016987,completed,4.683451471006265,29.284804339598125,20.540767669677734
1118,3,1,4.658333333333333,4.659809756994946,completed,4.688056198996492,29.722865663158515,20.527360916137695
1119,0,1,4.6625,4.664443410001695,completed,4.692647129995748,30.147129995748756,20.73788833618164
1120,1,0,4.666666666666667,4.669057145016268,completed,4.692656717990758,25.990051324090935,16.047231674194336
1121,2,0,4.670833333333333,4.673670640011551,completed,4.69724194900482,26.408615671486224,15.849663734436035
1122,3,0,4.675,4.678861140011577,completed,4.711195447016507,36.195447016507565,20.865055084228516
1123,0,0,4.679166666666666,4.683444296999369,dropped_dispatch_late,,,
1124,1,1,4.683333333333334,4.68345981699531,completed,4.715826995990938,32.493662657604006,20.868511199951172
1125,2,1,4.6875,4.688048935000552,completed,4.720413339004153,32.913339004153386,20.79030418395996
1126,3,1,4.691666666666666,4.6926415899943095,completed,4.725030589994276,33.36392332760951,15.923040390014648
1127,0,1,4.695833333333333,4.69723522599088,completed,4.729622935003135,33.789601669802494,30.62041664123535
1128,1,0,4.7,4.701811089005787,completed,4.734224717016332,34.224717016331674,20.827167510986328
1129,2,0,4.704166666666667,4.706603503989754,completed,4.738859211007366,34.69254434069935,20.922048568725586
1130,3,0,4.708333333333333,4.711187843000516,completed,4.743953449011315,35.62011567798162,18.585664749145508
1131,0,0,4.7125,4.715820704004727,completed,4.749007370002801,36.50737000280024,20.72198486328125
1132,1,1,4.716666666666667,4.72040644599474,completed,4.758842654002365,42.17598733569794,20.685407638549805
1133,2,1,4.720833333333333,4.725022945989622,dropped_dispatch_late,,,
1134,3,1,4.725,4.725038334989222,completed,4.763466267992044,38.46626799204422,15.730591773986816
1135,0,1,4.729166666666667,4.7296177450043615,completed,4.768083720002323,38.917053335656426,15.683615684509277
1136,1,0,4.733333333333333,4.734218405006686,completed,4.772703886992531,39.370553659197505,15.785663604736328
1137,2,0,4.7375,4.73885195699404,completed,4.779731337999692,42.231337999692364,36.32112121582031
1138,3,0,4.741666666666666,4.743456625001272,dropped_queue_full,,,
1139,0,0,4.745833333333334,4.745850342005724,dropped_queue_full,,,
1140,1,1,4.75,4.750112009001896,dropped_queue_full,,,
1141,2,1,4.754166666666666,4.754213359992718,completed,4.784319825004786,30.153158338119823,6.015520095825195
1142,3,1,4.758333333333333,4.758836202003295,completed,4.784329182002693,25.995848669360555,21.89571189880371
1143,0,1,4.7625,4.763458614004776,completed,4.788918892008951,26.418892008950756,22.06835174560547
1144,1,0,4.766666666666667,4.768078460008837,completed,4.798123097018106,31.4564303514393,26.515552520751953
1145,2,0,4.770833333333333,4.772697575011989,dropped_queue_full,,,
1146,3,0,4.775,4.775108856003499,completed,4.802693049015943,27.693049015942606,20.653152465820312
1147,0,0,4.779166666666667,4.779724424995948,completed,4.8120689209899865,32.902254323319724,20.564544677734375
1148,1,1,4.783333333333333,4.784313012001803,completed,4.816667756997049,33.33442366371564,15.71996784210205
1149,2,1,4.7875,4.78891358099645,completed,4.821329753991449,33.82975399144961,28.74131202697754
1150,3,1,4.791666666666667,4.793513019016245,completed,4.825928990991088,34.26232432442067,20.558944702148438
1151,0,1,4.795833333333333,4.7981169059930835,completed,4.830529730999842,34.696397666508894,20.65497589111328
1152,1,0,4.8,4.802684902999317,completed,4.835128567996435,35.128567996435045,20.70675277709961
1153,2,0,4.804166666666666,4.807478659990011,completed,4.835137524991296,30.97085832462998,15.910143852233887
1154,3,0,4.808333333333334,4.81206349999411,completed,4.844303418009076,35.9700846757427,20.606847763061523
1155,0,0,4.8125,4.816661395016126,completed,4.849222271994222,36.722271994221956,20.62678337097168
1156,1,1,4.816666666666666,4.821322850999422,dropped_dispatch_late,,,
1157,2,1,4.820833333333333,4.82133792899549,completed,4.854646947991569,33.813614658235736,20.495040893554688
1158,3,1,4.825,4.825921376992483,completed,4.859738530998584,34.738530998583705,15.60863971710205
1159,0,1,4.829166666666667,4.830524481018074,completed,4.8671667219896335,38.00005532296691,15.671199798583984
1160,1,0,4.833333333333333,4.8351220859913155,completed,4.870009823993314,36.67649065998102,34.6734733581543
1161,2,0,4.8375,4.8397018760151695,completed,4.879703128011897,42.20312801189685,20.703231811523438
1162,3,0,4.841666666666667,4.844295652990695,completed,4.884308848006185,42.64218133951836,20.513439178466797
1163,0,0,4.845833333333333,4.848890282009961,dropped_queue_full,,,
1164,1,1,4.85,4.85001541901147,completed,4.888916480995249,38.91648099524936,15.568063735961914
1165,2,1,4.854166666666667,4.854639744007727,completed,4.893497564014979,39.330897348311744,15.555232048034668
1166,3,1,4.858333333333333,4.859245644009206,dropped_queue_full,,,
1167,0,1,4.8625,4.862580470013199,completed,4.898054660996422,35.55466099642235,31.024383544921875
1168,1,0,4.866666666666666,4.8671616229985375,dropped_queue_full,,,
1169,2,0,4.870833333333334,4.8709507010062225,dropped_queue_full,,,
1170,3,0,4.875,4.875016534992028,completed,4.9026464149937965,27.646414993796498,20.71887969970703
1171,0,0,4.879166666666666,4.8796959450119175,completed,4.907344319013646,28.177652346979443,10.842911720275879
1172,1,1,4.883333333333333,4.884301033016527,completed,4.916591657005483,33.258323672150425,26.27884864807129
1173,2,1,4.8875,4.888910009001847,completed,4.921169262990588,33.669262990588145,26.030080795288086
1174,3,1,4.891666666666667,4.893490140006179,completed,4.925746538996464,34.079872329797034,21.050304412841797
1175,0,1,4.895833333333333,4.8980493810086045,completed,4.930336098012049,34.502764678715714,20.40540885925293
1176,1,0,4.9,4.9026387100166176,completed,4.934919394989265,34.919394989264774,20.41414451599121
1177,2,0,4.904166666666667,4.90733873899444,completed,4.934928182017757,30.76151535108984,15.781279563903809
1178,3,0,4.908333333333333,4.9120316240005195,completed,4.9441816410108,35.84830767746716,20.356735229492188
1179,0,0,4.9125,4.916585285012843,completed,4.948779394995654,36.27939499565436,20.3951358795166
1180,1,1,4.916666666666667,4.921162350015948,dropped_dispatch_late,,,
1181,2,1,4.920833333333333,4.92117756899097,completed,4.957925451017218,37.09211768388432,20.393535614013672
1182,3,1,4.925,4.925739144993713,completed,4.962501714006066,37.5017140060665,15.66585636138916
1183,0,1,4.929166666666666,4.930331128009129,completed,4.967075071996078,37.90840532941164,15.650688171386719
1184,1,0,4.933333333333334,4.93491280201124,completed,4.968957158009289,35.62382467595526,33.8131217956543
1185,2,0,4.9375,4.939553939009784,completed,4.974230546009494,36.73054600949399,20.397695541381836
1186,3,0,4.941666666666666,4.9441740160109475,completed,4.983859528001631,42.19286133496425,20.5982723236084
1187,0,0,4.945833333333333,4.948774004995357,completed,4.988441433000844,42.60809966751111,20.554399490356445
1188,1,1,4.95,4.953358263999689,completed,4.993048285017721,43.04828501772118,20.528928756713867
1189,2,1,4.954166666666667,4.957918416999746,completed,4.997622555005364,43.45588833869751,20.493568420410156
1190,3,1,4.958333333333333,4.962494239996886,completed,5.002211051993072,43.877718659738996,20.523103713989258
1191,0,1,4.9625,4.967069801990874,dropped_dispatch_late,,,
1192,1,0,4.966666666666667,4.967085001000669,dropped_queue_full,,,
1193,2,0,4.970833333333333,4.970853100006934,dropped_queue_full,,,
1194,3,0,4.975,4.975024854997173,dropped_queue_full,,,
1195,0,0,4.979166666666667,4.979267164017074,completed,5.006765172991436,27.598506324769012,20.50556755065918
1196,1,1,4.983333333333333,4.983851974015124,completed,5.0113271700101905,27.993836676857065,20.510175704956055
1197,2,1,4.9875,4.988435903011123,completed,5.015876202000072,28.376202000072404,20.56447982788086
1198,3,1,4.991666666666666,4.993041672016261,completed,5.0249745059991255,33.30783933245929,20.52003288269043
1199,0,1,4.995833333333334,4.997615441010566,completed,5.029559918009909,33.7265846765753,20.483871459960938
1200,1,0,5.0,5.002203406998888,completed,5.034124508994864,34.1245089948643,20.47996711730957
1201,2,0,5.004166666666666,5.006759843003238,completed,5.038669864006806,34.503197340139735,20.475744247436523
1202,3,0,5.008333333333333,5.01132071801112,completed,5.043239215010544,34.905881677211426,20.548736572265625
1203,0,0,5.0125,5.015868698013946,completed,5.043228094000369,30.728094000369133,15.820544242858887
1204,1,1,5.016666666666667,5.0204061979893595,completed,5.052610507991631,35.94384132496398,20.49590492248535
1205,2,1,5.020833333333333,5.024966942000901,completed,5.0572092240036,36.37589067026692,20.533344268798828
1206,3,1,5.025,5.029554556997027,dropped_dispatch_late,,,
1207,0,1,5.029166666666667,5.02956968601211,completed,5.066417447000276,37.25078033360951,20.36662483215332
1208,1,0,5.033333333333333,5.034118017007131,completed,5.070998220006004,37.66488667267076,15.570015907287598
1209,2,0,5.0375,5.038662790990202,completed,5.072594051016495,35.09405101649499,15.666048049926758
1210,3,0,5.041666666666667,5.0432227330165915,completed,5.077699179993942,36.03251332727542,34.2243537902832
1211,0,0,5.045833333333333,5.048057348001748,completed,5.083059722994221,37.22638966088798,20.49635124206543
1212,1,1,5.05,5.052603994990932,completed,5.088008724997053,38.0087249970531,20.528032302856445
1213,2,1,5.054166666666666,5.057201840012567,completed,5.0971938139991835,43.027147332517224,20.519840240478516
1214,3,1,5.058333333333334,5.0618297519977205,completed,5.101788233005209,43.454899671875324,20.513824462890625
1215,0,1,5.0625,5.066411947016604,completed,5.106409282016102,43.909282016102225,20.490367889404297
1216,1,0,5.066666666666666,5.070991918008076,dropped_dispatch_late,,,
1217,2,0,5.070833333333333,5.071007135993568,dropped_queue_full,,,
1218,3,0,5.075,5.075036702008219,dropped_queue_full,,,
1219,0,0,5.079166666666667,5.0792672490060795,dropped_queue_full,,,
1220,1,1,5.083333333333333,5.083378768991679,completed,5.111037894996116,27.7045616627829,20.472543716430664
1221,2,1,5.0875,5.088002522999886,completed,5.115635558991926,28.135558991925436,20.491071701049805
1222,3,1,5.091666666666667,5.092603204015177,completed,5.120196814008523,28.530147341855994,20.47996711730957
1223,0,1,5.095833333333333,5.097186491009779,completed,5.124792315007653,28.958981674319872,20.4270076751709
1224,1,0,5.1,5.1017807080061175,completed,5.129385970998555,29.385970998555777,20.499391555786133
1225,2,0,5.104166666666667,5.106403992016567,completed,5.138554289005697,34.38762233902981,20.535871505737305
1226,3,0,5.108333333333333,5.111031412001466,completed,5.143145431007724,34.81209767439086,20.35628890991211
1227,0,0,5.1125,5.115628455998376,completed,5.143134248995921,30.63424899592082,15.746879577636719
1228,1,1,5.116666666666666,5.1201888490177225,completed,5.152547152014449,35.88048534778299,18.832063674926758
1229,2,1,5.120833333333334,5.1247867940110154,completed,5.157188748999033,36.35541566569955,20.445632934570312
1230,3,1,5.125,5.129379418998724,dropped_dispatch_late,,,
1231,0,1,5.129166666666666,5.129394948016852,completed,5.161834755999735,32.668089333068195,20.45052719116211
1232,1,0,5.133333333333333,5.1339669240114745,completed,5.166445144015597,33.11181068226432,15.630240440368652
1233,2,0,5.1375,5.138547155016568,completed,5.171058517997153,33.558517997152926,15.69702434539795
1234,3,0,5.141666666666667,5.143128729017917,completed,5.176054629991995,34.38796332532856,32.70278549194336
1235,0,0,5.145833333333333,5.1478461810038425,completed,5.181431494012941,35.59816067960764,20.56390380859375
1236,1,1,5.15,5.152540729002794,completed,5.188114610995399,38.11461099539848,20.685888290405273
1237,2,1,5.154166666666667,5.157181896007387,completed,5.1917464199941605,37.57975332749375,20.701183319091797
1238,3,1,5.158333333333333,5.161829506017966,completed,5.200929956015898,42.5966226825647,20.59872055053711
1239,0,1,5.1625,5.166438682004809,completed,5.205520357005298,43.02035700529849,20.59779167175293
1240,1,0,5.166666666666667,5.171051334997173,dropped_dispatch_late,,,
1241,2,0,5.170833333333333,5.171067104995018,completed,5.210129373008385,39.29603967505191,15.773088455200195
1242,3,0,5.175,5.175654580001719,dropped_queue_full,,,
1243,0,0,5.179166666666666,5.179212187998928,dropped_queue_full,,,
1244,1,1,5.183333333333334,5.183484525012318,completed,5.214725975005422,31.392641672088217,25.908863067626953
1245,2,1,5.1875,5.1881085589993745,dropped_queue_full,,,
1246,3,1,5.191666666666666,5.1917398069927,completed,5.219300516007934,27.633849341267336,20.828672409057617
1247,0,1,5.195833333333333,5.196359063003911,completed,5.2238527740119025,28.01944067856965,20.60588836669922
1248,1,0,5.2,5.200922031013761,completed,5.228418618004071,28.418618004070417,15.616767883300781
1249,2,0,5.204166666666667,5.205515087000094,completed,5.237550516001647,33.38384933498073,25.535615921020508
1250,3,0,5.208333333333333,5.210122229007538,completed,5.242137360008201,33.80402667486759,20.599872589111328
1251,0,0,5.2125,5.21471950301202,completed,5.246704085991951,34.20408599195035,20.592063903808594
1252,1,1,5.216666666666667,5.219293132016901,completed,5.251483975996962,34.81730933029503,20.647071838378906
1253,2,1,5.220833333333333,5.2238474439946,completed,5.251492823008448,30.65948967511467,15.998815536499023
1254,3,1,5.225,5.22841179498937,completed,5.260646873008227,35.64687300822733,20.57334327697754
1255,0,1,5.229166666666667,5.232984811998904,completed,5.265259114996297,36.09244832963032,20.607519149780273
1256,1,0,5.233333333333333,5.2375432520057075,dropped_dispatch_late,,,
1257,2,0,5.2375,5.237558891996741,completed,5.274462158995448,36.96215899544786,20.382976531982422
1258,3,0,5.241666666666666,5.242129605001537,completed,5.279040116001852,37.373449335185605,15.488479614257812
1259,0,0,5.245833333333334,5.246698875998845,completed,5.283823523001047,37.99018966771328,15.576255798339844
1260,1,1,5.25,5.251477233017795,completed,5.285231176996604,35.23117699660361,33.436641693115234
1261,2,1,5.254166666666666,5.256070408999221,completed,5.290589145995909,36.42247932924292,20.443904876708984
1262,3,1,5.258333333333333,5.260639379004715,completed,5.295432156010065,37.09882267673237,20.440895080566406
1263,0,1,5.2625,5.265253985009622,completed,5.305036651989212,42.53665198921208,20.465248107910156
1264,1,0,5.266666666666667,5.269835749990307,completed,5.309613616991555,42.94695032488871,20.434528350830078
1265,2,0,5.270833333333333,5.274454985017655,completed,5.314208977011731,43.37564367839786,20.48793601989746
1266,3,0,5.275,5.2790324710076675,completed,5.31880753301084,43.80753301084006,20.517824172973633
1267,0,0,5.279166666666667,5.2838181930128485,dropped_dispatch_late,,,
1268,1,1,5.283333333333333,5.283833110996056,dropped_queue_full,,,
1269,2,1,5.2875,5.287581381999189,dropped_queue_full,,,
1270,3,1,5.291666666666667,5.291695988009451,dropped_queue_full,,,
1271,0,1,5.295833333333333,5.295907229010481,completed,5.323421137989499,27.587804656165282,20.57651138305664
1272,1,0,5.3,5.300479505007388,completed,5.328004595998209,28.004595998209147,20.624671936035156
1273,2,0,5.304166666666666,5.305031012016116,completed,5.332585899013793,28.419232347126844,20.623008728027344
1274,3,0,5.308333333333334,5.309607144998154,completed,5.3371649280015845,28.831594668250915,20.60950469970703
1275,0,0,5.3125,5.314201653003693,completed,5.346293650014559,33.79365001455881,20.65545654296875
1276,1,1,5.316666666666666,5.31880013900809,completed,5.351085222995607,34.41855632894075,20.59916877746582
1277,2,1,5.320833333333333,5.32341567799449,completed,5.355661236011656,34.82790267832314,20.650848388671875
1278,3,1,5.325,5.3279981529922225,completed,5.355670143006137,30.670143006136463,15.988639831542969
1279,0,1,5.329166666666667,5.332578544999706,completed,5.36485538299894,35.688716332272996,20.567039489746094
1280,1,0,5.333333333333333,5.337157233007019,completed,5.369448959012516,36.115625679182806,20.632383346557617
1281,2,0,5.3375,5.341725973004941,dropped_dispatch_late,,,
1282,3,0,5.341666666666667,5.341733928013127,completed,5.374034651002148,32.36798433548138,20.49590492248535
1283,0,0,5.345833333333333,5.346288289991207,completed,5.378628036996815,32.79470366348214,15.6179838180542
1284,1,1,5.35,5.351078559993766,completed,5.388007706002099,38.007706002099795,15.680864334106445
1285,2,1,5.354166666666667,5.355654182989383,completed,5.388963091012556,34.79642434588914,32.999168395996094
1286,3,1,5.358333333333333,5.360269871016499,completed,5.3943227830168325,35.98944968349915,20.575040817260742
1287,0,1,5.3625,5.364850112993736,completed,5.399531998991733,37.031998991733595,20.851871490478516
1288,1,0,5.366666666666666,5.369442497001728,completed,5.404613994003739,37.947327337072956,20.651039123535156
1289,2,0,5.370833333333334,5.374026976001915,completed,5.413750220002839,42.91688666950577,20.676223754882812
1290,3,0,5.375,5.378622546995757,completed,5.418326112994691,43.32611299469136,20.636032104492188
1291,0,0,5.379166666666666,5.3831973370106425,completed,5.422876316995826,43.70965032915919,20.605087280273438
1292,1,1,5.383333333333333,5.388001493993215,dropped_dispatch_late,,,
1293,2,1,5.3875,5.388016482989769,dropped_queue_full,,,
1294,3,1,5.391666666666667,5.391804268001579,dropped_queue_full,,,
1295,0,1,5.395833333333333,5.395898285991279,dropped_queue_full,,,
1296,1,0,5.4,5.400008204014739,completed,5.427475945005426,27.475945005425828,20.74687957763672
1297,2,0,5.404166666666667,5.4046077220118605,completed,5.43210639199242,27.939725325753173,20.70479965209961
1298,3,0,5.408333333333333,5.409190578007838,completed,5.436695189011516,28.361855678182835,20.560991287231445
1299,0,0,5.4125,5.4137432470161,completed,5.441271834017243,28.77183401724359,20.637887954711914
1300,1,1,5.416666666666667,5.418318509007804,completed,5.450425012997584,33.758346330917455,20.45305633544922
1301,2,1,5.420833333333333,5.422870876995148,completed,5.4549994230037555,34.16608967042212,20.525087356567383
1302,3,1,5.425,5.427469493006356,completed,5.459809129999485,34.809129999485044,20.284160614013672
1303,0,1,5.429166666666666,5.432099539000774,completed,5.459797648014501,30.630981347834485,15.688863754272461
1304,1,0,5.433333333333334,5.436687654990237,completed,5.468971015012357,35.637681679023814,18.82601547241211
1305,2,0,5.4375,5.4412664440169465,completed,5.473552800016478,36.052800016477704,20.50649642944336
1306,3,0,5.441666666666666,5.445836175000295,dropped_dispatch_late,,,
1307,0,0,5.445833333333333,5.445844300993485,completed,5.478152608004166,32.319274670832954,20.482816696166992
1308,1,1,5.45,5.450418751017423,completed,5.482729653012939,32.72965301293862,15.797568321228027
1309,2,1,5.454166666666667,5.454992429993581,completed,5.492060079006478,37.89341233981158,15.583168029785156
1310,3,1,5.458333333333333,5.459792078007013,completed,5.492715474014403,34.38214068107026,32.67417526245117
1311,0,1,5.4625,5.464378720993409,completed,5.498063553997781,35.56355399778077,20.516063690185547
1312,1,0,5.466666666666667,5.468964542989852,completed,5.503115471015917,36.44880434925035,20.463775634765625
1313,2,0,5.470833333333333,5.473545756016392,completed,5.508840257010888,38.00692367755509,20.527231216430664
1314,3,0,5.475,5.478146856999956,completed,5.513424005010165,38.42400501016563,20.36275291442871
1315,0,0,5.479166666666667,5.48272306099534,completed,5.52254506200552,43.378395338852904,20.420320510864258
1316,1,1,5.483333333333333,5.487286168994615,completed,5.527124190994073,43.79085766073931,20.428192138671875
1317,2,1,5.4875,5.492052924993914,dropped_dispatch_late,,,
1318,3,1,5.491666666666666,5.492068544990616,dropped_queue_full,,,
1319,0,1,5.495833333333334,5.495846372010419,dropped_queue_full,,,
1320,1,0,5.5,5.500108569016447,dropped_queue_full,,,
1321,2,0,5.504166666666666,5.504222524003126,completed,5.5317073680053,27.54070133863351,20.475936889648438
1322,3,0,5.508333333333333,5.508833143016091,completed,5.536295864993008,27.962531659674994,20.50351905822754
1323,0,0,5.5125,5.51341606900678,completed,5.540930921008112,28.43092100811173,20.48691177368164
1324,1,1,5.516666666666667,5.517994046997046,completed,5.545521591993747,28.85492532708067,20.50998306274414
1325,2,1,5.520833333333333,5.522539691999555,completed,5.550131238996983,29.297905663649537,20.45564842224121
1326,3,1,5.525,5.527117799007101,completed,5.554696701990906,29.696701990905794,20.628543853759766
1327,0,1,5.529166666666667,5.531700305000413,completed,5.56383533301414,34.66866634747312,20.485055923461914
1328,1,0,5.533333333333333,5.53628821100574,completed,5.5638449609978124,30.511627664479235,15.86355209350586
1329,2,0,5.5375,5.540925490000518,completed,5.573014911991777,35.514911991777254,20.681856155395508
1330,3,0,5.541666666666667,5.545515108999098,completed,5.57760518201394,35.9385153472731,20.7956485748291
1331,0,0,5.545833333333333,5.550124606001191,dropped_dispatch_late,,,
1332,1,1,5.55,5.550139263999881,completed,5.58219488200848,32.194882008480086,20.80303955078125
1333,2,1,5.554166666666666,5.554688937001629,completed,5.58675928300363,32.592616336963864,15.75603199005127
1334,3,1,5.558333333333334,5.559267495002132,completed,5.591369010013295,33.03567667996177,15.827424049377441
1335,0,1,5.5625,5.563830002996838,completed,5.596553198993206,34.053198993206024,32.4854736328125
1336,1,0,5.566666666666666,5.568444339005509,completed,5.602045853011077,35.37918634441084,20.743040084838867
1337,2,0,5.570833333333333,5.5730076280015055,completed,5.607379855995532,36.546522662199266,21.000640869140625
1338,3,0,5.575,5.577597527997568,completed,5.613199653016636,38.19965301663597,20.894880294799805
1339,0,0,5.579166666666667,5.582188630010933,completed,5.621371457003988,42.20479033732172,21.001760482788086
1340,1,1,5.583333333333333,5.586752008995973,completed,5.625952570000663,42.61923666733036,20.684223175048828
1341,2,1,5.5875,5.591361085011158,completed,5.630520256992895,43.0202569928948,20.81808090209961
1342,3,1,5.591666666666667,5.596547377994284,dropped_dispatch_late,,,
1343,0,1,5.595833333333333,5.596563047001837,completed,5.635133550997125,39.30021766379177,15.75596809387207
1344,1,0,5.6,5.601237246999517,dropped_queue_full,,,
1345,2,0,5.604166666666667,5.604213190992596,dropped_queue_full,,,
1346,3,0,5.608333333333333,5.608356903016102,completed,5.6397283200058155,31.394986672482084,26.17251205444336
1347,0,0,5.6125,5.613191798009211,dropped_queue_full,,,
1348,1,1,5.616666666666666,5.616743084014161,completed,5.64433872900554,27.672062338873538,21.018720626831055
1349,2,1,5.620833333333334,5.62136612701579,completed,5.653540889994474,32.70755666114056,20.820608139038086
1350,3,1,5.625,5.625938562996453,completed,5.658137883991003,33.13788399100304,15.8089599609375
1351,0,1,5.629166666666666,5.6305133040004876,completed,5.662714177015005,33.54751034833825,25.93129539489746
1352,1,0,5.633333333333333,5.635128160996828,completed,5.6673171120055486,33.98377867221569,20.780128479003906
1353,2,0,5.6375,5.639720686012879,completed,5.671875961998012,34.37596199801174,20.799968719482422
1354,3,0,5.641666666666667,5.6443320760154165,completed,5.67647792500793,34.81125834126342,20.683616638183594
1355,0,0,5.645833333333333,5.648909431998618,completed,5.676466353004798,30.633019671465256,16.053279876708984
1356,1,1,5.65,5.6535338170069735,completed,5.685758395993616,35.75839599361608,20.659103393554688
1357,2,1,5.654166666666667,5.658130390016595,completed,5.690907768002944,36.74110133627728,20.715999603271484
1358,3,1,5.658333333333333,5.662705019989517,dropped_dispatch_late,,,
1359,0,1,5.6625,5.6627298170060385,completed,5.696542391990079,34.04239199007897,20.56844711303711
1360,1,0,5.666666666666667,5.667310719989473,completed,5.705970392999006,39.30372633233947,15.703392028808594
1361,2,0,5.670833333333333,5.671868889010511,completed,5.710576373006916,39.74303967358228,15.789407730102539
1362,3,0,5.675,5.67646086300374,completed,5.711972174991388,36.97217499138805,35.1610221862793
1363,0,0,5.679166666666666,5.68103358001099,completed,5.721387191006215,42.22052433954904,20.563295364379883
1364,1,1,5.683333333333334,5.6855842049990315,dropped_queue_full,,,
1365,2,1,5.6875,5.68750059499871,dropped_queue_full,,,
1366,3,1,5.691666666666666,5.691867862013169,completed,5.726036453008419,34.36978634175247,10.809920310974121
1367,0,1,5.695833333333333,5.69653620099416,completed,5.72601784800645,30.18451467311678,6.028831958770752
1368,1,0,5.7,5.70115864201216,completed,5.7260276669985615,26.027666998561294,21.98249626159668
1369,2,0,5.704166666666667,5.705963790998794,completed,5.739792706997832,35.626040331165676,31.463680267333984
1370,3,0,5.708333333333333,5.710568889015121,dropped_queue_full,,,
1371,0,0,5.7125,5.71263700799318,dropped_queue_full,,,
1372,1,1,5.716666666666667,5.716696740011685,completed,5.744441087008454,27.77442034178712,20.62656021118164
1373,2,1,5.720833333333333,5.721381840994582,completed,5.753711508994456,32.878175661123166,10.796064376831055
1374,3,1,5.725,5.726012347993674,completed,5.758379266015254,33.379266015254316,28.40598487854004
1375,0,1,5.729166666666667,5.730638706998434,completed,5.7629966879903805,33.83002132371349,28.961536407470703
1376,1,0,5.733333333333333,5.735206745011965,completed,5.767646622000029,34.31328866669592,20.651552200317383
1377,2,0,5.7375,5.739785512996605,completed,5.7722621700086165,34.7621700086167,20.785663604736328
1378,3,0,5.741666666666666,5.744434424996143,completed,5.772271627996815,30.604961330149116,15.945664405822754
1379,0,0,5.745833333333334,5.749095309001859,completed,5.781485753017478,35.65241968414412,20.454431533813477
1380,1,1,5.75,5.753704225004185,completed,5.786081744008698,36.08174400869757,20.425567626953125
1381,2,1,5.754166666666666,5.758371692005312,dropped_dispatch_late,,,
1382,3,1,5.758333333333333,5.758387231995584,completed,5.7952931729960255,36.95983966269267,20.283103942871094
1383,0,1,5.7625,5.762991308001801,completed,5.800142095016781,37.64209501678106,15.507488250732422
1384,1,0,5.766666666666667,5.767640239995671,completed,5.801589515001979,34.92284833531212,15.606368064880371
1385,2,0,5.770833333333333,5.772255196992774,completed,5.806562882993603,35.72954966027009,33.934207916259766
1386,3,0,5.775,5.776899490010692,completed,5.811746290011797,36.746290011796745,20.410720825195312
1387,0,0,5.779166666666667,5.781480353005463,completed,5.817174382013036,38.00771534636915,20.600255966186523
1388,1,1,5.783333333333333,5.786075251991861,completed,5.826326509006321,42.993175672988215,20.516000747680664
1389,2,1,5.7875,5.7906863410025835,completed,5.830931025993777,43.431025993777794,20.75619125366211
1390,3,1,5.791666666666667,5.795285419007996,completed,5.835522217996186,43.85555132951868,20.54159927368164
1391,0,1,5.795833333333333,5.8001368250115775,dropped_dispatch_late,,,
1392,1,0,5.8,5.8001518239907455,dropped_queue_full,,,
1393,2,0,5.804166666666666,5.804267161991447,dropped_queue_full,,,
1394,3,0,5.808333333333334,5.808423937996849,dropped_queue_full,,,
1395,0,0,5.8125,5.812537463003537,completed,5.840113621001365,27.613621001364663,20.628000259399414
1396,1,1,5.816666666666666,5.817169112007832,completed,5.844723849004367,28.057182337700937,20.619359970092773
1397,2,1,5.820833333333333,5.821741098014172,completed,5.849398840015056,28.565506681722752,20.593856811523438
1398,3,1,5.825,5.82631992601091,completed,5.853996615012875,28.99661501287465,20.77827262878418
1399,0,1,5.829166666666667,5.830923781992169,completed,5.858626319997711,29.4596533310445,20.690784454345703
1400,1,0,5.833333333333333,5.8355145739915315,completed,5.86782199901063,34.488665677296915,20.634431838989258
1401,2,0,5.8375,5.840108320990112,completed,5.872413081000559,34.91308100055868,20.692928314208984
1402,3,0,5.841666666666667,5.844717336993199,completed,5.872422489017481,30.7558223508142,15.897088050842285
1403,0,0,5.845833333333333,5.849391916999593,completed,5.881614061014261,35.78072768092788,20.526912689208984
1404,1,1,5.85,5.853988860006211,completed,5.886230870994041,36.2308709940411,20.586719512939453
1405,2,1,5.854166666666667,5.858620788989356,dropped_dispatch_late,,,
1406,3,1,5.858333333333333,5.858635968004819,completed,5.890857872000197,32.524538666863556,20.429664611816406
1407,0,1,5.8625,5.86324858100852,completed,5.8954604850150645,32.960485015064656,15.581631660461426
1408,1,0,5.866666666666666,5.867815687000984,completed,5.900323714013211,33.65704734654518,15.486335754394531
1409,2,0,5.870833333333334,5.8724060480017215,completed,5.9051266789902,34.29334565686659,32.4936637878418
1410,3,0,5.875,5.87701986299362,completed,5.9104316369921435,35.43163699214347,20.511775970458984
1411,0,0,5.879166666666666,5.88160886100377,completed,5.917282091017114,38.11542435044757,20.75721549987793
1412,1,1,5.883333333333333,5.886224699992454,completed,5.920903210004326,37.5698766709931,20.759071350097656
1413,2,1,5.8875,5.890850568015594,completed,5.930132011999376,42.63201199937594,20.762239456176758
1414,3,1,5.891666666666667,5.895455215009861,completed,5.93472711200593,43.06044533926379,20.612224578857422
1415,0,1,5.895833333333333,5.900317271996755,dropped_dispatch_late,,,
1416,1,0,5.9,5.900333052006317,completed,5.939347278996138,39.34727899613755,15.67692756652832
1417,2,0,5.904166666666667,5.904942238004878,dropped_queue_full,,,
1418,3,0,5.908333333333333,5.908387823990779,dropped_queue_full,,,
1419,0,0,5.9125,5.912641033995897,completed,5.943937278992962,31.437278992962447,25.878944396972656
1420,1,1,5.916666666666667,5.917276911000954,dropped_queue_full,,,
1421,2,1,5.920833333333333,5.920896868017735,completed,5.948555301991291,27.72196865795795,20.687999725341797
1422,3,1,5.925,5.925531503016828,completed,5.953172292996896,28.17229299689661,20.67375946044922
1423,0,1,5.929166666666666,5.930125379993115,completed,5.957792410015827,28.625743349160793,15.760479927062988
1424,1,0,5.933333333333334,5.934719247015892,completed,5.967095293017337,33.76195968400353,25.64076805114746
1425,2,0,5.9375,5.939340767014073,completed,5.971745337010361,34.245337010361254,20.714431762695312
1426,3,0,5.941666666666666,5.9439317579963244,completed,5.976360725006089,34.694058339422185,20.566848754882812
1427,0,0,5.945833333333333,5.948548118001781,completed,5.980988366005477,35.155032672143705,20.41584014892578
1428,1,1,5.95,5.953164689010009,completed,5.980998354993062,30.998354993061916,15.817536354064941
1429,2,1,5.954166666666667,5.957786999992095,completed,5.990176081017125,36.00941435045879,20.29302406311035
1430,3,1,5.958333333333333,5.962433717009844,completed,5.994780027016532,36.44669368319864,20.554912567138672
1431,0,1,5.9625,5.967088791017886,dropped_dispatch_late,,,
1432,1,0,5.966666666666667,5.9671041300171055,completed,5.999409290991025,32.74262432435826,20.383359909057617
1433,2,0,5.970833333333333,5.9717384339892305,completed,6.004241231014021,33.407897680687526,15.604607582092285
1434,3,0,5.975,5.976353250996908,completed,6.009121401992161,34.12140199216118,15.659808158874512
1435,0,0,5.979166666666667,5.9809829860168975,completed,6.0142480109934695,35.081344326802544,33.02560043334961
1436,1,1,5.983333333333333,5.985565732000396,completed,6.021405097999377,38.071764666043784,20.362112045288086
1437,2,1,5.9875,5.990169046999654,completed,6.024691961996723,37.191961996723144,20.594816207885742
1438,3,1,5.991666666666666,5.994772322010249,completed,6.033814021007856,42.1473543411901,20.573408126831055
1439,0,1,5.995833333333334,5.999402938992716,completed,6.038445019017672,42.611685684338596,20.575231552124023
1440,1,0,6.0,6.004234237014316,dropped_dispatch_late,,,
1441,2,0,6.004166666666666,6.004249557008734,completed,6.043066168000223,38.899501333556685,15.806303977966309
1442,3,0,6.008333333333333,6.009113887994317,completed,6.047667689999798,39.33435666646545,15.566495895385742
1443,0,0,6.0125,6.013756858010311,dropped_queue_full,,,
1444,1,1,6.016666666666667,6.0167396450124215,completed,6.052276816015365,35.610149348697995,31.170560836791992
1445,2,1,6.020833333333333,6.021398976008641,dropped_queue_full,,,
1446,3,1,6.025,6.025010878016474,dropped_queue_full,,,
1447,0,1,6.029166666666667,6.029213291010819,completed,6.056873248016927,27.706581350260606,20.782272338867188
1448,1,0,6.033333333333333,6.033806516992627,completed,6.0661458740069065,32.81254067357331,10.890624046325684
1449,2,0,6.0375,6.0384395889996085,completed,6.070780267997179,33.280267997179536,26.038816452026367
1450,3,0,6.041666666666667,6.043059115007054,completed,6.075427937001223,33.76127033455578,26.279552459716797
1451,0,0,6.045833333333333,6.047660025011282,completed,6.080045128997881,34.21179566454757,20.96463966369629
1452,1,1,6.05,6.0522705240000505,completed,6.084625520015834,34.62552001583408,20.42838478088379
1453,2,1,6.054166666666666,6.056868037994718,completed,6.089234456012491,35.067789345824885,20.618688583374023
1454,3,1,6.058333333333334,6.061494307010435,completed,6.089243754016934,30.910420683600393,15.784799575805664
1455,0,1,6.0625,6.066139542002929,completed,6.098424435011111,35.9244350111112,20.538368225097656
1456,1,0,6.066666666666666,6.070773204002762,completed,6.1030422569892835,36.37559032261706,20.522687911987305
1457,2,0,6.070833333333333,6.075420662993565,dropped_dispatch_late,,,
1458,3,0,6.075,6.075435872015078,completed,6.112473293993389,37.473293993389056,20.515424728393555
1459,0,0,6.079166666666667,6.080039747990668,completed,6.117088021012023,37.921354345356484,15.668255805969238
1460,1,1,6.083333333333333,6.084619068016764,completed,6.118690375005826,35.35704167249332,15.539168357849121
1461,2,1,6.0875,6.089227251999546,completed,6.123745779012097,36.24577901209669,34.28908920288086
1462,3,1,6.091666666666667,6.0938411579991225,completed,6.1291151189943776,37.44845232771077,20.51795196533203
1463,0,1,6.095833333333333,6.09841907399823,completed,6.138453279010719,42.61994567738547,20.728864669799805
1464,1,0,6.1,6.103035945008742,completed,6.143083716015099,43.08371601509897,20.763551712036133
1465,2,0,6.104166666666667,6.107862274016952,completed,6.147682231996441,43.5155653297743,20.71455955505371
1466,3,0,6.108333333333333,6.112465648999205,completed,6.152281609014608,43.94827568127457,20.506240844726562
1467,0,0,6.1125,6.11708255999838,dropped_dispatch_late,,,
1468,1,1,6.116666666666666,6.1170978489972185,dropped_queue_full,,,
1469,2,1,6.120833333333334,6.120895984990057,dropped_queue_full,,,
1470,3,1,6.125,6.125010190997273,dropped_queue_full,,,
1471,0,1,6.129166666666666,6.129274642007658,completed,6.156865838012891,27.69917134622446,20.499391555786133
1472,1,0,6.133333333333333,6.133854051993694,completed,6.161465256009251,28.13192267591802,20.241504669189453
1473,2,0,6.1375,6.138447859004373,completed,6.16606054600561,28.5605460056102,20.485919952392578
1474,3,0,6.141666666666667,6.143077293992974,completed,6.170637700997759,28.97103433109205,20.307008743286133
1475,0,0,6.145833333333333,6.147675248008454,completed,6.179915076005273,34.08174267193953,20.469024658203125
1476,1,1,6.15,6.152274165011477,completed,6.184522799012484,34.522799012483674,20.461280822753906
1477,2,1,6.154166666666667,6.156860287999734,completed,6.189120313007152,34.95364634048492,20.406112670898438
1478,3,1,6.158333333333333,6.161458713992033,completed,6.189129550999496,30.796217666162917,15.728960037231445
1479,0,1,6.1625,6.166053471999476,completed,6.198347402008949,35.8474020089492,20.425600051879883
1480,1,0,6.166666666666667,6.170630227017682,completed,6.202915711008245,36.24904434157816,20.618911743164062
1481,2,0,6.170833333333333,6.175285239994992,dropped_dispatch_late,,,
1482,3,0,6.175,6.175293245993089,completed,6.2075183849956375,32.51838499563764,20.51535987854004
1483,0,0,6.179166666666666,6.179909705999307,completed,6.212348531000316,33.18186433364989,15.558239936828613
1484,1,1,6.183333333333334,6.184516487002838,completed,6.216988325002603,33.65499166926966,15.632831573486328
1485,2,1,6.1875,6.189113289990928,completed,6.222062746004667,34.56274600466713,32.71744155883789
1486,3,1,6.191666666666666,6.193729088990949,completed,6.227274316013791,35.60764934712424,20.368640899658203
1487,0,1,6.195833333333333,6.198341962008271,completed,6.234019469993655,38.18613666032178,20.577312469482422
1488,1,0,6.2,6.202909139014082,completed,6.237639347004006,37.63934700400551,20.563007354736328
1489,2,0,6.204166666666667,6.207510961015942,completed,6.246819307008991,42.65264034232441,20.581663131713867
1490,3,0,6.208333333333333,6.212343051010976,completed,6.2514139949926175,43.08066165928448,20.569408416748047
1491,0,0,6.2125,6.216981862991815,dropped_dispatch_late,,,
1492,1,1,6.216666666666667,6.216996681003366,completed,6.256029823998688,39.363157332021004,15.676351547241211
1493,2,1,6.220833333333333,6.22156953898957,dropped_queue_full,,,
1494,3,1,6.225,6.225057575007668,dropped_queue_full,,,
1495,0,1,6.229166666666667,6.229169035999803,completed,6.260640563006746,31.47389634007869,25.76188850402832
1496,1,0,6.233333333333333,6.234014150017174,dropped_queue_full,,,
1497,2,0,6.2375,6.2376330950064585,completed,6.265272723016096,27.772723016096457,20.670047760009766
1498,3,0,6.241666666666666,6.242240277992096,completed,6.2698562309960835,28.189564329417216,20.49260711669922
1499,0,0,6.245833333333334,6.2468123430153355,completed,6.2744532340148,28.619900681466248,15.689920425415039
1500,1,1,6.25,6.251406401017448,completed,6.283676566003123,33.6765660031233,25.574848175048828
1501,2,1,6.254166666666666,6.256023262016242,completed,6.288312221993692,34.14555532702579,20.597856521606445
1502,3,1,6.258333333333333,6.260635293001542,completed,6.292922460997943,34.589127664609975,20.869312286376953
1503,0,1,6.2625,6.265265719994204,completed,6.2975236019992735,35.023601999273346,20.53705596923828
1504,1,0,6.266666666666667,6.269848616007948,completed,6.297533350007143,30.866683340476264,15.959839820861816
1505,2,0,6.270833333333333,6.274447794014122,completed,6.306718278996414,35.884945663080536,20.48543930053711
1506,3,0,6.275,6.27906163901207,completed,6.311326563998591,36.3265639985908,20.505216598510742
1507,0,0,6.279166666666667,6.283670094009722,dropped_dispatch_late,,,
1508,1,1,6.283333333333333,6.283685553004034,completed,6.316189461998874,32.85612866554111,20.441471099853516
1509,2,1,6.2875,6.288305299007334,completed,6.320810411009006,33.31041100900656,15.646431922912598
1510,3,1,6.291666666666667,6.292915027006529,completed,6.326069572009146,34.40290534247925,15.731616020202637
1511,0,1,6.295833333333333,6.297518111008685,completed,6.3312723860144615,35.439052681128125,33.414527893066406
1512,1,0,6.3,6.302133880002657,completed,6.33656692400109,36.566924001090406,20.597984313964844
1513,2,0,6.304166666666666,6.30671108601382,completed,6.342164869012777,37.99820234611051,20.88252830505371
1514,3,0,6.308333333333334,6.311319089989411,completed,6.351330962002976,42.997628669642296,20.778079986572266
1515,0,0,6.3125,6.316182848997414,completed,6.355920289992355,43.42028999235481,20.783039093017578
1516,1,1,6.316666666666666,6.320803226990392,completed,6.360518586006947,43.85191934028043,20.48406410217285
1517,2,1,6.320833333333333,6.325414888007799,dropped_dispatch_late,,,
1518,3,1,6.325,6.325422713009175,dropped_queue_full,,,
1519,0,1,6.329166666666667,6.329212932992959,dropped_queue_full,,,
1520,1,0,6.333333333333333,6.333484007016523,dropped_queue_full,,,
1521,2,0,6.3375,6.3375156660040375,completed,6.365168510004878,27.66851000487769,20.644384384155273
1522,3,0,6.341666666666667,6.3421580260037445,completed,6.369782996014692,28.116329348025104,20.613983154296875
1523,0,0,6.345833333333333,6.346753596008057,completed,6.374375370010966,28.54203667763322,20.602880477905273
1524,1,1,6.35,6.351323448005132,completed,6.3789754990139045,28.975499013904837,20.627647399902344
1525,2,1,6.354166666666667,6.355915151012596,completed,6.3835934520175215,29.426785350854523,20.645952224731445
1526,3,1,6.358333333333333,6.360512154002208,completed,6.388223657995695,29.890324662361856,20.453567504882812
1527,0,1,6.3625,6.3651615460112225,completed,6.397432062018197,34.93206201819721,20.49772834777832
1528,1,0,6.366666666666666,6.369775491999462,completed,6.39744174000225,30.775073335584047,15.743328094482422
1529,2,0,6.370833333333334,6.37436973999138,completed,6.40659759400296,35.76426066962668,20.572032928466797
1530,3,0,6.375,6.378968997014454,completed,6.411227700009476,36.22770000947639,20.585472106933594
1531,0,0,6.379166666666666,6.383586087991716,dropped_dispatch_late,,,
1532,1,1,6.383333333333333,6.383601728011854,completed,6.415834982995875,32.50164966254232,20.47043228149414
1533,2,1,6.3875,6.3882159540080465,completed,6.4206620329932775,33.16203299327736,15.572959899902344
1534,3,1,6.391666666666667,6.392822574998718,completed,6.425254327012226,33.58766034555938,15.551360130310059
1535,0,1,6.395833333333333,6.397426451003412,completed,6.429873212007806,34.03987867447267,32.207584381103516
1536,1,0,6.4,6.402016901993193,completed,6.434959064004943,34.95906400494242,20.521120071411133
1537,2,0,6.404166666666667,6.406590700993547,completed,6.442177757009631,38.01109034296424,20.51136016845703
1538,3,0,6.408333333333333,6.41121982500772,completed,6.445274360012263,36.941026678929845,20.48307228088379
1539,0,0,6.4125,6.415828691009665,completed,6.454732979007531,42.23297900753131,20.50377655029297
1540,1,1,6.416666666666667,6.420655130001251,completed,6.459316816995852,42.65015032918473,20.50819206237793
1541,2,1,6.420833333333333,6.4252469330094755,dropped_dispatch_late,,,
1542,3,1,6.425,6.425262172007933,completed,6.463913740008138,38.9137400081383,15.581151962280273
1543,0,1,6.429166666666666,6.4298681920045055,completed,6.46849530399777,39.3286373311037,15.613792419433594
1544,1,0,6.433333333333334,6.434483810997335,dropped_queue_full,,,
1545,2,0,6.4375,6.437503407010809,completed,6.47311990999151,35.61990999151021,30.958784103393555
1546,3,0,6.441666666666666,6.442170683993027,dropped_queue_full,,,
1547,0,0,6.445833333333333,6.445907262997935,dropped_queue_full,,,
1548,1,1,6.45,6.450111960002687,completed,6.477724026015494,27.72402601549384,20.85865592956543
1549,2,1,6.454166666666667,6.454727819014806,completed,6.48695244800183,32.7857813351633,10.88815975189209
1550,3,1,6.458333333333333,6.4593105649983045,completed,6.491560141002992,33.22680766965913,26.271583557128906
1551,0,1,6.4624999999999995,6.463906135992147,completed,6.496219182008645,33.7191820086451,26.321056365966797
1552,1,0,6.466666666666667,6.468490033992566,completed,6.500869587005582,34.20292033891492,21.081375122070312
1553,2,0,6.470833333333333,6.473113015992567,completed,6.505529999994906,34.69666666157245,20.645856857299805
1554,3,0,6.475,6.477717703994131,completed,6.510164934996283,35.16493499628304,20.644287109375
1555,0,0,6.479166666666667,6.482329074002337,completed,6.510153253009776,30.98658634310869,15.921631813049316
1556,1,1,6.483333333333333,6.486938371002907,completed,6.519418525014771,36.085191681437756,19.918272018432617
1557,2,1,6.4875,6.491552537016105,completed,6.524287925014505,36.78792501450534,20.402368545532227
1558,3,1,6.491666666666666,6.496213751990581,dropped_dispatch_late,,,
1559,0,1,6.495833333333334,6.4962288300157525,completed,6.533499935991131,37.6666026577972,20.33955192565918
1560,1,0,6.5,6.500863365014084,completed,6.534117759991204,34.117759991204366,15.673376083374023
1561,2,0,6.504166666666666,6.50552319700364,completed,6.539801828010241,35.63516134357414,15.794560432434082
1562,3,0,6.508333333333333,6.510147793014767,completed,6.5446904150012415,36.35708166790863,34.25193786621094
1563,0,0,6.5125,6.514797105017351,completed,6.550589571997989,38.08957199798879,20.512863159179688
1564,1,1,6.516666666666667,6.5194121730164625,completed,6.5552765160100535,38.60984934338685,20.776416778564453
1565,2,1,6.520833333333333,6.52428080199752,completed,6.564484419010114,43.65108567678089,20.52137565612793
1566,3,1,6.5249999999999995,6.528895308001665,completed,6.569095218001166,44.09521800116689,20.778432846069336
1567,0,1,6.529166666666667,6.533494275005069,dropped_dispatch_late,,,
1568,1,0,6.533333333333333,6.53350960399257,dropped_queue_full,,,
1569,2,0,6.5375,6.537650540994946,dropped_queue_full,,,
1570,3,0,6.541666666666667,6.541686537995702,dropped_queue_full,,,
1571,0,0,6.545833333333333,6.545950939995237,completed,6.573743228014791,27.909894681457992,20.81875228881836
1572,1,1,6.55,6.5505842519924045,completed,6.57833120401483,28.33120401483047,20.79657554626465
1573,2,1,6.554166666666666,6.555270123993978,completed,6.582925221009646,28.75855434297936,20.83945655822754
1574,3,1,6.558333333333334,6.55987724600709,completed,6.587504169991007,29.170836657673505,20.864736557006836
1575,0,1,6.5625,6.564477525011171,completed,6.592110441008117,29.61044100811705,20.878559112548828
1576,1,0,6.566666666666666,6.569087884010514,completed,6.596722582995426,30.05591632875948,20.7109432220459
1577,2,0,6.570833333333333,6.573737736995099,completed,6.605929432989797,35.096099656463764,20.670623779296875
1578,3,0,6.575,6.578324792004423,completed,6.605939052009489,30.93905200948921,15.792511940002441
1579,0,0,6.579166666666667,6.5829182880115695,completed,6.615252313989913,36.085647323246484,20.670495986938477
1580,1,1,6.583333333333333,6.587496705993544,completed,6.619814672012581,36.48133867924752,20.848447799682617
1581,2,1,6.5874999999999995,6.5921047200099565,dropped_dispatch_late,,,
1582,3,1,6.591666666666667,6.592120540008182,completed,6.625045369000873,33.37870233420581,20.676223754882812
1583,0,1,6.595833333333333,6.5967160900181625,completed,6.629663511994295,33.83017866096161,15.77564811706543
1584,1,0,6.6,6.6012970129959285,completed,6.634272087016143,34.27208701614326,15.852736473083496
1585,2,0,6.604166666666667,6.605922599992482,completed,6.638870663009584,34.70399634291699,32.6814079284668
1586,3,0,6.608333333333333,6.6105979419953655,completed,6.643957697000587,35.62436366725397,20.581472396850586
1587,0,0,6.6125,6.615246903995285,completed,6.6494295120064635,36.92951200646366,20.809951782226562
1588,1,1,6.616666666666666,6.619808229006594,completed,6.65892485101358,42.258184346914085,20.563968658447266
1589,2,1,6.620833333333334,6.62503766399459,dropped_dispatch_late,,,
1590,3,1,6.625,6.625053633993957,completed,6.663550338009372,38.550338009372354,15.685600280761719
1591,0,1,6.629166666666666,6.629658412013669,completed,6.668160286004422,38.9936193377558,15.595871925354004
1592,1,0,6.633333333333333,6.634265635017073,completed,6.672778609005036,39.44527567170297,15.635583877563477
1593,2,0,6.6375,6.638863369007595,completed,6.6796237230009865,42.123723000986324,36.231903076171875
1594,3,0,6.641666666666667,6.643491451017326,dropped_queue_full,,,
1595,0,0,6.645833333333333,6.645855633018073,dropped_queue_full,,,
1596,1,1,6.6499999999999995,6.650065310008358,dropped_queue_full,,,
1597,2,1,6.654166666666667,6.654266842000652,completed,6.6842139340005815,30.047267333914718,5.985951900482178
1598,3,1,6.658333333333333,6.658918539003935,completed,6.684223090996966,25.88975766363255,21.850784301757812
1599,0,1,6.6625,6.663542824011529,completed,6.688810485997237,26.31048599723762,21.405120849609375
1600,1,0,6.666666666666667,6.668154946004506,completed,6.698036192014115,31.36952534744797,26.485631942749023
1601,2,0,6.670833333333333,6.672772107005585,dropped_queue_full,,,
1602,3,0,6.675,6.675004738994176,completed,6.702849916997366,27.84991699736583,20.6845760345459
1603,0,0,6.679166666666666,6.679616640001768,completed,6.712048451998271,32.881785331604796,20.68172836303711
1604,1,1,6.683333333333334,6.684207061014604,completed,6.716680712008383,33.347378675049555,15.835519790649414
1605,2,1,6.6875,6.6888052560098,completed,6.721307422005339,33.807422005338594,28.766624450683594
1606,3,1,6.691666666666666,6.693433287990047,completed,6.7261240420048125,34.45737533814608,20.48192024230957
1607,0,1,6.695833333333333,6.698030021012528,completed,6.730712809017859,34.87947568452654,20.616159439086914
1608,1,0,6.7,6.702842102007708,completed,6.730722398002399,30.722398002398954,15.838047981262207
1609,2,0,6.704166666666667,6.707441801001551,completed,6.739937294012634,35.770627345967476,20.53718376159668
1610,3,0,6.708333333333333,6.712043181993067,completed,6.744572119001532,36.238785668198936,20.53539276123047
1611,0,0,6.7124999999999995,6.716674340015743,dropped_dispatch_late,,,
1612,1,1,6.716666666666667,6.716689719003625,completed,6.749201764003374,32.5350973367069,20.417760848999023
1613,2,1,6.720833333333333,6.721300428005634,completed,6.758385280001676,37.551946668342495,15.520095825195312
1614,3,1,6.725,6.7261162569921,completed,6.759673918015324,34.673918015323935,15.643487930297852
1615,0,1,6.729166666666667,6.730707479000557,completed,6.764690859010443,35.52419234377613,33.68073654174805
1616,1,0,6.733333333333333,6.735362192004686,completed,6.769902780011762,36.56944667842854,20.498336791992188
1617,2,0,6.7375,6.739930361014558,completed,6.775487400009297,37.98740000929701,20.730623245239258
1618,3,0,6.741666666666666,6.744564433989581,completed,6.784631841990631,42.96517532396482,20.630495071411133
1619,0,0,6.745833333333334,6.749195081007201,completed,6.789208305999637,43.37497266630308,20.529375076293945
1620,1,1,6.75,6.7537876260175835,completed,6.793787564995,43.78756499500014,20.53094482421875
1621,2,1,6.754166666666666,6.758378436992643,dropped_dispatch_late,,,
1622,3,1,6.758333333333333,6.75839365599677,dropped_queue_full,,,
1623,0,1,6.7625,6.762632669007871,dropped_queue_full,,,
1624,1,0,6.766666666666667,6.76673824901809,dropped_queue_full,,,
1625,2,0,6.770833333333333,6.770851934008533,completed,6.798424153996166,27.590820662832805,20.51798439025879
1626,3,0,6.7749999999999995,6.77547764100018,completed,6.803232558013406,28.232558013406184,20.363359451293945
1627,0,0,6.779166666666667,6.780075135000516,completed,6.807836774998577,28.670108331910527,20.64022445678711
1628,1,1,6.783333333333333,6.784624348016223,completed,6.81244948800304,29.116154669706518,20.44655990600586
1629,2,1,6.7875,6.789203026011819,completed,6.817093060002662,29.593060002662597,20.48531150817871
1630,3,1,6.791666666666667,6.7937810930015985,completed,6.821705442009261,30.038775342593915,20.483680725097656
1631,0,1,6.795833333333333,6.798417150013847,completed,6.831192044017371,35.3587106840374,20.526208877563477
1632,1,0,6.8,6.8032253150013275,completed,6.83120179301477,31.20179301477055,15.941311836242676
1633,2,0,6.804166666666666,6.807831534999423,completed,6.840402511996217,36.23584532955082,19.9716796875
1634,3,0,6.808333333333334,6.812443016009638,completed,6.845010145014385,36.67681168105119,20.52070426940918
1635,0,0,6.8125,6.817086177004967,dropped_dispatch_late,,,
1636,1,1,6.816666666666666,6.817101376014762,completed,6.849587200005772,32.92053333910516,20.505887985229492
1637,2,1,6.820833333333333,6.821697908017086,completed,6.854170167003758,33.33683367042539,15.722368240356445
1638,3,1,6.825,6.826535858999705,completed,6.858774794003693,33.77479400369321,15.767007827758789
1639,0,1,6.829166666666667,6.831186774012167,completed,6.863470153999515,34.30348733284827,31.724319458007812
1640,1,0,6.833333333333333,6.835807312018005,completed,6.86856802899274,35.2346956594074,20.69593620300293
1641,2,0,6.8374999999999995,6.84039568901062,completed,6.875805779010989,38.305779010989305,20.919904708862305
1642,3,0,6.841666666666667,6.845002740999917,completed,6.878859079006361,37.19241233969406,20.683712005615234
1643,0,0,6.845833333333333,6.849580918002175,completed,6.888127848011209,42.29451467787548,20.777088165283203
1644,1,1,6.85,6.854163254000014,completed,6.892728386999806,42.728386999806744,20.66975975036621
1645,2,1,6.854166666666667,6.858767260011518,dropped_dispatch_late,,,
1646,3,1,6.858333333333333,6.858782569004688,completed,6.897351240011631,39.01790667829719,15.711584091186523
1647,0,1,6.8625,6.863464774010936,completed,6.901924256992061,39.42425699206087,15.720928192138672
1648,1,0,6.866666666666666,6.8680755629902706,dropped_queue_full,,,
1649,2,0,6.870833333333334,6.870968519011512,completed,6.906759222008986,35.92588867565283,31.15123176574707
1650,3,0,6.875,6.875798815017333,dropped_queue_full,,,
1651,0,0,6.879166666666666,6.879179308016319,dropped_queue_full,,,
1652,1,1,6.883333333333333,6.883426596003119,completed,6.9113527389999945,28.019405666661612,20.720991134643555
1653,2,1,6.8875,6.888122436997946,completed,6.920511228003306,33.01122800330614,10.908448219299316
1654,3,1,6.891666666666667,6.892722015007166,completed,6.925101909000659,33.435242333992754,26.2805118560791
1655,0,1,6.895833333333333,6.897343474993249,completed,6.929897608992178,34.064275658844956,26.311296463012695
1656,1,0,6.8999999999999995,6.901919096999336,completed,6.934497056994587,34.497056994587716,20.936351776123047
1657,2,0,6.904166666666667,6.906752139009768,completed,6.9391067039978225,34.94003733115569,20.527936935424805
1658,3,0,6.908333333333333,6.911346387001686,completed,6.939115601009689,30.782267676356057,15.871423721313477
1659,0,0,6.9125,6.915943480009446,completed,6.948270633001812,35.77063300181216,20.517663955688477
1660,1,1,6.916666666666667,6.9205043140100315,completed,6.952805839013308,36.139172346641324,20.751935958862305
1661,2,1,6.920833333333333,6.925094294012524,dropped_dispatch_late,,,
1662,3,1,6.925,6.925321426009759,completed,6.96199319299194,36.99319299194048,20.57904052734375
1663,0,1,6.929166666666666,6.929892729996936,completed,6.966571950993966,37.40528432730006,15.607616424560547
1664,1,0,6.933333333333334,6.934490525018191,completed,6.971132945996942,37.79961266360843,15.687328338623047
1665,2,0,6.9375,6.939099620998604,completed,6.97320875900914,35.70875900913961,33.777313232421875
1666,3,0,6.941666666666666,6.943681425007526,completed,6.978534566995222,36.86790032855569,20.531808853149414
1667,0,0,6.945833333333333,6.9482651030120905,completed,6.988045334990602,42.21200165726913,20.724000930786133
1668,1,1,6.95,6.952799516991945,completed,6.9926497520064,42.6497520064002,20.649951934814453
1669,2,1,6.954166666666667,6.957387333008228,completed,6.997214564005844,43.04789733917769,20.661216735839844
1670,3,1,6.958333333333333,6.961985647998517,completed,7.001765740016708,43.43240668337511,20.48080062866211
1671,0,1,6.9624999999999995,6.9665665210050065,completed,7.006580517016118,44.080517016118925,20.531967163085938
1672,1,0,6.966666666666667,6.971126463002292,dropped_dispatch_late,,,
1673,2,0,6.970833333333333,6.971141823014477,dropped_queue_full,,,
1674,3,0,6.975,6.975055898015853,dropped_queue_full,,,
1675,0,0,6.979166666666667,6.979168071004096,dropped_queue_full,,,
1676,1,1,6.983333333333333,6.9834238050098065,completed,7.011148685007356,27.815351674022715,20.578367233276367
1677,2,1,6.9875,6.98803983500693,completed,7.015726982994238,28.226982994238092,20.56403160095215
1678,3,1,6.991666666666666,6.99264313999447,completed,7.020299719995819,28.63305332915278,20.57107162475586
1679,0,1,6.995833333333334,6.9972077010024805,completed,7.029469139990397,33.63580665706323,20.61743927001953
1680,1,0,7.0,7.001758096012054,completed,7.034313012001803,34.313012001803145,20.558176040649414
1681,2,0,7.004166666666666,7.006575086998055,completed,7.0389170680136885,34.75040134702212,20.59270477294922
1682,3,0,7.008333333333333,7.011142383009428,completed,7.04357752201031,35.24418867697676,20.531103134155273
1683,0,0,7.0125,7.015720160008641,completed,7.0435663709940854,31.06637099408527,15.966303825378418
1684,1,1,7.016666666666667,7.020292196015362,completed,7.052781597012654,36.11493034598734,19.380064010620117
1685,2,1,7.020833333333333,7.024893977999454,completed,7.057391164009459,36.55783067612628,20.489215850830078
1686,3,1,7.0249999999999995,7.029464199993527,dropped_dispatch_late,,,
1687,0,1,7.029166666666667,7.029683978005778,completed,7.062013646005653,32.84697933898606,20.419391632080078
1688,1,0,7.033333333333333,7.034306499001104,completed,7.066637169016758,33.303835683424765,15.65555191040039
1689,2,0,7.0375,7.038910025003133,completed,7.071856244001538,34.35624400153792,15.728608131408691
1690,3,0,7.041666666666667,7.043561061000219,completed,7.076748608000344,35.0819413336767,32.97983932495117
1691,0,0,7.045833333333333,7.048224069003481,completed,7.082271751016378,36.43841768304501,20.469280242919922
1692,1,1,7.05,7.052775174990529,completed,7.088000663992716,38.00066399271618,20.46441650390625
1693,2,1,7.054166666666666,7.057384140993236,completed,7.092630188999465,38.46352233279848,20.435327529907227
1694,3,1,7.058333333333334,7.062008214998059,completed,7.101875722990371,43.54238965703772,20.451679229736328
1695,0,1,7.0625,7.066630737012019,completed,7.106672466004966,44.17246600496583,20.410079956054688
1696,1,0,7.066666666666666,7.071202852996066,dropped_dispatch_late,,,
1697,2,0,7.070833333333333,7.071210647991393,dropped_queue_full,,,
1698,3,0,7.075,7.075002881989349,dropped_queue_full,,,
1699,0,0,7.079166666666667,7.07926654201583,dropped_queue_full,,,
1700,1,1,7.083333333333333,7.0833781129913405,completed,7.11128177199862,27.948438665286623,20.513216018676758
1701,2,1,7.0874999999999995,7.087994352012174,completed,7.115889787004562,28.389787004562628,20.472288131713867
1702,3,1,7.091666666666667,7.09262319598929,completed,7.12047379501746,28.807128350793576,20.714399337768555
1703,0,1,7.095833333333333,7.097250938008074,completed,7.125046863016905,29.213529683572048,20.5446720123291
1704,1,0,7.1,7.101868149009533,completed,7.12962593199336,29.625931993360055,20.466432571411133
1705,2,0,7.104166666666667,7.106667076004669,completed,7.134431540995138,30.264874328470803,20.50022315979004
1706,3,0,7.108333333333333,7.111275230010506,completed,7.134441089001484,26.107755668150823,15.657888412475586
1707,0,0,7.1125,7.11588286299957,completed,7.143634314008523,31.134314008522956,15.599264144897461
1708,1,1,7.116666666666666,7.120466251013568,completed,7.152816657995572,36.14999132890606,20.516576766967773
1709,2,1,7.120833333333334,7.125041362014599,dropped_dispatch_late,,,
1710,3,1,7.125,7.12505664100172,completed,7.157421145006083,32.42114500608295,20.447744369506836
1711,0,1,7.129166666666666,7.1296195090108085,completed,7.162010945001384,32.84427833471781,18.60313606262207
1712,1,0,7.133333333333333,7.134424107003724,completed,7.1666224260116,33.28909267826674,15.57260799407959
1713,2,0,7.1375,7.139036920008948,completed,7.171239376009908,33.739376009907396,30.769376754760742
1714,3,0,7.141666666666667,7.14362893399084,completed,7.175815680006053,34.14901333938669,20.342208862304688
1715,0,0,7.145833333333333,7.148217309993925,completed,7.180395000003045,34.56166666971239,20.437376022338867
1716,1,1,7.1499999999999995,7.152810175990453,completed,7.189542487991275,39.5424879912758,20.427743911743164
1717,2,1,7.154166666666667,7.157413640990853,completed,7.190670140000293,36.503473333626246,20.407392501831055
1718,3,1,7.158333333333333,7.162005665013567,completed,7.195693532994483,37.36019966114945,20.615999221801758
1719,0,1,7.1625,7.166616103000706,completed,7.204733076010598,42.233076010598225,20.46063995361328
1720,1,0,7.166666666666667,7.1712324230175,dropped_dispatch_late,,,
1721,2,0,7.170833333333333,7.171247552003479,completed,7.209379302017624,38.545968684290166,15.722911834716797
1722,3,0,7.175,7.175808425992727,completed,7.214008857001318,39.00885700131784,15.517312049865723
1723,0,0,7.179166666666666,7.180389559012838,completed,7.218578358006198,39.41169133953171,15.662303924560547
1724,1,1,7.183333333333334,7.184940936014755,completed,7.225525706016924,42.19237268359066,36.17206573486328
1725,2,1,7.1875,7.189536296005826,dropped_queue_full,,,
1726,3,1,7.191666666666666,7.191739772009896,dropped_queue_full,,,
1727,0,1,7.195833333333333,7.195853517012438,dropped_queue_full,,,
1728,1,0,7.2,7.200108210003236,completed,7.230167834990425,30.167834990424858,5.874015808105469
1729,2,0,7.204166666666667,7.204727806005394,completed,7.2301764320000075,26.009765333340873,21.44086456298828
1730,3,0,7.208333333333333,7.209372620010981,completed,7.235196068009827,26.86273467649425,21.437984466552734
1731,0,0,7.2124999999999995,7.214001193002332,completed,7.2444004339922685,31.90043399226905,25.87001609802246
1732,1,1,7.216666666666667,7.218572988000233,dropped_queue_full,,,
1733,2,1,7.220833333333333,7.220950704999268,completed,7.249006172991358,28.17283965802453,20.368383407592773
1734,3,1,7.225,7.225519714993425,completed,7.2535751730029006,28.57517300290091,20.351423263549805
1735,0,1,7.229166666666667,7.230161453015171,completed,7.262820706993807,33.654040327140144,15.612128257751465
1736,1,0,7.233333333333333,7.235189044004073,completed,7.267440454015741,34.10712068240773,28.185056686401367
1737,2,0,7.2375,7.239790195017122,completed,7.272060371004045,34.56037100404519,20.29952049255371
1738,3,0,7.241666666666666,7.244395053014159,completed,7.276676370005589,35.009703338922726,20.317087173461914
1739,0,0,7.245833333333334,7.248998889001086,completed,7.27666491799755,30.83158466421665,15.712191581726074
1740,1,1,7.25,7.253567459003534,completed,7.285883681004634,35.88368100463413,19.152000427246094
1741,2,1,7.254166666666666,7.258171736000804,completed,7.290532092010835,36.365425344168756,20.30633544921875
1742,3,1,7.258333333333333,7.2628154270059895,dropped_dispatch_late,,,
1743,0,1,7.2625,7.262830626015784,completed,7.2951595330087,32.65953300870006,20.21183967590332
1744,1,0,7.266666666666667,7.2674339009972755,completed,7.2997774360119365,33.11076934526991,15.545663833618164
1745,2,0,7.270833333333333,7.272053237014916,completed,7.305202841991559,34.369508658225634,15.60591983795166
1746,3,0,7.2749999999999995,7.27665948800859,completed,7.31006428800174,35.064288001740884,33.16067123413086
1747,0,0,7.279166666666667,7.281291637016693,completed,7.315272072009975,36.105405343308306,20.37731170654297
1748,1,1,7.283333333333333,7.2858772090112325,completed,7.32134235301055,38.009019677216926,20.577503204345703
1749,2,1,7.2875,7.2905249780160375,completed,7.325938796013361,38.4387960133612,20.418495178222656
1750,3,1,7.291666666666667,7.295154123014072,completed,7.335580512008164,43.913845341497115,20.43142318725586
1751,0,1,7.295833333333333,7.299770903016906,completed,7.34020049899118,44.36716565784682,20.599136352539062
1752,1,0,7.3,7.304390589008108,dropped_dispatch_late,,,
1753,2,0,7.304166666666666,7.304398615000537,dropped_queue_full,,,
1754,3,0,7.308333333333334,7.308474818011746,dropped_queue_full,,,
1755,0,0,7.3125,7.31258215100388,dropped_queue_full,,,
1756,1,1,7.316666666666666,7.316694373002974,completed,7.344799204991432,28.132538324765477,20.615808486938477
1757,2,1,7.320833333333333,7.321335941000143,completed,7.349408873007633,28.575539674299932,20.616064071655273
1758,3,1,7.325,7.325931742001558,completed,7.354000855993945,29.000855993944974,20.608192443847656
1759,0,1,7.329166666666667,7.330575274012517,completed,7.358603280008538,29.436613341871087,20.536928176879883
1760,1,0,7.333333333333333,7.335572857991792,completed,7.363281497004209,29.94816367087605,20.533344268798828
1761,2,0,7.3374999999999995,7.340195208991645,completed,7.36787856000592,30.37856000592054,20.539520263671875
1762,3,0,7.341666666666667,7.344792713003699,completed,7.367887477012118,26.22081034545154,15.918208122253418
1763,0,0,7.345833333333333,7.34940189900226,completed,7.372551708016545,26.718374683211366,15.66592025756836
1764,1,1,7.35,7.35399332200177,completed,7.386361262993887,36.36126299388742,20.498271942138672
1765,2,1,7.354166666666667,7.358597968996037,dropped_dispatch_late,,,
1766,3,1,7.358333333333333,7.358612787997117,completed,7.3909695869951975,32.63625366186407,20.407712936401367
1767,0,1,7.3625,7.36327509500552,completed,7.395568775013089,33.06877501308936,20.40025520324707
1768,1,0,7.366666666666666,7.3678712059918325,completed,7.400154445989756,33.48777932308966,15.694751739501953
1769,2,0,7.370833333333334,7.37254646801739,completed,7.40475137901376,33.918045680426445,30.444448471069336
1770,3,0,7.375,7.377169571002014,completed,7.409356438001851,34.35643800185062,20.468767166137695
1771,0,0,7.379166666666666,7.3817671250144485,completed,7.4139428210037295,34.77615433706305,20.43267250061035
1772,1,1,7.383333333333333,7.386355080991052,completed,7.413962348015048,30.62901468171475,15.746399879455566
1773,2,1,7.3875,7.390961722005159,completed,7.42368112099939,36.18112099939008,20.365663528442383
1774,3,1,7.391666666666667,7.395563433994539,completed,7.429010405001463,37.34373833479676,20.349279403686523
1775,0,1,7.395833333333333,7.400148034008453,dropped_dispatch_late,,,
1776,1,0,7.3999999999999995,7.4001633129955735,completed,7.434532946004765,34.53294600476564,20.33420753479004
1777,2,0,7.404166666666667,7.404744446015684,completed,7.44219561299542,38.028946328752866,15.535967826843262
1778,3,0,7.408333333333333,7.409349113993812,completed,7.446796394011471,38.463060678138206,15.583135604858398
1779,0,0,7.4125,7.4139371199999005,completed,7.449956116004614,37.456116004614515,35.76803207397461
1780,1,1,7.416666666666667,7.418576041993219,completed,7.459268948994577,42.60228232790997,20.49056053161621
1781,2,1,7.420833333333333,7.423189736990025,dropped_queue_full,,,
1782,3,1,7.425,7.425062535010511,dropped_queue_full,,,
1783,0,1,7.429166666666666,7.429171260999283,completed,7.463853518012911,34.68685134624483,10.819040298461914
1784,1,0,7.433333333333334,7.43381742699421,dropped_queue_full,,,
1785,2,0,7.4375,7.43756941499305,completed,7.463863957993453,26.36395799345337,21.73731231689453
1786,3,0,7.441666666666666,7.442188570013968,completed,7.473075326997787,31.40866033112033,26.034944534301758
1787,0,0,7.445833333333333,7.446788739005569,dropped_queue_full,,,
1788,1,1,7.45,7.4501179340004455,completed,7.477693230001023,27.69323000102286,20.897056579589844
1789,2,1,7.454166666666667,7.454685470991535,completed,7.482347903016489,28.18123634982239,20.387615203857422
1790,3,1,7.458333333333333,7.459262526012026,completed,7.486924507014919,28.591173681586035,15.601632118225098
1791,0,1,7.4624999999999995,7.463848108018283,completed,7.496090809989255,33.590809989255455,27.815231323242188
1792,1,0,7.466666666666667,7.468429160013329,completed,7.500673927017488,34.0072603508208,20.63350486755371
1793,2,0,7.470833333333333,7.473067743005231,completed,7.505274266994093,34.4409336607594,20.452896118164062
1794,3,0,7.475,7.477686838014051,completed,7.509866811014945,34.86681101494504,20.523456573486328
1795,0,0,7.479166666666667,7.4823410300014075,completed,7.509856071003014,30.68940433634726,15.749152183532715
1796,1,1,7.483333333333333,7.486916911992012,completed,7.519034708006075,35.70137467274126,19.020959854125977
1797,2,1,7.4875,7.491507953993278,completed,7.523630529001821,36.13052900182101,20.55187225341797
1798,3,1,7.491666666666666,7.496085630991729,dropped_dispatch_late,,,
1799,0,1,7.495833333333334,7.4961007090169005,completed,7.532887234003283,37.05390066994951,20.50364875793457
1800,1,0,7.5,7.50066759501351,completed,7.537592453008983,37.592453008983284,15.722496032714844
1801,2,0,7.504166666666666,7.5052670930163,completed,7.538917489990126,34.75082332345991,15.708319664001465
1802,3,0,7.508333333333333,7.509851242008153,completed,7.543958657013718,35.62532368038518,33.736351013183594
1803,0,0,7.5125,7.51444776399876,completed,7.5491130290029105,36.6130290029103,20.45916748046875
1804,1,1,7.516666666666667,7.519028395996429,completed,7.55468550499063,38.018838323963244,20.633472442626953
1805,2,1,7.520833333333333,7.523623465007404,completed,7.5638843110064045,43.05097767307142,20.447328567504883
1806,3,1,7.5249999999999995,7.52826736800489,completed,7.568546016991604,43.54601699160465,20.452255249023438
1807,0,1,7.529166666666667,7.532881894003367,completed,7.573194147000322,44.02748033365533,20.51487922668457
1808,1,0,7.533333333333333,7.537585890007904,dropped_dispatch_late,,,
1809,2,0,7.5375,7.537827438995009,dropped_queue_full,,,
1810,3,0,7.541666666666667,7.541739059990505,dropped_queue_full,,,
1811,0,0,7.545833333333333,7.545852584997192,dropped_queue_full,,,
1812,1,1,7.55,7.550062393012922,completed,7.577788094000425,27.788094000425367,20.51750373840332
1813,2,1,7.554166666666666,7.554679232998751,completed,7.582414903998142,28.248237331475856,20.562368392944336
1814,3,1,7.558333333333334,7.559287458017934,completed,7.5870167860121,28.683452678766486,20.590303421020508
1815,0,1,7.5625,7.563877047010465,completed,7.591614039993146,29.114039993146434,20.652992248535156
1816,1,0,7.566666666666666,7.568538271996658,completed,7.596205262001604,29.538595334937412,20.73321533203125
1817,2,0,7.570833333333333,7.573188857000787,completed,7.6053793000173755,34.54596668404264,20.699487686157227
1818,3,0,7.575,7.577781422005501,completed,7.610009707015706,35.00970701570605,20.695743560791016
1819,0,0,7.579166666666667,7.582407940994017,completed,7.609998916013865,30.832249347198193,15.982368469238281
1820,1,1,7.583333333333333,7.587009062001016,completed,7.619191459991271,35.85812665793764,19.074399948120117
1821,2,1,7.5874999999999995,7.591608870017808,completed,7.6237822610128205,36.28226101282106,20.676959991455078
1822,3,1,7.591666666666667,7.596198860002914,dropped_dispatch_late,,,
1823,0,1,7.595833333333333,7.596213968994562,completed,7.628387570002815,32.55423666948154,20.554079055786133
1824,1,0,7.6,7.600788398995064,completed,7.633013118000235,33.013118000235764,15.685728073120117
1825,2,0,7.604166666666667,7.6053724070079625,completed,7.63841409800807,34.24743134140318,15.73043155670166
1826,3,0,7.608333333333333,7.609993655991275,completed,7.643096924002748,34.76359066941459,32.41606521606445
1827,0,0,7.6125,7.614608534000581,completed,7.647845185012557,35.34518501255679,20.505056381225586
1828,1,1,7.616666666666666,7.619184898008825,completed,7.654628049989697,37.96138332303034,20.72540855407715
1829,2,1,7.620833333333334,7.623775008018129,completed,7.658430623996537,37.59729066320361,20.51136016845703
1830,3,1,7.625,7.6283822800032794,completed,7.667192429013085,42.19242901308462,20.570240020751953
1831,0,1,7.629166666666666,7.63300688599702,completed,7.671766348998062,42.59968233139588,20.568927764892578
1832,1,0,7.633333333333333,7.637639376014704,dropped_dispatch_late,,,
1833,2,0,7.6375,7.638408116996288,completed,7.676336370990612,38.836370990611435,15.695455551147461
1834,3,0,7.641666666666667,7.643088829005137,completed,7.680889960989589,39.223294322922264,15.579456329345703
1835,0,0,7.645833333333333,7.647671254002489,dropped_queue_full,,,
1836,1,1,7.6499999999999995,7.6500550729979295,completed,7.685439193999628,35.43919399962814,31.266496658325195
1837,2,1,7.654166666666667,7.654621568013681,dropped_queue_full,,,
1838,3,1,7.658333333333333,7.658423501008656,dropped_queue_full,,,
1839,0,1,7.6625,7.66256801399868,completed,7.690017660992453,27.51766099245323,20.85264015197754
1840,1,0,7.666666666666667,7.66718481501448,completed,7.699190067010932,32.52340034426471,10.85647964477539
1841,2,0,7.670833333333333,7.671760817989707,completed,7.703762804012513,32.929470679179396,25.94620704650879
1842,3,0,7.675,7.676329397014342,completed,7.7083586849912535,33.35868499125372,26.250879287719727
1843,0,0,7.679166666666666,7.6808824370091315,completed,7.712933997012442,33.767330345775726,21.063135147094727
1844,1,1,7.683333333333334,7.685433242004365,completed,7.717537832999369,34.20449966603556,20.610143661499023
1845,2,1,7.6875,7.690012311009923,completed,7.722137261007447,34.637261007446796,20.84204864501953
1846,3,1,7.691666666666666,7.694594536005752,completed,7.722146698011784,30.480031345117453,16.001535415649414
1847,0,1,7.695833333333333,7.699183524004184,completed,7.731582464009989,35.74913067665619,20.728256225585938
1848,1,0,7.7,7.7037559110031,completed,7.736906587990234,36.9065879902335,20.706560134887695
1849,2,0,7.704166666666667,7.708351220993791,dropped_dispatch_late,,,
1850,3,0,7.708333333333333,7.708366489998298,completed,7.742372642009286,34.03930867595317,20.494592666625977
1851,0,0,7.7124999999999995,7.712928646011278,completed,7.75045645001228,37.95645001228021,15.635871887207031
1852,1,1,7.716666666666667,7.717531461006729,completed,7.755045808007708,38.379141341041034,15.646016120910645
1853,2,1,7.720833333333333,7.722130267007742,completed,7.757746999996016,36.91366666268259,35.23936080932617
1854,3,1,7.725,7.726701191015309,completed,7.763008736015763,38.00873601576349,20.459199905395508
1855,0,1,7.729166666666667,7.731249962002039,dropped_queue_full,,,
1856,1,0,7.733333333333333,7.733483065007022,dropped_queue_full,,,
1857,2,0,7.7375,7.7375413039990235,completed,7.7722168390173465,34.71683901734668,10.873920440673828
1858,3,0,7.741666666666666,7.742154258012306,dropped_queue_full,,,
1859,0,0,7.745833333333334,7.745842083997559,completed,7.772205927991308,26.3725946579747,21.5548152923584
1860,1,1,7.75,7.750451139989309,completed,7.781360790017061,31.360790017060935,25.952800750732422
1861,2,1,7.754166666666666,7.755039276002208,dropped_queue_full,,,
1862,3,1,7.758333333333333,7.7583818760176655,completed,7.785921224014601,27.58789068126788,20.96905517578125
1863,0,1,7.7625,7.763001081009861,completed,7.790500132017769,28.000132017768742,20.405759811401367
1864,1,0,7.766666666666667,7.767597914004,completed,7.795334466005443,28.667799338776057,15.480607986450195
1865,2,0,7.770833333333333,7.772200687992154,completed,7.799912774004042,29.07944067070911,27.143552780151367
1866,3,0,7.7749999999999995,7.776783112989506,completed,7.80909828399308,34.09828399308079,20.63270378112793
1867,0,0,7.779166666666667,7.781354348000605,completed,7.813685097993584,34.518431326917565,20.402368545532227
1868,1,1,7.783333333333333,7.7859135789913125,completed,7.818304023006931,34.97068967359773,20.37334442138672
1869,2,1,7.7875,7.7904947320057545,completed,7.818312899005832,30.812899005832506,15.715456008911133
1870,3,1,7.791666666666667,7.795328334992519,completed,7.827440458990168,35.773792323500864,17.9399356842041
1871,0,1,7.795833333333333,7.799905510008102,completed,7.832024828996509,36.19149566317592,20.32624053955078
1872,1,0,7.8,7.804513173003215,dropped_dispatch_late,,,
1873,2,0,7.804166666666666,7.804521198995644,completed,7.8365987580036744,32.432091337008195,20.354816436767578
1874,3,0,7.808333333333334,7.8090908199956175,completed,7.841184840013739,32.85150668040515,15.712896347045898
1875,0,0,7.8125,7.813679838000098,completed,7.850571613002103,38.07161300210282,15.751232147216797
1876,1,1,7.816666666666666,7.818297610006994,completed,7.851546074001817,34.8794073351506,32.88060760498047
1877,2,1,7.820833333333333,7.82287665901822,completed,7.856746664008824,35.913330675491295,20.65558433532715
1878,3,1,7.825,7.827433005004423,completed,7.861751621996518,36.75162199651805,20.68627166748047
1879,0,1,7.829166666666667,7.832019458001014,completed,7.867313518014271,38.146851347604205,20.600543975830078
1880,1,0,7.833333333333333,7.836591895000311,completed,7.87649006099673,43.15672766339684,20.619136810302734
1881,2,0,7.8374999999999995,7.841177115013124,completed,7.881095540011302,43.59554001130217,20.55891227722168
1882,3,0,7.841666666666667,7.8457603419956286,completed,7.885676231991965,44.00956532529854,20.722272872924805
1883,0,0,7.845833333333333,7.850566122011514,dropped_dispatch_late,,,
1884,1,1,7.85,7.85058129101526,dropped_queue_full,,,
1885,2,1,7.854166666666667,7.854212359001394,dropped_queue_full,,,
1886,3,1,7.858333333333333,7.858442886004923,dropped_queue_full,,,
1887,0,1,7.8625,7.862545178999426,completed,7.89026414800901,27.764148009009837,20.602367401123047
1888,1,0,7.866666666666666,7.8673080379958265,completed,7.894988312997157,28.321646330490502,20.53785514831543
1889,2,0,7.870833333333334,7.871884841995779,completed,7.899668564001331,28.835230667997536,20.65862464904785
1890,3,0,7.875,7.876483589003328,completed,7.904294812993612,29.29481299361214,20.770591735839844
1891,0,0,7.879166666666666,7.881088466994697,completed,7.908911603997694,29.7449373310279,20.77244758605957
1892,1,1,7.883333333333333,7.885668798000552,completed,7.918125697993673,34.792364660340525,20.638784408569336
1893,2,1,7.8875,7.890258828003425,completed,7.918135045998497,30.635045998496757,15.929023742675781
1894,3,1,7.891666666666667,7.894981610006653,completed,7.927294836990768,35.62817032410148,16.056352615356445
1895,0,1,7.895833333333333,7.899661500996444,completed,7.931876551010646,36.04321767731289,20.45574378967285
1896,1,0,7.8999999999999995,7.904287668992765,dropped_dispatch_late,,,
1897,2,0,7.904166666666667,7.904302267008461,completed,7.93646871499368,32.30204832701311,20.383392333984375
1898,3,0,7.908333333333333,7.9089061729901005,completed,7.941056990996003,32.723657662669936,15.660479545593262
1899,0,0,7.9125,7.913529767014552,completed,7.94562049099477,33.120490994770435,15.6429443359375
1900,1,1,7.916666666666667,7.918119295994984,completed,7.950211743009277,33.545076342609725,31.749536514282227
1901,2,1,7.920833333333333,7.922699777991511,completed,7.9553718760143965,34.538542681063156,20.46121597290039
1902,3,1,7.925,7.927287233003881,completed,7.960593475989299,35.59347598929907,20.74380874633789
1903,0,1,7.929166666666666,7.931871300999774,completed,7.967289326013997,38.122659347330945,20.739967346191406
1904,1,0,7.933333333333334,7.936461681994842,completed,7.975803972018184,42.47063868485057,20.75257682800293
1905,2,0,7.9375,7.9410495170159265,completed,7.980781427992042,43.281427992042154,20.771615982055664
1906,3,0,7.941666666666666,7.945614930009469,completed,7.985711624001851,44.044957335184876,20.733631134033203
1907,0,0,7.945833333333333,7.950205471017398,dropped_dispatch_late,,,
1908,1,1,7.95,7.950425218994496,completed,7.990690342005109,40.69034200510924,15.793567657470703
1909,2,1,7.954166666666667,7.955036780011142,dropped_queue_full,,,
1910,3,1,7.958333333333333,7.958375182002783,dropped_queue_full,,,
1911,0,1,7.9624999999999995,7.9625043559935875,completed,7.995491954003228,32.99195400322841,25.725759506225586
1912,1,0,7.966666666666667,7.9672839760023635,dropped_queue_full,,,
1913,2,0,7.970833333333333,7.9708995149994735,completed,8.000511318998178,29.677985664845252,20.753631591796875
1914,3,0,7.975,7.975797409017105,completed,8.005564038001467,30.564038001466898,20.57084846496582
1915,0,0,7.979166666666667,7.9807722400000785,completed,8.010587882017717,31.421215351049803,15.673248291015625
1916,1,1,7.983333333333333,7.985701894998783,completed,8.010597551008686,27.26421767535303,20.975648880004883
1917,2,1,7.9875,7.990683668991551,completed,8.015570548013784,28.07054801378417,15.684351921081543
1918,3,1,7.991666666666666,7.995486283005448,completed,8.025380975013832,33.71430834716538,20.66192054748535
1919,0,1,7.995833333333334,8.000504116003867,dropped_dispatch_late,,,
1920,1,0,8.0,8.000520075991517,completed,8.030131509993225,30.131509993225336,20.23459243774414
1921,2,0,8.004166666666666,8.005556284013437,completed,8.035014516994124,30.84785032745785,20.199615478515625
1922,3,0,8.008333333333333,8.01058241201099,completed,8.035023673990509,26.690340657175682,10.805567741394043
1923,0,0,8.0125,8.015564046014333,completed,8.039884949015686,27.384949015687,23.120128631591797
1924,1,1,8.016666666666666,8.020577841001796,completed,8.049531074007973,32.864407341307356,20.494239807128906
1925,2,1,8.020833333333334,8.025373281008797,dropped_dispatch_late,,,
1926,3,1,8.025,8.025388859998202,completed,8.059011244011344,34.01124401134403,20.431360244750977
1927,0,1,8.029166666666667,8.030124928016448,completed,8.063636261009378,34.469594342711574,20.22345542907715
1928,1,0,8.033333333333333,8.035007463011425,completed,8.068384742015041,35.051408681708196,15.54089641571045
1929,2,0,8.0375,8.039879629010102,completed,8.073301372001879,35.80137200187927,29.46156883239746
1930,3,0,8.041666666666666,8.044812470005127,completed,8.07331616000738,31.649493340713875,15.629664421081543
1931,0,0,8.045833333333333,8.049524892994668,completed,8.083153568994021,37.32023566068854,20.438432693481445
1932,1,1,8.05,8.054149689007318,completed,8.088077633001376,38.07763300137523,20.365280151367188
1933,2,1,8.054166666666667,8.059003639995353,dropped_dispatch_late,,,
1934,3,1,8.058333333333334,8.059018949017627,completed,8.092837936012074,34.50460267874078,20.380416870117188
1935,0,1,8.0625,8.063631010998506,completed,8.097672431002138,35.17243100213818,15.558112144470215
1936,1,0,8.066666666666666,8.068378319003386,completed,8.102675294998335,36.00862833166829,15.55408000946045
1937,2,0,8.070833333333333,8.073294267989695,completed,8.102684773009969,31.851439676636062,27.621919631958008
1938,3,0,8.075,8.078262686991366,completed,8.112607874005334,37.60787400533516,20.395008087158203
1939,0,0,8.079166666666666,8.08314730701386,completed,8.116435866017127,37.26919935046169,20.703872680664062
1940,1,1,8.083333333333334,8.088070939993486,dropped_dispatch_late,,,
1941,2,1,8.0875,8.088086830015527,completed,8.122080258995993,34.58025899599271,20.7108154296875
1942,3,1,8.091666666666667,8.092830462002894,completed,8.129871500015724,38.204833349057665,15.746944427490234
1943,0,1,8.095833333333333,8.097666429006495,completed,8.134766530012712,38.93319667937867,15.744352340698242
1944,1,0,8.1,8.102668812003685,completed,8.137274784996407,37.27478499640746,34.27231979370117
1945,2,0,8.104166666666666,8.10759544200846,completed,8.14259842800675,38.431761340083526,20.491071701049805
1946,3,0,8.108333333333333,8.112600268999813,dropped_dispatch_late,,,
1947,0,0,8.1125,8.112615899008233,dropped_queue_full,,,
1948,1,1,8.116666666666667,8.116761314013274,completed,8.15220263399533,35.53596732866282,10.7324800491333
1949,2,1,8.120833333333334,8.121745884011034,dropped_queue_full,,,
1950,3,1,8.125,8.125057344994275,completed,8.152212693006732,27.21269300673157,21.196447372436523
1951,0,1,8.129166666666666,8.129861591994995,completed,8.161720525007695,32.55385834102853,25.91379165649414
1952,1,0,8.133333333333333,8.134761299996171,dropped_queue_full,,,
1953,2,0,8.1375,8.137595453998074,completed,8.16637213199283,28.872131992830674,20.618656158447266
1954,3,0,8.141666666666666,8.14259113400476,completed,8.171192328998586,29.525662331920444,20.467327117919922
1955,0,0,8.145833333333334,8.147582056000829,completed,8.176143916003639,30.310582670304953,15.45622444152832
1956,1,1,8.15,8.152196272014407,completed,8.18113519801409,31.135198014089482,26.593408584594727
1957,2,1,8.154166666666667,8.15679168200586,completed,8.181146279006498,26.97961233983115,15.886528015136719
1958,3,1,8.158333333333333,8.161714874993777,completed,8.186124236002797,27.790902669464046,15.44275188446045
1959,0,1,8.1625,8.166365119017428,completed,8.195680990989786,33.180990989786,20.368640899658203
1960,1,0,8.166666666666666,8.171184965001885,dropped_dispatch_late,,,
1961,2,0,8.170833333333333,8.171200275013689,completed,8.200746354006696,29.913020673363988,20.425024032592773
1962,3,0,8.175,8.176138576003723,completed,8.205902629997581,30.902629997580533,20.273408889770508
1963,0,0,8.179166666666667,8.181128616008209,completed,8.210892750008497,31.726083341830247,15.602527618408203
1964,1,1,8.183333333333334,8.186117183009628,completed,8.210902257997077,27.56892466374339,24.04729652404785
1965,2,1,8.1875,8.191023633989971,completed,8.215896536014043,28.396536014042795,15.66483211517334
1966,3,1,8.191666666666666,8.195675600989489,completed,8.22567813799833,34.011471331663046,20.563840866088867
1967,0,1,8.195833333333333,8.200739110994618,dropped_dispatch_late,,,
1968,1,0,8.2,8.200754780002171,completed,8.234317290014587,34.31729001458805,20.470815658569336
1969,2,0,8.204166666666666,8.205894795013592,completed,8.239421386999311,35.254720332645206,20.4649600982666
1970,3,0,8.208333333333334,8.210887099005049,completed,8.23942773899762,31.094405664285674,10.984928131103516
1971,0,0,8.2125,8.215889743005391,completed,8.239410415990278,26.91041599027777,20.86147117614746
1972,1,1,8.216666666666667,8.220700242003659,completed,8.253861689998303,37.195023331635824,18.817888259887695
1973,2,1,8.220833333333333,8.225338913995074,dropped_dispatch_late,,,
1974,3,1,8.225,8.22534678899683,dropped_queue_full,,,
1975,0,1,8.229166666666666,8.229269831994316,completed,8.258489050989738,29.32238432307166,20.435264587402344
1976,1,0,8.233333333333333,8.234310897998512,completed,8.263380523014348,30.047189681015496,10.901887893676758
1977,2,0,8.2375,8.239405225991504,completed,8.268065723998006,30.565723998005723,28.043743133544922
1978,3,0,8.241666666666667,8.244423430005554,completed,8.268075111991493,26.40844532482589,23.39289665222168
1979,0,0,8.245833333333334,8.2492494280159,completed,8.2829944039986,37.16107066526675,20.399328231811523
1980,1,1,8.25,8.253855257993564,completed,8.287974686012603,37.97468601260334,20.574560165405273
1981,2,1,8.254166666666666,8.258483781013638,dropped_dispatch_late,,,
1982,3,1,8.258333333333333,8.25872243399499,completed,8.292888821015367,34.555487682034425,20.208351135253906
1983,0,1,8.2625,8.263374100992223,completed,8.297554905992001,35.054905992002006,15.642656326293945
1984,1,0,8.266666666666666,8.268058751011267,completed,8.302518776006764,35.85210934009808,15.41049575805664
1985,2,0,8.270833333333334,8.27293936201022,completed,8.302528013009578,31.694679676244064,26.116928100585938
1986,3,0,8.275,8.277983956009848,completed,8.312533752003219,37.53375200321862,18.976991653442383
1987,0,0,8.279166666666667,8.282987560989568,completed,8.314435284002684,35.26861733601727,20.47216033935547
1988,1,1,8.283333333333333,8.287968163000187,dropped_dispatch_late,,,
1989,2,1,8.2875,8.287984194001183,completed,8.321771871997043,34.271871997043846,20.392480850219727
1990,3,1,8.291666666666666,8.292881377012236,completed,8.326688942994224,35.02227632755783,15.587072372436523
1991,0,1,8.295833333333333,8.297549234994221,completed,8.326671079004882,30.8377456715494,10.952672004699707
1992,1,0,8.3,8.302512323018163,completed,8.326680747006321,26.680747006320615,23.07391929626465
1993,2,0,8.304166666666667,8.307457688002614,completed,8.341552340018097,37.38567335143017,20.62860870361328
1994,3,0,8.308333333333334,8.312526027002605,dropped_dispatch_late,,,
1995,0,0,8.3125,8.312541737017455,dropped_queue_full,,,
1996,1,1,8.316666666666666,8.31681969400961,completed,8.34647080299328,29.804136326614383,20.536800384521484
1997,2,1,8.320833333333333,8.32176500899368,completed,8.35568200200214,34.84866866880765,10.674816131591797
1998,3,1,8.325,8.326665428001434,completed,8.360381670005154,35.381670005154575,29.660640716552734
1999,0,1,8.329166666666666,8.331655507994583,completed,8.360370428999886,31.203762333220197,25.037471771240234
2000,1,0,8.333333333333334,8.336664013011614,completed,8.370058774016798,36.72544068346362,20.33577537536621
2001,2,0,8.3375,8.341545236005913,completed,8.374909550009761,37.40955000976065,20.50726318359375
2002,3,0,8.341666666666667,8.34646430099383,dropped_dispatch_late,,,
2003,0,0,8.345833333333333,8.346479789994191,completed,8.379809959005797,33.97662567246407,20.353343963623047
2004,1,1,8.35,8.351095268997597,completed,8.38472480600467,34.72480600466987,15.499551773071289
2005,2,1,8.354166666666666,8.355674988997635,completed,8.389627639990067,35.460973323401035,15.609151840209961
2006,3,1,8.358333333333333,8.360364888008917,completed,8.394325194007251,35.99186067391891,31.914047241210938
2007,0,1,8.3625,8.365239820006536,completed,8.394313983008033,31.813983008031954,15.715071678161621
2008,1,0,8.366666666666667,8.370052272017347,completed,8.404027045005932,37.36037833926531,20.237119674682617
2009,2,0,8.370833333333334,8.374902556010056,completed,8.408935470011784,38.102136678450194,20.43974494934082
2010,3,0,8.375,8.379804699012311,dropped_dispatch_late,,,
2011,0,0,8.379166666666666,8.379819677997148,completed,8.413800592999905,34.63392633323892,20.318111419677734
2012,1,1,8.383333333333333,8.384718314016936,completed,8.41875816101674,35.424827683407045,15.529824256896973
2013,2,1,8.3875,8.389620706991991,completed,8.428478667017771,40.97866701777164,15.659584045410156
2014,3,1,8.391666666666666,8.394308613002067,completed,8.429122410016134,37.45574334946866,34.504478454589844
2015,0,1,8.395833333333334,8.399191559001338,completed,8.434339371015085,38.50603768175098,20.444063186645508
2016,1,0,8.4,8.404020482994383,completed,8.442624590999912,42.624590999912115,20.524736404418945
2017,2,0,8.404166666666667,8.408928106015082,dropped_dispatch_late,,,
2018,3,0,8.408333333333333,8.408943816000829,completed,8.44748962300946,39.15628967612683,15.494624137878418
2019,0,0,8.4125,8.413795161992311,completed,8.452112966013374,39.61296601337416,15.505632400512695
2020,1,1,8.416666666666666,8.418751527991844,completed,8.456718496017857,40.05182935119045,15.71504020690918
2021,2,1,8.420833333333333,8.423377266008174,completed,8.463060203008354,42.226869675021206,35.95711898803711
2022,3,1,8.425,8.428471502993489,dropped_queue_full,,,
2023,0,1,8.429166666666667,8.429284518002532,dropped_queue_full,,,
2024,1,0,8.433333333333334,8.433374799002195,dropped_queue_full,,,
2025,2,0,8.4375,8.437650631996803,completed,8.468081041006371,30.58104100637138,5.998879909515381
2026,3,0,8.441666666666666,8.442617708002217,completed,8.46809575901716,26.429092350493733,21.786752700805664
2027,0,0,8.445833333333333,8.447482129005948,completed,8.472937337006442,27.10400367310939,21.51590347290039
2028,1,1,8.45,8.452107655990403,completed,8.482783542014658,32.78354201465916,26.330272674560547
2029,2,1,8.454166666666666,8.456712193990825,dropped_queue_full,,,
2030,3,1,8.458333333333334,8.458425087999785,completed,8.487636681995355,29.303348662020667,20.377695083618164
2031,0,1,8.4625,8.463053300016327,completed,8.492415120010264,29.915120010263863,20.34377670288086
2032,1,0,8.466666666666667,8.468073908006772,completed,8.501967977994354,35.30131132768766,15.608896255493164
2033,2,0,8.470833333333333,8.472932097007288,completed,8.50197755600675,31.144222673416877,24.41766357421875
2034,3,0,8.475,8.477863676002016,completed,8.511805507005192,36.805507005192695,20.376224517822266
2035,0,0,8.479166666666666,8.4827771600103,completed,8.516722908010706,37.55624134404023,20.58006477355957
2036,1,1,8.483333333333333,8.487628797010984,dropped_dispatch_late,,,
2037,2,1,8.4875,8.48764450699673,completed,8.52151034300914,34.01034300913963,20.516767501831055
2038,3,1,8.491666666666667,8.49240976999863,completed,8.526519219012698,34.85255234603102,15.644543647766113
2039,0,1,8.495833333333334,8.497093957994366,completed,8.531494480994297,35.66114766096362,15.71673583984375
2040,1,0,8.5,8.50196114499704,completed,8.531504029000644,31.50402900064364,26.725343704223633
2041,2,0,8.504166666666666,8.506887372990604,completed,8.541286012012279,37.11934534561223,20.54969596862793
2042,3,0,8.508333333333333,8.51179806201253,completed,8.546257897018222,37.92456368488928,20.53798484802246
2043,0,0,8.5125,8.516717448015697,dropped_dispatch_late,,,
2044,1,1,8.516666666666666,8.516732737014536,completed,8.55097900601686,34.312339350194065,20.52191925048828
2045,2,1,8.520833333333334,8.521503540017875,completed,8.555612397991354,34.77906465801972,15.762751579284668
2046,3,1,8.525,8.526511705014855,completed,8.560291838017292,35.291838017291965,15.606911659240723
2047,0,1,8.529166666666667,8.531489050015807,completed,8.560280506993877,31.113840327209985,28.53887939453125
2048,1,0,8.533333333333333,8.53638534201309,completed,8.57043191199773,37.0985786643967,20.524639129638672
2049,2,0,8.5375,8.541278777993284,completed,8.58024348100298,42.7434810029812,20.503904342651367
2050,3,0,8.541666666666666,8.54625024300185,dropped_dispatch_late,,,
2051,0,0,8.545833333333333,8.546265642013168,completed,8.581062798009953,35.229464676620026,20.57107162475586
2052,1,1,8.55,8.550972033001017,completed,8.585959170013666,35.95917001366544,15.503775596618652
2053,2,1,8.554166666666667,8.555605364992516,completed,8.592361773015,38.195106348332786,15.759039878845215
2054,3,1,8.558333333333334,8.560274996008957,completed,8.6007904150174,42.45708168406637,35.872352600097656
2055,0,1,8.5625,8.564907616993878,completed,8.60570017201826,43.200172018259764,20.52422332763672
2056,1,0,8.566666666666666,8.57042302499758,completed,8.610591133998241,43.924467331574846,20.73801612854004
2057,2,0,8.570833333333333,8.575327602011384,dropped_dispatch_late,,,
2058,3,0,8.575,8.575335628003813,completed,8.615484761015978,40.48476101597842,15.703295707702637
2059,0,0,8.579166666666666,8.58023640801548,dropped_queue_full,,,
2060,1,1,8.583333333333334,8.583426166995196,dropped_queue_full,,,
2061,2,1,8.5875,8.587546515016584,completed,8.620388176001143,32.888176001142355,25.83091163635254
2062,3,1,8.591666666666667,8.592354488995625,dropped_queue_full,,,
2063,0,1,8.595833333333333,8.595848055992974,completed,8.625076552008977,29.243218675643945,20.774751663208008
2064,1,0,8.6,8.600782730005449,completed,8.630264587991405,30.264587991405634,20.790559768676758
2065,2,0,8.604166666666666,8.605694661993766,completed,8.63521178701194,31.045120345273958,15.87718391418457
2066,3,0,8.608333333333333,8.610584801994264,completed,8.635221285017906,26.887951684573252,21.283647537231445
2067,0,0,8.6125,8.615477236016886,completed,8.640134198009036,27.63419800903577,15.95417594909668
2068,1,1,8.616666666666667,8.620381323009497,completed,8.649802085012197,33.135418345530354,20.772960662841797
2069,2,1,8.620833333333334,8.625071182003012,dropped_dispatch_late,,,
2070,3,1,8.625,8.625086490996182,completed,8.654448181012413,29.448181012412533,20.46188735961914
2071,0,1,8.629166666666666,8.630258296005195,completed,8.65916847801418,30.001811347514007,20.40563201904297
2072,1,0,8.633333333333333,8.635204432997853,completed,8.668681631010259,35.34829767692571,15.687935829162598
2073,2,0,8.6375,8.64012872800231,completed,8.668690958991647,31.190958991647477,24.345439910888672
2074,3,0,8.641666666666666,8.645073891995708,completed,8.678815883002244,37.14921633557822,20.333343505859375
2075,0,0,8.645833333333334,8.649795873003313,completed,8.683838605007622,38.005271674288466,20.533184051513672
2076,1,1,8.65,8.654440326004988,dropped_dispatch_late,,,
2077,2,1,8.654166666666667,8.654456015996402,completed,8.688760926015675,34.59425934900828,20.501888275146484
2078,3,1,8.658333333333333,8.659163038013503,completed,8.693477185996016,35.14385266268327,15.42848014831543
2079,0,1,8.6625,8.66377753400593,completed,8.698329934995854,35.82993499585463,15.74351978302002
2080,1,0,8.666666666666666,8.668675159016857,completed,8.6983395430143,31.67287634763305,26.87753677368164
2081,2,0,8.670833333333333,8.673872182000196,completed,8.708201639004983,37.3683056716505,20.729856491088867
2082,3,0,8.675,8.678808149008546,completed,8.713173052994534,38.17305299453366,20.924320220947266
2083,0,0,8.679166666666667,8.68383330499637,dropped_dispatch_late,,,
2084,1,1,8.683333333333334,8.683848393993685,completed,8.718139428005088,34.80609467175455,20.569120407104492
2085,2,1,8.6875,8.688751709007192,completed,8.72280719599803,35.30719599802978,15.749119758605957
2086,3,1,8.691666666666666,8.693469752004603,completed,8.727550787007203,35.884120340536896,15.586688041687012
2087,0,1,8.695833333333333,8.698324564989889,completed,8.727539315004833,31.705981671500183,28.976032257080078
2088,1,0,8.7,8.7032657120144,completed,8.737591721990611,37.591721990612115,20.363807678222656
2089,2,0,8.704166666666666,8.70819466499961,completed,8.746661653014598,42.494986347932695,20.422687530517578
2090,3,0,8.708333333333334,8.713165027991636,dropped_dispatch_late,,,
2091,0,0,8.7125,8.71318103800877,completed,8.748068254993996,35.568254993995296,20.283039093017578
2092,1,1,8.716666666666667,8.718132986017736,completed,8.754764256009366,38.09758934269958,15.538911819458008
2093,2,1,8.720833333333333,8.722800121991895,completed,8.759408318001078,38.57498466774523,15.54531192779541
2094,3,1,8.725,8.72753368501435,completed,8.767240146989934,42.2401469899345,35.4378547668457
2095,0,1,8.729166666666666,8.732698206003988,completed,8.772037910996005,42.871244329338865,20.265920639038086
2096,1,0,8.733333333333333,8.73758516999078,dropped_dispatch_late,,,
2097,2,0,8.7375,8.737600629014196,dropped_queue_full,,,
2098,3,0,8.741666666666667,8.741690458991798,completed,8.777188034990104,35.521368323436775,10.731871604919434
2099,0,0,8.745833333333334,8.74665435901261,dropped_queue_full,,,
2100,1,1,8.75,8.750109593005618,completed,8.777177654992556,27.1776549925562,21.41321563720703
2101,2,1,8.754166666666666,8.754757673013955,completed,8.787032666994492,32.86600032782516,25.793760299682617
2102,3,1,8.758333333333333,8.759401165007148,dropped_queue_full,,,
2103,0,1,8.7625,8.762582227995154,completed,8.791958265006542,29.458265006542916,20.81439971923828
2104,1,0,8.766666666666666,8.767232392012374,completed,8.796561640017899,29.894973351233034,20.28835105895996
2105,2,0,8.770833333333334,8.772032501001377,completed,8.801361669000471,30.528335667137085,15.663135528564453
2106,3,0,8.775,8.77717117301654,completed,8.801372670015553,26.372670015552657,22.925600051879883
2107,0,0,8.779166666666667,8.782066532992758,completed,8.806279240990989,27.112574324322125,16.013887405395508
2108,1,1,8.783333333333333,8.787025213008747,completed,8.8161420779943,32.80874466096684,20.740543365478516
2109,2,1,8.7875,8.791944068012526,dropped_dispatch_late,,,
2110,3,1,8.791666666666666,8.791968714998802,completed,8.821123720990727,29.45705432406065,20.632415771484375
2111,0,1,8.795833333333333,8.7965547569911,completed,8.830568745004712,34.73541167137917,20.429664611816406
2112,1,0,8.8,8.801352531008888,completed,8.83574551899801,35.74551899800937,15.676799774169922
2113,2,0,8.804166666666667,8.806273921014508,completed,8.835757421999006,31.59075533233846,25.28927993774414
2114,3,0,8.808333333333334,8.811192154011223,completed,8.845688538014656,37.35520468132236,19.77347183227539
2115,0,0,8.8125,8.816135314991698,completed,8.850447750010062,37.94775001006201,20.58892822265625
2116,1,1,8.816666666666666,8.821116428007372,dropped_dispatch_late,,,
2117,2,1,8.820833333333333,8.821131545992102,completed,8.855117761006113,34.28442767278028,20.401695251464844
2118,3,1,8.825,8.82576922699809,completed,8.859836265008198,34.83626500819881,15.63856029510498
2119,0,1,8.829166666666666,8.830563505005557,completed,8.864564196992433,35.39753032576698,15.675519943237305
2120,1,0,8.833333333333334,8.835737223009346,completed,8.86457382599474,31.240492661405384,26.84396743774414
2121,2,0,8.8375,8.840694560989505,completed,8.874391777004348,36.89177700434776,20.627552032470703
2122,3,0,8.841666666666667,8.845680493017426,completed,8.879553333012154,37.88666634548754,20.642879486083984
2123,0,0,8.845833333333333,8.850442490016576,dropped_dispatch_late,,,
2124,1,1,8.85,8.85045744801755,completed,8.884486034017755,34.486034017755074,20.525535583496094
2125,2,1,8.854166666666666,8.855110608012183,completed,8.889373659010744,35.20699234407765,15.59558391571045
2126,3,1,8.858333333333333,8.859828821005067,completed,8.89400425599888,35.67092266554717,15.604191780090332
2127,0,1,8.8625,8.864558836998185,completed,8.899121447000653,36.62144700065184,29.868703842163086
2128,1,0,8.866666666666667,8.869422766991192,completed,8.904017357999692,37.3506913330246,20.345855712890625
2129,2,0,8.870833333333334,8.874384352995548,completed,8.913406936015235,42.57360268190169,20.49715232849121
2130,3,0,8.875,8.879545458010398,dropped_dispatch_late,,,
2131,0,0,8.879166666666666,8.879561187990475,completed,8.918395562999649,39.22889633298254,15.650367736816406
2132,1,1,8.883333333333333,8.88447974200244,completed,8.923048972996185,39.71563966285174,15.6693115234375
2133,2,1,8.8875,8.88936655499856,completed,8.92788887800998,40.388878009981255,15.686783790588379
2134,3,1,8.891666666666666,8.893996321014129,completed,8.934092914016219,42.42624734955314,35.9835205078125
2135,0,1,8.895833333333334,8.898828761011828,dropped_queue_full,,,
2136,1,0,8.9,8.900080588995479,dropped_queue_full,,,
2137,2,0,8.904166666666667,8.904179144999944,dropped_queue_full,,,
2138,3,0,8.908333333333333,8.908427496004151,completed,8.939049901004182,30.71656767084896,5.94265604019165
2139,0,0,8.9125,8.91339981200872,completed,8.939038429001812,26.538429001812247,21.59814453125
2140,1,1,8.916666666666666,8.918390222999733,completed,8.943976098991698,27.30943232503158,21.611743927001953
2141,2,1,8.920833333333333,8.92304246101412,completed,8.953476438007783,32.64310467445064,25.99635124206543
2142,3,1,8.925,8.927881834999425,dropped_queue_full,,,
2143,0,1,8.929166666666667,8.929170532996068,completed,8.958092326007318,28.92565934065061,20.412128448486328
2144,1,0,8.933333333333334,8.934085368993692,completed,8.962723675009329,29.390341675995302,20.39900779724121
2145,2,0,8.9375,8.939033028989797,completed,8.967749953997554,30.249953997554258,15.729791641235352
2146,3,0,8.941666666666666,8.943969476997154,completed,8.972688164998544,31.02149833187795,28.298751831054688
2147,0,0,8.945833333333333,8.948805324005662,completed,8.977613632014254,31.78029868092125,15.929216384887695
2148,1,1,8.95,8.953469233994838,completed,8.98280319100013,32.80319100013074,15.894495964050293
2149,2,1,8.954166666666666,8.95808707701508,completed,8.987879174004775,33.71250733810882,20.412288665771484
2150,3,1,8.958333333333334,8.962717393005732,dropped_dispatch_late,,,
2151,0,1,8.9625,8.962732181011233,completed,8.996532092016423,34.032092016422766,20.314943313598633
2152,1,0,8.966666666666667,8.967742709995946,completed,9.001465384004405,34.79871733773798,15.706463813781738
2153,2,0,8.970833333333333,8.972680400009267,completed,9.001474310993217,30.640977659883717,11.045856475830078
2154,3,0,8.975,8.977608182001859,completed,9.001480792998336,26.48079299833661,21.244319915771484
2155,0,0,8.979166666666666,8.982796699012397,completed,9.016256333008641,37.0896663419753,20.42678451538086
2156,1,1,8.983333333333333,8.987699402001454,dropped_dispatch_late,,,
2157,2,1,8.9875,8.987707398016937,dropped_queue_full,,,
2158,3,1,8.991666666666667,8.991795053007081,completed,9.021099183009937,29.432516343270265,20.349599838256836
2159,0,1,8.995833333333334,8.996526811999502,completed,9.025783933000639,29.95059966730551,10.859295845031738
2160,1,0,9.0,9.001458621001802,completed,9.030713507992914,30.713507992913947,28.398752212524414
2161,2,0,9.004166666666666,9.006364171014866,completed,9.030722846015124,26.55617934845722,24.05513572692871
2162,3,0,9.008333333333333,9.011314445000608,completed,9.035629888006952,27.2965546736188,15.67728042602539
2163,0,0,9.0125,9.016250693006441,completed,9.05022660800023,37.726608000230755,20.465152740478516
2164,1,1,9.016666666666666,9.02109177899547,dropped_dispatch_late,,,
2165,2,1,9.020833333333334,9.021107319014845,completed,9.054871722008102,34.03838867476772,20.446176528930664
2166,3,1,9.025,9.025778462993912,completed,9.059511336992728,34.51133699272724,20.502687454223633
2167,0,1,9.029166666666667,9.030706896010088,completed,9.064165288000368,34.9986213337008,15.69644832611084
2168,1,0,9.033333333333333,9.03562244400382,completed,9.06417469601729,30.84136268395632,26.01862335205078
2169,2,0,9.0375,9.040565183997387,completed,9.07411766500445,36.61766500445118,20.597440719604492
2170,3,0,9.041666666666666,9.045526068017352,completed,9.079112703999272,37.44603733260554,20.750560760498047
2171,0,0,9.045833333333333,9.050221187993884,dropped_dispatch_late,,,
2172,1,1,9.05,9.05023684698972,completed,9.084242248994997,34.24224899499606,20.551584243774414
2173,2,1,9.054166666666667,9.054864648991497,completed,9.089226437994512,35.05977132784466,15.690176010131836
2174,3,1,9.058333333333334,9.059503811993636,completed,9.093927939014975,35.59460568164141,15.781023979187012
2175,0,1,9.0625,9.064159888017457,completed,9.098689605016261,36.18960501626134,33.65599822998047
2176,1,0,9.066666666666666,9.068890413996996,completed,9.0986989029916,32.032236324933905,15.76854419708252
2177,2,0,9.070833333333333,9.074110581015702,completed,9.10877279099077,37.939457657437,20.820831298828125
2178,3,0,9.075,9.079104909003945,completed,9.117506683018291,42.50668301829208,20.805952072143555
2179,0,0,9.079166666666666,9.084235787013313,dropped_dispatch_late,,,
2180,1,1,9.083333333333334,9.084251155989477,completed,9.119229906005785,35.896572672450944,20.667360305786133
2181,2,1,9.0875,9.089219393994426,completed,9.12559035999584,38.09035999583976,15.72873592376709
2182,3,1,9.091666666666667,9.093920254992554,completed,9.130474188015796,38.80752134912946,15.517855644226074
2183,0,1,9.095833333333333,9.098684013995808,completed,9.138467482989654,42.63414965632073,35.789825439453125
2184,1,0,9.1,9.103542735014344,completed,9.143450880015735,43.45088001573494,20.406463623046875
2185,2,0,9.104166666666666,9.108430660999147,dropped_dispatch_late,,,
2186,3,0,9.108333333333333,9.10843901699991,dropped_queue_full,,,
2187,0,0,9.1125,9.112532833998557,completed,9.148311914992519,35.81191499251801,10.868000030517578
2188,1,1,9.116666666666667,9.117497074010316,dropped_queue_full,,,
2189,2,1,9.120833333333334,9.120950725016883,completed,9.148322455002926,27.48912166959272,21.333023071289062
2190,3,1,9.125,9.125583457003813,completed,9.157525627990253,32.52562799025327,26.31772804260254
2191,0,1,9.129166666666666,9.130466533009894,dropped_queue_full,,,
2192,1,0,9.133333333333333,9.133481892000418,completed,9.162138432002394,28.80509866906067,21.225727081298828
2193,2,0,9.1375,9.138461852009641,completed,9.166794306016527,29.294306016527827,20.60710334777832
2194,3,0,9.141666666666666,9.143444487999659,completed,9.171726486005355,30.059819338688953,15.58563232421875
2195,0,0,9.145833333333334,9.148306393995881,completed,9.176871300005587,31.037966672252892,28.288448333740234
2196,1,1,9.15,9.152909399010241,completed,9.181873983994592,31.873983994591626,15.920479774475098
2197,2,1,9.154166666666667,9.15751816399279,completed,9.191814609017456,37.647942350789165,16.904895782470703
2198,3,1,9.158333333333333,9.162132029014174,completed,9.191964603989618,33.631270656284684,20.193632125854492
2199,0,1,9.1625,9.166786982998019,dropped_dispatch_late,,,
2200,1,0,9.166666666666666,9.166802562016528,completed,9.200786583009176,34.11991634250988,20.17068862915039
2201,2,0,9.170833333333333,9.171718942001462,completed,9.20575911999913,34.92578666579682,15.526592254638672
2202,3,0,9.175,9.176865849993192,completed,9.205765682010679,30.765682010677864,10.923199653625488
2203,0,0,9.179166666666667,9.181868774001487,completed,9.205748369015055,26.581702348387637,21.074432373046875
2204,1,1,9.183333333333334,9.187002316990402,completed,9.220625210989965,37.291877656631556,17.9006404876709
2205,2,1,9.1875,9.191807444993174,dropped_dispatch_late,,,
2206,3,1,9.191666666666666,9.191823194996687,dropped_queue_full,,,
2207,0,1,9.195833333333333,9.195899087993894,completed,9.225257340993267,29.424007659933693,20.31839942932129
2208,1,0,9.2,9.20078022099915,completed,9.23009309801273,30.09309801273119,10.86143970489502
2209,2,0,9.204166666666666,9.205742849007947,completed,9.235027221002383,30.86055433571744,27.99612808227539
2210,3,0,9.208333333333334,9.21068549901247,completed,9.235036127996864,26.702794663529872,23.45782470703125
2211,0,0,9.2125,9.215602679993026,completed,9.239987403998384,27.487403998383897,15.723584175109863
2212,1,1,9.216666666666667,9.22061872901395,completed,9.249793933995534,33.12726732886695,20.617536544799805
2213,2,1,9.220833333333333,9.225251961004687,dropped_dispatch_late,,,
2214,3,1,9.225,9.225267080008052,completed,9.259164635994239,34.164635994239134,20.382463455200195
2215,0,1,9.229166666666666,9.23008408100577,completed,9.263751140009845,34.5844733431786,20.466720581054688
2216,1,0,9.233333333333333,9.23501730299904,completed,9.26848667601007,35.153342676737864,15.60262393951416
2217,2,0,9.2375,9.239981904014712,completed,9.268496094009606,30.996094009605457,25.519712448120117
2218,3,0,9.241666666666667,9.245020316011505,completed,9.278723674011417,37.05700734474959,19.91312026977539
2219,0,0,9.245833333333334,9.249787381995702,completed,9.283712711010594,37.87937767726035,20.407936096191406
2220,1,1,9.25,9.254444899997907,dropped_dispatch_late,,,
2221,2,1,9.254166666666666,9.254453044995898,completed,9.28889854301815,34.73187635148278,20.35321617126465
2222,3,1,9.258333333333333,9.259156892017927,completed,9.293600456003333,35.26712266999965,15.606080055236816
2223,0,1,9.2625,9.263745870004641,completed,9.298482079000678,35.982079000678624,15.542048454284668
2224,1,0,9.266666666666666,9.268480163009372,completed,9.298497187992325,31.830521325659333,28.121408462524414
2225,2,0,9.270833333333334,9.273611721990164,completed,9.308406513009686,37.5731796763521,20.295551300048828
2226,3,0,9.275,9.278716099011945,completed,9.311914427002193,36.91442700219305,20.57494354248047
2227,0,0,9.279166666666667,9.283707351016346,dropped_dispatch_late,,,
2228,1,1,9.283333333333333,9.283955062011955,completed,9.317489659006242,34.156325672908494,20.406335830688477
2229,2,1,9.2875,9.288891720003448,completed,9.322270481003216,34.77048100321589,15.44825553894043
2230,3,1,9.291666666666666,9.293593031005003,completed,9.332026215008227,40.35954834156108,15.434656143188477
2231,0,1,9.295833333333333,9.298476579017006,completed,9.332523229008075,36.689895674742345,33.75088119506836
2232,1,0,9.3,9.303447732992936,completed,9.342578231007792,42.578231007791345,20.32271957397461
2233,2,0,9.304166666666667,9.308392687002197,dropped_dispatch_late,,,
2234,3,0,9.308333333333334,9.308414928993443,dropped_queue_full,,,
2235,0,0,9.3125,9.312548562011216,completed,9.34757160700974,35.071607009740546,10.78713607788086
2236,1,1,9.316666666666666,9.31748302601045,completed,9.3475812250108,30.914558344132814,5.923744201660156
2237,2,1,9.320833333333333,9.322263206995558,completed,9.347587797994493,26.754464661159716,21.68332862854004
2238,3,1,9.325,9.327045562997228,completed,9.361544632003643,36.54463200364333,27.86409568786621
2239,0,1,9.329166666666666,9.332018429995514,dropped_queue_full,,,
2240,1,0,9.333333333333334,9.333476860017981,dropped_queue_full,,,
2241,2,0,9.3375,9.337583993008593,completed,9.366256784007419,28.756784007418545,20.41312026977539
2242,3,0,9.341666666666667,9.342571618006332,completed,9.371243797999341,29.577131332674256,10.83296012878418
2243,0,0,9.345833333333333,9.347566237003775,completed,9.376243245002115,30.40991166878193,26.977888107299805
2244,1,1,9.35,9.352282356005162,completed,9.381449565989897,31.44956598989701,27.334976196289062
2245,2,1,9.354166666666666,9.356889337999746,completed,9.381459113996243,27.29244732957703,15.809727668762207
2246,3,1,9.358333333333333,9.361537018005038,completed,9.386478480009828,28.14514667649526,15.695520401000977
2247,0,1,9.3625,9.366249951010104,completed,9.3961340530077,33.63405300769884,20.587839126586914
2248,1,0,9.366666666666667,9.371236314007547,dropped_dispatch_late,,,
2249,2,0,9.370833333333334,9.37125166298938,completed,9.406012509018183,35.179175684849184,20.392576217651367
2250,3,0,9.375,9.376238185999682,completed,9.41095916699851,35.95916699850932,20.42972755432129
2251,0,0,9.379166666666666,9.381442974001402,completed,9.410934790008469,31.768123341802124,10.941823959350586
2252,1,1,9.383333333333333,9.386471466015792,completed,9.420840117993066,37.50678465973323,26.875520706176758
2253,2,1,9.3875,9.39145255900803,completed,9.421655156009365,34.155156009365584,20.267295837402344
2254,3,1,9.391666666666666,9.39612838200992,dropped_dispatch_late,,,
2255,0,1,9.395833333333334,9.39614393201191,completed,9.429791283007944,33.95794967461008,20.230239868164062
2256,1,0,9.4,9.401022058998933,completed,9.434763379016658,34.763379016657936,15.600992202758789
2257,2,0,9.404166666666667,9.40600566600915,completed,9.434772926993901,30.606260327234125,10.89305591583252
2258,3,0,9.408333333333333,9.410928168013925,completed,9.434779870003695,26.446536670361454,21.65430450439453
2259,0,0,9.4125,9.415931343013654,completed,9.449425642989809,36.92564298980905,20.518144607543945
2260,1,1,9.416666666666666,9.420833815995138,dropped_dispatch_late,,,
2261,2,1,9.420833333333333,9.420849635993363,dropped_queue_full,,,
2262,3,1,9.425,9.425108285999158,completed,9.454100194008788,29.100194008787383,20.550752639770508
2263,0,1,9.429166666666667,9.429785832995549,completed,9.45869722700445,29.530560337782674,10.727359771728516
2264,1,0,9.433333333333334,9.434756686008768,completed,9.468062538013328,34.7292046799943,28.547807693481445
2265,2,0,9.4375,9.439663236989873,completed,9.47267431000364,35.17431000364013,28.77564811706543
2266,3,0,9.441666666666666,9.444629953010008,completed,9.472683286992833,31.01662032616659,15.701375961303711
2267,0,0,9.445833333333333,9.449420293007279,completed,9.482443688990315,36.61035565698256,20.55084800720215
2268,1,1,9.45,9.454092378990026,completed,9.48743893901701,37.43893901701156,20.588064193725586
2269,2,1,9.454166666666666,9.458691926993197,dropped_dispatch_late,,,
2270,3,1,9.458333333333334,9.45870689500589,completed,9.492643055011285,34.30972167795154,20.44361686706543
2271,0,1,9.4625,9.463405802001944,completed,9.49763572998927,35.13572998926939,15.52246379852295
2272,1,0,9.466666666666667,9.468056086014258,completed,9.50232539899298,35.658732326313114,15.646944046020508
2273,2,0,9.470833333333333,9.472667226014892,completed,9.507178358995588,36.34502566225528,32.23497772216797
2274,3,0,9.475,9.477456905005965,completed,9.507187846989837,32.1878469898369,15.767359733581543
2275,0,0,9.479166666666666,9.482438108010683,completed,9.517098173993872,37.931507327206404,20.5100154876709
2276,1,1,9.483333333333333,9.487432476016693,completed,9.520593302993802,37.25996966046985,20.50873565673828
2277,2,1,9.4875,9.492635570990387,dropped_dispatch_late,,,
2278,3,1,9.491666666666667,9.492651000007754,completed,9.526201488013612,34.534821346944966,20.33193588256836
2279,0,1,9.495833333333334,9.497630530007882,completed,9.534011023992207,38.17769065887333,15.576288223266602
2280,1,0,9.5,9.50231894699391,completed,9.53893812399474,38.938123994739726,15.68233585357666
2281,2,0,9.504166666666666,9.507171536009992,completed,9.541508677008096,37.3420103414297,34.13187026977539
2282,3,0,9.508333333333333,9.51214304001769,completed,9.551266034017317,42.93270068398414,20.531967163085938
2283,0,0,9.5125,9.517092944006436,dropped_dispatch_late,,,
2284,1,1,9.516666666666666,9.517108141997596,dropped_queue_full,,,
2285,2,1,9.520833333333334,9.520917168993037,completed,9.555865191010525,35.031857677191525,10.838656425476074
2286,3,1,9.525,9.525867844000459,dropped_queue_full,,,
2287,0,1,9.529166666666667,9.52932012200472,completed,9.555854411009932,26.68774434326515,21.524991989135742
2288,1,0,9.533333333333333,9.53400571399834,completed,9.565157753997482,31.824420664149144,26.04800033569336
2289,2,0,9.5375,9.538931571005378,dropped_queue_full,,,
2290,3,0,9.541666666666666,9.541670434991829,completed,9.570079875004012,28.413208337346063,20.837791442871094
2291,0,0,9.545833333333333,9.546624726004666,completed,9.575081827992108,29.248494658775215,20.52511978149414
2292,1,1,9.55,9.55125851900084,completed,9.580117403995246,30.117403995244985,15.642560005187988
2293,2,1,9.554166666666667,9.555849110009149,completed,9.58520167300594,31.035006339273252,27.552032470703125
2294,3,1,9.558333333333334,9.56050764999236,completed,9.585210299002938,26.876965669604402,16.054784774780273
2295,0,1,9.5625,9.565151142014656,completed,9.590189859009115,27.689859009115025,15.669280052185059
2296,1,0,9.566666666666666,9.570071960013593,completed,9.60038836300373,33.721696337064344,20.611679077148438
2297,2,0,9.570833333333333,9.575076426990563,dropped_dispatch_late,,,
2298,3,0,9.575,9.575091826991411,completed,9.605328267993173,30.32826799317334,20.377056121826172
2299,0,0,9.579166666666666,9.580110982002225,completed,9.61029910101206,31.1324343453947,20.476160049438477
2300,1,1,9.583333333333334,9.585194518993376,completed,9.610309009993216,26.975676659882097,10.889920234680176
2301,2,1,9.5875,9.590184549015248,completed,9.61527632700745,27.776327007449808,24.238624572753906
2302,3,1,9.591666666666667,9.59548932701,completed,9.629711851011962,38.04518434529491,20.53340721130371
2303,0,1,9.595833333333333,9.60038207101752,dropped_dispatch_late,,,
2304,1,0,9.6,9.600397310015978,completed,9.634562966006342,34.56296600634268,20.511680603027344
2305,2,0,9.604166666666666,9.605320553004276,completed,9.63951657700818,35.349910341514246,20.411392211914062
2306,3,0,9.608333333333333,9.610293441015529,completed,9.644457884016447,36.124550683114265,15.765536308288574
2307,0,0,9.6125,9.61526979401242,completed,9.644444880017545,31.944880017544364,25.887712478637695
2308,1,1,9.616666666666667,9.619993658008752,completed,9.653735439002048,37.068772335381084,20.526336669921875
2309,2,1,9.620833333333334,9.624816961993929,completed,9.65836186800152,37.52853466818706,20.727519989013672
2310,3,1,9.625,9.629703815007815,dropped_dispatch_late,,,
2311,0,1,9.629166666666666,9.629720055992948,completed,9.662999479012797,33.832812346130225,20.592832565307617
2312,1,0,9.633333333333333,9.634556564007653,completed,9.66793773000245,34.604396669116966,15.639519691467285
2313,2,0,9.6375,9.639509102999,completed,9.672890718997223,35.39071899722401,15.669568061828613
2314,3,0,9.641666666666666,9.644438276998699,completed,9.672900167002808,31.233500336142583,28.0993595123291
2315,0,0,9.645833333333334,9.649123287003022,completed,9.682783814001596,36.950480668261676,20.49500846862793
2316,1,1,9.65,9.653729026991641,completed,9.692427264002617,42.42726400261709,20.529823303222656
2317,2,1,9.654166666666667,9.658354915009113,dropped_dispatch_late,,,
2318,3,1,9.658333333333333,9.658370124001522,completed,9.693280053994386,34.94672066105231,20.427295684814453
2319,0,1,9.6625,9.662994028010871,completed,9.701120237994473,38.62023799447378,15.954303741455078
2320,1,0,9.666666666666666,9.667931317992043,completed,9.705923233006615,39.25656633994912,15.911104202270508
2321,2,0,9.670833333333333,9.672883424995234,completed,9.713307099998929,42.4737666655961,36.046241760253906
2322,3,0,9.675,9.677654169005109,completed,9.718352194002364,43.35219400236312,20.91516876220703
2323,0,0,9.679166666666667,9.682449618994724,dropped_queue_full,,,
2324,1,1,9.683333333333334,9.683427486015717,dropped_queue_full,,,
2325,2,1,9.6875,9.687534789001802,completed,9.72329334099777,35.79334099777043,10.979904174804688
2326,3,1,9.691666666666666,9.692419439001242,dropped_queue_full,,,
2327,0,1,9.695833333333333,9.695951168017928,completed,9.723282330000075,27.44899666674172,21.680896759033203
2328,1,0,9.7,9.701114516996313,completed,9.733169834013097,33.1698340130977,26.19913673400879
2329,2,0,9.704166666666666,9.705917070998112,dropped_queue_full,,,
2330,3,0,9.708333333333334,9.708424053009367,completed,9.737902054010192,29.568720676858007,21.008832931518555
2331,0,0,9.7125,9.713299825991271,completed,9.742697353998665,30.19735399866441,20.40991973876953
2332,1,1,9.716666666666667,9.718344510009047,completed,9.747584308002843,30.917641336175805,15.544256210327148
2333,2,1,9.720833333333333,9.72327705999487,completed,9.747593756008428,26.760422675094375,22.970399856567383
2334,3,1,9.725,9.728271499014227,completed,9.752219713991508,27.219713991508243,15.734880447387695
2335,0,1,9.729166666666666,9.73316342200269,completed,9.766143225017004,36.97655835033764,20.384416580200195
2336,1,0,9.733333333333333,9.737894118996337,dropped_dispatch_late,,,
2337,2,0,9.7375,9.73790978899342,completed,9.770787276996998,33.287276996997406,20.37126350402832
2338,3,0,9.741666666666667,9.742692004016135,completed,9.775770544016268,34.103877349600964,20.462080001831055
2339,0,0,9.745833333333334,9.747577975998865,completed,9.78072934501688,34.89601168354639,15.570464134216309
2340,1,1,9.75,9.752212410006905,completed,9.785631989012472,35.63198901247233,29.794687271118164
2341,2,1,9.754166666666666,9.756796909001423,completed,9.79061140801059,36.44474134392439,20.321151733398438
2342,3,1,9.758333333333333,9.761489463999169,completed,9.790620885993121,32.28755265978833,15.725184440612793
2343,0,1,9.7625,9.766137914994033,completed,9.800535852002213,38.03585200221349,20.3701114654541
2344,1,0,9.766666666666666,9.770780084014405,completed,9.802748526009964,36.081859343298106,20.394399642944336
2345,2,0,9.770833333333334,9.775762880017282,dropped_dispatch_late,,,
2346,3,0,9.775,9.775778219016502,completed,9.80920703499578,34.20703499577904,20.230527877807617
2347,0,0,9.779166666666667,9.780723884992767,completed,9.814146779011935,34.98011234526821,15.489279747009277
2348,1,1,9.783333333333333,9.785625616990728,completed,9.814156648004428,30.823314671094337,10.870047569274902
2349,2,1,9.7875,9.790604375011753,completed,9.814163420989644,26.663420989644138,23.274816513061523
2350,3,1,9.791666666666666,9.795400366012473,completed,9.828713913011597,37.047246344931395,20.552608489990234
2351,0,1,9.795833333333333,9.800530572014395,dropped_dispatch_late,,,
2352,1,0,9.8,9.800546092010336,dropped_queue_full,,,
2353,2,0,9.804166666666667,9.804176498000743,completed,9.838686719012912,34.52005234624522,20.56572723388672
2354,3,0,9.808333333333334,9.809199912007898,completed,9.843691165995551,35.3578326622177,10.838720321655273
2355,0,0,9.8125,9.814141509006731,completed,9.848337292001816,35.83729200181551,30.54524803161621
2356,1,1,9.816666666666666,9.819144292996498,completed,9.84834661000059,31.679943333923433,25.87926483154297
2357,2,1,9.820833333333333,9.824007482005982,completed,9.857558521005558,36.72518767222499,20.61052894592285
2358,3,1,9.825,9.82870590800303,completed,9.86227830700227,37.278307002271305,20.60223960876465
2359,0,1,9.829166666666666,9.833721647009952,dropped_dispatch_late,,,
2360,1,0,9.833333333333334,9.833729892008705,completed,9.866994687006809,33.66135367347489,20.424095153808594
2361,2,0,9.8375,9.838679534994299,completed,9.871820485015633,34.32048501563223,15.54422378540039
2362,3,0,9.841666666666667,9.843683001003228,completed,9.876638977992116,34.97231132544876,15.50432014465332
2363,0,0,9.845833333333333,9.8483319520019,completed,9.881476287991973,35.642954658639425,32.7628173828125
2364,1,1,9.85,9.852957590017468,completed,9.886255768011324,36.25576801132446,15.80288028717041
2365,2,1,9.854166666666666,9.857551577006234,completed,9.891939836001256,37.773169334590406,20.4913272857666
2366,3,1,9.858333333333333,9.862270612007705,completed,9.900814555992838,42.48122265950549,20.45974349975586
2367,0,1,9.8625,9.866988234018208,dropped_dispatch_late,,,
2368,1,0,9.866666666666667,9.867003393010236,completed,9.902073958015535,35.407291348867886,16.638303756713867
2369,2,0,9.870833333333334,9.871813441015547,completed,9.909187070996268,38.35373766293415,15.473919868469238
2370,3,0,9.875,9.876631204009755,completed,9.914091779006412,39.09177900641225,15.48624038696289
2371,0,0,9.879166666666666,9.881470758002251,completed,9.92256892399746,43.4022573307935,35.83299255371094
2372,1,1,9.883333333333333,9.886249745992245,completed,9.92258125700755,39.24792367421759,20.335487365722656
2373,2,1,9.8875,9.890971076005371,dropped_queue_full,,,
2374,3,1,9.891666666666666,9.891774582007201,dropped_queue_full,,,
2375,0,1,9.895833333333334,9.895951507001882,completed,9.932856888015522,37.023554682187765,10.737824440002441
2376,1,0,9.9,9.900807052006712,dropped_queue_full,,,
2377,2,0,9.904166666666667,9.904267355013872,completed,9.932867568015354,28.70090134868697,21.12985610961914
2378,3,0,9.908333333333333,9.909179928014055,completed,9.942361163994065,34.02783066073134,25.99942398071289
2379,0,0,9.9125,9.914083984011086,dropped_queue_full,,,
2380,1,1,9.916666666666666,9.916797198995482,completed,9.948120996006764,31.454329340098397,21.008127212524414
2381,2,1,9.920833333333333,9.922562791995006,completed,9.948133739992045,27.30040665871236,15.772831916809082
2382,3,1,9.925,9.928062460006913,completed,9.953962714003865,28.962714003863965,10.818431854248047
2383,0,1,9.929166666666667,9.932851427991409,completed,9.963520852004876,34.35418533820922,26.07366371154785
2384,1,0,9.933333333333334,9.937575192016084,dropped_dispatch_late,,,
2385,2,0,9.9375,9.937583877996076,completed,9.968217203015229,30.717203015228733,20.240863800048828
2386,3,0,9.941666666666666,9.942353018006543,completed,9.968226911994861,26.56024532819501,15.67625617980957
2387,0,0,9.945833333333333,9.948110686003929,completed,9.973013155016815,27.17982168348243,10.92627239227295
2388,1,1,9.95,9.953952865005704,completed,9.982526267005596,32.52626700559702,25.87004852294922
2389,2,1,9.954166666666666,9.958643074991414,dropped_dispatch_late,,,
2390,3,1,9.958333333333334,9.958650829998078,completed,9.987306899012765,28.97356567943099,20.361055374145508
2391,0,1,9.9625,9.963515490991995,completed,9.991941774002044,29.441774002043175,20.281536102294922
2392,1,0,9.966666666666667,9.968210240011103,completed,9.996669776010094,30.003109343427425,15.596960067749023
2393,2,0,9.970833333333333,9.973006442014594,completed,10.001636531989789,30.80319865645542,27.71196746826172
2394,3,0,9.975,9.977789118012879,completed,10.001645559008466,26.645559008466435,15.694463729858398
2395,0,0,9.979166666666666,9.982519775017863,completed,10.01115233899327,31.985672326603876,15.744192123413086
2396,1,1,9.983333333333333,9.987299033993622,completed,10.020656073989812,37.32274065647978,20.62838363647461
2397,2,1,9.9875,9.991936603997601,dropped_dispatch_late,,,
2398,3,1,9.991666666666667,9.991960168990772,completed,10.025246525008697,33.57985834202992,20.53763198852539
2399,0,1,9.995833333333334,9.996663444006117,completed,10.029972832999192,34.13949966585861,20.456735610961914
2400,1,0,10.0,10.001629197999137,completed,10.03474288500729,34.74288500729017,15.677087783813477
2401,2,0,10.004166666666666,10.006414417992346,completed,10.039470135990996,35.303469324329484,30.81817626953125
2402,3,0,10.008333333333333,10.01114698901074,completed,10.039479553990532,31.146220657198853,15.7390718460083
2403,0,0,10.0125,10.015955554001266,completed,10.048914568003966,36.41456800396625,20.4866886138916
2404,1,1,10.016666666666666,10.020649671991123,completed,10.053513384016696,36.846717350030644,20.534496307373047
2405,2,1,10.020833333333334,10.025239420996513,dropped_dispatch_late,,,
2406,3,1,10.025,10.025254159001634,completed,10.06276096199872,37.76096199871937,20.46790313720703
2407,0,1,10.029166666666667,10.029967964015668,completed,10.063575348991435,34.408682324768236,15.686464309692383
2408,1,0,10.033333333333333,10.03473462900729,completed,10.068802989990218,35.469656656884396,15.724096298217773
2409,2,0,10.0375,10.039463393011829,completed,10.074014390993398,36.51439099339804,34.29129409790039
2410,3,0,10.041666666666666,10.044236960995477,completed,10.079898569005309,38.2319023386426,20.559263229370117
2411,0,0,10.045833333333333,10.048909367993474,completed,10.084700901992619,38.86756865928653,20.788671493530273
2412,1,1,10.05,10.053506952011958,completed,10.094037019007374,44.03701900737289,20.810047149658203
2413,2,1,10.054166666666667,10.058171573997242,completed,10.098995117994491,44.82845132782387,20.75654411315918
2414,3,1,10.058333333333334,10.062753367994446,dropped_dispatch_late,,,
2415,0,1,10.0625,10.062768856994808,dropped_queue_full,,,
2416,1,0,10.066666666666666,10.066740081994794,dropped_queue_full,,,
2417,2,0,10.070833333333333,10.070849448005902,dropped_queue_full,,,
2418,3,0,10.075,10.075109151017386,completed,10.104026306013111,29.026306013111736,20.61020851135254
2419,0,0,10.079166666666666,10.079890844994225,completed,10.10875037999358,29.583713326914562,20.751007080078125
2420,1,1,10.083333333333334,10.084695582016138,completed,10.11359955201624,30.266218682905688,20.78313636779785
2421,2,1,10.0875,10.089402314013569,completed,10.118363773013698,30.863773013697582,20.89708709716797
2422,3,1,10.091666666666667,10.094030536012724,completed,10.118373141012853,26.706474346186226,16.07244873046875
2423,0,1,10.095833333333333,10.098987903998932,completed,10.123014337994391,27.181004661057884,16.116416931152344
2424,1,0,10.1,10.10401870100759,completed,10.132482225017156,32.48222501715681,20.677888870239258
2425,2,0,10.104166666666666,10.108745211007772,dropped_dispatch_late,,,
2426,3,0,10.108333333333333,10.108759747992735,completed,10.13724015300977,28.906819676437934,20.558944702148438
2427,0,0,10.1125,10.11359290999826,completed,10.146855150000192,34.355150000191514,20.614656448364258
2428,1,1,10.116666666666667,10.118356669991044,completed,10.15151025299565,34.84358632898221,15.751808166503906
2429,2,1,10.120833333333334,10.123009258008096,completed,10.156117856007768,35.28452267443427,29.336864471435547
2430,3,1,10.125,10.127711962006288,completed,10.156127063994063,31.127063994063064,15.873311996459961
2431,0,1,10.129166666666666,10.132475682010408,completed,10.165400300000329,36.23363333366214,20.704864501953125
2432,1,0,10.133333333333333,10.137232359003974,completed,10.170157137006754,36.823803673421196,20.829952239990234
2433,2,0,10.1375,10.14206068101339,dropped_dispatch_late,,,
2434,3,0,10.141666666666666,10.142068496003048,completed,10.174974980007391,33.308313340725704,20.627103805541992
2435,0,0,10.145833333333334,10.146849768992979,completed,10.180570639990037,34.73730665670338,15.787103652954102
2436,1,1,10.15,10.15150377099053,completed,10.185519512015162,35.51951201516168,15.623519897460938
2437,2,1,10.154166666666667,10.15611090301536,completed,10.190251020016149,36.0843533494819,32.98646545410156
2438,3,1,10.158333333333333,10.16076840099413,completed,10.194877489004284,36.54415567095093,20.677696228027344
2439,0,1,10.1625,10.165394879993983,completed,10.199881366017507,37.381366017507744,15.88479995727539
2440,1,0,10.166666666666666,10.170151076017646,completed,10.204958640999394,38.29197433272746,20.653247833251953
2441,2,0,10.170833333333333,10.174965923011769,completed,10.213081302004866,42.2479686715338,20.701696395874023
2442,3,0,10.175,10.18056475900812,dropped_dispatch_late,,,
2443,0,0,10.179166666666667,10.180581811000593,completed,10.217699444998289,38.53277833162139,15.8570556640625
2444,1,1,10.183333333333334,10.185511035990203,completed,10.222526355006266,39.193021672932815,15.761119842529297
2445,2,1,10.1875,10.190243987017311,completed,10.227196015999652,39.696015999652445,15.810432434082031
2446,3,1,10.191666666666666,10.194869605009444,completed,10.234015522000846,42.34885533417909,36.001216888427734
2447,0,1,10.195833333333333,10.199627402995247,dropped_queue_full,,,
2448,1,0,10.2,10.200049675011542,dropped_queue_full,,,
2449,2,0,10.204166666666666,10.204325969010824,dropped_queue_full,,,
2450,3,0,10.208333333333334,10.208424915996147,completed,10.238740157015854,30.406823682520567,5.994815826416016
2451,0,0,10.2125,10.21307423899998,completed,10.238728966010967,26.228966010966914,21.565887451171875
2452,1,1,10.216666666666667,10.217694204999134,completed,10.243472747999476,26.806081332809484,21.50281524658203
2453,2,1,10.220833333333333,10.22251999299624,completed,10.252809394994983,31.976061661650235,26.32454490661621
2454,3,1,10.225,10.227188883000053,dropped_queue_full,,,
2455,0,1,10.229166666666666,10.229267562011955,completed,10.262080428015906,32.91376134924029,20.628095626831055
2456,1,0,10.233333333333333,10.234007927007042,completed,10.266718989994843,33.385656661510055,20.616479873657227
2457,2,0,10.2375,10.238723615999334,completed,10.271505673008505,34.005673008504544,15.78166389465332
2458,3,0,10.241666666666667,10.243466226005694,completed,10.27627531500184,34.60864833517263,29.808671951293945
2459,0,0,10.245833333333334,10.248182105016895,completed,10.28108344899374,35.25011566040703,20.561216354370117
2460,1,1,10.25,10.25280215201201,completed,10.281093107012566,31.09310701256618,15.941184043884277
2461,2,1,10.254166666666666,10.257395747990813,completed,10.290536267013522,36.369600346855435,20.528255462646484
2462,3,1,10.258333333333333,10.262075028003892,completed,10.295218181010569,36.884847677235655,20.62601661682129
2463,0,1,10.2625,10.266712637996534,dropped_dispatch_late,,,
2464,1,0,10.266666666666666,10.266728026996134,completed,10.300810956017813,34.144289351146995,20.472448348999023
2465,2,0,10.270833333333334,10.27149862999795,completed,10.306195184995886,35.36185166255201,15.53996753692627
2466,3,0,10.275,10.276267790002748,completed,10.310962110001128,35.96211000112781,15.716352462768555
2467,0,0,10.279166666666667,10.281078058003914,completed,10.315658181993058,36.491515326391166,33.915584564208984
2468,1,1,10.283333333333333,10.285810950008454,completed,10.320312833995558,36.97950066222511,15.831392288208008
2469,2,1,10.2875,10.290529674006393,completed,10.325902283017058,38.40228301705828,20.903711318969727
2470,3,1,10.291666666666666,10.295207841001684,completed,10.3338659919973,42.19932533063364,20.805023193359375
2471,0,1,10.295833333333333,10.300803832011297,dropped_dispatch_late,,,
2472,1,0,10.3,10.301127326994902,completed,10.336538238014327,36.53823801432665,19.26982307434082
2473,2,0,10.304166666666667,10.306188031012425,completed,10.342408049997175,38.24138333050797,15.511712074279785
2474,3,0,10.308333333333334,10.310954256012337,completed,10.347171619010624,38.838285677289974,15.63548755645752
2475,0,0,10.3125,10.315652760997182,completed,10.354620389989577,42.120389989577234,36.034271240234375
2476,1,1,10.316666666666666,10.32030648199725,completed,10.359246067004278,42.57940033761187,20.551616668701172
2477,2,1,10.320833333333333,10.324933121999493,dropped_queue_full,,,
2478,3,1,10.325,10.325103686016519,dropped_queue_full,,,
2479,0,1,10.329166666666666,10.329215748002753,completed,10.363922240998363,34.7555743316974,10.878560066223145
2480,1,0,10.333333333333334,10.333858578000218,dropped_queue_full,,,
2481,2,0,10.3375,10.337646583997412,completed,10.363932840991765,26.432840991764905,21.540544509887695
2482,3,0,10.341666666666667,10.34240124700591,completed,10.37363693601219,31.97026934552305,26.320768356323242
2483,0,0,10.345833333333333,10.347163995000301,dropped_queue_full,,,
2484,1,1,10.35,10.35000524201314,completed,10.37835333601106,28.353336011059938,20.924863815307617
2485,2,1,10.354166666666666,10.354615249991184,completed,10.387634518003324,33.46785133665797,20.486528396606445
2486,3,1,10.358333333333333,10.359239565004827,completed,10.39227752899751,33.94419566417817,15.355008125305176
2487,0,1,10.3625,10.363916941016214,completed,10.39698596301605,34.485963016049226,29.68876838684082
2488,1,0,10.366666666666667,10.368856504996074,completed,10.401599969016388,34.93330234972092,20.371904373168945
2489,2,0,10.370833333333334,10.373629501991672,completed,10.401609166001435,30.7758326681018,15.6397123336792
2490,3,0,10.375,10.378347013989696,completed,10.411071603011806,36.071603011805564,18.926015853881836
2491,0,0,10.379166666666666,10.382990776008228,completed,10.415663416002644,36.496749335977796,20.453311920166016
2492,1,1,10.383333333333333,10.387627545016585,dropped_dispatch_late,,,
2493,2,1,10.3875,10.387642854009755,completed,10.420286117994692,32.78611799469289,20.47020721435547
2494,3,1,10.391666666666666,10.39227008499438,completed,10.429550327011384,37.88366034471835,15.735551834106445
2495,0,1,10.395833333333334,10.396980754012475,completed,10.430364353989717,34.531020656382694,15.737759590148926
2496,1,0,10.4,10.401593526999932,completed,10.435536430013599,35.53643001359852,33.346527099609375
2497,2,0,10.404166666666667,10.406472264992772,completed,10.440904407005291,36.73774033862465,20.50377655029297
2498,3,0,10.408333333333333,10.411064179003006,completed,10.446328310994431,37.99497766109816,20.506080627441406
2499,0,0,10.4125,10.415658206009539,completed,10.450952506012982,38.45250601298211,20.505311965942383
2500,1,1,10.416666666666666,10.420278803998372,completed,10.460162703006063,43.49603633939658,20.523296356201172
2501,2,1,10.420833333333333,10.424896547017852,completed,10.46477106801467,43.93773468133766,20.4583683013916
2502,3,1,10.425,10.429542753001442,dropped_dispatch_late,,,
2503,0,1,10.429166666666667,10.429558303003432,dropped_queue_full,,,
2504,1,0,10.433333333333334,10.433475735015236,dropped_queue_full,,,
2505,2,0,10.4375,10.437597044016002,dropped_queue_full,,,
2506,3,0,10.441666666666666,10.44169655200676,completed,10.469566498009954,27.899831343287218,20.45369529724121
2507,0,0,10.445833333333333,10.446320837014355,completed,10.474261096009286,28.42776267595326,20.550912857055664
2508,1,1,10.45,10.450939200993162,completed,10.478934625018155,28.934625018155913,20.547935485839844
2509,2,1,10.454166666666666,10.455567803990562,completed,10.483576041995548,29.409375328881993,20.592544555664062
2510,3,1,10.458333333333334,10.460156221000943,completed,10.488266522996128,29.93318966279368,20.608768463134766
2511,0,1,10.4625,10.464763814001344,completed,10.492914773989469,30.414773989468458,20.551616668701172
2512,1,0,10.466666666666667,10.46955903401249,completed,10.492924271995435,26.257605328767752,15.789823532104492
2513,2,0,10.470833333333333,10.4742558360158,completed,10.507183711015387,36.35037768205329,20.418560028076172
2514,3,0,10.475,10.478928082011407,completed,10.51183502699132,36.83502699132113,20.636768341064453
2515,0,0,10.479166666666666,10.483569058997091,dropped_dispatch_late,,,
2516,1,1,10.483333333333333,10.483584208006505,completed,10.516500931000337,33.1675976670045,20.497440338134766
2517,2,1,10.4875,10.488259589998052,completed,10.521150314016268,33.65031401626695,15.842880249023438
2518,3,1,10.491666666666667,10.492909302993212,completed,10.525824723998085,34.158057331417524,15.605152130126953
2519,0,1,10.495833333333334,10.497567862999858,completed,10.530474527011393,34.64119367805907,31.063295364379883
2520,1,0,10.5,10.502275245991768,completed,10.535100264998619,35.10026499861851,20.593151092529297
2521,2,0,10.504166666666666,10.507176476996392,completed,10.535109332005959,30.942665339292574,15.826208114624023
2522,3,0,10.508333333333333,10.511827483016532,completed,10.544534217013279,36.200883679946116,20.651071548461914
2523,0,0,10.5125,10.516494589013746,completed,10.54974482601392,37.24482601392154,20.691680908203125
2524,1,1,10.516666666666666,10.521143381018192,dropped_dispatch_late,,,
2525,2,1,10.520833333333334,10.521158660005312,completed,10.555503656010842,34.670322677508025,20.621471405029297
2526,3,1,10.525,10.525817540008575,completed,10.563079478015425,38.07947801542433,15.73423957824707
2527,0,1,10.529166666666667,10.530469448014628,completed,10.567701188003412,38.53452133674473,15.821311950683594
2528,1,0,10.533333333333333,10.535093712998787,completed,10.570850131014595,37.51679768126159,35.39859390258789
2529,2,0,10.5375,10.539709901990136,completed,10.580268774006981,42.76877400698176,20.6200008392334
2530,3,0,10.541666666666666,10.544358443003148,dropped_queue_full,,,
2531,0,0,10.545833333333333,10.545951039006468,dropped_queue_full,,,
2532,1,1,10.55,10.55006418301491,completed,10.584872800012818,34.872800012816896,10.890560150146484
2533,2,1,10.554166666666667,10.554697885992937,dropped_queue_full,,,
2534,3,1,10.558333333333334,10.558423073001904,completed,10.584882218012353,26.548884679019835,21.521631240844727
2535,0,1,10.5625,10.563072063989239,completed,10.594093046005582,31.593046005582437,26.226816177368164
2536,1,0,10.566666666666666,10.567695728008403,dropped_queue_full,,,
2537,2,0,10.570833333333333,10.570843638008228,completed,10.59871831300552,27.88497967218717,20.84566307067871
2538,3,0,10.575,10.575593301007757,completed,10.603331847989466,28.331847989466752,20.496095657348633
2539,0,0,10.579166666666666,10.580261791008525,completed,10.608617359015625,29.45069234895925,15.745152473449707
2540,1,1,10.583333333333334,10.584866557997884,completed,10.613257874007104,29.92454067377004,27.992351531982422
2541,2,1,10.5875,10.589474542008247,completed,10.622538755997084,35.038755997083726,20.995935440063477
2542,3,1,10.591666666666667,10.594087945995852,completed,10.622548454004573,30.88178733790592,15.904031753540039
2543,0,1,10.595833333333333,10.598711439990439,completed,10.631743592995917,35.91025966258421,20.815584182739258
2544,1,0,10.6,10.603324043011526,completed,10.636346145998687,36.34614599868691,20.65068817138672
2545,2,0,10.604166666666666,10.608612269017613,dropped_dispatch_late,,,
2546,3,0,10.608333333333333,10.608627177018207,completed,10.640943089005305,32.609755671971996,20.522048950195312
2547,0,0,10.6125,10.61325125201256,completed,10.645563767000567,33.06376700056646,15.711584091186523
2548,1,1,10.616666666666667,10.617893070011633,completed,10.650189945998136,33.523279331468814,15.574975967407227
2549,2,1,10.620833333333334,10.622531692002667,completed,10.654817155998899,33.9838226655651,31.991615295410156
2550,3,1,10.625,10.627142231009202,completed,10.659958524018293,34.95852401829325,20.418848037719727
2551,0,1,10.629166666666666,10.631738413008861,completed,10.667307725001592,38.14105833492576,20.487743377685547
2552,1,0,10.633333333333333,10.636339734017383,completed,10.670167698001023,36.83436466769052,20.44060707092285
2553,2,0,10.6375,10.640935745002935,completed,10.679694637015928,42.19463701592829,20.49964714050293
2554,3,0,10.641666666666666,10.645558317017276,completed,10.684318992018234,42.652325351568265,20.31817626953125
2555,0,0,10.645833333333334,10.650183424004354,dropped_dispatch_late,,,
2556,1,1,10.65,10.650198782997904,completed,10.688923550012987,38.92355001298675,15.589311599731445
2557,2,1,10.654166666666667,10.65481023301254,completed,10.69355990801705,39.39324135038369,15.565055847167969
2558,3,1,10.658333333333333,10.659461980016204,dropped_queue_full,,,
2559,0,1,10.6625,10.662534667993896,completed,10.698161419015378,35.661419015378115,30.63654327392578
2560,1,0,10.666666666666666,10.667302304995246,dropped_queue_full,,,
2561,2,0,10.670833333333333,10.670951848005643,dropped_queue_full,,,
2562,3,0,10.675,10.6750543419912,completed,10.702787818008801,27.787818008800258,20.77497673034668
2563,0,0,10.679166666666667,10.67968765401747,completed,10.707467118016211,28.300451349544176,10.846431732177734
2564,1,1,10.683333333333334,10.684311627992429,completed,10.712322542007314,28.98920867398047,25.86729621887207
2565,2,1,10.6875,10.688916867016815,completed,10.72154529299587,34.04529299587011,25.90003204345703
2566,3,1,10.691666666666666,10.693552793993149,completed,10.726162453996949,34.49578733028247,20.890527725219727
2567,0,1,10.695833333333333,10.698156169004506,completed,10.730769075016724,34.935741683391086,20.346752166748047
2568,1,0,10.7,10.702780324005289,completed,10.730778674012981,30.778674012982066,15.801247596740723
2569,2,0,10.704166666666666,10.707461717014667,completed,10.740063692996046,35.897026329379855,20.257055282592773
2570,3,0,10.708333333333334,10.712315848999424,completed,10.7447016639926,36.36833065926659,20.30681610107422
2571,0,0,10.7125,10.716932439012453,dropped_dispatch_late,,,
2572,1,1,10.716666666666667,10.716940504993545,completed,10.749321790994145,32.65512432747819,20.24563217163086
2573,2,1,10.720833333333333,10.721538268990116,completed,10.753967066004407,33.133732671073446,15.488415718078613
2574,3,1,10.725,10.726154980016872,completed,10.758567295008106,33.56729500810651,15.582752227783203
2575,0,1,10.729166666666666,10.73076372500509,completed,10.763586390006822,34.41972334015553,32.531070709228516
2576,1,0,10.733333333333333,10.735397258016746,completed,10.768957163003506,35.623829670173635,20.535200119018555
2577,2,0,10.7375,10.740056690003257,completed,10.775490505009657,37.99050500965606,20.74380874633789
2578,3,0,10.741666666666667,10.744694280001568,completed,10.779272129002493,37.605462335825734,20.736576080322266
2579,0,0,10.745833333333334,10.749315458990168,completed,10.788507543999003,42.674210665669676,20.6779842376709
2580,1,1,10.75,10.75395984199713,completed,10.79315473200404,43.15473200404085,20.534080505371094
2581,2,1,10.754166666666666,10.75855971101555,dropped_dispatch_late,,,
2582,3,1,10.758333333333333,10.758574990002671,completed,10.797789536998607,39.45620366527436,15.704928398132324
2583,0,1,10.7625,10.7632530569972,dropped_queue_full,,,
2584,1,0,10.766666666666666,10.766739910992328,dropped_queue_full,,,
2585,2,0,10.770833333333334,10.770851011009654,completed,10.802402350003831,31.569016670497163,25.86012840270996
2586,3,0,10.775,10.77548365201801,dropped_queue_full,,,
2587,0,0,10.779166666666667,10.779264935001265,completed,10.807117046992062,27.950380325394875,20.761600494384766
2588,1,1,10.783333333333333,10.783875063003507,completed,10.811773793015163,28.440459681830177,20.81430435180664
2589,2,1,10.7875,10.788502634008182,completed,10.816674383007921,29.174383007921634,15.899359703063965
2590,3,1,10.791666666666666,10.7931483600114,completed,10.821420309017412,29.75364235074629,25.88457679748535
2591,0,1,10.795833333333333,10.797782142995857,completed,10.830746366002131,34.91303266879875,20.91107177734375
2592,1,0,10.8,10.802395386999706,completed,10.830756245006341,30.756245006340777,16.010751724243164
2593,2,0,10.804166666666667,10.807111777015962,completed,10.84006718400633,35.900517339662485,20.484800338745117
2594,3,0,10.808333333333334,10.811767411010806,completed,10.844699434004724,36.366100671390456,20.681215286254883
2595,0,0,10.8125,10.816667080012849,dropped_dispatch_late,,,
2596,1,1,10.816666666666666,10.816682709002635,completed,10.849310824007262,32.644157340595115,20.552288055419922
2597,2,1,10.820833333333333,10.82141257499461,completed,10.85391565199825,33.082318664916954,15.81385612487793
2598,3,1,10.825,10.826091223018011,completed,10.858557280007517,33.557280007517676,15.633055686950684
2599,0,1,10.829166666666666,10.830740906007122,completed,10.863200221006991,34.03355434032562,31.842559814453125
2600,1,0,10.833333333333334,10.835387624014402,completed,10.868064782000147,34.73144866681288,20.437984466552734
2601,2,0,10.8375,10.840060070011532,completed,10.87735876798979,39.85876798978971,20.486400604248047
2602,3,0,10.841666666666667,10.844691739010159,completed,10.878170459996909,36.50379333024212,20.456256866455078
2603,0,0,10.845833333333333,10.849304150993703,completed,10.883374716999242,37.54138366590887,20.38982391357422
2604,1,1,10.85,10.853908979013795,completed,10.892648294015089,42.648294015089405,20.57036781311035
2605,2,1,10.854166666666666,10.85854940500576,dropped_dispatch_late,,,
2606,3,1,10.858333333333333,10.858565085014561,completed,10.897282638004981,38.94930467164848,15.666463851928711
2607,0,1,10.8625,10.863194750010734,completed,10.901915208989521,39.41520898952078,15.708383560180664
2608,1,0,10.866666666666667,10.868058270018082,completed,10.90655372099718,39.88705433051365,15.59280014038086
2609,2,0,10.870833333333334,10.872714244993404,completed,10.913093003997346,42.259670664012816,36.007713317871094
2610,3,0,10.875,10.87735177500872,dropped_queue_full,,,
2611,0,0,10.879166666666666,10.879266122006811,dropped_queue_full,,,
2612,1,1,10.883333333333333,10.883370218012715,dropped_queue_full,,,
2613,2,1,10.8875,10.887510494008893,completed,10.917962445004378,30.462445004378225,6.004767894744873
2614,3,1,10.891666666666666,10.892641662008828,completed,10.917972073017154,26.30540635048817,21.699039459228516
2615,0,1,10.895833333333334,10.897275094001088,completed,10.922600304998923,26.766971665589168,21.40233612060547
2616,1,0,10.9,10.901910309999948,completed,10.93186176000745,31.861760007450002,26.449344635009766
2617,2,0,10.904166666666667,10.906547309015878,dropped_queue_full,,,
2618,3,0,10.908333333333333,10.908425347006414,completed,10.936477759008994,28.14442567566111,20.506912231445312
2619,0,0,10.9125,10.913086001004558,completed,10.945678527990822,33.178527990822104,20.52118492126465
2620,1,1,10.916666666666666,10.917955051001627,completed,10.950291492015822,33.624825349155785,15.740351676940918
2621,2,1,10.920833333333333,10.922595064999769,completed,10.954885788989486,34.05245565615367,29.019775390625
2622,3,1,10.925,10.927262031007558,completed,10.959496458002832,34.496458002831076,20.647615432739258
2623,0,1,10.929166666666667,10.93185533801443,completed,10.96415125101339,34.98458434672358,20.635839462280273
2624,1,0,10.933333333333334,10.936469854001189,completed,10.96416100001079,30.827666677456733,15.929408073425293
2625,2,0,10.9375,10.941090331994928,completed,10.973627494007815,36.127494007814676,20.510623931884766
2626,3,0,10.941666666666666,10.945673087990144,completed,10.978256767994026,36.59010132735929,20.43724822998047
2627,0,0,10.945833333333333,10.95028521999484,dropped_dispatch_late,,,
2628,1,1,10.95,10.950300327996956,completed,10.987494758010143,37.494758010144125,20.40438461303711
2629,2,1,10.954166666666666,10.954878796008416,completed,10.992101089010248,37.93442234358224,15.499711990356445
2630,3,1,10.958333333333334,10.959489214990754,completed,10.99354619398946,35.2128606561255,15.509535789489746
2631,0,1,10.9625,10.96414594099042,completed,10.998586278990842,36.08627899084205,34.224769592285156
2632,1,0,10.966666666666667,10.968992398004048,completed,11.003796306991717,37.12964032505006,20.381664276123047
2633,2,0,10.970833333333333,10.973620770993875,completed,11.00897289099521,38.13955766187682,20.604032516479492
2634,3,0,10.975,10.97824913400109,completed,11.01851397700375,43.513977003749815,20.485408782958984
2635,0,0,10.979166666666666,10.982888227008516,completed,11.023170472995844,44.003806329177664,20.538240432739258
2636,1,1,10.983333333333333,10.987488226004643,completed,11.027830895996885,44.49756266355287,20.37696075439453
2637,2,1,10.9875,10.992094106011791,dropped_dispatch_late,,,
2638,3,1,10.991666666666667,10.992109504994005,dropped_queue_full,,,
2639,0,1,10.995833333333334,10.995896750013344,dropped_queue_full,,,
2640,1,0,11.0,11.000007658993127,dropped_queue_full,,,
2641,2,0,11.004166666666666,11.00426885500201,completed,11.033094326005084,28.92765933841801,20.3920955657959
2642,3,0,11.008333333333333,11.00896565700532,completed,11.03844511101488,30.11177768154738,20.348928451538086
2643,0,0,11.0125,11.013618807017338,completed,11.043037505005486,30.53750500548702,20.363584518432617
2644,1,1,11.016666666666666,11.018506352003897,completed,11.047644106001826,30.977439335160284,20.467519760131836
2645,2,1,11.020833333333334,11.023164982005255,completed,11.04765337400022,26.820040666885703,15.736255645751953
2646,3,1,11.025,11.027824443997815,completed,11.052232904010452,27.232904010451975,15.43455982208252
2647,0,1,11.029166666666667,11.033086511015426,completed,11.061450886016246,32.284219349579146,20.49852752685547
2648,1,0,11.033333333333333,11.038437245995738,dropped_dispatch_late,,,
2649,2,0,11.0375,11.038452875014627,completed,11.066043310012901,28.543310012901557,20.45849609375
2650,3,0,11.041666666666666,11.04303200499271,completed,11.07544365801732,33.776991350654484,20.490304946899414
2651,0,0,11.045833333333333,11.04763738301699,completed,11.080066310008988,34.23297667565528,15.656928062438965
2652,1,1,11.05,11.052225901017664,completed,11.084656099992571,34.65609999257069,28.6889591217041
2653,2,1,11.054166666666667,11.056853110989323,completed,11.089297647005878,35.13098033921125,20.38528060913086
2654,3,1,11.058333333333334,11.061445464991266,completed,11.089307135000126,30.973801666792866,15.863648414611816
2655,0,1,11.0625,11.066036086005624,completed,11.098542810999788,36.042810999788344,20.539039611816406
2656,1,0,11.066666666666666,11.070605006010737,completed,11.10318082201411,36.51415534744373,20.509536743164062
2657,2,0,11.070833333333333,11.075436043989612,dropped_dispatch_late,,,
2658,3,0,11.075,11.075451634009369,completed,11.10781240099459,32.81240099459026,20.29270362854004
2659,0,0,11.079166666666666,11.080060909996973,completed,11.112473465007497,33.30679834083128,15.480768203735352
2660,1,1,11.083333333333334,11.084649686992634,completed,11.117510725016473,34.177391683138936,15.453184127807617
2661,2,1,11.0875,11.08929056400666,completed,11.122645710012875,35.14571001287514,33.0621452331543
2662,3,1,11.091666666666667,11.093918686005054,completed,11.12769348899019,36.02682232352272,20.44361686706543
2663,0,1,11.095833333333333,11.098537100013345,completed,11.133970263996162,38.136930662828306,20.40163230895996
2664,1,0,11.1,11.103174620016944,completed,11.138617101998534,38.61710199853441,20.429439544677734
2665,2,0,11.104166666666666,11.107804836006835,completed,11.14326181501383,39.095148347163544,20.494976043701172
2666,3,0,11.108333333333333,11.112468014995102,completed,11.15249885301455,44.165519681216736,20.517919540405273
2667,0,0,11.1125,11.117120593989966,dropped_dispatch_late,,,
2668,1,1,11.116666666666667,11.117339279007865,dropped_queue_full,,,
2669,2,1,11.120833333333334,11.120898291002959,dropped_queue_full,,,
2670,3,1,11.125,11.125006524991477,dropped_queue_full,,,
2671,0,1,11.129166666666666,11.1292676400044,completed,11.157123568991665,27.956902324998367,20.52191925048828
2672,1,0,11.133333333333333,11.133964873995865,completed,11.161771078011952,28.43774467861948,20.548095703125
2673,2,0,11.1375,11.138610469002742,completed,11.166386236000108,28.886236000108312,20.60313606262207
2674,3,0,11.141666666666666,11.143254691996844,completed,11.170994039013749,29.32737234708327,20.48531150817871
2675,0,0,11.145833333333334,11.147872203990119,completed,11.1756521690113,29.818835677966504,20.572832107543945
2676,1,1,11.15,11.152491368993651,completed,11.18051695000031,30.51695000030996,20.608287811279297
2677,2,1,11.154166666666667,11.157118119008373,completed,11.18052604800323,26.35938133656346,15.91312026977539
2678,3,1,11.158333333333333,11.161764335003681,completed,11.185134122002637,26.8007886693038,15.866815567016602
2679,0,1,11.1625,11.16637920201174,completed,11.199029909999808,36.52990999980865,20.627296447753906
2680,1,0,11.166666666666666,11.170986395009095,dropped_dispatch_late,,,
2681,2,0,11.170833333333333,11.171001854003407,completed,11.203630700998474,32.79736766514141,20.543519973754883
2682,3,0,11.175,11.175646949006477,completed,11.208320400008233,33.32040000823255,20.493183135986328
2683,0,0,11.179166666666667,11.18051036799443,completed,11.213044114003424,33.87744733675646,15.74169635772705
2684,1,1,11.183333333333334,11.18512689799536,completed,11.217721499997424,34.38816666409039,30.652095794677734
2685,2,1,11.1875,11.1897550910071,completed,11.22260565799661,35.10565799660981,20.50092887878418
2686,3,1,11.191666666666666,11.194377631996758,completed,11.227291068993509,35.624402326842386,20.785888671875
2687,0,1,11.195833333333333,11.199024489993462,completed,11.227279607002856,31.44627366952335,15.824288368225098
2688,1,0,11.2,11.203623467008583,completed,11.236871710018022,36.871710018022696,20.700159072875977
2689,2,0,11.204166666666666,11.208312945993384,completed,11.246323505998589,42.15683933192338,20.66912078857422
2690,3,0,11.208333333333334,11.21303871399141,dropped_dispatch_late,,,
2691,0,0,11.2125,11.213053801999195,completed,11.247746620007092,35.24662000709178,20.531391143798828
2692,1,1,11.216666666666667,11.217715197999496,completed,11.254760234005516,38.09356733884961,15.583295822143555
2693,2,1,11.220833333333333,11.22259871501592,completed,11.259419255016837,38.585921683504054,15.649663925170898
2694,3,1,11.225,11.227273997006705,completed,11.267188624013215,42.18862401321566,35.45075225830078
2695,0,1,11.229166666666666,11.2319174479926,completed,11.271805946016684,42.6392793500181,20.5032958984375
2696,1,0,11.233333333333333,11.236538397002732,dropped_queue_full,,,
2697,2,0,11.2375,11.23750922101317,dropped_queue_full,,,
2698,3,0,11.241666666666667,11.241684973996598,completed,11.276480977016035,34.81431034936833,10.803680419921875
2699,0,0,11.245833333333334,11.24631629200303,dropped_queue_full,,,
2700,1,1,11.25,11.250108145992272,completed,11.276470487995539,26.47048799553886,21.4182071685791
2701,2,1,11.254166666666666,11.254753810993861,completed,11.285909489000915,31.74282233424819,26.154592514038086
2702,3,1,11.258333333333333,11.259411940991413,dropped_queue_full,,,
2703,0,1,11.2625,11.262582394003402,completed,11.290534325002227,28.03432500222769,20.92348861694336
2704,1,0,11.266666666666666,11.267180950002512,completed,11.295173799007898,28.507132341232477,20.621183395385742
2705,2,0,11.270833333333334,11.271800776012242,completed,11.30453123600455,33.697902671216085,15.82688045501709
2706,3,0,11.275,11.27646405500127,completed,11.309238598012598,34.238598012597876,28.60588836669922
2707,0,0,11.279166666666667,11.281318246998126,completed,11.313892289006617,34.725622339950135,20.938751220703125
2708,1,1,11.283333333333333,11.285902917006752,completed,11.318549296003766,35.21596267043314,20.532384872436523
2709,2,1,11.2875,11.290528874989832,completed,11.318558864993975,31.05886499397492,15.878111839294434
2710,3,1,11.291666666666666,11.295167347008828,completed,11.328107954992447,36.441288325780974,20.33830451965332
2711,0,1,11.295833333333333,11.299865551991388,completed,11.332847940007923,37.01460667459067,20.385311126708984
2712,1,0,11.3,11.304524362989469,dropped_dispatch_late,,,
2713,2,0,11.304166666666667,11.304539672011742,completed,11.33753241901286,33.36575234619232,20.39174461364746
2714,3,0,11.308333333333334,11.309231154009467,completed,11.342191010015085,33.85767668175177,15.610336303710938
2715,0,0,11.3125,11.313887049007462,completed,11.34681718799402,34.31718799402006,15.686335563659668
2716,1,1,11.316666666666666,11.318542913999408,completed,11.356098579999525,39.43191333285867,32.715553283691406
2717,2,1,11.320833333333333,11.32346276100725,completed,11.357226513006026,36.393179672693066,20.424928665161133
2718,3,1,11.325,11.328100521001033,completed,11.362116032018093,37.1160320180941,20.43574333190918
2719,0,1,11.329166666666666,11.33284250998986,completed,11.371306571993046,42.13990532637979,20.360607147216797
2720,1,0,11.333333333333334,11.337525495997397,dropped_dispatch_late,,,
2721,2,0,11.3375,11.337540775013622,completed,11.375962265999988,38.462265999987366,15.624320030212402
2722,3,0,11.341666666666667,11.342183385015232,completed,11.3806767630158,39.01009634913244,15.586463928222656
2723,0,0,11.345833333333333,11.346811747993343,completed,11.38538795299246,39.554619659126544,15.64748764038086
2724,1,1,11.35,11.351473293005256,completed,11.392271719989367,42.271719989367185,36.2960319519043
2725,2,1,11.354166666666666,11.356092168018222,dropped_queue_full,,,
2726,3,1,11.358333333333333,11.358334809017833,dropped_queue_full,,,
2727,0,1,11.3625,11.362590844015358,dropped_queue_full,,,
2728,1,0,11.366666666666667,11.366685282002436,completed,11.397025882004527,30.359215337860235,5.9203200340271
2729,2,0,11.370833333333334,11.371300900995266,completed,11.397035258996766,26.20192566343249,21.38547134399414
2730,3,0,11.375,11.375955063005676,completed,11.401716102001956,26.716102001955733,21.37273597717285
2731,0,0,11.379166666666666,11.380668828001944,completed,11.41105986299226,31.893196325594175,26.117984771728516
2732,1,1,11.383333333333333,11.385382792999735,dropped_queue_full,,,
2733,2,1,11.3875,11.387582071009092,completed,11.415739121992374,28.23912199237455,20.396991729736328
2734,3,1,11.391666666666666,11.392265288013732,completed,11.420376191003015,28.709524336349546,20.39263916015625
2735,0,1,11.395833333333334,11.39701943899854,completed,11.425236334005604,29.40300067226964,15.751104354858398
2736,1,0,11.4,11.40170913899783,completed,11.43452015100047,34.52015100046957,28.30691146850586
2737,2,0,11.404166666666667,11.406370203010738,completed,11.439192638004897,35.02597133823038,20.580480575561523
2738,3,0,11.408333333333333,11.411054422002053,completed,11.439202095993096,30.868762659762794,16.00543975830078
2739,0,0,11.4125,11.415732358989771,completed,11.448594118002802,36.09411800280249,20.518592834472656
2740,1,1,11.416666666666666,11.420368405990303,completed,11.453232911007944,36.56624434127842,20.70854377746582
2741,2,1,11.420833333333333,11.425230954017024,dropped_dispatch_late,,,
2742,3,1,11.425,11.425246172992047,completed,11.457855582004413,32.8555820044123,20.56051254272461
2743,0,1,11.429166666666667,11.429883413016796,completed,11.462525904993527,33.3592383268595,15.67516803741455
2744,1,0,11.433333333333334,11.434513638989301,completed,11.467138006992172,33.80467365883888,15.770719528198242
2745,2,0,11.4375,11.439185354014626,completed,11.472135481017176,34.63548101717606,32.71052932739258
2746,3,0,11.441666666666666,11.443899089004844,completed,11.479786946001695,38.12027933502904,20.683103561401367
2747,0,0,11.445833333333333,11.448589148989413,completed,11.482647921016905,36.8145876835726,20.67308807373047
2748,1,1,11.45,11.453226437995909,completed,11.492194357007975,42.19435700797547,20.747968673706055
2749,2,1,11.454166666666666,11.457847837998997,completed,11.496877914993092,42.7112483264267,20.745759963989258
2750,3,1,11.458333333333334,11.46252059499966,dropped_dispatch_late,,,
2751,0,1,11.4625,11.462535692990059,completed,11.50153281801613,39.03281801613012,15.858336448669434
2752,1,0,11.466666666666667,11.467131473997142,completed,11.506209732993739,39.54306632707194,15.527935981750488
2753,2,0,11.470833333333333,11.471811755996896,dropped_queue_full,,,
2754,3,0,11.475,11.475110211991705,completed,11.510937685001409,35.93768500140904,31.08051109313965
2755,0,0,11.479166666666666,11.479779501998564,dropped_queue_full,,,
2756,1,1,11.483333333333333,11.48342416601372,dropped_queue_full,,,
2757,2,1,11.4875,11.487507993995678,completed,11.515662541001802,28.1625410018016,20.809152603149414
2758,3,1,11.491666666666667,11.492188005009666,completed,11.52037625599769,28.7095893310223,10.95417594909668
2759,0,1,11.495833333333334,11.496870941016823,completed,11.525677997997263,29.844664663929876,26.084672927856445
2760,1,0,11.5,11.501527678017737,completed,11.530361254001036,30.361254001036286,26.345632553100586
2761,2,0,11.504166666666666,11.50620341100148,completed,11.539780838997103,35.614172330436844,21.096736907958984
2762,3,0,11.508333333333333,11.510930070013274,completed,11.53979027699097,31.456943657637737,15.815648078918457
2763,0,0,11.5125,11.515655547002098,completed,11.549139278009534,36.63927800953459,20.506816864013672
2764,1,1,11.516666666666666,11.520368511002744,completed,11.553860265994444,37.19359932777877,20.598976135253906
2765,2,1,11.520833333333334,11.525672637013486,dropped_dispatch_late,,,
2766,3,1,11.525,11.525687776011182,completed,11.558564183011185,33.56418301118502,20.478591918945312
2767,0,1,11.529166666666667,11.530354741989868,completed,11.563236207992304,34.06954132563733,15.677568435668945
2768,1,0,11.533333333333333,11.535061403992586,completed,11.567881654016674,34.54832068334035,15.726943969726562
2769,2,0,11.5375,11.539773525000783,completed,11.572588565002661,35.088565002661554,31.715103149414062
2770,3,0,11.541666666666666,11.544480687996838,completed,11.572597552993102,30.930886326435925,15.878111839294434
2771,0,0,11.545833333333333,11.549133997992612,completed,11.582301488000667,36.46815466733422,20.735519409179688
2772,1,1,11.55,11.553853704011999,completed,11.587450057995738,37.45005799573775,20.746240615844727
2773,2,1,11.554166666666667,11.558556798991049,dropped_dispatch_late,,,
2774,3,1,11.558333333333334,11.558572137990268,completed,11.593113768001786,34.78043466845193,20.561792373657227
2775,0,1,11.5625,11.563230908010155,completed,11.600641628989251,38.14162898925133,15.735808372497559
2776,1,0,11.566666666666666,11.567875261011068,completed,11.605323864001548,38.65719733488149,15.702943801879883
2777,2,0,11.570833333333333,11.572581342014018,completed,11.6083278110018,37.49447766846714,35.552608489990234
2778,3,0,11.575,11.577295668015722,completed,11.617877181997756,42.87718199775625,20.572927474975586
2779,0,0,11.579166666666666,11.581967853999231,dropped_queue_full,,,
2780,1,1,11.583333333333334,11.583410924999043,dropped_queue_full,,,
2781,2,1,11.5875,11.587611315015238,completed,11.622627787000965,35.12778700096497,10.986751556396484
2782,3,1,11.591666666666667,11.59233261400368,dropped_queue_full,,,
2783,0,1,11.595833333333333,11.595951238006819,completed,11.622617196990177,26.78386365684382,21.605567932128906
2784,1,0,11.6,11.600636349001434,completed,11.63226595701417,32.2659570141699,26.123647689819336
2785,2,0,11.604166666666666,11.605317372013815,dropped_queue_full,,,
2786,3,0,11.608333333333333,11.608489178004675,completed,11.636975414003246,28.642080669913028,20.876256942749023
2787,0,0,11.6125,11.613205998000922,completed,11.641679741005646,29.179741005645354,20.521503448486328
2788,1,1,11.616666666666667,11.617869617999531,completed,11.646432019013446,29.765352346778684,15.703264236450195
2789,2,1,11.620833333333334,11.62261183699593,completed,11.651135454012547,30.302120679213118,27.583744049072266
2790,3,1,11.625,11.627577940991614,completed,11.651144962001126,26.14496200112626,16.119583129882812
2791,0,1,11.629166666666666,11.632259534992045,completed,11.665242082992336,36.07541632566935,20.311199188232422
2792,1,0,11.633333333333333,11.636967658996582,completed,11.669960867991904,36.62753465857094,20.52947235107422
2793,2,0,11.6375,11.641674381011399,dropped_dispatch_late,,,
2794,3,0,11.641666666666666,11.64168951899046,completed,11.674672799010295,33.0061323436297,20.303647994995117
2795,0,0,11.645833333333334,11.646425526996609,completed,11.679357318993425,33.52398566009107,15.690591812133789
2796,1,1,11.65,11.651127980003366,completed,11.684032701014075,34.03270101407507,15.510335922241211
2797,2,1,11.654166666666667,11.655831014999421,completed,11.688716017990373,34.54935132370629,30.840576171875
2798,3,1,11.658333333333333,11.660575387999415,completed,11.693424703000346,35.091369667012984,20.479839324951172
2799,0,1,11.6625,11.665236683009425,completed,11.693413522007177,30.913522007177008,15.798368453979492
2800,1,0,11.666666666666666,11.669954195007449,completed,11.702823327999795,36.15666133312878,20.660959243774414
2801,2,0,11.670833333333333,11.674665115016978,completed,11.707685775007121,36.85244167378876,20.62499237060547
2802,3,0,11.675,11.679352039005607,dropped_dispatch_late,,,
2803,0,0,11.679166666666667,11.679367277014535,completed,11.713384962000418,34.218295333751314,20.477184295654297
2804,1,1,11.683333333333334,11.684026558999904,completed,11.718274531012867,34.941197679533076,15.611871719360352
2805,2,1,11.6875,11.688709025009302,completed,11.725847668014467,38.34766801446676,15.674336433410645
2806,3,1,11.691666666666666,11.693407990998821,completed,11.728592122002738,36.92545533607117,34.88467025756836
2807,0,1,11.695833333333333,11.698124732007273,completed,11.73400343200774,38.17009867440646,20.538175582885742
2808,1,0,11.7,11.70281681601773,completed,11.743529860017588,43.52986001758907,20.54515266418457
2809,2,0,11.704166666666666,11.707510873005958,dropped_queue_full,,,
2810,3,0,11.708333333333334,11.70848167699296,completed,11.748347982997075,40.0146496637408,15.616543769836426
2811,0,0,11.7125,11.713211182010127,dropped_queue_full,,,
2812,1,1,11.716666666666667,11.71668809701805,dropped_queue_full,,,
2813,2,1,11.720833333333333,11.720950695016654,completed,11.753155236016028,32.321902682694414,25.827775955200195
2814,3,1,11.725,11.725840535014868,dropped_queue_full,,,
2815,0,1,11.729166666666666,11.729227419011295,completed,11.757934705005027,28.76803833836128,20.48080062866211
2816,1,0,11.733333333333333,11.733998222014634,completed,11.762724916014122,29.39158268078934,20.6823673248291
2817,2,0,11.7375,11.738759667990962,completed,11.767524994997075,30.024994997074117,15.752448081970215
2818,3,0,11.741666666666667,11.743523167009698,completed,11.772352255007718,30.685588341050618,25.825471878051758
2819,0,0,11.745833333333334,11.748340910009574,completed,11.772340693016304,26.507359682970133,16.000608444213867
2820,1,1,11.75,11.753148121992126,completed,11.777159117016708,27.15911701670848,15.775327682495117
2821,2,1,11.754166666666666,11.757929465005873,completed,11.78675851301523,32.591846348562825,20.41334342956543
2822,3,1,11.758333333333333,11.762718453013804,dropped_dispatch_late,,,
2823,0,1,11.7625,11.762734053016175,completed,11.791621682001278,29.121682001278515,20.359392166137695
2824,1,0,11.766666666666666,11.767517981003039,completed,11.796458550990792,29.791884324126272,20.415935516357422
2825,2,0,11.770833333333334,11.77233529300429,completed,11.806090118014254,35.25678468091975,15.652480125427246
2826,3,0,11.775,11.777152694994584,completed,11.810868505999679,35.86850599967839,29.135007858276367
2827,0,0,11.779166666666667,11.781939367996529,completed,11.810856994008645,31.69032734197863,15.67683219909668
2828,1,1,11.783333333333333,11.78675133001525,completed,11.820336161996238,37.00282866290472,17.08278465270996
2829,2,1,11.7875,11.791616361995693,completed,11.825550839013886,38.05083901388606,20.345983505249023
2830,3,1,11.791666666666666,11.796452089009108,dropped_dispatch_late,,,
2831,0,1,11.795833333333333,11.796467428008327,completed,11.830966687004548,35.13335367121506,20.39334487915039
2832,1,0,11.8,11.801267025992274,completed,11.836355034000007,36.355034000006725,15.70793628692627
2833,2,0,11.804166666666667,11.806082844996126,completed,11.841427430015756,37.26076334908868,15.632479667663574
2834,3,0,11.808333333333334,11.810851693997392,completed,11.841438160015969,33.104826682635036,27.093631744384766
2835,0,0,11.8125,11.815582331008045,completed,11.848069828993175,35.56982899317518,20.282272338867188
2836,1,1,11.816666666666666,11.820329770009266,completed,11.853116245998535,36.449579331868875,20.53718376159668
2837,2,1,11.820833333333333,11.825543023995124,dropped_dispatch_late,,,
2838,3,1,11.825,11.825559805991361,completed,11.858841943001607,33.84194300160814,20.431615829467773
2839,0,1,11.829166666666666,11.830960585997673,completed,11.863493219017982,34.326552351316764,10.967040061950684
2840,1,0,11.833333333333334,11.836347859993111,completed,11.872700020001503,39.36668666816878,15.492863655090332
2841,2,0,11.8375,11.841420276992721,completed,11.873957959993277,36.45795999327639,32.22777557373047
2842,3,0,11.841666666666667,11.846498122991761,dropped_dispatch_late,,,
2843,0,0,11.845833333333333,11.846507590991678,dropped_queue_full,,,
2844,1,1,11.85,11.850109343009535,dropped_queue_full,,,
2845,2,1,11.854166666666666,11.854223389003891,completed,11.88427785501699,30.11118835032356,5.956128120422363
2846,3,1,11.858333333333333,11.858834207989275,completed,11.8842870919907,25.953758657367487,21.2161922454834
2847,0,1,11.8625,11.863487738999538,completed,11.888886350003304,26.38635000330325,21.67420768737793
2848,1,0,11.866666666666667,11.868084582005395,completed,11.898133347014664,31.4666803479966,26.46134376525879
2849,2,0,11.870833333333334,11.87269328700495,dropped_queue_full,,,
2850,3,0,11.875,11.875066134991357,completed,11.902754656010075,27.75465601007454,20.613887786865234
2851,0,0,11.879166666666666,11.879674919997342,completed,11.907400892989244,28.234226322577882,20.5993595123291
2852,1,1,11.883333333333333,11.884270720998757,completed,11.91206361100194,28.730277668607584,15.795167922973633
2853,2,1,11.8875,11.888881070015486,completed,11.91666289800196,29.162898001960258,27.293760299682617
2854,3,1,11.891666666666666,11.893501006008592,completed,11.925906938995467,34.24027232880178,20.43996810913086
2855,0,1,11.895833333333334,11.898126743995817,completed,11.930741293006577,34.90795967324267,20.44748878479004
2856,1,0,11.9,11.90274717201828,completed,11.935360158007825,35.36015800782444,20.383743286132812
2857,2,0,11.904166666666667,11.907395451999037,completed,11.935369426006218,31.202759339551633,15.68825626373291
2858,3,0,11.908333333333333,11.912057217996335,completed,11.944834457011893,36.50112367856018,19.726367950439453
2859,0,0,11.9125,11.916655623994302,completed,11.949468600010732,36.968600010732544,20.50271987915039
2860,1,1,11.916666666666666,11.92126673401799,dropped_dispatch_late,,,
2861,2,1,11.920833333333333,11.921275050000986,completed,11.954100991017185,33.26765768385265,20.408863067626953
2862,3,1,11.925,11.925899235007819,completed,11.958747488009976,33.74748800997551,15.585760116577148
2863,0,1,11.929166666666667,11.930736023001373,completed,11.963408753013937,34.24208634726966,15.603296279907227
2864,1,0,11.933333333333334,11.935353515000315,completed,11.968191388994455,34.85805566112177,32.30003356933594
2865,2,0,11.9375,11.940208788990276,completed,11.975471448997268,37.97144899726845,20.53219223022461
2866,3,0,11.941666666666666,11.944826852006372,completed,11.978640740009723,36.9740733430568,20.83795166015625
2867,0,0,11.945833333333333,11.94946329999948,completed,11.987985503015807,42.15216968247404,20.69215965270996
2868,1,1,11.95,11.954094237997197,completed,11.992608856002335,42.608856002335216,20.69580841064453
2869,2,1,11.954166666666666,11.958740083995508,dropped_dispatch_late,,,
2870,3,1,11.958333333333334,11.958755263010971,completed,11.997261064010672,38.927730677338346,15.68832015991211
2871,0,1,11.9625,11.963403463014401,completed,12.001887532998808,39.38753299880737,15.712224006652832
2872,1,0,11.966666666666667,11.968016597005771,dropped_queue_full,,,
2873,2,0,11.970833333333333,11.970844419003697,completed,12.006525723991217,35.69239065788388,31.30291175842285
2874,3,0,11.975,11.975464585993905,dropped_queue_full,,,
2875,0,0,11.979166666666666,11.979265967995161,dropped_queue_full,,,
2876,1,1,11.983333333333333,11.983368682005676,completed,12.01114734399016,27.814010656827648,20.960735321044922
2877,2,1,11.9875,11.987980161997257,completed,12.020438845996978,32.93884599697705,10.96332836151123
2878,3,1,11.991666666666667,11.992600038996898,completed,12.025108105997788,33.44143933112065,26.363744735717773
2879,0,1,11.995833333333334,11.997253670007922,completed,12.029815107991453,33.98177465811969,26.3637752532959
2880,1,0,12.0,12.001882223004941,completed,12.034538692008937,34.53869200893678,21.030048370361328
2881,2,0,12.004166666666666,12.006518751004478,completed,12.039185939996969,35.019273330302525,20.536447525024414
2882,3,0,12.008333333333333,12.011141062015668,completed,12.039194807002787,30.861473669453687,15.90886402130127
2883,0,0,12.0125,12.015821162989596,completed,12.048702319007134,36.202319007134776,20.349151611328125
2884,1,1,12.016666666666666,12.02043194300495,completed,12.053340209997259,36.67354333059336,20.64409637451172
2885,2,1,12.020833333333334,12.02510034100851,dropped_dispatch_late,,,
2886,3,1,12.025,12.025115800992353,completed,12.05802004999714,33.02004999713937,20.44291114807129
2887,0,1,12.029166666666667,12.029809938016115,completed,12.062621532008052,33.45486534138509,15.630784034729004
2888,1,0,12.033333333333333,12.034532229008619,completed,12.067732732015429,34.39939868209585,15.713120460510254
2889,2,0,12.0375,12.039178917009849,completed,12.072904055996332,35.40405599633267,33.245216369628906
2890,3,0,12.041666666666666,12.044077933998778,completed,12.079755462007597,38.088795340931014,20.57721519470215
2891,0,0,12.045833333333333,12.048697068996262,completed,12.088052434002748,42.219100669415255,20.818368911743164
2892,1,1,12.05,12.053333798015956,completed,12.092705854011001,42.705854011000355,20.741056442260742
2893,2,1,12.054166666666667,12.058012466004584,completed,12.097345168003812,43.17850133714529,20.76736068725586
2894,3,1,12.058333333333334,12.062616262002848,dropped_dispatch_late,,,
2895,0,1,12.0625,12.062631320004584,completed,12.10199279699009,39.49279699008912,15.824959754943848
2896,1,0,12.066666666666666,12.067240166012198,dropped_queue_full,,,
2897,2,0,12.070833333333333,12.070842799992533,dropped_queue_full,,,
2898,3,0,12.075,12.075110277015483,completed,12.106629385001725,31.629385001725296,26.029216766357422
2899,0,0,12.079166666666666,12.079747978015803,dropped_queue_full,,,
2900,1,1,12.083333333333334,12.08337414599373,completed,12.11124959299923,27.916259665895282,20.880287170410156
2901,2,1,12.0875,12.088047435012413,completed,12.115895649010781,28.395649010780843,20.876127243041992
2902,3,1,12.091666666666667,12.092699511995306,completed,12.120531485998072,28.864819331404945,15.774496078491211
2903,0,1,12.095833333333333,12.097337943996536,completed,12.130036121990997,34.20278865766413,25.980735778808594
2904,1,0,12.1,12.101987567002652,completed,12.135125550994417,35.125550994417054,20.978271484375
2905,2,0,12.104166666666666,12.106621860992163,completed,12.139842021017103,35.67535435043645,21.056896209716797
2906,3,0,12.108333333333333,12.11124302999815,completed,12.139850767009193,31.517433675860573,16.102848052978516
2907,0,0,12.1125,12.115888706000987,completed,12.149756755999988,37.256755999987234,20.625856399536133
2908,1,1,12.116666666666667,12.120523710997077,completed,12.15435991101549,37.69324434882293,20.6693115234375
2909,2,1,12.120833333333334,12.125259888998698,dropped_dispatch_late,,,
2910,3,1,12.125,12.125267833995167,completed,12.159004273999017,34.00427399901673,20.4979190826416
2911,0,1,12.129166666666666,12.130030822008848,completed,12.163644239015412,34.477572348745156,15.676095962524414
2912,1,0,12.133333333333333,12.13511926899082,completed,12.168445991002955,35.11265766962168,15.703167915344238
2913,2,0,12.1375,12.139834917004919,completed,12.168454967992147,30.95496799214814,27.356096267700195
2914,3,0,12.141666666666666,12.144943302002503,completed,12.178112415014766,36.44574834810044,20.483776092529297
2915,0,0,12.145833333333334,12.149751376011409,completed,12.1829427210032,37.10938766986693,20.61846351623535
2916,1,1,12.15,12.15435332900961,dropped_dispatch_late,,,
2917,2,1,12.154166666666667,12.15436876800959,completed,12.18838881701231,34.22215034564324,20.537216186523438
2918,3,1,12.158333333333333,12.158996740006842,completed,12.193591451010434,35.25811767710074,15.668671607971191
2919,0,1,12.1625,12.163638758996967,completed,12.198804904997814,36.3049049978148,15.743103981018066
2920,1,0,12.166666666666666,12.16843923801207,completed,12.204939078015741,38.272411349074886,35.15788650512695
2921,2,0,12.170833333333333,12.173304641008144,completed,12.2097325650102,38.89923167686682,20.553279876708984
2922,3,0,12.175,12.178104470018297,completed,12.214565686997958,39.56568699795682,20.58310317993164
2923,0,0,12.179166666666667,12.182937370991567,completed,12.223957148002228,44.79048133556063,20.617919921875
2924,1,1,12.183333333333334,12.187732691003475,dropped_dispatch_late,,,
2925,2,1,12.1875,12.187740755995037,dropped_queue_full,,,
2926,3,1,12.191666666666666,12.19168429801357,dropped_queue_full,,,
2927,0,1,12.195833333333333,12.195951403991785,dropped_queue_full,,,
2928,1,0,12.2,12.200060110015329,completed,12.228891150996787,28.891150996788184,20.604768753051758
2929,2,0,12.204166666666666,12.204932755994378,completed,12.23381619801512,29.64953134845416,20.84454345703125
2930,3,0,12.208333333333334,12.209725471009733,completed,12.23875236499589,30.41903166255544,20.593791961669922
2931,0,0,12.2125,12.214558111998485,completed,12.243632355995942,31.132355995941552,20.870336532592773
2932,1,1,12.216666666666667,12.21929103299044,completed,12.243641954002669,26.975287336002296,16.07708740234375
2933,2,1,12.220833333333333,12.223942831013119,completed,12.248653415008448,27.82008167511485,15.943296432495117
2934,3,1,12.225,12.228884940006537,completed,12.257856537995394,32.856537995394675,20.710079193115234
2935,0,1,12.229166666666666,12.233809063996887,dropped_dispatch_late,,,
2936,1,0,12.233333333333333,12.233824483002536,completed,12.26247797801625,29.14464468291733,20.339008331298828
2937,2,0,12.2375,12.238744931004476,completed,12.267114025016781,29.614025016780232,20.358783721923828
2938,3,0,12.241666666666667,12.243627046002075,completed,12.271930173999863,30.263507333195605,15.616767883300781
2939,0,0,12.245833333333334,12.248646782012656,completed,12.27682287900825,30.98954567491674,27.86284828186035
2940,1,1,12.25,12.253256588999648,completed,12.281683954002801,31.68395400280133,15.698687553405762
2941,2,1,12.254166666666666,12.257849114015698,completed,12.291448755015153,37.28208834848701,20.282655715942383
2942,3,1,12.258333333333333,12.262471646012273,completed,12.296184161008568,37.85082767523562,20.398624420166016
2943,0,1,12.2625,12.267106710991357,dropped_dispatch_late,,,
2944,1,0,12.266666666666666,12.267122471006587,completed,12.3009160500078,34.24938334113392,20.265504837036133
2945,2,0,12.270833333333334,12.271914985001786,completed,12.305819564993726,34.986231660392164,15.543007850646973
2946,3,0,12.275,12.276817348989425,completed,12.310706549003953,35.70654900395276,15.33903980255127
2947,0,0,12.279166666666667,12.281678614002885,completed,12.31069514801493,31.52848134826236,26.17487907409668
2948,1,1,12.283333333333333,12.286591868003597,completed,12.320515072991839,37.181739658505464,18.557056427001953
2949,2,1,12.2875,12.291441761015449,completed,12.325328937993618,37.828937993618084,20.29964828491211
2950,3,1,12.291666666666666,12.296176475996617,dropped_dispatch_late,,,
2951,0,1,12.295833333333333,12.296191895002266,completed,12.330174564005574,34.34123067224171,20.33577537536621
2952,1,0,12.3,12.300909637997393,completed,12.335068812011741,35.06881201174039,15.693792343139648
2953,2,0,12.304166666666667,12.305812531994889,completed,12.339924175001215,35.75750833454805,15.647295951843262
2954,3,0,12.308333333333334,12.310689867998008,completed,12.33993370400276,31.60037066942678,28.31804847717285
2955,0,0,12.3125,12.31562209801632,completed,12.349772585002938,37.272585002938285,20.353023529052734
2956,1,1,12.316666666666666,12.320508641016204,completed,12.35444202600047,37.77535933380349,20.64067268371582
2957,2,1,12.320833333333333,12.325321995012928,dropped_dispatch_late,,,
2958,3,1,12.325,12.32533748401329,completed,12.359905304008862,34.905304008862714,20.49875259399414
2959,0,1,12.329166666666666,12.330169143009698,completed,12.364937434002059,35.77076733539286,15.63526439666748
2960,1,0,12.333333333333334,12.335062088997802,completed,12.371525510010542,38.19217667720842,15.776448249816895
2961,2,0,12.3375,12.33991688201786,completed,12.379862097004661,42.36209700466098,35.05740737915039
2962,3,0,12.341666666666667,12.344798826001352,completed,12.384642399003496,42.97573233682961,20.708511352539062
2963,0,0,12.345833333333333,12.349766994011588,completed,12.389431235991651,43.59790265831798,20.861888885498047
2964,1,1,12.35,12.354435482993722,dropped_dispatch_late,,,
2965,2,1,12.354166666666666,12.354450832004659,completed,12.394057725003222,39.89105833655593,16.00713539123535
2966,3,1,12.358333333333333,12.359098001004895,dropped_queue_full,,,
2967,0,1,12.3625,12.362582160014426,dropped_queue_full,,,
2968,1,0,12.366666666666667,12.36667953399592,completed,12.398763505014358,32.09683834769095,26.112895965576172
2969,2,0,12.370833333333334,12.371519078005804,dropped_queue_full,,,
2970,3,0,12.375,12.37501069100108,completed,12.403570868016686,28.57086801668629,20.69468879699707
2971,0,0,12.379166666666666,12.379853380989516,completed,12.408390925003914,29.224258337247733,20.739168167114258
2972,1,1,12.383333333333333,12.384634693997214,completed,12.413191294006538,29.857960673204786,15.745344161987305
2973,2,1,12.3875,12.389426025998546,completed,12.418042420002166,30.542420002166892,25.677791595458984
2974,3,1,12.391666666666666,12.394050622009672,completed,12.418051948014181,26.385281347515388,16.05583953857422
2975,0,1,12.395833333333334,12.398757162998663,completed,12.42270702199312,26.873688659785344,15.781536102294922
2976,1,0,12.4,12.403563374013174,completed,12.43699779000599,36.99779000598902,20.36796760559082
2977,2,0,12.404166666666667,12.408385824994184,dropped_dispatch_late,,,
2978,3,0,12.408333333333333,12.408400321990484,completed,12.441839367995271,33.506034661938244,20.339136123657227
2979,0,0,12.4125,12.413184872013517,completed,12.446657371008769,34.15737100876903,20.357887268066406
2980,1,1,12.416666666666666,12.418035006005084,completed,12.4515330530121,34.86638634543304,15.668512344360352
2981,2,1,12.420833333333333,12.42270156100858,completed,12.456225898989942,35.39256565660942,30.783519744873047
2982,3,1,12.425,12.427397822990315,completed,12.456235246005235,31.23524600523453,15.817248344421387
2983,0,1,12.429166666666667,12.432201298011933,completed,12.465584457997466,36.417791330798366,20.706560134887695
2984,1,0,12.433333333333334,12.436991208000109,completed,12.470365510002011,37.03217666867786,20.689695358276367
2985,2,0,12.4375,12.44183143301052,dropped_dispatch_late,,,
2986,3,0,12.441666666666666,12.44184726299136,completed,12.47512875898974,33.46209232307373,20.53798484802246
2987,0,0,12.445833333333333,12.446652131009614,completed,12.479933447000803,34.100113667470566,15.656736373901367
2988,1,1,12.45,12.45152662100736,completed,12.485122604994103,35.12260499410402,15.701184272766113
2989,2,1,12.454166666666666,12.45621807401767,completed,12.49221452799975,38.04786133308369,33.65875244140625
2990,3,1,12.458333333333334,12.46091366399196,completed,12.495378449006239,37.04511567290503,20.48371124267578
2991,0,1,12.4625,12.465579478011932,completed,12.504925746005028,42.42574600502813,20.6976318359375
2992,1,0,12.466666666666667,12.47035895800218,completed,12.509736865991727,43.07019932505973,20.61507225036621
2993,2,0,12.470833333333333,12.475118750007823,dropped_dispatch_late,,,
2994,3,0,12.475,12.47513739601709,completed,12.51477287299349,39.77287299349008,15.791935920715332
2995,0,0,12.479166666666666,12.479927987005794,completed,12.519520111003658,40.35344433699173,15.608223915100098
2996,1,1,12.483333333333333,12.484785675012972,dropped_queue_full,,,
2997,2,1,12.4875,12.487507476005703,completed,12.524205622990848,36.705622990847786,31.288448333740234
2998,3,1,12.491666666666667,12.492207614996005,dropped_queue_full,,,
2999,0,1,12.495833333333334,12.495857489004266,dropped_queue_full,,,
3000,1,0,12.5,12.50010931599536,completed,12.528921782010002,28.92178201000206,20.587648391723633
3001,2,0,12.504166666666666,12.504920425999444,completed,12.533809948014095,29.643281347428996,10.85318374633789
3002,3,0,12.508333333333333,12.509730543999467,completed,12.538670141017064,30.336807683731593,26.115360260009766
3003,0,0,12.5125,12.514765238011023,completed,12.543529482994927,31.029482994927804,26.336320877075195
3004,1,1,12.516666666666666,12.519514760992024,completed,12.543539250997128,26.872584330462246,16.417375564575195
3005,2,1,12.520833333333334,12.524198599014198,completed,12.55365032001282,32.81698667948696,15.795680046081543
3006,3,1,12.525,12.528915489994688,completed,12.558272360998672,33.27236099867115,20.625568389892578
3007,0,1,12.529166666666667,12.533803085010732,dropped_dispatch_late,,,
3008,1,0,12.533333333333333,12.533818444993813,completed,12.56753367499914,34.20034166580699,20.43961524963379
3009,2,0,12.5375,12.538662576989736,completed,12.572307233000174,34.80723300017452,20.505151748657227
3010,3,0,12.541666666666666,12.543523822008865,completed,12.57721598900389,35.54932233722319,15.660479545593262
3011,0,0,12.545833333333333,12.548314081999706,completed,12.57720461700228,31.371283668947925,25.333023071289062
3012,1,1,12.55,12.553642965998733,completed,12.586929451994365,36.92945199436437,19.954784393310547
3013,2,1,12.554166666666667,12.558264416002203,completed,12.59167184101534,37.50517434867362,20.493600845336914
3014,3,1,12.558333333333334,12.562892287009163,dropped_dispatch_late,,,
3015,0,1,12.5625,12.562900221993914,completed,12.596374304004712,33.87430400471203,20.486656188964844
3016,1,0,12.566666666666666,12.5675273030065,completed,12.601227895007469,34.56122834080233,15.778688430786133
3017,2,0,12.570833333333333,12.572300250001717,completed,12.606007034017239,35.173700683905906,15.738975524902344
3018,3,0,12.575,12.577199277002364,completed,12.610813044011593,35.813044011593576,33.209022521972656
3019,0,0,12.579166666666666,12.58207058100379,completed,12.615777344995877,36.610678329211055,15.875200271606445
3020,1,1,12.583333333333334,12.586923160008155,completed,12.620804064994445,37.470731661111145,20.442720413208008
3021,2,1,12.5875,12.591664817999117,completed,12.629850360011915,42.35036001191439,20.370975494384766
3022,3,1,12.591666666666667,12.596368894010084,dropped_dispatch_late,,,
3023,0,1,12.595833333333333,12.59638411301421,completed,12.634477340005105,38.644006671772146,15.598176002502441
3024,1,0,12.6,12.60122149300878,completed,12.639086837007198,39.08683700719884,15.58620834350586
3025,2,0,12.604166666666666,12.60599987101159,completed,12.643687808013055,39.5211413463894,15.605792045593262
3026,3,0,12.608333333333333,12.610805210017134,completed,12.650475363014266,42.14202968093339,35.74473571777344
3027,0,0,12.6125,12.615603354992345,dropped_queue_full,,,
3028,1,1,12.616666666666667,12.616739513003267,dropped_queue_full,,,
3029,2,1,12.620833333333334,12.620951645018067,dropped_queue_full,,,
3030,3,1,12.625,12.625110035005491,completed,12.655306781001855,30.306781001854688,5.879583835601807
3031,0,1,12.629166666666666,12.629843567992793,completed,12.655295358999865,26.1286923331987,21.420576095581055
3032,1,0,12.633333333333333,12.634471980010858,completed,12.659876051999163,26.542718665830023,21.408960342407227
3033,2,0,12.6375,12.639080594992265,completed,12.66915681300452,31.6568130045205,25.980512619018555
3034,3,0,12.641666666666666,12.643680804991163,dropped_queue_full,,,
3035,0,0,12.645833333333334,12.645897356007481,completed,12.673787539999466,27.954206666132464,20.45734405517578
3036,1,1,12.65,12.65046781799174,completed,12.682989070017356,32.98907001735607,20.5020809173584
3037,2,1,12.654166666666667,12.655289909016574,completed,12.687555756012443,33.38908934577667,15.66044807434082
3038,3,1,12.658333333333333,12.659869810013333,completed,12.692138923011953,33.805589678619796,28.8341121673584
3039,0,1,12.6625,12.66450528599671,completed,12.696731227013515,34.231227013515664,20.505823135375977
3040,1,0,12.666666666666666,12.669149919005577,completed,12.70132347100298,34.65680433631313,20.50783920288086
3041,2,0,12.670833333333333,12.673782108991873,completed,12.701332778990036,30.499445656703372,15.857536315917969
3042,3,0,12.675,12.678403950005304,completed,12.71051407099003,35.51407099002901,20.295488357543945
3043,0,0,12.679166666666667,12.682982638012618,completed,12.715099210996414,35.93254432974646,20.40787124633789
3044,1,1,12.683333333333334,12.687549132999266,dropped_dispatch_late,,,
3045,2,1,12.6875,12.687563801009674,completed,12.724568160017952,37.06816001795232,20.33203125
3046,3,1,12.691666666666666,12.692131427989807,completed,12.729177677014377,37.51101034771054,15.657888412475586
3047,0,1,12.695833333333333,12.696726116992068,completed,12.73074993400951,34.9166006761763,15.65839958190918
3048,1,0,12.7,12.701317208993714,completed,12.73564076499315,35.6407649931505,34.012672424316406
3049,2,0,12.704166666666666,12.705904894013656,completed,12.740847316017607,36.68064935094151,20.479167938232422
3050,3,0,12.708333333333334,12.71050685699447,completed,12.746432426007232,38.09909267389777,20.658432006835938
3051,0,0,12.7125,12.715093881008215,completed,12.755868302017916,43.36830201791564,20.498815536499023
3052,1,1,12.716666666666667,12.719733355013886,completed,12.760501974989893,43.83530832322613,20.516864776611328
3053,2,1,12.720833333333333,12.72456112600048,completed,12.765151247003814,44.31791367048099,20.49648094177246
3054,3,1,12.725,12.729170233011246,dropped_dispatch_late,,,
3055,0,1,12.729166666666666,12.729185400996357,dropped_queue_full,,,
3056,1,0,12.733333333333333,12.73342462501023,dropped_queue_full,,,
3057,2,0,12.7375,12.737527018005494,dropped_queue_full,,,
3058,3,0,12.741666666666667,12.741795036010444,completed,12.76982812199276,28.161455326092266,20.500736236572266
3059,0,0,12.745833333333334,12.746424581011524,completed,12.774434062012006,28.600728678672027,20.48851203918457
3060,1,1,12.75,12.751035441004205,completed,12.77905243600253,29.052436002530158,20.51081657409668
3061,2,1,12.754166666666666,12.75586283201119,completed,12.78370533499401,29.538668327344197,20.585407257080078
3062,3,1,12.758333333333333,12.7604956930154,completed,12.788338887999998,30.005554666665546,20.666431427001953
3063,0,1,12.7625,12.765144233999308,completed,12.792930461000651,30.43046100065183,20.633407592773438
3064,1,0,12.766666666666666,12.769820307003101,completed,12.797535157995299,30.868491328632786,16.004064559936523
3065,2,0,12.770833333333334,12.77442877201247,completed,12.806707614014158,35.8742806808241,20.39673614501953
3066,3,0,12.775,12.779046003997792,completed,12.811311610013945,36.31161001394467,20.49785614013672
3067,0,0,12.779166666666667,12.78369831200689,dropped_dispatch_late,,,
3068,1,1,12.783333333333333,12.783713390002958,completed,12.815869348996785,32.53601566345132,20.415359497070312
3069,2,1,12.7875,12.78833180401125,completed,12.820460941002239,32.9609410022389,15.686944007873535
3070,3,1,12.791666666666666,12.792925120011205,completed,12.825053897016915,33.38723035024849,15.734496116638184
3071,0,1,12.795833333333333,12.797529928007862,completed,12.829872271016939,34.03893768360611,31.138879776000977
3072,1,0,12.8,12.802128023991827,completed,12.8344606969913,34.4606969912995,20.351999282836914
3073,2,0,12.804166666666667,12.806700449989876,completed,12.843658530997345,39.491864330678084,20.581439971923828
3074,3,0,12.808333333333334,12.811304125993047,completed,12.84459082200192,36.25748866858558,20.667007446289062
3075,0,0,12.8125,12.815863037016243,completed,12.849744381994242,37.24438199424185,20.728511810302734
3076,1,1,12.816666666666666,12.820454108004924,completed,12.858878224011278,42.21155734461135,20.665023803710938
3077,2,1,12.820833333333333,12.825046543002827,dropped_dispatch_late,,,
3078,3,1,12.825,12.825061531009851,completed,12.863586579012917,38.586579012918065,15.725567817687988
3079,0,1,12.829166666666666,12.829866890009725,completed,12.8681639849965,38.997318329833774,15.480480194091797
3080,1,0,12.833333333333334,12.834454315016046,completed,12.872761038015597,39.42770468226264,15.58124828338623
3081,2,0,12.8375,12.839058011013549,completed,12.879741108015878,42.24110801587777,36.27763366699219
3082,3,0,12.841666666666667,12.843651527015027,dropped_queue_full,,,
3083,0,0,12.845833333333333,12.84585587499896,dropped_queue_full,,,
3084,1,1,12.85,12.850065222010016,dropped_queue_full,,,
3085,2,1,12.854166666666666,12.854213392012753,completed,12.884334464994026,30.167798327360273,6.005119800567627
3086,3,1,12.858333333333333,12.858872023003642,completed,12.88434394300566,26.010609672328044,21.625471115112305
3087,0,1,12.862499999999999,12.863579244993161,completed,12.888982664997457,26.48266499745766,21.589664459228516
3088,1,0,12.866666666666667,12.868158944998868,completed,12.898161943012383,31.495276345715695,26.451520919799805
3089,2,0,12.870833333333334,12.872754776006332,dropped_queue_full,,,
3090,3,0,12.875,12.875111814006232,completed,12.907391748012742,32.39174801274203,20.519359588623047
3091,0,0,12.879166666666666,12.879734235000797,completed,12.912040658993647,32.87399232698007,20.48726463317871
3092,1,1,12.883333333333333,12.88432774200919,completed,12.916653091990156,33.31975865682324,15.671839714050293
3093,2,1,12.8875,12.888977505004732,completed,12.9212667660031,33.76676600310091,28.870208740234375
3094,3,1,12.891666666666666,12.893583886005217,completed,12.925882565003121,34.21589833645555,20.52886390686035
3095,0,1,12.895833333333334,12.898155641014455,completed,12.930499014997622,34.66568166428807,20.721088409423828
3096,1,0,12.9,12.902763435005909,completed,12.935089726001024,35.08972600102389,20.75974464416504
3097,2,0,12.904166666666667,12.907384232996264,completed,12.935098582995124,30.931916328457376,15.991104125976562
3098,3,0,12.908333333333333,12.91203534899978,completed,12.944531924003968,36.1985906706348,20.610815048217773
3099,0,0,12.9125,12.916646719007986,completed,12.94945725100115,36.95725100114977,20.601119995117188
3100,1,1,12.916666666666666,12.921259713009931,dropped_dispatch_late,,,
3101,2,1,12.920833333333333,12.921275041997433,completed,12.954893137997715,34.0598046643823,20.540672302246094
3102,3,1,12.924999999999999,12.925875061016995,completed,12.959797415009234,34.797415009235166,15.435808181762695
3103,0,1,12.929166666666667,12.930493544990895,completed,12.967239732999587,38.07306633292029,15.641087532043457
3104,1,0,12.933333333333334,12.935083224001573,completed,12.97006662399508,36.73329066174702,34.74585723876953
3105,2,0,12.9375,12.939681409014156,completed,12.975490498007275,37.990498007275164,20.484159469604492
3106,3,0,12.941666666666666,12.94452402900788,completed,12.984743336011888,43.07666934522203,20.507007598876953
3107,0,0,12.945833333333333,12.949124929989921,dropped_queue_full,,,
3108,1,1,12.95,12.950093971012393,completed,12.989367530011805,39.367530011805485,15.612192153930664
3109,2,1,12.954166666666666,12.954668391001178,dropped_queue_full,,,
3110,3,1,12.958333333333334,12.958368619991234,dropped_queue_full,,,
3111,0,1,12.9625,12.962581163010327,completed,12.993975154007785,31.475154007784667,25.565536499023438
3112,1,0,12.966666666666667,12.96723445301177,dropped_queue_full,,,
3113,2,0,12.970833333333333,12.970862796006259,completed,12.998586805013474,27.753471680140862,20.404191970825195
3114,3,0,12.975,12.975483624992194,completed,13.003206330991816,28.20633099181613,20.444480895996094
3115,0,0,12.979166666666666,12.98011867000605,completed,13.007833520998247,28.666854331580893,15.660479545593262
3116,1,1,12.983333333333333,12.984735641017323,completed,13.012451994989533,29.118661656200473,25.662559509277344
3117,2,1,12.987499999999999,12.9893613489985,completed,13.017097550007747,29.597550007748552,20.651296615600586
3118,3,1,12.991666666666667,12.99396991400863,completed,13.021734128997196,30.06746233052837,20.64463996887207
3119,0,1,12.995833333333334,12.998579870996764,completed,13.031059294007719,35.22596067438499,20.450048446655273
3120,1,0,13.0,13.003198676015018,completed,13.03106903200387,31.069032003870234,15.843232154846191
3121,2,0,13.004166666666666,13.007828772009816,completed,13.040241237002192,36.074570335525635,20.38387107849121
3122,3,0,13.008333333333333,13.012445792992366,completed,13.044852518010885,36.519184677551664,20.708255767822266
3123,0,0,13.0125,13.01709030699567,dropped_dispatch_late,,,
3124,1,1,13.016666666666666,13.017105756007368,completed,13.04948303400306,32.81636733639459,20.49945640563965
3125,2,1,13.020833333333334,13.021726264007157,completed,13.054089885990834,33.25655265749994,15.67676830291748
3126,3,1,13.025,13.026393990992801,completed,13.058830462017795,33.830462017794716,15.735072135925293
3127,0,1,13.029166666666667,13.031053943996085,completed,13.063779855001485,34.61318833481819,32.279808044433594
3128,1,0,13.033333333333333,13.03565959300613,completed,13.069035860011354,35.702526678020874,20.642623901367188
3129,2,0,13.0375,13.040234574989881,completed,13.07550613200874,38.006132008741034,20.8288631439209
3130,3,0,13.041666666666666,13.044845063006505,completed,13.079536919016391,37.870252349724964,20.902111053466797
3131,0,0,13.045833333333333,13.04947679201723,completed,13.088067153992597,42.23382065926451,20.929119110107422
3132,1,1,13.049999999999999,13.054082732996903,completed,13.09271431301022,42.71431301022055,20.800640106201172
3133,2,1,13.054166666666667,13.058822627004702,dropped_dispatch_late,,,
3134,3,1,13.058333333333334,13.059058304992504,completed,13.097330813005101,38.997479671767366,15.90454387664795
3135,0,1,13.0625,13.063774545007618,completed,13.101941291999537,39.4412919995375,15.691328048706055
3136,1,0,13.066666666666666,13.068386194994673,dropped_queue_full,,,
3137,2,0,13.070833333333333,13.070895472017583,completed,13.106613326992374,35.779993659041054,31.50534439086914
3138,3,0,13.075,13.075499097991269,dropped_queue_full,,,
3139,0,0,13.079166666666666,13.079210910014808,dropped_queue_full,,,
3140,1,1,13.083333333333334,13.083423172007315,completed,13.111290922999615,27.957589666280924,20.796480178833008
3141,2,1,13.0875,13.088061784015736,completed,13.120503134006867,33.00313400686683,10.94099235534668
3142,3,1,13.091666666666667,13.092707889998564,completed,13.125122630008264,33.45596334159673,26.2258243560791
3143,0,1,13.095833333333333,13.097323329013307,completed,13.129769296996528,33.93596366319507,26.46303939819336
3144,1,0,13.1,13.10193593101576,completed,13.134398541995324,34.39854199532455,21.37830352783203
3145,2,0,13.104166666666666,13.106606384011684,completed,13.13906946600764,34.90279934097451,20.717376708984375
3146,3,0,13.108333333333333,13.111284431011882,completed,13.139078964013606,30.745630680273806,16.09619140625
3147,0,0,13.112499999999999,13.1158984870126,completed,13.148399830999551,35.89983099955241,20.860767364501953
3148,1,1,13.116666666666667,13.12049623101484,completed,13.153333794005448,36.66712733878086,20.849056243896484
3149,2,1,13.120833333333334,13.125115016009659,dropped_dispatch_late,,,
3150,3,1,13.125,13.125130625005113,completed,13.158890710998094,33.89071099809371,20.732799530029297
3151,0,1,13.129166666666666,13.129763747012476,completed,13.163965401006863,34.79873434019609,15.635040283203125
3152,1,0,13.133333333333333,13.134392250009114,completed,13.173185668012593,39.85233467926008,15.708576202392578
3153,2,0,13.1375,13.139062311995076,completed,13.174275728000794,36.77572800079432,34.92166519165039
3154,3,0,13.141666666666666,13.143760336999549,completed,13.179591346997768,37.92468033110197,20.467775344848633
3155,0,0,13.145833333333334,13.148394260002533,completed,13.188010660989676,42.177327656341745,20.603679656982422
3156,1,1,13.15,13.152999809011817,dropped_queue_full,,,
3157,2,1,13.154166666666667,13.15427259801072,completed,13.192629396013217,38.46272934655026,15.675328254699707
3158,3,1,13.158333333333333,13.15888290599105,completed,13.197265343012987,38.93200967965349,15.613344192504883
3159,0,1,13.1625,13.163959871017141,completed,13.201954020012636,39.45402001263609,15.738592147827148
3160,1,0,13.166666666666666,13.168563787010498,completed,13.20889541701763,42.228750350963296,36.202720642089844
3161,2,0,13.170833333333333,13.173179275006987,dropped_queue_full,,,
3162,3,0,13.174999999999999,13.175068314012606,dropped_queue_full,,,
3163,0,0,13.179166666666667,13.179266268998617,dropped_queue_full,,,
3164,1,1,13.183333333333334,13.18336932398961,completed,13.213623379007913,30.290045674579602,5.947487831115723
3165,2,1,13.1875,13.188005470990902,completed,13.213632505998248,26.132505998248234,21.59391975402832
3166,3,1,13.191666666666666,13.192622272006702,completed,13.218343526008539,26.676859341872472,21.293888092041016
3167,0,1,13.195833333333333,13.197258058993611,completed,13.22769189500832,31.85856167498713,26.03219223022461
3168,1,0,13.2,13.201936586992815,dropped_queue_full,,,
3169,2,0,13.204166666666666,13.204179337015375,completed,13.232389459008118,28.22279234145242,20.40540885925293
3170,3,0,13.208333333333334,13.208888883993495,completed,13.241762916994048,33.42958366071436,20.42870330810547
3171,0,0,13.2125,13.213617286994122,completed,13.246470520010917,33.97052001091616,15.676639556884766
3172,1,1,13.216666666666667,13.218336262012599,completed,13.25112917998922,34.46251332255379,28.96518325805664
3173,2,1,13.220833333333333,13.222995423013344,completed,13.255799292004667,34.96595867133401,20.416799545288086
3174,3,1,13.225,13.227686625003116,completed,13.255808660003822,30.808660003822652,15.862208366394043
3175,0,1,13.229166666666666,13.232382365997182,completed,13.26560532100848,36.43865434181315,20.358367919921875
3176,1,0,13.233333333333333,13.237075011013076,completed,13.270309968997026,36.97663566369336,20.442527770996094
3177,2,0,13.237499999999999,13.241755563009065,dropped_dispatch_late,,,
3178,3,0,13.241666666666667,13.241770822001854,completed,13.274961274990346,33.29460832367914,20.337663650512695
3179,0,0,13.245833333333334,13.24646485899575,completed,13.2795587790024,33.725445669066545,15.611295700073242
3180,1,1,13.25,13.251122798013967,completed,13.284214062994579,34.21406299457885,15.726112365722656
3181,2,1,13.254166666666666,13.25579217800987,completed,13.289120753994212,34.954087327545125,33.074302673339844
3182,3,1,13.258333333333333,13.260452282003826,completed,13.296433976996923,38.100643663590006,20.68172836303711
3183,0,1,13.2625,13.265600011014612,completed,13.299757121014409,37.25712101440948,20.9071044921875
3184,1,0,13.266666666666666,13.270303596014855,completed,13.308920629002387,42.253962335720985,20.92300796508789
3185,2,0,13.270833333333334,13.274953810992884,completed,13.313636737992056,42.80340465872179,20.925920486450195
3186,3,0,13.275,13.279553669010056,dropped_dispatch_late,,,
3187,0,0,13.279166666666667,13.279568377009127,completed,13.318294967990369,39.12830132370182,15.86684799194336
3188,1,1,13.283333333333333,13.284207529999549,completed,13.322896689991467,39.563356658133486,15.634143829345703
3189,2,1,13.2875,13.28879900299944,dropped_queue_full,,,
3190,3,1,13.291666666666666,13.291805164015386,completed,13.327500665996922,35.833999330256106,31.253311157226562
3191,0,1,13.295833333333333,13.296426482993411,dropped_queue_full,,,
3192,1,0,13.299999999999999,13.300077949999832,dropped_queue_full,,,
3193,2,0,13.304166666666667,13.304266557010124,completed,13.332095034013037,27.928367346369498,20.767711639404297
3194,3,0,13.308333333333334,13.308914466993883,completed,13.341266748000635,32.933414667301264,10.931872367858887
3195,0,0,13.3125,13.31362988500041,completed,13.34591243401519,33.41243401519023,25.99510383605957
3196,1,1,13.316666666666666,13.31828966800822,completed,13.350516289996449,33.849623329782474,26.275936126708984
3197,2,1,13.320833333333333,13.32289064800716,completed,13.355125777015928,34.29244368259532,21.099231719970703
3198,3,1,13.325,13.327493292017607,completed,13.359739291016012,34.73929101601314,20.581439971923828
3199,0,1,13.329166666666666,13.332088191004004,completed,13.35972771901288,30.56105234621498,15.984831809997559
3200,1,0,13.333333333333334,13.33667666799738,completed,13.369423247990198,36.08991465686451,20.440128326416016
3201,2,0,13.3375,13.341259314009221,completed,13.374054896994494,36.55489699449355,20.677759170532227
3202,3,0,13.341666666666667,13.345907053997507,dropped_dispatch_late,,,
3203,0,0,13.345833333333333,13.345922503009206,completed,13.378682618989842,32.8492856565088,20.478687286376953
3204,1,1,13.35,13.350510028016288,completed,13.387914587015985,37.914587015984935,15.73459243774414
3205,2,1,13.354166666666666,13.355118703009794,completed,13.389042910013814,34.87624334714745,15.764191627502441
3206,3,1,13.358333333333333,13.359722399007296,completed,13.394060954015004,35.72762068167101,34.11711883544922
3207,0,1,13.362499999999999,13.364376250014175,completed,13.399270900990814,36.770900990815036,20.569887161254883
3208,1,0,13.366666666666667,13.369416645989986,completed,13.40471463301219,38.04796634552332,20.77235221862793
3209,2,0,13.370833333333334,13.374047602992505,completed,13.413993961003143,43.16062766980977,20.779712677001953
3210,3,0,13.375,13.378677147993585,completed,13.418590273009613,43.590273009613156,20.64476776123047
3211,0,0,13.379166666666666,13.383310430013807,completed,13.423236369009828,44.069702343161765,20.686975479125977
3212,1,1,13.383333333333333,13.38790853600949,dropped_dispatch_late,,,
3213,2,1,13.3875,13.387923133006552,dropped_queue_full,,,
3214,3,1,13.391666666666666,13.391686092014425,dropped_queue_full,,,
3215,0,1,13.395833333333334,13.395952246006345,dropped_queue_full,,,
3216,1,0,13.4,13.40006362699205,completed,13.427897463989211,27.89746398921089,20.67692756652832
3217,2,0,13.404166666666667,13.404708231013501,completed,13.432586000999436,28.419334332768997,20.596223831176758
3218,3,0,13.408333333333333,13.40935204300331,completed,13.437209033989348,28.875700656014303,20.700096130371094
3219,0,0,13.4125,13.413986547006061,completed,13.441829501010943,29.32950101094356,20.717952728271484
3220,1,1,13.416666666666666,13.418582368001807,completed,13.446518850018037,29.85218335137141,20.823711395263672
3221,2,1,13.420833333333333,13.423231049004244,completed,13.45575914400979,34.92581067645695,20.82454490661621
3222,3,1,13.424999999999999,13.427891032013576,completed,13.455768601997988,30.768601997989364,16.02672004699707
3223,0,1,13.429166666666667,13.432578637002734,completed,13.465124376001768,35.957709335100674,20.56934356689453
3224,1,0,13.433333333333334,13.437201419001212,completed,13.470028673007619,36.695339674285066,20.564096450805664
3225,2,0,13.4375,13.44182412099326,dropped_dispatch_late,,,
3226,3,0,13.441666666666666,13.44183918001363,completed,13.474684476997936,33.017810331269715,20.504127502441406
3227,0,0,13.445833333333333,13.44651222700486,completed,13.47933014301816,33.496809684827156,15.64310359954834
3228,1,1,13.45,13.451140449993545,completed,13.483969346008962,33.96934600896273,15.682208061218262
3229,2,1,13.454166666666666,13.455752100999234,completed,13.488621614000294,34.45494733362864,31.835391998291016
3230,3,1,13.458333333333334,13.460419707989786,completed,13.493254716013325,34.92138267999145,20.579776763916016
3231,0,1,13.4625,13.465118944994174,completed,13.498358231008751,35.85823100875096,17.333759307861328
3232,1,0,13.466666666666667,13.470022169989534,completed,13.503431479010032,36.764812343365705,20.548383712768555
3233,2,0,13.470833333333333,13.47467697301181,completed,13.513092642999254,42.25930966592095,20.640960693359375
3234,3,0,13.475,13.479324713000096,dropped_dispatch_late,,,
3235,0,0,13.479166666666666,13.479339831013931,completed,13.517721447016811,38.554780350144924,15.81328010559082
3236,1,1,13.483333333333333,13.483963245002087,completed,13.522344989993144,39.01165665981132,15.678815841674805
3237,2,1,13.487499999999999,13.488614611007506,completed,13.526994193001883,39.49419300188417,15.696928024291992
3238,3,1,13.491666666666667,13.493246911006281,completed,13.533856889989693,42.19022332302558,35.90137481689453
3239,0,1,13.495833333333334,13.498025709996,dropped_queue_full,,,
3240,1,0,13.5,13.500040988001274,dropped_queue_full,,,
3241,2,0,13.504166666666666,13.504222682997352,dropped_queue_full,,,
3242,3,0,13.508333333333333,13.508424705010839,completed,13.538527903991053,30.19457065772002,6.026847839355469
3243,0,0,13.5125,13.513085650018184,completed,13.538516731990967,26.016731990967656,21.466175079345703
3244,1,1,13.516666666666666,13.517716317001032,completed,13.543188748008106,26.522081341440185,21.381792068481445
3245,2,1,13.520833333333334,13.522338687995216,completed,13.552466423017904,31.633089684570237,26.09507179260254
3246,3,1,13.525,13.526987159013515,dropped_queue_full,,,
3247,0,1,13.529166666666667,13.529214631009381,completed,13.557063807005761,27.897140339094406,20.397375106811523
3248,1,0,13.533333333333333,13.533849336003186,completed,13.561699554004008,28.366220670674736,20.406688690185547
3249,2,0,13.5375,13.538511302002007,completed,13.57151908800006,34.01908800005948,15.677568435668945
3250,3,0,13.541666666666666,13.543182426015846,completed,13.571528997010319,29.862330343652488,28.149728775024414
3251,0,0,13.545833333333333,13.547847398003796,completed,13.580855484993663,35.02215166033018,20.400287628173828
3252,1,1,13.549999999999999,13.552458999009104,completed,13.585512562014628,35.51256201462927,20.409696578979492
3253,2,1,13.554166666666667,13.55705857698922,completed,13.585521589004202,31.354922337534674,15.74892807006836
3254,3,1,13.558333333333334,13.561692971008597,completed,13.594763747008983,36.430413675649476,18.786176681518555
3255,0,1,13.5625,13.566338677017484,completed,13.599514813016867,37.014813016867265,20.39446449279785
3256,1,0,13.566666666666666,13.571511924994411,dropped_dispatch_late,,,
3257,2,0,13.570833333333333,13.571535179013154,completed,13.604266709997319,33.433376663985825,20.409984588623047
3258,3,0,13.575,13.576198799011763,completed,13.608957852004096,33.95785200409662,15.61673641204834
3259,0,0,13.579166666666666,13.580850074999034,completed,13.61361364700133,34.44698033466409,15.645759582519531
3260,1,1,13.583333333333334,13.585506400995655,completed,13.618244284007233,34.91095067389871,32.370849609375
3261,2,1,13.5875,13.590181131003192,completed,13.623351006011944,35.85100601194391,19.76620864868164
3262,3,1,13.591666666666667,13.594755942001939,completed,13.628218552999897,36.551886333230144,20.36777687072754
3263,0,1,13.595833333333333,13.599509352992754,completed,13.638023520004936,42.19018667160235,20.3470401763916
3264,1,0,13.6,13.60425973701058,dropped_dispatch_late,,,
3265,2,0,13.604166666666666,13.604275156016229,completed,13.64267280200147,38.506135334804625,15.555935859680176
3266,3,0,13.608333333333333,13.608941640995909,completed,13.647337453992805,39.00412065947201,15.541407585144043
3267,0,0,13.612499999999999,13.61360818700632,completed,13.651978359994246,39.47835999424676,15.56380844116211
3268,1,1,13.616666666666667,13.618237891991157,completed,13.658837299997685,42.17063333101834,35.81273651123047
3269,2,1,13.620833333333334,13.622859893017448,dropped_queue_full,,,
3270,3,1,13.625,13.625056154996855,dropped_queue_full,,,
3271,0,1,13.629166666666666,13.629167405015323,dropped_queue_full,,,
3272,1,0,13.633333333333333,13.633371722011361,completed,13.66344449299504,30.11115966170763,5.938623905181885
3273,2,0,13.6375,13.63801809900906,completed,13.663453871005913,25.953871005913953,21.480607986450195
3274,3,0,13.641666666666666,13.642665697989287,completed,13.66806264600018,26.395979333514674,21.54252815246582
3275,0,0,13.645833333333334,13.64732999901753,completed,13.677582881995477,31.749548662142857,25.965120315551758
3276,1,1,13.65,13.651973050000379,dropped_queue_full,,,
3277,2,1,13.654166666666667,13.654202956007794,completed,13.68221702601295,28.05035934628286,20.347423553466797
3278,3,1,13.658333333333333,13.658830867992947,completed,13.686830299993744,28.496966660410905,20.31609535217285
3279,0,1,13.6625,13.663438131014118,completed,13.69145097801811,28.950978018110973,15.580896377563477
3280,1,0,13.666666666666666,13.668055782996817,completed,13.700785110006109,34.118443339442805,27.75641632080078
3281,2,0,13.670833333333333,13.67289459600579,completed,13.705547117016977,34.713783683644195,20.419551849365234
3282,3,0,13.674999999999999,13.67757749199518,completed,13.71021155800554,35.211558005540766,20.441696166992188
3283,0,0,13.679166666666667,13.682210032013245,completed,13.710199855995597,31.033189328930177,15.833696365356445
3284,1,1,13.683333333333334,13.68682257499313,completed,13.719489192997571,36.15585966423751,18.09760093688965
3285,2,1,13.6875,13.691445488017052,completed,13.724083401000826,36.58340100082569,20.35696029663086
3286,3,1,13.691666666666666,13.696078629000112,dropped_dispatch_late,,,
3287,0,1,13.695833333333333,13.696086725016357,completed,13.728745116997743,32.911783664410166,20.311199188232422
3288,1,0,13.7,13.70077859799494,completed,13.733386024017818,33.38602401781898,15.52723217010498
3289,2,0,13.704166666666666,13.705540002993075,completed,13.73807727600797,33.910609341305076,15.561344146728516
3290,3,0,13.708333333333334,13.710194265004247,completed,13.742875099997036,34.541766663702234,32.3172492980957
3291,0,0,13.7125,13.714848016010365,completed,13.750444781006081,37.944781006080675,20.286720275878906
3292,1,1,13.716666666666667,13.719482831016649,completed,13.753115444997093,36.448778330425924,20.514175415039062
3293,2,1,13.720833333333333,13.724076318001607,completed,13.758480757009238,37.64742367590479,20.41315269470215
3294,3,1,13.725,13.72873956701369,completed,13.76774157001637,42.74157001636958,20.43494415283203
3295,0,1,13.729166666666666,13.733379712008173,dropped_dispatch_late,,,
3296,1,0,13.733333333333333,13.733394861017587,completed,13.77249843699974,39.165103666407575,15.505056381225586
3297,2,0,13.737499999999999,13.738070263003465,completed,13.77742697999929,39.926979999291845,15.565088272094727
3298,3,0,13.741666666666667,13.742699096008437,dropped_queue_full,,,
3299,0,0,13.745833333333334,13.745840955001768,completed,13.78209486801643,36.261534683095675,31.04617691040039
3300,1,1,13.75,13.750439341005404,dropped_queue_full,,,
3301,2,1,13.754166666666666,13.754222407005727,dropped_queue_full,,,
3302,3,1,13.758333333333333,13.75847526700818,completed,13.786718752002344,28.385418669010676,20.86899185180664
3303,0,1,13.7625,13.763135610002792,completed,13.791357053996762,28.85705399676297,10.99232006072998
3304,1,0,13.766666666666666,13.767733946006047,completed,13.795990715996595,29.32404932992938,26.46054458618164
3305,2,0,13.770833333333334,13.772491965006338,completed,13.800581618008437,29.74828467510271,26.216575622558594
3306,3,0,13.775,13.77741993701784,completed,13.810086243989645,35.08624398964422,21.046560287475586
3307,0,0,13.779166666666667,13.782089418004034,completed,13.810074993001763,30.908326335095992,15.782079696655273
3308,1,1,13.783333333333333,13.786710737011163,completed,13.819301411014749,35.96807768141552,18.162752151489258
3309,2,1,13.7875,13.791351794003276,completed,13.82393724800204,36.437248002039624,20.580095291137695
3310,3,1,13.791666666666666,13.795984333992237,dropped_dispatch_late,,,
3311,0,1,13.795833333333333,13.795999613008462,completed,13.82857062999392,32.73729666058678,20.55513572692871
3312,1,0,13.799999999999999,13.800574615015648,completed,13.83321337000234,33.21337000234159,15.708800315856934
3313,2,0,13.804166666666667,13.80532529001357,completed,13.837863985012518,33.6973183458511,15.712575912475586
3314,3,0,13.808333333333334,13.810069553001085,completed,13.842519869998796,34.18653666546234,31.775423049926758
3315,0,0,13.8125,13.814692284999182,completed,13.84741966801812,34.91966801811941,20.452800750732422
3316,1,1,13.816666666666666,13.819295038993005,completed,13.85471773298923,38.05106632256283,20.45929527282715
3317,2,1,13.820833333333333,13.823930193990236,completed,13.857717901992146,36.884568658813066,20.52239990234375
3318,3,1,13.825,13.828565180010628,completed,13.862639872997534,37.63987299753424,20.367103576660156
3319,0,1,13.829166666666666,13.833206978015369,completed,13.872499963996233,43.3332973295677,20.396608352661133
3320,1,0,13.833333333333334,13.837856911006384,dropped_dispatch_late,,,
3321,2,0,13.8375,13.837872281001182,completed,13.877735710993875,40.23571099387446,15.546048164367676
3322,3,0,13.841666666666667,13.842512194998562,completed,13.882682027993724,41.015361327056965,15.576831817626953
3323,0,0,13.845833333333333,13.847245487006148,dropped_queue_full,,,
3324,1,1,13.85,13.850109198014252,completed,13.887567619007314,37.56761900731398,30.991104125976562
3325,2,1,13.854166666666666,13.854711471009068,dropped_queue_full,,,
3326,3,1,13.858333333333333,13.858364971994888,dropped_queue_full,,,
3327,0,1,13.862499999999999,13.862633409997215,completed,13.892229085002327,29.729085002328404,20.63599967956543
3328,1,0,13.866666666666667,13.867577903991332,completed,13.897028392006177,30.361725339510315,10.936320304870605
3329,2,0,13.870833333333334,13.872494142997311,completed,13.897037109010853,26.203775677519303,21.41644859313965
3330,3,0,13.875,13.877728516992647,completed,13.901906609011348,26.906609011348337,21.341279983520508
3331,0,0,13.879166666666666,13.88267289000214,completed,13.911753466003574,32.586799336908,21.000320434570312
3332,1,1,13.883333333333333,13.887561637995532,dropped_dispatch_late,,,
3333,2,1,13.8875,13.887575914995978,completed,13.916567420994397,29.067420994397963,20.547807693481445
3334,3,1,13.891666666666666,13.8922236940125,completed,13.92118336999556,29.516703328894778,20.606815338134766
3335,0,1,13.895833333333334,13.897022029996151,completed,13.92598273800104,30.149404667705326,15.729663848876953
3336,1,0,13.9,13.901899406017037,completed,13.930755795008736,30.755795008735376,28.640735626220703
3337,2,0,13.904166666666667,13.906728328991449,completed,13.935508905007737,31.342238341069972,15.836480140686035
3338,3,0,13.908333333333333,13.911748156009708,completed,13.94503758699284,36.704253659506136,18.225343704223633
3339,0,0,13.9125,13.916560156998457,completed,13.949701136996737,37.201136996737105,20.648927688598633
3340,1,1,13.916666666666666,13.92117597599281,dropped_dispatch_late,,,
3341,2,1,13.920833333333333,13.921191055007512,completed,13.954297068004962,33.46373467162955,20.51740837097168
3342,3,1,13.924999999999999,13.92597706700326,completed,13.958909801003756,33.90980100375707,15.725472450256348
3343,0,1,13.929166666666667,13.93074935299228,completed,13.963594621018274,34.427954351606616,15.751680374145508
3344,1,0,13.933333333333334,13.935502312990138,completed,13.968345175991999,35.011842658665415,31.60153579711914
3345,2,0,13.9375,13.940267625002889,completed,13.968354723998345,30.854723998345435,15.79468822479248
3346,3,0,13.941666666666666,13.945029891998274,completed,13.978106358990772,36.439692324105266,20.656415939331055
3347,0,0,13.945833333333333,13.949695676012198,completed,13.98310243000742,37.26909667408762,20.580896377563477
3348,1,1,13.95,13.95428957400145,dropped_dispatch_late,,,
3349,2,1,13.954166666666666,13.954305544000817,completed,13.988727365998784,34.56069933211836,20.517311096191406
3350,3,1,13.958333333333334,13.958902307000244,completed,13.99374988800264,35.41655466930571,15.654111862182617
3351,0,1,13.9625,13.963586294994457,completed,14.000748854014091,38.24885401409084,15.725503921508789
3352,1,0,13.966666666666667,13.96833882399369,completed,14.003906483005267,37.23981633859985,35.32908630371094
3353,2,0,13.970833333333333,13.973128401994472,completed,14.013658950017998,42.82561668466478,20.552127838134766
3354,3,0,13.975,13.978098413994303,completed,14.018435314006638,43.43531400663814,20.60655975341797
3355,0,0,13.979166666666666,13.982767754991073,dropped_queue_full,,,
3356,1,1,13.983333333333333,13.983423500001663,completed,14.023190887994133,39.85755466080043,15.655232429504395
3357,2,1,13.987499999999999,13.988233618991217,dropped_queue_full,,,
3358,3,1,13.991666666666667,13.991688422014704,dropped_queue_full,,,
3359,0,1,13.995833333333334,13.995952491997741,completed,14.027957793994574,32.124460661240306,25.801952362060547
3360,1,0,14.0,14.000742372008972,dropped_queue_full,,,
3361,2,0,14.004166666666666,14.004230048012687,completed,14.032780186011223,28.613519344556693,20.714879989624023
3362,3,0,14.008333333333333,14.008906652015867,completed,14.037529849010753,29.196515677419654,20.708127975463867
3363,0,0,14.0125,14.013651765999384,completed,14.04229871800635,29.79871800635081,15.733823776245117
3364,1,1,14.016666666666666,14.018427408998832,completed,14.047126890014624,30.460223347958504,25.9072322845459
3365,2,1,14.020833333333334,14.023184356017737,completed,14.047138872992946,26.30553965961191,15.83743953704834
3366,3,1,14.025,14.027952283999184,completed,14.051777665998088,26.77766599808784,15.762399673461914
3367,0,1,14.029166666666667,14.032773012004327,completed,14.065878013003385,36.71134633671791,20.635936737060547
3368,1,0,14.033333333333333,14.037522254016949,dropped_dispatch_late,,,
3369,2,0,14.0375,14.037537572992733,completed,14.070501256006537,33.00125600653736,20.567424774169922
3370,3,0,14.041666666666666,14.042293348000385,completed,14.075313226989238,33.64656032257152,20.622560501098633
3371,0,0,14.045833333333333,14.047120067989454,completed,14.080412534996867,34.579201663534676,15.718879699707031
3372,1,1,14.049999999999999,14.05177039199043,completed,14.08532419599942,35.32419599942038,30.257728576660156
3373,2,1,14.054166666666667,14.056394657003693,completed,14.09024612599751,36.07945933084267,20.43494415283203
3374,3,1,14.058333333333334,14.061145162006142,completed,14.09025498299161,31.921649658276152,15.899168014526367
3375,0,1,14.0625,14.06587256200146,completed,14.099752965994412,37.25296599441208,20.5784969329834
3376,1,0,14.066666666666666,14.070494482992217,completed,14.104550860996824,37.88419433015733,20.615392684936523
3377,2,0,14.070833333333333,14.075305633014068,dropped_dispatch_late,,,
3378,3,0,14.075,14.075569314009044,completed,14.109413118014345,34.413118014345656,20.417343139648438
3379,0,0,14.079166666666666,14.080407114000991,completed,14.114214308996452,35.0476423297863,15.615296363830566
3380,1,1,14.083333333333334,14.08531784301158,completed,14.119010922004236,35.67758867090198,15.640640258789062
3381,2,1,14.0875,14.0902392330172,completed,14.124123243993381,36.62324399338068,28.95840072631836
3382,3,1,14.091666666666667,14.09504780799034,completed,14.128958999994211,37.292333327544114,20.41321563720703
3383,0,1,14.095833333333333,14.09974754601717,completed,14.138246804999653,42.413471666320035,20.410144805908203
3384,1,0,14.1,14.104544558998896,dropped_dispatch_late,,,
3385,2,0,14.104166666666666,14.104560099018272,completed,14.143131213990273,38.96454732360688,15.635904312133789
3386,3,0,14.108333333333333,14.109405433991924,completed,14.147998139989795,39.66480665646266,15.624863624572754
3387,0,0,14.112499999999999,14.114208949002204,completed,14.152629618009087,40.129618009087764,15.739583969116211
3388,1,1,14.116666666666667,14.11900452899863,completed,14.158865655015688,42.19898834902125,35.90671920776367
3389,2,1,14.120833333333334,14.123784440016607,dropped_queue_full,,,
3390,3,1,14.125,14.125078709010268,dropped_queue_full,,,
3391,0,1,14.129166666666666,14.129279610002413,dropped_queue_full,,,
3392,1,0,14.133333333333333,14.133371202013223,completed,14.163496071996633,30.162738663300104,5.946944236755371
3393,2,0,14.1375,14.138241405016743,completed,14.163505409989739,26.005409989739547,21.61142349243164
3394,3,0,14.141666666666666,14.143124160007574,completed,14.168268428009469,26.601761342803343,21.63030433654785
3395,0,0,14.145833333333334,14.147990675992332,completed,14.178120124008274,32.28679067493978,26.173568725585938
3396,1,1,14.15,14.152624298003502,dropped_queue_full,,,
3397,2,1,14.154166666666667,14.154214640002465,completed,14.183313951012678,29.14728434601166,20.53171157836914
3398,3,1,14.158333333333333,14.158859232993564,completed,14.188362081011292,30.02874767795838,20.491552352905273
3399,0,1,14.1625,14.163489429018227,completed,14.19323572999565,30.735729995649663,15.734016418457031
3400,1,0,14.166666666666666,14.168258860008791,completed,14.198008556995774,31.341890329107613,28.97350311279297
3401,2,0,14.170833333333333,14.173176873009652,completed,14.202942189003807,32.10885567047406,15.817695617675781
3402,3,0,14.174999999999999,14.178114603011636,completed,14.207848170015495,32.848170015496336,15.855711936950684
3403,0,0,14.179166666666667,14.183307208004408,completed,14.213179317011964,34.012650345296436,20.639808654785156
3404,1,1,14.183333333333334,14.188354365993291,dropped_dispatch_late,,,
3405,2,1,14.1875,14.188369645009516,completed,14.221549348003464,34.04934800346382,20.521055221557617
3406,3,1,14.191666666666666,14.193230289005442,completed,14.226356850995217,34.69018432855009,20.514495849609375
3407,0,1,14.195833333333333,14.198001974000363,completed,14.226338676991872,30.50534365853963,10.988639831542969
3408,1,0,14.2,14.202935656998307,completed,14.226348616008181,26.348616008181835,21.28927993774414
3409,2,0,14.204166666666666,14.207840535003925,completed,14.24085591599578,36.68924932911466,20.604768753051758
3410,3,0,14.208333333333334,14.212683045014273,dropped_dispatch_late,,,
3411,0,0,14.2125,14.212691130000167,dropped_queue_full,,,
3412,1,1,14.216666666666667,14.216795596992597,completed,14.245738230994903,29.071564328235766,20.456480026245117
3413,2,1,14.220833333333333,14.221542225015583,completed,14.250457426009234,29.624092675900826,10.747679710388184
3414,3,1,14.225,14.226333225989947,completed,14.259728639008244,34.728639008244855,28.679840087890625
3415,0,1,14.229166666666666,14.231231451994972,completed,14.26445249299286,35.28582632619326,29.027551651000977
3416,1,0,14.233333333333333,14.236044796009082,completed,14.264462001010543,31.12866767721023,15.702624320983887
3417,2,0,14.237499999999999,14.240848841989646,completed,14.274291425012052,36.791425012053125,20.351072311401367
3418,3,0,14.241666666666667,14.245731909002643,completed,14.279224797006464,37.55813033979649,20.522815704345703
3419,0,0,14.245833333333334,14.25045019199024,dropped_dispatch_late,,,
3420,1,1,14.25,14.250465682009235,completed,14.284343681007158,34.34368100715801,20.457664489746094
3421,2,1,14.254166666666666,14.255083044001367,completed,14.289124233007897,34.95756634123026,15.707008361816406
3422,3,1,14.258333333333333,14.259721055015689,completed,14.293806508008856,35.47317467552347,15.570719718933105
3423,0,1,14.2625,14.264447082998231,completed,14.293795247009257,31.295247009257565,27.47318458557129
3424,1,0,14.266666666666666,14.26931367799989,completed,14.303523998998571,36.85733233190547,19.871328353881836
3425,2,0,14.270833333333334,14.27428439099458,completed,14.308358704001876,37.52537066854167,20.491519927978516
3426,3,0,14.275,14.279217292001704,dropped_dispatch_late,,,
3427,0,0,14.279166666666667,14.279483407997759,completed,14.313208787003532,34.04212033686527,20.481952667236328
3428,1,1,14.283333333333333,14.28433565600426,completed,14.318034925992833,34.701592659500236,15.675392150878906
3429,2,1,14.2875,14.289117109990912,completed,14.327306279010372,39.80627901037259,15.68665599822998
3430,3,1,14.291666666666666,14.29378988701501,completed,14.32811817098991,36.451504323244066,34.08857727050781
3431,0,1,14.295833333333333,14.298814823006978,completed,14.333326585998293,37.49325266496051,20.45123291015625
3432,1,0,14.299999999999999,14.303517727006692,completed,14.342539458011743,42.53945801174375,20.506271362304688
3433,2,0,14.304166666666667,14.308351649990072,dropped_dispatch_late,,,
3434,3,0,14.308333333333334,14.308367038989672,completed,14.34740004199557,39.06670866223649,15.609919548034668
3435,0,0,14.3125,14.313203286990756,completed,14.351992746989708,39.492746989708394,15.578847885131836
3436,1,1,14.316666666666666,14.31802838301519,completed,14.356572918011807,39.906251345140475,15.59347152709961
3437,2,1,14.320833333333333,14.322627410991117,completed,14.363142429006984,42.3090956736516,35.888702392578125
3438,3,1,14.325,14.327298955002334,dropped_queue_full,,,
3439,0,1,14.329166666666666,14.329227008012822,dropped_queue_full,,,
3440,1,0,14.333333333333334,14.333488544012653,dropped_queue_full,,,
3441,2,0,14.3375,14.337583153013838,completed,14.367801749991486,30.301749991485494,5.979263782501221
3442,3,0,14.341666666666667,14.342533046001336,completed,14.36781106799026,26.144401323593414,21.574560165405273
3443,0,0,14.345833333333333,14.347392718016636,completed,14.372644048999064,26.810715665730456,21.39241600036621
3444,1,1,14.35,14.35198754700832,completed,14.382435701001668,32.435701001668704,26.34454345703125
3445,2,1,14.354166666666666,14.356566595990444,dropped_queue_full,,,
3446,3,1,14.358333333333333,14.358485752018169,completed,14.38753572999849,29.202396665157337,20.450559616088867
3447,0,1,14.362499999999999,14.36313548500766,completed,14.392265805014176,29.76580501417736,20.338176727294922
3448,1,0,14.366666666666667,14.367794737016084,completed,14.397139895008877,30.47322834220978,15.640480041503906
3449,2,0,14.370833333333334,14.372638839005958,completed,14.397149622993311,26.316289659977343,23.79852867126465
3450,3,0,14.375,14.377607208007248,completed,14.401993495994247,26.993495994247496,15.726240158081055
3451,0,0,14.379166666666666,14.382429279008647,completed,14.416406456002733,37.23978933606631,20.644575119018555
3452,1,1,14.383333333333333,14.38752838599612,dropped_dispatch_late,,,
3453,2,1,14.3875,14.387543393997476,completed,14.421065998991253,33.565998991253565,20.517696380615234
3454,3,1,14.391666666666666,14.392260494991206,completed,14.425728214991977,34.06154832531172,20.129344940185547
3455,0,1,14.395833333333334,14.39713329199003,completed,14.430540297005791,34.70696367245729,15.472224235534668
3456,1,0,14.4,14.401986222015694,completed,14.435362477990566,35.362477990565466,30.299936294555664
3457,2,0,14.404166666666667,14.406803382997168,completed,14.435371435014531,31.20476834786423,15.714271545410156
3458,3,0,14.408333333333333,14.411598994018277,completed,14.445063588005723,36.73025467239022,20.024160385131836
3459,0,0,14.4125,14.416400985996006,completed,14.449822098016739,37.32209801673925,20.586559295654297
3460,1,1,14.416666666666666,14.421059095009696,dropped_dispatch_late,,,
3461,2,1,14.420833333333333,14.421074425015831,completed,14.454501888016239,33.668554682906304,20.5229434967041
3462,3,1,14.424999999999999,14.425720650993753,completed,14.459166870015906,34.166870015907236,15.668000221252441
3463,0,1,14.429166666666667,14.430534867016831,completed,14.464041902014287,34.87523534762005,15.697376251220703
3464,1,0,14.433333333333334,14.435355844994774,completed,14.471551318012644,38.217984679310035,33.48051071166992
3465,2,0,14.4375,14.440203303995077,completed,14.474558631016407,37.05863101640716,20.580768585205078
3466,3,0,14.441666666666666,14.445055973017588,completed,14.484118552005384,42.45188533871769,20.587968826293945
3467,0,0,14.445833333333333,14.449816656997427,completed,14.489714132010704,43.88079867737105,20.57379150390625
3468,1,1,14.45,14.454494773992337,dropped_dispatch_late,,,
3469,2,1,14.454166666666666,14.4545105540019,completed,14.494388793013059,40.22212634639288,15.684703826904297
3470,3,1,14.458333333333334,14.459159296005964,completed,14.499192579009105,40.859245675770595,15.635392189025879
3471,0,1,14.4625,14.463867721002316,dropped_queue_full,,,
3472,1,0,14.466666666666667,14.46668734701234,completed,14.50409510199097,37.42843532430307,31.30463981628418
3473,2,0,14.470833333333333,14.47154283101554,dropped_queue_full,,,
3474,3,0,14.475,14.475037240015808,dropped_queue_full,,,
3475,0,0,14.479166666666666,14.479267065005843,completed,14.508959083002992,29.7924163363259,20.932992935180664
3476,1,1,14.483333333333333,14.484111168014351,completed,14.513832771015586,30.499437682253827,10.823840141296387
3477,2,1,14.487499999999999,14.48970870199264,completed,14.518679889995838,31.17988999583865,25.981311798095703
3478,3,1,14.491666666666667,14.494381649012212,completed,14.518689457996516,27.022791329848417,21.56220817565918
3479,0,1,14.495833333333334,14.499184674001299,completed,14.5233618740167,27.528540683366742,16.081567764282227
3480,1,0,14.5,14.504088629997568,completed,14.532899743993767,32.899743993766606,20.315391540527344
3481,2,0,14.504166666666666,14.508953512005974,dropped_dispatch_late,,,
3482,3,0,14.508333333333333,14.508969092014013,completed,14.537745690002339,29.4123566690061,20.282304763793945
3483,0,0,14.5125,14.513826398993842,completed,14.542640558996936,30.140558996937017,20.2871036529541
3484,1,1,14.516666666666666,14.518672586011235,completed,14.552140696992865,35.47403032619911,15.567839622497559
3485,2,1,14.520833333333334,14.523356493999017,completed,14.552150053990772,31.31672065743807,24.448192596435547
3486,3,1,14.525,14.528094645007513,completed,14.561438520002412,36.43852000241132,19.65203285217285
3487,0,1,14.529166666666667,14.532893312018132,completed,14.566117689013481,36.951022346814355,20.474016189575195
3488,1,0,14.533333333333333,14.53773787501268,dropped_dispatch_late,,,
3489,2,0,14.5375,14.537753354001325,completed,14.570998120994773,33.49812099477312,20.458240509033203
3490,3,0,14.541666666666666,14.542635048012016,completed,14.575909420993412,34.24275432674584,15.704928398132324
3491,0,0,14.545833333333333,14.547486294002738,completed,14.580785183992703,34.95185065937001,15.803263664245605
3492,1,1,14.549999999999999,14.552134144003503,completed,14.58564600799582,35.64600799582074,31.430112838745117
3493,2,1,14.554166666666667,14.556790410017129,completed,14.585655406001024,31.488739334356808,15.804896354675293
3494,3,1,14.558333333333334,14.561430875997758,completed,14.595325046015205,36.99171268187129,20.650911331176758
3495,0,1,14.5625,14.566112258995418,completed,14.600167054013582,37.66705401358195,20.592191696166992
3496,1,0,14.566666666666666,14.570991228014464,dropped_dispatch_late,,,
3497,2,0,14.570833333333333,14.571006607002346,completed,14.605360000015935,34.52666668260207,20.589344024658203
3498,3,0,14.575,14.575901756004896,completed,14.610328879003646,35.32887900364656,15.703136444091797
3499,0,0,14.579166666666666,14.580779964016983,completed,14.617430881015025,38.26421434835936,15.746527671813965
3500,1,1,14.583333333333334,14.585639586002799,completed,14.620432063005865,37.098729672530695,34.32419204711914
3501,2,1,14.5875,14.590689569013193,completed,14.63041766299284,42.91766299284028,20.46031951904297
3502,3,1,14.591666666666667,14.595317642000737,completed,14.635254772001645,43.58810533497781,20.444896697998047
3503,0,1,14.595833333333333,14.600161504000425,dropped_dispatch_late,,,
3504,1,0,14.6,14.600176773004932,completed,14.640095076989383,40.09507698938286,15.698847770690918
3505,2,0,14.604166666666666,14.60502555401763,dropped_queue_full,,,
3506,3,0,14.608333333333333,14.608382531994721,dropped_queue_full,,,
3507,0,0,14.612499999999999,14.612538396992022,completed,14.644966822001152,32.466822001152806,25.71558380126953
3508,1,1,14.616666666666667,14.61742548100301,dropped_queue_full,,,
3509,2,1,14.620833333333334,14.620909399003722,completed,14.64964996901108,28.81663567774595,20.608320236206055
3510,3,1,14.625,14.62562240299303,completed,14.654330441000639,29.33044100063853,20.793888092041016
3511,0,1,14.629166666666666,14.630410539015429,completed,14.6589884099958,29.821743329133454,15.728128433227539
3512,1,0,14.633333333333333,14.63524712700746,completed,14.663655606011162,30.32227267782872,25.696256637573242
3513,2,0,14.6375,14.640088334010215,completed,14.663664854015224,26.164854015224392,15.80345630645752
3514,3,0,14.641666666666666,14.644961301994044,completed,14.66846367000835,26.797003341684444,15.591296195983887
3515,0,0,14.645833333333334,14.64964291601791,completed,14.678272284014383,32.438950681049405,20.432767868041992
3516,1,1,14.65,14.654322785994736,dropped_dispatch_late,,,
3517,2,1,14.654166666666667,14.654338426014874,completed,14.683136074017966,28.96940735129938,20.43382453918457
3518,3,1,14.658333333333333,14.658981426007813,completed,14.688039369008038,29.706035674704978,20.480735778808594
3519,0,1,14.6625,14.663649144000374,completed,14.697689260996412,35.18926099641284,15.590496063232422
3520,1,0,14.666666666666666,14.668456757004606,completed,14.702521752013126,35.855085346460314,29.72425651550293
3521,2,0,14.670833333333333,14.673379439016571,completed,14.702531490009278,31.698156675945555,15.69820785522461
3522,3,0,14.674999999999999,14.678266894014087,completed,14.712667726998916,37.66772699891696,19.99065589904785
3523,0,0,14.679166666666667,14.683128920005402,completed,14.714074007992167,34.907341325499885,20.415712356567383
3524,1,1,14.683333333333334,14.688031454017619,dropped_dispatch_late,,,
3525,2,1,14.6875,14.688252354011638,completed,14.721464197995374,33.96419799537398,20.398176193237305
3526,3,1,14.691666666666666,14.692889252997702,completed,14.726250070001697,34.58340333503074,15.667455673217773
3527,0,1,14.695833333333333,14.697683940990828,completed,14.726226133992895,30.392800659562624,10.962976455688477
3528,1,0,14.7,14.70251522900071,completed,14.726239650015486,26.239650015487115,22.567167282104492
3529,2,0,14.704166666666666,14.707394188008038,completed,14.741308326018043,37.14165935137714,20.51852798461914
3530,3,0,14.708333333333334,14.71266011201078,dropped_dispatch_late,,,
3531,0,0,14.7125,14.712675632006722,dropped_queue_full,,,
3532,1,1,14.716666666666667,14.7167434990115,completed,14.746357168012764,29.69050134609752,20.413440704345703
3533,2,1,14.720833333333333,14.721457294013817,completed,14.751006670994684,30.173337661350885,10.784031867980957
3534,3,1,14.725,14.726219341013348,completed,14.760245773009956,35.24577300995624,29.57632064819336
3535,0,1,14.729166666666666,14.731309149996378,completed,14.760234271001536,31.067604334870325,24.929471969604492
3536,1,0,14.733333333333333,14.736301244003698,completed,14.769569435011363,36.23610167803015,20.276992797851562
3537,2,0,14.737499999999999,14.741300891997525,completed,14.774404541007243,36.90454100724416,20.43404769897461
3538,3,0,14.741666666666667,14.74635079599102,dropped_dispatch_late,,,
3539,0,0,14.745833333333334,14.746365914004855,completed,14.779266055993503,33.43272266016939,20.466400146484375
3540,1,1,14.75,14.750999526993837,completed,14.78414720899309,34.14720899309032,15.527168273925781
3541,2,1,14.754166666666666,14.755627469014144,completed,14.789041918003932,34.87525133726521,15.675104141235352
3542,3,1,14.758333333333333,14.760228911007289,completed,14.793968165991828,35.634832658494986,31.865055084228516
3543,0,1,14.7625,14.764874335989589,completed,14.793956614012131,31.456614012132178,15.719391822814941
3544,1,0,14.766666666666666,14.769562853005482,completed,14.803517077001743,36.8504103350773,19.470495223999023
3545,2,0,14.770833333333334,14.774395554006333,completed,14.808399100991664,37.56576765833053,20.542688369750977
3546,3,0,14.775,14.779260665993206,dropped_dispatch_late,,,
3547,0,0,14.779166666666667,14.77927597501548,completed,14.813552942010574,34.38627534390726,20.44256019592285
3548,1,1,14.783333333333333,14.784140797011787,completed,14.818432772997767,35.09943966443352,15.671648025512695
3549,2,1,14.7875,14.789035144989612,completed,14.82564409301267,38.14409301267041,15.62492847442627
3550,3,1,14.791666666666666,14.79394344901084,completed,14.828807471989421,37.1408053227551,34.632415771484375
3551,0,1,14.795833333333333,14.798674327001208,completed,14.834097963001113,38.26462966778088,20.45212745666504
3552,1,0,14.799999999999999,14.803510785015533,completed,14.843670367990853,43.67036799085433,20.505535125732422
3553,2,0,14.804166666666667,14.808392238017404,dropped_dispatch_late,,,
3554,3,0,14.808333333333334,14.808407177013578,completed,14.848434579005698,40.10124567236417,15.687135696411133
3555,0,0,14.8125,14.813218666997273,dropped_queue_full,,,
3556,1,1,14.816666666666666,14.81668940099189,dropped_queue_full,,,
3557,2,1,14.820833333333333,14.82095088699134,completed,14.8530184669944,32.185133661066345,25.64681625366211
3558,3,1,14.825,14.82563682901673,dropped_queue_full,,,
3559,0,1,14.829166666666666,14.829268597997725,completed,14.857679331005784,28.512664339118032,20.66329574584961
3560,1,0,14.833333333333334,14.834092603006866,completed,14.86235066599329,29.017332659956097,20.685728073120117
3561,2,0,14.8375,14.838860109011875,completed,14.867084068013355,29.58406801335478,15.68841552734375
3562,3,0,14.841666666666667,14.843664156011073,completed,14.871910517016659,30.243850349991774,25.616031646728516
3563,0,0,14.845833333333333,14.848427004006226,completed,14.876757705002092,30.92437166875861,20.574560165405273
3564,1,1,14.85,14.85301146301208,completed,14.876766963017872,26.76696301787196,15.96998405456543
3565,2,1,14.854166666666666,14.857674001017585,completed,14.881658916012384,27.492249345717923,15.582880020141602
3566,3,1,14.858333333333333,14.862344093009597,completed,14.891300573013723,32.96723968039039,20.32486343383789
3567,0,1,14.862499999999999,14.86707715500961,dropped_dispatch_late,,,
3568,1,0,14.866666666666667,14.86709230398992,completed,14.896236480009975,29.56981334330777,20.261856079101562
3569,2,0,14.870833333333334,14.871902682003565,completed,14.905817291000858,34.98395766752438,20.31452751159668
3570,3,0,14.875,14.876752165000653,completed,14.910654550010804,35.65455001080409,15.494367599487305
3571,0,0,14.879166666666666,14.881652423995547,completed,14.910643298993818,31.476632327152032,25.1147518157959
3572,1,1,14.883333333333333,14.886454427003628,completed,14.920309962995816,36.97662966248316,19.157920837402344
3573,2,1,14.8875,14.891293049004162,completed,14.92518833099166,37.688330991660024,20.346271514892578
3574,3,1,14.891666666666666,14.896229817008134,dropped_dispatch_late,,,
3575,0,1,14.895833333333334,14.89624581800308,completed,14.929866477992618,34.03314465928453,20.343711853027344
3576,1,0,14.9,14.900996693002526,completed,14.934678930992959,34.67893099295871,15.64515209197998
3577,2,0,14.904166666666667,14.905806950991973,completed,14.939514597004745,35.34793033807837,15.62281608581543
3578,3,0,14.908333333333333,14.910637829016196,completed,14.939525608002441,31.19227466910779,27.325408935546875
3579,0,0,14.9125,14.915463565994287,completed,14.94913689699024,36.636896990239975,20.305984497070312
3580,1,1,14.916666666666666,14.920303591003176,completed,14.953756353002973,37.089686336306826,20.589792251586914
3581,2,1,14.920833333333333,14.92518138801097,dropped_dispatch_late,,,
3582,3,1,14.924999999999999,14.925196707015857,completed,14.958752224018099,33.75222401809985,20.439903259277344
3583,0,1,14.929166666666667,14.929861108015757,completed,14.963796607014956,34.62994034828881,15.634847640991211
3584,1,0,14.933333333333334,14.934672698989743,completed,14.968851259007351,35.5179256740179,15.683168411254883
3585,2,0,14.9375,14.93950517900521,completed,14.975803136010654,38.30313601065427,34.289825439453125
3586,3,0,14.941666666666666,14.944370803015772,completed,14.980622050992679,38.95538432601242,20.5501766204834
3587,0,0,14.945833333333333,14.949131877016043,completed,14.985382604994811,39.54927166147826,20.812095642089844
3588,1,1,14.95,14.953750131011475,completed,14.990150532015832,40.15053201583285,20.783039093017578
3589,2,1,14.954166666666666,14.958413540007314,dropped_dispatch_late,,,
3590,3,1,14.958333333333334,14.958421385003021,dropped_queue_full,,,
3591,0,1,14.9625,14.962525301991263,dropped_queue_full,,,
3592,1,0,14.966666666666667,14.966794401989318,dropped_queue_full,,,
3593,2,0,14.970833333333333,14.970898338011466,completed,14.999799712997628,28.96637966429516,20.825471878051758
3594,3,0,14.975,14.975793958990835,completed,15.004566057992633,29.566057992633787,20.667007446289062
3595,0,0,14.979166666666666,14.980614386004163,completed,15.009428365010535,30.26169834386927,20.63580894470215
3596,1,1,14.983333333333333,14.985377253993647,completed,15.01503555799718,31.702224663847645,20.643423080444336
3597,2,1,14.987499999999999,14.990144059993327,completed,15.01504621800268,27.546218002681755,15.840096473693848
3598,3,1,14.991666666666667,14.994748758006608,completed,15.020191602990963,28.524936324295425,15.735615730285645
3599,0,1,14.995833333333334,14.999792479997268,completed,15.029609163000714,33.775829667380464,20.56729507446289
3600,1,0,15.0,15.004558534012176,dropped_dispatch_late,,,
3601,2,0,15.004166666666666,15.004573723010253,completed,15.034434269997291,30.267603330624837,20.475040435791016
3602,3,0,15.008333333333333,15.009420549991773,completed,15.039244107989362,30.91077465602865,20.3603515625
3603,0,0,15.0125,15.015028194000479,completed,15.039232896000613,26.732896000613238,10.98579216003418
3604,1,1,15.016666666666666,15.020184288994642,completed,15.044059455016395,27.392788349729358,21.692960739135742
3605,2,1,15.020833333333334,15.024853108014213,completed,15.053539254993666,32.70592166033204,20.681184768676758
3606,3,1,15.025,15.029603803006466,dropped_dispatch_late,,,
3607,0,1,15.029166666666667,15.029619111999637,completed,15.058287796011427,29.121129344760632,20.586944580078125
3608,1,0,15.033333333333333,15.03442763799103,completed,15.063238561007893,29.905227674559498,20.75836753845215
3609,2,0,15.0375,15.039227496017702,completed,15.07286367600318,35.3636760031808,15.86297607421875
3610,3,0,15.041666666666666,15.044052953016944,completed,15.077714762010146,36.04809534347986,29.082656860351562
3611,0,0,15.045833333333333,15.048823115008418,completed,15.07770347999758,31.870146664248367,15.876447677612305
3612,1,1,15.049999999999999,15.053532421996351,completed,15.08747526400839,37.47526400839085,17.72256088256836
3613,2,1,15.054166666666667,15.05828216500231,completed,15.092305881000357,38.13921433368961,20.460128784179688
3614,3,1,15.058333333333334,15.063232057989808,dropped_dispatch_late,,,
3615,0,1,15.0625,15.063247147016227,completed,15.09723935299553,34.73935299552977,20.405248641967773
3616,1,0,15.066666666666666,15.068055701995036,completed,15.10241247099475,35.74580432808361,15.709152221679688
3617,2,0,15.070833333333333,15.07285455899546,completed,15.107349610014353,36.51627668102009,15.729663848876953
3618,3,0,15.075,15.077698089997284,completed,15.107359399000416,32.35939900041629,27.207136154174805
3619,0,0,15.079166666666666,15.082579183013877,completed,15.115208720992086,36.042054325420736,20.541120529174805
3620,1,1,15.083333333333334,15.087469001999125,completed,15.120276749017648,36.94341568431447,20.776479721069336
3621,2,1,15.0875,15.09229884800152,dropped_dispatch_late,,,
3622,3,1,15.091666666666667,15.092314187000738,completed,15.13056574499933,38.899078332663706,20.633312225341797
3623,0,1,15.095833333333333,15.097234093002044,completed,15.135411260009278,39.5779266759444,15.618911743164062
3624,1,0,15.1,15.1024059689953,completed,15.140203593997285,40.203593997285125,15.673088073730469
3625,2,0,15.104166666666666,15.107341665017884,completed,15.141337208013283,37.170541346617014,33.64780807495117
3626,3,0,15.108333333333333,15.112789344013436,dropped_dispatch_late,,,
3627,0,0,15.112499999999999,15.11279728001682,dropped_queue_full,,,
3628,1,1,15.116666666666667,15.116794613015372,dropped_queue_full,,,
3629,2,1,15.120833333333334,15.120913257997017,completed,15.151343787991209,30.510454657875385,5.997151851654053
3630,3,1,15.125,15.12581921799574,completed,15.151352835004218,26.352835004217923,21.626911163330078
3631,0,1,15.129166666666666,15.130558200995438,completed,15.15597211100976,26.8054443430934,21.520095825195312
3632,1,0,15.133333333333333,15.13540587000898,completed,15.165284382004756,31.95104867142362,26.338848114013672
3633,2,0,15.1375,15.140197191998595,dropped_queue_full,,,
3634,3,0,15.141666666666666,15.141814975999296,completed,15.170235316996695,28.568650330029755,20.463424682617188
3635,0,0,15.145833333333334,15.146698202996049,completed,15.175039644003846,29.206310670511826,20.393247604370117
3636,1,1,15.15,15.151336834998801,completed,15.17986279699835,29.862796998349594,15.69046401977539
3637,2,1,15.154166666666667,15.155966801015893,completed,15.184754399990197,30.587733323530486,27.263296127319336
3638,3,1,15.158333333333333,15.160635530017316,completed,15.184763366996776,26.430033663443098,15.711296081542969
3639,0,1,15.1625,15.165277929016156,completed,15.189578874997096,27.07887499709649,15.737279891967773
3640,1,0,15.166666666666666,15.170227752998471,completed,15.204194801015547,37.52813434888047,20.551776885986328
3641,2,0,15.170833333333333,15.175034443993354,dropped_dispatch_late,,,
3642,3,0,15.174999999999999,15.17504953299067,completed,15.209395311016124,34.39531101612481,20.518400192260742
3643,0,0,15.179166666666667,15.179856274015037,completed,15.214557027007686,35.390360341018834,20.509727478027344
3644,1,1,15.183333333333334,15.184747637016699,completed,15.222033340018243,38.70000668490903,15.747200012207031
3645,2,1,15.1875,15.189572953997413,completed,15.222042918001534,34.54291800153442,25.444671630859375
3646,3,1,15.191666666666666,15.194189272995573,completed,15.222050392010715,30.38372534404843,15.761856079101562
3647,0,1,15.195833333333333,15.19885303301271,completed,15.227127396996366,31.294063663033,15.919136047363281
3648,1,0,15.2,15.204187908006134,dropped_dispatch_late,,,
3649,2,0,15.204166666666666,15.204204450012185,completed,15.232255850016372,28.08918334970656,15.8154878616333
3650,3,0,15.208333333333334,15.20938453101553,completed,15.237345900008222,29.012566674888163,15.294112205505371
3651,0,0,15.2125,15.214551545999711,completed,15.24790378700709,35.40378700708935,20.323776245117188
3652,1,1,15.216666666666667,15.222025655006291,dropped_dispatch_late,,,
3653,2,1,15.220833333333333,15.222056294005597,completed,15.253087365010288,32.2540316769544,20.372224807739258
3654,3,1,15.225,15.22712210699683,completed,15.253097312990576,28.097312990576384,15.81283187866211
3655,0,1,15.229166666666666,15.232249268010492,completed,15.25967591101653,30.50924434986335,10.898655891418457
3656,1,0,15.233333333333333,15.237338947015814,completed,15.264847354992526,31.514021659193148,24.741024017333984
3657,2,0,15.237499999999999,15.242669322993606,dropped_dispatch_late,,,
3658,3,0,15.241666666666667,15.242677948990604,completed,15.269998802017653,28.33213535098622,15.583264350891113
3659,0,0,15.245833333333334,15.247898486995837,completed,15.275188371015247,29.355037681913387,15.4967679977417
3660,1,1,15.25,15.253080241003772,completed,15.2804286259925,30.428625992499292,15.550527572631836
3661,2,1,15.254166666666666,15.259670361003373,dropped_dispatch_late,,,
3662,3,1,15.258333333333333,15.25968568000826,completed,15.285677878011484,27.34454467815084,15.644096374511719
3663,0,1,15.2625,15.264840893010842,completed,15.290891803015256,28.39180301525701,15.456255912780762
3664,1,0,15.266666666666666,15.269989013002487,completed,15.301378505013417,34.71183834675173,20.288448333740234
3665,2,0,15.270833333333334,15.275182940007653,dropped_dispatch_late,,,
3666,3,0,15.275,15.275198841001838,completed,15.306985706993146,31.985706993145513,20.448192596435547
3667,0,0,15.279166666666667,15.280422294017626,completed,15.306973583996296,27.806917329629144,15.809087753295898
3668,1,1,15.283333333333333,15.285669611999765,completed,15.312236322002718,28.90298866938501,10.768511772155762
3669,2,1,15.2875,15.290886102011427,completed,15.322673499991652,35.17349999165198,28.06265640258789
3670,3,1,15.291666666666666,15.296042678994127,dropped_dispatch_late,,,
3671,0,1,15.295833333333333,15.296050803997787,completed,15.327754763013218,31.921429679885094,20.37424087524414
3672,1,0,15.299999999999999,15.30137217300944,completed,15.32776447199285,27.76447199285137,15.724512100219727
3673,2,0,15.304166666666667,15.306968515011249,completed,15.332958740007598,28.792073340930813,10.715392112731934
3674,3,0,15.308333333333334,15.312229709990788,completed,15.34340091701597,35.06758368263618,27.46454429626465
3675,0,0,15.3125,15.317448624002282,dropped_dispatch_late,,,
3676,1,1,15.316666666666666,15.317456409014994,completed,15.348676419002004,32.00975233533754,20.33964729309082
3677,2,1,15.320833333333333,15.32266629699734,completed,15.348686498007737,27.85316467440424,15.740639686584473
3678,3,1,15.325,15.32774937301292,completed,15.353767341002822,28.767341002822633,10.721504211425781
3679,0,1,15.329166666666666,15.3329433100007,completed,15.36391979799373,34.753131327065034,27.440895080566406
3680,1,0,15.333333333333334,15.338143278990174,dropped_dispatch_late,,,
3681,2,0,15.3375,15.338152426003944,completed,15.36924389199703,31.74389199702965,20.34012794494629
3682,3,0,15.341666666666667,15.34339333299431,completed,15.369254182005534,27.587515338867163,15.761216163635254
3683,0,0,15.345833333333333,15.348669756000163,completed,15.374617930996465,28.78459766313135,11.008288383483887
3684,1,1,15.35,15.353760116995545,completed,15.385165518993745,35.16551899374498,27.48406410217285
3685,2,1,15.354166666666666,15.358827593998285,dropped_dispatch_late,,,
3686,3,1,15.358333333333333,15.358835559018189,completed,15.390380174998427,32.046841665094306,20.333984375
3687,0,1,15.362499999999999,15.363914146990282,completed,15.390367592015537,27.867592015537568,15.571104049682617
3688,1,0,15.366666666666667,15.369236858998192,completed,15.396551590005402,29.88492333873438,10.693216323852539
3689,2,0,15.370833333333334,15.374612760992022,completed,15.402050675998908,31.217342665573966,22.551103591918945
3690,3,0,15.375,15.37991755901021,dropped_dispatch_late,,,
3691,0,0,15.379166666666666,15.379925304005155,completed,15.407699127012165,28.532460345498833,15.421759605407715
3692,1,1,15.383333333333333,15.385158204997424,completed,15.412884919001954,29.551585668620817,15.402848243713379
3693,2,1,15.3875,15.390362120990176,completed,15.418224112014286,30.72411201428693,15.50598430633545
3694,3,1,15.391666666666666,15.396544396004174,dropped_dispatch_late,,,
3695,0,1,15.395833333333334,15.396560255991062,completed,15.423460810008692,27.6274766753577,15.564831733703613
3696,1,0,15.4,15.402041499008192,completed,15.42882869800087,28.82869800087029,15.5863037109375
3697,2,0,15.404166666666667,15.407693576999009,completed,15.42883863701718,24.671970350512495,15.545632362365723
3698,3,0,15.408333333333333,15.412878445989918,dropped_dispatch_late,,,
3699,0,0,15.4125,15.412893856002484,completed,15.43984904399258,27.3490439925812,20.40991973876953
3700,1,1,15.416666666666666,15.418216838006629,completed,15.439859322999837,23.192656333170802,15.833696365356445
3701,2,1,15.420833333333333,15.423455679992912,completed,15.445418284012703,24.58495067937072,15.689408302307129
3702,3,1,15.424999999999999,15.428821673995117,completed,15.450846936990274,25.846936990275182,20.638591766357422
3703,0,1,15.429166666666667,15.434354185010307,dropped_dispatch_late,,,
3704,1,0,15.433333333333334,15.43436240000301,completed,15.456201238994254,22.86790566092023,15.673215866088867
3705,2,0,15.4375,15.439843492989894,completed,15.461543737998,24.043737997999415,15.608351707458496
3706,3,0,15.441666666666666,15.445411680993857,completed,15.466776709014084,25.11004234741776,15.579808235168457
3707,0,0,15.445833333333333,15.450838601012947,dropped_dispatch_late,,,
3708,1,1,15.45,15.45085471199127,completed,15.47224593901774,22.245939017739857,15.620991706848145
3709,2,1,15.454166666666666,15.45619518699823,completed,15.477753232000396,23.586565333729936,15.671199798583984
3710,3,1,15.458333333333334,15.46153709499049,completed,15.483218975015916,24.885641682582005,15.682047843933105
3711,0,1,15.4625,15.466769576014485,dropped_dispatch_late,,,
3712,1,0,15.466666666666667,15.46678432400222,completed,15.49378449699725,27.11783033058346,20.561344146728516
3713,2,0,15.470833333333333,15.472240289003821,completed,15.493795046990272,22.961713656938443,15.929056167602539
3714,3,0,15.475,15.477746599004604,completed,15.49909484499949,24.09484499949066,15.711039543151855
3715,0,0,15.479166666666666,15.483212112012552,completed,15.504579054017086,25.412387350419507,18.74220848083496
3716,1,1,15.483333333333333,15.48852565701236,dropped_dispatch_late,,,
3717,2,1,15.487499999999999,15.488533841999015,completed,15.510291657003108,22.791657003109478,15.56719970703125
3718,3,1,15.491666666666667,15.493776973016793,completed,15.515596164012095,23.92949734542782,15.569472312927246
3719,0,1,15.495833333333334,15.49908517699805,completed,15.520931720006047,25.098386672713247,15.57868766784668
3720,1,0,15.5,15.504573493002681,dropped_dispatch_late,,,
3721,2,0,15.504166666666666,15.505362491996493,completed,15.52618810601416,22.02143934749401,15.649312019348145
3722,3,0,15.508333333333333,15.510285213997122,completed,15.53148943700944,23.156103676107875,15.683199882507324
3723,0,0,15.5125,15.515588870010106,completed,15.53677435699501,24.27435699501146,15.634559631347656
3724,1,1,15.516666666666666,15.520926269004121,dropped_dispatch_late,,,
3725,2,1,15.520833333333334,15.5209408570081,completed,15.547413538006367,26.580204673033236,20.394208908081055
3726,3,1,15.525,15.526181813998846,completed,15.547426603006897,22.42660300689714,15.804191589355469
3727,0,1,15.529166666666667,15.531482213002164,completed,15.552516012015985,23.34934534931854,15.598048210144043
3728,1,0,15.533333333333333,15.53676892601652,completed,15.557526329997927,24.192996664593736,17.497695922851562
3729,2,0,15.5375,15.542089524009498,dropped_dispatch_late,,,
3730,3,0,15.541666666666666,15.542097600002307,completed,15.5678054880118,26.138821345133678,20.349695205688477
3731,0,0,15.545833333333333,15.547406685014721,completed,15.56779323500814,21.95990167480666,15.731264114379883
3732,1,1,15.549999999999999,15.552510701993015,completed,15.57305465999525,23.05465999525147,15.481056213378906
3733,2,1,15.554166666666667,15.557520058006048,completed,15.578369066002779,24.20239933611157,17.44118309020996
3734,3,1,15.558333333333334,15.562640916992677,dropped_dispatch_late,,,
3735,0,1,15.5625,15.562649261992192,completed,15.588874412991572,26.37441299157217,20.23798370361328
3736,1,0,15.566666666666666,15.567787794017931,completed,15.588892147003207,22.225480336540926,15.67039966583252
3737,2,0,15.570833333333333,15.573048598016612,completed,15.594058612012304,23.225278678971506,15.475775718688965
3738,3,0,15.575,15.578361952007981,completed,15.599314607010456,24.314607010456513,17.339584350585938
3739,0,0,15.579166666666666,15.583625582017703,dropped_dispatch_late,,,
3740,1,1,15.583333333333334,15.583633747999556,completed,15.610216286993818,26.882953660484432,20.287456512451172
3741,2,1,15.5875,15.588868872990133,completed,15.610225915996125,22.725915996124613,15.67033576965332
3742,3,1,15.591666666666667,15.594052200001897,completed,15.615490697004134,23.82403033746705,15.423904418945312
3743,0,1,15.595833333333333,15.599307452997891,completed,15.620666150003672,24.83281667033843,17.020767211914062
3744,1,0,15.6,15.604788977012504,dropped_dispatch_late,,,
3745,2,0,15.604166666666666,15.605013052991126,completed,15.63097640601336,26.809739346694172,20.142911911010742
3746,3,0,15.608333333333333,15.610209264006699,completed,15.630986656004097,22.65332267076481,15.578944206237793
3747,0,0,15.612499999999999,15.615483474015491,completed,15.636156688007759,23.656688007759996,15.396575927734375
3748,1,1,15.616666666666667,15.620660749002127,completed,15.64137181499973,24.705148333062255,16.343135833740234
3749,2,1,15.620833333333334,15.625731111998903,dropped_dispatch_late,,,
3750,3,1,15.625,15.625739017006708,completed,15.651624491991242,26.624491991242394,20.271808624267578
3751,0,1,15.629166666666666,15.630969032004941,completed,15.65161340101622,22.44673434955402,15.684160232543945
3752,1,0,15.633333333333333,15.636151457991218,completed,15.656628908996936,23.295575663603074,15.405216217041016
3753,2,0,15.6375,15.641365271992981,completed,15.661752724001417,24.252724001417647,16.301088333129883
3754,3,0,15.641666666666666,15.646576022001682,dropped_dispatch_late,,,
3755,0,0,15.645833333333334,15.64658391699777,completed,15.672195833001751,26.362499668417527,20.328384399414062
3756,1,1,15.65,15.651607961015543,completed,15.672205731010763,22.20573101076262,15.809087753295898
3757,2,1,15.654166666666667,15.656622526992578,completed,15.677425227011554,23.258560344887158,15.599552154541016
3758,3,1,15.658333333333333,15.66174563000095,completed,15.682613714016043,24.280380682709435,16.851360321044922
3759,0,1,15.6625,15.666913216991816,dropped_dispatch_late,,,
3760,1,0,15.666666666666666,15.666921012016246,completed,15.692930263001472,26.263596334805683,20.433664321899414
3761,2,0,15.670833333333333,15.672190593002597,completed,15.692939900996862,22.106567663529475,15.856927871704102
3762,3,0,15.674999999999999,15.677418815001147,completed,15.698063715011813,23.063715011813812,15.587455749511719
3763,0,0,15.679166666666667,15.682606540009147,completed,15.703276507992996,24.109841326328763,16.83135986328125
3764,1,1,15.683333333333334,15.687801099003991,dropped_dispatch_late,,,
3765,2,1,15.6875,15.687809505005134,completed,15.714137881994247,26.637881994247437,20.42473602294922
3766,3,1,15.691666666666666,15.69292368000606,completed,15.714147320017219,22.48065335055216,15.846303939819336
3767,0,1,15.695833333333333,15.698056752007687,completed,15.719403524999507,23.570191666173912,15.672639846801758
3768,1,0,15.7,15.703271108010085,completed,15.724480260018026,24.480260018027167,17.101280212402344
3769,2,0,15.704166666666666,15.708746349002467,dropped_dispatch_late,,,
3770,3,0,15.708333333333334,15.708968982013175,completed,15.734972281992668,26.63894865933436,20.350080490112305
3771,0,0,15.7125,15.714130828011548,completed,15.73496090999106,22.460909991059097,15.733920097351074
3772,1,1,15.716666666666667,15.71939826500602,completed,15.74021730601089,23.550639344223967,15.517056465148926
3773,2,1,15.720833333333333,15.724474048009142,completed,15.745470886002295,24.637552668961504,16.66419219970703
3774,3,1,15.725,15.729673705995083,dropped_dispatch_late,,,
3775,0,1,15.729166666666666,15.729681611002889,completed,15.755568529013544,26.401862346878247,20.322080612182617
3776,1,0,15.733333333333333,15.734955299994908,completed,15.755578137992416,22.244804659083073,15.727295875549316
3777,2,0,15.737499999999999,15.740210963995196,completed,15.76066494101542,23.164941015421547,15.728768348693848
3778,3,0,15.741666666666667,15.745463872997789,completed,15.765714915003628,24.0482483369604,16.61187171936035
3779,0,0,15.745833333333334,15.750545707007404,dropped_dispatch_late,,,
3780,1,1,15.75,15.750553632009542,completed,15.776242865016684,26.242865016683936,20.591167449951172
3781,2,1,15.754166666666666,15.755562979000388,completed,15.776252412993927,22.085746327260125,15.79593563079834
3782,3,1,15.758333333333333,15.760658609011443,completed,15.781515050999587,23.181717666254542,15.580896377563477
3783,0,1,15.7625,15.765707821003161,completed,15.786872919008601,24.372919008602167,17.195999145507812
3784,1,0,15.766666666666666,15.770980717992643,dropped_dispatch_late,,,
3785,2,0,15.770833333333334,15.770988734002458,completed,15.797978617018089,27.145283684754773,20.3372802734375
3786,3,0,15.775,15.776236283010803,completed,15.797988456004532,22.9884560045317,15.750656127929688
3787,0,0,15.779166666666667,15.781508118001511,completed,15.803593865013681,24.427198347014567,15.555999755859375
3788,1,1,15.783333333333333,15.786867618997348,completed,15.809615595004288,26.282261670955265,16.85772705078125
3789,2,1,15.7875,15.792444985010661,dropped_dispatch_late,,,
3790,3,1,15.791666666666666,15.792453019996174,completed,15.809625683992635,17.959017325969384,15.619584083557129
3791,0,1,15.795833333333333,15.797971182997571,completed,15.815431824012194,19.598490678861324,10.980768203735352
3792,1,0,15.799999999999999,15.803586891997838,completed,15.815441492013633,15.441492013634317,6.179776191711426
3793,2,0,15.804166666666667,15.809608812007355,dropped_dispatch_late,,,
3794,3,0,15.808333333333334,15.80988604799495,completed,15.820663221995346,12.329888662012678,10.462112426757812
3795,0,0,15.8125,15.815426162997028,completed,15.83618539001327,23.68539001327008,15.321727752685547
3796,1,1,15.816666666666666,15.820656550000422,completed,15.836197033000644,19.530366333977867,15.296992301940918
3797,2,1,15.820833333333333,15.825717825005995,dropped_dispatch_late,,,
3798,3,1,15.825,15.82572481801617,completed,15.846543468011077,21.543468011078204,15.480031967163086
3799,0,1,15.829166666666666,15.83091141100158,completed,15.851621245004935,22.45457833826947,15.464127540588379
3800,1,0,15.833333333333334,15.836179870006163,completed,15.856644898012746,23.3115646794122,15.380800247192383
3801,2,0,15.8375,15.841309225012083,completed,15.861837553005898,24.337553005898016,15.521023750305176
3802,3,0,15.841666666666667,15.84653557301499,dropped_dispatch_late,,,
3803,0,0,15.845833333333333,15.846550662012305,completed,15.86736336100148,21.530027668147156,20.126176834106445
3804,1,1,15.85,15.85161584400339,completed,15.867373941000551,17.37394100055134,15.466431617736816
3805,2,1,15.854166666666666,15.85663853600272,completed,15.87816194500192,23.99527833525461,15.533184051513672
3806,3,1,15.858333333333333,15.86183014899143,completed,15.878172355005518,19.839021672185098,15.589920043945312
3807,0,1,15.862499999999999,15.867357929993887,dropped_dispatch_late,,,
3808,1,0,15.866666666666667,15.867381054005818,completed,15.883548607991543,16.881941324875527,10.739904403686523
3809,2,0,15.870833333333334,15.87261496699648,completed,15.883558427012758,12.72509367942476,10.76204776763916
3810,3,0,15.875,15.878155242011417,completed,15.894094623014098,19.094623014098033,10.654656410217285
3811,0,0,15.879166666666666,15.883542997995391,dropped_dispatch_late,,,
3812,1,1,15.883333333333333,15.883565199997975,completed,15.899323627003469,15.990293670135713,10.584575653076172
3813,2,1,15.8875,15.888875789009035,completed,15.90449655399425,16.996553994250263,15.249279975891113
3814,3,1,15.891666666666666,15.894087819993729,completed,15.909892074007075,18.22540734040956,14.68835163116455
3815,0,1,15.895833333333334,15.89931816700846,completed,15.915750784013653,19.91745068031925,10.726335525512695
3816,1,0,15.9,15.904489972017473,dropped_dispatch_late,,,
3817,2,0,15.904166666666667,15.904504669015296,completed,15.915760613017483,11.593946350815898,10.671775817871094
3818,3,0,15.908333333333333,15.90988433000166,completed,15.921163237013388,12.82990368005521,10.458111763000488
3819,0,0,15.9125,15.915745334001258,completed,15.931492289004382,18.9922890043821,10.56828784942627
3820,1,1,15.916666666666666,15.921156624011928,dropped_dispatch_late,,,
3821,2,1,15.920833333333333,15.921170379995601,completed,15.93679184699431,15.958513660978113,15.394623756408691
3822,3,1,15.924999999999999,15.926337295997655,completed,15.942181304999394,17.181304999395408,15.30668830871582
3823,0,1,15.929166666666667,15.931486938992748,completed,15.947545055008959,18.378388342291885,15.516575813293457
3824,1,0,15.933333333333334,15.936785063997377,completed,15.952686783013633,19.35344968029895,10.621088027954102
3825,2,0,15.9375,15.942173891002312,dropped_dispatch_late,,,
3826,3,0,15.941666666666666,15.94218847900629,completed,15.95788562000962,16.218953342953313,14.715456008911133
3827,0,0,15.945833333333333,15.947539615008282,completed,15.96302110599936,17.187772666027,15.205023765563965
3828,1,1,15.95,15.952680321002845,completed,15.968269595992751,18.26959599275213,15.148032188415527
3829,2,1,15.954166666666666,15.957878335990245,completed,15.973692789004417,19.526122337751417,15.399968147277832
3830,3,1,15.958333333333334,15.963015826011542,dropped_dispatch_late,,,
3831,0,1,15.9625,15.963029792008456,completed,15.979035077994922,16.53507799492182,10.71878433227539
3832,1,0,15.966666666666667,15.968260980007472,completed,15.984367177996319,17.700511329652002,10.697216033935547
3833,2,0,15.970833333333333,15.97368556499714,completed,15.989648651011521,18.815317678187782,10.639455795288086
3834,3,0,15.975,15.979029637994245,completed,15.994784668000648,19.784668000648153,10.609984397888184
3835,0,0,15.979166666666666,15.984362018003594,dropped_dispatch_late,,,
3836,1,1,15.983333333333333,15.984376095002517,completed,15.999936786014587,16.603452681254183,15.288991928100586
3837,2,1,15.987499999999999,15.989642228989396,completed,16.005204073007917,17.704073007918097,15.3057279586792
3838,3,1,15.991666666666667,15.994777615007479,completed,16.01050981201115,18.843145344483503,15.232735633850098
3839,0,1,15.995833333333334,15.99993128501228,completed,16.01612569100689,20.29235767355786,10.794367790222168
3840,1,0,16.0,16.00519660799182,dropped_dispatch_late,,,
3841,2,0,16.004166666666666,16.00521223800024,completed,16.016136571008246,11.969904341579962,10.71343994140625
3842,3,0,16.008333333333333,16.01050251800916,completed,16.026513485005125,18.180151671792544,10.644864082336426
3843,0,0,16.0125,16.016120079992106,completed,16.036953417991754,24.453417991754378,15.42569637298584
3844,1,1,16.016666666666666,16.021464663004735,dropped_dispatch_late,,,
3845,2,1,16.020833333333332,16.021471796993865,completed,16.042180157004623,21.346823671290593,15.496671676635742
3846,3,1,16.025,16.02650638099294,completed,16.042190287000267,17.190287000268256,15.423935890197754
3847,0,1,16.029166666666665,16.031701992003946,completed,16.0474076080136,18.240941346935102,15.5349760055542
3848,1,0,16.03333333333333,16.03693969201413,completed,16.057573500991566,24.240167658234668,15.459263801574707
3849,2,0,16.0375,16.04217277301359,dropped_dispatch_late,,,
3850,3,0,16.041666666666668,16.042196688998956,completed,16.06260927801486,20.942611348193196,20.14614486694336
3851,0,0,16.045833333333334,16.047402038006112,completed,16.067681473010452,21.848139677118183,15.576767921447754
3852,1,1,16.05,16.052502998005366,completed,16.072853919991758,22.85391999175701,15.35814380645752
3853,2,1,16.054166666666667,16.0575667580124,completed,16.07808190200012,23.915235333454632,15.645919799804688
3854,3,1,16.058333333333334,16.06260164300329,dropped_dispatch_late,,,
3855,0,1,16.0625,16.062616612005513,completed,16.08869011400384,26.19011400383897,20.378559112548828
3856,1,0,16.066666666666666,16.06767622299958,completed,16.088699632993666,22.032966327000025,15.829824447631836
3857,2,0,16.070833333333333,16.07284756799345,completed,16.09378925099736,22.955917664027936,15.827903747558594
3858,3,0,16.075,16.07807499798946,completed,16.09901181299938,24.0118129993796,16.15532875061035
3859,0,0,16.079166666666666,16.083378053008346,dropped_dispatch_late,,,
3860,1,1,16.083333333333332,16.083389173989417,completed,16.109842417994514,26.50908466118196,20.4150390625
3861,2,1,16.0875,16.088684093003394,completed,16.109853439003928,22.353439003929054,15.688096046447754
3862,3,1,16.091666666666665,16.09378276899224,completed,16.115120135014877,23.453468348211715,15.49129581451416
3863,0,1,16.09583333333333,16.09900448899134,completed,16.115109244012274,19.27591067894241,15.91875171661377
3864,1,0,16.1,16.104425747995265,dropped_dispatch_late,,,
3865,2,0,16.104166666666668,16.104433822998544,completed,16.12087570899166,16.709042324993817,15.505472183227539
3866,3,0,16.108333333333334,16.109835686016595,completed,16.126028847997077,17.69551466374253,10.872384071350098
3867,0,0,16.1125,16.115103663003538,completed,16.131320751999738,18.820751999736984,15.438976287841797
3868,1,1,16.116666666666667,16.120868916012114,dropped_dispatch_late,,,
3869,2,1,16.120833333333334,16.120884125004523,completed,16.141822092002258,20.988758668924135,15.52131175994873
3870,3,1,16.125,16.126021544012474,completed,16.14183298201533,16.832982015330344,15.312447547912598
3871,0,1,16.129166666666666,16.131315081001958,completed,16.147147659008624,17.980992341957602,15.615360260009766
3872,1,0,16.133333333333333,16.13652242301032,completed,16.15224615400075,18.912820667416952,14.864959716796875
3873,2,0,16.1375,16.1418148780067,dropped_dispatch_late,,,
3874,3,0,16.141666666666666,16.141839164018165,completed,16.16245181299746,20.785146330794646,15.484831809997559
3875,0,0,16.145833333333332,16.14714244901552,completed,16.167606525006704,21.773191673371883,20.103744506835938
3876,1,1,16.15,16.152239482005825,completed,16.172826732014073,22.82673201407448,15.516480445861816
3877,2,1,16.154166666666665,16.157332436996512,completed,16.178079661010997,23.91299434433236,15.58080005645752
3878,3,1,16.15833333333333,16.16244374701637,completed,16.183348351012683,25.015017679351104,15.602720260620117
3879,0,1,16.1625,16.167601004999597,dropped_dispatch_late,,,
3880,1,0,16.166666666666668,16.167616894992534,completed,16.188614715007134,21.94804834046593,15.602208137512207
3881,2,0,16.170833333333334,16.17282143200282,completed,16.18862491499749,17.791581664155842,15.384575843811035
3882,3,0,16.175,16.17807316899416,completed,16.198991970013594,23.991970013593544,15.524288177490234
3883,0,0,16.179166666666667,16.183341307012597,dropped_dispatch_late,,,
3884,1,1,16.183333333333334,16.183356396009913,completed,16.20426425500773,20.930921674395364,20.312864303588867
3885,2,1,16.1875,16.18860926499474,completed,16.20957319100853,22.073191008530557,15.772064208984375
3886,3,1,16.191666666666666,16.193757335015107,completed,16.2095834609936,17.916794326932717,15.510175704956055
3887,0,1,16.195833333333333,16.198984546004795,completed,16.220294728991576,24.46139565824268,15.860992431640625
3888,1,0,16.2,16.204257473000325,dropped_dispatch_late,,,
3889,2,0,16.204166666666666,16.204272731993115,completed,16.225663057994097,21.496391327431752,15.732799530029297
3890,3,0,16.208333333333332,16.209566508012358,completed,16.22567290600273,17.33957266939612,10.940159797668457
3891,0,0,16.2125,16.214853051991668,completed,16.23092064599041,18.420645990410378,15.505087852478027
3892,1,1,16.216666666666665,16.22028933899128,completed,16.236167794006178,19.501127339513147,15.404576301574707
3893,2,1,16.22083333333333,16.22565454200958,dropped_dispatch_late,,,
3894,3,1,16.225,16.225679288996616,completed,16.241502709017368,16.502709017366612,15.58131217956543
3895,0,1,16.229166666666668,16.230915174994152,completed,16.2468202309974,17.653564330732507,15.616640090942383
3896,1,0,16.233333333333334,16.23616041999776,completed,16.251863261015387,18.52992768205297,12.09340763092041
3897,2,0,16.2375,16.241495165013475,completed,16.262104266992537,24.604266992536594,15.451423645019531
3898,3,0,16.241666666666667,16.246814679994714,dropped_dispatch_late,,,
3899,0,0,16.245833333333334,16.246829098003218,completed,16.272366612014594,26.533278681259986,20.165855407714844
3900,1,1,16.25,16.251856498012785,completed,16.27237662099651,22.37662099651061,15.56601619720459
3901,2,1,16.254166666666666,16.25704049700289,completed,16.27769355199416,23.52688532749525,15.456095695495605
3902,3,1,16.258333333333333,16.262097213009838,completed,16.282991176005453,24.65784267212001,15.545087814331055
3903,0,1,16.2625,16.26712898199912,dropped_dispatch_late,,,
3904,1,0,16.266666666666666,16.26713713799836,completed,16.28830017198925,21.633505322583346,17.902847290039062
3905,2,0,16.270833333333332,16.27236090201768,completed,16.288314820005326,17.48148667199345,15.461503982543945
3906,3,0,16.275,16.27768610799103,completed,16.29364577701199,18.645777011990106,15.380767822265625
3907,0,0,16.279166666666665,16.282984093006235,completed,16.298735215998022,19.568549331356877,15.537055969238281
3908,1,1,16.28333333333333,16.28829314900213,dropped_dispatch_late,,,
3909,2,1,16.2875,16.288309299008688,completed,16.303959751006914,16.45975100691288,15.465344429016113
3910,3,1,16.291666666666668,16.29363835300319,completed,16.309357465012,17.69079834533116,15.396512031555176
3911,0,1,16.295833333333334,16.29872971601435,completed,16.314700776012614,18.86744267928009,15.442975997924805
3912,1,0,16.3,16.303942158003338,completed,16.320241662993794,20.241662993793597,12.170816421508789
3913,2,0,16.304166666666667,16.30935003099148,dropped_dispatch_late,,,
3914,3,0,16.308333333333334,16.3093648290087,completed,16.325502587016672,17.169253683338326,10.804351806640625
3915,0,0,16.3125,16.31469529599417,completed,16.325757000013255,13.257000013254583,10.829504013061523
3916,1,1,16.316666666666666,16.32023507001577,completed,16.33623509600875,19.56842934208325,10.5764799118042
3917,2,1,16.320833333333333,16.325495402998058,dropped_dispatch_late,,,
3918,3,1,16.325,16.325748274015496,completed,16.341419455013238,16.419455013238604,15.233759880065918
3919,0,1,16.329166666666666,16.3309571389982,completed,16.346719683991978,17.553017325312226,15.227680206298828
3920,1,0,16.333333333333332,16.33622866400401,completed,16.35177278399351,18.43945066017838,14.730815887451172
3921,2,0,16.3375,16.341412200999912,completed,16.36195557800238,24.45557800238163,15.348511695861816
3922,3,0,16.341666666666665,16.346714523999253,dropped_dispatch_late,,,
3923,0,0,16.34583333333333,16.34672885100008,completed,16.367127484001685,21.294150668353495,20.105472564697266
3924,1,1,16.35,16.35176612099167,completed,16.372495941992383,22.49594199238203,15.402688026428223
3925,2,1,16.354166666666668,16.356790185003774,completed,16.377736107009696,23.569440343027992,15.569952011108398
3926,3,1,16.358333333333334,16.361939547990914,completed,16.382957857014844,24.624523681509913,15.62934398651123
3927,0,1,16.3625,16.367121532006422,dropped_dispatch_late,,,
3928,1,0,16.366666666666667,16.367137071996694,completed,16.38826181300101,21.595146334341564,15.49731159210205
3929,2,0,16.370833333333334,16.372490512003424,completed,16.388271422008984,17.43808867565022,15.422207832336426
3930,3,0,16.375,16.377729555009864,completed,16.39854530899902,23.545308999018744,15.610783576965332
3931,0,0,16.379166666666666,16.382941496005515,completed,16.40381264599273,24.645979326063383,15.707743644714355
3932,1,1,16.383333333333333,16.388255341007607,dropped_dispatch_late,,,
3933,2,1,16.3875,16.388278154016007,completed,16.40906454299693,21.56454299693067,20.388864517211914
3934,3,1,16.391666666666666,16.393457464000676,completed,16.414300881006056,22.634214339390724,15.625184059143066
3935,0,1,16.395833333333332,16.398537795001175,completed,16.41959311501705,23.759781683718728,15.542431831359863
3936,1,0,16.4,16.40380705500138,completed,16.42487686299137,24.87686299136982,15.663711547851562
3937,2,0,16.404166666666665,16.4090573299909,dropped_dispatch_late,,,
3938,3,0,16.40833333333333,16.409074511990184,completed,16.42996382599813,21.630492664797885,15.673600196838379
3939,0,0,16.4125,16.41429367699311,completed,16.435376700013876,22.87670001387454,15.737695693969727
3940,1,1,16.416666666666668,16.419587765005417,completed,16.440505844017025,23.839177350357232,15.709983825683594
3941,2,1,16.420833333333334,16.424870140006533,completed,16.445751588995336,24.918255662001343,15.726495742797852
3942,3,1,16.425,16.42994457000168,dropped_dispatch_late,,,
3943,0,1,16.429166666666667,16.43026387700229,completed,16.450892215012573,21.725548345905565,15.461567878723145
3944,1,0,16.433333333333334,16.435371289000614,completed,16.45622695001657,22.89361668323764,15.387295722961426
3945,2,0,16.4375,16.44049926099251,completed,16.46146692399634,23.966923996340483,15.514752388000488
3946,3,0,16.441666666666666,16.445744496013504,completed,16.461477764998563,19.811098331896204,15.412384033203125
3947,0,0,16.445833333333333,16.450886614009505,dropped_dispatch_late,,,
3948,1,1,16.45,16.450901883014012,completed,16.466625002998626,16.62500299862657,15.415712356567383
3949,2,1,16.454166666666666,16.456221228989307,completed,16.47693326600711,22.766599340442895,15.326560020446777
3950,3,1,16.458333333333332,16.461460402002558,completed,16.476951090007788,18.61775667445542,15.295904159545898
3951,0,1,16.4625,16.466620024002623,completed,16.48756688699359,25.066886993592163,15.549983978271484
3952,1,0,16.466666666666665,16.471654779015807,dropped_dispatch_late,,,
3953,2,0,16.47083333333333,16.47166213201126,completed,16.49291936599184,22.086032658506838,15.633855819702148
3954,3,0,16.475,16.47692665399518,completed,16.49293023700011,17.930237000108207,15.38764762878418
3955,0,0,16.479166666666668,16.482234146998962,completed,16.498269278992666,19.10261232599808,15.415040016174316
3956,1,1,16.483333333333334,16.487561167014064,dropped_dispatch_late,,,
3957,2,1,16.4875,16.48757671599742,completed,16.50337923699408,15.879236994077672,10.86188793182373
3958,3,1,16.491666666666667,16.492912763002096,completed,16.508755631017266,17.0889643505987,15.221920013427734
3959,0,1,16.495833333333334,16.498263668996515,completed,16.514091818011366,18.25848467803226,15.336416244506836
3960,1,0,16.5,16.50337241400848,completed,16.51938707800582,19.387078005820513,10.668895721435547
3961,2,0,16.504166666666666,16.50874821699108,dropped_dispatch_late,,,
3962,3,0,16.508333333333333,16.50876316500944,completed,16.524682046991074,16.348713657741598,10.683072090148926
3963,0,0,16.5125,16.5140861569962,completed,16.53011315499316,17.613154993160407,10.792927742004395
3964,1,1,16.516666666666666,16.519380665995413,completed,16.530122783005936,13.456116339270352,10.556096076965332
3965,2,1,16.520833333333332,16.524674932996277,completed,16.53581113900873,14.977805675396638,5.912831783294678
3966,3,1,16.525,16.530107433995,dropped_dispatch_late,,,
3967,0,1,16.529166666666665,16.530669300991576,completed,16.546433950017672,17.267283351007023,10.46399974822998
3968,1,0,16.53333333333333,16.535804557002848,completed,16.55151858899626,18.185255662928057,10.537535667419434
3969,2,0,16.5375,16.541147707001073,completed,16.557145639002556,19.64563900255456,15.409664154052734
3970,3,0,16.541666666666668,16.546428580011707,dropped_dispatch_late,,,
3971,0,0,16.545833333333334,16.5464496499917,completed,16.562409219011897,16.57588567856294,12.713248252868652
3972,1,1,16.55,16.551511956989998,completed,16.562418987014098,12.418987014097382,10.662015914916992
3973,2,1,16.554166666666667,16.557138436008245,completed,16.573549702996388,19.383036329720937,10.626784324645996
3974,3,1,16.558333333333334,16.56240361800883,completed,16.57355887000449,15.225536671156448,10.347071647644043
3975,0,1,16.5625,16.567890041013015,dropped_dispatch_late,,,
3976,1,0,16.566666666666666,16.56789937900612,completed,16.579164960014168,12.498293347501743,10.420255661010742
3977,2,0,16.570833333333333,16.57354253900121,completed,16.584738278004806,13.90494467147363,10.614336013793945
3978,3,0,16.575,16.57915944000706,completed,16.59032039300655,15.320393006550859,10.591456413269043
3979,0,0,16.579166666666666,16.58473269699607,dropped_dispatch_late,,,
3980,1,1,16.583333333333332,16.5847466539999,completed,16.595648093993077,12.314760659744906,10.538911819458008
3981,2,1,16.5875,16.59031378000509,completed,16.600993097992614,13.493097992615333,10.51200008392334
3982,3,1,16.591666666666665,16.595642563013826,completed,16.607240617013304,15.573950346638554,10.51574420928955
3983,0,1,16.59583333333333,16.600987598008942,dropped_dispatch_late,,,
3984,1,0,16.6,16.601001444010762,completed,16.60723019699799,7.230196997987548,5.881728172302246
3985,2,0,16.604166666666668,16.607225126994308,completed,16.62286648200825,18.699815341580717,10.4399995803833
3986,3,0,16.608333333333334,16.61252587698982,dropped_dispatch_late,,,
3987,0,0,16.6125,16.612532088998705,completed,16.627926854998805,15.426854998803918,15.109472274780273
3988,1,1,16.616666666666667,16.617672204010887,completed,16.63326217100257,16.5955043359034,15.095968246459961
3989,2,1,16.620833333333334,16.62285853701178,completed,16.638911793997977,18.07846066464336,12.157279968261719
3990,3,1,16.625,16.627921345003415,completed,16.63892193301581,13.921933015808463,10.641568183898926
3991,0,1,16.629166666666666,16.633255758992163,completed,16.64949365699431,20.326990327642847,10.623519897460938
3992,1,0,16.633333333333333,16.638905121013522,dropped_dispatch_late,,,
3993,2,0,16.6375,16.638928255008068,completed,16.654529783991165,17.02978399116617,10.747136116027832
3994,3,0,16.641666666666666,16.64432573900558,completed,16.659684015990933,18.017349324267684,15.18553638458252
3995,0,0,16.645833333333332,16.649488205992384,completed,16.66993890699814,24.10557366480859,15.361696243286133
3996,1,1,16.65,16.65452303100028,dropped_dispatch_late,,,
3997,2,1,16.654166666666665,16.65453801001422,completed,16.67519637499936,21.02970833269424,15.429183959960938
3998,3,1,16.65833333333333,16.65967639099108,completed,16.675207255990244,16.87392265691301,15.240447998046875
3999,0,1,16.6625,16.664759959006915,completed,16.685637029993813,23.137029993812064,15.433728218078613
4000,1,0,16.666666666666668,16.66993331699632,completed,16.685648842016235,18.982175349567143,15.348511695861816
4001,2,0,16.670833333333334,16.67518890099018,dropped_dispatch_late,,,
4002,3,0,16.675,16.675213658018038,completed,16.69088729401119,15.887294011189823,15.420448303222656
4003,0,0,16.679166666666667,16.68041762401117,completed,16.70129232099862,22.12565433195124,15.370112419128418
4004,1,1,16.683333333333334,16.685631478991127,completed,16.70130246001645,17.969126683116343,15.419039726257324
4005,2,1,16.6875,16.690880139998626,completed,16.711931942991214,24.431942991213873,15.617695808410645
4006,3,1,16.691666666666666,16.696042868017685,dropped_dispatch_late,,,
4007,0,1,16.695833333333333,16.696050311991712,completed,16.711921262991382,16.08792965804895,15.626144409179688
4008,1,0,16.7,16.70128699101042,completed,16.71722590000718,17.225900007179717,15.501119613647461
4009,2,0,16.704166666666666,16.706633166992106,completed,16.722506241989322,18.339575322656287,15.387231826782227
4010,3,0,16.708333333333332,16.711914910993073,completed,16.727607492997777,19.274159664444568,14.799839973449707
4011,0,0,16.7125,16.71722034001141,dropped_dispatch_late,,,
4012,1,1,16.716666666666665,16.717235137999523,completed,16.73281082799076,16.144161324096018,15.411808013916016
4013,2,1,16.72083333333333,16.722499779018108,completed,16.738385228003608,17.551894670276624,15.627679824829102
4014,3,1,16.725,16.727600118989358,completed,16.738633047993062,13.633047993060643,10.862848281860352
4015,0,1,16.729166666666668,16.732805177016417,completed,16.749158102989895,19.99143632322742,11.030912399291992
4016,1,0,16.733333333333334,16.738378484995337,dropped_dispatch_late,,,
4017,2,0,16.7375,16.738623751007253,completed,16.75435292199836,16.852921998360415,15.365792274475098
4018,3,0,16.741666666666667,16.743973253993317,completed,16.759543402993586,17.876736326918774,15.148415565490723
4019,0,0,16.745833333333334,16.749152742995648,completed,16.769797042012215,23.96370867888109,15.380415916442871
4020,1,1,16.75,16.75434623900219,dropped_dispatch_late,,,
4021,2,1,16.754166666666666,16.754361068014987,completed,16.775101548992097,20.934882325430948,15.469632148742676
4022,3,1,16.758333333333333,16.759536269004457,completed,16.780475689010927,22.142355677594594,15.440447807312012
4023,0,1,16.7625,16.76463148900075,completed,16.780463675997453,17.96367599745352,15.47059154510498
4024,1,0,16.766666666666666,16.7697917020123,completed,16.78585287401802,19.186207351353346,10.900447845458984
4025,2,0,16.770833333333332,16.775094275013544,dropped_dispatch_late,,,
4026,3,0,16.775,16.775109784997767,completed,16.791094340995187,16.09434099518836,10.699968338012695
4027,0,0,16.779166666666665,16.780458135006484,completed,16.796181184996385,17.01451832972012,10.653311729431152
4028,1,1,16.78333333333333,16.78584631200647,completed,16.80141404599999,18.080712666659338,14.5763521194458
4029,2,1,16.7875,16.79108738800278,completed,16.806680992012843,19.18099201284207,15.297087669372559
4030,3,1,16.791666666666668,16.796175675000995,dropped_dispatch_late,,,
4031,0,1,16.795833333333334,16.796190423017833,completed,16.811970180016942,16.13684668360804,15.286815643310547
4032,1,0,16.8,16.80140749400016,completed,16.817368274991168,17.368274991167,10.602272033691406
4033,2,0,16.804166666666667,16.80667404900305,completed,16.822628647991223,18.46198132455612,10.649663925170898
4034,3,0,16.808333333333334,16.81196419900516,completed,16.82854916600627,20.215832672935363,10.567999839782715
4035,0,0,16.8125,16.817362674017204,dropped_dispatch_late,,,
4036,1,1,16.816666666666666,16.817377272003796,completed,16.82853449799586,11.867831329194445,10.614080429077148
4037,2,1,16.820833333333333,16.82262207599706,completed,16.8342332940083,13.399960674966849,5.868447780609131
4038,3,1,16.825,16.828527625009883,completed,16.83974242999102,14.7424299910206,5.867040157318115
4039,0,1,16.829166666666666,16.834227774001192,dropped_dispatch_late,,,
4040,1,0,16.833333333333332,16.83424226101488,completed,16.8452109490172,11.87761568386847,5.788703918457031
4041,2,0,16.8375,16.839735777990427,completed,16.855506157007767,18.00615700776831,14.062432289123535
4042,3,0,16.841666666666665,16.845205388002796,completed,16.86092819800251,19.261531335846627,15.250335693359375
4043,0,0,16.84583333333333,16.85035181499552,dropped_dispatch_late,,,
4044,1,1,16.85,16.85035866801627,completed,16.866351389995543,16.351389995541865,10.800800323486328
4045,2,1,16.854166666666668,16.855499363999115,completed,16.871627193002496,17.460526335828064,10.758848190307617
4046,3,1,16.858333333333334,16.86092080399976,completed,16.871636340016266,13.30300668293205,10.529791831970215
4047,0,1,16.8625,16.866346201015403,completed,16.877101062011207,14.601062011205812,10.586432456970215
4048,1,0,16.866666666666667,16.871620751015143,dropped_dispatch_late,,,
4049,2,0,16.870833333333334,16.87164236200624,completed,16.88243501499528,11.601681661947083,10.593503952026367
4050,3,0,16.875,16.877095200994518,completed,16.893025494005997,18.025494005996734,10.496000289916992
4051,0,0,16.879166666666666,16.882430116005708,completed,16.89822750701569,19.060840349023778,10.640735626220703
4052,1,1,16.883333333333333,16.887710868002614,dropped_dispatch_late,,,
4053,2,1,16.8875,16.88771783100674,completed,16.903484444017522,15.984444017522748,11.956640243530273
4054,3,1,16.891666666666666,16.893017989990767,completed,16.90881697399891,17.150307332244097,10.652000427246094
4055,0,1,16.895833333333332,16.898222056013765,completed,16.914185542991618,18.352209658285545,10.80031967163086
4056,1,0,16.9,16.903477710991865,completed,16.919674470991595,19.674470991596138,10.618464469909668
4057,2,0,16.904166666666665,16.90880959999049,dropped_dispatch_late,,,
4058,3,0,16.90833333333333,16.9088242680009,completed,16.919691652990878,11.35831965754619,10.64089584350586
4059,0,0,16.9125,16.914179732004413,completed,16.930149861000245,17.649861000244016,10.651424407958984
4060,1,1,16.916666666666668,16.919667937996564,completed,16.935464957990916,18.798291324248595,11.90227222442627
4061,2,1,16.920833333333334,16.924985079007456,completed,16.940778092015535,19.94475868220036,15.166943550109863
4062,3,1,16.925,16.930144431011286,dropped_dispatch_late,,,
4063,0,1,16.929166666666667,16.930158928007586,completed,16.946286986989435,17.120320322767668,10.692288398742676
4064,1,0,16.933333333333334,16.93545740400441,completed,16.946296114998404,12.962781665070366,10.524255752563477
4065,2,0,16.9375,16.94077088800259,completed,16.956824124994455,19.324124994454905,12.963968276977539
4066,3,0,16.941666666666666,16.946281576994807,dropped_dispatch_late,,,
4067,0,0,16.945833333333333,16.946302797994576,completed,16.962174439016962,16.341105683629564,14.769632339477539
4068,1,1,16.95,16.95154716001707,completed,16.96769490701263,17.694907012629102,10.524160385131836
4069,2,1,16.954166666666666,16.95681657100795,completed,16.96770543701132,13.538770344652562,10.693023681640625
4070,3,1,16.958333333333332,16.962168708996614,completed,16.973110355000244,14.777021666912304,10.517951965332031
4071,0,1,16.9625,16.96768925600918,dropped_dispatch_late,,,
4072,1,0,16.966666666666665,16.96771280100802,completed,16.978560028015636,11.893361348970899,10.601568222045898
4073,2,0,16.97083333333333,16.973103611991974,completed,16.984033446002286,13.200112668954489,10.670111656188965
4074,3,0,16.975,16.978553646011278,completed,16.989574342005653,14.574342005651886,10.663552284240723
4075,0,0,16.979166666666668,16.98402794598951,dropped_dispatch_late,,,
4076,1,1,16.983333333333334,16.98404193200986,completed,17.000091591995442,16.758258662108005,10.717408180236816
4077,2,1,16.9875,16.989567729993723,completed,17.005487543006893,17.987543006892537,15.374496459960938
4078,3,1,16.991666666666667,16.994772167003248,completed,17.005501859996002,13.835193329335027,10.56054401397705
4079,0,1,16.995833333333334,17.00008590199286,dropped_dispatch_late,,,
4080,1,0,17.0,17.00010229300824,completed,17.016272883018246,16.27288301824592,10.666912078857422
4081,2,0,17.004166666666666,17.00547728399397,completed,17.016283842996927,12.117176330260548,10.605152130126953
4082,3,0,17.008333333333333,17.010807820013724,completed,17.0216427440173,13.309410683966405,10.50550365447998
4083,0,0,17.0125,17.01626720200875,completed,17.032079049997265,19.57904999726523,15.253279685974121
4084,1,1,17.016666666666666,17.021635951008648,dropped_dispatch_late,,,
4085,2,1,17.020833333333332,17.021650648996,completed,17.037382536014775,16.549202681442665,15.201248168945312
4086,3,1,17.025,17.02677103600581,completed,17.04267994899419,17.679948994192785,10.580479621887207
4087,0,1,17.029166666666665,17.032073490001494,completed,17.04290971599403,13.743049327363366,10.641183853149414
4088,1,0,17.03333333333333,17.037375993008027,completed,17.048147226014407,14.813892681075913,10.363807678222656
4089,2,0,17.0375,17.042671142000472,dropped_dispatch_late,,,
4090,3,0,17.041666666666668,17.042901580018224,completed,17.058479224011535,16.812557344866974,10.575776100158691
4091,0,0,17.045833333333334,17.04814170501777,completed,17.063634968013503,17.801634680168377,15.16380786895752
4092,1,1,17.05,17.053287249989808,completed,17.06898000300862,18.98000300861824,15.247232437133789
4093,2,1,17.054166666666667,17.058472089993302,dropped_dispatch_late,,,
4094,3,1,17.058333333333334,17.058486407011515,completed,17.074331208015792,15.997874682458502,15.33523178100586
4095,0,1,17.0625,17.063629348005634,completed,17.079621559008956,17.121559008955956,10.905119895935059
4096,1,0,17.066666666666666,17.0689732299943,completed,17.084859660011716,18.192993345049757,10.67244815826416
4097,2,0,17.070833333333333,17.074323573993752,completed,17.090104653994786,19.271320661452762,14.767359733581543
4098,3,0,17.075,17.07961605800665,dropped_dispatch_late,,,
4099,0,0,17.079166666666666,17.079631077009253,completed,17.095185996993678,16.01933032701197,15.262687683105469
4100,1,1,17.083333333333332,17.08485308699892,completed,17.100462241010973,17.12890767764108,15.167967796325684
4101,2,1,17.0875,17.090097380016232,completed,17.10579333800706,18.293338007062232,15.407360076904297
4102,3,1,17.091666666666665,17.095180467003956,completed,17.111118916014675,19.452249348010042,12.041983604431152
4103,0,1,17.09583333333333,17.100456670013955,dropped_dispatch_late,,,
4104,1,0,17.1,17.10047091700835,completed,17.116388435999397,16.388435999395767,14.891231536865234
4105,2,0,17.104166666666668,17.105785382998874,completed,17.121562496002298,17.395829335629998,12.589728355407715
4106,3,0,17.108333333333334,17.11111174200778,completed,17.12673275801353,18.399424680197285,14.689824104309082
4107,0,0,17.1125,17.11638142299489,completed,17.131975007010624,19.475007010623102,15.346303939819336
4108,1,1,17.116666666666667,17.12155559301027,dropped_dispatch_late,,,
4109,2,1,17.120833333333334,17.121570791990962,completed,17.142525941017084,21.692607683750253,15.436415672302246
4110,3,1,17.125,17.12672541401116,completed,17.142536981991725,17.536981991725042,15.26147174835205
4111,0,1,17.129166666666666,17.131969186011702,completed,17.147771696996642,18.605030329975847,15.441408157348633
4112,1,0,17.133333333333333,17.137157773016952,completed,17.153148671000963,19.815337667630217,10.739551544189453
4113,2,0,17.1375,17.14251865699771,dropped_dispatch_late,,,
4114,3,0,17.141666666666666,17.142543073015986,completed,17.158253199013416,16.586532346750005,12.600000381469727
4115,0,0,17.145833333333332,17.14776621601777,completed,17.168480518012075,22.647184678742605,15.332799911499023
4116,1,1,17.15,17.153142138995463,completed,17.173814982001204,23.814982001205465,15.320159912109375
4117,2,1,17.154166666666665,17.158245583996177,completed,17.179058253008407,24.8915863417416,15.666720390319824
4118,3,1,17.15833333333333,17.16332251901622,dropped_dispatch_late,,,
4119,0,1,17.1625,17.163330003008014,completed,17.1843652749958,21.865274995796824,15.623680114746094
4120,1,0,17.166666666666668,17.168475047015818,completed,17.184374723001383,17.708056334715394,15.529664039611816
4121,2,0,17.170833333333334,17.173808469990036,completed,17.19479045001208,23.957116678744228,15.589344024658203
4122,3,0,17.175,17.17905113901361,completed,17.194801691017346,19.801691017345746,15.491456031799316
4123,0,0,17.179166666666667,17.18435999500798,dropped_dispatch_late,,,
4124,1,1,17.183333333333334,17.18438348901691,completed,17.205196107999654,21.862774666320917,15.495519638061523
4125,2,1,17.1875,17.18965542499791,completed,17.210489785007667,22.989785007666796,15.427647590637207
4126,3,1,17.191666666666666,17.194783737009857,completed,17.210499923996395,18.83325732972807,15.468992233276367
4127,0,1,17.195833333333333,17.199910477007506,completed,17.215815142000793,19.98180866745969,15.589152336120605
4128,1,0,17.2,17.20518940500915,dropped_dispatch_late,,,
4129,2,0,17.204166666666666,17.20520518498961,completed,17.221117495006183,16.950828339517443,15.60364818572998
4130,3,0,17.208333333333332,17.210482952010352,completed,17.226241018011933,17.907684678601044,12.05942440032959
4131,0,0,17.2125,17.215809501009062,completed,17.236608773993794,24.108773993795296,15.688863754272461
4132,1,1,17.216666666666665,17.22111084201606,dropped_dispatch_late,,,
4133,2,1,17.22083333333333,17.22112560001551,completed,17.24183058401104,20.99725067770919,17.954496383666992
4134,3,1,17.225,17.226233813998988,completed,17.241840342991054,16.840342991052637,15.437760353088379
4135,0,1,17.229166666666668,17.231393877009396,completed,17.252180176001275,23.013509334607107,15.545920372009277
4136,1,0,17.233333333333334,17.236603252997156,completed,17.257468652009265,24.135318675931217,15.47929573059082
4137,2,0,17.2375,17.241822879994288,dropped_dispatch_late,,,
4138,3,0,17.241666666666667,17.241846824996173,completed,17.262528976018075,20.86230935140776,15.613984107971191
4139,0,0,17.245833333333334,17.24710822000634,completed,17.26770360599039,21.870272657057654,15.542624473571777
4140,1,1,17.25,17.2521747550054,completed,17.27319916599663,23.199165996629745,15.597472190856934
4141,2,1,17.254166666666666,17.2574617890059,completed,17.278462656016927,24.295989350260783,15.81436824798584
4142,3,1,17.258333333333333,17.2625210910046,dropped_dispatch_late,,,
4143,0,1,17.2625,17.262536360009108,completed,17.283831295004347,21.33129500434805,20.367263793945312
4144,1,0,17.266666666666666,17.267698657000437,completed,17.28917904398986,22.512377323195665,15.693632125854492
4145,2,0,17.270833333333332,17.273190901003545,completed,17.289190134993987,18.35680166065501,15.566143989562988
4146,3,0,17.275,17.278455341991503,completed,17.294451190013206,19.451190013207054,15.621312141418457
4147,0,0,17.279166666666665,17.283825624006568,dropped_dispatch_late,,,
4148,1,1,17.28333333333333,17.28384098300012,completed,17.299731881998014,16.398548664682266,15.5217924118042
4149,2,1,17.2875,17.289173502998892,completed,17.30499560100725,17.495601007247785,15.595871925354004
4150,3,1,17.291666666666668,17.29444257300929,completed,17.310264200001257,18.59753333458869,15.550623893737793
4151,0,1,17.295833333333334,17.299725088989362,completed,17.32072406099178,24.89072765844469,15.65932846069336
4152,1,0,17.3,17.304988007002976,dropped_dispatch_late,,,
4153,2,0,17.304166666666667,17.305003607005347,completed,17.325870839005802,21.704172339134686,15.624159812927246
4154,3,0,17.308333333333334,17.310256836004555,completed,17.331176869018236,22.843535684902605,15.484831809997559
4155,0,0,17.3125,17.315565661992878,completed,17.336447801993927,23.947801993926987,15.612799644470215
4156,1,1,17.316666666666666,17.320718611008488,completed,17.341734957008157,25.068290341490496,15.602304458618164
4157,2,1,17.320833333333333,17.32586350501515,dropped_dispatch_late,,,
4158,3,1,17.325,17.325879184994847,completed,17.341745145997265,16.745145997266064,15.618783950805664
4159,0,1,17.329166666666666,17.33116967501701,completed,17.34705091599608,17.884249329412683,15.515487670898438
4160,1,0,17.333333333333332,17.33644251199439,completed,17.359869929001434,26.536595668101626,15.45644760131836
4161,2,0,17.3375,17.341728144005174,dropped_dispatch_late,,,
4162,3,0,17.341666666666665,17.341751097002998,completed,17.359883174009155,18.216507342490473,15.58732795715332
4163,0,0,17.34583333333333,17.34704529499868,completed,17.359860299999127,14.026966665795726,10.801952362060547
4164,1,1,17.35,17.3520794280048,completed,17.359876631002408,9.8766310024061,7.452608108520508
4165,2,1,17.354166666666668,17.35985420900397,dropped_dispatch_late,,,
4166,3,1,17.358333333333334,17.360121917008655,completed,17.375651590002235,17.318256668900744,15.06611156463623
4167,0,1,17.3625,17.365239720005775,completed,17.380878850002773,18.378850002772396,15.233087539672852
4168,1,0,17.366666666666667,17.3704266929999,completed,17.386192044010386,19.52537734371873,15.234975814819336
4169,2,0,17.370833333333334,17.375644226005534,dropped_dispatch_late,,,
4170,3,0,17.375,17.375658892997308,completed,17.391371222998714,16.371222998714074,10.959487915039062
4171,0,0,17.379166666666666,17.380873520014575,completed,17.396710745990276,17.544079323609907,15.239392280578613
4172,1,1,17.383333333333333,17.38618557099835,completed,17.402012208011,18.67887467766849,10.531071662902832
4173,2,1,17.3875,17.391363928996725,completed,17.407234810001682,19.7348100016832,10.692192077636719
4174,3,1,17.391666666666666,17.396705285995267,dropped_dispatch_late,,,
4175,0,1,17.395833333333332,17.396719804004533,completed,17.41244003799511,16.606704661779048,13.713055610656738
4176,1,0,17.4,17.40200568601722,completed,17.41764592801337,17.645928013372725,11.866687774658203
4177,2,0,17.404166666666665,17.407227716001216,completed,17.422790161013836,18.623494347171032,15.270527839660645
4178,3,0,17.40833333333333,17.412434547994053,completed,17.428033411008073,19.70007767474158,15.377311706542969
4179,0,0,17.4125,17.4176403869933,dropped_dispatch_late,,,
4180,1,1,17.416666666666668,17.417654794990085,completed,17.438505065016216,21.838398349547816,15.464735984802246
4181,2,1,17.420833333333334,17.42278345799423,completed,17.438514533016132,17.68119968279791,15.471712112426758
4182,3,1,17.425,17.428023321990622,completed,17.44375063001644,18.750630016437952,15.5131196975708
4183,0,1,17.429166666666667,17.433232579001924,completed,17.44896824200987,19.801575343201705,15.558815956115723
4184,1,0,17.433333333333334,17.438497410010314,dropped_dispatch_late,,,
4185,2,0,17.4375,17.43852124598925,completed,17.459086434013443,21.586434013443068,20.356800079345703
4186,3,0,17.441666666666666,17.443743365991395,completed,17.46412106900243,22.454402335764456,15.529919624328613
4187,0,0,17.445833333333333,17.44896265200805,completed,17.4698983039998,24.064970666465513,15.701024055480957
4188,1,1,17.45,17.45400081301341,completed,17.46990895399358,19.908953993581946,15.587615966796875
4189,2,1,17.454166666666666,17.4590788600035,dropped_dispatch_late,,,
4190,3,1,17.458333333333332,17.45909447001759,completed,17.475304794992553,16.97146165922092,15.395487785339355
4191,0,1,17.4625,17.464114005008014,completed,17.480613569990965,18.113569990966027,15.311488151550293
4192,1,0,17.466666666666665,17.4698929740116,completed,17.48583611199865,19.169445331986168,10.892607688903809
4193,2,0,17.47083333333333,17.475297600991325,dropped_dispatch_late,,,
4194,3,0,17.475,17.475312188995304,completed,17.49113815400051,16.13815400050811,15.378047943115234
4195,0,0,17.479166666666668,17.480608090001624,completed,17.49640687298961,17.240206322941987,15.443327903747559
4196,1,1,17.483333333333334,17.48582977001206,completed,17.50184139801422,18.50806468088706,15.422847747802734
4197,2,1,17.4875,17.491130900016287,completed,17.507188365008915,19.688365008914133,15.499327659606934
4198,3,1,17.491666666666667,17.49640149300103,dropped_dispatch_late,,,
4199,0,1,17.495833333333334,17.496416091016727,completed,17.512487892992795,16.654559659460944,10.77235221862793
4200,1,0,17.5,17.501834685012,completed,17.517805554991355,17.805554991355166,10.618176460266113
4201,2,0,17.504166666666666,17.507181091990788,completed,17.522882370016305,18.715703349638346,10.821599960327148
4202,3,0,17.508333333333333,17.512482543010265,completed,17.52812945799087,19.796124657538883,15.207008361816406
4203,0,0,17.5125,17.517799783992814,dropped_dispatch_late,,,
4204,1,1,17.516666666666666,17.517814813007135,completed,17.533397576014977,16.73090934831123,15.345312118530273
4205,2,1,17.520833333333332,17.52287584799342,completed,17.538676104013575,17.842770680243092,15.3439359664917
4206,3,1,17.525,17.528122023999458,completed,17.54389755401644,18.897554016440665,15.382207870483398
4207,0,1,17.529166666666665,17.533392126002582,dropped_dispatch_late,,,
4208,1,0,17.53333333333333,17.533407144015655,completed,17.54908827401232,15.754940678988305,15.335807800292969
4209,2,0,17.5375,17.538669450994348,completed,17.559118950011907,21.618950011905724,15.435872077941895
4210,3,0,17.541666666666668,17.543890339991776,completed,17.564177921012742,22.511254346074594,15.407872200012207
4211,0,0,17.545833333333334,17.549082743993495,completed,17.569788218999747,23.954885666412906,15.531295776367188
4212,1,1,17.55,17.55408815300325,completed,17.5697991400084,19.799140008398552,15.427071571350098
4213,2,1,17.554166666666667,17.559111506008776,dropped_dispatch_late,,,
4214,3,1,17.558333333333334,17.55912717600586,completed,17.575080764014274,16.74743068094031,15.395487785339355
4215,0,1,17.5625,17.564170797006227,completed,17.58031993699842,17.819936998421326,15.356351852416992
4216,1,0,17.566666666666666,17.56978277899907,completed,17.585580681014108,18.91401434744111,15.354399681091309
4217,2,0,17.570833333333333,17.57507349998923,dropped_dispatch_late,,,
4218,3,0,17.575,17.57508816799964,completed,17.590789726004004,15.789726004005189,15.30294418334961
4219,0,0,17.579166666666666,17.580314396007452,completed,17.595869276003214,16.70260933654788,15.275936126708984
4220,1,1,17.583333333333332,17.585573677002685,completed,17.60154777401476,18.214440681429522,15.359007835388184
4221,2,1,17.5875,17.590782553015742,completed,17.60680061299354,19.3006129935398,12.730175971984863
4222,3,1,17.591666666666665,17.595863766007824,dropped_dispatch_late,,,
4223,0,1,17.59583333333333,17.595878344000084,completed,17.612100191006903,16.266857673571167,10.852191925048828
4224,1,0,17.6,17.601541140989866,completed,17.61744979399373,17.449793993726814,10.565567970275879
4225,2,0,17.604166666666668,17.606793749990175,completed,17.622545994992834,18.379328326165734,10.611359596252441
4226,3,0,17.608333333333334,17.612094851006987,completed,17.627790368016576,19.457034683242114,13.692864418029785
4227,0,0,17.6125,17.617444233008428,dropped_dispatch_late,,,
4228,1,1,17.616666666666667,17.617458761000307,completed,17.633093131997157,16.426465330489748,15.348928451538086
4229,2,1,17.620833333333334,17.622537790011847,completed,17.638332445989363,17.499112656029325,15.383744239807129
4230,3,1,17.625,17.62778333501774,completed,17.64355884399265,18.55884399265051,15.352319717407227
4231,0,1,17.629166666666666,17.633087380992947,completed,17.648755396017805,19.588729351138312,15.455904006958008
4232,1,0,17.633333333333333,17.638325883017387,dropped_dispatch_late,,,
4233,2,0,17.6375,17.63834064101684,completed,17.65888714400353,21.387144003529812,15.443679809570312
4234,3,0,17.641666666666666,17.643551410001237,completed,17.663995518989395,22.32885232272963,15.453215599060059
4235,0,0,17.645833333333332,17.64874978599255,completed,17.669135453004856,23.302119671523513,15.606687545776367
4236,1,1,17.65,17.653797575010685,completed,17.674128818995086,24.128818995087897,15.668352127075195
4237,2,1,17.654166666666665,17.65887998000835,dropped_dispatch_late,,,
4238,3,1,17.65833333333333,17.65889642201364,completed,17.683667641016655,25.33430768332323,20.424959182739258
4239,0,1,17.6625,17.663988404994598,completed,17.688681135012303,26.181135012301127,20.439903259277344
4240,1,0,17.666666666666668,17.669130202993983,completed,17.688690823008073,22.024156341405643,15.641983985900879
4241,2,0,17.670833333333334,17.674122386990348,completed,17.693517102015903,22.68376868256894,15.990976333618164
4242,3,0,17.675,17.678869424998993,completed,17.6983376799908,23.337679990799387,15.592960357666016
4243,0,0,17.679166666666667,17.68366032699123,dropped_dispatch_late,,,
4244,1,1,17.683333333333334,17.68367501499597,completed,17.70820699899923,24.873665665896993,20.264799118041992
4245,2,1,17.6875,17.688675634999527,completed,17.713202329003252,25.70232900325209,20.265439987182617
4246,3,1,17.691666666666666,17.693510659999447,completed,17.71851977100596,26.85310433929189,20.410911560058594
4247,0,1,17.695833333333333,17.698329805018147,completed,17.718507548008347,22.67421467501407,17.7873592376709
4248,1,0,17.7,17.70338156199432,completed,17.723657460999675,23.657460999675806,15.582240104675293
4249,2,0,17.704166666666666,17.7082004469994,completed,17.72887545399135,24.708787324684067,15.73305606842041
4250,3,0,17.708333333333332,17.713195235002786,dropped_dispatch_late,,,
4251,0,0,17.7125,17.71321027399972,completed,17.73927293601446,26.772936014459958,20.41814422607422
4252,1,1,17.716666666666665,17.718502227013232,completed,17.73928259499371,22.61592832704551,15.509984016418457
4253,2,1,17.72083333333333,17.723651048989268,completed,17.744499235006515,23.665901673183498,15.603263854980469
4254,3,1,17.725,17.728868280013558,completed,17.749674516991945,24.674516991943563,18.35750389099121
4255,0,1,17.729166666666668,17.734056315995986,dropped_dispatch_late,,,
4256,1,0,17.733333333333334,17.734064160991693,completed,17.75994081000681,26.60747667347607,20.304000854492188
4257,2,0,17.7375,17.73926741600735,completed,17.759960046998458,22.460046998457273,15.600288391113281
4258,3,0,17.741666666666667,17.744492511992576,completed,17.765029497008072,23.362830341405072,15.404447555541992
4259,0,0,17.745833333333334,17.74966747299186,completed,17.77013170000282,24.298366669487592,18.21891212463379
4260,1,1,17.75,17.75478532598936,dropped_dispatch_late,,,
4261,2,1,17.754166666666666,17.754793681990122,completed,17.78040221100673,26.235544340064365,20.30009651184082
4262,3,1,17.758333333333333,17.759934047004208,completed,17.780412280990276,22.078947656943626,15.727775573730469
4263,0,1,17.7625,17.765022403997136,completed,17.785625112999696,23.125112999696995,15.482175827026367
4264,1,0,17.766666666666666,17.770126429997617,completed,17.79083297701436,24.16631034769523,18.337919235229492
4265,2,0,17.770833333333332,17.77527229601401,dropped_dispatch_late,,,
4266,3,0,17.775,17.77528021100443,completed,17.801589622016763,26.589622016764736,20.454303741455078
4267,0,0,17.779166666666665,17.780395078007132,completed,17.80157768900972,22.411022343053588,15.848959922790527
4268,1,1,17.78333333333333,17.78561977299978,completed,17.80786363099469,24.53029766135728,15.586175918579102
4269,2,1,17.7875,17.790825944015523,completed,17.813110157992924,25.61015799292221,18.680288314819336
4270,3,1,17.791666666666668,17.796105924004223,dropped_dispatch_late,,,
4271,0,1,17.795833333333334,17.79611414001556,completed,17.81832511498942,22.49178165608612,15.53382396697998
4272,1,0,17.8,17.801571807998698,completed,17.823582693003118,23.582693003117328,15.507007598876953
4273,2,0,17.804166666666667,17.807856917992467,completed,17.829044609010452,24.877942343785264,15.531167984008789
4274,3,0,17.808333333333334,17.81310306501109,dropped_dispatch_late,,,
4275,0,0,17.8125,17.81311775301583,completed,17.839758051995886,27.25805199588649,20.305248260498047
4276,1,1,17.816666666666666,17.81831973500084,completed,17.839768091012957,23.101424346290145,15.736543655395508
4277,2,1,17.820833333333333,17.82357536899508,completed,17.84504351299256,24.210179659228004,15.554656028747559
4278,3,1,17.825,17.829037656018045,completed,17.850439594010822,25.439594010823185,16.9169921875
4279,0,1,17.829166666666666,17.834429498994723,dropped_dispatch_late,,,
4280,1,0,17.833333333333332,17.83443768500001,completed,17.855672225006856,22.338891673523875,15.481280326843262
4281,2,0,17.8375,17.839752552012214,completed,17.861180248990422,23.680248990423536,15.491711616516113
4282,3,0,17.841666666666665,17.845036079001147,completed,17.866611567005748,24.94490033908292,15.547231674194336
4283,0,0,17.84583333333333,17.850432491017273,dropped_dispatch_late,,,
4284,1,1,17.85,17.85044725899934,completed,17.877081036014715,27.08103601471379,20.287519454956055
4285,2,1,17.854166666666668,17.85566672499408,completed,17.877090694993967,22.92402832729934,15.684191703796387
4286,3,1,17.858333333333334,17.861173636018066,completed,17.882598037016578,24.264703683243738,15.461983680725098
4287,0,1,17.8625,17.86660437300452,completed,17.88258671600488,20.086716004879435,15.711039543151855
4288,1,0,17.866666666666667,17.871842224005377,dropped_dispatch_late,,,
4289,2,0,17.870833333333334,17.872073573002126,completed,17.89330137099023,22.4680376568962,15.514847755432129
4290,3,0,17.875,17.877074112999253,completed,17.89331945500453,18.319455004530028,15.453791618347168
4291,0,0,17.879166666666666,17.88258093499462,completed,17.898589727003127,19.423060336460907,15.53331184387207
4292,1,1,17.883333333333333,17.887960594991455,dropped_dispatch_late,,,
4293,2,1,17.8875,17.887968299008207,completed,17.90382298899931,16.32298899930973,15.337504386901855
4294,3,1,17.891666666666666,17.893294768000487,completed,17.90898959399783,17.322927331164806,15.279680252075195
4295,0,1,17.895833333333332,17.898583936010255,completed,17.91423760401085,18.404270677518042,15.460736274719238
4296,1,0,17.9,17.903815414989367,completed,17.91951233500731,19.512335007313197,15.453536033630371
4297,2,0,17.904166666666665,17.908982170018135,dropped_dispatch_late,,,
4298,3,0,17.90833333333333,17.9089969380002,completed,17.924819247011328,16.485913677996678,15.536319732666016
4299,0,0,17.9125,17.914232153998455,completed,17.930209496989846,17.70949698984481,15.391327857971191
4300,1,1,17.916666666666668,17.91950564199942,completed,17.9354001180036,18.733451336931495,10.765151977539062
4301,2,1,17.920833333333334,17.92481166200014,completed,17.940659860003507,19.826526670172484,15.342975616455078
4302,3,1,17.925,17.93020421700203,dropped_dispatch_late,,,
4303,0,1,17.929166666666667,17.93021819301066,completed,17.945984835998388,16.818169331720867,15.263392448425293
4304,1,0,17.933333333333334,17.935393805993954,completed,17.951174895017175,17.841561683841434,10.802240371704102
4305,2,0,17.9375,17.940652705990942,completed,17.961513966991333,24.01396699133329,15.552384376525879
4306,3,0,17.941666666666666,17.945979115000227,dropped_dispatch_late,,,
4307,0,0,17.945833333333333,17.945994423993398,completed,17.96661317400867,20.779840675338335,15.521471977233887
4308,1,1,17.95,17.951168041996425,completed,17.971796961996006,21.79696199600656,15.431488037109375
4309,2,1,17.954166666666666,17.95625567800016,completed,17.97714449101477,22.97782434810358,15.542847633361816
4310,3,1,17.958333333333332,17.961506913998164,completed,17.977154510008404,18.821176675071882,15.449600219726562
4311,0,1,17.9625,17.966608125017956,completed,17.98274327701074,20.243277010742133,11.19222354888916
4312,1,0,17.966666666666665,17.971790339011932,dropped_dispatch_late,,,
4313,2,0,17.97083333333333,17.97180573901278,completed,17.988008460000856,17.17512666752441,10.950847625732422
4314,3,0,17.975,17.9771379790036,completed,17.993276468012482,18.276468012480507,10.641663551330566
4315,0,0,17.979166666666668,17.982737787009683,completed,17.99833450699225,19.16784032558283,15.413023948669434
4316,1,1,17.983333333333334,17.9880017870164,dropped_dispatch_late,,,
4317,2,1,17.9875,17.988016374991275,completed,18.008817691996228,21.31769199622724,15.420191764831543
4318,3,1,17.991666666666667,17.99326941400068,completed,18.01416587200947,22.49920534280392,15.468480110168457
4319,0,1,17.995833333333334,17.998329277004814,completed,18.01940462400671,23.571290673377376,15.700639724731445
4320,1,0,18.0,18.003538423014106,completed,18.01941529501346,19.4152950134594,15.6593599319458
4321,2,0,18.004166666666666,18.00881062899134,dropped_dispatch_late,,,
4322,3,0,18.008333333333333,18.008826367993606,completed,18.024684755015187,16.351421681854106,15.64310359954834
4323,0,0,18.0125,18.014158878999297,completed,18.03491702399333,22.417023993330787,15.53388786315918
4324,1,1,18.016666666666666,18.019399264012463,completed,18.04032504800125,23.658381334584533,15.530112266540527
4325,2,1,18.020833333333332,18.02467758199782,completed,18.045652388012968,24.819054679635855,15.509632110595703
4326,3,1,18.025,18.029751290014246,dropped_dispatch_late,,,
4327,0,1,18.029166666666665,18.029759005003143,completed,18.045641598000657,16.474931333991805,15.59164810180664
4328,1,0,18.03333333333333,18.03491151300841,completed,18.051023412001086,17.69007866775496,10.650079727172852
4329,2,0,18.0375,18.04031843499979,completed,18.05609682999784,18.596829997839848,15.569952011108398
4330,3,0,18.041666666666668,18.045635406015208,completed,18.06125458900351,19.587922336842922,15.230879783630371
4331,0,0,18.045833333333334,18.0510178609984,dropped_dispatch_late,,,
4332,1,1,18.05,18.05103670700919,completed,18.071427785005653,21.427785005652566,20.06928062438965
4333,2,1,18.054166666666667,18.056090057012625,completed,18.076701282989234,22.534616322566592,15.479583740234375
4334,3,1,18.058333333333334,18.061247495003045,completed,18.08194086700678,23.607533673445147,15.54911994934082
4335,0,1,18.0625,18.066298270015977,completed,18.08757302700542,25.073027005419135,15.658944129943848
4336,1,0,18.066666666666666,18.071421372995246,dropped_dispatch_late,,,
4337,2,0,18.070833333333333,18.071436371013988,completed,18.08758472901536,16.751395682028658,15.578656196594238
4338,3,0,18.075,18.07669454999268,completed,18.09281987400027,17.81987400027063,10.608415603637695
4339,0,0,18.079166666666666,18.081934034009464,completed,18.098023158992874,18.856492326207785,15.377056121826172
4340,1,1,18.083333333333332,18.087567495997064,dropped_dispatch_late,,,
4341,2,1,18.0875,18.087591741990764,completed,18.10857167901122,21.071679011221534,15.523327827453613
4342,3,1,18.091666666666665,18.092810867005028,completed,18.108582518994808,16.91585232814319,15.49942398071289
4343,0,1,18.09583333333333,18.098017648997484,completed,18.119232552009635,23.399218676303235,15.867263793945312
4344,1,0,18.1,18.103214981994824,completed,18.119243772991467,19.243772991465846,15.591487884521484
4345,2,0,18.104166666666668,18.10856446501566,dropped_dispatch_late,,,
4346,3,0,18.108333333333334,18.1085886110086,completed,18.12444816000061,16.114826667276816,15.488160133361816
4347,0,0,18.1125,18.113992126018275,completed,18.134637807990657,22.137807990656455,15.444992065429688
4348,1,1,18.116666666666667,18.11922717100242,completed,18.139830261992756,23.163595326089137,15.501376152038574
4349,2,1,18.120833333333334,18.124440946005052,completed,18.14516571801505,24.332384681716945,15.668255805969238
4350,3,1,18.125,18.129535695014056,dropped_dispatch_late,,,
4351,0,1,18.129166666666666,18.129543540009763,completed,18.150372530013556,21.20586334688923,15.447104454040527
4352,1,0,18.133333333333333,18.13463236700045,completed,18.15038262901362,17.049295680287457,15.335583686828613
4353,2,0,18.1375,18.139823820005404,completed,18.161134474998107,23.63447499810789,15.468064308166504
4354,3,0,18.141666666666666,18.145158675004495,completed,18.161145054997178,19.478388330512075,15.442272186279297
4355,0,0,18.145833333333332,18.150366228015628,dropped_dispatch_late,,,
4356,1,1,18.15,18.15039116499247,completed,18.16626552201342,16.265522013419798,10.800895690917969
4357,2,1,18.154166666666665,18.15572262299247,completed,18.17135481099831,17.188144331644395,15.249759674072266
4358,3,1,18.15833333333333,18.16112765201251,completed,18.176533529011067,18.200195677735564,15.228927612304688
4359,0,1,18.1625,18.166260232013883,completed,18.187063402991043,24.563402991041983,15.482208251953125
4360,1,0,18.166666666666668,18.17134821799118,dropped_dispatch_late,,,
4361,2,0,18.170833333333334,18.17136304601445,completed,18.192644294991624,21.81096165828933,15.522175788879395
4362,3,0,18.175,18.17652614499093,completed,18.192655346007086,17.655346007085626,10.711135864257812
4363,0,0,18.179166666666667,18.181834559014533,completed,18.197924325999338,18.75765933267104,10.782143592834473
4364,1,1,18.183333333333334,18.187058092997177,completed,18.203062095999485,19.72876266615131,11.0698881149292
4365,2,1,18.1875,18.192637000989635,dropped_dispatch_late,,,
4366,3,1,18.191666666666666,18.192661578010302,completed,18.21340562601108,21.73895934441461,15.464927673339844
4367,0,1,18.195833333333333,18.19791897601681,completed,18.218762583011994,22.92924967866128,15.499872207641602
4368,1,0,18.2,18.20305555401137,completed,18.218772883003112,18.77288300311264,15.519200325012207
4369,2,0,18.204166666666666,18.208185860014055,completed,18.22416675000568,20.000083339013486,15.647616386413574
4370,3,0,18.208333333333332,18.213397721003275,dropped_dispatch_late,,,
4371,0,0,18.2125,18.213413049990777,completed,18.22940716499579,16.90716499579281,15.631072044372559
4372,1,1,18.216666666666665,18.21875708299922,completed,18.234452809992945,17.786143326279813,14.92966365814209
4373,2,1,18.22083333333333,18.224159595993115,completed,18.24471691000508,23.883576671750006,15.627776145935059
4374,3,1,18.225,18.229401674994733,dropped_dispatch_late,,,
4375,0,1,18.229166666666668,18.229416282003513,completed,18.249809805012774,20.64313834610587,20.170368194580078
4376,1,0,18.233333333333334,18.234446207992733,completed,18.254968385008397,21.6350516750623,20.17852783203125
4377,2,0,18.2375,18.239533793006558,completed,18.260509170999285,23.009170999284123,15.69660758972168
4378,3,0,18.241666666666667,18.244709766004235,completed,18.26564287400106,23.97620733439254,15.248255729675293
4379,0,0,18.245833333333334,18.2498042639927,completed,18.271107734995894,25.274401662560564,15.842047691345215
4380,1,1,18.25,18.254961472004652,dropped_dispatch_late,,,
4381,2,1,18.254166666666666,18.25497723199078,completed,18.276516179990722,22.349513324055437,15.604607582092285
4382,3,1,18.258333333333333,18.260502527991775,completed,18.276526078989264,18.192745655930764,15.644415855407715
4383,0,1,18.2625,18.265635599993402,completed,18.282088476000354,19.588476000354405,15.63702392578125
4384,1,0,18.266666666666666,18.271102425002027,dropped_dispatch_late,,,
4385,2,0,18.270833333333332,18.27111745401635,completed,18.28760819201125,16.77485867791617,15.707903861999512
4386,3,0,18.275,18.276509616989642,completed,18.287853096990148,12.853096990149027,10.957887649536133
4387,0,0,18.279166666666665,18.28208331600763,completed,18.293383003008785,14.216336342119718,10.925151824951172
4388,1,1,18.28333333333333,18.287600957992254,dropped_dispatch_late,,,
4389,2,1,18.2875,18.287842237012228,completed,18.300490925990744,12.990925990742141,10.807295799255371
4390,3,1,18.291666666666668,18.293377241992857,completed,18.300504240993178,8.837574326509667,6.596159934997559
4391,0,1,18.295833333333334,18.300483983010054,dropped_dispatch_late,,,
4392,1,0,18.3,18.300511836016085,completed,18.311297865991946,11.2978659919456,10.550496101379395
4393,2,0,18.304166666666667,18.306039446993964,completed,18.32179072999861,17.624063331943773,15.291263580322266
4394,3,0,18.308333333333334,18.311292375990888,completed,18.32705480000004,18.721466666708153,10.47929573059082
4395,0,0,18.3125,18.316546036017826,completed,18.3321858580166,19.685858016600832,15.259743690490723
4396,1,1,18.316666666666666,18.32178409700282,dropped_dispatch_late,,,
4397,2,1,18.320833333333333,18.32179878500756,completed,18.338494652998634,17.661319665300823,15.217408180236816
4398,3,1,18.325,18.327047806989867,completed,18.338505023013568,13.505023013568263,10.568608283996582
4399,0,1,18.329166666666666,18.332180297991727,completed,18.338480266014813,9.313599348146795,5.916927814483643
4400,1,0,18.333333333333332,18.33847352300654,dropped_dispatch_late,,,
4401,2,0,18.3375,18.338512888003606,completed,18.34956755899475,12.067558994750982,5.98144006729126
4402,3,0,18.341666666666665,18.344311102991924,completed,18.359942448005313,18.275781338648045,10.401568412780762
4403,0,0,18.34583333333333,18.349561878014356,completed,18.365386952005792,19.55361867246097,15.178560256958008
4404,1,1,18.35,18.35475843999302,dropped_dispatch_late,,,
4405,2,1,18.354166666666668,18.354765624011634,completed,18.37218381400453,18.017147337861417,10.570655822753906
4406,3,1,18.358333333333334,18.359935215004953,completed,18.3721943339915,13.8610006581672,10.602848052978516
4407,0,1,18.3625,18.365381361014443,completed,18.37216980700032,9.669807000317832,6.277184009552002
4408,1,0,18.366666666666667,18.372162664018106,dropped_dispatch_late,,,
4409,2,0,18.370833333333334,18.3722017580003,completed,18.38332372700097,12.490393667636823,10.397055625915527
4410,3,0,18.375,18.377826173003996,completed,18.3887599640002,13.759964000200853,10.287775993347168
4411,0,0,18.379166666666666,18.38331813600962,completed,18.394307353009935,15.140686343269039,10.426079750061035
4412,1,1,18.383333333333333,18.38875152799301,dropped_dispatch_late,,,
4413,2,1,18.3875,18.389010600018082,completed,18.404585117998067,17.085117998068,10.789759635925293
4414,3,1,18.391666666666666,18.39430174199515,completed,18.409782752016326,18.116085349660693,10.720640182495117
4415,0,1,18.395833333333332,18.399356704991078,completed,18.414964285999304,19.130952665971535,12.841952323913574
4416,1,0,18.4,18.404578424990177,dropped_dispatch_late,,,
4417,2,0,18.404166666666665,18.404593243001727,completed,18.42017603700515,16.00937033848382,15.090080261230469
4418,3,0,18.40833333333333,18.40977565900539,completed,18.42533357499633,17.000241662998405,10.405920028686523
4419,0,0,18.4125,18.414958734996617,completed,18.430321170017123,17.8211700171218,15.053055763244629
4420,1,1,18.416666666666668,18.420169154007453,completed,18.440608633012744,23.941966346075816,15.122783660888672
4421,2,1,18.420833333333334,18.42532626100001,dropped_dispatch_late,,,
4422,3,1,18.425,18.42534088899265,completed,18.44581462300266,20.81462300266068,15.256223678588867
4423,0,1,18.429166666666667,18.43031583999982,completed,18.450909892999334,21.74322633266712,15.539008140563965
4424,1,0,18.433333333333334,18.435413774015615,completed,18.455972399999155,22.63906666582116,15.41823959350586
4425,2,0,18.4375,18.440602051006863,completed,18.461058582994156,23.558582994155586,15.609855651855469
4426,3,0,18.441666666666666,18.44580712899915,completed,18.466064653010108,24.397986343441147,15.506143569946289
4427,0,0,18.445833333333333,18.450904443016043,dropped_dispatch_late,,,
4428,1,1,18.45,18.450919722003164,completed,18.476381082000444,26.381082000444422,20.26838493347168
4429,2,1,18.454166666666666,18.455966840003384,completed,18.47639046999393,22.22380332726459,15.599648475646973
4430,3,1,18.458333333333332,18.46105188000365,completed,18.48157471799641,23.241384663077014,15.352319717407227
4431,0,1,18.4625,18.4660577000177,completed,18.48702799799503,24.527997995029693,15.942336082458496
4432,1,0,18.466666666666665,18.471152439014986,dropped_dispatch_late,,,
4433,2,0,18.47083333333333,18.471161015011603,completed,18.492798010003753,21.964676670421568,20.38652801513672
4434,3,0,18.475,18.47637445901637,completed,18.49751695501618,22.516955016179452,15.789216041564941
4435,0,0,18.479166666666668,18.48156732399366,completed,18.502134265989298,22.96759932263015,15.580512046813965
4436,1,1,18.483333333333334,18.487022738001542,completed,18.506877878011437,23.544544678102852,15.878975868225098
4437,2,1,18.4875,18.49221483198926,dropped_dispatch_late,,,
4438,3,1,18.491666666666667,18.49279116699472,completed,18.516471893992275,24.80522732560786,20.46131134033203
4439,0,1,18.495833333333334,18.49750987099833,completed,18.521309503994416,25.476170661082875,20.526880264282227
4440,1,0,18.5,18.50212903600186,completed,18.526153757004067,26.1537570040673,20.544960021972656
4441,2,0,18.504166666666666,18.50687172601465,completed,18.52616271399893,21.996047332262236,17.04534339904785
4442,3,0,18.508333333333333,18.511684229015373,completed,18.530775858002016,22.44252466868346,15.57862377166748
4443,0,0,18.5125,18.5164644200122,completed,18.53549509300501,22.99509300501157,15.81123161315918
4444,1,1,18.516666666666666,18.52130263100844,dropped_dispatch_late,,,
4445,2,1,18.520833333333332,18.52131971399649,completed,18.54511161200935,24.27827867601806,20.662303924560547
4446,3,1,18.525,18.52614748501219,completed,18.55443936199299,29.43936199299202,20.500831604003906
4447,0,1,18.529166666666665,18.530768554017413,completed,18.55910084801144,29.934181344774657,20.57360076904297
4448,1,0,18.53333333333333,18.535489813017193,completed,18.563751002016943,30.41766868361151,24.4619197845459
4449,2,0,18.5375,18.540300441993168,completed,18.563759999000467,26.25999900046594,15.799296379089355
4450,3,0,18.541666666666668,18.54510424801265,completed,18.56844495900441,26.77829233774176,15.695232391357422
4451,0,0,18.545833333333334,18.54981640999904,completed,18.577975555002922,32.14222166958791,20.31622314453125
4452,1,1,18.55,18.554431797994766,dropped_dispatch_late,,,
4453,2,1,18.554166666666667,18.5544472070178,completed,18.582825429009972,28.658762343305,20.404895782470703
4454,3,1,18.558333333333334,18.559095397999045,completed,18.587843551998958,29.51021866562442,20.540512084960938
4455,0,1,18.5625,18.5637446299952,completed,18.592636317014694,30.136317014694214,15.8306884765625
4456,1,0,18.566666666666666,18.568437996000284,completed,18.59749842400197,30.831757335302967,28.082015991210938
4457,2,0,18.570833333333333,18.57320856899605,completed,18.597507611004403,26.67427767107,15.899744033813477
4458,3,0,18.575,18.577969414007384,completed,18.607062493014382,32.06249301438291,15.812895774841309
4459,0,0,18.579166666666666,18.582818274997408,completed,18.6167095900164,37.54292334973286,20.71683120727539
4460,1,1,18.583333333333332,18.587836077989778,dropped_dispatch_late,,,
4461,2,1,18.5875,18.587851276010042,completed,18.62155680800788,34.056808007882466,20.688608169555664
4462,3,1,18.591666666666665,18.592630906001432,completed,18.626297334005358,34.63066733869269,17.487199783325195
4463,0,1,18.59583333333333,18.597491950989934,completed,18.630966654018266,35.13332068493469,15.795904159545898
4464,1,0,18.6,18.602207018993795,completed,18.630976303014904,30.97630301490284,26.314016342163086
4465,2,0,18.604166666666668,18.607055058993865,completed,18.640494324994506,36.32765832783846,20.47110366821289
4466,3,0,18.608333333333334,18.611902538017603,completed,18.645302729011746,36.96939567841184,20.486400604248047
4467,0,0,18.6125,18.616704300016863,dropped_dispatch_late,,,
4468,1,1,18.616666666666667,18.616719337995164,completed,18.64999165700283,33.324990336161875,20.327423095703125
4469,2,1,18.620833333333334,18.621549845003756,completed,18.65459943099995,33.76609766661787,15.59398365020752
4470,3,1,18.625,18.626289909996558,completed,18.65957381098997,34.57381098996848,15.579999923706055
4471,0,1,18.629166666666666,18.630961114016827,completed,18.664759892999427,35.59322633276096,33.47868728637695
4472,1,0,18.633333333333333,18.635722008999437,completed,18.671569969999837,38.2366366665039,20.503135681152344
4473,2,0,18.6375,18.640487271011807,completed,18.679914592998102,42.41459299810302,20.44483184814453
4474,3,0,18.641666666666666,18.645295165013522,completed,18.68497494701296,43.30828034629519,20.58639907836914
4475,0,0,18.645833333333332,18.64998533501057,completed,18.68986561699421,44.0322836608793,20.574079513549805
4476,1,1,18.65,18.65459222701611,dropped_dispatch_late,,,
4477,2,1,18.654166666666665,18.65460766601609,completed,18.694698909006547,40.532242339882174,15.718367576599121
4478,3,1,18.65833333333333,18.659238975000335,dropped_queue_full,,,
4479,0,1,18.6625,18.662534525006777,dropped_queue_full,,,
4480,1,0,18.666666666666668,18.66681236200384,completed,18.69962984698941,32.96318032274215,26.084192276000977
4481,2,0,18.670833333333334,18.671563518000767,dropped_queue_full,,,
4482,3,0,18.675,18.67506396799581,completed,18.704421310016187,29.421310016186197,20.738719940185547
4483,0,0,18.679166666666667,18.67990760001703,completed,18.709268898994196,30.102232327529066,20.760639190673828
4484,1,1,18.683333333333334,18.684967092005536,completed,18.714111358014634,30.77802468130031,15.728256225585938
4485,2,1,18.6875,18.68986042801407,completed,18.714120785996784,26.620785996783525,21.05072021484375
4486,3,1,18.691666666666666,18.69469189600204,completed,18.71890097699361,27.23431032694279,15.836992263793945
4487,0,1,18.695833333333333,18.69962321399362,completed,18.72827657801099,32.443244677658356,20.777536392211914
4488,1,0,18.7,18.704413685016334,dropped_dispatch_late,,,
4489,2,0,18.704166666666666,18.704429064004216,completed,18.733035800018115,28.86913335144925,20.53376007080078
4490,3,0,18.708333333333332,18.709263197990367,completed,18.737835097010247,29.50176367691526,20.541183471679688
4491,0,0,18.7125,18.714104996004608,completed,18.74746215599589,34.96215599589192,15.717503547668457
4492,1,1,18.716666666666665,18.71889397400082,completed,18.752089727000566,35.42306033390119,28.85798454284668
4493,2,1,18.72083333333333,18.72364948800532,completed,18.752098574012052,31.26524067872083,15.697152137756348
4494,3,1,18.725,18.7282710680156,completed,18.762432526011253,37.432526011251355,20.469823837280273
4495,0,1,18.729166666666668,18.733028916991316,completed,18.76705682100146,37.890154334792925,20.579744338989258
4496,1,0,18.733333333333334,18.737827523000306,dropped_dispatch_late,,,
4497,2,0,18.7375,18.737842872011242,completed,18.771698839002056,34.19883900205534,20.607328414916992
4498,3,0,18.741666666666667,18.742634955997346,completed,18.776486754999496,34.8200883328289,15.735551834106445
4499,0,0,18.745833333333334,18.747456935991067,completed,18.781434094009455,35.60076067612172,15.698559761047363
4500,1,1,18.75,18.752083205006784,completed,18.781443501997273,31.443501997273415,27.5262393951416
4501,2,1,18.754166666666666,18.75742964199162,completed,18.791366071993252,37.19940532658583,20.358047485351562
4502,3,1,18.758333333333333,18.762424631015165,completed,18.79625367699191,37.92034365857688,20.368288040161133
4503,0,1,18.7625,18.767051581002306,dropped_dispatch_late,,,
4504,1,0,18.766666666666666,18.767066578991944,completed,18.801161259994842,34.49459332817639,20.31395149230957
4505,2,0,18.770833333333332,18.77169224701356,completed,18.806180426006904,35.34709267357172,15.663840293884277
4506,3,0,18.775,18.776479330990696,completed,18.811187718005385,36.18771800538667,15.677696228027344
4507,0,0,18.779166666666665,18.781428654008778,completed,18.811176276009064,32.00960934239916,29.467744827270508
4508,1,1,18.78333333333333,18.786366945016198,completed,18.82127334800316,37.94001466982877,20.43008041381836
4509,2,1,18.7875,18.791359049006132,completed,18.829791750991717,42.29175099171556,20.443775177001953
4510,3,1,18.791666666666668,18.796246123005403,dropped_dispatch_late,,,
4511,0,1,18.795833333333334,18.7964742660115,completed,18.83171210900764,35.87877567430553,20.367103576660156
4512,1,0,18.8,18.801152744010324,completed,18.838456903002225,38.45690300222415,15.63651180267334
4513,2,0,18.804166666666667,18.80617293101386,completed,18.843446592014516,39.27992534784863,15.629471778869629
4514,3,0,18.808333333333334,18.81117077599629,completed,18.850560687016696,42.22735368336217,35.580448150634766
4515,0,0,18.8125,18.81610370700946,completed,18.85522612000932,42.72612000931986,20.38582420349121
4516,1,1,18.816666666666666,18.821266656013904,dropped_dispatch_late,,,
4517,2,1,18.820833333333333,18.821282435004832,dropped_queue_full,,,
4518,3,1,18.825,18.825056044006487,completed,18.85992705001263,34.92705001263019,10.842432022094727
4519,0,1,18.829166666666666,18.829784597008256,dropped_queue_full,,,
4520,1,0,18.833333333333332,18.833427467994625,completed,18.859916560002603,26.583226669270488,21.56867218017578
4521,2,0,18.8375,18.838450159993954,completed,18.869424613018055,31.924613018055936,25.983423233032227
4522,3,0,18.841666666666665,18.84343933800119,dropped_queue_full,,,
4523,0,0,18.84583333333333,18.84584013899439,completed,18.874346102995332,28.512769662000892,20.86252784729004
4524,1,1,18.85,18.850553252006648,completed,18.87929654700565,29.296547005650098,20.36636734008789
4525,2,1,18.854166666666668,18.855220780009404,completed,18.88428830000339,30.12163333672291,15.574912071228027
4526,3,1,18.858333333333334,18.85990990800201,completed,18.88924994599074,30.916612657406972,28.84886360168457
4527,0,1,18.8625,18.86456626400468,completed,18.893857479008147,31.357479008146782,16.165599822998047
4528,1,0,18.866666666666667,18.869417500012787,completed,18.903802162007196,37.135495340528735,19.702144622802734
4529,2,0,18.870833333333334,18.874339280009735,completed,18.90876439900603,37.93106567269788,20.378528594970703
4530,3,0,18.875,18.87928999500582,dropped_dispatch_late,,,
4531,0,0,18.879166666666666,18.8793054940179,completed,18.913658106001094,34.491439334427554,20.288480758666992
4532,1,1,18.883333333333333,18.88427851200686,completed,18.918654056004016,35.32072267068287,15.593567848205566
4533,2,1,18.8875,18.889242231991375,completed,18.92328745900886,35.787459008862044,15.694975852966309
4534,3,1,18.891666666666666,18.893852148990845,completed,18.92329673600034,31.63006933367285,26.414976119995117
4535,0,1,18.895833333333332,18.89869140301016,completed,18.933139154018136,37.30582068480359,20.48886489868164
4536,1,0,18.9,18.903795599006116,completed,18.93809008001699,38.090080016992545,20.561279296875
4537,2,0,18.904166666666665,18.908757725992473,dropped_dispatch_late,,,
4538,3,0,18.90833333333333,18.90877250401536,completed,18.943029993999517,34.69666066618515,20.337055206298828
4539,0,0,18.9125,18.913652715011267,completed,18.94795712499763,35.45712499762743,15.565279960632324
4540,1,1,18.916666666666668,18.918647584010614,completed,18.952552053990075,35.885387323407514,15.579232215881348
4541,2,1,18.920833333333334,18.923280506016454,completed,18.95256164201419,31.72830868085441,28.121631622314453
4542,3,1,18.925,18.92817117701634,completed,18.9617700559902,36.77005599019978,20.531648635864258
4543,0,1,18.929166666666667,18.93313352399855,completed,18.971571666013915,42.40499934724795,20.65558433532715
4544,1,0,18.933333333333334,18.938083618006203,dropped_dispatch_late,,,
4545,2,0,18.9375,18.938099027000135,completed,18.97254877301748,35.04877301747911,20.678239822387695
4546,3,0,18.941666666666666,18.943019183992874,completed,18.977452057995833,35.78539132916703,15.590880393981934
4547,0,0,18.945833333333333,18.947942155995406,completed,18.98408061999362,38.24728666028676,15.635807991027832
4548,1,1,18.95,18.952545651991386,completed,18.992349769017892,42.34976901789267,34.89593505859375
4549,2,1,18.954166666666666,18.957150510017527,completed,18.997030071011977,42.86340434531155,20.3472957611084
4550,3,1,18.958333333333332,18.961762421007734,completed,19.00174631999107,43.41298665773863,20.530303955078125
4551,0,1,18.9625,18.966421963006724,dropped_queue_full,,,
4552,1,0,18.966666666666665,18.966751789994305,completed,19.006807514990214,40.14084832354925,15.594559669494629
4553,2,0,18.97083333333333,18.971565815008944,dropped_queue_full,,,
4554,3,0,18.975,18.975064602011116,dropped_queue_full,,,
4555,0,0,18.979166666666668,18.979201440990437,completed,19.011619236000115,32.4525693334472,25.77779197692871
4556,1,1,18.983333333333334,18.9840750489966,dropped_queue_full,,,
4557,2,1,18.9875,18.987529892998282,completed,19.016362668015063,28.8626680150621,20.794815063476562
4558,3,1,18.991666666666667,18.992343287012773,completed,19.021092914015753,29.426247349086054,20.672992706298828
4559,0,1,18.995833333333334,18.9970225369907,completed,19.02592323999852,30.08990666518585,15.71072006225586
4560,1,0,19.0,19.001738365011988,completed,19.030650931992568,30.650931992568076,25.851232528686523
4561,2,0,19.004166666666666,19.00680087300134,completed,19.030660249001812,26.49358233514576,15.951071739196777
4562,3,0,19.008333333333333,19.011613404989475,completed,19.03535168201779,27.018348684457294,15.905695915222168
4563,0,0,19.0125,19.016355283994926,completed,19.045222895016195,32.72289501619596,20.442943572998047
4564,1,1,19.016666666666666,19.021085089014377,dropped_dispatch_late,,,
4565,2,1,19.020833333333332,19.021100799000124,completed,19.054773579002358,33.94024566902587,20.448287963867188
4566,3,1,19.025,19.025918010011083,completed,19.05945516200154,34.455162001542305,20.479583740234375
4567,0,1,19.029166666666665,19.030644459009636,completed,19.06414167501498,34.97500834831513,15.62281608581543
4568,1,0,19.03333333333333,19.035344217991224,completed,19.06415121399914,30.817880665807706,25.520639419555664
4569,2,0,19.0375,19.040106514992658,completed,19.07351429099799,36.01429099798992,20.603424072265625
4570,3,0,19.041666666666668,19.045216872997116,completed,19.078342041990254,36.67537532358622,20.803359985351562
4571,0,0,19.045833333333334,19.050066096009687,dropped_dispatch_late,,,
4572,1,1,19.05,19.05007418099558,completed,19.08310893800808,33.10893800808046,20.53443145751953
4573,2,1,19.054166666666667,19.05476641500718,completed,19.087976384995272,33.80971832860524,15.765119552612305
4574,3,1,19.058333333333334,19.059447458013892,completed,19.092828132008435,34.494798675101634,15.631232261657715
4575,0,1,19.0625,19.064136244996917,completed,19.097597974003293,35.09797400329262,32.931678771972656
4576,1,0,19.066666666666666,19.068803631991614,completed,19.102359409007477,35.69274234081021,20.53321647644043
4577,2,0,19.070833333333333,19.073507116991095,completed,19.107865379017312,37.03204568397922,20.51740837097168
4578,3,0,19.075,19.078334468009416,completed,19.11291513199103,37.91513199103136,20.71334457397461
4579,0,0,19.079166666666666,19.08310272701783,completed,19.12149404999218,42.32738332551378,20.66227149963379
4580,1,1,19.083333333333332,19.087969371990766,dropped_dispatch_late,,,
4581,2,1,19.0875,19.087984429992503,completed,19.126400030014338,38.90003001433939,15.789055824279785
4582,3,1,19.091666666666665,19.092820287012728,completed,19.13115235901205,39.48569234538368,15.557215690612793
4583,0,1,19.09583333333333,19.097592113015708,completed,19.135899757005973,40.06642367264135,15.597567558288574
4584,1,0,19.1,19.10235240601469,completed,19.14256751400535,42.56751400534853,36.029022216796875
4585,2,0,19.104166666666668,19.107371510996018,dropped_queue_full,,,
4586,3,0,19.108333333333334,19.10834682401037,dropped_queue_full,,,
4587,0,0,19.1125,19.112586798990378,dropped_queue_full,,,
4588,1,1,19.116666666666667,19.116686296998523,completed,19.14744161401177,30.77494734510111,5.959104061126709
4589,2,1,19.120833333333334,19.121488600008888,completed,19.14745122200111,26.617888667775702,21.461408615112305
4590,3,1,19.125,19.126393187005306,completed,19.152104742999654,27.104742999654263,21.409536361694336
4591,0,1,19.129166666666666,19.131144674000097,completed,19.161438244016608,32.27157734994179,26.211679458618164
4592,1,0,19.133333333333333,19.135894206992816,dropped_queue_full,,,
4593,2,0,19.1375,19.137658257997828,completed,19.166080443013925,28.580443013925816,20.415008544921875
4594,3,0,19.141666666666666,19.14256098199985,completed,19.170794247998856,29.12758133219029,20.425024032592773
4595,0,0,19.145833333333332,19.14743505101069,completed,19.180534771992825,34.70143865949282,15.64089584350586
4596,1,1,19.15,19.15209766899352,completed,19.185354228015058,35.354228015059164,28.64240074157715
4597,2,1,19.154166666666665,19.156752932991367,completed,19.190076839993708,35.91017332704283,20.349088668823242
4598,3,1,19.15833333333333,19.161432813998545,completed,19.190086448012153,31.753114678821248,15.776191711425781
4599,0,1,19.1625,19.166073129017605,completed,19.199467460013693,36.96746001369178,20.45404815673828
4600,1,0,19.166666666666668,19.17078632299672,completed,19.204182226007106,37.51555934043793,20.60291290283203
4601,2,0,19.170833333333334,19.1756019910099,dropped_dispatch_late,,,
4602,3,0,19.175,19.175609986996278,completed,19.209191222005757,34.19122200575586,20.624576568603516
4603,0,0,19.179166666666667,19.180529272009153,completed,19.21404305001488,34.876383348212414,15.758336067199707
4604,1,1,19.183333333333334,19.185348116006935,completed,19.21884846899775,35.515135664415,15.871968269348145
4605,2,1,19.1875,19.190069616015535,completed,19.21885734499665,31.357344996649772,27.773536682128906
4606,3,1,19.191666666666666,19.194810782995773,completed,19.22842599300202,36.75932633535339,20.74297523498535
4607,0,1,19.195833333333333,19.19946209900081,completed,19.23810286700609,42.26953367275854,20.947744369506836
4608,1,0,19.2,19.20417573399027,dropped_dispatch_late,,,
4609,2,0,19.204166666666666,19.20444640799542,completed,19.23923125001602,35.06458334935303,20.898176193237305
4610,3,0,19.208333333333332,19.20918339700438,completed,19.244127953017596,35.794619684264006,15.663167953491211
4611,0,0,19.2125,19.214037780009676,completed,19.25192750999122,39.42750999122069,15.815135955810547
4612,1,1,19.216666666666665,19.218841836001957,completed,19.259031726018293,42.36505935162782,35.334529876708984
4613,2,1,19.22083333333333,19.223672132007778,completed,19.263671801018063,42.83846768473154,20.63007926940918
4614,3,1,19.225,19.22841797801084,completed,19.26833263601293,43.33263601292714,20.58355140686035
4615,0,1,19.229166666666668,19.2330801350181,dropped_queue_full,,,
4616,1,0,19.233333333333334,19.23341077301302,completed,19.272971488011535,39.638154678200976,15.799776077270508
4617,2,0,19.2375,19.238097316003405,dropped_queue_full,,,
4618,3,0,19.241666666666667,19.2417622290086,dropped_queue_full,,,
4619,0,0,19.245833333333334,19.246009558002697,completed,19.27761483899667,31.781505663335707,25.765888214111328
4620,1,1,19.25,19.251921178016346,dropped_queue_full,,,
4621,2,1,19.254166666666666,19.254268276999937,completed,19.282283017993905,28.11635132723822,20.56729507446289
4622,3,1,19.258333333333333,19.259025114006363,completed,19.286920909013133,28.587575679800636,20.791488647460938
4623,0,1,19.2625,19.263664547004737,completed,19.29156205599429,29.06205599429157,15.780832290649414
4624,1,0,19.266666666666666,19.26832497099531,completed,19.30087560901302,34.20894234635341,25.788543701171875
4625,2,0,19.270833333333332,19.272964825999225,completed,19.305527135991724,34.69380265839206,20.765216827392578
4626,3,0,19.275,19.277609259006567,completed,19.311339687992586,36.339687992587244,20.774816513061523
4627,0,0,19.279166666666665,19.282275903999107,completed,19.311327233997872,32.16056733120709,15.88691234588623
4628,1,1,19.28333333333333,19.286913604999427,completed,19.320671505993232,37.33817265990069,20.123424530029297
4629,2,1,19.2875,19.291556734999176,completed,19.325303755991627,37.80375599162511,20.701663970947266
4630,3,1,19.291666666666668,19.29621857200982,dropped_dispatch_late,,,
4631,0,1,19.295833333333334,19.296226726990426,completed,19.32998738400056,34.15405066722599,20.567808151245117
4632,1,0,19.3,19.3008696679899,completed,19.334638258995255,34.638258995254745,15.663392066955566
4633,2,0,19.304166666666667,19.305520071997307,completed,19.339276140002767,35.109473336099484,15.743680000305176
4634,3,0,19.308333333333334,19.31132061200333,completed,19.339285638008732,30.95230467539878,26.9638729095459
4635,0,0,19.3125,19.316023385996232,completed,19.348920902993996,36.420902993995696,20.7508487701416
4636,1,1,19.316666666666666,19.320664914004738,completed,19.353958852996584,37.2921863299176,20.799392700195312
4637,2,1,19.320833333333333,19.325296843016986,dropped_dispatch_late,,,
4638,3,1,19.325,19.32531219199882,completed,19.359254995011725,34.25499501172524,20.583391189575195
4639,0,1,19.329166666666666,19.32998177301488,completed,19.36716818800778,38.00152134111556,15.686016082763672
4640,1,0,19.333333333333332,19.334631787001854,completed,19.371799576008925,38.466242675593065,15.713088035583496
4641,2,0,19.3375,19.339268826006446,completed,19.37495952899917,37.45952899917171,35.44611358642578
4642,3,0,19.341666666666665,19.343932224990567,completed,19.380649950006045,38.98328333938039,20.737823486328125
4643,0,0,19.34583333333333,19.348585444997298,dropped_queue_full,,,
4644,1,1,19.35,19.350032695016125,dropped_queue_full,,,
4645,2,1,19.354166666666668,19.354278320010053,completed,19.38997677800944,35.8101113427729,10.934271812438965
4646,3,1,19.358333333333334,19.358921872015344,dropped_queue_full,,,
4647,0,1,19.3625,19.362527271005092,completed,19.389964875997975,27.464875997974758,21.43827247619629
4648,1,0,19.366666666666667,19.36716285799048,completed,19.399241950013675,32.575283347007655,26.06643295288086
4649,2,0,19.370833333333334,19.37179313399247,dropped_queue_full,,,
4650,3,0,19.375,19.37512116599828,completed,19.403894228016725,28.89422801672481,20.99577522277832
4651,0,0,19.379166666666666,19.380640871997457,completed,19.408517200005008,29.350533338341478,20.447296142578125
4652,1,1,19.383333333333333,19.385299773013685,completed,19.41343934100587,30.10600767253635,15.596480369567871
4653,2,1,19.3875,19.389959104999434,completed,19.41803279699525,30.532796995249356,26.72550392150879
4654,3,1,19.391666666666666,19.394602966989623,completed,19.41804155401769,26.374887351025222,15.942527770996094
4655,0,1,19.395833333333332,19.399235357006546,completed,19.42267384400475,26.84051067141624,15.585375785827637
4656,1,0,19.4,19.403886704007164,completed,19.436571877013193,36.571877013194865,20.349760055541992
4657,2,0,19.404166666666665,19.408511749992613,dropped_dispatch_late,,,
4658,3,0,19.40833333333333,19.408789667999372,completed,19.44117954999092,32.84621665758891,20.192895889282227
4659,0,0,19.4125,19.413432769011706,completed,19.445784287992865,33.284287992863426,20.267423629760742
4660,1,1,19.416666666666668,19.418025674007367,completed,19.450407441006973,33.740774340305535,15.486495971679688
4661,2,1,19.420833333333334,19.422668153012637,completed,19.455751022003824,34.91768867048961,30.122623443603516
4662,3,1,19.425,19.427315412001917,completed,19.46036500800983,35.36500800982978,20.472864151000977
4663,0,1,19.429166666666667,19.43195921400911,completed,19.465026833990123,35.86016732345598,20.361183166503906
4664,1,0,19.433333333333334,19.436565364012495,completed,19.465036272013094,31.702938679760706,15.773344039916992
4665,2,0,19.4375,19.441171804995975,completed,19.474317885003984,36.817885003983974,20.617088317871094
4666,3,0,19.441666666666666,19.44577904799371,completed,19.478935537015786,37.268870349119965,20.684127807617188
4667,0,0,19.445833333333333,19.450401089008665,dropped_dispatch_late,,,
4668,1,1,19.45,19.450416136998683,completed,19.48453616700135,34.536167001352425,20.602848052978516
4669,2,1,19.454166666666666,19.455743697995786,completed,19.48943189700367,35.26523033700357,15.488927841186523
4670,3,1,19.458333333333332,19.460357263014885,completed,19.494643637997797,36.31030466446461,15.570240020751953
4671,0,1,19.4625,19.46502146401326,completed,19.500541643006727,38.04164300672852,34.42825698852539
4672,1,0,19.466666666666665,19.469649225007743,completed,19.50517823098926,38.51156432259373,20.39472007751465
4673,2,0,19.47083333333333,19.474310591001995,completed,19.515370704000816,44.53737066748431,20.395967483520508
4674,3,0,19.475,19.478927641990595,completed,19.51538107401575,40.3810740157482,20.441696166992188
4675,0,0,19.479166666666668,19.483563840010902,dropped_dispatch_late,,,
4676,1,1,19.483333333333334,19.483571955002844,dropped_queue_full,,,
4677,2,1,19.4875,19.48752891199547,dropped_queue_full,,,
4678,3,1,19.491666666666667,19.491799053997966,dropped_queue_full,,,
4679,0,1,19.495833333333334,19.495897810993483,completed,19.52531526601524,29.481932681907352,20.524703979492188
4680,1,0,19.5,19.50053620300605,completed,19.52995431999443,29.95431999443099,20.36569595336914
4681,2,0,19.504166666666666,19.50517157901777,completed,19.534592089999933,30.425423333266366,20.649120330810547
4682,3,0,19.508333333333333,19.50978447200032,completed,19.534601758001372,26.26842466803936,15.828224182128906
4683,0,0,19.5125,19.515363190002972,completed,19.539214340999024,26.7143409990247,15.771743774414062
4684,1,1,19.516666666666666,19.520006831997307,completed,19.548455687006935,31.789020340269758,20.54537582397461
4685,2,1,19.520833333333332,19.52530941501027,dropped_dispatch_late,,,
4686,3,1,19.525,19.52532529499149,completed,19.553074461990036,28.07446199003749,20.52992057800293
4687,0,1,19.529166666666665,19.529939892003313,completed,19.55778876799741,28.622101330743277,20.335039138793945
4688,1,0,19.53333333333333,19.534584636014188,completed,19.562428803008515,29.09546967518395,15.633631706237793
4689,2,0,19.5375,19.539208861009683,completed,19.567073667014483,29.57366701448194,27.66454315185547
4690,3,0,19.541666666666668,19.543839979014592,completed,19.576384956017137,34.71828935046872,20.628448486328125
4691,0,0,19.545833333333334,19.548449255002197,completed,19.581006145017454,35.17281168412012,20.840320587158203
4692,1,1,19.55,19.55306700800429,completed,19.581015723000746,31.01572300074551,15.990592002868652
4693,2,1,19.554166666666667,19.557783608004684,completed,19.590281084994785,36.11441832811835,20.748544692993164
4694,3,1,19.558333333333334,19.56242219998967,completed,19.59490560000995,36.57226667661817,20.665376663208008
4695,0,1,19.5625,19.567066182004055,dropped_dispatch_late,,,
4696,1,0,19.566666666666666,19.567082073015627,completed,19.599593555991305,32.92688932463861,20.482879638671875
4697,2,0,19.570833333333333,19.57172860999708,completed,19.60497186300927,34.13852967593556,15.507871627807617
4698,3,0,19.575,19.57637749199057,completed,19.609610435989453,34.61043598945324,15.636159896850586
4699,0,0,19.579166666666666,19.58100058400305,completed,19.61422517200117,35.058505334504275,32.88505554199219
4700,1,1,19.583333333333332,19.585660215991084,completed,19.62373902599211,40.40569265877636,20.481632232666016
4701,2,1,19.5875,19.590273881010944,completed,19.624394601996755,36.89460199675665,20.629791259765625
4702,3,1,19.591666666666665,19.59489805600606,completed,19.62970321701141,38.036550344745734,20.382783889770508
4703,0,1,19.59583333333333,19.59958704400924,completed,19.638169240002753,42.335906669421774,20.513216018676758
4704,1,0,19.6,19.604963588004466,dropped_dispatch_late,,,
4705,2,0,19.604166666666668,19.60498055999051,completed,19.642850723001175,38.68405633450678,15.668224334716797
4706,3,0,19.608333333333334,19.609602459997404,completed,19.647469859017292,39.13652568395776,15.344672203063965
4707,0,0,19.6125,19.614219512004638,completed,19.652079916995717,39.5799169957165,15.53433609008789
4708,1,1,19.616666666666667,19.619106696016388,completed,19.65893748399685,42.27081733018423,35.934017181396484
4709,2,1,19.620833333333334,19.623732262989506,dropped_queue_full,,,
4710,3,1,19.625,19.625029378017643,dropped_queue_full,,,
4711,0,1,19.629166666666666,19.629218835994834,dropped_queue_full,,,
4712,1,0,19.633333333333333,19.633475012000417,completed,19.663578331004828,30.244997671495355,5.900032043457031
4713,2,0,19.6375,19.638163669005735,completed,19.663587707997067,26.08770799706761,21.345216751098633
4714,3,0,19.641666666666666,19.642843670008006,completed,19.66898106399458,27.314397327913298,21.349088668823242
4715,0,0,19.645833333333332,19.647462163993623,completed,19.67826646400499,32.43313067165943,25.88390350341797
4716,1,1,19.65,19.652074776997324,dropped_queue_full,,,
4717,2,1,19.654166666666665,19.654268003010657,completed,19.682897691993276,28.73102532661065,20.278911590576172
4718,3,1,19.65833333333333,19.658930691017304,completed,19.68754505101242,29.21171767908959,20.30182456970215
4719,0,1,19.6625,19.663571557990508,completed,19.692179826000938,29.67982600093677,15.607328414916992
4720,1,0,19.666666666666668,19.668973049003398,completed,19.701415791991167,34.74912532449892,28.054048538208008
4721,2,0,19.670833333333334,19.67361860399251,completed,19.70142522000242,30.591886669085966,15.71731185913086
4722,3,0,19.675,19.678261013992596,completed,19.710643291997258,35.64329199725691,20.423871994018555
4723,0,0,19.679166666666667,19.682890658994438,completed,19.71524787900853,36.08121234186257,20.530624389648438
4724,1,1,19.683333333333334,19.687537938007154,dropped_dispatch_late,,,
4725,2,1,19.6875,19.68755289600813,completed,19.72017874699668,32.678746996680275,20.437023162841797
4726,3,1,19.691666666666666,19.692174065014115,completed,19.724864328018157,33.19766135149038,15.64236831665039
4727,0,1,19.695833333333333,19.69679744800669,completed,19.72952550300397,33.69216967063693,15.656288146972656
4728,1,0,19.7,19.701409219997004,completed,19.734147514012875,34.147514012875746,32.10383987426758
4729,2,0,19.704166666666666,19.706034867005656,completed,19.73909475200344,34.92808533677305,20.464576721191406
4730,3,0,19.708333333333332,19.710635536990594,completed,19.746565375011414,38.23204167808214,20.462495803833008
4731,0,0,19.7125,19.715236468007788,completed,19.749335257016355,36.83525701635659,20.507360458374023
4732,1,1,19.716666666666665,19.720171091990778,completed,19.759338028990896,42.67136232423141,20.531295776367188
4733,2,1,19.72083333333333,19.724856804008596,completed,19.76413629500894,43.30296167560732,20.473407745361328
4734,3,1,19.725,19.72952001300291,dropped_dispatch_late,,,
4735,0,1,19.729166666666668,19.729535312013468,completed,19.76879249000922,39.6258233425506,15.741888046264648
4736,1,0,19.733333333333334,19.734140971006127,completed,19.77351298800204,40.17965466870521,15.475711822509766
4737,2,0,19.7375,19.738758113002405,dropped_queue_full,,,
4738,3,0,19.741666666666667,19.741800602991134,completed,19.778247673006263,36.58100633959549,31.03468894958496
4739,0,0,19.745833333333334,19.746557169011794,dropped_queue_full,,,
4740,1,1,19.75,19.75001803401392,dropped_queue_full,,,
4741,2,1,19.754166666666666,19.75426869900548,completed,19.782901925005717,28.735258339050773,20.47929573059082
4742,3,1,19.758333333333333,19.759331487002783,completed,19.787539395008935,29.206061675601802,10.8056001663208
4743,0,1,19.7625,19.764129312010482,completed,19.7921692400123,29.66924001229998,25.91119956970215
4744,1,0,19.766666666666666,19.768787200009683,completed,19.79681154899299,30.144882326325728,26.061311721801758
4745,2,0,19.770833333333332,19.773506516008638,completed,19.796820977004245,25.987643670912774,16.235071182250977
4746,3,0,19.775,19.778239828010555,completed,19.810719330009306,35.71933000930727,15.511072158813477
4747,0,0,19.779166666666665,19.78289488100563,completed,19.815397447993746,36.23078132708102,20.31500816345215
4748,1,1,19.78333333333333,19.787531679990934,dropped_dispatch_late,,,
4749,2,1,19.7875,19.787547148996964,completed,19.82086414299556,33.36414299555912,20.294143676757812
4750,3,1,19.791666666666668,19.792163820005953,completed,19.825518244993873,33.85157832720509,15.512672424316406
4751,0,1,19.795833333333334,19.796804907004116,completed,19.830164281011093,34.33094767775913,15.745984077453613
4752,1,0,19.8,19.801481341011822,completed,19.83478996899794,34.78996899793785,30.849695205688477
4753,2,0,19.804166666666667,19.806092200014973,completed,19.834799345990177,30.632679323510104,15.870719909667969
4754,3,0,19.808333333333334,19.81071155599784,completed,19.844079747010255,35.74641367692166,20.56537628173828
4755,0,0,19.8125,19.81539192699711,completed,19.848690436017932,36.19043601793237,20.56342315673828
4756,1,1,19.816666666666666,19.82085591700161,dropped_dispatch_late,,,
4757,2,1,19.820833333333333,19.82087297999533,completed,19.85798782898928,37.15449565594753,20.33750343322754
4758,3,1,19.825,19.82551086100284,completed,19.862612224009354,37.61222400935438,15.618911743164062
4759,0,1,19.829166666666666,19.830158861004747,completed,19.86390864601708,34.741979350414454,15.620096206665039
4760,1,0,19.833333333333332,19.834783466008957,completed,19.868818895018194,35.48556168486172,33.77046585083008
4761,2,0,19.8375,19.83944906000397,completed,19.874018361995695,36.51836199569658,20.32988739013672
4762,3,0,19.841666666666665,19.84407176199602,completed,19.879977011994924,38.31034532825939,20.5152645111084
4763,0,0,19.84583333333333,19.84868492500391,completed,19.884743608010467,38.9102746771357,20.58697509765625
4764,1,1,19.85,19.853327143995557,completed,19.894558753992897,44.558753992895106,20.576576232910156
4765,2,1,19.854166666666668,19.85798075501225,completed,19.899202336004237,45.03566933756886,20.599199295043945
4766,3,1,19.858333333333334,19.86260457901517,dropped_dispatch_late,,,
4767,0,1,19.8625,19.86262006900506,dropped_queue_full,,,
4768,1,0,19.866666666666667,19.866751137014944,dropped_queue_full,,,
4769,2,0,19.870833333333334,19.870856294990517,dropped_queue_full,,,
4770,3,0,19.875,19.875109385000542,completed,19.903866556007415,28.866556007415056,20.680927276611328
4771,0,0,19.879166666666666,19.879968255991116,completed,19.908510128007038,29.343461340371135,20.595104217529297
4772,1,1,19.883333333333333,19.884738388005644,completed,19.913114916009363,29.781582676029927,20.579872131347656
4773,2,1,19.8875,19.88936349400319,completed,19.91774161500507,30.241615005071054,20.64031982421875
4774,3,1,19.891666666666666,19.89455172000453,completed,19.91775042199879,26.083755332123815,15.855135917663574
4775,0,1,19.895833333333332,19.89919514200301,completed,19.92268731101649,26.85397768315667,15.6494722366333
4776,1,0,19.9,19.90385878199595,completed,19.93192162399646,31.92162399646037,20.46348762512207
4777,2,0,19.904166666666665,19.90850478800712,dropped_dispatch_late,,,
4778,3,0,19.90833333333333,19.90851996699348,completed,19.936602496018168,28.269162684836147,20.329727172851562
4779,0,0,19.9125,19.913108453009045,completed,19.945874199998798,33.37419999879643,20.406112670898438
4780,1,1,19.916666666666668,19.917734662012663,completed,19.95049017900601,33.82351233934244,15.603679656982422
4781,2,1,19.920833333333334,19.922681961004855,completed,19.955130554997595,34.297221664260746,28.864896774291992
4782,3,1,19.925,19.92730984199443,completed,19.95976525900187,34.765259001869,20.424480438232422
4783,0,1,19.929166666666667,19.93191521099652,completed,19.95975396799622,30.587301329553895,15.819071769714355
4784,1,0,19.933333333333334,19.936594430997502,completed,19.969592237990582,36.25890465724879,20.563615798950195
4785,2,0,19.9375,19.941262909997022,completed,19.974226833001012,36.72683300101198,20.571487426757812
4786,3,0,19.941666666666666,19.945869231014512,dropped_dispatch_late,,,
4787,0,0,19.945833333333333,19.94588411899167,completed,19.978836018999573,33.002685666239984,20.499744415283203
4788,1,1,19.95,19.95048380701337,completed,19.98349149301066,33.491493010661344,15.610560417175293
4789,2,1,19.954166666666666,19.955123501014896,completed,19.98835003300337,34.18336633670549,15.668095588684082
4790,3,1,19.958333333333332,19.959748758003116,completed,19.993487343017478,35.15400968414539,33.4172477722168
4791,0,1,19.9625,19.964989133004565,completed,20.000469927996164,37.96992799616561,20.480192184448242
4792,1,0,19.966666666666665,19.969585495011415,completed,20.003958906017942,37.292239351277345,20.618688583374023
4793,2,0,19.97083333333333,19.974219889001688,completed,20.009007968008518,38.17463467518678,20.627872467041016
4794,3,0,19.975,19.97883077900042,completed,20.014010440994753,39.01044099475115,20.46620750427246
4795,0,0,19.979166666666668,19.983484821015736,dropped_dispatch_late,,,
4796,1,1,19.983333333333334,19.983500310016098,completed,20.014803547994234,31.470214660899387,10.79535961151123
4797,2,1,19.9875,19.988343050004914,completed,20.015270926000085,27.770926000084017,6.016416072845459
4798,3,1,19.991666666666667,19.992993363994174,dropped_queue_full,,,
4799,0,1,19.995833333333334,19.99585019101505,completed,20.0154336449923,19.600311658965808,16.54684829711914
