frame,lane,variant,arrival_s,submission_s,status,completion_s,arrival_to_completion_ms,gpu_pipeline_ms
0,0,0,0.0,6.109767127782106e-07,completed,0.023483903001761064,23.483903001761064,19.406848907470703
1,1,0,0.004166666666666667,0.004844432987738401,completed,0.02806183000211604,23.895163335449375,19.538911819458008
2,2,0,0.008333333333333333,0.009522960986942053,completed,0.0326100509846583,24.27671765132497,19.89593505859375
3,3,0,0.0125,0.014268826984334737,completed,0.03717210699687712,24.67210699687712,20.148799896240234
4,0,1,0.016666666666666666,0.018870339001296088,completed,0.04172848298912868,25.06181632246201,19.919872283935547
5,1,1,0.020833333333333332,0.02347827298217453,completed,0.04630664098658599,25.473307653252657,19.92969512939453
6,2,1,0.025,0.02805513798375614,completed,0.046316068997839466,21.316068997839466,15.41648006439209
7,3,1,0.029166666666666667,0.03260306699667126,completed,0.050889737001853064,21.723070335186396,15.218976020812988
8,0,0,0.03333333333333333,0.037164162000408396,completed,0.05626788397785276,22.93455064451943,15.179776191711426
9,1,0,0.0375,0.04172361397650093,dropped_dispatch_late,,,
10,2,0,0.041666666666666664,0.04173820198047906,completed,0.0658729319984559,24.206265331789233,19.98307228088379
11,3,0,0.04583333333333333,0.04630020898184739,completed,0.07046166897634976,24.628335643016428,20.05516815185547
12,0,1,0.05,0.05088268397958018,completed,0.07966482298797928,29.664822987979274,20.195039749145508
13,1,1,0.05416666666666667,0.05626222398132086,completed,0.08423458397737704,30.067917310710374,24.051679611206055
14,2,1,0.058333333333333334,0.06130180798936635,completed,0.08424359100172296,25.910257668389626,15.613120079040527
15,3,1,0.0625,0.0658657279855106,completed,0.08881284200469963,26.312842004699633,15.579327583312988
16,0,0,0.06666666666666667,0.07045363399083726,completed,0.09795881598256528,31.29214931589862,20.180320739746094
17,1,0,0.07083333333333333,0.07509212600416504,dropped_dispatch_late,,,
18,2,0,0.075,0.07509995097643696,completed,0.10251591398264281,27.515913982642818,20.126752853393555
19,3,0,0.07916666666666666,0.07965944198076613,completed,0.1073445969959721,28.177930329305433,20.197696685791016
20,0,1,0.08333333333333333,0.08422816198435612,completed,0.11203466699225828,28.701333658924952,15.534272193908691
21,1,1,0.0875,0.08880552797927521,completed,0.11672396498033777,29.223964980337776,27.4768009185791
22,2,1,0.09166666666666666,0.09338281297823414,completed,0.12596565199783072,34.29898533116406,20.491296768188477
23,3,1,0.09583333333333333,0.09795359699637629,completed,0.13059188099578023,34.7585476624469,20.471935272216797
24,0,0,0.1,0.10250891098985448,completed,0.13058056897716597,30.58056897716596,15.759679794311523
25,1,0,0.10416666666666667,0.1073370229860302,completed,0.13976576898130588,35.59910231463921,20.266080856323242
26,2,0,0.10833333333333334,0.1120292269915808,completed,0.14436182999634184,36.028496663008504,20.351360321044922
27,3,0,0.1125,0.11671728300279938,dropped_dispatch_late,,,
28,0,1,0.11666666666666667,0.11673293198691681,completed,0.1489474219852127,32.28075531854604,20.275007247924805
29,1,1,0.12083333333333333,0.1213466469780542,completed,0.1535538930038456,32.72055967051225,15.500543594360352
30,2,1,0.125,0.12595851899823174,completed,0.15812956498120911,33.129564981209114,15.501664161682129
31,3,1,0.12916666666666665,0.1305753399792593,completed,0.16302184900268912,33.85518233602247,32.180320739746094
32,0,0,0.13333333333333333,0.13519239099696279,completed,0.16815623399452306,34.822900661189735,20.306367874145508
33,1,0,0.1375,0.13975921599194407,completed,0.17331881099380553,35.81881099380551,20.537952423095703
34,2,0,0.14166666666666666,0.14435481699183583,completed,0.17968157900031656,38.014912333649896,20.242624282836914
35,3,0,0.14583333333333334,0.14894206199096516,completed,0.18429518298944458,38.46184965611124,20.394271850585938
36,0,1,0.15,0.1535475109994877,completed,0.18888211698504165,38.882116985041655,20.286815643310547
37,1,1,0.15416666666666667,0.15812245197594166,completed,0.1980562259850558,43.88955931838912,20.336671829223633
38,2,1,0.15833333333333333,0.16268313600448892,dropped_dispatch_late,,,
39,3,1,0.1625,0.16269122099038213,dropped_queue_full,,,
40,0,0,0.16666666666666666,0.16672799998195842,dropped_queue_full,,,
41,1,0,0.17083333333333334,0.17094398898188956,dropped_queue_full,,,
42,2,0,0.175,0.17504411897971295,completed,0.20262572698993608,27.625726989936094,20.363712310791016
43,3,0,0.17916666666666667,0.17967457498889416,completed,0.2074521459871903,28.28547932052364,20.42755126953125
44,0,1,0.18333333333333332,0.18428732798201963,completed,0.2120417949918192,28.708461658485867,20.50377655029297
45,1,1,0.1875,0.18887680699117482,completed,0.21684094198280945,29.340941982809454,20.676895141601562
46,2,1,0.19166666666666665,0.19346457297797315,completed,0.22141104398178868,29.74437731512203,20.418304443359375
47,3,1,0.19583333333333333,0.19804976400337182,completed,0.2260332349978853,30.19990166455197,20.638944625854492
48,0,0,0.2,0.2026187529845629,completed,0.2260218529845588,26.02185298455878,15.784416198730469
49,1,0,0.20416666666666666,0.2074444809986744,completed,0.230663761991309,26.497095324642338,15.646719932556152
50,2,0,0.20833333333333334,0.21203663499909453,completed,0.24435672498657368,36.02339165324034,20.623775482177734
51,3,0,0.2125,0.21683448000112548,dropped_dispatch_late,,,
52,0,1,0.21666666666666667,0.21685003899619915,completed,0.24892713699955493,32.26047033288826,20.500320434570312
53,1,1,0.22083333333333333,0.22140393999870867,completed,0.2535043130046688,32.67097967133547,20.549631118774414
54,2,1,0.225,0.22601635300088674,completed,0.2580670509778429,33.067050977842875,15.882559776306152
55,3,1,0.22916666666666666,0.2306571489898488,completed,0.2626344379968941,33.467771330227464,30.387807846069336
56,0,0,0.23333333333333334,0.23525380197679624,completed,0.26721598199219443,33.88264865886109,20.73721694946289
57,1,0,0.2375,0.2398147959902417,completed,0.271802014001878,34.30201400187799,20.728992462158203
58,2,0,0.24166666666666667,0.24434974198811688,completed,0.28101518598850816,39.34851932184149,20.4768009185791
59,3,0,0.24583333333333332,0.24892188698868267,completed,0.28195270799915306,36.11937466581974,20.509279251098633
60,0,1,0.25,0.25349795099464245,completed,0.2871038829907775,37.10388299077749,20.28019142150879
61,1,1,0.25416666666666665,0.25805971698719077,completed,0.296287309989566,42.12064332289933,20.457216262817383
62,2,1,0.2583333333333333,0.2626268529857043,dropped_dispatch_late,,,
63,3,1,0.2625,0.2626418419822585,completed,0.30087175898370333,38.371758983703316,15.670047760009766
64,0,0,0.26666666666666666,0.2672104609955568,completed,0.30544004699913785,38.773380332471184,15.503487586975098
65,1,0,0.2708333333333333,0.27179543097736314,completed,0.3108095279894769,39.976194656143605,15.652064323425293
66,2,0,0.275,0.2763782769907266,completed,0.3173911210033111,42.391121003311106,36.15100860595703
67,3,0,0.2791666666666667,0.2810084939992521,dropped_queue_full,,,
68,0,1,0.2833333333333333,0.28337415799614973,dropped_queue_full,,,
69,1,1,0.2875,0.2875808289973065,dropped_queue_full,,,
70,2,1,0.2916666666666667,0.29167708099703304,completed,0.3219804899999872,30.3138233333205,5.964191913604736
71,3,1,0.29583333333333334,0.29628090700134635,completed,0.3219894969952293,26.15616366189594,21.60428810119629
72,0,0,0.3,0.3008641839842312,completed,0.32655891799367964,26.558917993679653,21.606815338134766
73,1,0,0.30416666666666664,0.30543463700450957,completed,0.3358288279850967,31.662161318430083,26.089088439941406
74,2,0,0.30833333333333335,0.31080293498234823,dropped_queue_full,,,
75,3,0,0.3125,0.31255964300362393,completed,0.3404278449888807,27.92784498888068,20.431039810180664
76,0,1,0.31666666666666665,0.31738411798141897,completed,0.34502510898164473,28.358442314978085,20.344928741455078
77,1,1,0.3208333333333333,0.32197343598818406,completed,0.35416850898764096,33.33517565430766,15.502431869506836
78,2,1,0.325,0.3265536379767582,completed,0.35875436099013314,33.75436099013312,28.105791091918945
79,3,1,0.32916666666666666,0.3311771409935318,completed,0.3633408239984419,34.174157331775255,20.16352081298828
80,0,0,0.3333333333333333,0.33582233599736355,completed,0.3679349109879695,34.60157765463617,20.192352294921875
81,1,0,0.3375,0.3404197999916505,completed,0.37250597498496063,35.00597498496061,20.229663848876953
82,2,0,0.3416666666666667,0.3450195879850071,completed,0.3725153830018826,30.848716335215908,15.689056396484375
83,3,0,0.3458333333333333,0.34959065198199823,completed,0.3816606070031412,35.827273669807866,20.37958335876465
84,0,1,0.35,0.35416208699462004,completed,0.3862612969824113,36.26129698241132,20.37321662902832
85,1,1,0.3541666666666667,0.358747667982243,dropped_dispatch_late,,,
86,2,1,0.35833333333333334,0.358762575982837,completed,0.3909316389763262,32.59830564299288,20.18899154663086
87,3,1,0.3625,0.36333327999454923,completed,0.4002310459909495,37.73104599094951,15.384575843811035
88,0,0,0.36666666666666664,0.36792963100015186,completed,0.4013587679946795,34.69210132801287,15.408927917480469
89,1,0,0.37083333333333335,0.37249937298474833,completed,0.4064261649909895,35.59283165765614,33.66553497314453
90,2,0,0.375,0.3770878700015601,completed,0.4114715299801901,36.4715299801901,20.41561508178711
91,3,0,0.37916666666666665,0.3816533829958644,completed,0.4173184169922024,38.15175032553575,20.44598388671875
92,0,1,0.3833333333333333,0.3862557359971106,completed,0.4220051009906456,38.67176765731229,20.485151290893555
93,1,1,0.3875,0.3909246059774887,completed,0.43117572300252505,43.67572300252503,20.56502342224121
94,2,1,0.39166666666666666,0.3955682679952588,completed,0.43575272799353115,44.08606132686449,20.582271575927734
95,3,1,0.3958333333333333,0.4002233109786175,dropped_dispatch_late,,,
96,0,0,0.4,0.4002388810040429,dropped_queue_full,,,
97,1,0,0.4041666666666667,0.4042007969983388,dropped_queue_full,,,
98,2,0,0.4083333333333333,0.40848029698827304,dropped_queue_full,,,
99,3,0,0.4125,0.4125698459974956,completed,0.44037909698090516,27.87909698090518,20.48044776916504
100,0,1,0.4166666666666667,0.4173105719964951,completed,0.4449948649853468,28.32819831868011,20.474367141723633
101,1,1,0.42083333333333334,0.4219998009793926,completed,0.4496124979923479,28.77916465901459,20.476415634155273
102,2,1,0.425,0.42656353098573163,completed,0.4541784019966144,29.178401996614422,20.481151580810547
103,3,1,0.42916666666666664,0.43116931099211797,completed,0.4587505380040966,29.583871337429958,20.52992057800293
104,0,0,0.43333333333333335,0.43574535398511216,completed,0.467932370986091,34.59903765275762,20.74287986755371
105,1,0,0.4375,0.4403715919761453,completed,0.46794190898071975,30.441908980719745,16.083839416503906
106,2,0,0.44166666666666665,0.44498974599991925,completed,0.4771244939765893,35.45782730992264,20.721471786499023
107,3,0,0.4458333333333333,0.4496062459948007,completed,0.48174014198593795,35.90680865260465,20.67900848388672
108,0,1,0.45,0.4541714189981576,dropped_dispatch_late,,,
109,1,1,0.45416666666666666,0.45418648698250763,completed,0.48634576197946444,32.17909531279778,20.42265510559082
110,2,1,0.4583333333333333,0.4587432239786722,completed,0.4909954250033479,32.662091670014604,15.54371166229248
111,3,1,0.46249999999999997,0.4633549150021281,completed,0.4956672400003299,33.16724000032995,15.615424156188965
112,0,0,0.4666666666666667,0.4679269199841656,completed,0.5003267620049883,33.6600953383216,31.514400482177734
113,1,0,0.4708333333333333,0.4725243449793197,completed,0.5051357179763727,34.30238464303936,20.542015075683594
114,2,0,0.475,0.47711743999389,completed,0.510106531000929,35.106531000928975,20.594879150390625
115,3,0,0.4791666666666667,0.4817327279888559,completed,0.5172864009800833,38.119734313416586,20.400352478027344
116,0,1,0.48333333333333334,0.48633942898595706,completed,0.5203075899917167,36.97425665838333,20.54732894897461
117,1,1,0.4875,0.4909885319939349,completed,0.5301981599768624,42.698159976862385,20.498943328857422
118,2,1,0.49166666666666664,0.4956596059782896,completed,0.5348108229809441,43.144156314277424,20.45587158203125
119,3,1,0.49583333333333335,0.5003214819880668,dropped_dispatch_late,,,
120,0,0,0.5,0.5003364699950907,completed,0.5393899519986007,39.389951998600736,15.519871711730957
121,1,0,0.5041666666666667,0.5049607349792495,dropped_queue_full,,,
122,2,0,0.5083333333333333,0.5083620969962794,dropped_queue_full,,,
123,3,0,0.5125,0.5126328000042122,completed,0.5440288139798213,31.528813979821322,25.712064743041992
124,0,1,0.5166666666666666,0.5172786259790882,dropped_queue_full,,,
125,1,1,0.5208333333333334,0.5209424759959802,completed,0.5486343840020709,27.801050668737503,20.394880294799805
126,2,1,0.525,0.5255294909875374,completed,0.5533231809968129,28.32318099681286,20.644832611083984
127,3,1,0.5291666666666667,0.5301917379838414,completed,0.5579197039769497,28.753037310283002,15.747712135314941
128,0,0,0.5333333333333333,0.5348037389921956,completed,0.5624956069805194,29.162273647186044,25.773344039916992
129,1,0,0.5375,0.5393847819941584,completed,0.5670877909869887,29.587790986988715,20.669984817504883
130,2,0,0.5416666666666666,0.54402144998312,completed,0.5763530219846871,34.686355318020446,20.656639099121094
131,3,0,0.5458333333333333,0.548628041986376,completed,0.5809662959945854,35.1329626612521,20.413663864135742
132,0,1,0.55,0.5533161979983561,completed,0.5809552349965088,30.955234996508764,15.789055824279785
133,1,1,0.5541666666666667,0.5579122389899567,completed,0.590239974000724,36.07330733405733,20.704736709594727
134,2,1,0.5583333333333333,0.5624901659903117,completed,0.5949179009767249,36.58456764339157,20.601696014404297
135,3,1,0.5625,0.5670811479794793,dropped_dispatch_late,,,
136,0,0,0.5666666666666667,0.5670965369790792,completed,0.5995556509878952,32.888984321228556,20.541664123535156
137,1,0,0.5708333333333333,0.5717526130029,completed,0.6041765199915972,33.34318665826386,15.648768424987793
138,2,0,0.575,0.5763459989975672,completed,0.6087958650023211,33.79586500232112,15.659008026123047
139,3,0,0.5791666666666666,0.5809500349860173,completed,0.6137847529898863,34.61808632321972,32.61568069458008
140,0,1,0.5833333333333334,0.5855838079878595,completed,0.6214788499928545,38.14551665952115,20.337055206298828
141,1,1,0.5875,0.5902334209822584,completed,0.6241619669890497,36.66196698904967,20.393407821655273
142,2,1,0.5916666666666667,0.594910836982308,completed,0.6337970409949776,42.13037432831091,20.545055389404297
143,3,1,0.5958333333333333,0.5995504109887406,completed,0.6383596289961133,42.52629566277999,20.55027198791504
144,0,0,0.6,0.6041698469780385,dropped_dispatch_late,,,
145,1,0,0.6041666666666666,0.6041853859787807,completed,0.6429535060015041,38.78683933483751,15.845343589782715
146,2,0,0.6083333333333333,0.608788621990243,completed,0.6475641650031321,39.230831669798796,15.665792465209961
147,3,0,0.6125,0.6136032979993615,dropped_queue_full,,,
148,0,1,0.6166666666666667,0.6167824080039281,completed,0.6521707359934226,35.50406932675587,31.279296875
149,1,1,0.6208333333333333,0.6214736399997491,dropped_queue_full,,,
150,2,1,0.625,0.6250981549965218,dropped_queue_full,,,
151,3,1,0.6291666666666667,0.6292010500037577,completed,0.6567571689956822,27.5905023290155,20.87887954711914
152,0,0,0.6333333333333333,0.633789726998657,completed,0.6613575689843856,28.024235651052276,10.878016471862793
153,1,0,0.6375,0.6383518840011675,completed,0.6705021809902973,33.00218099029739,26.06867218017578
154,2,0,0.6416666666666666,0.64294721398619,completed,0.6750775929831434,33.4109263164768,26.334304809570312
155,3,0,0.6458333333333334,0.6475572919880506,completed,0.679697800980648,33.864467647314655,21.14124870300293
156,0,1,0.65,0.6521654159878381,completed,0.6842640849936288,34.264084993628764,20.736064910888672
157,1,1,0.6541666666666667,0.6567497850046493,completed,0.6889072859776206,34.74061931095396,20.9617919921875
158,2,1,0.6583333333333333,0.6613522489788011,completed,0.6889165239990689,30.58319066573556,16.108383178710938
159,3,1,0.6625,0.665931808995083,completed,0.6981114719819743,35.61147198197434,21.10678482055664
160,0,0,0.6666666666666666,0.6704959189810324,completed,0.7032235429796856,36.55687631301896,20.909311294555664
161,1,0,0.6708333333333333,0.6750707399914972,dropped_dispatch_late,,,
162,2,0,0.675,0.6750858390005305,completed,0.7087874129938427,33.78741299384269,20.814943313598633
163,3,0,0.6791666666666667,0.6796901859925129,completed,0.7140728039958049,34.90613732913816,15.789407730102539
164,0,1,0.6833333333333333,0.684258694993332,completed,0.721339910000097,38.00657666676366,15.803296089172363
165,1,1,0.6875,0.6889007939898875,completed,0.7244723509938922,36.97235099389218,35.225791931152344
166,2,1,0.6916666666666667,0.6935245979984757,completed,0.7339678799908143,42.301213324147604,20.866880416870117
167,3,1,0.6958333333333333,0.6981034969794564,completed,0.7385374709847383,42.70413765140502,20.863935470581055
168,0,0,0.7,0.7027320999768563,dropped_queue_full,,,
169,1,0,0.7041666666666666,0.7041772149968892,completed,0.743103284999961,38.936618333294426,16.066112518310547
170,2,0,0.7083333333333334,0.7087717340036761,completed,0.7476723849831615,39.33905164982809,15.724032402038574
171,3,0,0.7125,0.7133747679763474,dropped_queue_full,,,
172,0,1,0.7166666666666667,0.7167281089932658,completed,0.7522599399962928,35.59327332962614,31.55276870727539
173,1,1,0.7208333333333333,0.7213351109821815,dropped_queue_full,,,
174,2,1,0.725,0.7250983199919574,dropped_queue_full,,,
175,3,1,0.7291666666666666,0.7292574509920087,completed,0.7568570229923353,27.69035632566863,20.949600219726562
176,0,0,0.7333333333333333,0.7339608759793919,completed,0.7660023069765884,32.668973643255164,10.961536407470703
177,1,0,0.7375,0.738529825990554,completed,0.7705602060013916,33.06020600139159,26.191680908203125
178,2,0,0.7416666666666667,0.7430966819811147,completed,0.7751553949783556,33.48872831168892,26.465791702270508
179,3,0,0.7458333333333333,0.7476652609766461,completed,0.779745544976322,33.91221164298863,21.228256225585938
180,0,1,0.75,0.7522545999963768,completed,0.7843444219906814,34.34442199068144,20.76665687561035
181,1,1,0.7541666666666667,0.7568494989827741,completed,0.7889407939801458,34.77412731347918,20.967872619628906
182,2,1,0.7583333333333333,0.7614247509918641,completed,0.7889500919845887,30.61675865125535,16.079328536987305
183,3,1,0.7625,0.7659968869993463,completed,0.798487309977645,35.9873099776451,20.96031951904297
184,0,0,0.7666666666666666,0.7705536829889752,completed,0.803840318985749,37.17365231908243,20.929439544677734
185,1,0,0.7708333333333334,0.7751484219916165,dropped_dispatch_late,,,
186,2,0,0.775,0.7751635809836444,completed,0.809430950001115,34.43095000111496,20.856447219848633
187,3,0,0.7791666666666667,0.7797378609830048,completed,0.8171958210004959,38.029154333829254,15.849535942077637
188,0,1,0.7833333333333333,0.7843389219779056,completed,0.8219958799891174,38.662546655784055,15.979935646057129
189,1,1,0.7875,0.7889342219859827,completed,0.8297375379770529,42.237537977052874,36.06777572631836
190,2,1,0.7916666666666666,0.7935752079938538,completed,0.8343046139925718,42.6379473259052,20.983423233032227
191,3,1,0.7958333333333333,0.7981528749805875,dropped_queue_full,,,
192,0,0,0.8,0.8000500289781485,dropped_queue_full,,,
193,1,0,0.8041666666666667,0.8043181370012462,completed,0.8388686739781406,34.70200731147388,11.113887786865234
194,2,0,0.8083333333333333,0.8089395370043349,dropped_queue_full,,,
195,3,0,0.8125,0.812569892994361,completed,0.8388788439915515,26.37884399155155,22.23641586303711
196,0,1,0.8166666666666667,0.8171882169845048,completed,0.8481212719925679,31.454605325901277,26.591712951660156
197,1,1,0.8208333333333333,0.8219905399892014,dropped_queue_full,,,
198,2,1,0.825,0.8251525169762317,completed,0.8528166719770525,27.816671977052508,21.3275203704834
199,3,1,0.8291666666666666,0.8297312560025603,completed,0.8619312969967723,32.76463033010568,20.72220802307129
200,0,0,0.8333333333333334,0.8342975599807687,completed,0.8665176299982704,33.18429666493705,15.754528045654297
201,1,0,0.8375,0.8388623819919303,completed,0.871097089984687,33.597089984687024,28.733631134033203
202,2,0,0.8416666666666667,0.8434427739994135,completed,0.8756666609842796,33.99999431761292,20.916831970214844
203,3,0,0.8458333333333333,0.8481158109789249,completed,0.8802380249835551,34.40469165022175,20.570880889892578
204,0,1,0.85,0.852809428004548,completed,0.8847714079893194,34.771407989319435,20.66582489013672
205,1,1,0.8541666666666666,0.8573552339803427,completed,0.8847896119987126,30.622945332046015,16.01375961303711
206,2,1,0.8583333333333333,0.8619236429804005,completed,0.8939888179884292,35.65548465509594,20.62704086303711
207,3,1,0.8624999999999999,0.8665122700040229,completed,0.8992373189830687,36.737318983068754,20.791807174682617
208,0,0,0.8666666666666667,0.8710905979969539,dropped_dispatch_late,,,
209,1,0,0.8708333333333333,0.8711062469810713,completed,0.904675199999474,33.84186666614064,20.582111358642578
210,2,0,0.875,0.8756596379971597,completed,0.9095767109829467,34.57671098294668,15.743616104125977
211,3,0,0.8791666666666667,0.8802304309792817,completed,0.9171772800036706,38.01061333700395,15.633695602416992
212,0,1,0.8833333333333333,0.8847658869926818,completed,0.9200508289795835,36.71749564625016,34.98390579223633
213,1,1,0.8875,0.8893535620009061,completed,0.9297194669779856,42.21946697798562,20.38457679748535
214,2,1,0.8916666666666666,0.8939816749771126,completed,0.9343211489904206,42.65448232375402,20.633760452270508
215,3,1,0.8958333333333334,0.8985855609935243,dropped_queue_full,,,
216,0,0,0.9,0.9000307459791657,completed,0.9388824850029778,38.88248500297775,15.602592468261719
217,1,0,0.9041666666666667,0.9046687170048244,completed,0.9434548509889282,39.28818432226156,15.81503963470459
218,2,0,0.9083333333333333,0.9092433280020487,dropped_queue_full,,,
219,3,0,0.9125,0.912570357992081,completed,0.9480164169799536,35.51641697995367,30.922367095947266
220,0,1,0.9166666666666666,0.917169695982011,dropped_queue_full,,,
221,1,1,0.9208333333333333,0.920844035979826,dropped_queue_full,,,
222,2,1,0.9249999999999999,0.925099069980206,completed,0.9528212249861099,27.82122498610995,20.744543075561523
223,3,1,0.9291666666666667,0.9297131350031123,completed,0.9573815879994072,28.214921332740506,10.815839767456055
224,0,0,0.9333333333333333,0.9343139159900602,completed,0.9619553669763263,28.62203364299298,26.061216354370117
225,1,0,0.9375,0.9388772649981547,completed,0.9711619979934767,33.66199799347669,25.870271682739258
226,2,0,0.9416666666666667,0.9434484289959073,completed,0.9757650919782463,34.098425311579696,20.731647491455078
227,3,0,0.9458333333333333,0.948008781997487,completed,0.9804408449854236,34.60751165209031,20.358816146850586
228,0,1,0.95,0.9528142109920736,completed,0.9850300929974765,35.0300929974765,20.37455940246582
229,1,1,0.9541666666666666,0.9573742539796513,completed,0.9850395410030615,30.87287433639485,15.671648025512695
230,2,1,0.9583333333333334,0.961949916993035,completed,0.9941905259911437,35.85719265781029,19.934368133544922
231,3,1,0.9625,0.9665384139807429,completed,0.9987499069829937,36.249906982993686,20.431039810180664
232,0,0,0.9666666666666667,0.9711554749810603,dropped_dispatch_late,,,
233,1,0,0.9708333333333333,0.9711712449789047,completed,1.0078939289960545,37.06059566272113,20.32588768005371
234,2,0,0.975,0.9757579790020827,completed,1.012467206979636,37.467206979636124,15.527456283569336
235,3,0,0.9791666666666666,0.9804330899787601,completed,1.017113863985287,37.9471973186204,15.480863571166992
236,0,1,0.9833333333333333,0.9850245929847006,completed,1.0185887059778906,35.25537264455736,33.34614562988281
237,1,1,0.9874999999999999,0.9895983019960113,completed,1.0237876329920255,36.28763299202553,20.24460792541504
238,2,1,0.9916666666666667,0.994183331989916,completed,1.0288388089975342,37.172142330867516,20.443456649780273
239,3,1,0.9958333333333333,0.9987419719982427,completed,1.0384562189865392,42.62288565320582,20.32249641418457
240,0,0,1.0,1.003330849984195,completed,1.0430183159769513,43.01831597695127,20.31942367553711
241,1,0,1.0041666666666667,1.007887365994975,completed,1.047587275999831,43.420609333164386,20.307008743286133
242,2,0,1.0083333333333333,1.01246027398156,completed,1.052380131004611,44.04679767127773,20.152767181396484
243,3,0,1.0125,1.0171064599999227,dropped_dispatch_late,,,
244,0,1,1.0166666666666666,1.0171214689908084,dropped_queue_full,,,
245,1,1,1.0208333333333333,1.0209408240043558,dropped_queue_full,,,
246,2,1,1.025,1.0250527559837792,dropped_queue_full,,,
247,3,1,1.0291666666666666,1.029314692976186,completed,1.0569603019976057,27.793635330939146,20.219615936279297
248,0,0,1.0333333333333332,1.0339108839980327,completed,1.0615449119941331,28.21157866079993,20.212928771972656
249,1,0,1.0375,1.0384486349939834,completed,1.0661249730037525,28.62497300375244,20.209951400756836
250,2,0,1.0416666666666667,1.043013025977416,completed,1.0707237989990972,29.057132332430456,20.360960006713867
251,3,0,1.0458333333333334,1.0475807229813654,completed,1.075363613985246,29.530280651912655,20.26051139831543
252,0,1,1.05,1.0523730179993436,completed,1.0799437550012954,29.943755001295315,20.270463943481445
253,1,1,1.0541666666666667,1.0569528079940937,completed,1.0891037059773225,34.937039310655834,20.33123207092285
254,2,1,1.0583333333333333,1.0615396119828802,completed,1.08911289399839,30.779560665056714,15.614432334899902
255,3,1,1.0625,1.0661186509823892,completed,1.0982863910030574,35.78639100305736,20.354143142700195
256,0,0,1.0666666666666667,1.0707166659994982,completed,1.1028626849874854,36.19601832081876,20.506175994873047
257,1,0,1.0708333333333333,1.0753556079871487,dropped_dispatch_late,,,
258,2,0,1.075,1.0753716189938132,completed,1.1074531259946525,32.45312599465255,20.400480270385742
259,3,0,1.0791666666666666,1.0799381239921786,completed,1.1120287980011199,32.86213133445326,15.490816116333008
260,0,1,1.0833333333333333,1.084543462988222,completed,1.1165940009814221,33.260667648088884,15.31158447265625
261,1,1,1.0875,1.0890973240020685,completed,1.121183649986051,33.68364998605111,31.724767684936523
262,2,1,1.0916666666666666,1.0937186240043957,completed,1.1262095279817004,34.54286131503381,20.166528701782227
263,3,1,1.0958333333333332,1.0982786259846762,completed,1.1315828159858938,35.749482652560616,20.374080657958984
264,0,0,1.1,1.1028573149815202,completed,1.1380742279870901,38.07422798709004,20.355552673339844
265,1,0,1.1041666666666667,1.107446091977181,completed,1.1416835249983706,37.516858331703816,20.406848907470703
266,2,0,1.1083333333333334,1.112021583976457,completed,1.1509185890026856,42.58525566935223,20.396799087524414
267,3,0,1.1125,1.1165885609807447,completed,1.1556969359808136,43.196935980813535,20.331392288208008
268,0,1,1.1166666666666667,1.121177427994553,dropped_dispatch_late,,,
269,1,1,1.1208333333333333,1.1214059219928458,completed,1.1602625599771272,39.42922664379389,15.747872352600098
270,2,1,1.125,1.1260343350004405,dropped_queue_full,,,
271,3,1,1.1291666666666667,1.1292017819941975,dropped_queue_full,,,
272,0,0,1.1333333333333333,1.1334762029873673,completed,1.1648500349838287,31.51670165049536,25.82761573791504
273,1,0,1.1375,1.1380687569908332,dropped_queue_full,,,
274,2,0,1.1416666666666666,1.1416769920033403,completed,1.1694273809844162,27.760714317749624,20.76095962524414
275,3,0,1.1458333333333333,1.146305325004505,completed,1.1739989649795461,28.165631646212887,20.409120559692383
276,0,1,1.15,1.1509114849905018,completed,1.1785826629784424,28.582662978442475,15.596159934997559
277,1,1,1.1541666666666666,1.155689100996824,completed,1.1831876319774892,29.020965310822653,25.470624923706055
278,2,1,1.1583333333333332,1.1602561079780571,completed,1.1924051419773605,34.07180864402726,20.588191986083984
279,3,1,1.1625,1.1648446049948689,completed,1.197037151985569,34.53715198556884,20.632831573486328
280,0,0,1.1666666666666667,1.1694204270024784,completed,1.2016039879817981,34.937321315131385,20.428447723388672
281,1,0,1.1708333333333334,1.1739914609934203,completed,1.201613525976427,30.780192643093507,15.864831924438477
282,2,0,1.175,1.178577332990244,completed,1.2107964909810107,35.79649098101068,20.399904251098633
283,3,0,1.1791666666666667,1.1831810789881274,completed,1.2154180409852415,36.25137431857483,20.521087646484375
284,0,1,1.1833333333333333,1.1877982610021718,dropped_dispatch_late,,,
285,1,1,1.1875,1.1878062459873036,completed,1.2200130299897864,32.513029989786446,20.442943572998047
286,2,1,1.1916666666666667,1.1923980489955284,completed,1.2245961769949645,32.92951032829783,15.624640464782715
287,3,1,1.1958333333333333,1.197029376984574,completed,1.2298080780019518,33.9747446686185,15.660256385803223
288,0,0,1.2,1.2015988679777365,completed,1.2347477419825736,34.747741982573686,32.94246292114258
289,1,0,1.2041666666666666,1.2062139659828972,completed,1.240262568986509,36.09590231984239,20.38604736328125
290,2,0,1.2083333333333333,1.2107892879866995,completed,1.246315798984142,37.98246565080876,20.406591415405273
291,3,0,1.2125,1.215410526987398,completed,1.2548426979919896,42.34269799198964,20.3624324798584
292,0,1,1.2166666666666666,1.2200065279903356,completed,1.259552645002259,42.88597833559238,20.518943786621094
293,1,1,1.2208333333333332,1.2245889229816385,completed,1.26412937999703,43.296046663696686,20.329151153564453
294,2,1,1.225,1.2298000829759985,dropped_dispatch_late,,,
295,3,1,1.2291666666666667,1.2298163439845666,completed,1.2687122159986757,39.54554933200893,15.546175956726074
296,0,0,1.2333333333333334,1.2344154109887313,dropped_queue_full,,,
297,1,0,1.2375,1.2375712159846444,dropped_queue_full,,,
298,2,0,1.2416666666666667,1.2416849010041915,completed,1.2732926379831042,31.625971316437518,25.627552032470703
299,3,0,1.2458333333333333,1.2463084549817722,dropped_queue_full,,,
300,0,1,1.25,1.2500988859974314,completed,1.2778846209985204,27.884620998520404,20.597087860107422
301,1,1,1.2541666666666667,1.2548351629811805,completed,1.2824688699911349,28.302203324468202,20.283903121948242
302,2,1,1.2583333333333333,1.2595472749962937,completed,1.2870787580031902,28.745424669856856,15.531071662902832
303,3,1,1.2625,1.264122958004009,completed,1.2916701599897351,29.170159989735154,25.39017677307129
304,0,0,1.2666666666666666,1.2687043609912507,completed,1.3009064869838767,34.23982031721007,20.505311965942383
305,1,0,1.2708333333333333,1.2732858450035565,completed,1.305475105997175,34.64177266384172,20.641727447509766
306,2,0,1.275,1.2778793509933166,completed,1.3100521919841412,35.05219198414133,20.514816284179688
307,3,0,1.2791666666666666,1.2824625079811085,completed,1.3100616089941468,30.894942327480244,15.904031753540039
308,0,1,1.2833333333333332,1.2870716140023433,completed,1.3192721369850915,35.93880365175828,20.406143188476562
309,1,1,1.2875,1.2916626659862231,completed,1.3238688400015235,36.36884000152341,20.51215934753418
310,2,1,1.2916666666666667,1.29630661799456,dropped_dispatch_late,,,
311,3,1,1.2958333333333334,1.2963146539987065,completed,1.328482785000233,32.64945166689959,20.459007263183594
312,0,0,1.3,1.3009011370013468,completed,1.333303512976272,33.30351297627199,15.624768257141113
313,1,0,1.3041666666666667,1.305468684004154,completed,1.338390997989336,34.22433132266933,15.664192199707031
314,2,0,1.3083333333333333,1.3100452779908665,completed,1.343424980994314,35.091647660980605,33.12860870361328
315,3,0,1.3125,1.3146483629825525,completed,1.3487898029852659,36.28980298526585,20.449024200439453
316,0,1,1.3166666666666667,1.3192665759997908,completed,1.3546554359782021,37.9887693115355,20.491167068481445
317,1,1,1.3208333333333333,1.3238624969962984,completed,1.3592298259900417,38.39649265670842,20.52739143371582
318,2,1,1.325,1.3284750699822325,completed,1.3683910509862471,43.39105098624718,20.46588706970215
319,3,1,1.3291666666666666,1.3332982629945036,completed,1.3731949369830545,44.028270316387896,20.495071411132812
320,0,0,1.3333333333333333,1.3378946649900172,dropped_dispatch_late,,,
321,1,0,1.3375,1.3379031810036395,dropped_queue_full,,,
322,2,0,1.3416666666666666,1.3416738139931113,dropped_queue_full,,,
323,3,0,1.3458333333333332,1.345953213982284,dropped_queue_full,,,
324,0,1,1.35,1.3500539649976417,completed,1.3777913889789488,27.791388978948728,20.6582088470459
325,1,1,1.3541666666666667,1.3546500459779054,completed,1.3823604789795354,28.19381231286866,20.62505531311035
326,2,1,1.3583333333333334,1.3592236249824055,completed,1.3869883309816942,28.65499764836077,20.646240234375
327,3,1,1.3625,1.3638200069835875,completed,1.3915830299956724,29.083029995672362,20.42540740966797
328,0,0,1.3666666666666667,1.3683841369929723,completed,1.396237362001557,29.570695334890207,20.509248733520508
329,1,0,1.3708333333333333,1.3731872719945386,completed,1.4008782180026174,30.04488466928401,20.479711532592773
330,2,0,1.375,1.3777857579989359,completed,1.4054453749849927,30.445374984992668,20.432544708251953
331,3,0,1.3791666666666667,1.38235399700352,completed,1.41004035397782,30.873687311153255,15.788127899169922
332,0,1,1.3833333333333333,1.3869812979828566,completed,1.4191793859936297,35.846052660296394,20.159584045410156
333,1,1,1.3875,1.391575154993916,completed,1.4237903149914928,36.29031499149282,20.295551300048828
334,2,1,1.3916666666666666,1.3962320720020216,dropped_dispatch_late,,,
335,3,1,1.3958333333333333,1.3962470399856102,completed,1.4283694250043482,32.5360916710149,20.221120834350586
336,0,0,1.4,1.4008716459793504,completed,1.4329545149812475,32.95451498124757,15.502495765686035
337,1,0,1.4041666666666666,1.4054380809830036,completed,1.4377257289888803,33.55906232221373,15.53382396697998
338,2,0,1.4083333333333332,1.4100330199871678,completed,1.442305459000636,33.97212566730268,31.00921630859375
339,3,0,1.4125,1.4146005569782574,completed,1.4469084139855113,34.4084139855112,20.37945556640625
340,0,1,1.4166666666666667,1.419173874979606,completed,1.4561021099798381,39.43544331317139,20.400575637817383
341,1,1,1.4208333333333334,1.423776067997096,completed,1.4569134109769948,36.08007764366139,20.453407287597656
342,2,1,1.425,1.4283617000037339,completed,1.4621028190013021,37.10281900130208,20.632511138916016
343,3,1,1.4291666666666667,1.4329490649979562,completed,1.4712677909992635,42.101124332596825,20.472576141357422
344,0,0,1.4333333333333333,1.4377192370011471,dropped_dispatch_late,,,
345,1,0,1.4375,1.4377346059773117,completed,1.4760020239918958,38.50202399189584,15.644031524658203
346,2,0,1.4416666666666667,1.4422983760014176,completed,1.480696682992857,39.0300163261903,15.46560001373291
347,3,0,1.4458333333333333,1.4469008999876678,completed,1.4852698110044003,39.43647767106695,15.642271995544434
348,0,1,1.45,1.4515058279794175,completed,1.4922376579779666,42.237657977966634,36.21446228027344
349,1,1,1.4541666666666666,1.4560968400037382,dropped_queue_full,,,
350,2,1,1.4583333333333333,1.4583358629897702,dropped_queue_full,,,
351,3,1,1.4625,1.462578743987251,dropped_queue_full,,,
352,0,0,1.4666666666666666,1.4666746549773961,completed,1.4968302829947788,30.163616328112262,5.927040100097656
353,1,0,1.4708333333333332,1.4712600960046984,completed,1.4968398609780706,26.00652764473743,21.56470489501953
354,2,0,1.475,1.4759955719928257,completed,1.5014002149982844,26.400214998284266,21.56719970703125
355,3,0,1.4791666666666667,1.4806898800015915,completed,1.5106450669991318,31.47840033246507,26.10767936706543
356,0,1,1.4833333333333334,1.4852621459867805,dropped_queue_full,,,
357,1,1,1.4875,1.487650112976553,completed,1.51526074600406,27.760746004059868,20.473024368286133
358,2,1,1.4916666666666667,1.4922324479848612,completed,1.519872877979651,28.206211312984397,20.443584442138672
359,3,1,1.4958333333333333,1.4968248629884329,completed,1.52903259897721,33.19926564387665,15.573280334472656
360,0,0,1.5,1.501393811980961,completed,1.5336579559952952,33.6579559952952,28.542272567749023
361,1,0,1.5041666666666667,1.5060122259892523,completed,1.5385067979805171,34.3401313138505,20.366880416870117
362,2,0,1.5083333333333333,1.5106374429888092,completed,1.543110603990499,34.77727065716563,20.406240463256836
363,3,0,1.5125,1.5152539029950276,completed,1.5476916960033122,35.19169600331229,20.423519134521484
364,0,1,1.5166666666666666,1.5198656739958096,completed,1.5476804749923758,31.013808325709213,15.642592430114746
365,1,1,1.5208333333333333,1.52443182899151,completed,1.5568189559853636,35.985622652030315,20.49884796142578
366,2,1,1.525,1.5290249539830256,completed,1.561370191979222,36.370191979222085,20.620351791381836
367,3,1,1.5291666666666666,1.533652625977993,dropped_dispatch_late,,,
368,0,0,1.5333333333333332,1.5338866699894425,completed,1.5705253549967892,37.19202166345603,20.477664947509766
369,1,0,1.5375,1.5385003149858676,completed,1.5751111959980335,37.61119599803342,15.694368362426758
370,2,0,1.5416666666666667,1.5431036099907942,completed,1.5770285989856347,35.361932318968,15.58681583404541
371,3,0,1.5458333333333334,1.5476751749811228,completed,1.582155869982671,36.3225366493376,34.26531219482422
372,0,1,1.55,1.5522381329792552,completed,1.5873607769899536,37.36077698995355,20.648704528808594
373,1,1,1.5541666666666667,1.5568127439764794,completed,1.5967345550016034,42.56788833493674,20.584352493286133
374,2,1,1.5583333333333333,1.561363449000055,completed,1.6013229620002676,42.98962866693423,20.563936233520508
375,3,1,1.5625,1.5659618549980223,completed,1.6059003679838497,43.40036798384972,20.61574363708496
376,0,0,1.5666666666666667,1.570519934000913,completed,1.6104813809797633,43.814714313096694,20.495071411132812
377,1,0,1.5708333333333333,1.5751048639940564,dropped_dispatch_late,,,
378,2,0,1.575,1.5751201429811772,dropped_queue_full,,,
379,3,0,1.5791666666666666,1.5793088309874292,dropped_queue_full,,,
380,0,1,1.5833333333333333,1.5834131079900544,dropped_queue_full,,,
381,1,1,1.5875,1.5875215230043977,completed,1.6151067779865116,27.606777986511677,20.580480575561523
382,2,1,1.5916666666666666,1.5921092279895674,completed,1.6196867889957502,28.020122329083684,20.55583953857422
383,3,1,1.5958333333333332,1.5967282829806209,completed,1.6242603969876654,28.42706365433223,20.535263061523438
384,0,0,1.6,1.601315858977614,completed,1.6288542539987247,28.854253998724655,20.57049560546875
385,1,0,1.6041666666666667,1.6058927229896653,completed,1.6380110299796797,33.84436331301299,20.53936004638672
386,2,0,1.6083333333333334,1.6104760099842679,completed,1.6428351340000518,34.501800666718374,20.5118408203125
387,3,0,1.6125,1.6151004759885836,completed,1.6474355539830867,34.93555398308668,20.496095657348633
388,0,1,1.6166666666666667,1.619679814990377,completed,1.6474242429831065,30.757576316439827,15.912032127380371
389,1,1,1.6208333333333333,1.6242524919798598,completed,1.6565974789846223,35.764145651288935,20.568063735961914
390,2,1,1.625,1.6288487940037157,completed,1.6611804259882774,36.18042598827742,20.585792541503906
391,3,1,1.6291666666666667,1.6334223829908296,dropped_dispatch_late,,,
392,0,0,1.6333333333333333,1.6334305279888213,completed,1.6657480929861777,32.41475965284435,20.478111267089844
393,1,0,1.6375,1.6380042469827458,completed,1.6749087359930854,37.40873599308547,15.664799690246582
394,2,0,1.6416666666666666,1.6428280909894966,completed,1.6795976040011737,37.93093733450714,15.680288314819336
395,3,0,1.6458333333333333,1.647418712003855,completed,1.6807901189895347,34.95678565620142,33.16502380371094
396,0,1,1.65,1.6520176889898721,completed,1.6859949869976845,35.99498699768455,20.64067268371582
397,1,1,1.6541666666666666,1.6565914279781282,completed,1.691362723999191,37.19605733252451,20.619007110595703
398,2,1,1.6583333333333332,1.6611734729958698,completed,1.7008282959868666,42.49496265353336,20.601472854614258
399,3,1,1.6624999999999999,1.6657426029851194,completed,1.705384401982883,42.884401982883126,20.65020751953125
400,0,0,1.6666666666666667,1.67032994699548,completed,1.7099624989787117,43.29583231204492,20.653888702392578
401,1,0,1.6708333333333334,1.6749023239826784,completed,1.714533071994083,43.69973866074961,20.646400451660156
402,2,0,1.675,1.6795905600010883,dropped_dispatch_late,,,
403,3,0,1.6791666666666667,1.6796062600042205,dropped_queue_full,,,
404,0,1,1.6833333333333333,1.683471993979765,dropped_queue_full,,,
405,1,1,1.6875,1.6875711210013833,dropped_queue_full,,,
406,2,1,1.6916666666666667,1.6916813699936029,completed,1.719101630995283,27.434964328616253,20.71455955505371
407,3,1,1.6958333333333333,1.6962772109836806,completed,1.7236524570034817,27.819123670148382,20.795391082763672
408,0,0,1.7,1.7008214639790822,completed,1.7282164869830012,28.216486983001275,20.648128509521484
409,1,0,1.7041666666666666,1.705376736994367,completed,1.7373765090014786,33.209842334811945,20.73209571838379
410,2,0,1.7083333333333333,1.709957108978415,completed,1.7419456490024459,33.612315669112604,20.649152755737305
411,3,0,1.7125,1.7145264499995392,completed,1.7467521200014744,34.25212000147448,20.662656784057617
412,0,1,1.7166666666666666,1.719094176980434,completed,1.7513581099919975,34.691443325330916,20.81340789794922
413,1,1,1.7208333333333332,1.7236450829950627,completed,1.755915287998505,35.08195466517172,20.680959701538086
414,2,1,1.7249999999999999,1.728211116977036,completed,1.755924214987317,30.924214987317235,16.041536331176758
415,3,1,1.7291666666666667,1.7328073989774566,completed,1.7650402830040548,35.87361633738806,20.564128875732422
416,0,0,1.7333333333333334,1.7373701469914522,completed,1.7695833629986737,36.2500296653403,20.65007972717285
417,1,0,1.7375,1.7419384550012182,dropped_dispatch_late,,,
418,2,0,1.7416666666666667,1.7421613689803053,completed,1.7787740530038718,37.107386337205114,20.56755256652832
419,3,0,1.7458333333333333,1.7467443149944302,completed,1.7835990399762522,37.76570664291889,15.75817584991455
420,0,1,1.75,1.7513527699920814,completed,1.7851995999808423,35.19959998084232,15.813440322875977
421,1,1,1.7541666666666667,1.7559088859998155,completed,1.7904170919791795,36.25042531251288,34.200897216796875
422,2,1,1.7583333333333333,1.7604882549785543,completed,1.795628191990545,37.29485865721172,20.502399444580078
423,3,1,1.7625,1.7650327479932457,completed,1.80510534599307,42.605345993069974,20.7194881439209
424,0,0,1.7666666666666666,1.769577853003284,completed,1.8096718110027723,43.005144336105694,20.678016662597656
425,1,0,1.7708333333333333,1.774190545984311,completed,1.8142630129877944,43.4296796544611,20.670207977294922
426,2,0,1.775,1.7787672709964681,completed,1.8188603069866076,43.860306986607696,20.68294334411621
427,3,0,1.7791666666666666,1.7835912949813064,dropped_dispatch_late,,,
428,0,1,1.7833333333333332,1.783606733981287,dropped_queue_full,,,
429,1,1,1.7874999999999999,1.7875698930001818,dropped_queue_full,,,
430,2,1,1.7916666666666667,1.791680792986881,dropped_queue_full,,,
431,3,1,1.7958333333333334,1.7959408559836447,completed,1.8234541239799,27.62079064656664,20.897920608520508
432,0,0,1.8,1.8005388809833676,completed,1.8280445949931163,28.04459499311629,20.710975646972656
433,1,0,1.8041666666666667,1.8050972810015082,completed,1.8326676169817802,28.50095031511346,20.751840591430664
434,2,0,1.8083333333333333,1.809666450979421,completed,1.8372892570041586,28.95592367082522,20.755104064941406
435,3,0,1.8125,1.8142563409928698,completed,1.8464713209832553,33.97132098325528,20.711999893188477
436,0,1,1.8166666666666667,1.8188531530031469,completed,1.851314661995275,34.647995328608296,20.70582389831543
437,1,1,1.8208333333333333,1.8234464889974333,completed,1.855913598992629,35.08026565929568,20.715423583984375
438,2,1,1.825,1.8280392949818633,completed,1.8559224549971987,30.9224549971987,15.885760307312012
439,3,1,1.8291666666666666,1.8326611849770416,completed,1.865046638995409,35.879972328742404,20.631200790405273
440,0,0,1.8333333333333333,1.8372820740041789,completed,1.8695826559851412,36.249322651807915,20.857696533203125
441,1,0,1.8375,1.8418798779894132,dropped_dispatch_late,,,
442,2,0,1.8416666666666666,1.8418879029923119,completed,1.8741707429871894,32.50407632052288,20.670015335083008
443,3,0,1.8458333333333332,1.8464635059935972,completed,1.883341674983967,37.50834165063388,15.94166374206543
444,0,1,1.8499999999999999,1.8513092119828798,completed,1.8846018789918162,34.60187899181633,15.808608055114746
445,1,1,1.8541666666666667,1.8559071559866425,completed,1.8898394589778036,35.672792311136845,33.691776275634766
446,2,1,1.8583333333333334,1.8605056819797028,completed,1.8950504889944568,36.717155661123435,20.808223724365234
447,3,1,1.8625,1.8650388539826963,completed,1.9004612479766365,37.96124797663647,20.696544647216797
448,0,0,1.8666666666666667,1.8695772560022306,completed,1.9096357469970826,42.969080330415906,20.567903518676758
449,1,0,1.8708333333333333,1.8741634489852004,completed,1.9142224300012458,43.38909666791246,20.59187126159668
450,2,0,1.875,1.878738350002095,completed,1.9187865809944924,43.7865809944924,20.58799934387207
451,3,0,1.8791666666666667,1.883333899982972,dropped_dispatch_late,,,
452,0,1,1.8833333333333333,1.8833496299921535,dropped_queue_full,,,
453,1,1,1.8875,1.887637245003134,dropped_queue_full,,,
454,2,1,1.8916666666666666,1.8917276859865524,dropped_queue_full,,,
455,3,1,1.8958333333333333,1.8958417819812894,completed,1.9233644179766998,27.531084643366512,20.505407333374023
456,0,0,1.9,1.900453643000219,completed,1.9279386079870164,27.93860798701653,20.452415466308594
457,1,0,1.9041666666666666,1.9050368999887723,completed,1.9325320639763959,28.36539730972931,20.493152618408203
458,2,0,1.9083333333333332,1.9096305769926403,completed,1.937084501987556,28.75116865422278,20.477632522583008
459,3,0,1.9124999999999999,1.9142159780021757,completed,1.9416638419788796,29.16384197887978,20.537248611450195
460,0,1,1.9166666666666667,1.918771172000561,completed,1.9508144859864842,34.14781931981747,20.499391555786133
461,1,1,1.9208333333333334,1.9233568029885646,completed,1.9556166289839894,34.783295650655965,20.49331283569336
462,2,1,1.925,1.9279332069854718,completed,1.9602188019780442,35.21880197804417,20.51024055480957
463,3,1,1.9291666666666667,1.9325255019939505,completed,1.960228529991582,31.06186332491534,15.712512016296387
464,0,0,1.9333333333333333,1.9370775889838114,completed,1.9693640649784356,36.030731645102286,20.34668731689453
465,1,0,1.9375,1.9416559769888408,completed,1.9739600059983786,36.46000599837862,20.47772789001465
466,2,0,1.9416666666666667,1.9462257679842878,dropped_dispatch_late,,,
467,3,0,1.9458333333333333,1.946233933995245,completed,1.9785521400044672,32.71880667113392,20.34236717224121
468,0,1,1.95,1.95080843399046,completed,1.983148742991034,33.148742991033984,15.573216438293457
469,1,1,1.9541666666666666,1.9556101459893398,completed,1.9881436619907618,33.97699532409515,15.659520149230957
470,2,1,1.9583333333333333,1.960211628000252,completed,1.9932100969890598,34.87676365572656,32.783103942871094
471,3,1,1.9625,1.964795535983285,completed,1.9985768820042722,36.07688200427228,20.4388484954834
472,0,0,1.9666666666666666,1.9693587749789003,completed,2.0047352009860333,38.06853431936674,20.4138240814209
473,1,0,1.9708333333333332,1.97395365400007,completed,2.0093180169933476,38.48468366001434,20.346080780029297
474,2,0,1.9749999999999999,1.978544254990993,completed,2.0139034589810763,38.90345898107639,20.352863311767578
475,3,0,1.9791666666666667,1.9831431719940156,completed,2.023079410981154,43.91274431448733,20.32681655883789
476,0,1,1.9833333333333334,1.9879658339777961,dropped_dispatch_late,,,
477,1,1,1.9875,1.987973888986744,dropped_queue_full,,,
478,2,1,1.9916666666666667,1.9917811019986402,dropped_queue_full,,,
479,3,1,1.9958333333333333,1.9958855790027883,dropped_queue_full,,,
480,0,0,2.0,2.0001550799934193,completed,2.027668187976815,27.668187976814806,20.324447631835938
481,1,0,2.0041666666666664,2.004730232001748,completed,2.0322507039818447,28.08403731517828,20.38483238220215
482,2,0,2.0083333333333333,2.0093117759970482,completed,2.036845792987151,28.512459653817768,20.38256072998047
483,3,0,2.0125,2.013896645978093,completed,2.0414164859976154,28.916485997615204,20.451488494873047
484,0,1,2.0166666666666666,2.0184842409798875,completed,2.0460168459976558,29.350179330989157,20.432735443115234
485,1,1,2.0208333333333335,2.023071706003975,completed,2.050603529001819,29.77019566848549,20.481792449951172
486,2,1,2.025,2.0276627079874743,completed,2.0552431529795285,30.24315297952862,20.502687454223633
487,3,1,2.029166666666667,2.0322443619952537,completed,2.060106752993306,30.94008632663936,15.765024185180664
488,0,0,2.033333333333333,2.036838749976596,completed,2.0693483499926515,36.01501665931828,15.657055854797363
489,1,0,2.0375,2.0414090619888157,completed,2.073987372976262,36.48737297626204,20.313087463378906
490,2,0,2.0416666666666665,2.046011615981115,dropped_dispatch_late,,,
491,3,0,2.0458333333333334,2.0460265939764213,completed,2.0785888340033125,32.75550066997912,20.217119216918945
492,0,1,2.05,2.0505971270031296,completed,2.0831882919883355,33.18829198833573,15.624128341674805
493,1,1,2.0541666666666667,2.0552360499859788,completed,2.088283901975956,34.117235309289114,15.600768089294434
494,2,1,2.058333333333333,2.0600997599831317,completed,2.0931352589977905,34.801925664457386,30.69158363342285
495,3,1,2.0625,2.064705488999607,completed,2.0977601249760482,35.260124976048246,20.494495391845703
496,0,0,2.0666666666666664,2.0693429689854383,completed,2.10234551600297,35.67884933630339,20.527328491210938
497,1,0,2.0708333333333333,2.073981030989671,completed,2.1023549840028863,31.521650669553036,15.897184371948242
498,2,0,2.075,2.0785812999820337,completed,2.111722629982978,36.72262998297793,20.471935272216797
499,3,0,2.0791666666666666,2.083182681002654,completed,2.1213369149772916,42.17024831062499,20.464767456054688
500,0,1,2.0833333333333335,2.0882774499768857,dropped_dispatch_late,,,
501,1,1,2.0875,2.0882931299856864,completed,2.1224259739974514,34.92597399745145,20.377599716186523
502,2,1,2.091666666666667,2.0931284359830897,completed,2.129672088980442,38.00542231377513,15.533503532409668
503,3,1,2.095833333333333,2.097752359986771,completed,2.1342550159897655,38.42168265643231,15.566783905029297
504,0,0,2.1,2.102339884993853,completed,2.142170883977087,42.17088397708713,35.105377197265625
505,1,0,2.1041666666666665,2.1069541509787086,completed,2.1467709629796445,42.60429631297802,20.27779197692871
506,2,0,2.1083333333333334,2.1115461149893235,dropped_queue_full,,,
507,3,0,2.1125,2.1125173299806193,dropped_queue_full,,,
508,0,1,2.1166666666666667,2.1167319859960116,completed,2.1513707010017242,34.70403433505753,10.633536338806152
509,1,1,2.120833333333333,2.121329720976064,dropped_queue_full,,,
510,2,1,2.125,2.1250990419939626,completed,2.151381360978121,26.381360978120938,21.360671997070312
511,3,1,2.1291666666666664,2.1296650859876536,completed,2.16081529299845,31.648626331783447,25.716224670410156
512,0,0,2.1333333333333333,2.1342469709925354,dropped_queue_full,,,
513,1,0,2.1375,2.1375718969793525,completed,2.16537467497983,27.874674979829983,20.836511611938477
514,2,0,2.1416666666666666,2.142165703990031,completed,2.169940799998585,28.274133331918527,20.337312698364258
515,3,0,2.1458333333333335,2.1467646609817166,completed,2.174507124000229,28.67379066689546,15.616448402404785
516,0,1,2.15,2.151365290977992,completed,2.1836410159885418,33.64101598854185,27.82681655883789
517,1,1,2.154166666666667,2.1559695079922676,completed,2.1882035739836283,34.03690731696152,20.692447662353516
518,2,1,2.158333333333333,2.160807908978313,completed,2.192785819002893,34.45248566955961,20.432767868041992
519,3,1,2.1625,2.1653682430041954,completed,2.1976238299976103,35.123829997610216,20.600479125976562
520,0,0,2.1666666666666665,2.1699338859762065,completed,2.197612327989191,30.9456613225243,15.841888427734375
521,1,0,2.1708333333333334,2.1744994100008626,completed,2.2068211729929317,35.987839659598286,20.759296417236328
522,2,0,2.175,2.17907549298252,completed,2.211388669995358,36.38866999535839,20.705856323242188
523,3,0,2.1791666666666667,2.1836357559950557,dropped_dispatch_late,,,
524,0,1,2.183333333333333,2.183650784980273,completed,2.2205553639796562,37.22203064632312,20.486080169677734
525,1,1,2.1875,2.188197091978509,completed,2.2251408559968695,37.640855996869504,15.511808395385742
526,2,1,2.1916666666666664,2.192771781992633,completed,2.2264253459870815,34.7586793204151,15.609696388244629
527,3,1,2.1958333333333333,2.197606987989275,completed,2.231472733983537,35.63940065020388,33.61337661743164
528,0,0,2.2,2.2021994429815095,completed,2.2366778229770716,36.67782297707145,20.426111221313477
529,1,0,2.2041666666666666,2.206814740988193,completed,2.2422374750021845,38.0708083355179,20.503456115722656
530,2,0,2.2083333333333335,2.2113817670033313,completed,2.251408887997968,43.07555466463464,20.567808151245117
531,3,0,2.2125,2.2159677489835303,completed,2.256008505995851,43.508505995851095,20.51535987854004
532,0,1,2.216666666666667,2.2205501739808824,completed,2.2613819839898497,44.7153173231829,20.53081512451172
533,1,1,2.220833333333333,2.2251344029791653,dropped_dispatch_late,,,
534,2,1,2.225,2.225149852980394,dropped_queue_full,,,
535,3,1,2.2291666666666665,2.2292553919833153,dropped_queue_full,,,
536,0,0,2.2333333333333334,2.233357975987019,dropped_queue_full,,,
537,1,0,2.2375,2.2376263350015506,completed,2.2659903389867395,28.490338986739694,20.739456176757812
538,2,0,2.2416666666666667,2.2422311429982074,completed,2.2705514739791397,28.884807312473004,20.470495223999023
539,3,0,2.245833333333333,2.24682072197902,completed,2.2751415239763446,29.30819064301149,20.58051109313965
540,0,1,2.25,2.2514019849768374,completed,2.2797030700021423,29.70307000214234,20.412479400634766
541,1,1,2.2541666666666664,2.2560009619919583,completed,2.2842853750044014,30.118708337735,20.43075180053711
542,2,1,2.2583333333333333,2.261376863985788,completed,2.284294762997888,25.961429664554725,15.77888011932373
543,3,1,2.2625,2.265983946999768,completed,2.2888661269971635,26.36612699716334,15.749216079711914
544,0,0,2.2666666666666666,2.270544570987113,completed,2.3028553929761983,36.18872630953174,20.551424026489258
545,1,0,2.2708333333333335,2.2751337389927357,dropped_dispatch_late,,,
546,2,0,2.275,2.275149238994345,completed,2.3074529969890136,32.45299698901371,20.477920532226562
547,3,0,2.279166666666667,2.279697789985221,completed,2.3120322769973427,32.86561033067592,20.224224090576172
548,0,1,2.283333333333333,2.284278982988326,completed,2.3166497990023345,33.31646566900126,15.71020793914795
549,1,1,2.2875,2.2888587229826953,completed,2.321232324000448,33.7323240004479,30.332128524780273
550,2,1,2.2916666666666665,2.29344256100012,completed,2.3259010140027385,34.234347336072005,20.52262306213379
551,3,1,2.2958333333333334,2.298281783994753,completed,2.3305059019767214,34.67256864338797,20.729312896728516
552,0,0,2.3,2.302850022999337,completed,2.339653239992913,39.653239992913036,20.732032775878906
553,1,0,2.3041666666666667,2.307446254999377,completed,2.340274188987678,36.10752232101122,20.641952514648438
554,2,0,2.308333333333333,2.31202473299345,completed,2.345471552980598,37.13821964726493,20.469663619995117
555,3,0,2.3125,2.3166444090020377,completed,2.3546759389864746,42.17593898647465,20.410783767700195
556,0,1,2.3166666666666664,2.3212260019790847,dropped_dispatch_late,,,
557,1,1,2.3208333333333333,2.3212411109998357,completed,2.359306314989226,38.47298165589264,15.585920333862305
558,2,1,2.325,2.325894020003034,completed,2.3642066750035156,39.20667500351538,15.297087669372559
559,3,1,2.3291666666666666,2.3304983080015518,completed,2.368797025003005,39.63035833633821,15.543840408325195
560,0,0,2.3333333333333335,2.335071925976081,completed,2.3754396839940455,42.106350660711996,35.79817581176758
561,1,0,2.3375,2.339647928980412,dropped_queue_full,,,
562,2,0,2.341666666666667,2.3416967719967943,dropped_queue_full,,,
563,3,0,2.345833333333333,2.345941765990574,dropped_queue_full,,,
564,0,1,2.35,2.350042776990449,completed,2.380026758997701,30.02675899770102,5.910783767700195
565,1,1,2.3541666666666665,2.3546684549946804,completed,2.380036446993472,25.869780326805536,21.349760055541992
566,2,1,2.3583333333333334,2.3592997929954436,completed,2.384633199981181,26.29986664784756,21.34636878967285
567,3,1,2.3625,2.364199771982385,completed,2.393808069988154,31.308069988154053,25.829439163208008
568,0,0,2.3666666666666667,2.368789050000487,dropped_queue_full,,,
569,1,0,2.370833333333333,2.3708601749967784,completed,2.3986126169911586,27.77928365782545,20.41116714477539
570,2,0,2.375,2.375434273999417,completed,2.403224779001903,28.22477900190279,20.421951293945312
571,3,0,2.3791666666666664,2.3800215289811604,completed,2.412387716001831,33.221049335164565,15.740768432617188
572,0,1,2.3833333333333333,2.384627047984395,completed,2.416982194990851,33.648861657517685,28.231103897094727
573,1,1,2.3875,2.3892310349910986,completed,2.421604014991317,34.10401499131677,20.359872817993164
574,2,1,2.3916666666666666,2.3938004249939695,completed,2.4261935739777982,34.526907311131616,20.347583770751953
575,3,1,2.3958333333333335,2.398606225004187,completed,2.4307889439805876,34.95561064725416,20.4003849029541
576,0,0,2.4,2.403217755985679,completed,2.43076970698894,30.769706988940104,15.662079811096191
577,1,0,2.404166666666667,2.407810189994052,completed,2.4399378939997405,35.771227333073696,20.467552185058594
578,2,0,2.408333333333333,2.4123802419926506,completed,2.4445025959867053,36.16926265337206,20.41823959350586
579,3,0,2.4125,2.4169769549916964,dropped_dispatch_late,,,
580,0,1,2.4166666666666665,2.4169919329870027,completed,2.453666916000657,37.00024933399027,20.31839942932129
581,1,1,2.4208333333333334,2.4215977029816713,completed,2.4582700610044412,37.43672767110784,15.440799713134766
582,2,1,2.425,2.426186711003538,completed,2.462916617980227,37.91661798022705,15.466976165771484
583,3,1,2.4291666666666667,2.4307644169894047,completed,2.4647291009896435,35.562434322976785,33.72332763671875
584,0,0,2.433333333333333,2.4353501189907547,completed,2.4697870099917054,36.45367665837229,20.438688278198242
585,1,0,2.4375,2.4399317229981534,completed,2.4797137179994024,42.213717999402434,20.49500846862793
586,2,0,2.4416666666666664,2.4444956429942977,completed,2.484283779980615,42.61711331394835,20.5031681060791
587,3,0,2.4458333333333333,2.449079941987293,completed,2.4888562669802923,43.022933646958975,20.548704147338867
588,0,1,2.45,2.453661535982974,completed,2.4934662339801434,43.466233980143265,20.506399154663086
589,1,1,2.4541666666666666,2.458263578999322,completed,2.498090859997319,43.92419333065245,20.53331184387207
590,2,1,2.4583333333333335,2.462909514986677,dropped_dispatch_late,,,
591,3,1,2.4625,2.4631283399940003,dropped_queue_full,,,
592,0,0,2.466666666666667,2.466782682982739,dropped_queue_full,,,
593,1,0,2.470833333333333,2.470894764002878,dropped_queue_full,,,
594,2,0,2.475,2.475098811002681,completed,2.5028890050016344,27.88900500163427,20.534528732299805
595,3,0,2.4791666666666665,2.4797075869864784,completed,2.5074644979904406,28.29783132377406,20.527904510498047
596,0,1,2.4833333333333334,2.4842767669761088,completed,2.5120478449971415,28.714511663808118,20.652063369750977
597,1,1,2.4875,2.4888484919792973,completed,2.516650868987199,29.150868987199097,20.55583953857422
598,2,1,2.4916666666666667,2.493461114994716,completed,2.525899368978571,34.23270231190445,20.544095993041992
599,3,1,2.495833333333333,2.498084438004298,completed,2.5304891589912586,34.65582565792546,20.602367401123047
600,0,0,2.5,2.5028818519786,completed,2.535070180980256,35.07018098025583,20.389535903930664
601,1,0,2.5041666666666664,2.507456983003067,completed,2.535079778986983,30.91311232031657,15.8024320602417
602,2,0,2.5083333333333333,2.5120425850036554,completed,2.544244599994272,35.91126666093869,19.419071197509766
603,3,0,2.5125,2.5166441059845965,completed,2.5488240999984555,36.32409999845532,20.64396858215332
604,0,1,2.5166666666666666,2.5212557269842364,dropped_dispatch_late,,,
605,1,1,2.5208333333333335,2.5212637029762845,completed,2.553404441976454,32.571108643120624,20.59008026123047
606,2,1,2.525,2.5258923459914513,completed,2.5625426920014434,37.54269200144344,15.743136405944824
607,3,1,2.529166666666667,2.530481563997455,completed,2.5634317609947175,34.265094328050694,15.752960205078125
608,0,0,2.533333333333333,2.5350647709856275,completed,2.5686278420034796,35.294508670146385,33.24678421020508
609,1,0,2.5375,2.539673656981904,completed,2.573945985001046,36.445985001046125,20.548959732055664
610,2,0,2.5416666666666665,2.5442373969999608,completed,2.5796828040038235,38.01613733715703,20.58016014099121
611,3,0,2.5458333333333334,2.5488166159775574,completed,2.5842840549885295,38.45072165519614,20.638879776000977
612,0,1,2.55,2.5533980499894824,completed,2.593452211993281,43.452211993280976,20.478784561157227
613,1,1,2.5541666666666667,2.5579814669908956,completed,2.5980868769984227,43.92021033175597,20.534208297729492
614,2,1,2.558333333333333,2.5625358289980795,dropped_dispatch_late,,,
615,3,1,2.5625,2.562551237992011,dropped_queue_full,,,
616,0,0,2.5666666666666664,2.5667275419982616,dropped_queue_full,,,
617,1,0,2.5708333333333333,2.570942128979368,dropped_queue_full,,,
618,2,0,2.575,2.5750528979988303,completed,2.6027589929872192,27.758992987219067,20.506847381591797
619,3,0,2.5791666666666666,2.579675760003738,completed,2.6074615760007873,28.29490933412071,20.46566390991211
620,0,1,2.5833333333333335,2.584276740992209,completed,2.612040826003067,28.707492669733714,20.64179229736328
621,1,1,2.5875,2.5888621719786897,completed,2.6166531179915182,29.153117991518318,20.51100730895996
622,2,1,2.591666666666667,2.593446661980124,completed,2.621298502985155,29.631836318488425,20.476991653442383
623,3,1,2.595833333333333,2.5980805449944455,completed,2.6259121379989665,30.078804665633285,20.542688369750977
624,0,0,2.6,2.6027518890041392,completed,2.6304976689862087,30.497668986208648,20.401119232177734
625,1,0,2.6041666666666665,2.6074538819957525,completed,2.6350921870034654,30.92552033679885,15.755104064941406
626,2,0,2.6083333333333334,2.612035655998625,completed,2.644244433991844,35.91110065851044,17.12486457824707
627,3,0,2.6125,2.6166467359871604,completed,2.6488556939875707,36.35569398757088,20.511295318603516
628,0,1,2.6166666666666667,2.6212917199882213,dropped_dispatch_late,,,
629,1,1,2.620833333333333,2.621307319990592,completed,2.6534276999882422,32.59436665490911,20.531328201293945
630,2,1,2.625,2.6259045929764397,completed,2.6580259460024536,33.025946002453566,15.673088073730469
631,3,1,2.6291666666666664,2.6304922589915805,completed,2.6626063069852535,33.43964031858704,15.765791893005371
632,0,0,2.6333333333333333,2.6350869269808754,completed,2.667188872990664,33.855539657330795,31.776992797851562
633,1,0,2.6375,2.639666346978629,completed,2.6724920569977257,34.99205699772556,20.533952713012695
634,2,0,2.6416666666666666,2.6442374809994362,completed,2.679818204982439,38.15153831577245,20.53241539001465
635,3,0,2.6458333333333335,2.6488480799889658,completed,2.682688478002092,36.855144668758385,20.492799758911133
636,0,1,2.65,2.6534214979910757,completed,2.692160723003326,42.16072300332607,20.4935359954834
637,1,1,2.654166666666667,2.6580194429843687,completed,2.6967697389773093,42.60307231064253,20.484352111816406
638,2,1,2.658333333333333,2.6625986129802186,dropped_dispatch_late,,,
639,3,1,2.6625,2.662614301982103,completed,2.701376860990422,38.87686099042176,15.737631797790527
640,0,0,2.6666666666666665,2.667183171986835,completed,2.706180115987081,39.513449320414566,15.596735954284668
641,1,0,2.6708333333333334,2.672000352991745,dropped_queue_full,,,
642,2,0,2.675,2.6751525119761936,completed,2.710787508985959,35.78750898595917,31.022335052490234
643,3,0,2.6791666666666667,2.679810940986499,dropped_queue_full,,,
644,0,1,2.683333333333333,2.6834805230027996,dropped_queue_full,,,
645,1,1,2.6875,2.6875687389983796,completed,2.715369893994648,27.86989399464801,20.544095993041992
646,2,1,2.6916666666666664,2.692155422992073,completed,2.719940526993014,28.27386032634749,10.863519668579102
647,3,1,2.6958333333333333,2.6967633070016745,completed,2.729099205986131,33.26587265279768,25.929216384887695
648,0,0,2.7,2.701369085989427,completed,2.7336901880044024,33.690188004402266,26.195520401000977
649,1,0,2.7041666666666666,2.7061748359992635,completed,2.7383120189770125,34.14535231034588,21.05561637878418
650,2,0,2.7083333333333335,2.7107722499931697,completed,2.7429033709922805,34.57003765894706,20.6092472076416
651,3,0,2.7125,2.7153633019770496,completed,2.747494271985488,34.9942719854881,20.837888717651367
652,0,1,2.716666666666667,2.719933403976029,completed,2.7474830510036554,30.816384336988634,15.992575645446777
653,1,1,2.720833333333333,2.7245016419910826,completed,2.756628073984757,35.79474065142385,20.604543685913086
654,2,1,2.725,2.729091741988668,completed,2.761218404979445,36.218404979444955,20.63052749633789
655,3,1,2.7291666666666665,2.73368493799353,dropped_dispatch_late,,,
656,0,0,2.7333333333333334,2.7336998659884557,completed,2.770364248979604,37.03091564627048,20.454431533813477
657,1,0,2.7375,2.7383057569968514,completed,2.775152515998343,37.65251599834318,15.610112190246582
658,2,0,2.7416666666666667,2.7428963169804774,completed,2.77689888398163,35.232217314963506,15.65385627746582
659,3,0,2.745833333333333,2.747477690980304,completed,2.782104782992974,36.271449659640794,34.401790618896484
660,0,1,2.75,2.752064664993668,completed,2.787261530000251,37.26153000025079,20.5578556060791
661,1,1,2.7541666666666664,2.7566215219849255,completed,2.7967431629949715,42.57649632830507,20.787839889526367
662,2,1,2.7583333333333333,2.7612110509944614,completed,2.8013211590005085,42.98782566717519,20.612672805786133
663,3,1,2.7625,2.7657884469954297,completed,2.8058782469888683,43.37824698886816,20.676767349243164
664,0,0,2.7666666666666666,2.7703587589785457,completed,2.810708312987117,44.04164632045049,20.909343719482422
665,1,0,2.7708333333333335,2.775145892985165,dropped_dispatch_late,,,
666,2,0,2.775,2.7751616729947273,dropped_queue_full,,,
667,3,0,2.779166666666667,2.779256171983434,dropped_queue_full,,,
668,0,1,2.783333333333333,2.7833674720022827,dropped_queue_full,,,
669,1,1,2.7875,2.787580356001854,completed,2.8152889649791177,27.788964979117647,20.920671463012695
670,2,1,2.7916666666666665,2.792170475993771,completed,2.819881498988252,28.214832321585614,20.870208740234375
671,3,1,2.7958333333333334,2.796736719988985,completed,2.8244587449880783,28.62541165474486,20.975168228149414
672,0,0,2.8,2.8013141159899533,completed,2.8335969249892514,33.5969249892516,20.835935592651367
673,1,0,2.8041666666666667,2.8058707119780593,completed,2.8381942989944946,34.0276323278279,20.842527389526367
674,2,0,2.808333333333333,2.8107031229883432,completed,2.8428005499881692,34.46721665483609,20.810688018798828
675,3,0,2.8125,2.8152825629804283,completed,2.8474040949949995,34.90409499499947,20.7587833404541
676,0,1,2.8166666666666664,2.8198745559784584,completed,2.847392714000307,30.726047333640594,15.994112014770508
677,1,1,2.8208333333333333,2.8244509699870832,completed,2.8565866099961568,35.75327666282347,20.6409912109375
678,2,1,2.825,2.829038755997317,completed,2.861178121995181,36.17812199518067,20.678592681884766
679,3,1,2.8291666666666666,2.8335916950018145,dropped_dispatch_late,,,
680,0,0,2.8333333333333335,2.833607114996994,completed,2.8703724090009928,37.03907566765929,20.511680603027344
681,1,0,2.8375,2.8381878569780383,completed,2.875185482989764,37.685482989763926,15.583999633789062
682,2,0,2.841666666666667,2.8427933259808924,completed,2.8761580899881665,34.49142332149968,15.646431922912598
683,3,0,2.845833333333333,2.8473871430032887,completed,2.8813129929767456,35.479659643412376,33.5733757019043
684,0,1,2.85,2.8519988039915916,completed,2.886676552996505,36.67655299650497,20.510751724243164
685,1,1,2.8541666666666665,2.856580497988034,completed,2.892245652998099,38.07898633143259,20.780799865722656
686,2,1,2.8583333333333334,2.8611708989774343,completed,2.8968893839919474,38.556050658614005,20.666624069213867
687,3,1,2.8625,2.865743003989337,completed,2.906074874976184,43.5748749761844,20.691808700561523
688,0,0,2.8666666666666667,2.8703671190014575,completed,2.9108915249817073,44.224858315040635,20.491680145263672
689,1,0,2.870833333333333,2.8751789800007828,dropped_dispatch_late,,,
690,2,0,2.875,2.8751944999967236,dropped_queue_full,,,
691,3,0,2.8791666666666664,2.8792547329794616,dropped_queue_full,,,
692,0,1,2.8833333333333333,2.8833572570001706,dropped_queue_full,,,
693,1,1,2.8875,2.887625434988877,completed,2.9155221119872294,28.02211198722926,20.453472137451172
694,2,1,2.8916666666666666,2.8922391799860634,completed,2.9201291439821944,28.462477315527757,20.555519104003906
695,3,1,2.8958333333333335,2.8968823209870607,completed,2.924685670004692,28.852336671358447,20.597312927246094
696,0,0,2.9,2.901487098977668,completed,2.929257365001831,29.257365001831293,20.554624557495117
697,1,0,2.904166666666667,2.9060668489837553,completed,2.9338183299987577,29.651663332090905,20.74985694885254
698,2,0,2.908333333333333,2.9108861849817913,completed,2.9383636849815957,30.03035164826251,20.563552856445312
699,3,0,2.9125,2.9155156499764416,completed,2.942929148004623,30.42914800462304,15.8340482711792
700,0,1,2.9166666666666665,2.9201226719887927,completed,2.9521023349952884,35.43566832862189,15.983072280883789
701,1,1,2.9208333333333334,2.9246780859830324,completed,2.9566836779995356,35.85034466620218,20.368032455444336
702,2,1,2.925,2.929252195986919,dropped_dispatch_late,,,
703,3,1,2.9291666666666667,2.929267333995085,completed,2.9612604930007365,32.09382633406976,20.2923526763916
704,0,0,2.933333333333333,2.9338112869882025,completed,2.96583138598362,32.49805265028671,15.769184112548828
705,1,0,2.9375,2.938356821978232,completed,2.9704126799770165,32.91267997701652,15.696767807006836
706,2,0,2.9416666666666664,2.9429221649770625,completed,2.97524741498637,33.5807483197037,31.388511657714844
707,3,0,2.9458333333333333,2.9475232859840617,completed,2.9798788329935633,34.045499660229964,20.450176239013672
708,0,1,2.95,2.9520972250029445,completed,2.984951338992687,34.951338992686765,20.545440673828125
709,1,1,2.9541666666666666,2.956677686976036,completed,2.9922494140046183,38.082747337951695,20.425216674804688
710,2,1,2.9583333333333335,2.961253058980219,completed,2.995422301988583,37.08896865524957,20.702911376953125
711,3,1,2.9625,2.965826045983704,completed,3.0046935549762566,42.19355497625665,20.69443130493164
712,0,0,2.966666666666667,2.9704062679957133,completed,3.009242746978998,42.5760803123314,20.637983322143555
713,1,0,2.970833333333333,2.9752399909775704,dropped_dispatch_late,,,
714,2,0,2.975,2.9752557809988502,completed,3.0137976999976672,38.79769999766714,15.641247749328613
715,3,0,2.9791666666666665,2.9798709279857576,completed,3.018378832988674,39.212166322007306,15.423104286193848
716,0,1,2.9833333333333334,2.9844561489881016,dropped_queue_full,,,
717,1,1,2.9875,2.987637882994022,completed,3.0229464799922425,35.44647999224271,30.945344924926758
718,2,1,2.9916666666666667,2.992243291984778,dropped_queue_full,,,
719,3,1,2.995833333333333,2.995900209993124,dropped_queue_full,,,
720,0,0,3.0,3.0000987959792838,completed,3.027535828994587,27.535828994587064,20.556991577148438
721,1,0,3.0041666666666664,3.004686150990892,completed,3.037042969983304,32.87630331663749,10.834464073181152
722,2,0,3.0083333333333333,3.009237327001756,completed,3.0417128219851293,33.37948865179597,25.88159942626953
723,3,0,3.0125,3.013790286000585,completed,3.0463172390009277,33.81723900092748,26.14031982421875
724,0,1,3.0166666666666666,3.0183713589794934,completed,3.0509171079902444,34.250441323577796,21.08608055114746
725,1,1,3.0208333333333335,3.022940117982216,completed,3.055512517981697,34.67918464836339,20.546688079833984
726,2,1,3.025,3.0275305889954325,completed,3.055521956004668,30.521956004668116,15.954848289489746
727,3,1,3.029166666666667,3.032116540998686,completed,3.0647125149844214,35.54584831775465,20.3723201751709
728,0,0,3.033333333333333,3.0370364580012392,completed,3.069278549985029,35.94521665169559,20.436128616333008
729,1,0,3.0375,3.04170592900482,dropped_dispatch_late,,,
730,2,0,3.0416666666666665,3.041721107001649,completed,3.0738859720004257,32.219305333759166,20.305248260498047
731,3,0,3.0458333333333334,3.0463096339954063,completed,3.0786873739853036,32.85404065197017,15.52560043334961
732,0,1,3.05,3.0509117269830313,completed,3.0878741460037418,37.87414600374195,15.603936195373535
733,1,1,3.0541666666666667,3.055506124976091,completed,3.0888468839984853,34.68021733181858,33.06940841674805
734,2,1,3.058333333333333,3.060130109981401,completed,3.094208449998405,35.8751166650717,20.348159790039062
735,3,1,3.0625,3.064705080993008,completed,3.099260767980013,36.76076798001304,20.511295318603516
736,0,0,3.0666666666666664,3.0692733299802057,completed,3.104657680989476,37.99101432280949,20.450847625732422
737,1,0,3.0708333333333333,3.0738718759967014,completed,3.1138066909916233,42.97335765829003,20.51958465576172
738,2,0,3.075,3.078679658996407,completed,3.1183893669804092,43.38936698040907,20.51366424560547
739,3,0,3.0791666666666666,3.0832847179844975,completed,3.1230757199809887,43.909053314322044,20.536096572875977
740,0,1,3.0833333333333335,3.087868756003445,dropped_dispatch_late,,,
741,1,1,3.0875,3.0878840450022835,dropped_queue_full,,,
742,2,1,3.091666666666667,3.091673824994359,dropped_queue_full,,,
743,3,1,3.095833333333333,3.0959400399879087,dropped_queue_full,,,
744,0,0,3.1,3.100051920977421,completed,3.127656622993527,27.65662299352689,20.36742401123047
745,1,0,3.1041666666666665,3.1046525010024197,completed,3.13222880900139,28.062142334723372,20.43846321105957
746,2,0,3.1083333333333334,3.109228383982554,completed,3.136805342976004,28.472009642670493,20.275136947631836
747,3,0,3.1125,3.11380019900389,completed,3.1415873779915273,29.087377991527497,20.454784393310547
748,0,1,3.1166666666666667,3.1183821839804295,completed,3.1461515679839067,29.48490131724002,20.586463928222656
749,1,1,3.120833333333333,3.123068135988433,completed,3.150748380983714,29.915047650380888,20.558399200439453
750,2,1,3.125,3.127651432994753,completed,3.1599285409902222,34.928540990222245,20.574399948120117
751,3,1,3.1291666666666664,3.132222546992125,completed,3.1599373079952784,30.77064132861196,15.887519836425781
752,0,0,3.1333333333333333,3.1367979889910202,completed,3.169049238000298,35.71590466696462,20.00556755065918
753,1,0,3.1375,3.14158002397744,completed,3.1736392579914536,36.139257991453455,20.607168197631836
754,2,0,3.1416666666666666,3.1461459979764186,dropped_dispatch_late,,,
755,3,0,3.1458333333333335,3.146161206997931,completed,3.1782282859785482,32.394952645214744,20.511072158813477
756,0,1,3.15,3.150741808989551,completed,3.183081034978386,33.0810349783861,15.647168159484863
757,1,1,3.154166666666667,3.1553395529917907,completed,3.18766066498938,33.49399832271338,15.686847686767578
758,2,1,3.158333333333333,3.1599215079913847,completed,3.1924355659866706,34.10223265333734,32.23152160644531
759,3,1,3.1625,3.1644988939806353,completed,3.1977912499860395,35.29124998603939,20.489728927612305
760,0,0,3.1666666666666665,3.1690437979996204,completed,3.204621666984167,37.955000317500435,20.502431869506836
761,1,0,3.1708333333333334,3.1736329959821887,completed,3.2079490079777315,37.11567464439813,20.509056091308594
762,2,0,3.175,3.1782207719807047,completed,3.2130813179828692,38.0813179828694,20.345504760742188
763,3,0,3.1791666666666667,3.1830756449780893,completed,3.2222983579849824,43.13169131831573,20.293920516967773
764,0,1,3.183333333333333,3.187654092995217,dropped_dispatch_late,,,
765,1,1,3.1875,3.187669712002389,completed,3.2268678079999518,39.367807999951765,15.500255584716797
766,2,1,3.1916666666666664,3.192259400995681,dropped_queue_full,,,
767,3,1,3.1958333333333333,3.195886461995542,dropped_queue_full,,,
768,0,0,3.2,3.2000016899837647,completed,3.2314715739921667,31.47157399216649,25.575807571411133
769,1,0,3.2041666666666666,3.2046162259939592,dropped_queue_full,,,
770,2,0,3.2083333333333335,3.2084256630041637,completed,3.236046064994298,27.71273166096444,20.653728485107422
771,3,0,3.2125,3.213074514991604,completed,3.240712850994896,28.212850994896232,20.43891143798828
772,0,1,3.216666666666667,3.217667820979841,completed,3.245453315990744,28.786649324077374,15.595711708068848
773,1,1,3.220833333333333,3.222290673002135,completed,3.250054376985645,29.221043652311707,25.41548728942871
774,2,1,3.225,3.2268612859770656,completed,3.2546563089999836,29.656308999983505,20.575008392333984
775,3,1,3.2291666666666665,3.2314665549783967,completed,3.263855765981134,34.68909931446751,20.56608009338379
776,0,0,3.2333333333333334,3.236038890987402,completed,3.263844404980773,30.511071647439714,15.736384391784668
777,1,0,3.2375,3.2407058069948107,completed,3.2730675259954296,35.56752599542978,20.388736724853516
778,2,0,3.2416666666666667,3.245448015979491,completed,3.277689926995663,36.02326032899627,20.47020721435547
779,3,0,3.245833333333333,3.2500482149771415,dropped_dispatch_late,,,
780,0,1,3.25,3.2500629229762126,completed,3.2823039130016696,32.30391300166957,20.421567916870117
781,1,1,3.2541666666666664,3.254649115988286,completed,3.2874450999952387,33.27843332857228,15.592991828918457
782,2,1,3.2583333333333333,3.2592324229772203,completed,3.2920521819905844,33.71884865725106,15.683712005615234
783,3,1,3.2624999999999997,3.263838983984897,completed,3.2966432239918504,34.14322399185066,31.79155158996582
784,0,0,3.2666666666666666,3.268436397978803,completed,3.3012042889895383,34.53762232287172,20.51433563232422
785,1,0,3.2708333333333335,3.2730606429977342,completed,3.310449822980445,39.61648964711139,20.54560089111328
786,2,0,3.275,3.277682824002113,completed,3.3114227109763306,36.42271097633065,20.596576690673828
787,3,0,3.279166666666667,3.2822985829843674,completed,3.316583445004653,37.4167783379864,20.595359802246094
788,0,1,3.283333333333333,3.2874384469760116,completed,3.325579905998893,42.24657266555987,20.55753517150879
789,1,1,3.2875,3.2920451590034645,dropped_dispatch_late,,,
790,2,1,3.2916666666666665,3.292060598003445,completed,3.3302001929841936,38.53352631752705,15.653792381286621
791,3,1,3.2958333333333334,3.296635468985187,completed,3.334810391999781,38.97705866644774,15.615967750549316
792,0,0,3.3,3.301198867993662,completed,3.339407053979812,39.40705397981237,15.6746244430542
793,1,0,3.3041666666666667,3.3057834079954773,completed,3.346472085977439,42.30541931077214,36.316097259521484
794,2,0,3.308333333333333,3.3104433709813748,dropped_queue_full,,,
795,3,0,3.3125,3.312531086994568,dropped_queue_full,,,
796,0,1,3.3166666666666664,3.3167437999800313,dropped_queue_full,,,
797,1,1,3.3208333333333333,3.3209423559892457,completed,3.3511903089820407,30.35697564870743,6.054175853729248
798,2,1,3.3249999999999997,3.3255745159985963,completed,3.3511991659761406,26.199165976140915,21.792095184326172
799,3,1,3.3291666666666666,3.3301930299785454,completed,3.355787402979331,26.620736312664484,21.725055694580078
800,0,0,3.3333333333333335,3.334802586992737,completed,3.364942644984694,31.609311651360716,26.214271545410156
801,1,0,3.3375,3.339401713979896,dropped_queue_full,,,
802,2,0,3.341666666666667,3.3417824170028325,completed,3.374138896004297,32.472229337630054,20.462848663330078
803,3,0,3.345833333333333,3.3464655429997947,completed,3.378759553976124,32.92622064279094,20.319456100463867
804,0,1,3.35,3.351183876977302,completed,3.3833408170030452,33.340817003045146,15.695455551147461
805,1,1,3.3541666666666665,3.355772643990349,completed,3.3881469769985415,33.98031033187499,29.041791915893555
806,2,1,3.3583333333333334,3.360364537977148,completed,3.39270882398705,34.37549065371659,20.617055892944336
807,3,1,3.3625,3.3649372950021643,completed,3.397327888989821,34.827888989821254,20.814912796020508
808,0,0,3.3666666666666667,3.369542232976528,completed,3.3973161460016854,30.649479335018714,15.969056129455566
809,1,0,3.370833333333333,3.3741319319815375,completed,3.4064734029816464,35.64006964831323,20.466527938842773
810,2,0,3.375,3.378752049000468,completed,3.411049064976396,36.04906497639604,20.438432693481445
811,3,0,3.3791666666666664,3.383335477003129,dropped_dispatch_late,,,
812,0,1,3.3833333333333333,3.383553891995689,completed,3.4201861739857122,36.85284065237893,20.3338565826416
813,1,1,3.3874999999999997,3.3881405949941836,completed,3.424769329983974,37.269329983974146,15.573535919189453
814,2,1,3.3916666666666666,3.3927019109833054,completed,3.429390118981246,37.7234523145793,15.57583999633789
815,3,1,3.3958333333333335,3.3973108359787147,completed,3.43189394500223,36.0606116688964,34.31497573852539
816,0,0,3.4,3.401915063004708,completed,3.4371010070026387,37.10100700263874,20.442720413208008
817,1,0,3.404166666666667,3.4064670209772885,completed,3.446268883999437,42.10221733277031,20.68377685546875
818,2,0,3.408333333333333,3.4110419919888955,completed,3.4510539939801674,42.72066064683422,20.481760025024414
819,3,0,3.4125,3.415617153979838,completed,3.4556150489952415,43.11504899524144,20.49897575378418
820,0,1,3.4166666666666665,3.4201810839877,completed,3.4602106499951333,43.543983328466766,20.471904754638672
821,1,1,3.4208333333333334,3.424763027986046,completed,3.464762627001619,43.929293668285574,20.51740837097168
822,2,1,3.425,3.429382784990594,dropped_dispatch_late,,,
823,3,1,3.4291666666666667,3.4293984539981466,dropped_queue_full,,,
824,0,0,3.433333333333333,3.4334719729959033,dropped_queue_full,,,
825,1,0,3.4375,3.437578824989032,dropped_queue_full,,,
826,2,0,3.4416666666666664,3.4416737639985513,completed,3.4693487799959257,27.682113329259295,20.49456024169922
827,3,0,3.4458333333333333,3.446262432000367,completed,3.4739857989770826,28.15246564374929,20.554912567138672
828,0,1,3.4499999999999997,3.451047030976042,completed,3.478574716980802,28.57471698080216,20.48076820373535
829,1,1,3.4541666666666666,3.455607654992491,completed,3.4876934999774676,33.526833310800974,20.521472930908203
830,2,1,3.4583333333333335,3.460205719980877,completed,3.492527843976859,34.19451064352552,20.328704833984375
831,3,1,3.4625,3.4647563149919733,completed,3.497121790976962,34.62179097696216,20.5545597076416
832,0,0,3.466666666666667,3.469341435993556,completed,3.5016902499774005,35.02358331073374,20.43017578125
833,1,0,3.470833333333333,3.473977572983131,completed,3.5016997279890347,30.866394655701512,15.77616024017334
834,2,0,3.475,3.478569245984545,completed,3.5108285209862515,35.82852098625145,20.430816650390625
835,3,0,3.4791666666666665,3.4831383359851316,completed,3.5154141719976906,36.24750533102406,20.4484806060791
836,0,1,3.4833333333333334,3.4876869279833045,dropped_dispatch_late,,,
837,1,1,3.4875,3.487956539989682,completed,3.520017467002617,32.51746700261737,20.35158348083496
838,2,1,3.4916666666666667,3.4925210810033605,completed,3.5291566489904653,37.48998232379863,15.638912200927734
839,3,1,3.495833333333333,3.497114226978738,completed,3.5337607959809247,37.92746264759161,15.622079849243164
840,0,0,3.5,3.501684619986918,completed,3.5353620979876723,35.362097987672314,33.35798263549805
841,1,0,3.5041666666666664,3.5062677359965164,completed,3.540576854982646,36.41018831597975,20.50204849243164
842,2,0,3.5083333333333333,3.5108214869978838,completed,3.545629593980266,37.29626064693248,20.706783294677734
843,3,0,3.5124999999999997,3.5154065979877487,completed,3.555386919993907,42.88691999390748,20.70921516418457
844,0,1,3.5166666666666666,3.5200110349978786,completed,3.559963974985294,43.29730831862744,20.540063858032227
845,1,1,3.5208333333333335,3.5245987300004344,completed,3.5645624109893106,43.72907765597711,20.590015411376953
846,2,1,3.525,3.52914976599277,completed,3.5691919759847224,44.19197598472246,20.671232223510742
847,3,1,3.529166666666667,3.5337533819838427,dropped_dispatch_late,,,
848,0,0,3.533333333333333,3.5337684209807776,dropped_queue_full,,,
849,1,0,3.5375,3.537571194989141,dropped_queue_full,,,
850,2,0,3.5416666666666665,3.541683807998197,dropped_queue_full,,,
851,3,0,3.5458333333333334,3.545941115997266,completed,3.5737726480001584,27.939314666824977,20.708768844604492
852,0,1,3.55,3.550774386996636,completed,3.5783795899769757,28.379589976975872,20.638687133789062
853,1,1,3.5541666666666667,3.5553790449921507,completed,3.5829560539859813,28.789387319314574,20.690303802490234
854,2,1,3.558333333333333,3.559958475001622,completed,3.5875165879842825,29.183254650949397,20.72150421142578
855,3,1,3.5625,3.5645559589902405,completed,3.5969799959857482,34.479995985748246,20.686687469482422
856,0,0,3.5666666666666664,3.569184581981972,completed,3.601523488003295,34.856821336628485,20.762592315673828
857,1,0,3.5708333333333333,3.573764934000792,completed,3.601532854983816,30.69952165048262,16.084896087646484
858,2,0,3.5749999999999997,3.5783744599903002,completed,3.6107238559925463,35.723855992546575,18.30089569091797
859,3,0,3.5791666666666666,3.582949571980862,completed,3.6153494229947682,36.18275632810164,20.705055236816406
860,0,1,3.5833333333333335,3.587509545002831,dropped_dispatch_late,,,
861,1,1,3.5875,3.587525063980138,completed,3.619927049992839,32.42704999283896,20.558656692504883
862,2,1,3.591666666666667,3.5921067179879174,completed,3.6245124010019936,32.84573433532678,15.756128311157227
863,3,1,3.595833333333333,3.5969723419984803,completed,3.6336891139799263,37.85578064659312,15.736255645751953
864,0,0,3.6,3.6015179969836026,completed,3.6343436680035666,34.34366800356648,32.54451370239258
865,1,0,3.6041666666666665,3.6061241179995704,completed,3.63962781598093,35.461149314263366,20.472000122070312
866,2,0,3.6083333333333334,3.610716812981991,completed,3.6445230660028756,36.189732669542174,20.505952835083008
867,3,0,3.6125,3.6153417989844456,completed,3.650525157980155,38.02515798015538,20.474464416503906
868,0,1,3.6166666666666667,3.619920497003477,completed,3.655338712997036,38.672046330369355,20.529855728149414
869,1,1,3.620833333333333,3.6245054579922,completed,3.664470079995226,43.636746661892985,20.537792205810547
870,2,1,3.625,3.62910700897919,completed,3.6690474659844767,44.04746598447673,20.767711639404297
871,3,1,3.6291666666666664,3.633681388979312,dropped_dispatch_late,,,
872,0,0,3.6333333333333333,3.6336973299912643,dropped_queue_full,,,
873,1,0,3.6374999999999997,3.637569555983646,dropped_queue_full,,,
874,2,0,3.6416666666666666,3.6416740429995116,dropped_queue_full,,,
875,3,0,3.6458333333333335,3.645943082985468,completed,3.6736141209839843,27.78078765065084,20.660703659057617
876,0,1,3.65,3.6505175339989364,completed,3.678238075983245,28.238075983245015,20.775775909423828
877,1,1,3.654166666666667,3.6553333129850216,completed,3.682833896978991,28.66723031232432,20.77459144592285
878,2,1,3.658333333333333,3.6599048969801515,completed,3.6874364399991464,29.103106665813172,20.742687225341797
879,3,1,3.6625,3.6644636080018245,completed,3.6920689409889746,29.568940988974557,20.775423049926758
880,0,0,3.6666666666666665,3.6690402919775806,completed,3.696689628995955,30.02296232928847,20.653215408325195
881,1,0,3.6708333333333334,3.6736061660049018,completed,3.7061279789777473,35.29464564441387,20.757984161376953
882,2,0,3.675,3.678232714999467,completed,3.7061376579804346,31.137657980434774,15.948543548583984
883,3,0,3.6791666666666667,3.6828273439896293,completed,3.715324419987155,36.157753320488425,20.75766372680664
884,0,1,3.683333333333333,3.687429516983684,completed,3.7199016659869812,36.56833265364811,20.672767639160156
885,1,1,3.6875,3.692060945992125,dropped_dispatch_late,,,
886,2,1,3.6916666666666664,3.692076905979775,completed,3.724533906002762,32.867239336095366,20.558496475219727
887,3,1,3.6958333333333333,3.696684088004986,completed,3.7291449659969658,33.311632663632466,15.657471656799316
888,0,0,3.6999999999999997,3.701536987995496,completed,3.733714976988267,33.71497698826742,15.689472198486328
889,1,0,3.7041666666666666,3.706121416995302,completed,3.7386293429881334,34.46267632146682,32.19388961791992
890,2,0,3.7083333333333335,3.710722146992339,completed,3.7436863809998613,35.3530476665278,20.60028839111328
891,3,0,3.7125,3.71531672499259,completed,3.750499683985254,37.99968398525388,20.626880645751953
892,0,1,3.716666666666667,3.7198961449903436,completed,3.75431073398795,37.644067321283,20.6231689453125
893,1,1,3.720833333333333,3.7245269429986365,completed,3.7635037989821285,42.670465648795286,20.773088455200195
894,2,1,3.725,3.729137421003543,completed,3.7681066730001476,43.10667300014748,20.796415328979492
895,3,1,3.7291666666666665,3.733709477004595,dropped_dispatch_late,,,
896,0,0,3.7333333333333334,3.733724785997765,completed,3.772669149999274,39.33581666594055,15.703680038452148
897,1,0,3.7375,3.738295930001186,dropped_queue_full,,,
898,2,0,3.7416666666666667,3.741782583994791,dropped_queue_full,,,
899,3,0,3.745833333333333,3.7458852179988753,completed,3.7772574969858397,31.424163652506554,25.72604751586914
900,0,1,3.75,3.750491968996357,dropped_queue_full,,,
901,1,1,3.7541666666666664,3.754304973001126,completed,3.7818782049871515,27.71153832048512,20.70262336730957
902,2,1,3.7583333333333333,3.758912295976188,completed,3.7864646679954603,28.131334662127028,20.598880767822266
903,3,1,3.7624999999999997,3.763497355976142,completed,3.7910495579999406,28.549557999940856,15.755200386047363
904,0,0,3.7666666666666666,3.7680995689879637,completed,3.8002652559953276,33.598589328661,25.63190460205078
905,1,0,3.7708333333333335,3.772664010990411,completed,3.8051536019775085,34.32026864417503,20.63395118713379
906,2,0,3.775,3.7772500930004753,completed,3.809711059991969,34.71105999196888,20.581567764282227
907,3,0,3.779166666666667,3.781871922983555,completed,3.814335104980273,35.16843831360639,20.47430419921875
908,0,1,3.783333333333333,3.7864576949796174,completed,3.814323622995289,30.990289661955828,15.918911933898926
909,1,1,3.7875,3.7910418039828073,completed,3.8235249829886016,36.024982988601465,20.43391990661621
910,2,1,3.7916666666666665,3.7956699460046366,completed,3.828141723992303,36.4750573256365,20.727264404296875
911,3,1,3.7958333333333334,3.8002601259795483,dropped_dispatch_late,,,
912,0,0,3.8,3.800540618976811,completed,3.8327075779961888,32.70757799618895,20.470239639282227
913,1,0,3.8041666666666667,3.805147039995063,completed,3.841862419998506,37.695753331839384,15.841952323913574
914,2,0,3.808333333333333,3.8097041869768873,completed,3.8427934490027837,34.460115669450616,15.845824241638184
915,3,0,3.8125,3.8143183529900853,completed,3.8479986070015,35.498607001500204,33.4189453125
916,0,1,3.8166666666666664,3.81894819898298,completed,3.8532034950039815,36.536828337315086,20.57423973083496
917,1,1,3.8208333333333333,3.823518700985005,completed,3.859188495000126,38.35516166679254,20.617311477661133
918,2,1,3.8249999999999997,3.8281347609881777,completed,3.8637659209780395,38.76592097803977,20.591264724731445
919,3,1,3.8291666666666666,3.832702277984936,completed,3.8729692449851427,43.802578318476115,20.590208053588867
920,0,0,3.8333333333333335,3.837277088983683,completed,3.8775513999862596,44.218066652926154,20.482624053955078
921,1,0,3.8375,3.841856237995671,dropped_dispatch_late,,,
922,2,0,3.841666666666667,3.841871557000559,dropped_queue_full,,,
923,3,0,3.845833333333333,3.8459397859987803,dropped_queue_full,,,
924,0,1,3.85,3.850043761980487,dropped_queue_full,,,
925,1,1,3.8541666666666665,3.8543095759814605,completed,3.88216976300464,28.0030963379736,20.673599243164062
926,2,1,3.8583333333333334,3.8591823229799047,completed,3.886764291994041,28.43095866070744,20.465824127197266
927,3,1,3.8625,3.8637587769771926,completed,3.891384037997341,28.88403799734096,20.524255752563477
928,0,0,3.8666666666666667,3.8683514619769994,completed,3.896024703979492,29.35803731282549,20.522720336914062
929,1,0,3.870833333333333,3.8729615899792407,completed,3.900638959981734,29.805626648400807,20.558271408081055
930,2,0,3.875,3.8775459489843342,completed,3.905606596992584,30.606596992583945,20.49020767211914
931,3,0,3.8791666666666664,3.8821634009946138,completed,3.905616194999311,26.44952833264469,15.77462387084961
932,0,1,3.8833333333333333,3.886757217987906,completed,3.9102158139867242,26.88248065339094,15.506367683410645
933,1,1,3.8874999999999997,3.8913764839817304,completed,3.923956486978568,36.45648697856841,20.287391662597656
934,2,1,3.8916666666666666,3.896019373991294,dropped_dispatch_late,,,
935,3,1,3.8958333333333335,3.8960347429965623,completed,3.928519916982623,32.68658364928933,20.226816177368164
936,0,0,3.9,3.900632857985329,completed,3.933104295982048,33.104295982048,20.346879959106445
937,1,0,3.904166666666667,3.9055992429784965,completed,3.9376845369988587,33.51787033219189,15.532544136047363
938,2,0,3.908333333333333,3.9102103729965165,completed,3.9423231190012302,33.98978566789701,30.39571189880371
939,3,0,3.9125,3.914813116978621,completed,3.946911815990461,34.41181599046095,20.3286075592041
940,0,1,3.9166666666666665,3.919393949996447,completed,3.951460246986244,34.79358031957736,20.33782386779785
941,1,1,3.9208333333333334,3.923950194992358,completed,3.9560604259895626,35.22709265622925,15.598112106323242
942,2,1,3.925,3.9285123719892,completed,3.961409808980534,36.40980898053403,20.41219139099121
943,3,1,3.9291666666666667,3.9330988449801225,completed,3.9666840089776088,37.517342310942055,20.41417694091797
944,0,0,3.933333333333333,3.937678144982783,dropped_dispatch_late,,,
945,1,0,3.9375,3.9376933939929586,completed,3.97223821998341,34.73821998341009,18.08576011657715
946,2,0,3.9416666666666664,3.9423161360027734,completed,3.9796455919859,37.978925319233525,15.615008354187012
947,3,0,3.9458333333333333,3.946904241980519,completed,3.9842261640005745,38.3928306672412,15.654496192932129
948,0,1,3.9499999999999997,3.9514547269791365,completed,3.987364375992911,37.36437599291121,35.61008071899414
949,1,1,3.9541666666666666,3.956054103997303,completed,3.996742240997264,42.575574330597554,20.328128814697266
950,2,1,3.9583333333333335,3.960760816000402,dropped_queue_full,,,
951,3,1,3.9625,3.9625231139943935,dropped_queue_full,,,
952,0,0,3.966666666666667,3.966676935000578,completed,4.00134883300052,34.68216633385346,10.694944381713867
953,1,0,3.970833333333333,3.971272765978938,dropped_queue_full,,,
954,2,0,3.975,3.975043860002188,completed,4.001359252986731,26.35925298673092,21.079999923706055
955,3,0,3.9791666666666665,3.979638578981394,completed,4.010890318983002,31.723652316335116,25.838623046875
956,0,1,3.9833333333333334,3.984218529978534,dropped_queue_full,,,
957,1,1,3.9875,3.987526354001602,completed,4.015589666989399,28.089666989399298,20.60540771484375
958,2,1,3.9916666666666667,3.9921230559994,completed,4.0202453209785745,28.57865431190776,20.387104034423828
959,3,1,3.995833333333333,3.9967356989800464,completed,4.024845951003954,29.01261767062069,15.568063735961914
960,0,0,4.0,4.00134365298436,completed,4.0294701459934,29.470145993400365,27.114559173583984
961,1,0,4.004166666666666,4.00622749098693,completed,4.034065916988766,29.89925032209939,20.509920120239258
962,2,0,4.008333333333333,4.010882914997637,completed,4.043239884980721,34.90655164738854,20.239744186401367
963,3,0,4.0125,4.015583193977363,completed,4.043249623995507,30.74962399550696,15.568672180175781
964,0,1,4.016666666666667,4.02023864898365,completed,4.05243127598078,35.764609314113294,17.96227264404297
965,1,1,4.020833333333333,4.024838496989105,completed,4.057071150979027,36.237817645694115,20.428543090820312
966,2,1,4.025,4.029464544990333,dropped_dispatch_late,,,
967,3,1,4.029166666666667,4.029480094992323,completed,4.061680005979724,32.51333931305744,20.391456604003906
968,0,0,4.033333333333333,4.034059403988067,completed,4.066473121987656,33.139788654322544,15.551648139953613
969,1,0,4.0375,4.0386322519916575,completed,4.071108207979705,33.60820797970554,15.540575981140137
970,2,0,4.041666666666667,4.043232540978352,completed,4.075723235000623,34.05656833395643,31.726207733154297
971,3,0,4.045833333333333,4.047847157984506,completed,4.080639024003176,34.805690669842626,20.232383728027344
972,0,1,4.05,4.052425895992201,completed,4.088096350984415,38.09635098441522,20.254079818725586
973,1,1,4.054166666666666,4.057064888998866,completed,4.090789015986957,36.622349320290404,20.29043197631836
974,2,1,4.058333333333334,4.0616728229797445,completed,4.095842315990012,37.50898265667857,20.457759857177734
975,3,1,4.0625,4.066467641998315,completed,4.105063673981931,42.56367398193106,20.317216873168945
976,0,0,4.066666666666666,4.0711015749839135,dropped_dispatch_late,,,
977,1,0,4.070833333333333,4.071117023995612,completed,4.110497496993048,39.66416365971526,15.63974380493164
978,2,0,4.075,4.075715790997492,completed,4.115754033002304,40.754033002303736,15.51632022857666
979,3,0,4.079166666666667,4.080304417992011,dropped_queue_full,,,
980,0,1,4.083333333333333,4.083467196993297,completed,4.12036221800372,37.02888467038701,30.985824584960938
981,1,1,4.0875,4.08809106098488,dropped_queue_full,,,
982,2,1,4.091666666666667,4.091739641997265,dropped_queue_full,,,
983,3,1,4.095833333333333,4.095835974003421,completed,4.124958770000376,29.125436667042592,20.64044761657715
984,0,0,4.1,4.1004608499933966,completed,4.12952260999009,29.522609990090487,10.909664154052734
985,1,0,4.104166666666667,4.1050560000003316,completed,4.134089886996662,29.92322032999528,25.981792449951172
986,2,0,4.108333333333333,4.110490463994211,completed,4.138662953977473,30.329620644139688,26.229759216308594
987,3,0,4.1125,4.1157469599856995,completed,4.138672542991117,26.17254299111682,16.227327346801758
988,0,1,4.116666666666666,4.120357107982272,completed,4.147767590999138,31.100924332471358,15.61945629119873
989,1,1,4.120833333333334,4.124951225996483,completed,4.156958139996277,36.1248066629436,20.60527992248535
990,2,1,4.125,4.129517159977695,dropped_dispatch_late,,,
991,3,1,4.129166666666666,4.1295324489765335,completed,4.161524995986838,32.358329320171464,20.474624633789062
992,0,0,4.133333333333333,4.134083333978197,completed,4.166085930977715,32.75259764438232,18.450176239013672
993,1,0,4.1375,4.138655700982781,completed,4.170650813000975,33.150813000975,15.553183555603027
994,2,0,4.141666666666667,4.143214941985207,completed,4.175232918001711,33.56625133504476,30.595232009887695
995,3,0,4.145833333333333,4.147762350999983,completed,4.179834569978993,34.00123664566035,20.334463119506836
996,0,1,4.15,4.152347601979272,completed,4.184460467979079,34.46046797907876,20.137792587280273
997,1,1,4.154166666666667,4.15695172798587,completed,4.194031269988045,39.86460332137831,20.31318473815918
998,2,1,4.158333333333333,4.161517932981951,completed,4.19436828000471,36.034946671376744,20.224000930786133
999,3,1,4.1625,4.166080620983848,completed,4.199737960996572,37.23796099657228,20.389631271362305
1000,0,0,4.166666666666667,4.17064434097847,completed,4.208883174986113,42.2165083194459,20.384096145629883
1001,1,0,4.170833333333333,4.1752259649802,dropped_dispatch_late,,,
1002,2,0,4.175,4.175241303979419,completed,4.214328558999114,39.328558999113916,15.491423606872559
1003,3,0,4.179166666666666,4.179826884996146,completed,4.218995334987994,39.82866832132803,15.447392463684082
1004,0,1,4.183333333333334,4.184453294001287,completed,4.223579533980228,40.24620064689444,15.461919784545898
1005,1,1,4.1875,4.189084722980624,completed,4.229659303993685,42.15930399368517,35.75859069824219
1006,2,1,4.191666666666666,4.194024586991873,dropped_queue_full,,,
1007,3,1,4.195833333333333,4.195942010002909,dropped_queue_full,,,
1008,0,0,4.2,4.200056186004076,dropped_queue_full,,,
1009,1,0,4.204166666666667,4.204256786004407,completed,4.234262379002757,30.095712336090763,5.935840129852295
1010,2,0,4.208333333333333,4.208877914992627,completed,4.234272267000051,25.938933666718178,21.57107162475586
1011,3,0,4.2125,4.214321385981748,completed,4.23884963299497,26.34963299496995,21.132320404052734
1012,0,1,4.216666666666667,4.218987620988628,completed,4.248008291993756,31.341625327089062,26.16409683227539
1013,1,1,4.220833333333333,4.223574164003367,dropped_queue_full,,,
1014,2,1,4.225,4.225015140982578,completed,4.2526236699777655,27.623669977765886,20.34441566467285
1015,3,1,4.229166666666667,4.229652882000664,completed,4.257233437994728,28.066771328060902,20.30601692199707
1016,0,0,4.233333333333333,4.234255775983911,completed,4.266429387993412,33.0960546600787,15.57472038269043
1017,1,0,4.2375,4.238842539984034,completed,4.271026209986303,33.52620998630318,28.303775787353516
1018,2,0,4.241666666666666,4.243430845992407,completed,4.27562056898023,33.953902313563766,20.445568084716797
1019,3,0,4.245833333333334,4.248002881999128,completed,4.280286612978671,34.453279645337176,20.72662353515625
1020,0,1,4.25,4.252616546989884,completed,4.284874257980846,34.87425798084587,20.562368392944336
1021,1,1,4.254166666666666,4.25722592297825,completed,4.284883635991719,30.71696932505219,15.896672248840332
1022,2,1,4.258333333333333,4.261847032001242,completed,4.294296648004092,35.96331467075942,20.548927307128906
1023,3,1,4.2625,4.266423956985818,completed,4.298923778987955,36.423778987955124,20.498559951782227
1024,0,0,4.266666666666667,4.2710195779800415,dropped_dispatch_late,,,
1025,1,0,4.270833333333333,4.271035277983174,completed,4.308075393986655,37.24206065332236,20.520160675048828
1026,2,0,4.275,4.2756135649979115,completed,4.312658480979735,37.65848097973468,15.412832260131836
1027,3,0,4.279166666666667,4.280278877995443,completed,4.31416203698609,34.99537031942346,15.48412799835205
1028,0,1,4.283333333333333,4.284868747985456,completed,4.319209405977745,35.876072644411394,34.0049934387207
1029,1,1,4.2875,4.289493242977187,completed,4.3245766919862945,37.07669198629482,20.341184616088867
1030,2,1,4.291666666666667,4.294289544981439,completed,4.329654820001451,37.988153334784336,20.34432029724121
1031,3,1,4.295833333333333,4.298916053987341,completed,4.338837012997828,43.00367966449503,20.326784133911133
1032,0,0,4.3,4.303502055990975,completed,4.34342195399222,43.42195399221982,20.3437442779541
1033,1,0,4.304166666666666,4.308069041988347,completed,4.347991554997861,43.82488833119513,20.37334442138672
1034,2,0,4.308333333333334,4.312651416985318,dropped_dispatch_late,,,
1035,3,0,4.3125,4.312879359989893,dropped_queue_full,,,
1036,0,1,4.316666666666666,4.316674439993221,dropped_queue_full,,,
1037,1,1,4.320833333333333,4.320940083998721,dropped_queue_full,,,
1038,2,1,4.325,4.325053006992675,completed,4.352561195992166,27.561195992166,20.40492820739746
1039,3,1,4.329166666666667,4.329647826001747,completed,4.357153930992354,27.9872643256871,20.468095779418945
1040,0,0,4.333333333333333,4.334257533977507,completed,4.36172766998061,28.394336647276752,20.65235137939453
1041,1,0,4.3375,4.338829198997701,completed,4.366284335992532,28.784335992531496,20.52716827392578
1042,2,0,4.341666666666667,4.343416522984626,completed,4.370852003979962,29.185337313295534,20.545631408691406
1043,3,0,4.345833333333333,4.347985061991494,completed,4.379999361000955,34.16602766762189,20.59561538696289
1044,0,1,4.35,4.352554031996988,completed,4.384553863987094,34.55386398709415,20.470239639282227
1045,1,1,4.354166666666667,4.35714649700094,completed,4.384563972998876,30.397306332209162,15.795488357543945
1046,2,1,4.358333333333333,4.36172231999808,completed,4.39386310899863,35.5297756652968,20.009504318237305
1047,3,1,4.3625,4.366277672990691,completed,4.398590929980855,36.09092998085561,20.487520217895508
1048,0,0,4.366666666666666,4.370844599994598,dropped_dispatch_late,,,
1049,1,0,4.370833333333334,4.370860330003779,completed,4.403201438981341,32.36810564800763,20.583391189575195
1050,2,0,4.375,4.375430761981988,completed,4.407749909994891,32.74990999489091,15.753824234008789
1051,3,0,4.379166666666666,4.379992128000595,completed,4.416916964983102,37.750298316435504,15.869824409484863
1052,0,1,4.383333333333333,4.384548242989695,completed,4.417783771990798,34.450438657465554,32.93203353881836
1053,1,1,4.3875,4.389121600979706,completed,4.423315119987819,35.815119987819166,20.700159072875977
1054,2,1,4.391666666666667,4.393855964997783,completed,4.428206852986477,36.54018631981071,20.73129653930664
1055,3,1,4.395833333333333,4.398583285976201,completed,4.4339460259943735,38.11269266104045,20.70675277709961
1056,0,0,4.4,4.403194776998134,completed,4.43851678899955,38.51678899954969,20.67635154724121
1057,1,0,4.404166666666667,4.407742715993663,completed,4.447702570003457,43.53590333679058,20.544288635253906
1058,2,0,4.408333333333333,4.412314040993806,completed,4.452326443977654,43.993110644320765,20.49590492248535
1059,3,0,4.4125,4.416909230989404,dropped_dispatch_late,,,
1060,0,1,4.416666666666667,4.417129127978114,dropped_queue_full,,,
1061,1,1,4.420833333333333,4.420941079995828,dropped_queue_full,,,
1062,2,1,4.425,4.425042000977555,dropped_queue_full,,,
1063,3,1,4.429166666666666,4.4293128039862495,completed,4.456917264993535,27.750598326869103,20.585920333862305
1064,0,0,4.433333333333334,4.433938211004715,completed,4.461494520975975,28.16118764264175,20.602943420410156
1065,1,0,4.4375,4.4385114689939655,completed,4.466068701003678,28.568701003678143,20.59561538696289
1066,2,0,4.441666666666666,4.443134250992443,completed,4.470633672986878,28.967006320211652,20.665056228637695
1067,3,0,4.445833333333333,4.447696137998719,completed,4.475271513976622,29.438180643289513,20.650943756103516
1068,0,1,4.45,4.452319229982095,completed,4.479868907976197,29.8689079761969,20.5150089263916
1069,1,1,4.454166666666667,4.456909781001741,completed,4.48903259600047,34.865929333803614,20.513023376464844
1070,2,1,4.458333333333333,4.461488999979338,completed,4.489041794004152,30.70846067081856,15.805760383605957
1071,3,1,4.4625,4.466062227991642,completed,4.498445759003516,35.94575900351593,20.435264587402344
1072,0,0,4.466666666666667,4.470626659982372,completed,4.503140597982565,36.473931315898156,20.7043514251709
1073,1,0,4.470833333333333,4.475263798987726,dropped_dispatch_late,,,
1074,2,0,4.475,4.475279197999043,completed,4.507796783000231,32.796783000231144,20.646591186523438
1075,3,0,4.479166666666667,4.47986359798233,completed,4.512456565978937,33.28989931226989,15.739168167114258
1076,0,1,4.483333333333333,4.484448426985182,completed,4.517086360981921,33.75302764858734,15.852959632873535
1077,1,1,4.4875,4.489026123977965,completed,4.5219312149856705,34.4312149856707,32.64195251464844
1078,2,1,4.491666666666666,4.493675446981797,completed,4.527353435987607,35.68676932094039,20.83020782470703
1079,3,1,4.495833333333334,4.498437923990423,completed,4.533819639997091,37.986306663757574,20.905311584472656
1080,0,0,4.5,4.503135187987937,completed,4.537728876981419,37.72887698141858,20.915359497070312
1081,1,0,4.504166666666666,4.507789739989676,completed,4.546380411979044,42.213745312377426,20.789823532104492
1082,2,0,4.508333333333333,4.512449231988285,completed,4.551000840001507,42.66750666817387,20.705568313598633
1083,3,0,4.5125,4.517080841003917,dropped_dispatch_late,,,
1084,0,1,4.516666666666667,4.5173012189916335,completed,4.555638990976149,38.97232430948261,15.798463821411133
1085,1,1,4.520833333333333,4.5219246829801705,completed,4.560286750987871,39.45341765453758,15.918111801147461
1086,2,1,4.525,4.526542665989837,dropped_queue_full,,,
1087,3,1,4.529166666666667,4.5292027489922475,completed,4.564891367976088,35.72470130942129,31.53971290588379
1088,0,0,4.533333333333333,4.533811964996858,dropped_queue_full,,,
1089,1,0,4.5375,4.537557009985903,dropped_queue_full,,,
1090,2,0,4.541666666666667,4.541672527993796,completed,4.569493240996962,27.82657433029545,20.902271270751953
1091,3,0,4.545833333333333,4.546374019992072,completed,4.5786905830027536,32.85724966942016,10.924256324768066
1092,0,1,4.55,4.550993585988181,completed,4.583319175988436,33.31917598843592,26.281856536865234
1093,1,1,4.554166666666666,4.555634071992245,completed,4.587912071991013,33.74540532434711,26.282495498657227
1094,2,1,4.558333333333334,4.560280638979748,completed,4.592587683990132,34.25435065679849,21.138336181640625
1095,3,1,4.5625,4.564883674000157,completed,4.597211547981715,34.71154798171483,20.58777618408203
1096,0,0,4.566666666666666,4.569485946994973,completed,4.602061421988765,35.39475532209835,20.614240646362305
1097,1,0,4.570833333333333,4.574082919978537,completed,4.602077852992807,31.244519659473724,15.921343803405762
1098,2,0,4.575,4.578683058993192,completed,4.611336542002391,36.33654200239089,20.52979278564453
1099,3,0,4.579166666666667,4.583313896000618,completed,4.61659233699902,37.425670332353,20.579296112060547
1100,0,1,4.583333333333333,4.587905709980987,dropped_dispatch_late,,,
1101,1,1,4.5875,4.587920938996831,completed,4.622108907002257,34.60890700225683,20.542495727539062
1102,2,1,4.591666666666667,4.592580630996963,completed,4.626999918982619,35.333252315952635,15.696415901184082
1103,3,1,4.595833333333333,4.597203532990534,completed,4.633854890998919,38.02155766558535,15.714559555053711
1104,0,0,4.6,4.6020560119941365,completed,4.637470860994654,37.47086099465413,35.114559173583984
1105,1,0,4.604166666666667,4.606697859999258,completed,4.646910192997893,42.743526331226356,20.48956871032715
1106,2,0,4.608333333333333,4.611329338978976,completed,4.651539537997451,43.20620466411729,20.781471252441406
1107,3,0,4.6125,4.615941840980668,dropped_queue_full,,,
1108,0,1,4.616666666666666,4.616753954003798,completed,4.656204569997499,39.53790333083251,15.776543617248535
1109,1,1,4.620833333333334,4.621420268988004,dropped_queue_full,,,
1110,2,1,4.625,4.62509784498252,dropped_queue_full,,,
1111,3,1,4.629166666666666,4.62920271299663,completed,4.660826459992677,31.659793326010544,25.779712677001953
1112,0,0,4.633333333333333,4.633847327000694,dropped_queue_full,,,
1113,1,0,4.6375,4.637632176978514,completed,4.665480912983185,27.980912983184503,20.81760025024414
1114,2,0,4.641666666666667,4.642312177980784,completed,4.670083206001436,28.41653933476973,20.732383728027344
1115,3,0,4.645833333333333,4.64690362100373,completed,4.67468349498813,28.85016165479737,15.803711891174316
1116,0,1,4.65,4.651531912997598,completed,4.679338688991265,29.338688991265016,25.723295211791992
1117,1,1,4.654166666666667,4.656199509976432,completed,4.688647372997366,34.48070633069911,20.720928192138672
1118,2,1,4.658333333333333,4.660818715987261,completed,4.693331260990817,34.997927657483885,20.60153579711914
1119,3,1,4.6625,4.665474339999491,completed,4.693340728990734,30.84072899073398,15.718976020812988
1120,0,0,4.666666666666667,4.6700760620005894,completed,4.702568098990014,35.90143232334686,19.039968490600586
1121,1,0,4.670833333333333,4.674675539979944,completed,4.707211068976903,36.37773564356994,20.737567901611328
1122,2,0,4.675,4.679333127976861,dropped_dispatch_late,,,
1123,3,0,4.679166666666666,4.679348698002286,completed,4.712049872003263,32.88320533659661,20.824607849121094
1124,0,1,4.683333333333334,4.6839838629821315,completed,4.716663024999434,33.32969166610056,15.86297607421875
1125,1,1,4.6875,4.688640749984188,completed,4.721306045976235,33.8060459762346,15.84876823425293
1126,2,1,4.691666666666666,4.693324127001688,completed,4.726184312981786,34.51764631511978,32.67123031616211
1127,3,1,4.695833333333333,4.6979657049814705,completed,4.731858482991811,36.02514965847803,20.542463302612305
1128,0,0,4.7,4.702562728984049,completed,4.738076304987771,38.07630498777126,20.593088150024414
1129,1,0,4.704166666666667,4.707204587000888,completed,4.746290098992176,42.12343232550975,20.684736251831055
1130,2,0,4.708333333333333,4.712042156985262,completed,4.750907520996407,42.57418766307364,20.735231399536133
1131,3,0,4.7125,4.716657404991565,completed,4.755531535978662,43.031535978661495,20.625024795532227
1132,0,1,4.716666666666667,4.721299483004259,dropped_dispatch_late,,,
1133,1,1,4.720833333333333,4.721314802998677,completed,4.760173383983783,39.34005065045021,15.6845121383667
1134,2,1,4.725,4.725928416999523,dropped_queue_full,,,
1135,3,1,4.729166666666667,4.7293143599817995,dropped_queue_full,,,
1136,0,0,4.733333333333333,4.733414880000055,completed,4.764814740978181,31.48140764484797,25.946304321289062
1137,1,0,4.7375,4.738070874998812,dropped_queue_full,,,
1138,2,0,4.741666666666666,4.741674079996301,completed,4.769471036997857,27.80437033119032,20.896255493164062
1139,3,0,4.745833333333334,4.746283626998775,completed,4.77410482999403,28.271496660696727,20.60246467590332
1140,0,1,4.75,4.75090045799152,completed,4.783335775980959,33.335775980958715,15.782400131225586
1141,1,1,4.754166666666666,4.755524351989152,completed,4.787957936991006,33.791270324339706,25.717727661132812
1142,2,1,4.758333333333333,4.76016681100009,completed,4.792559588997392,34.226255664059124,20.78281593322754
1143,3,1,4.7625,4.7648089900030755,completed,4.797237205988495,34.7372059884945,20.740543365478516
1144,0,0,4.766666666666667,4.7694637829845306,completed,4.801831813994795,35.16514732812848,20.55446434020996
1145,1,0,4.770833333333333,4.774097346002236,completed,4.801841191976564,31.007858643230968,15.921759605407715
1146,2,0,4.775,4.778722802991979,completed,4.811111994000385,36.11199400038423,20.542688369750977
1147,3,0,4.779166666666667,4.78333036598633,completed,4.815953190991422,36.786524324755376,20.75529670715332
1148,0,1,4.783333333333333,4.78795157498098,dropped_dispatch_late,,,
1149,1,1,4.7875,4.787966823991155,completed,4.82521278198692,37.71278198692052,20.729888916015625
1150,2,1,4.791666666666667,4.792552876984701,completed,4.825712260993896,34.04559432722909,15.806879997253418
1151,3,1,4.795833333333333,4.7972297109954525,completed,4.830843398987781,35.010065654447864,15.718751907348633
1152,0,0,4.8,4.801826473994879,completed,4.835890396992909,35.89039699290897,33.75132751464844
1153,1,0,4.804166666666666,4.806450668984326,completed,4.842311194981448,38.1445283147821,20.29097557067871
1154,2,0,4.808333333333334,4.811104850989068,completed,4.846995543979574,38.662210646240425,20.275264739990234
1155,3,0,4.8125,4.81594569698791,completed,4.8516185759799555,39.118575979955494,20.332576751708984
1156,0,1,4.816666666666666,4.820563218992902,completed,4.856324495980516,39.657829313849646,20.283231735229492
1157,1,1,4.820833333333333,4.825206359993899,dropped_dispatch_late,,,
1158,2,1,4.825,4.825221788982162,dropped_queue_full,,,
1159,3,1,4.829166666666667,4.8292548309837,dropped_queue_full,,,
1160,0,0,4.833333333333333,4.833358967996901,dropped_queue_full,,,
1161,1,0,4.8375,4.837627546978183,completed,4.865571973990882,28.07197399088146,20.376895904541016
1162,2,0,4.841666666666667,4.842304752004566,completed,4.870190567977261,28.523901310594013,20.361248016357422
1163,3,0,4.845833333333333,4.846988329984015,completed,4.874866530997679,29.033197664345423,20.39507293701172
1164,0,1,4.85,4.851608266995754,completed,4.879493170999922,29.493170999922214,20.448095321655273
1165,1,1,4.854166666666667,4.856319085985888,completed,4.884133094979916,29.966428313248805,20.492895126342773
1166,2,1,4.858333333333333,4.860940635990119,completed,4.888752069993643,30.418736660309698,20.476863861083984
1167,3,1,4.8625,4.865565791988047,completed,4.8887613779807,26.26137798069994,15.741056442260742
1168,0,0,4.866666666666666,4.870183555001859,completed,4.893395541992504,26.728875325837897,15.691583633422852
1169,1,0,4.870833333333334,4.874859096977161,completed,4.907188133976888,36.35480064355434,20.508352279663086
1170,2,0,4.875,4.879488220991334,dropped_dispatch_late,,,
1171,3,0,4.879166666666666,4.879502768977545,completed,4.91182447198662,32.657805319953326,20.475967407226562
1172,0,1,4.883333333333333,4.884126772987656,completed,4.916639659990324,33.30632665699085,20.53104019165039
1173,1,1,4.8875,4.88874517698423,completed,4.921289732999867,33.78973299986665,15.712032318115234
1174,2,1,4.891666666666667,4.893390171986539,completed,4.925932312995428,34.26564632876161,30.104736328125
1175,3,1,4.895833333333333,4.898039182997309,completed,4.9305309589835815,34.697625650248476,20.502880096435547
1176,0,0,4.9,4.902611048979452,completed,4.9354295450029895,35.429545002989116,20.715871810913086
1177,1,0,4.904166666666667,4.907181652000872,completed,4.935439124004915,31.27245733824857,15.789888381958008
1178,2,0,4.908333333333333,4.911816856998485,completed,4.944799555989448,36.466222656114766,20.58131217956543
1179,3,0,4.9125,4.916634419991169,completed,4.949728901003255,37.22890100325493,20.60371208190918
1180,0,1,4.916666666666667,4.921283791976748,dropped_dispatch_late,,,
1181,1,1,4.920833333333333,4.921298831002787,completed,4.955325652990723,34.492319657389636,20.437728881835938
1182,2,1,4.925,4.925925479998114,completed,4.960210171993822,35.21017199382204,15.537568092346191
1183,3,1,4.929166666666666,4.930523154995171,completed,4.967314598994562,38.14793232789615,15.567071914672852
1184,0,0,4.933333333333334,4.935424144990975,completed,4.970471415988868,37.13808265553453,34.754112243652344
1185,1,0,4.9375,4.940047928976128,completed,4.980236426985357,42.73642698535696,20.334815979003906
1186,2,0,4.941666666666666,4.944792211987078,completed,4.984943218994886,43.27655232821925,20.368255615234375
1187,3,0,4.945833333333333,4.949394234979991,dropped_queue_full,,,
1188,0,1,4.95,4.950048817991046,completed,4.989590055978624,39.59005597862397,15.52121639251709
1189,1,1,4.954166666666667,4.9546775719791185,dropped_queue_full,,,
1190,2,1,4.958333333333333,4.958466429990949,dropped_queue_full,,,
1191,3,1,4.9625,4.96257110699662,completed,4.994211605982855,31.711605982854607,25.528383255004883
1192,0,0,4.966666666666667,4.967307154991431,dropped_queue_full,,,
1193,1,0,4.970833333333333,4.970940978004364,completed,4.99887238998781,28.03905665447637,20.40105628967285
1194,2,0,4.975,4.975611300003948,completed,5.0035211719805375,28.52117198053783,20.42451286315918
1195,3,0,4.979166666666667,4.980229833978228,completed,5.008142049977323,28.975383310656078,15.680031776428223
1196,0,1,4.983333333333333,4.984936194989132,completed,5.012851337000029,29.51800366669577,25.59667205810547
1197,1,1,4.9875,4.989584825991187,completed,5.01761379398522,30.11379398521985,20.59449577331543
1198,2,1,4.991666666666666,4.9942039320012555,completed,5.022362795978552,30.69612931188548,20.792192459106445
1199,3,1,4.995833333333334,4.9988659779774025,completed,5.027016376989195,31.183043655861553,15.753408432006836
1200,0,0,5.0,5.003514248994179,completed,5.036509290977847,36.50929097784683,19.94121551513672
1201,1,0,5.004166666666666,5.008134675998008,completed,5.041152352001518,36.98568533485158,20.51763153076172
1202,2,0,5.008333333333333,5.012846116995206,dropped_dispatch_late,,,
1203,3,0,5.0125,5.012860914983321,completed,5.045887516986113,33.387516986112864,20.424768447875977
1204,0,1,5.016666666666667,5.0176071119785774,completed,5.050507262989413,33.840596322746386,15.592672348022461
1205,1,1,5.020833333333333,5.022355642984621,completed,5.055147257982753,34.31392464942018,15.653440475463867
1206,2,1,5.025,5.027009404002456,completed,5.059791570995003,34.79157099500263,31.139039993286133
1207,3,1,5.029166666666667,5.031595826992998,completed,5.059800708986586,30.634042319919175,15.693216323852539
1208,0,0,5.033333333333333,5.036503950977931,completed,5.069124230998568,35.79089766523502,20.436384201049805
1209,1,0,5.0375,5.041146009985823,completed,5.073978472995805,36.47847299580498,20.449600219726562
1210,2,0,5.041666666666667,5.045879992976552,dropped_dispatch_late,,,
1211,3,0,5.045833333333333,5.045895411982201,completed,5.07976184997824,33.928516644906814,20.401920318603516
1212,0,1,5.05,5.050502173980931,completed,5.084577307978179,34.57730797817948,15.563360214233398
1213,1,1,5.054166666666666,5.055140946002211,completed,5.092213684984017,38.04701831735091,15.592576026916504
1214,2,1,5.058333333333334,5.059775700996397,completed,5.094893656001659,36.56032266832554,34.7902717590332
1215,3,1,5.0625,5.0644541590008885,completed,5.10466673198971,42.16673198970966,20.379680633544922
1216,0,0,5.066666666666666,5.069117417995585,completed,5.109267733001616,42.60106633494942,20.35055923461914
1217,1,0,5.070833333333333,5.073803801002214,dropped_queue_full,,,
1218,2,0,5.075,5.075088420999236,completed,5.11389394197613,38.89394197612983,15.388256072998047
1219,3,0,5.079166666666667,5.079754395002965,completed,5.118497025978286,39.33035931161921,15.41327953338623
1220,0,1,5.083333333333333,5.084403426997596,dropped_queue_full,,,
1221,1,1,5.0875,5.087570693984162,completed,5.1231320219812915,35.63202198129112,30.795103073120117
1222,2,1,5.091666666666667,5.092207202978898,dropped_queue_full,,,
1223,3,1,5.095833333333333,5.095843760995194,dropped_queue_full,,,
1224,0,0,5.1,5.100045693980064,completed,5.127996823983267,27.996823983267305,20.706623077392578
1225,1,0,5.104166666666667,5.104659228003584,completed,5.1326367179863155,28.470051319648526,10.98300838470459
1226,2,0,5.108333333333333,5.1092624430020805,completed,5.137533350993181,29.200017659847255,25.791135787963867
1227,3,0,5.1125,5.113887029001489,completed,5.142159328999696,29.659328999696477,26.055200576782227
1228,0,1,5.116666666666666,5.118489341984969,completed,5.151345128979301,34.67846231263483,20.9946231842041
1229,1,1,5.120833333333334,5.12312562999432,completed,5.151354586996604,30.521253663270187,15.778176307678223
1230,2,1,5.125,5.127991613990162,completed,5.160591534979176,35.591534979175776,19.952640533447266
1231,3,1,5.129166666666666,5.132630185980815,completed,5.165219777991297,36.053111324630294,20.487808227539062
1232,0,0,5.133333333333333,5.137526336999144,dropped_dispatch_late,,,
1233,1,0,5.1375,5.137541585980216,completed,5.169833521998953,32.3335219989529,20.274431228637695
1234,2,0,5.141666666666667,5.142151573993033,completed,5.174412100983318,32.745434316651334,15.490240097045898
1235,3,0,5.145833333333333,5.146746041980805,completed,5.179015786998207,33.18245366487371,15.570367813110352
1236,0,1,5.15,5.151339688978624,completed,5.1836102649976965,33.61026499769615,31.72256088256836
1237,1,1,5.154166666666667,5.155957310984377,completed,5.188566569995601,34.399903328933945,20.355615615844727
1238,2,1,5.158333333333333,5.160584611992817,completed,5.193629187997431,35.29585466409735,20.382944107055664
1239,3,1,5.1625,5.165212232997874,completed,5.200553401984507,38.05340198450757,20.451744079589844
1240,0,0,5.166666666666667,5.169826909987023,completed,5.203841579001164,37.1749123344971,20.420127868652344
1241,1,0,5.170833333333333,5.174405047000619,completed,5.213643980998313,42.81064766497966,20.439552307128906
1242,2,0,5.175,5.179008242004784,completed,5.21825944900047,43.25944900047052,20.419647216796875
1243,3,0,5.179166666666666,5.183604905003449,dropped_dispatch_late,,,
1244,0,1,5.183333333333334,5.183620453986805,completed,5.222857022978133,39.52368964479902,15.452032089233398
1245,1,1,5.1875,5.1882322449819185,dropped_queue_full,,,
1246,2,1,5.191666666666666,5.19172706498648,dropped_queue_full,,,
1247,3,1,5.195833333333333,5.195940819976386,completed,5.22752640399267,31.693070659336797,25.68435287475586
1248,0,0,5.2,5.200545847998001,dropped_queue_full,,,
1249,1,0,5.204166666666667,5.20431975799147,completed,5.232154986995738,27.988320329071392,20.487712860107422
1250,2,0,5.208333333333333,5.2090475790027995,completed,5.236996925988933,28.663592655600034,20.675743103027344
1251,3,0,5.2125,5.213637629000004,completed,5.2423367199953645,29.83671999536419,15.692000389099121
1252,0,1,5.216666666666667,5.218252255988773,completed,5.247026829980314,30.360163313646993,25.798015594482422
1253,1,1,5.220833333333333,5.222851732978597,completed,5.251635164982872,30.80183164953887,20.64147186279297
1254,2,1,5.225,5.227518809988396,completed,5.251644662988838,26.644662988838164,15.858976364135742
1255,3,1,5.229166666666667,5.232148424984189,completed,5.256340042978991,27.17337631232386,15.643487930297852
1256,0,0,5.233333333333333,5.236989911994897,completed,5.270383410999784,37.05007766645085,20.36409568786621
1257,1,0,5.2375,5.242329455999425,dropped_dispatch_late,,,
1258,2,0,5.241666666666666,5.2423447349865455,completed,5.275091966002947,33.42529933628047,20.32159996032715
1259,3,0,5.245833333333334,5.247021920979023,completed,5.279917192994617,34.083859661283356,20.344160079956055
1260,0,1,5.25,5.2516285220044665,completed,5.28488743500202,34.88743500201963,15.626208305358887
1261,1,1,5.254166666666666,5.256332778983051,completed,5.289935234992299,35.7685683256328,30.252479553222656
1262,2,1,5.258333333333333,5.260987961984938,completed,5.289944402000401,31.61106866706831,15.699647903442383
1263,3,1,5.2625,5.2656087309878785,completed,5.299907819979126,37.407819979125456,20.472320556640625
1264,0,0,5.266666666666667,5.270377860986628,completed,5.3049648070009425,38.29814033427592,20.4803524017334
1265,1,0,5.270833333333333,5.275084842985962,dropped_dispatch_late,,,
1266,2,0,5.275,5.275100272003328,completed,5.309934708988294,34.93470898829365,20.345151901245117
1267,3,0,5.279166666666667,5.279909648990724,completed,5.314894821989583,35.728155322916066,15.576000213623047
1268,0,1,5.283333333333333,5.284881914994912,completed,5.32000635197619,36.67301864285655,15.584256172180176
1269,1,1,5.2875,5.28992859198479,completed,5.320015889999922,32.51588999992272,28.279775619506836
1270,2,1,5.291666666666667,5.294935643993085,completed,5.329938259994378,38.27159332771135,20.365663528442383
1271,3,1,5.295833333333333,5.2999003659933805,completed,5.338296939997235,42.46360666390192,20.411775588989258
1272,0,0,5.3,5.304959316999884,dropped_dispatch_late,,,
1273,1,0,5.304166666666666,5.30497478597681,completed,5.338949579978362,34.782913311695474,20.331071853637695
1274,2,0,5.308333333333334,5.309927484981017,completed,5.346404262003489,38.07092867015527,15.629023551940918
1275,3,0,5.3125,5.3148868159914855,completed,5.351008898986038,38.50889898603782,15.591584205627441
1276,0,1,5.316666666666666,5.320000501000322,completed,5.35415420398931,37.48753732264376,33.94572830200195
1277,1,1,5.320833333333333,5.324944603984477,completed,5.363554041978205,42.72070864487176,20.2708797454834
1278,2,1,5.325,5.32993109698873,dropped_dispatch_late,,,
1279,3,1,5.329166666666667,5.329946715995902,dropped_queue_full,,,
1280,0,0,5.333333333333333,5.333415685978252,completed,5.368151945993304,34.818612659971215,10.634943962097168
1281,1,0,5.3375,5.338289045001147,dropped_queue_full,,,
1282,2,0,5.341666666666667,5.341785828000866,completed,5.368162455997663,26.495789330995834,21.30294418334961
1283,3,0,5.345833333333333,5.3463969680015,completed,5.377393222996034,31.559889662700513,25.73196792602539
1284,0,1,5.35,5.351001064002048,dropped_queue_full,,,
1285,1,1,5.354166666666667,5.3543158609827515,completed,5.382009601977188,27.842935310521177,20.847551345825195
1286,2,1,5.358333333333333,5.358935707976343,completed,5.386604290979449,28.270957646115313,20.41107177734375
1287,3,1,5.3625,5.363547729997663,completed,5.391219408978941,28.719408978941097,15.670720100402832
1288,0,0,5.366666666666666,5.368146585999057,completed,5.400381343992194,33.71467732552791,27.719776153564453
1289,1,0,5.370833333333334,5.372756313998252,completed,5.405003024003236,34.16969066990205,20.84079933166504
1290,2,0,5.375,5.377385607978795,completed,5.4096015699906275,34.60156999062747,20.5482234954834
1291,3,0,5.379166666666666,5.382003029983025,completed,5.414626926998608,35.460260331941384,20.655391693115234
1292,0,1,5.383333333333333,5.386597297998378,completed,5.414615785994101,31.282452660768456,15.827103614807129
1293,1,1,5.3875,5.391211754002143,completed,5.423941171990009,36.44117199000885,20.682880401611328
1294,2,1,5.391666666666667,5.3957970250048675,completed,5.4285928789759055,36.92621230923887,20.713375091552734
1295,3,1,5.395833333333333,5.400376114004757,dropped_dispatch_late,,,
1296,0,0,5.4,5.400391153001692,completed,5.43323994698585,33.239946985849755,20.649120330810547
1297,1,0,5.404166666666667,5.404996581986779,completed,5.438061275985092,33.89460931842514,15.811296463012695
1298,2,0,5.408333333333333,5.409594245982589,completed,5.443159480986651,34.82614765331782,15.812928199768066
1299,3,0,5.4125,5.414610324980458,completed,5.448470710980473,35.97071098047344,33.519134521484375
1300,0,1,5.416666666666667,5.419267482997384,completed,5.454691448976519,38.02478230985162,20.600767135620117
1301,1,1,5.420833333333333,5.423934669001028,completed,5.459323999995831,38.49066666249801,20.640928268432617
1302,2,1,5.425,5.428585494984873,completed,5.463960036984645,38.96003698464501,20.566368103027344
1303,3,1,5.429166666666666,5.433234606985934,completed,5.4731597139907535,43.993047324087264,20.545215606689453
1304,0,0,5.433333333333334,5.4378830079804175,dropped_dispatch_late,,,
1305,1,0,5.4375,5.437890912988223,dropped_queue_full,,,
1306,2,0,5.441666666666666,5.441728171979776,dropped_queue_full,,,
1307,3,0,5.445833333333333,5.445940534991678,dropped_queue_full,,,
1308,0,1,5.45,5.450044500990771,completed,5.477767938980833,27.76793898083252,20.54275131225586
1309,1,1,5.454166666666667,5.454686078999657,completed,5.482403344998602,28.236678331935217,20.73459243774414
1310,2,1,5.458333333333333,5.459317897999426,completed,5.487003874994116,28.670541660782867,20.571008682250977
1311,3,1,5.4625,5.463952823978616,completed,5.491608010983327,29.10801098332705,20.69059181213379
1312,0,0,5.466666666666667,5.468583900976228,completed,5.496242294990225,29.57562832355798,20.774112701416016
1313,1,0,5.470833333333333,5.473152169986861,completed,5.50089422299061,30.06088965727649,20.765792846679688
1314,2,0,5.475,5.47776279898244,completed,5.510131710994756,35.131710994756205,20.85055923461914
1315,3,0,5.479166666666667,5.482397143001435,completed,5.510141370003112,30.974703336444698,16.112159729003906
1316,0,1,5.483333333333333,5.486996840976644,completed,5.51929998898413,35.96665565079693,18.259679794311523
1317,1,1,5.4875,5.491600416979054,completed,5.5238987049961,36.39870499609987,20.721920013427734
1318,2,1,5.491666666666666,5.496237074985402,dropped_dispatch_late,,,
1319,3,1,5.495833333333334,5.496252053999342,completed,5.528511277982034,32.67794464870022,20.542911529541016
1320,0,0,5.5,5.500887670001248,completed,5.533110385003965,33.11038500396535,15.74448013305664
1321,1,0,5.504166666666666,5.50550573298824,completed,5.5376791339949705,33.51246732830404,15.75817584991455
1322,2,0,5.508333333333333,5.510124508000445,completed,5.5423057439911645,33.97241065783163,31.895360946655273
1323,3,0,5.5125,5.514718995982548,completed,5.5476014239829965,35.101423982996316,20.565439224243164
1324,0,1,5.516666666666667,5.519294768979307,completed,5.554696352977771,38.029686311104705,20.834272384643555
1325,1,1,5.520833333333333,5.523892322991742,completed,5.558106540993322,37.27320765998865,20.695775985717773
1326,2,1,5.525,5.5285037939902395,completed,5.567124803987099,42.1248039870985,20.69228744506836
1327,3,1,5.529166666666667,5.533105254988186,completed,5.571730402996764,42.5637363300968,20.690080642700195
1328,0,0,5.533333333333333,5.537672701990232,dropped_dispatch_late,,,
1329,1,0,5.5375,5.537688351992983,completed,5.576330962998327,38.83096299832722,15.75443172454834
1330,2,0,5.541666666666667,5.542298339976696,completed,5.580929758987622,39.26309232095537,15.673727989196777
1331,3,0,5.545833333333333,5.547109388979152,dropped_queue_full,,,
1332,0,1,5.55,5.5500978069903795,completed,5.585493018996203,35.493018996203496,31.38435173034668
1333,1,1,5.554166666666666,5.554691083001671,dropped_queue_full,,,
1334,2,1,5.558333333333334,5.5584254970017355,dropped_queue_full,,,
1335,3,1,5.5625,5.562518452992663,completed,5.590109377983026,27.609377983026206,20.866464614868164
1336,0,0,5.566666666666666,5.5671177500044,completed,5.599300107976887,32.633441310220945,10.87600040435791
1337,1,0,5.570833333333333,5.571722667984432,completed,5.603905777999898,33.07244466656556,26.01785659790039
1338,2,0,5.575,5.576324540976202,completed,5.6084972209937405,33.49722099374031,26.264095306396484
1339,3,0,5.579166666666667,5.580922715977067,completed,5.6130825110012665,33.91584433459993,21.075456619262695
1340,0,1,5.583333333333333,5.585487707983702,completed,5.617674524983158,34.3411916498253,20.56332778930664
1341,1,1,5.5875,5.5901017139840405,completed,5.622290623985464,34.7906239854634,20.832576751708984
1342,2,1,5.591666666666667,5.594693366991123,completed,5.6223001219914295,30.633455324762693,15.992671966552734
1343,3,1,5.595833333333333,5.5992951189982705,completed,5.631529676000355,35.6963426670216,20.877887725830078
1344,0,0,5.6,5.6038993959955405,completed,5.636677365982905,36.677365982905386,20.72902488708496
1345,1,0,5.604166666666667,5.6084902769944165,dropped_dispatch_late,,,
1346,2,0,5.608333333333333,5.608505505981157,completed,5.642310857976554,33.97752464322057,20.55344009399414
1347,3,0,5.6125,5.613074886990944,completed,5.64731542498339,34.81542498338985,15.552096366882324
1348,0,1,5.616666666666666,5.61766927500139,completed,5.65683677297784,40.1701063111739,15.641023635864258
1349,1,1,5.620833333333334,5.622283750999486,completed,5.657647162996,36.81382966266611,35.09123229980469
1350,2,1,5.625,5.626921160990605,completed,5.662839887983864,37.83988798386417,20.51958465576172
1351,3,1,5.629166666666666,5.631522081996081,completed,5.671383498003706,42.216831337039906,20.591808319091797
1352,0,0,5.633333333333333,5.636185270996066,dropped_queue_full,,,
1353,1,0,5.6375,5.637629114004085,completed,5.676023332984187,38.52333298418653,15.660479545593262
1354,2,0,5.641666666666667,5.6423040549852885,completed,5.680672975984635,39.006309317968224,15.385984420776367
1355,3,0,5.645833333333333,5.647307549981633,completed,5.685320995980874,39.48766264754067,15.633855819702148
1356,0,1,5.65,5.652200946002267,completed,5.6921399800048675,42.13998000486718,36.05503845214844
1357,1,1,5.654166666666667,5.656831562984735,dropped_queue_full,,,
1358,2,1,5.658333333333333,5.658415181998862,dropped_queue_full,,,
1359,3,1,5.6625,5.662515771982726,dropped_queue_full,,,
1360,0,0,5.666666666666667,5.666731500998139,completed,5.696768793975934,30.102127309267424,5.91974401473999
1361,1,0,5.670833333333333,5.671375763980905,completed,5.696788140980061,25.95480764672775,21.418975830078125
1362,2,0,5.675,5.676016940997215,completed,5.701415971998358,26.415971998358323,21.444095611572266
1363,3,0,5.679166666666666,5.680665942985797,completed,5.710663840989582,31.49717432291599,25.945663452148438
1364,0,1,5.683333333333334,5.685313291003695,dropped_queue_full,,,
1365,1,1,5.6875,5.687518219987396,completed,5.719888003979577,32.38800397957675,20.334367752075195
1366,2,1,5.691666666666666,5.692134699987946,completed,5.724477662995923,32.81099632925688,20.319007873535156
1367,3,1,5.695833333333333,5.696763473999454,completed,5.729075908981031,33.24257564769795,15.662400245666504
1368,0,0,5.7,5.701409759989474,completed,5.73371911997674,33.71911997674015,29.10758399963379
1369,1,0,5.704166666666667,5.706043462996604,completed,5.738386576995254,34.219910328586955,20.54035186767578
1370,2,0,5.708333333333333,5.710655825998401,completed,5.7430280539847445,34.69472065141144,20.710304260253906
1371,3,0,5.7125,5.715254601993365,completed,5.747968399984529,35.46839998452889,20.740320205688477
1372,0,1,5.716666666666667,5.719881822995376,completed,5.747957037994638,31.2903713279713,15.90441608428955
1373,1,1,5.720833333333333,5.724470529996324,completed,5.757421427988447,36.588094655114034,20.67024040222168
1374,2,1,5.725,5.729068354994524,completed,5.7620538889896125,37.053888989612815,20.749696731567383
1375,3,1,5.729166666666667,5.733705653983634,dropped_dispatch_late,,,
1376,0,0,5.733333333333333,5.733728808001615,completed,5.7673495689814445,34.01623564811107,20.507360458374023
1377,1,0,5.7375,5.738380324997706,completed,5.772788911999669,35.288911999669104,15.724096298217773
1378,2,0,5.741666666666666,5.743020980997244,completed,5.777788449981017,36.121783314350786,15.484479904174805
1379,3,0,5.745833333333334,5.7479516780003905,completed,5.783952900994336,38.11956766100266,34.72947311401367
1380,0,1,5.75,5.752710578992264,completed,5.7885908219905104,38.59082199051045,20.546016693115234
1381,1,1,5.754166666666666,5.75741525599733,completed,5.7979181009868626,43.751434320196125,20.521055221557617
1382,2,1,5.758333333333333,5.762043789000018,completed,5.802560721000191,44.227387666857965,20.494400024414062
1383,3,1,5.7625,5.766698302002624,dropped_dispatch_late,,,
1384,0,0,5.766666666666667,5.766706025984604,dropped_queue_full,,,
1385,1,0,5.770833333333333,5.770885095989797,dropped_queue_full,,,
1386,2,0,5.775,5.775154567003483,dropped_queue_full,,,
1387,3,0,5.779166666666667,5.7792105919797905,completed,5.8072608999791555,28.094233312488726,20.511327743530273
1388,0,1,5.783333333333333,5.783945206989301,completed,5.811895414983155,28.56208164982199,20.513439178466797
1389,1,1,5.7875,5.788585542002693,completed,5.8164995510014705,28.99955100147089,20.453216552734375
1390,2,1,5.791666666666667,5.793197983992286,completed,5.821106552990386,29.4398863237193,20.453311920166016
1391,3,1,5.795833333333333,5.797911748988554,completed,5.825715047976701,29.881714643367197,20.510080337524414
1392,0,0,5.8,5.802553588000592,completed,5.830355854996014,30.355854996014564,20.365503311157227
1393,1,0,5.804166666666666,5.807253385981312,completed,5.83036535300198,26.19868633531386,15.759967803955078
1394,2,0,5.808333333333334,5.811890344979474,completed,5.834979507984826,26.64617465149277,15.676192283630371
1395,3,0,5.8125,5.816493228980107,completed,5.849189272994408,36.689272994408384,20.4267520904541
1396,0,1,5.816666666666666,5.821099519991549,dropped_dispatch_late,,,
1397,1,1,5.820833333333333,5.821114958991529,completed,5.853885504999198,33.05217166586516,20.447263717651367
1398,2,1,5.825,5.825707423995482,completed,5.858491644990863,33.4916449908631,20.47420883178711
1399,3,1,5.829166666666667,5.830350313975941,completed,5.863128303986741,33.96163732007462,15.714879989624023
1400,0,0,5.833333333333333,5.834973065997474,completed,5.867771504999837,34.43817166650387,30.590784072875977
1401,1,0,5.8375,5.839649150002515,completed,5.872437097976217,34.93709797621669,20.587488174438477
1402,2,0,5.841666666666667,5.844292441004654,completed,5.872446355991997,30.77968932533004,16.010271072387695
1403,3,0,5.845833333333333,5.8491815390007105,completed,5.881767162994947,35.93382966161407,20.791839599609375
1404,0,1,5.85,5.853879082977073,completed,5.886795655998867,36.79565599886736,20.794431686401367
1405,1,1,5.854166666666667,5.858484641998075,dropped_dispatch_late,,,
1406,2,1,5.858333333333333,5.858499890979147,completed,5.892254926991882,33.92159365854841,20.621984481811523
1407,3,1,5.8625,5.8631203589902725,completed,5.897328635997837,34.82863599783759,15.542816162109375
1408,0,0,5.866666666666666,5.867766294977628,completed,5.904794839996612,38.12817332994545,15.589311599731445
1409,1,0,5.870833333333334,5.872430405986961,completed,5.9074955499963835,36.66221666304992,34.834720611572266
1410,2,0,5.875,5.877106728992658,completed,5.91305267700227,38.052677002269775,20.39993667602539
1411,3,0,5.879166666666666,5.881759037001757,completed,5.922315724979853,43.14905831318683,20.520063400268555
1412,0,1,5.883333333333333,5.8866436969838105,dropped_queue_full,,,
1413,1,1,5.8875,5.887591437989613,completed,5.926912386988988,39.41238698898797,15.703743934631348
1414,2,1,5.891666666666667,5.89224246298545,dropped_queue_full,,,
1415,3,1,5.895833333333333,5.895884742989438,dropped_queue_full,,,
1416,0,0,5.9,5.900097987003392,completed,5.931483049993403,31.4830499934029,25.69500732421875
1417,1,0,5.904166666666667,5.904789488995448,dropped_queue_full,,,
1418,2,0,5.908333333333333,5.9084140449995175,completed,5.936135879979702,27.802546646368498,20.495328903198242
1419,3,0,5.9125,5.913045583991334,completed,5.940763089980464,28.263089980464784,20.521472930908203
1420,0,1,5.916666666666667,5.917658286984079,completed,5.945399647986051,28.732981319383732,15.640735626220703
1421,1,1,5.920833333333333,5.922307909990195,completed,5.9503245539963245,29.491220662991147,25.455968856811523
1422,2,1,5.925,5.926906045002397,completed,5.954983103991253,29.98310399125348,20.545024871826172
1423,3,1,5.929166666666666,5.931477570004063,completed,5.95963999099331,30.473324326643514,20.530431747436523
1424,0,0,5.933333333333334,5.936128825997002,completed,5.964319119986612,30.98578665327878,15.653696060180664
1425,1,0,5.9375,5.940755425981479,completed,5.973622834979324,36.12283497932367,17.955936431884766
1426,2,0,5.941666666666666,5.9453944679989945,completed,5.97828171600122,36.61504933455362,20.400192260742188
1427,3,0,5.945833333333333,5.950318111979868,dropped_dispatch_late,,,
1428,0,1,5.95,5.950333711982239,completed,5.982948320975993,32.94832097599265,20.36419105529785
1429,1,1,5.954166666666667,5.954976421984611,completed,5.987731528002769,33.56486133610215,15.634623527526855
1430,2,1,5.958333333333333,5.959632416983368,completed,5.992366113001481,34.03277966814766,15.652640342712402
1431,3,1,5.9625,5.964313920994755,completed,5.997010305000003,34.51030500000307,30.955167770385742
1432,0,0,5.966666666666667,5.968960216996493,completed,6.001662512979237,34.99584631257058,20.458784103393555
1433,1,0,5.970833333333333,5.973616232979111,completed,6.001672371989116,30.839038655782858,15.870495796203613
1434,2,0,5.975,5.978274641995085,completed,6.0111858249874786,36.18582498747891,20.550655364990234
1435,3,0,5.979166666666667,5.982943101000274,completed,6.016367468982935,37.20080231626799,20.6680965423584
1436,0,1,5.983333333333333,5.9877250159916,dropped_dispatch_late,,,
1437,1,1,5.9875,5.987740504991962,completed,6.022101701993961,34.601701993961065,20.649887084960938
1438,2,1,5.991666666666666,5.9923591789847706,completed,6.029723250976531,38.05658430986458,15.698847770690918
1439,3,1,5.995833333333334,5.997002720978344,completed,6.03435657400405,38.523240670716774,15.714336395263672
1440,0,0,6.0,6.00165707297856,completed,6.037210785987554,37.21078598755412,35.335105895996094
1441,1,0,6.004166666666666,6.006337343977066,completed,6.0469143700029235,42.7477033362571,20.518016815185547
1442,2,0,6.008333333333333,6.011010671994882,dropped_queue_full,,,
1443,3,0,6.0125,6.012570445978781,dropped_queue_full,,,
1444,0,1,6.016666666666667,6.016685723996488,completed,6.051846669986844,35.180003320177455,10.721504211425781
1445,1,1,6.020833333333333,6.021290250995662,dropped_queue_full,,,
1446,2,1,6.025,6.025097132980591,completed,6.05185710999649,26.857109996489825,21.291807174682617
1447,3,1,6.029166666666667,6.029716227989411,completed,6.061076814978151,31.910148311483866,25.912832260131836
1448,0,0,6.033333333333333,6.034349158988334,dropped_queue_full,,,
1449,1,0,6.0375,6.037530001980485,completed,6.0657723549811635,28.272354981163872,20.56153678894043
1450,2,0,6.041666666666667,6.042231222992996,completed,6.070498363988008,28.831697321341387,20.381792068481445
1451,3,0,6.045833333333333,6.04690804798156,completed,6.075160279986449,29.326946653115193,15.43449592590332
1452,0,1,6.05,6.051841170003172,completed,6.079855358984787,29.855358984787195,26.85638427734375
1453,1,1,6.054166666666666,6.056481604988221,completed,6.084509981999872,30.343315333206,20.56559944152832
1454,2,1,6.058333333333334,6.061069029994542,completed,6.089375265000854,31.041931667520117,15.681568145751953
1455,3,1,6.0625,6.065765972976806,completed,6.094008626998402,31.50862699840218,15.628288269042969
1456,0,0,6.066666666666666,6.070491309976205,completed,6.103282694995869,36.61602832920252,20.333951950073242
1457,1,0,6.070833333333333,6.075152835983317,dropped_dispatch_late,,,
1458,2,0,6.075,6.075168274983298,completed,6.107955461979145,32.95546197914501,20.208864212036133
1459,3,0,6.079166666666667,6.079850409994833,completed,6.112588834977942,33.42216831127498,17.861120223999023
1460,0,1,6.083333333333333,6.084503469988704,completed,6.11720888200216,33.875548668826916,15.585536003112793
1461,1,1,6.0875,6.089368701999774,completed,6.121863765001763,34.3637650017623,30.553983688354492
1462,2,1,6.091666666666667,6.094001142977504,completed,6.126503990002675,34.8373233360082,20.414655685424805
1463,3,1,6.095833333333333,6.098663930984912,completed,6.126513508002972,30.680174669639015,15.828703880310059
1464,0,0,6.1,6.103277304995572,completed,6.135828293976374,35.828293976374326,20.42083168029785
1465,1,0,6.104166666666667,6.107948388991645,completed,6.140746125980513,36.57945931384621,20.511520385742188
1466,2,0,6.108333333333333,6.112581030000001,dropped_dispatch_late,,,
1467,3,0,6.1125,6.112596558989026,completed,6.146372464980232,33.872464980231776,20.368383407592773
1468,0,1,6.116666666666666,6.117203290981706,completed,6.151242295978591,34.575629311924594,15.47929573059082
1469,1,1,6.120833333333334,6.121857221995015,completed,6.158847874990897,38.01454165756368,15.521471977233887
1470,2,1,6.125,6.126496825978393,completed,6.161525521980366,36.52552198036574,34.72515106201172
1471,3,1,6.129166666666666,6.131171616987558,completed,6.171404578984948,42.237912318281445,20.332128524780273
1472,0,0,6.133333333333333,6.135822912998265,completed,6.1760728279768955,42.73949464356264,20.307775497436523
1473,1,0,6.1375,6.140570752992062,dropped_queue_full,,,
1474,2,0,6.141666666666667,6.141697935003322,completed,6.1807634189899545,39.09675232328791,15.425312042236328
1475,3,0,6.145833333333333,6.146365000982769,completed,6.185382544004824,39.549210671490975,15.39840030670166
1476,0,1,6.15,6.151003101986134,dropped_queue_full,,,
1477,1,1,6.154166666666667,6.154199885000708,completed,6.190236715978244,36.070049311577534,30.70572853088379
1478,2,1,6.158333333333333,6.158841351978481,dropped_queue_full,,,
1479,3,1,6.1625,6.16263202400296,dropped_queue_full,,,
1480,0,0,6.166666666666667,6.166729246993782,completed,6.194911125989165,28.244459322498194,20.590368270874023
1481,1,0,6.170833333333333,6.171396944992011,completed,6.1995747559994925,28.74142266615909,10.824095726013184
1482,2,0,6.175,6.176067577995127,completed,6.204201975982869,29.20197598286922,25.963071823120117
1483,3,0,6.179166666666666,6.18075650598621,completed,6.208871396986069,29.704730319402906,25.85785675048828
1484,0,1,6.183333333333334,6.185375200002454,completed,6.213483247993281,30.14991465994754,20.900863647460938
1485,1,1,6.1875,6.190230363979936,completed,6.218107312975917,30.60731297591701,15.767104148864746
1486,2,1,6.191666666666666,6.194905815995298,completed,6.22735790599836,35.691239331693936,17.65715217590332
1487,3,1,6.195833333333333,6.1995686939917505,completed,6.232012498978293,36.17916564495971,20.4847354888916
1488,0,0,6.2,6.204195052996511,dropped_dispatch_late,,,
1489,1,0,6.204166666666667,6.2042102119885385,completed,6.23668809098308,32.52142431641314,20.390239715576172
1490,2,0,6.208333333333333,6.208863701991504,completed,6.241318196989596,32.98486365626285,15.668319702148438
1491,3,0,6.2125,6.213477857992984,completed,6.246017956000287,33.51795600028673,15.714879989624023
1492,0,1,6.216666666666667,6.218101891980041,completed,6.250657839991618,33.99117332495116,31.612768173217773
1493,1,1,6.220833333333333,6.222713333001593,completed,6.255765432986664,34.93209965333044,20.52764892578125
1494,2,1,6.225,6.227340112003731,completed,6.263141515984898,38.14151598489879,20.541919708251953
1495,3,1,6.229166666666667,6.232004994992167,completed,6.2655245829955675,36.35791632890051,20.602752685546875
1496,0,0,6.233333333333333,6.236681969981873,completed,6.27073364899843,37.400315665096606,20.593791961669922
1497,1,0,6.2375,6.241311443998711,completed,6.280251410003984,42.751410003984525,20.56537628173828
1498,2,0,6.241666666666666,6.246010431001196,dropped_dispatch_late,,,
1499,3,0,6.245833333333334,6.2460257899947464,completed,6.284898257988971,39.06492465563716,15.740991592407227
1500,0,1,6.25,6.25065247999737,completed,6.289529717003461,39.52971700346097,15.512224197387695
1501,1,1,6.254166666666666,6.255249001987977,dropped_queue_full,,,
1502,2,1,6.258333333333333,6.258413884992478,completed,6.29428810699028,35.95477365694677,31.08550453186035
1503,3,1,6.2625,6.2631343319953885,dropped_queue_full,,,
1504,0,0,6.266666666666667,6.266782672988484,dropped_queue_full,,,
1505,1,0,6.270833333333333,6.270894885004964,completed,6.29902786097955,28.19452764621655,20.566688537597656
1506,2,0,6.275,6.275584333983716,completed,6.303647486987757,28.64748698775621,10.920448303222656
1507,3,0,6.279166666666667,6.280244767986005,completed,6.308249679976143,29.083013309476158,25.980255126953125
1508,0,1,6.283333333333333,6.284890604001703,completed,6.312901135999709,29.567802666376153,26.283584594726562
1509,1,1,6.2875,6.289524506981252,completed,6.3221027969848365,34.602796984836814,21.056543350219727
1510,2,1,6.291666666666667,6.2942809329833835,completed,6.326695631985785,35.02896531911848,20.490047454833984
1511,3,1,6.295833333333333,6.2990213180019055,completed,6.326704979990609,30.871646657275598,15.864288330078125
1512,0,0,6.3,6.303640352998627,completed,6.336045584990643,36.04558499064314,18.8734073638916
1513,1,0,6.304166666666666,6.308241764985723,completed,6.340762685984373,36.59601931770684,20.615327835083008
1514,2,0,6.308333333333334,6.312895665992983,dropped_dispatch_late,,,
1515,3,0,6.3125,6.312910954991821,completed,6.345460730983177,32.9607309831772,20.512191772460938
1516,0,1,6.316666666666666,6.317503308993764,completed,6.350146752985893,33.48008631922639,15.644576072692871
1517,1,1,6.320833333333333,6.3220964549982455,completed,6.354772310995031,33.93897766169829,15.64463996887207
1518,2,1,6.325,6.326688368979376,completed,6.359600061987294,34.60006198729371,32.6011848449707
1519,3,1,6.329166666666667,6.331370783998864,completed,6.367280332982773,38.113666316106354,20.50752067565918
1520,0,0,6.333333333333333,6.336040174996015,completed,6.3699467679834925,36.61343465015943,20.78508758544922
1521,1,0,6.3375,6.340756263991352,completed,6.3751544219849166,37.6544219849162,20.626399993896484
1522,2,0,6.341666666666667,6.345453216985334,completed,6.3845203339878935,42.85366732122675,20.59552001953125
1523,3,0,6.345833333333333,6.350141253002221,dropped_dispatch_late,,,
1524,0,1,6.35,6.350156461994629,completed,6.3891957069863565,39.19570698635688,15.599455833435059
1525,1,1,6.354166666666667,6.3547659989853855,completed,6.393906596000306,39.739929333639346,15.664287567138672
1526,2,1,6.358333333333333,6.359384602983482,dropped_queue_full,,,
1527,3,1,6.3625,6.362570975994458,completed,6.398657450976316,36.15745097631606,31.316864013671875
1528,0,0,6.366666666666666,6.367260835977504,dropped_queue_full,,,
1529,1,0,6.370833333333334,6.370897494984092,dropped_queue_full,,,
1530,2,0,6.375,6.375149481988046,completed,6.403306623979006,28.306623979005963,21.074111938476562
1531,3,0,6.379166666666666,6.379877273982856,completed,6.407936047995463,28.769381328796584,11.005056381225586
1532,0,1,6.383333333333333,6.384513100987533,completed,6.412559652002528,29.22631866919545,26.47337532043457
1533,1,1,6.3875,6.389190516987583,completed,6.421760951983742,34.26095198374224,26.461599349975586
1534,2,1,6.391666666666667,6.3939001739781816,completed,6.42637679100153,34.71012433486376,21.069887161254883
1535,3,1,6.395833333333333,6.39865002699662,completed,6.426386248989729,30.552915656396173,15.84124755859375
1536,0,0,6.4,6.403299138997681,completed,6.435657711990643,35.65771199064294,20.145824432373047
1537,1,0,6.404166666666667,6.407928464002907,completed,6.44039562297985,36.22895631318279,20.703327178955078
1538,2,0,6.408333333333333,6.4125542620022316,dropped_dispatch_late,,,
1539,3,0,6.4125,6.412569209991489,completed,6.445277658000123,32.77765800012311,20.602495193481445
1540,0,1,6.416666666666667,6.417149490996962,completed,6.449939964979421,33.273298312754385,15.685983657836914
1541,1,1,6.420833333333333,6.4217546499858145,completed,6.4545384910015855,33.705157668252106,15.729920387268066
1542,2,1,6.425,6.426369706983678,completed,6.459308872988913,34.308872988913386,32.6965446472168
1543,3,1,6.429166666666666,6.431026363978162,completed,6.464738467999268,35.57180133260207,20.487071990966797
1544,0,0,6.433333333333334,6.435652191983536,completed,6.471399431989994,38.06609865666033,20.502912521362305
1545,1,0,6.4375,6.440389160998166,completed,6.475048655003775,37.54865500377491,20.609888076782227
1546,2,0,6.441666666666666,6.445270152995363,completed,6.484262939979089,42.596273312422994,20.666015625
1547,3,0,6.445833333333333,6.449934795004083,completed,6.488842839986319,43.00950665298586,20.597248077392578
1548,0,1,6.45,6.454531577997841,dropped_dispatch_late,,,
1549,1,1,6.454166666666667,6.454547717992682,completed,6.493454991985345,39.28832531867865,15.74732780456543
1550,2,1,6.458333333333333,6.459133990982082,dropped_queue_full,,,
1551,3,1,6.4624999999999995,6.46251635698718,dropped_queue_full,,,
1552,0,0,6.466666666666667,6.466783252981259,completed,6.49808850500267,31.421838336003205,25.983840942382812
1553,1,0,6.470833333333333,6.471394111984409,dropped_queue_full,,,
1554,2,0,6.475,6.475042402977124,completed,6.502703701989958,27.703701989958418,20.885631561279297
1555,3,0,6.479166666666667,6.479670675995294,completed,6.507357893977314,28.19122731064727,20.69206428527832
1556,0,1,6.483333333333333,6.4842556459771,completed,6.511993409978459,28.660076645125265,15.904928207397461
1557,1,1,6.4875,6.488835175987333,completed,6.521180854004342,33.68085400434229,26.073087692260742
1558,2,1,6.491666666666666,6.493448339984752,completed,6.525801612995565,34.134946328898685,21.01468849182129
1559,3,1,6.495833333333334,6.4980832249857485,completed,6.53041603899328,34.58270565994681,20.998271942138672
1560,0,0,6.5,6.50269653898431,completed,6.53506839700276,35.06839700276032,20.65763282775879
1561,1,0,6.504166666666666,6.50735048999195,completed,6.535077293985523,30.910627318856854,15.988896369934082
1562,2,0,6.508333333333333,6.511988040001597,completed,6.544338186999084,36.00485366575157,17.216768264770508
1563,3,0,6.5125,6.516578229988227,completed,6.5491603479895275,36.66034798952733,20.63164710998535
1564,0,1,6.516666666666667,6.521174391993554,dropped_dispatch_late,,,
1565,1,1,6.520833333333333,6.521189610997681,completed,6.5584437740035355,37.61044067020247,20.635648727416992
1566,2,1,6.5249999999999995,6.5257944490003865,completed,6.558946158998879,33.946158998879206,15.777888298034668
1567,3,1,6.529166666666667,6.530408764985623,completed,6.564051486988319,34.8848203216523,15.810879707336426
1568,0,0,6.533333333333333,6.535063036979409,completed,6.569259871990653,35.92653865731954,33.88297653198242
1569,1,0,6.5375,6.5397172379889525,completed,6.575485468987608,37.985468987608684,20.49001693725586
1570,2,0,6.541666666666667,6.54433119398891,completed,6.580106697976589,38.44003130992224,20.51456069946289
1571,3,0,6.545833333333333,6.549152873980347,completed,6.584710173978237,38.87684064490404,20.542015075683594
1572,0,1,6.55,6.553823917987756,completed,6.593873741978314,43.87374197831395,20.640352249145508
1573,1,1,6.554166666666666,6.558437130996026,dropped_dispatch_late,,,
1574,2,1,6.558333333333334,6.558452750992728,dropped_queue_full,,,
1575,3,1,6.5625,6.562634865986183,dropped_queue_full,,,
1576,0,0,6.566666666666666,6.566727942001307,dropped_queue_full,,,
1577,1,0,6.570833333333333,6.570840674976353,completed,6.598486965987831,27.653632654498495,20.617536544799805
1578,2,0,6.575,6.575479096994968,completed,6.603085782000562,28.085782000562,20.594175338745117
1579,3,0,6.579166666666667,6.580099454004085,completed,6.607695599988801,28.528933322134797,20.665023803710938
1580,0,1,6.583333333333333,6.58470232898253,completed,6.612316487997305,28.98315466397161,20.606111526489258
1581,1,1,6.5874999999999995,6.589280264975969,completed,6.6169380779901985,29.43807799019904,20.593280792236328
1582,2,1,6.591666666666667,6.593868481984828,completed,6.621522476983955,29.855810317288345,20.708608627319336
1583,3,1,6.595833333333333,6.598480443994049,completed,6.630758683983004,34.925350649670506,20.706560134887695
1584,0,0,6.6,6.603078668995295,completed,6.630746820999775,30.746820999775437,15.933600425720215
1585,1,0,6.604166666666667,6.607688115997007,completed,6.639988187991548,35.82152132488137,20.694656372070312
1586,2,0,6.608333333333333,6.612310837983387,completed,6.644582004984841,36.24867165150736,20.542463302612305
1587,3,0,6.6125,6.616931775992271,dropped_dispatch_late,,,
1588,0,1,6.616666666666666,6.616947136004455,completed,6.649397022003541,32.73035533687452,20.438047409057617
1589,1,1,6.620833333333334,6.621515413979068,completed,6.654001568997046,33.16823566371241,15.684639930725098
1590,2,1,6.625,6.626110092998715,completed,6.658593622996705,33.59362299670465,15.682623863220215
1591,3,1,6.629166666666666,6.630741361004766,completed,6.663218870002311,34.05220333564429,31.893280029296875
1592,0,0,6.633333333333333,6.635378008999396,completed,6.668118687986862,34.785354653529055,20.57097625732422
1593,1,0,6.6375,6.63998183599324,completed,6.6773495549859945,39.849554985994295,20.51740837097168
1594,2,0,6.641666666666667,6.644574960984755,completed,6.678477246983675,36.81058031700868,20.520639419555664
1595,3,0,6.645833333333333,6.649391691986239,completed,6.6835252569871955,37.691923653862425,20.58252716064453
1596,0,1,6.6499999999999995,6.65399512698059,completed,6.692188254004577,42.18825400457771,20.535743713378906
1597,1,1,6.654166666666667,6.658586670004297,dropped_dispatch_late,,,
1598,2,1,6.658333333333333,6.658601959003136,completed,6.6968082709936425,38.474937660309294,15.552607536315918
1599,3,1,6.6625,6.663210864993744,completed,6.701427316002082,38.927316002082435,15.687104225158691
1600,0,0,6.666666666666667,6.668113016989082,completed,6.706031011999585,39.36434533291777,15.541215896606445
1601,1,0,6.670833333333333,6.672725148993777,completed,6.713053343002684,42.22000966935102,35.948577880859375
1602,2,0,6.675,6.677343132003443,dropped_queue_full,,,
1603,3,0,6.679166666666666,6.6792561969778035,dropped_queue_full,,,
1604,0,1,6.683333333333334,6.683358419977594,dropped_queue_full,,,
1605,1,1,6.6875,6.687571102986112,completed,6.717713725985959,30.213725985959172,6.016479969024658
1606,2,1,6.691666666666666,6.692182933998993,completed,6.717723103996832,26.056437330165494,21.706655502319336
1607,3,1,6.695833333333333,6.696801157988375,completed,6.722326018003514,26.492684670181177,21.42278480529785
1608,0,0,6.7,6.701419491000706,completed,6.7316161670023575,31.616167002357365,26.391935348510742
1609,1,0,6.704166666666667,6.706025510997279,dropped_queue_full,,,
1610,2,0,6.708333333333333,6.708413968997775,completed,6.741024069982814,32.690736649480634,20.4484806060791
1611,3,0,6.7124999999999995,6.71304680997855,completed,6.745675104990369,33.17510499036924,20.290111541748047
1612,0,1,6.716666666666667,6.7177072539925575,completed,6.750419377989601,33.75271132293456,15.592608451843262
1613,1,1,6.720833333333333,6.722318793996237,completed,6.755114016996231,34.280683662897715,29.160863876342773
1614,2,1,6.725,6.726950393000152,completed,6.759731639001984,34.731639001984504,20.508607864379883
1615,3,1,6.729166666666667,6.73161072700168,completed,6.764401920983801,35.2352543171337,20.554784774780273
1616,0,0,6.733333333333333,6.7362954469863325,completed,6.764390399999684,31.05706666635033,15.851103782653809
1617,1,0,6.7375,6.741017186985118,completed,6.77391160800471,36.41160800470988,20.44486427307129
1618,2,0,6.741666666666666,6.745667590992525,completed,6.778560409002239,36.89374233557263,20.43507194519043
1619,3,0,6.745833333333334,6.750414017995354,dropped_dispatch_late,,,
1620,0,1,6.75,6.750429196981713,completed,6.783189793990459,33.18979399045929,20.343135833740234
1621,1,1,6.754166666666666,6.755107914999826,completed,6.7879972769878805,33.83061032121404,15.486592292785645
1622,2,1,6.758333333333333,6.759724595991429,completed,6.793316110997694,34.98277766436075,15.564864158630371
1623,3,1,6.7625,6.764384868991328,completed,6.798313895997126,35.81389599712548,33.42931365966797
1624,0,0,6.766666666666667,6.769286360999104,completed,6.804676792991813,38.010126325146665,20.402271270751953
1625,1,0,6.770833333333333,6.7739051149983425,completed,6.80931588599924,38.482552665906944,20.61180877685547
1626,2,0,6.7749999999999995,6.778553305979585,completed,6.813928849995136,38.928849995136794,20.491968154907227
1627,3,0,6.779166666666667,6.783184312982485,completed,6.823139968997566,43.973302330899244,20.644319534301758
1628,0,1,6.783333333333333,6.787813386996277,dropped_dispatch_late,,,
1629,1,1,6.7875,6.787821331992745,dropped_queue_full,,,
1630,2,1,6.791666666666667,6.791728554992005,dropped_queue_full,,,
1631,3,1,6.795833333333333,6.795940135983983,dropped_queue_full,,,
1632,0,0,6.8,6.800043470982928,completed,6.827807264984585,27.807264984585522,20.68195152282715
1633,1,0,6.804166666666666,6.804671563993907,completed,6.8325104599935,28.34379332683401,20.68275260925293
1634,2,0,6.808333333333334,6.809309393982403,completed,6.837154954002472,28.82162066913807,20.51411247253418
1635,3,0,6.8125,6.813921625987859,completed,6.84174814997823,29.248149978229776,20.58348846435547
1636,0,1,6.816666666666666,6.818529730982846,completed,6.846373355976539,29.706689309872303,20.418527603149414
1637,1,1,6.820833333333333,6.823132464982336,completed,6.851107038994087,30.273705660754047,20.454687118530273
1638,2,1,6.825,6.827801994979382,completed,6.8511166669777595,26.116666977759273,15.728320121765137
1639,3,1,6.829166666666667,6.832504038000479,completed,6.855845760990633,26.67909432396609,15.813599586486816
1640,0,0,6.833333333333333,6.837147910002386,completed,6.869918465992669,36.585132659335606,20.586528778076172
1641,1,0,6.8374999999999995,6.841740374977235,dropped_dispatch_late,,,
1642,2,0,6.841666666666667,6.8417562450049445,completed,6.874567427992588,32.900761325921124,20.489856719970703
1643,3,0,6.845833333333333,6.84636805599439,completed,6.879205538978567,33.37220564523413,20.421632766723633
1644,0,1,6.85,6.851100445986958,completed,6.883833620988298,33.83362098829856,15.703776359558105
1645,1,1,6.854166666666667,6.855838527000742,completed,6.888430202991003,34.26353632433621,30.367584228515625
1646,2,1,6.858333333333333,6.860457142000087,completed,6.893042265000986,34.70893166765254,20.559648513793945
1647,3,1,6.8625,6.865084952994948,completed,6.893051552993711,30.55155299371126,15.743743896484375
1648,0,0,6.866666666666666,6.869913155998802,completed,6.902242422976997,35.5757563103305,20.361408233642578
1649,1,0,6.870833333333334,6.874560244003078,completed,6.907170284976019,36.33695164268502,20.566015243530273
1650,2,0,6.875,6.8791981549875345,dropped_dispatch_late,,,
1651,3,0,6.879166666666666,6.879213393985992,completed,6.913030456984416,33.86379031774922,20.421567916870117
1652,0,1,6.883333333333333,6.883828300982714,completed,6.917616430000635,34.283096667302004,15.55078411102295
1653,1,1,6.8875,6.888423940981738,completed,6.9268350929778535,39.335092977853314,15.686592102050781
1654,2,1,6.891666666666667,6.893035211978713,completed,6.927947856980609,36.28119031394217,34.611934661865234
1655,3,1,6.895833333333333,6.897641672985628,completed,6.933314120979048,37.480787645715274,20.507871627807617
1656,0,0,6.8999999999999995,6.902236822003033,completed,6.9422037589829415,42.20375898294204,20.6889591217041
1657,1,0,6.904166666666667,6.906835939997109,dropped_queue_full,,,
1658,2,0,6.908333333333333,6.908414207980968,completed,6.946841169003164,38.50783566983118,15.695232391357422
1659,3,0,6.9125,6.913022762979381,completed,6.951451917993836,38.95191799383646,15.650239944458008
1660,0,1,6.916666666666667,6.9176110699772835,completed,6.956049942993559,39.38327632689198,15.545215606689453
1661,1,1,6.920833333333333,6.922187222982757,completed,6.963011628977256,42.1782956439225,36.13148880004883
1662,2,1,6.925,6.926828249997925,dropped_queue_full,,,
1663,3,1,6.929166666666666,6.929214181989664,dropped_queue_full,,,
1664,0,0,6.933333333333334,6.933474585996009,dropped_queue_full,,,
1665,1,0,6.9375,6.937520341976779,completed,6.967599914991297,30.099914991296828,5.983039855957031
1666,2,0,6.941666666666666,6.942198468983406,completed,6.967609352985164,25.94268631849772,21.81180763244629
1667,3,0,6.945833333333333,6.946834045986179,completed,6.972467211977346,26.63387864401301,21.339359283447266
1668,0,1,6.95,6.951444243983133,completed,6.981743904994801,31.74390499480051,26.39641571044922
1669,1,1,6.954166666666667,6.956044794002082,dropped_queue_full,,,
1670,2,1,6.958333333333333,6.958414334978443,completed,6.9865854929958005,28.252159662467413,20.56777572631836
1671,3,1,6.9624999999999995,6.963005075987894,completed,6.995861674979096,33.36167497909681,20.631935119628906
1672,0,0,6.966666666666667,6.967593452980509,completed,7.000468596990686,33.801930324019125,15.844127655029297
1673,1,0,6.970833333333333,6.972460108983796,completed,7.005045653000707,34.21231966737359,28.99056053161621
1674,2,0,6.975,6.977111764979782,completed,7.009657794988016,34.65779498801602,20.525503158569336
1675,3,0,6.979166666666667,6.981738394999411,completed,7.009667181991972,30.500515325305066,15.939680099487305
1676,0,1,6.983333333333333,6.98657817899948,completed,7.018894531996921,35.56119866358731,19.293983459472656
1677,1,1,6.9875,6.991252849984448,completed,7.0234910039871465,35.99100398714672,20.44153594970703
1678,2,1,6.991666666666666,6.995854131004307,dropped_dispatch_late,,,
1679,3,1,6.995833333333334,6.995869579986902,completed,7.0281523889862,32.319055652866524,20.302560806274414
1680,0,0,7.0,7.000463396980194,completed,7.032820747990627,32.82074799062684,15.533503532409668
1681,1,0,7.004166666666666,7.005039029987529,completed,7.042254859989043,38.088193322376895,15.604928016662598
1682,2,0,7.008333333333333,7.009650800988311,completed,7.043070339976111,34.73700664277857,33.136993408203125
1683,3,0,7.0125,7.014253715984523,completed,7.048577220994048,36.07722099404764,20.493824005126953
1684,0,1,7.016666666666667,7.018889422004577,completed,7.053417185990838,36.75051932417173,20.498815536499023
1685,1,1,7.020833333333333,7.023484511999413,completed,7.058860125980573,38.02679264723974,20.49452781677246
1686,2,1,7.0249999999999995,7.028144715004601,completed,7.068099147989415,43.099147989415165,20.518815994262695
1687,3,1,7.029166666666667,7.032815347978612,completed,7.07297709499835,43.81042833168358,20.390304565429688
1688,0,0,7.033333333333333,7.03749020898249,completed,7.07760410499759,44.27077166425697,20.331584930419922
1689,1,0,7.0375,7.042248268000549,dropped_dispatch_late,,,
1690,2,0,7.041666666666667,7.042263968003681,dropped_queue_full,,,
1691,3,0,7.045833333333333,7.045886719977716,dropped_queue_full,,,
1692,0,1,7.05,7.050156461977167,dropped_queue_full,,,
1693,1,1,7.054166666666666,7.054209009977058,completed,7.082220434996998,28.053768330331685,20.350431442260742
1694,2,1,7.058333333333334,7.058853644004557,completed,7.0869669019884896,28.633568655155983,20.330463409423828
1695,3,1,7.0625,7.063488318992313,completed,7.091725973004941,29.225973004940897,20.355968475341797
1696,0,0,7.066666666666666,7.068091913999524,completed,7.096377128997119,29.710462330452714,20.409120559692383
1697,1,0,7.070833333333333,7.072969369997736,completed,7.100980734976474,30.147401643141336,20.449247360229492
1698,2,0,7.075,7.077598704985576,completed,7.100990011997055,25.990011997055085,15.728032112121582
1699,3,0,7.079166666666667,7.082214042980922,completed,7.1055949199944735,26.42825332780685,15.609919548034668
1700,0,1,7.083333333333333,7.086959617998218,completed,7.1193773330014665,36.04399966813343,20.38256072998047
1701,1,1,7.0874999999999995,7.091718347975984,dropped_dispatch_late,,,
1702,2,1,7.091666666666667,7.091733777982881,completed,7.124040631984826,32.37396531815939,20.371776580810547
1703,3,1,7.095833333333333,7.096371778985485,completed,7.12868022598559,32.846892652257154,20.414655685424805
1704,0,0,7.1,7.100973961991258,completed,7.133336681989022,33.336681989021955,15.624992370605469
1705,1,0,7.104166666666667,7.105587736994494,completed,7.137994400982279,33.82773431561237,30.19254493713379
1706,2,0,7.108333333333333,7.110193075990537,completed,7.1426519389788155,34.31860564548206,20.596864700317383
1707,3,0,7.1125,7.114797893998912,completed,7.1473112310050055,34.811231005005716,20.649343490600586
1708,0,1,7.116666666666666,7.119372002984164,completed,7.151936426991597,35.269760324930566,20.625503540039062
1709,1,1,7.120833333333334,7.124033418978797,completed,7.1565190329856705,35.68569965233692,15.923423767089844
1710,2,1,7.125,7.128672561986605,completed,7.161898783000652,36.89878300065175,20.62291145324707
1711,3,1,7.129166666666666,7.133321372995852,completed,7.171351249999134,42.18458333246744,20.518144607543945
1712,0,0,7.133333333333333,7.137987928988878,dropped_dispatch_late,,,
1713,1,0,7.1375,7.138003177999053,completed,7.172713087988086,35.21308798808587,20.483903884887695
1714,2,0,7.141666666666667,7.142644965992076,completed,7.180011563003063,38.344896336396594,15.525952339172363
1715,3,0,7.145833333333333,7.14730365597643,completed,7.184615388978273,38.78205564493964,15.638175964355469
1716,0,1,7.1499999999999995,7.1519310369913,completed,7.192356104002101,42.35610400210188,35.771358489990234
1717,1,1,7.154166666666667,7.156512920977548,completed,7.197115475981263,42.94880931459666,20.409759521484375
1718,2,1,7.158333333333333,7.16109174999292,dropped_queue_full,,,
1719,3,1,7.1625,7.162534781004069,dropped_queue_full,,,
1720,0,0,7.166666666666667,7.166728568001417,completed,7.20175399800064,35.08733133397346,10.779552459716797
1721,1,0,7.170833333333333,7.171343636000529,dropped_queue_full,,,
1722,2,0,7.175,7.175042963994201,completed,7.201764617988374,26.764617988374262,21.435583114624023
1723,3,0,7.179166666666666,7.179997817002004,completed,7.2110261019843165,31.85943531765023,25.865856170654297
1724,0,1,7.183333333333334,7.184607803996187,dropped_queue_full,,,
1725,1,1,7.1875,7.187627821986098,completed,7.215618255984737,28.118255984736606,20.741727828979492
1726,2,1,7.191666666666666,7.192350803990848,completed,7.220228634978412,28.56196831174529,20.312992095947266
1727,3,1,7.195833333333333,7.197108872991521,completed,7.224876954976935,29.04362164360208,15.565055847167969
1728,0,0,7.2,7.201748477004003,completed,7.234125204995507,34.1252049955072,27.606687545776367
1729,1,0,7.204166666666667,7.206406326004071,completed,7.238812839990715,34.64617332404796,20.53513526916504
1730,2,0,7.208333333333333,7.211018457979662,completed,7.24349640798755,35.163074654216864,20.217439651489258
1731,3,0,7.2124999999999995,7.215611983992858,completed,7.2435057449911255,31.005744991126072,15.579456329345703
1732,0,1,7.216666666666667,7.220221470983233,completed,7.252875284990296,36.20861832362898,20.360063552856445
1733,1,1,7.220833333333333,7.224869250989286,completed,7.257529066002462,36.695732669128844,20.460735321044922
1734,2,1,7.225,7.229507501993794,dropped_dispatch_late,,,
1735,3,1,7.229166666666667,7.2295159479836,completed,7.262208386004204,33.04171933753697,20.453439712524414
1736,0,0,7.233333333333333,7.234119753993582,completed,7.266860472998815,33.527139665481265,15.551199913024902
1737,1,0,7.2375,7.238806717999978,completed,7.271480430004885,33.9804300048856,15.60422420501709
1738,2,0,7.241666666666666,7.243489254004089,completed,7.276321255980292,34.65458931362608,32.53308868408203
1739,3,0,7.245833333333334,7.248203469993314,completed,7.285538626980269,39.70529364693576,20.521663665771484
1740,0,1,7.25,7.2528699149843305,completed,7.286663042992586,36.66304299258627,20.56675148010254
1741,1,1,7.254166666666666,7.257522614003392,completed,7.291840758989565,37.674092322898645,20.64841651916504
1742,2,1,7.258333333333333,7.2622009810002055,completed,7.300563450000482,42.23011666714882,20.382080078125
1743,3,1,7.2625,7.2668550229864195,dropped_dispatch_late,,,
1744,0,0,7.266666666666667,7.2668706929835025,completed,7.305190299986862,38.52363332019504,15.565919876098633
1745,1,0,7.270833333333333,7.271473736996995,completed,7.309820997004863,38.98766367152984,15.547295570373535
1746,2,0,7.2749999999999995,7.276314052985981,completed,7.314424151991261,39.4241519912617,15.798015594482422
1747,3,0,7.279166666666667,7.280952924978919,completed,7.32138104797923,42.214381312563276,35.99091339111328
1748,0,1,7.283333333333333,7.285531072993763,dropped_queue_full,,,
1749,1,1,7.2875,7.28757173899794,dropped_queue_full,,,
1750,2,1,7.291666666666667,7.291674763982883,dropped_queue_full,,,
1751,3,1,7.295833333333333,7.295939656003611,completed,7.326013368990971,30.180035657637383,6.007232189178467
1752,0,0,7.3,7.300556787988171,completed,7.326001665991498,26.001665991498335,21.754911422729492
1753,1,0,7.304166666666666,7.305184979981277,completed,7.330687988986028,26.521322319362106,21.471519470214844
1754,2,0,7.308333333333334,7.309814384992933,completed,7.340050384984352,31.717051651018124,26.202848434448242
1755,3,0,7.3125,7.314417088986374,dropped_queue_full,,,
1756,0,1,7.316666666666666,7.316782662994228,completed,7.344729103991995,28.062437325328204,20.312896728515625
1757,1,1,7.320833333333333,7.321373643993866,completed,7.354074727976695,33.24139464336184,20.276575088500977
1758,2,1,7.325,7.325996225990821,completed,7.358671059977496,33.671059977495865,15.631232261657715
1759,3,1,7.329166666666667,7.330681656982051,completed,7.363343687000452,34.177020333785,28.9583683013916
1760,0,0,7.333333333333333,7.3353589629987255,completed,7.367974423978012,34.64109064467902,20.42086410522461
1761,1,0,7.3374999999999995,7.340043421980226,completed,7.372629867983051,35.12986798305118,20.649375915527344
1762,2,0,7.341666666666667,7.344723753980361,completed,7.372639385983348,30.972719316681108,15.841695785522461
1763,3,0,7.345833333333333,7.34940427498077,completed,7.382145704992581,36.312371659247944,20.491455078125
1764,0,1,7.35,7.354068024986191,completed,7.386801600980107,36.8016009801071,20.57548713684082
1765,1,1,7.354166666666667,7.358664166997187,dropped_dispatch_late,,,
1766,2,1,7.358333333333333,7.3586792050045915,completed,7.391363446979085,33.03011364575159,20.385887145996094
1767,3,1,7.3625,7.36333608199493,completed,7.396189484978095,33.689484978094875,15.520575523376465
1768,0,0,7.366666666666666,7.367969002982136,completed,7.40161254798295,34.94588131628351,15.600159645080566
1769,1,0,7.370833333333334,7.372623244998977,completed,7.4065245389938354,35.69120566050188,33.445472717285156
1770,2,0,7.375,7.3774874759837985,completed,7.413052860996686,38.05286099668592,20.443775177001953
1771,3,0,7.379166666666666,7.382138010987546,completed,7.421327199990628,42.16053332396186,20.61350440979004
1772,0,1,7.383333333333333,7.386796070000855,completed,7.425928260985529,42.59492765219619,20.43974494934082
1773,1,1,7.3875,7.391356352978619,completed,7.430541294976138,43.0412949761374,20.57491111755371
1774,2,1,7.391666666666667,7.396181850985158,dropped_dispatch_late,,,
1775,3,1,7.395833333333333,7.396197230002144,completed,7.435200114996405,39.36678166307228,15.690400123596191
1776,0,0,7.3999999999999995,7.4008061249915045,dropped_queue_full,,,
1777,1,0,7.404166666666667,7.404306144977454,dropped_queue_full,,,
1778,2,0,7.408333333333333,7.4084131970012095,completed,7.439880786987487,31.547453654154012,25.714399337768555
1779,3,0,7.4125,7.413045958004659,dropped_queue_full,,,
1780,0,1,7.416666666666667,7.416674031002913,completed,7.444545187987387,27.878521320720218,20.59369659423828
1781,1,1,7.420833333333333,7.421319865999976,completed,7.449202154995874,28.368821662540178,20.639263153076172
1782,2,1,7.425,7.425923120987136,completed,7.453866045980249,28.866045980248778,15.766048431396484
1783,3,1,7.429166666666666,7.430535002989927,completed,7.4631124309962615,33.945764329595285,25.679136276245117
1784,0,0,7.433333333333334,7.435192560980795,completed,7.4677573859808035,34.42405264746995,20.724288940429688
1785,1,0,7.4375,7.4398742049816065,completed,7.472419472003821,34.919472003821284,20.69740867614746
1786,2,0,7.441666666666666,7.444540238997433,completed,7.472428909997689,30.762243331022177,15.850079536437988
1787,3,0,7.445833333333333,7.449195633002091,completed,7.4819795139774214,36.14618064408859,20.603519439697266
1788,0,1,7.45,7.453858922002837,completed,7.486598277988378,36.59827798837778,20.57263946533203
1789,1,1,7.454166666666667,7.45845098598511,dropped_dispatch_late,,,
1790,2,1,7.458333333333333,7.458459050976671,completed,7.4912261699792,32.89283664586673,20.479135513305664
1791,3,1,7.4624999999999995,7.463104966998799,completed,7.49589836600353,33.39836600353063,15.654751777648926
1792,0,0,7.466666666666667,7.467752044991357,completed,7.500541797984624,33.875131317957496,15.76534366607666
1793,1,0,7.470833333333333,7.472412899980554,completed,7.50554252800066,34.709194667327026,32.78828811645508
1794,2,0,7.475,7.477080206997925,completed,7.513004663982429,38.004663982428966,20.633407592773438
1795,3,0,7.479166666666667,7.481972049979959,completed,7.516106956987642,36.94029032097479,20.909887313842773
1796,0,1,7.483333333333333,7.486593148991233,completed,7.525526180979796,42.19284764646236,21.035232543945312
1797,1,1,7.4875,7.491219176998129,completed,7.530185031995643,42.68503199564311,21.034528732299805
1798,2,1,7.491666666666666,7.495890752004925,dropped_dispatch_late,,,
1799,3,1,7.495833333333334,7.4959061309928074,completed,7.5348341039789375,39.00077064560392,15.929311752319336
1800,0,0,7.5,7.500536517996807,completed,7.53949657198973,39.49657198973,15.547616004943848
1801,1,0,7.504166666666666,7.505208953982219,dropped_queue_full,,,
1802,2,0,7.508333333333333,7.508360812003957,completed,7.5442505730025005,35.9172396691676,31.31507110595703
1803,3,0,7.5125,7.512997890997212,dropped_queue_full,,,
1804,0,1,7.516666666666667,7.516782591002993,dropped_queue_full,,,
1805,1,1,7.520833333333333,7.520886416983558,completed,7.548953707999317,28.120374665983938,20.71299171447754
1806,2,1,7.5249999999999995,7.525521021976601,completed,7.553566049988149,28.566049988149267,10.846559524536133
1807,3,1,7.529166666666667,7.530178569984855,completed,7.56275767198531,33.591005318642786,25.8768310546875
1808,0,0,7.533333333333333,7.534826639981475,completed,7.567363080976065,34.02974764273203,26.15328025817871
1809,1,0,7.5375,7.539491461997386,completed,7.571929595986148,34.4295959861487,20.961856842041016
1810,2,0,7.541666666666667,7.544243490003282,completed,7.576523793977685,34.85712731101831,20.505823135375977
1811,3,0,7.545833333333333,7.548947445990052,completed,7.576532610983122,30.699277649788748,15.912735939025879
1812,0,1,7.55,7.553559236985166,completed,7.5859706299961545,35.970629996154635,19.816640853881836
1813,1,1,7.554166666666666,7.558168643998215,completed,7.5905649380001705,36.39827133350426,20.44745635986328
1814,2,1,7.558333333333334,7.562750277982559,dropped_dispatch_late,,,
1815,3,1,7.5625,7.562765596987447,completed,7.595177740993677,32.67774099367671,20.382591247558594
1816,0,0,7.566666666666666,7.56735779097653,completed,7.59982557100011,33.15890433344393,15.654239654541016
1817,1,0,7.570833333333333,7.571923123992747,completed,7.604927473003045,34.094139669711865,15.720831871032715
1818,2,0,7.575,7.576516781002283,completed,7.610112322989153,35.11232298915257,33.32511901855469
1819,3,0,7.579166666666667,7.581134142004885,completed,7.615578928991454,36.412262324787115,20.624256134033203
1820,0,1,7.583333333333333,7.585965420003049,completed,7.621306729997741,37.97339666440802,20.6507511138916
1821,1,1,7.5874999999999995,7.590558174997568,completed,7.625921586994082,38.42158699408227,20.704992294311523
1822,2,1,7.591666666666667,7.595170046988642,completed,7.635336933977669,43.67026731100232,20.634464263916016
1823,3,1,7.595833333333333,7.599820160976378,completed,7.639972470002249,44.13913666891567,20.536096572875977
1824,0,0,7.6,7.6044322029920295,dropped_dispatch_late,,,
1825,1,0,7.604166666666667,7.604439986986108,dropped_queue_full,,,
1826,2,0,7.608333333333333,7.608363390987506,dropped_queue_full,,,
1827,3,0,7.6125,7.61263724998571,dropped_queue_full,,,
1828,0,1,7.616666666666666,7.616684388980502,completed,7.644609398994362,27.94273232769573,20.522911071777344
1829,1,1,7.620833333333334,7.62130182099645,completed,7.649231389979832,28.398056646498304,20.572032928466797
1830,2,1,7.625,7.625915304990485,completed,7.653846617002273,28.84661700227298,20.67228889465332
1831,3,1,7.629166666666666,7.630519591999473,completed,7.65845285798423,29.286191317563492,20.631967544555664
1832,0,0,7.633333333333333,7.63532971998211,completed,7.663069297996117,29.735964662783942,20.59996795654297
1833,1,0,7.6375,7.639965185982874,completed,7.667688041983638,30.18804198363778,20.615392684936523
1834,2,0,7.641666666666667,7.64460406897706,completed,7.667696978984168,26.030312317501192,15.766912460327148
1835,3,0,7.645833333333333,7.649224947002949,completed,7.6815232259978075,35.68989266447442,20.286720275878906
1836,0,1,7.6499999999999995,7.65383964398643,completed,7.686418975994457,36.41897599445709,20.50377655029297
1837,1,1,7.654166666666667,7.658445413981099,dropped_dispatch_late,,,
1838,2,1,7.658333333333333,7.658460642996943,completed,7.691064491984434,32.73115865110121,20.32352066040039
1839,3,1,7.6625,7.663064097985625,completed,7.695689207001124,33.18920700112393,15.78707218170166
1840,0,0,7.666666666666667,7.6676819610001985,completed,7.700305466976715,33.63880031004829,15.630975723266602
1841,1,0,7.670833333333333,7.672297939978307,completed,7.70494702499127,34.11369165793676,31.065216064453125
1842,2,0,7.675,7.676905482978327,completed,7.709556021000026,34.55602100002597,20.48624038696289
1843,3,0,7.679166666666666,7.681515750999097,completed,7.7141836319933645,35.01696532669829,20.54159927368164
1844,0,1,7.683333333333334,7.68641350598773,completed,7.71878809898044,35.45476564710626,15.908576011657715
1845,1,1,7.6875,7.691057688993169,completed,7.724333944992395,36.83394499239512,20.594240188598633
1846,2,1,7.691666666666666,7.695681933982996,completed,7.733872465993045,42.20579932637847,20.7675838470459
1847,3,1,7.695833333333333,7.700300156982848,dropped_dispatch_late,,,
1848,0,0,7.7,7.70031507499516,completed,7.73499657100183,34.9965710018294,17.382015228271484
1849,1,0,7.704166666666667,7.7049407929880545,completed,7.742315925977891,38.149259311224704,15.614336013793945
1850,2,0,7.708333333333333,7.7095490579959005,completed,7.747027546982281,38.69421364894787,15.757568359375
1851,3,0,7.7124999999999995,7.714176057983423,completed,7.754804500989849,42.30450098984928,36.048736572265625
1852,0,1,7.716666666666667,7.718774212989956,completed,7.759387908998178,42.72124233151153,20.616544723510742
1853,1,1,7.720833333333333,7.723367458995199,dropped_queue_full,,,
1854,2,1,7.725,7.725098487979267,dropped_queue_full,,,
1855,3,1,7.729166666666667,7.729201651993208,completed,7.764039695990505,34.873029323837734,10.79248046875
1856,0,0,7.733333333333333,7.733865542977583,dropped_queue_full,,,
1857,1,0,7.7375,7.737518262001686,completed,7.764028764999239,26.528764999238952,21.485824584960938
1858,2,0,7.741666666666666,7.742309344001114,completed,7.773308413976338,31.64174730967151,25.937984466552734
1859,3,0,7.745833333333334,7.747020633978536,dropped_queue_full,,,
1860,0,1,7.75,7.750147864979226,completed,7.777927708986681,27.927708986680955,20.695232391357422
1861,1,1,7.754166666666666,7.754797047004104,completed,7.782520894979825,28.354228313158814,20.361248016357422
1862,2,1,7.758333333333333,7.75938274897635,completed,7.787382901995443,29.049568662109948,15.618144035339355
1863,3,1,7.7625,7.76402241300093,completed,7.796607555996161,34.10755599616078,28.087871551513672
1864,0,0,7.766666666666667,7.768700399989029,completed,7.801207103999332,34.540437332664986,20.78316879272461
1865,1,0,7.770833333333333,7.773301129986066,completed,7.805811861995608,34.97852866227458,20.568384170532227
1866,2,0,7.7749999999999995,7.777922168985242,completed,7.805821379995905,30.821379995905396,16.021888732910156
1867,3,0,7.779166666666667,7.7825144630041905,completed,7.814985128992703,35.81846232603603,20.485376358032227
1868,0,1,7.783333333333333,7.787375807994977,completed,7.819559900002787,36.226566669453675,20.52288055419922
1869,1,1,7.7875,7.791991766978754,dropped_dispatch_late,,,
1870,2,1,7.791666666666667,7.791999681998277,completed,7.824153245979687,32.486579313020236,20.30575942993164
1871,3,1,7.795833333333333,7.796599770983448,completed,7.828804361983202,32.971028649869005,15.540512084960938
1872,0,0,7.8,7.801202044996899,completed,7.833945980004501,33.945980004500775,15.663007736206055
1873,1,0,7.804166666666666,7.80580539998482,completed,7.839023024978815,34.856358312148394,32.98380661010742
1874,2,0,7.808333333333334,7.810396651999326,completed,7.844213976000901,35.88064266756774,20.426176071166992
1875,3,0,7.8125,7.814977674977854,completed,7.850956785987364,38.45678598736413,20.769855499267578
1876,0,1,7.816666666666666,7.819554829999106,completed,7.855630674981512,38.9640083148457,20.71161651611328
1877,1,1,7.820833333333333,7.824146183003904,completed,7.860300425993046,39.46709265971293,20.65376091003418
1878,2,1,7.825,7.828796596993925,completed,7.8650116059870925,40.0116059870923,20.61302375793457
1879,3,1,7.829166666666667,7.833451098995283,dropped_dispatch_late,,,
1880,0,0,7.833333333333333,7.833458954002708,dropped_queue_full,,,
1881,1,0,7.8374999999999995,7.837583991000429,dropped_queue_full,,,
1882,2,0,7.841666666666667,7.841679170989664,dropped_queue_full,,,
1883,3,0,7.845833333333333,7.845941348001361,completed,7.87449152598856,28.658192655226955,20.541471481323242
1884,0,1,7.85,7.850948780978797,completed,7.879203738004435,29.20373800443521,20.334880828857422
1885,1,1,7.854166666666667,7.855625234980835,completed,7.883923062996473,29.7563963298062,20.440895080566406
1886,2,1,7.858333333333333,7.860294243990211,completed,7.888811068987707,30.477735654373284,20.252511978149414
1887,3,1,7.8625,7.865004752995446,completed,7.888819925981807,26.31992598180677,15.68832015991211
1888,0,0,7.866666666666666,7.869736642984208,completed,7.893399325985229,26.73265931856239,15.607647895812988
1889,1,0,7.870833333333334,7.874483790976228,completed,7.902849568985403,32.016235652069014,20.306432723999023
1890,2,0,7.875,7.879197304981062,dropped_dispatch_late,,,
1891,3,0,7.879166666666666,7.87921788499807,completed,7.907541992986808,28.37532632014117,20.32592010498047
1892,0,1,7.883333333333333,7.883916770981159,completed,7.912183580978308,28.850247644975013,20.378591537475586
1893,1,1,7.8875,7.888803774985718,completed,7.916774331999477,29.27433199947682,15.68239974975586
1894,2,1,7.891666666666667,7.893394115992123,completed,7.92601610897691,34.34944231024328,28.195520401000977
1895,3,1,7.895833333333333,7.898148126987508,completed,7.930693906004308,34.860572670974754,20.54217529296875
1896,0,0,7.8999999999999995,7.9028430659964215,completed,7.930682904989226,30.682904989226323,15.92249584197998
1897,1,0,7.904166666666667,7.907534267986193,completed,7.940053436002927,35.886769336260116,20.584192276000977
1898,2,0,7.908333333333333,7.912177930003963,completed,7.944817626994336,36.48429366100281,20.649343490600586
1899,3,0,7.9125,7.916767689981498,dropped_dispatch_late,,,
1900,0,1,7.916666666666667,7.916793418000452,completed,7.949770435981918,33.103769315251164,20.545408248901367
1901,1,1,7.920833333333333,7.921426679997239,completed,7.954526571993483,33.69323866014984,15.64192008972168
1902,2,1,7.925,7.926008996000746,completed,7.959148952999385,34.14895299938525,15.72771167755127
1903,3,1,7.929166666666666,7.93067756498931,completed,7.963752768991981,34.58610232531445,32.618080139160156
1904,0,0,7.933333333333334,7.935378534981282,completed,7.973067604994867,39.73427166153343,20.494911193847656
1905,1,0,7.9375,7.940047043986851,completed,7.973878534976393,36.378534976392984,20.52012825012207
1906,2,0,7.941666666666666,7.944810563989449,completed,7.979051582980901,37.38491631423457,20.545408248901367
1907,3,0,7.945833333333333,7.949765205994481,completed,7.988083231000928,42.24989766759535,20.48739242553711
1908,0,1,7.95,7.954520400002366,dropped_dispatch_late,,,
1909,1,1,7.954166666666667,7.954535317985574,completed,7.992913887981558,38.74722131489161,15.733535766601562
1910,2,1,7.958333333333333,7.95914166898001,completed,7.997622281982331,39.28894864899757,15.500991821289062
1911,3,1,7.9624999999999995,7.963744783977745,completed,8.002260192995891,39.76019299589151,15.680447578430176
1912,0,0,7.966666666666667,7.968398694996722,completed,8.008881000976544,42.21433430987709,35.876705169677734
1913,1,0,7.970833333333333,7.973062304983614,dropped_queue_full,,,
1914,2,0,7.975,7.975098372990033,dropped_queue_full,,,
1915,3,0,7.979166666666667,7.979212207981618,dropped_queue_full,,,
1916,0,1,7.983333333333333,7.983413849986391,completed,8.013505345996236,30.172012662903036,5.973951816558838
1917,1,1,7.9875,7.98807566598407,completed,8.013514813996153,26.01481399615313,21.403135299682617
1918,2,1,7.991666666666666,7.992907234991435,completed,8.01811713699135,26.450470324683728,21.310335159301758
1919,3,1,7.995833333333334,7.997615328989923,completed,8.027310702978866,31.477369645532605,26.139904022216797
1920,0,0,8.0,8.002252559002955,dropped_queue_full,,,
1921,1,0,8.004166666666666,8.004167876992142,completed,8.036510098987492,32.34343232082537,20.529951095581055
1922,2,0,8.008333333333333,8.008875850995537,completed,8.041169019998051,32.83568666471837,20.576704025268555
1923,3,0,8.0125,8.01350000599632,completed,8.045864489977248,33.364489977248724,15.771743774414062
1924,0,1,8.016666666666666,8.018110614997568,completed,8.05075031198794,34.0836453212745,28.829023361206055
1925,1,1,8.020833333333334,8.02271652498166,completed,8.055423188983696,34.589855650361656,20.532991409301758
1926,2,1,8.025,8.027303137991112,completed,8.060042725002859,35.04272500285843,20.5184326171875
1927,3,1,8.029166666666667,8.031897495995509,completed,8.060051691980334,30.885025313667214,15.832223892211914
1928,0,0,8.033333333333333,8.036503816983895,completed,8.06940583299729,36.0724996639572,20.49395179748535
1929,1,0,8.0375,8.041161976987496,completed,8.074086604989134,36.58660498913413,20.475616455078125
1930,2,0,8.041666666666666,8.045856855984312,dropped_dispatch_late,,,
1931,3,0,8.045833333333333,8.045872565999161,completed,8.07875618597609,32.922852642757405,20.38591957092285
1932,0,1,8.05,8.050745041982736,completed,8.083434392989147,33.434392989146744,15.58681583404541
1933,1,1,8.054166666666667,8.055416856979718,completed,8.088929252000526,34.76258533385845,15.586655616760254
1934,2,1,8.058333333333334,8.060035611997591,completed,8.093948587978957,35.61525464562365,33.61539077758789
1935,3,1,8.0625,8.064724017982371,completed,8.100581337988842,38.08133798884228,20.368255615234375
1936,0,0,8.066666666666666,8.069400512991706,completed,8.104208107979503,37.5414413128361,20.571840286254883
1937,1,0,8.070833333333333,8.074080031976337,completed,8.113595030998113,42.761697664779774,20.46063995361328
1938,2,0,8.075,8.078748761996394,completed,8.118217561976053,43.21756197605353,20.47430419921875
1939,3,0,8.079166666666666,8.08342895298847,dropped_dispatch_late,,,
1940,0,1,8.083333333333334,8.08344421198126,completed,8.12296556198271,39.63222864937599,15.575200080871582
1941,1,1,8.0875,8.088029582984746,dropped_queue_full,,,
1942,2,1,8.091666666666667,8.091731374996016,dropped_queue_full,,,
1943,3,1,8.095833333333333,8.095847985998262,completed,8.127594064979348,31.760731646015117,25.63484764099121
1944,0,0,8.1,8.100573612988228,dropped_queue_full,,,
1945,1,0,8.104166666666666,8.10420150498976,completed,8.132248697977047,28.08203131038134,20.346847534179688
1946,2,0,8.108333333333333,8.108941309998045,completed,8.136892921000253,28.559587666920905,20.55449676513672
1947,3,0,8.1125,8.113588477979647,completed,8.141538615978789,29.038615978787874,15.654399871826172
1948,0,1,8.116666666666667,8.118210488988552,completed,8.146237091976218,29.570425309550785,25.582624435424805
1949,1,1,8.120833333333334,8.12296013199375,completed,8.150953242002288,30.11990866895431,20.661407470703125
1950,2,1,8.125,8.127586430986412,completed,8.160431527998298,35.43152799829841,20.63852882385254
1951,3,1,8.129166666666666,8.132242325984407,completed,8.160441026004264,31.2743593375977,15.986720085144043
1952,0,0,8.133333333333333,8.136885967978742,completed,8.169855440995889,36.522107662555925,18.389503479003906
1953,1,0,8.1375,8.14153091199114,completed,8.175349127996014,37.84912799601514,20.782848358154297
1954,2,0,8.141666666666666,8.146231671998976,dropped_dispatch_late,,,
1955,3,0,8.145833333333334,8.146246639982564,completed,8.180266007984756,34.432674651421635,20.482431411743164
1956,0,1,8.15,8.15094666898949,completed,8.184843625000212,34.843625000211986,15.62275218963623
1957,1,1,8.154166666666667,8.155652628978714,completed,8.18939318798948,35.22652132281401,15.609472274780273
1958,2,1,8.158333333333333,8.16042436400312,completed,8.18940256498172,31.069231648386264,27.13702392578125
1959,3,1,8.1625,8.165209003986092,completed,8.199228782992577,36.728782992577536,20.426464080810547
1960,0,0,8.166666666666666,8.169850020989543,completed,8.203803092997987,37.13642633132075,20.384864807128906
1961,1,0,8.170833333333333,8.175342244998319,dropped_dispatch_late,,,
1962,2,0,8.175,8.175359076994937,completed,8.208377503004158,33.377503004157205,20.35296058654785
1963,3,0,8.179166666666667,8.180258815002162,completed,8.213611826999113,34.44516033244582,15.507391929626465
1964,0,1,8.183333333333334,8.184838303975994,completed,8.218630520976149,35.297187642814976,15.55628776550293
1965,1,1,8.1875,8.189386835991172,completed,8.225442472001305,37.94247200130485,33.475425720214844
1966,2,1,8.191666666666666,8.194621881004423,completed,8.22889340799884,37.22674133217296,20.49830436706543
1967,3,1,8.195833333333333,8.19922163899173,completed,8.238379789981991,42.54645664865819,20.48409652709961
1968,0,0,8.2,8.203797651978675,completed,8.242991941981018,42.9919419810183,20.478879928588867
1969,1,0,8.204166666666666,8.208370429987554,dropped_dispatch_late,,,
1970,2,0,8.208333333333334,8.208386008976959,completed,8.247569907980505,39.23657464717145,15.521471977233887
1971,3,0,8.2125,8.212961671990342,dropped_queue_full,,,
1972,0,1,8.216666666666667,8.216728847997729,dropped_queue_full,,,
1973,1,1,8.220833333333333,8.22083535999991,completed,8.252174545981688,31.34121264835521,25.63916778564453
1974,2,1,8.225,8.225435929984087,dropped_queue_full,,,
1975,3,1,8.229166666666666,8.229212403995916,completed,8.256755287991837,27.588621325170593,20.352127075195312
1976,0,0,8.233333333333333,8.233805388998007,completed,8.261547603004146,28.214269670813863,20.58940887451172
1977,1,0,8.2375,8.238372416002676,completed,8.266128174000187,28.628174000186135,15.704416275024414
1978,2,0,8.241666666666667,8.2429866619932,completed,8.270714416983537,29.047750316870236,25.70137596130371
1979,3,0,8.245833333333334,8.247562864999054,completed,8.27986185500049,34.02852166715675,20.68592071533203
1980,0,1,8.25,8.25216819398338,completed,8.284434973000316,34.43497300031595,20.746944427490234
1981,1,1,8.254166666666666,8.256747162988177,completed,8.28903021197766,34.863545310994226,20.664064407348633
1982,2,1,8.258333333333333,8.261542191990884,completed,8.289039230003254,30.70589666992163,16.053632736206055
1983,3,1,8.2625,8.266121741995448,completed,8.298407556983875,35.90755698387582,20.632192611694336
1984,0,0,8.266666666666666,8.270707733987365,completed,8.302984761976404,36.318095309738396,20.626911163330078
1985,1,0,8.270833333333334,8.275283758004662,dropped_dispatch_late,,,
1986,2,0,8.275,8.275291882979218,completed,8.307564321992686,32.56432199268566,20.461727142333984
1987,3,0,8.279166666666667,8.27985369900125,completed,8.312125336989993,32.958670323326444,15.544063568115234
1988,0,1,8.283333333333333,8.28442968300078,completed,8.321241094992729,37.90776165939569,15.700639724731445
1989,1,1,8.2875,8.28902386999107,completed,8.322371752990875,34.87175299087575,33.13840103149414
1990,2,1,8.291666666666666,8.293600904988125,completed,8.327734309976222,36.06764330955592,20.592287063598633
1991,3,1,8.295833333333333,8.298399711988168,completed,8.333050288987579,37.21695565424632,20.858272552490234
1992,0,0,8.3,8.302979361993494,completed,8.342677628999809,42.67762899980809,20.831039428710938
1993,1,0,8.304166666666667,8.3075572589878,completed,8.347290150995832,43.123484329164796,20.81283187866211
1994,2,0,8.308333333333334,8.312117802997818,completed,8.351895329979016,43.561996645681944,20.59129524230957
1995,3,0,8.3125,8.316653999994742,completed,8.356500237976434,44.00023797643371,20.59343910217285
1996,0,1,8.316666666666666,8.321236035000766,dropped_dispatch_late,,,
1997,1,1,8.320833333333333,8.32125083298888,dropped_queue_full,,,
1998,2,1,8.325,8.325045381992823,dropped_queue_full,,,
1999,3,1,8.329166666666666,8.329318859992782,dropped_queue_full,,,
2000,0,0,8.333333333333334,8.333367821993306,completed,8.361305315978825,27.971982645491167,20.494400024414062
2001,1,0,8.3375,8.338046911987476,completed,8.365915495000081,28.41549500008078,20.628480911254883
2002,2,0,8.341666666666667,8.342672318976838,completed,8.370538788003614,28.872121336947387,20.65292739868164
2003,3,0,8.345833333333333,8.34728367900243,completed,8.375181246985449,29.34791365211531,20.900287628173828
2004,0,1,8.35,8.351888125995174,completed,8.379826341988519,29.82634198851919,20.640159606933594
2005,1,1,8.354166666666666,8.356492783990689,completed,8.388990059989737,34.82339332307127,20.67740821838379
2006,2,1,8.358333333333333,8.361300055985339,completed,8.388999477989273,30.66614465594064,15.862943649291992
2007,3,1,8.3625,8.365909061976708,completed,8.398218511982122,35.718511982121726,20.633344650268555
2008,0,0,8.366666666666667,8.37053176399786,completed,8.403142135997768,36.47546933110135,20.800447463989258
2009,1,0,8.370833333333334,8.37517314197612,dropped_dispatch_late,,,
2010,2,0,8.375,8.375188912003068,completed,8.40775426698383,32.75426698382944,20.73200035095215
2011,3,0,8.379166666666666,8.379820581001695,completed,8.412390013982076,33.22334731540977,15.730815887451172
2012,0,1,8.383333333333333,8.384411242004717,completed,8.417038173996843,33.70484066351054,15.8057279586792
2013,1,1,8.3875,8.388983587996336,completed,8.421796243987046,34.29624398704689,32.59001541137695
2014,2,1,8.391666666666666,8.393586581980344,completed,8.42700687199249,35.340205325823604,20.66556739807129
2015,3,1,8.395833333333334,8.39821101797861,completed,8.433829914982198,37.99658164886388,20.832639694213867
2016,0,0,8.4,8.403136855980847,completed,8.437314784998307,37.31478499830665,20.598560333251953
2017,1,0,8.404166666666667,8.407747343997471,completed,8.446906405995833,42.73973932916597,20.614303588867188
2018,2,0,8.408333333333333,8.412382669979706,completed,8.4514941519883,43.16081865496635,20.609216690063477
2019,3,0,8.4125,8.417032783996547,dropped_dispatch_late,,,
2020,0,1,8.416666666666666,8.417047832976095,completed,8.456103047996294,39.43638132962768,15.758015632629395
2021,1,1,8.420833333333333,8.421630408993224,dropped_queue_full,,,
2022,2,1,8.425,8.425098957988666,dropped_queue_full,,,
2023,3,1,8.429166666666667,8.429202714003623,completed,8.460805911978241,31.639245311573916,25.88217544555664
2024,0,0,8.433333333333334,8.433822641003644,dropped_queue_full,,,
2025,1,0,8.4375,8.437634892994538,completed,8.46550365598523,28.00365598523058,20.884639739990234
2026,2,0,8.441666666666666,8.442293893982423,completed,8.470112812996376,28.446146329709876,20.723072052001953
2027,3,0,8.445833333333333,8.446899853996001,completed,8.474704124993877,28.870791660544626,15.764800071716309
2028,0,1,8.45,8.451486998004839,completed,8.479330924979877,29.330924979877437,25.85683250427246
2029,1,1,8.454166666666666,8.456098017981276,completed,8.488543245999608,34.37657933294247,20.717248916625977
2030,2,1,8.458333333333334,8.460798307001824,completed,8.493133395997575,34.80006266424063,20.743839263916016
2031,3,1,8.4625,8.465497094002785,completed,8.493142662977334,30.642662977333757,15.72383975982666
2032,0,0,8.466666666666667,8.470105708984192,completed,8.502335577999474,35.668911332807696,18.18239974975586
2033,1,0,8.470833333333333,8.47469627999817,completed,8.507165342976805,36.33200964347161,20.588895797729492
2034,2,0,8.475,8.47932553399005,dropped_dispatch_late,,,
2035,3,0,8.479166666666666,8.479340392979793,completed,8.511765581992222,32.59891532555592,20.653440475463867
2036,0,1,8.483333333333333,8.483952203998342,completed,8.516381620982429,33.04828764909651,15.752767562866211
2037,1,1,8.4875,8.488536923978245,completed,8.521163675992284,33.66367599228326,15.809663772583008
2038,2,1,8.491666666666667,8.493126251996728,completed,8.526369386003353,34.70271933668556,32.940513610839844
2039,3,1,8.495833333333334,8.497736339981202,completed,8.5317354699946,35.90213666126729,20.624319076538086
2040,0,0,8.5,8.502330196992261,completed,8.538144735997776,38.14473599777557,20.62499237060547
2041,1,0,8.504166666666666,8.507158850989072,completed,8.54277066400391,38.60399733724407,20.693920135498047
2042,2,0,8.508333333333333,8.51175805798266,completed,8.547384849982336,39.051516649003304,20.586687088012695
2043,3,0,8.5125,8.516376250976464,completed,8.556615415000124,44.115415000124614,20.60358428955078
2044,0,1,8.516666666666666,8.520985687995562,dropped_dispatch_late,,,
2045,1,1,8.520833333333334,8.520993974001613,dropped_queue_full,,,
2046,2,1,8.525,8.52509758999804,dropped_queue_full,,,
2047,3,1,8.529166666666667,8.529201084980741,dropped_queue_full,,,
2048,0,0,8.533333333333333,8.533473150979262,completed,8.561200555996038,27.867222662704805,20.58742332458496
2049,1,0,8.5375,8.538139435986523,completed,8.56602515099803,28.525150998030213,20.628639221191406
2050,2,0,8.541666666666666,8.542763870995259,completed,8.570633124996675,28.966458330009104,20.630847930908203
2051,3,0,8.545833333333333,8.547377896000398,completed,8.575215010001557,29.381676668224443,20.62441635131836
2052,0,1,8.55,8.552012390980963,completed,8.57985258998815,29.852589988148992,20.601600646972656
2053,1,1,8.554166666666667,8.556608160986798,completed,8.584470503003104,30.303836336436518,20.598976135253906
2054,2,1,8.558333333333334,8.561195235990454,completed,8.584479369979817,26.14603664648385,15.836416244506836
2055,3,1,8.5625,8.566018849000102,completed,8.589127840998117,26.62784099811688,15.751456260681152
2056,0,0,8.566666666666666,8.570625961991027,completed,8.603057913976954,36.391247310287866,20.717248916625977
2057,1,0,8.570833333333333,8.575207174988464,dropped_dispatch_late,,,
2058,2,0,8.575,8.575222763989586,completed,8.607900182978483,32.90018297848363,20.558528900146484
2059,3,0,8.579166666666666,8.579847339977277,completed,8.612486525991699,33.31985932503301,20.668352127075195
2060,0,1,8.583333333333334,8.58446421098779,completed,8.617072558001382,33.73922466804835,15.679167747497559
2061,1,1,8.5875,8.589120546996128,completed,8.621648500993615,34.14850099361466,30.664031982421875
2062,2,1,8.591666666666667,8.593801809998695,completed,8.626213162991917,34.546496325249976,20.510528564453125
2063,3,1,8.595833333333333,8.598456351988716,completed,8.630848568980582,35.01523564724884,20.521440505981445
2064,0,0,8.6,8.603052443999331,completed,8.630837367993081,30.837367993081344,15.863903999328613
2065,1,0,8.604166666666666,8.607892999978503,completed,8.640866459987592,36.69979332092588,20.59503936767578
2066,2,0,8.608333333333333,8.612478971976088,completed,8.645893971988698,37.56063865536596,20.766687393188477
2067,3,0,8.6125,8.617067187995417,dropped_dispatch_late,,,
2068,0,1,8.616666666666667,8.617082426993875,completed,8.651579942990793,34.913276324125775,20.614208221435547
2069,1,1,8.620833333333334,8.621642098994926,completed,8.65887391997967,38.04058664633558,15.583264350891113
2070,2,1,8.625,8.626206279994221,completed,8.663471974985441,38.47197498544119,15.701600074768066
2071,3,1,8.629166666666666,8.630831988004502,completed,8.671451153990347,42.28448732368051,35.75459289550781
2072,0,0,8.633333333333333,8.635458746983204,completed,8.676066460990114,42.73312765678128,20.49443244934082
2073,1,0,8.6375,8.640059657976963,dropped_queue_full,,,
2074,2,0,8.641666666666666,8.641782520979177,dropped_queue_full,,,
2075,3,0,8.645833333333334,8.645886897982564,completed,8.680703249992803,34.869916659468814,10.881919860839844
2076,0,1,8.65,8.65049035398988,dropped_queue_full,,,
2077,1,1,8.654166666666667,8.654255826986628,completed,8.680692980997264,26.5263143305976,21.491552352905273
2078,2,1,8.658333333333333,8.658867747988552,completed,8.689948202983942,31.614869650608668,26.085599899291992
2079,3,1,8.6625,8.663464971992653,dropped_queue_full,,,
2080,0,0,8.666666666666666,8.666702792979777,completed,8.694558631977998,27.891965311331646,20.80940818786621
2081,1,0,8.670833333333333,8.671443398983683,completed,8.699239984998712,28.406651665379812,20.486560821533203
2082,2,0,8.675,8.676060820987914,completed,8.703843149996828,28.843149996827577,15.530816078186035
2083,3,0,8.679166666666667,8.680683802987915,completed,8.713260039978195,34.09337331152784,27.847904205322266
2084,0,1,8.683333333333334,8.685321533994284,completed,8.71784139299416,34.50805966082626,20.487520217895508
2085,1,1,8.6875,8.689940908981953,completed,8.722448244981933,34.948244981933385,20.286943435668945
2086,2,1,8.691666666666666,8.694553312001517,completed,8.72245771298185,30.79104631518348,15.754112243652344
2087,3,1,8.695833333333333,8.699233512976207,completed,8.731675374001497,35.84204066816454,20.258304595947266
2088,0,0,8.7,8.70383569598198,completed,8.736327972990694,36.327972990694235,20.481151580810547
2089,1,0,8.704166666666666,8.708656724978937,dropped_dispatch_late,,,
2090,2,0,8.708333333333334,8.708665059995838,completed,8.741008704993874,32.67537166053991,20.239072799682617
2091,3,0,8.7125,8.713252254994586,completed,8.745596570981434,33.09657098143326,15.476767539978027
2092,0,1,8.716666666666667,8.717836012976477,completed,8.750213260995224,33.54659432855733,15.620096206665039
2093,1,1,8.720833333333333,8.722441902995342,completed,8.75513651399524,34.303180661906296,32.4601936340332
2094,2,1,8.725,8.72703925697715,completed,8.760473353002453,35.47335300245358,20.533119201660156
2095,3,1,8.729166666666666,8.731667608983116,completed,8.767129627987742,37.96296132107635,20.75916862487793
2096,0,0,8.733333333333333,8.736322612996446,completed,8.77089274697937,37.55941364603821,20.75904083251953
2097,1,0,8.7375,8.741001721995417,completed,8.78012271199259,42.622711992589046,20.730560302734375
2098,2,0,8.741666666666667,8.745589015976293,completed,8.784769017976942,43.1023513102744,20.705759048461914
2099,3,0,8.745833333333334,8.750207820994547,dropped_dispatch_late,,,
2100,0,1,8.75,8.750222909991862,completed,8.789352836000035,39.352836000034586,15.640095710754395
2101,1,1,8.754166666666666,8.754803121002624,dropped_queue_full,,,
2102,2,1,8.758333333333333,8.758413239003858,dropped_queue_full,,,
2103,3,1,8.7625,8.762520441989182,completed,8.79417245197692,31.672451976920257,26.0578556060791
2104,0,0,8.766666666666666,8.767122313991422,dropped_queue_full,,,
2105,1,0,8.770833333333334,8.77088702598121,completed,8.798847533995286,28.014200661951705,20.935136795043945
2106,2,0,8.775,8.775510259001749,completed,8.803458954003872,28.458954003871995,20.536352157592773
2107,3,0,8.779166666666667,8.780116369976895,completed,8.808043002994964,28.876336328297114,15.670368194580078
2108,0,1,8.783333333333333,8.784761994989822,completed,8.8128833679948,29.550034661466995,25.792224884033203
2109,1,1,8.7875,8.78934735598159,completed,8.822096099989722,34.59609998972191,20.55059242248535
2110,2,1,8.791666666666666,8.794164967985125,completed,8.826689866982633,35.02320031596717,20.774656295776367
2111,3,1,8.795833333333333,8.798841291980352,completed,8.826699314988218,30.865981654885744,15.739487648010254
2112,0,0,8.8,8.803451860992936,completed,8.83594152299338,35.94152299337949,20.5894718170166
2113,1,0,8.804166666666667,8.808035417983774,completed,8.840570867003407,36.40420033674019,20.612512588500977
2114,2,0,8.808333333333334,8.812877827993361,dropped_dispatch_late,,,
2115,3,0,8.8125,8.81289303698577,completed,8.845167228981154,32.66722898115404,20.43564796447754
2116,0,1,8.816666666666666,8.817461104976246,completed,8.849786083999788,33.11941733312196,15.5382080078125
2117,1,1,8.820833333333333,8.8220896779967,completed,8.85447969098459,33.64635765125712,15.599871635437012
2118,2,1,8.825,8.826682824001182,completed,8.859340804978274,34.34080497827452,32.33891296386719
2119,3,1,8.829166666666666,8.8313096530037,completed,8.864685890002875,35.51922333620894,20.374624252319336
2120,0,0,8.833333333333334,8.835936152987415,completed,8.8714003659843,38.067032650966226,20.441375732421875
2121,1,0,8.8375,8.840564384998288,completed,8.874895945977187,37.39594597718643,20.534719467163086
2122,2,0,8.841666666666667,8.845159274002071,completed,8.8842203799868,42.55371332013347,20.551328659057617
2123,3,0,8.845833333333333,8.849772327987012,completed,8.888814859004924,42.98152567159086,20.5296630859375
2124,0,1,8.85,8.854473498999141,dropped_dispatch_late,,,
2125,1,1,8.854166666666666,8.854488276992925,completed,8.893407362978905,39.240696312239365,15.641599655151367
2126,2,1,8.858333333333333,8.859164620982483,dropped_queue_full,,,
2127,3,1,8.8625,8.862628170987591,dropped_queue_full,,,
2128,0,0,8.866666666666667,8.866748467989964,completed,8.898021448985673,31.354782319006347,25.835039138793945
2129,1,0,8.870833333333334,8.871394994988805,dropped_queue_full,,,
2130,2,0,8.875,8.875057183002355,completed,8.902852345985593,27.852345985593274,20.773536682128906
2131,3,0,8.879166666666666,8.87964307499351,completed,8.907424873003038,28.258206336371217,20.55411148071289
2132,0,1,8.883333333333333,8.884213085984811,completed,8.912024750985438,28.691417652105144,15.806112289428711
2133,1,1,8.8875,8.888807243987685,completed,8.916870416986058,29.370416986058245,25.725120544433594
2134,2,1,8.891666666666666,8.893400960980216,completed,8.926050686975941,34.38402030927534,20.751039505004883
2135,3,1,8.895833333333334,8.898016128980089,completed,8.930683297978248,34.84996464491452,20.747840881347656
2136,0,0,8.9,8.902844971977174,completed,8.930671524984064,30.671524984063225,15.771903991699219
2137,1,0,8.904166666666667,8.90741730798618,completed,8.939921337994747,35.75467132808008,20.58665657043457
2138,2,0,8.908333333333333,8.912019360985141,completed,8.944514703995083,36.18137066174931,20.613216400146484
2139,3,0,8.9125,8.916863573977025,dropped_dispatch_late,,,
2140,0,1,8.916666666666666,8.916879303986207,completed,8.949108971981332,32.44230531466563,20.49193572998047
2141,1,1,8.920833333333333,8.9214758159942,completed,8.953723587997956,32.8902546646237,15.610015869140625
2142,2,1,8.925,8.926043432991719,completed,8.958318256976781,33.3182569767807,15.67302417755127
2143,3,1,8.929166666666667,8.93066597500001,completed,8.963245036982698,34.078370316031226,32.378047943115234
2144,0,0,8.933333333333334,8.93531747200177,completed,8.968736388982506,35.4030556491729,20.45052719116211
2145,1,0,8.9375,8.939914594986476,completed,8.973785159992985,36.28515999298543,20.58393669128418
2146,2,0,8.941666666666666,8.944507539999904,completed,8.979669658991043,38.002992324376095,20.627391815185547
2147,3,0,8.945833333333333,8.949103460996412,completed,8.984287751984084,38.454418650751165,20.632640838623047
2148,0,1,8.95,8.953717185999267,completed,8.993456711003091,43.4567110030919,20.45769691467285
2149,1,1,8.954166666666666,8.958310932997847,completed,8.998101295001106,43.93462833444062,20.490976333618164
2150,2,1,8.958333333333334,8.962907865992747,dropped_dispatch_late,,,
2151,3,1,8.9625,8.962916051998036,dropped_queue_full,,,
2152,0,0,8.966666666666667,8.966673970979173,dropped_queue_full,,,
2153,1,0,8.970833333333333,8.970939664985053,dropped_queue_full,,,
2154,2,0,8.975,8.97504903099616,completed,9.002841018984327,27.841018984327448,20.469823837280273
2155,3,0,8.979166666666666,8.979662725992966,completed,9.007542189996457,28.375523329790653,20.53865623474121
2156,0,1,8.983333333333333,8.984280067990767,completed,9.012163359002443,28.830025669110526,20.548736572265625
2157,1,1,8.9875,8.988871740992181,completed,9.016987883980619,29.48788398061808,20.863231658935547
2158,2,1,8.991666666666667,8.993451371003175,completed,9.02162446299917,29.957796332503506,20.681503295898438
2159,3,1,8.995833333333334,8.99809496299713,completed,9.026231575000565,30.39824166723193,20.705280303955078
2160,0,0,9.0,9.002833774982719,completed,9.026220022991765,26.22002299176529,15.887295722961426
2161,1,0,9.004166666666666,9.007534625998233,completed,9.040049835981335,35.88316931466906,20.437183380126953
2162,2,0,9.008333333333333,9.01215802898514,completed,9.044661486987025,36.328153653691686,20.629663467407227
2163,3,0,9.0125,9.016981271997793,dropped_dispatch_late,,,
2164,0,1,9.016666666666666,9.016996910999296,completed,9.049291111994535,32.62444532786901,20.45369529724121
2165,1,1,9.020833333333334,9.021617428981699,completed,9.053921429003822,33.08809567048776,15.727680206298828
2166,2,1,9.025,9.026214371988317,completed,9.058505647000857,33.50564700085634,15.698335647583008
2167,3,1,9.029166666666667,9.030839699000353,completed,9.063139079982648,33.97241331598089,31.109920501708984
2168,0,0,9.033333333333333,9.035428998002317,completed,9.06774596098694,34.412627653606975,20.648799896240234
2169,1,0,9.0375,9.040043493994744,completed,9.076954485004535,39.4544850045353,20.647071838378906
2170,2,0,9.041666666666666,9.044654322991846,completed,9.077765014983015,36.09834831634906,20.637983322143555
2171,3,0,9.045833333333333,9.049285621993477,completed,9.082894158986164,37.06082565283175,20.6200008392334
2172,0,1,9.05,9.0539152569836,completed,9.092187303991523,42.18730399152193,20.629024505615234
2173,1,1,9.054166666666667,9.058498803991824,dropped_dispatch_late,,,
2174,2,1,9.058333333333334,9.058513752999716,completed,9.096813401993131,38.480068659797695,15.516351699829102
2175,3,1,9.0625,9.063131414994132,completed,9.101440372003708,38.940372003708035,15.535008430480957
2176,0,0,9.066666666666666,9.067740550992312,completed,9.106264948000899,39.598281334232155,15.56339168548584
2177,1,0,9.070833333333333,9.072343384992564,completed,9.113114370004041,42.28103667070826,36.08582305908203
2178,2,0,9.075,9.076947912981268,dropped_queue_full,,,
2179,3,0,9.079166666666666,9.079190263000783,dropped_queue_full,,,
2180,0,1,9.083333333333334,9.08336996298749,dropped_queue_full,,,
2181,1,1,9.0875,9.087569039984373,completed,9.11794635897968,30.44635897967929,5.9404802322387695
2182,2,1,9.091666666666667,9.092181822983548,completed,9.117955786990933,26.289120324266335,21.632768630981445
2183,3,1,9.095833333333333,9.096805937995669,completed,9.122634486004245,26.80115267091132,21.393312454223633
2184,0,0,9.1,9.101432697993005,completed,9.13186118399608,31.861183996079845,26.112096786499023
2185,1,0,9.104166666666666,9.106259597989265,dropped_queue_full,,,
2186,2,0,9.108333333333333,9.108488701982424,completed,9.136495066981297,28.161733647964482,20.22812843322754
2187,3,0,9.1125,9.113107937999303,completed,9.141082261980046,28.582261980044876,20.19001579284668
2188,0,1,9.116666666666667,9.117939727002522,completed,9.145667201984907,29.00053531823943,15.533951759338379
2189,1,1,9.120833333333334,9.122627351986011,completed,9.15491747498163,34.08414164829665,27.819168090820312
2190,2,1,9.125,9.127228011988336,completed,9.159484050003812,34.48405000381172,20.365055084228516
2191,3,1,9.129166666666666,9.131855763989734,completed,9.164113995997468,34.94732933080158,20.586048126220703
2192,0,0,9.133333333333333,9.136487923999084,completed,9.164102734997869,30.76940166453568,15.831007957458496
2193,1,0,9.1375,9.14107459699153,completed,9.173333680984797,35.83368098479767,20.406047821044922
2194,2,0,9.141666666666666,9.145661660993937,completed,9.177962323999964,36.29565733329798,20.43564796447754
2195,3,0,9.145833333333334,9.1503367429832,dropped_dispatch_late,,,
2196,0,1,9.15,9.150344667985337,completed,9.182585676986491,32.58567698649095,20.335296630859375
2197,1,1,9.154166666666667,9.154911192978034,completed,9.187171468976885,33.004802310218295,15.51369571685791
2198,2,1,9.158333333333333,9.159477146982681,completed,9.192276007001055,33.94267366772219,15.531455993652344
2199,3,1,9.1625,9.164097093977034,completed,9.197471937979572,34.97193797957188,33.027137756347656
2200,0,0,9.166666666666666,9.168695439992007,completed,9.202628283004742,35.96161633807604,20.482112884521484
2201,1,0,9.170833333333333,9.173327128984965,completed,9.209086922986899,38.25358965356607,20.67852783203125
2202,2,0,9.175,9.177955110993935,completed,9.213669558987021,38.669558987020736,20.488576889038086
2203,3,0,9.179166666666667,9.182580396998674,completed,9.218789345002733,39.62267833606603,20.45142364501953
2204,0,1,9.183333333333334,9.187164926988771,completed,9.223389142978704,40.05580964537003,20.37388801574707
2205,1,1,9.1875,9.191767520998837,dropped_dispatch_late,,,
2206,2,1,9.191666666666666,9.19177547597792,dropped_queue_full,,,
2207,3,1,9.195833333333333,9.1958859039878,dropped_queue_full,,,
2208,0,0,9.2,9.200099508976564,dropped_queue_full,,,
2209,1,0,9.204166666666666,9.20420321499114,completed,9.232638444984332,28.471778317666008,20.43440055847168
2210,2,0,9.208333333333334,9.20908052098821,completed,9.237261667993153,28.92833465981859,20.384511947631836
2211,3,0,9.2125,9.213662284979364,completed,9.24183574700146,29.335747001459467,20.61155128479004
2212,0,1,9.216666666666667,9.21877416598727,completed,9.246439472975908,29.772806309241062,20.410783767700195
2213,1,1,9.220833333333333,9.223383773001842,completed,9.251025464996928,30.192131663595134,20.448575973510742
2214,2,1,9.225,9.228021603979869,completed,9.251034782995703,26.034782995703054,15.736255645751953
2215,3,1,9.229166666666666,9.232631721999496,completed,9.255610475986032,26.44380931936574,15.652704238891602
2216,0,0,9.233333333333333,9.237254463980207,completed,9.264772019989323,31.438686655990367,20.65292739868164
2217,1,0,9.2375,9.241828083002474,dropped_dispatch_late,,,
2218,2,0,9.241666666666667,9.241843422001693,completed,9.273992105998332,32.32543933166454,20.418336868286133
2219,3,0,9.245833333333334,9.246434212982422,completed,9.278612473979592,32.77914064625875,20.413440704345703
2220,0,1,9.25,9.251018843002385,completed,9.283193426002981,33.19342600298114,15.362815856933594
2221,1,1,9.254166666666666,9.255603853001958,completed,9.287763407977764,33.596741311097134,29.250656127929688
2222,2,1,9.258333333333333,9.260187310981564,completed,9.292335012985859,34.00167965252621,20.20044708251953
2223,3,1,9.2625,9.264766609994695,completed,9.296945621987106,34.44562198710699,20.357088088989258
2224,0,0,9.266666666666666,9.269368972978555,completed,9.30150541398325,34.83874731658432,20.35206413269043
2225,1,0,9.270833333333334,9.273985132982489,completed,9.301515052997274,30.6817196639404,15.7259521484375
2226,2,0,9.275,9.278604838997126,completed,9.310925810976187,35.92581097618641,20.54105567932129
2227,3,0,9.279166666666667,9.283187995984918,completed,9.316182747978019,37.01608131135181,20.535263061523438
2228,0,1,9.283333333333333,9.287756985984743,dropped_dispatch_late,,,
2229,1,1,9.2875,9.287772215000587,completed,9.321585561003303,34.08556100330351,20.484384536743164
2230,2,1,9.291666666666666,9.292328049981734,completed,9.326470380998217,34.803714331550495,15.64022445678711
2231,3,1,9.295833333333333,9.296938307990786,completed,9.333932106994325,38.09877366099279,15.649248123168945
2232,0,0,9.3,9.301499943976523,completed,9.336945911985822,36.94591198582131,35.16032028198242
2233,1,0,9.304166666666667,9.30624373597675,completed,9.342255469004158,38.08880233749079,20.435104370117188
2234,2,0,9.308333333333334,9.310918836999917,completed,9.351465915999142,43.13258266580888,20.664480209350586
2235,3,0,9.3125,9.315468159999,dropped_queue_full,,,
2236,0,1,9.316666666666666,9.31678257699241,completed,9.356069090979872,39.40242431320584,15.629631996154785
2237,1,1,9.320833333333333,9.321410348988138,dropped_queue_full,,,
2238,2,1,9.325,9.325043089978863,dropped_queue_full,,,
2239,3,1,9.329166666666666,9.329255311982706,completed,9.360650494985748,31.483828319082363,25.513280868530273
2240,0,0,9.333333333333334,9.333924551989185,dropped_queue_full,,,
2241,1,0,9.3375,9.337580908002565,completed,9.365264319989365,27.76431998936424,20.540576934814453
2242,2,0,9.341666666666667,9.342249096982414,completed,9.369837006990565,28.170340323898202,20.519968032836914
2243,3,0,9.345833333333333,9.346863402985036,completed,9.374479856982362,28.64652364902831,15.695615768432617
2244,0,1,9.35,9.351458713004831,completed,9.379097669996554,29.097669996554387,25.544063568115234
2245,1,1,9.354166666666666,9.35606400098186,completed,9.383687698980793,29.521032314127282,20.674816131591797
2246,2,1,9.358333333333333,9.360643060004804,completed,9.392957058997126,34.62372566379379,20.67635154724121
2247,3,1,9.3625,9.36525761699886,completed,9.397569891996682,35.06989199668098,20.45123291015625
2248,0,0,9.366666666666667,9.369829723000294,completed,9.397558249998838,30.89158333217057,15.885824203491211
2249,1,0,9.370833333333334,9.374472452996997,completed,9.40691479499219,36.081461658856284,20.427072525024414
2250,2,0,9.375,9.379092358984053,completed,9.411601868981961,36.60186898196116,20.672096252441406
2251,3,0,9.379166666666666,9.38368091598386,dropped_dispatch_late,,,
2252,0,1,9.383333333333333,9.383696506003616,completed,9.416169195988914,32.83586265558114,20.562015533447266
2253,1,1,9.3875,9.388303888990777,completed,9.42098763998365,33.48763998365101,15.732224464416504
2254,2,1,9.391666666666666,9.39294999500271,completed,9.42556661798153,33.89995131486501,15.684479713439941
2255,3,1,9.395833333333334,9.397552799986443,completed,9.430511802987894,34.67846965456012,32.591041564941406
2256,0,0,9.4,9.402190099004656,completed,9.438107141992077,38.107141992076876,20.316608428955078
2257,1,0,9.404166666666667,9.406908402976114,completed,9.440789227985078,36.622561318411684,20.515392303466797
2258,2,0,9.408333333333333,9.411594815988792,completed,9.445945853978628,37.61252064529508,20.45782470703125
2259,3,0,9.4125,9.416164016001858,completed,9.455152073001955,42.65207300195506,20.50704002380371
2260,0,1,9.416666666666666,9.420981257979292,dropped_dispatch_late,,,
2261,1,1,9.420833333333333,9.420996636996279,completed,9.459709610993741,38.876277660408576,15.781375885009766
2262,2,1,9.425,9.42555938498117,completed,9.464333134994376,39.33313499437574,15.57107162475586
2263,3,1,9.429166666666667,9.430176897003548,dropped_queue_full,,,
2264,0,0,9.433333333333334,9.433466786984354,completed,9.468981646001339,35.64831266800539,31.13497543334961
2265,1,0,9.4375,9.43810194300022,dropped_queue_full,,,
2266,2,0,9.441666666666666,9.441740634996677,dropped_queue_full,,,
2267,3,0,9.445833333333333,9.445940132980468,completed,9.473636809998425,27.803476665091864,20.748863220214844
2268,0,1,9.45,9.45054239599267,completed,9.478266124002403,28.26612400240336,10.814656257629395
2269,1,1,9.454166666666666,9.45514426799491,completed,9.482912059989758,28.745393323092117,25.868192672729492
2270,2,1,9.458333333333334,9.459702908992767,completed,9.49216892599361,33.83559266027625,26.170272827148438
2271,3,1,9.4625,9.46432607198949,completed,9.496742874995107,34.242874995106476,20.94767951965332
2272,0,0,9.466666666666667,9.468975804978982,completed,9.501371357997414,34.70469133074694,20.432479858398438
2273,1,0,9.470833333333333,9.473629134998191,completed,9.501381256995955,30.547923662622267,15.845600128173828
2274,2,0,9.475,9.478260843985481,completed,9.510747330001323,35.74733000132291,20.234111785888672
2275,3,0,9.479166666666666,9.482905426993966,completed,9.515325096988818,36.1584303221516,20.360671997070312
2276,0,1,9.483333333333333,9.487531595979817,dropped_dispatch_late,,,
2277,1,1,9.4875,9.487539470981574,completed,9.519933560979553,32.43356097955186,20.34662437438965
2278,2,1,9.491666666666667,9.492161701986333,completed,9.524770710995654,33.104044328986504,15.599871635437012
2279,3,1,9.495833333333334,9.496735230990453,completed,9.529375828977209,33.542495643875014,15.698880195617676
2280,0,0,9.5,9.501365937991068,completed,9.534421794989612,34.42179498961195,32.8073616027832
2281,1,0,9.504166666666666,9.50596315099392,completed,9.53994759300258,35.780926335913676,20.58403205871582
2282,2,0,9.508333333333333,9.510740035999333,completed,9.546302925999044,37.96959266571065,20.597183227539062
2283,3,0,9.5125,9.51531712099677,completed,9.550106040987885,37.606040987885336,20.655712127685547
2284,0,1,9.516666666666666,9.51992703898577,completed,9.559385931002907,42.719264336241736,20.619712829589844
2285,1,1,9.520833333333334,9.524763566994807,completed,9.564105846977327,43.27251364399309,20.681535720825195
2286,2,1,9.525,9.529367913986789,dropped_dispatch_late,,,
2287,3,1,9.529166666666667,9.529384205001406,completed,9.568793231999734,39.62656533306763,15.881888389587402
2288,0,0,9.533333333333333,9.533930321980733,dropped_queue_full,,,
2289,1,0,9.5375,9.53757100799703,dropped_queue_full,,,
2290,2,0,9.541666666666666,9.541684922995046,completed,9.573434138990706,31.76747232403976,26.09071922302246
2291,3,0,9.545833333333333,9.54629603298963,dropped_queue_full,,,
2292,0,1,9.55,9.550098757987143,completed,9.578102336992742,28.102336992741783,21.03705596923828
2293,1,1,9.554166666666667,9.554764320986578,completed,9.58265498597757,28.488319310902455,20.73200035095215
2294,2,1,9.558333333333334,9.559380469989264,completed,9.587263149995124,28.929816661790397,15.844544410705566
2295,3,1,9.5625,9.564099434996024,completed,9.596488245995715,33.98824599571526,26.004928588867188
2296,0,0,9.566666666666666,9.568784915987635,completed,9.601090838987147,34.424172320481006,20.957632064819336
2297,1,0,9.570833333333333,9.57342725599301,completed,9.605702109984122,34.86877665078936,20.913951873779297
2298,2,0,9.575,9.578096926998114,completed,9.60571170799085,30.7117079908501,15.90227222442627
2299,3,0,9.579166666666666,9.582648404000793,completed,9.615105072996812,35.93840633014622,20.681055068969727
2300,0,1,9.583333333333334,9.587255876976997,completed,9.61967072598054,36.33739264720681,20.685728073120117
2301,1,1,9.5875,9.591873317986028,dropped_dispatch_late,,,
2302,2,1,9.591666666666667,9.591881503991317,completed,9.624272097978974,32.605431312306976,20.66156768798828
2303,3,1,9.595833333333333,9.596480770997005,completed,9.629147779982304,33.314446648970986,15.744704246520996
2304,0,0,9.6,9.601085468981182,completed,9.634126367978752,34.126367978752015,15.743040084838867
2305,1,0,9.604166666666666,9.60569542698795,completed,9.63931504599168,35.14837932501358,33.26784133911133
2306,2,0,9.608333333333333,9.610530281992396,completed,9.644524130999343,36.190797666010965,20.4704647064209
2307,3,0,9.6125,9.615097228001105,completed,9.650579684996046,38.079684996045415,20.651103973388672
2308,0,1,9.616666666666667,9.61966511598439,completed,9.655182218994014,38.515552327346825,20.719680786132812
2309,1,1,9.620833333333334,9.6242648740008,completed,9.66438411999843,43.55078666509726,20.679040908813477
2310,2,1,9.625,9.62914013597765,completed,9.669003355986206,44.00335598620586,20.675647735595703
2311,3,1,9.629166666666666,9.633789578976575,dropped_dispatch_late,,,
2312,0,0,9.633333333333333,9.633797943999525,dropped_queue_full,,,
2313,1,0,9.6375,9.637571122002555,dropped_queue_full,,,
2314,2,0,9.641666666666666,9.641675449995091,dropped_queue_full,,,
2315,3,0,9.645833333333334,9.645940711983712,completed,9.673621308989823,27.78797565648894,20.8789119720459
2316,0,1,9.65,9.650572201004252,completed,9.678218030981952,28.21803098195197,20.7259521484375
2317,1,1,9.654166666666667,9.655177148990333,completed,9.682851082994603,28.684416327935836,20.7259521484375
2318,2,1,9.658333333333333,9.659784631978255,completed,9.687413239997113,29.07990666377991,20.651199340820312
2319,3,1,9.6625,9.664377477980452,completed,9.69200401098351,29.504010983510298,20.678367614746094
2320,0,0,9.666666666666666,9.668996211985359,completed,9.69661077298224,29.94410631557365,20.5598087310791
2321,1,0,9.670833333333333,9.67361355398316,completed,9.705849102989305,35.015769655972306,20.594655990600586
2322,2,0,9.675,9.678212269995129,completed,9.705858119996265,30.858119996263866,15.847071647644043
2323,3,0,9.679166666666667,9.682844549999572,completed,9.71502760000294,35.860933336273604,20.538143157958984
2324,0,1,9.683333333333334,9.687405995995505,completed,9.719587542989757,36.25420965642334,20.666528701782227
2325,1,1,9.6875,9.691996235982515,dropped_dispatch_late,,,
2326,2,1,9.691666666666666,9.692011695995461,completed,9.724210324988235,32.54365832156836,20.5166072845459
2327,3,1,9.695833333333333,9.6966053119977,completed,9.729019600985339,33.18626765200605,15.821824073791504
2328,0,0,9.7,9.701201324001886,completed,9.733890895004151,33.8908950041521,15.700736045837402
2329,1,0,9.704166666666666,9.705842630995903,completed,9.73853078999673,34.364123330064444,32.22102355957031
2330,2,0,9.708333333333334,9.710443821997615,completed,9.743308315984905,34.97498265157084,20.54694366455078
2331,3,0,9.7125,9.715020115982043,completed,9.750474018976092,37.97401897609198,20.41187286376953
2332,0,1,9.716666666666667,9.71958212199388,completed,9.753661103983177,36.99443731651009,20.364896774291992
2333,1,1,9.720833333333333,9.724203160993056,completed,9.763090908003505,42.257574670172104,20.374879837036133
2334,2,1,9.725,9.729011945979437,completed,9.767768713994883,42.768713994883356,20.557823181152344
2335,3,1,9.729166666666666,9.733885464986088,dropped_dispatch_late,,,
2336,0,0,9.733333333333333,9.733900694001932,completed,9.772447712981375,39.11437964804243,15.537343978881836
2337,1,0,9.7375,9.738524107000558,completed,9.777119709004182,39.61970900418166,15.696928024291992
2338,2,0,9.741666666666667,9.743132240982959,dropped_queue_full,,,
2339,3,0,9.745833333333334,9.745837019989267,completed,9.78175834097783,35.92500764449724,30.849119186401367
2340,0,1,9.75,9.750466504978249,dropped_queue_full,,,
2341,1,1,9.754166666666666,9.754265551979188,dropped_queue_full,,,
2342,2,1,9.758333333333333,9.758361101994524,completed,9.786412221990759,28.078888657425694,20.719392776489258
2343,3,1,9.7625,9.763084295002045,completed,9.791035554982955,28.535554982955347,10.907967567443848
2344,0,0,9.766666666666666,9.767761640978279,completed,9.795641245000297,28.974578333631484,26.236608505249023
2345,1,0,9.770833333333334,9.772442452987889,completed,9.804941252979916,34.107919646581664,26.028671264648438
2346,2,0,9.775,9.777113146003103,completed,9.8095538749767,34.55387497669982,21.041088104248047
2347,3,0,9.779166666666667,9.78175053599989,completed,9.814159293979174,34.99262731250674,20.50841522216797
2348,0,1,9.783333333333333,9.786405068996828,completed,9.814147932978813,30.81459964547939,15.923904418945312
2349,1,1,9.7875,9.791028000996448,completed,9.823341579001863,35.84157900186291,20.370431900024414
2350,2,1,9.791666666666666,9.79563572499319,completed,9.827943440992385,36.276774325719074,20.423904418945312
2351,3,1,9.795833333333333,9.800319131987635,dropped_dispatch_late,,,
2352,0,0,9.8,9.800327226985246,completed,9.832804705976741,32.80470597674068,20.50057601928711
2353,1,0,9.804166666666667,9.804934699990554,completed,9.837706637976225,33.539971309558325,15.742624282836914
2354,2,0,9.808333333333334,9.809546661999775,completed,9.84249120799359,34.15787466025577,15.828703880310059
2355,3,0,9.8125,9.814142472983804,completed,9.847560237976722,35.06023797672242,33.14828872680664
2356,0,1,9.816666666666666,9.818731120001758,completed,9.854739726986736,38.07306032006963,20.455711364746094
2357,1,1,9.820833333333333,9.82333519597887,completed,9.858050537004601,37.21720367126835,20.53651237487793
2358,2,1,9.825,9.827936507994309,completed,9.863061485986691,38.06148598669168,20.54617691040039
2359,3,1,9.829166666666666,9.832799134979723,completed,9.872288735990878,43.122069324212475,20.53068733215332
2360,0,0,9.833333333333334,9.837699725001585,dropped_dispatch_late,,,
2361,1,0,9.8375,9.837715725996532,completed,9.876969477976672,39.469477976671996,15.652192115783691
2362,2,0,9.841666666666667,9.842314822977642,dropped_queue_full,,,
2363,3,0,9.845833333333333,9.845944658998633,dropped_queue_full,,,
2364,0,1,9.85,9.850044477003394,completed,9.881682981998893,31.682981998892856,25.61529541015625
2365,1,1,9.854166666666666,9.85473419597838,dropped_queue_full,,,
2366,2,1,9.858333333333333,9.858369451976614,completed,9.886410954000894,28.077620667561476,20.58118438720703
2367,3,1,9.8625,9.863054101995658,completed,9.891065896983491,28.565896983490546,20.63827133178711
2368,0,0,9.866666666666667,9.86769665198517,completed,9.895677788998,29.011122331333183,15.741024017333984
2369,1,0,9.870833333333334,9.872280980984215,completed,9.90029014099855,29.45680766521619,25.57526397705078
2370,2,0,9.875,9.876963014976354,completed,9.90492576698307,29.92576698306948,20.695167541503906
2371,3,0,9.879166666666666,9.881676549994154,completed,9.914198803977342,35.03213731067589,20.641279220581055
2372,0,1,9.883333333333333,9.886403739976231,completed,9.914187282003695,30.853948670362286,15.638400077819824
2373,1,1,9.8875,9.891058592998888,completed,9.923458143981406,35.958143981407176,20.480480194091797
2374,2,1,9.891666666666666,9.895672579004895,completed,9.928059925994603,36.393259327937244,20.476064682006836
2375,3,1,9.895833333333334,9.900283758994192,dropped_dispatch_late,,,
2376,0,0,9.9,9.90029891798622,completed,9.932795031985734,32.7950319857333,20.431455612182617
2377,1,0,9.904166666666667,9.904918524000095,completed,9.937595781986602,33.429115319934866,15.49289608001709
2378,2,0,9.908333333333333,9.909565711976029,completed,9.94253462497727,34.201291643936926,15.628607749938965
2379,3,0,9.9125,9.914181731001008,completed,9.94715223700041,34.65223700040987,31.647327423095703
2380,0,1,9.916666666666666,9.918840441998327,completed,9.95175000099698,35.08333433031474,20.469440460205078
2381,1,1,9.920833333333333,9.92345181197743,completed,9.951759679999668,30.926346666335647,15.891615867614746
2382,2,1,9.925,9.92805298298481,completed,9.961591657978715,36.591657978714665,20.435199737548828
2383,3,1,9.929166666666667,9.932789691985818,completed,9.966735088994028,37.568422327360906,20.494016647338867
2384,0,0,9.933333333333334,9.937589159002528,dropped_dispatch_late,,,
2385,1,0,9.9375,9.93785723898327,completed,9.972318956977688,34.818956977687776,20.454816818237305
2386,2,0,9.941666666666666,9.942527430976043,completed,9.979775652987882,38.108986321216065,15.593184471130371
2387,3,0,9.945833333333333,9.947144742996898,completed,9.984365532000083,38.53219866675062,15.693632125854492
2388,0,1,9.95,9.951744520978536,completed,9.992129481979646,42.1294819796465,35.67212677001953
2389,1,1,9.954166666666666,9.956346382998163,completed,9.996715984976618,42.5493183099519,20.568031311035156
2390,2,1,9.958333333333334,9.960942724981578,dropped_queue_full,,,
2391,3,1,9.9625,9.96254370699171,dropped_queue_full,,,
2392,0,0,9.966666666666667,9.966728045983473,completed,10.001309290993959,34.64262432729193,10.759008407592773
2393,1,0,9.970833333333333,9.971353703003842,dropped_queue_full,,,
2394,2,0,9.975,9.975097936985549,completed,10.001319440983934,26.319440983934683,21.390111923217773
2395,3,0,9.979166666666666,9.979768478980986,completed,10.010508937994018,31.342271327352123,26.091136932373047
2396,0,1,9.983333333333333,9.984357827983331,dropped_queue_full,,,
2397,1,1,9.9875,9.987518682988593,completed,10.015122071985388,27.622071985387464,20.661279678344727
2398,2,1,9.991666666666667,9.992124081996735,completed,10.019682465004735,28.015798338067555,20.431840896606445
2399,3,1,9.995833333333334,9.996709503000602,completed,10.028862374980235,33.0290416469019,15.688096046447754
2400,0,0,10.0,10.001303950994043,completed,10.03348940500291,33.489405002910644,28.135936737060547
2401,1,0,10.004166666666666,10.005925590987317,completed,10.03822095398209,34.05428731542415,20.845247268676758
2402,2,0,10.008333333333333,10.010501493990887,completed,10.043226442998275,34.8931096649423,20.66524887084961
2403,3,0,10.0125,10.015115649992367,completed,10.047853783995379,35.35378399537947,20.742656707763672
2404,0,1,10.016666666666666,10.019675201998325,completed,10.047842011001194,31.175344334528177,15.895711898803711
2405,1,1,10.020833333333334,10.02427901799092,completed,10.057032801996684,36.199468663349776,20.61516761779785
2406,2,1,10.025,10.028854800999397,completed,10.061616680002771,36.61668000277096,20.467487335205078
2407,3,1,10.029166666666667,10.033484165003756,dropped_dispatch_late,,,
2408,0,0,10.033333333333333,10.033506296982523,completed,10.070765840995591,37.43250766225792,20.469663619995117
2409,1,0,10.0375,10.03821458198945,completed,10.075376789987786,37.8767899877861,15.474207878112793
2410,2,0,10.041666666666666,10.043219340004725,completed,10.076349858980393,34.68319231372696,15.518943786621094
2411,3,0,10.045833333333333,10.047836571000516,completed,10.081682048999937,35.84871566660475,33.46352005004883
2412,0,1,10.05,10.052438162994804,completed,10.086734005977632,36.73400597763177,20.35113525390625
2413,1,1,10.054166666666667,10.057026438997127,completed,10.092151958990144,37.98529232347647,20.563840866088867
2414,2,1,10.058333333333334,10.061609625990968,completed,10.101333200989757,42.99986765642316,20.545631408691406
2415,3,1,10.0625,10.06619146099547,completed,10.105965741997352,43.46574199735187,20.492128372192383
2416,0,0,10.066666666666666,10.070760410977527,completed,10.110582922992762,43.91625632609575,20.425472259521484
2417,1,0,10.070833333333333,10.075370578997536,dropped_dispatch_late,,,
2418,2,0,10.075,10.075385596981505,dropped_queue_full,,,
2419,3,0,10.079166666666666,10.079307266976684,dropped_queue_full,,,
2420,0,1,10.083333333333334,10.083414218999678,dropped_queue_full,,,
2421,1,1,10.0875,10.087524978996953,completed,10.115172421996249,27.67242199624853,20.702592849731445
2422,2,1,10.091666666666667,10.092145496979356,completed,10.119764175004093,28.09750833742619,20.49033546447754
2423,3,1,10.095833333333333,10.096729133976623,completed,10.124462220002897,28.62888666956387,20.55062484741211
2424,0,0,10.1,10.10132602698286,completed,10.129102615988813,29.102615988813696,20.559072494506836
2425,1,0,10.104166666666666,10.105958266998641,completed,10.133693287003553,29.526620336886467,20.460128784179688
2426,2,0,10.108333333333333,10.110577632993227,completed,10.13831013799063,29.976804657296796,20.438335418701172
2427,3,0,10.1125,10.115165959985461,completed,10.14394145598635,31.441455986350064,20.49123191833496
2428,0,1,10.116666666666667,10.119756940985098,completed,10.143930153979454,27.26348731278705,15.71731185913086
2429,1,1,10.120833333333334,10.124454615986906,completed,10.157748234982137,36.91490164880307,20.390975952148438
2430,2,1,10.125,10.129097325989278,completed,10.162388630997157,37.388630997156724,20.566335678100586
2431,3,1,10.129166666666666,10.133686624001712,dropped_dispatch_late,,,
2432,0,0,10.133333333333333,10.133702834980795,completed,10.167029496980831,33.69616364749817,20.388288497924805
2433,1,0,10.1375,10.138303154002642,completed,10.171655865997309,34.155865997309576,15.692511558532715
2434,2,0,10.141666666666666,10.143924613978015,completed,10.176299037004355,34.63237033768962,15.617471694946289
2435,3,0,10.145833333333334,10.148536024003988,completed,10.180934792995686,35.101459662351786,31.181631088256836
2436,0,1,10.15,10.153148857003544,completed,10.180923512001755,30.92351200175436,15.814687728881836
2437,1,1,10.154166666666667,10.157741862989496,completed,10.190612788981525,36.44612231485844,20.745567321777344
2438,2,1,10.158333333333333,10.162381386995548,completed,10.195522185997106,37.18885266377292,20.607135772705078
2439,3,1,10.1625,10.167024306982057,dropped_dispatch_late,,,
2440,0,0,10.166666666666666,10.167039395979373,completed,10.2009480939887,34.281427322033764,20.508832931518555
2441,1,0,10.170833333333333,10.171649523981614,completed,10.208913835987914,38.08050265458185,15.622719764709473
2442,2,0,10.175,10.176291932992171,completed,10.213504657993326,38.50465799332525,15.641759872436523
2443,3,0,10.179166666666667,10.18091803198331,completed,10.216522901988355,37.3562353216883,35.36083221435547
2444,0,1,10.183333333333334,10.185542858002009,completed,10.225931314984336,42.597981651002925,20.495807647705078
2445,1,1,10.1875,10.190121035004267,dropped_queue_full,,,
2446,2,1,10.191666666666666,10.191728287987644,dropped_queue_full,,,
2447,3,1,10.195833333333333,10.195842043001903,completed,10.230608580983244,34.77524764991102,10.800576210021973
2448,0,0,10.2,10.200450557982549,dropped_queue_full,,,
2449,1,0,10.204166666666666,10.204255967983045,completed,10.230598110996652,26.431444329986675,21.349727630615234
2450,2,0,10.208333333333334,10.208907423977507,completed,10.239963842992438,31.630509659104078,26.04761505126953
2451,3,0,10.2125,10.213497524004197,dropped_queue_full,,,
2452,0,1,10.216666666666667,10.21668329599197,completed,10.244813286000863,28.146619334195933,21.019168853759766
2453,1,1,10.220833333333333,10.221305707993452,completed,10.249420367996208,28.587034662875155,20.34934425354004
2454,2,1,10.225,10.225926044979133,completed,10.254007402982097,29.007402982097474,15.593855857849121
2455,3,1,10.229166666666666,10.230591618979815,completed,10.258628340990981,29.461674324315013,27.497983932495117
2456,0,0,10.233333333333333,10.235296656988794,completed,10.268010534986388,34.677201653055434,20.648448944091797
2457,1,0,10.2375,10.239956799981883,completed,10.272634188993834,35.13418899383325,20.353792190551758
2458,2,0,10.241666666666667,10.24480798598961,completed,10.27264360699337,30.976940326702618,15.741408348083496
2459,3,0,10.245833333333334,10.24941398599185,completed,10.281902305985568,36.06897265223452,20.206016540527344
2460,0,1,10.25,10.254000689979875,completed,10.286502093978925,36.50209397892468,20.382783889770508
2461,1,1,10.254166666666666,10.258620225999039,dropped_dispatch_late,,,
2462,2,1,10.258333333333333,10.258636305981781,completed,10.291128723998554,32.79539066522119,20.375808715820312
2463,3,1,10.2625,10.263225854985649,completed,10.2957503029902,33.25030299020071,15.640671730041504
2464,0,0,10.266666666666666,10.26800509498571,completed,10.300371622986859,33.70495632019299,15.761216163635254
2465,1,0,10.270833333333334,10.272627886995906,completed,10.305014291981934,34.18095864859971,32.07516860961914
2466,2,0,10.275,10.277256639994448,completed,10.310428617987782,35.42861798778141,20.697599411010742
2467,3,0,10.279166666666667,10.281894560990622,completed,10.317248153995024,38.081487328357255,20.647296905517578
2468,0,1,10.283333333333333,10.286496763990726,completed,10.320577157981461,37.2438246481277,20.679296493530273
2469,1,1,10.2875,10.291121610003756,completed,10.329735165985767,42.23516598576715,20.682655334472656
2470,2,1,10.291666666666666,10.295742738991976,completed,10.334386681992328,42.72001532566172,20.58367919921875
2471,3,1,10.295833333333333,10.30036616200232,dropped_dispatch_late,,,
2472,0,0,10.3,10.300381090986775,completed,10.339017499994952,39.01749999495152,15.710432052612305
2473,1,0,10.304166666666667,10.305007849994581,completed,10.343685948988423,39.51928232175561,15.709183692932129
2474,2,0,10.308333333333334,10.309627435985021,dropped_queue_full,,,
2475,3,0,10.3125,10.312640519987326,completed,10.348577722004848,36.0777220048476,31.24518394470215
2476,0,1,10.316666666666666,10.31724042899441,dropped_queue_full,,,
2477,1,1,10.320833333333333,10.320897175988648,dropped_queue_full,,,
2478,2,1,10.325,10.325097575987456,completed,10.353201725985855,28.201725985855575,20.64512062072754
2479,3,1,10.329166666666666,10.329728793993127,completed,10.357789461995708,28.622795329042106,10.860832214355469
2480,0,0,10.333333333333334,10.334379548992729,completed,10.367042881000089,33.7095476667546,26.16771125793457
2481,1,0,10.3375,10.339012190001085,completed,10.371913793991553,34.41379399155231,26.20502471923828
2482,2,0,10.341666666666667,10.343679355981294,completed,10.376527047978016,34.86038131134883,21.03980827331543
2483,3,0,10.345833333333333,10.348569947003853,completed,10.381120834994363,35.28750166102945,20.559839248657227
2484,0,1,10.35,10.353194662980968,completed,10.381109643989475,31.1096439894758,15.909215927124023
2485,1,1,10.354166666666666,10.357773631985765,completed,10.390338817000156,36.172150333490194,20.386240005493164
2486,2,1,10.358333333333333,10.36240695399465,completed,10.394955196999945,36.62186366661224,20.46691131591797
2487,3,1,10.3625,10.367037550982786,dropped_dispatch_late,,,
2488,0,0,10.366666666666667,10.367052889982006,completed,10.399597476003692,32.930809337024414,20.29199981689453
2489,1,0,10.370833333333334,10.371907452004962,completed,10.404226340004243,33.39300667090939,15.492256164550781
2490,2,0,10.375,10.376519773999462,completed,10.409223071997985,34.223071997985244,15.568256378173828
2491,3,0,10.379166666666666,10.381104343978222,completed,10.414420585992048,35.25391932538113,33.05567932128906
2492,0,1,10.383333333333333,10.385718108998844,completed,10.421430624002824,38.09729066949075,20.483488082885742
2493,1,1,10.3875,10.390332434995798,completed,10.424893291987246,37.39329198724661,20.712575912475586
2494,2,1,10.391666666666666,10.394948193978053,completed,10.434384562977357,42.71789631069112,20.48111915588379
2495,3,1,10.395833333333334,10.399591955996584,completed,10.43906238899217,43.22905565883595,20.51103973388672
2496,0,0,10.4,10.404219736985397,dropped_dispatch_late,,,
2497,1,0,10.404166666666667,10.404235246998724,completed,10.44369498998276,39.528323316092795,15.602720260620117
2498,2,0,10.408333333333333,10.40888899800484,dropped_queue_full,,,
2499,3,0,10.4125,10.412518502998864,dropped_queue_full,,,
2500,0,1,10.416666666666666,10.416783063992625,completed,10.448564780992456,31.898114325789706,25.700639724731445
2501,1,1,10.420833333333333,10.421425012988038,dropped_queue_full,,,
2502,2,1,10.425,10.42505457799416,completed,10.453169318992877,28.16931899287667,20.827295303344727
2503,3,1,10.429166666666667,10.429713297984563,completed,10.457771631976357,28.60496530968959,20.811744689941406
2504,0,0,10.433333333333334,10.434377348981798,completed,10.46237353500328,29.040201669946697,15.803008079528809
2505,1,0,10.4375,10.439054784976179,completed,10.466973122995114,29.473122995113954,25.680736541748047
2506,2,0,10.441666666666666,10.44368858798407,completed,10.476391424977919,34.72475831125266,20.784608840942383
2507,3,0,10.445833333333333,10.448559540993301,completed,10.481013334996533,35.18000166319979,20.763904571533203
2508,0,1,10.45,10.453162154997699,completed,10.48100187399541,31.00187399541099,15.857279777526855
2509,1,1,10.454166666666666,10.457764127990231,completed,10.490204475994688,36.03780932802181,20.142335891723633
2510,2,1,10.458333333333334,10.462367903994163,completed,10.494822448992636,36.48911565930213,20.661951065063477
2511,3,1,10.4625,10.46696614898974,dropped_dispatch_late,,,
2512,0,0,10.466666666666667,10.466981948993634,completed,10.49942946099327,32.76279432660267,20.533344268798828
2513,1,0,10.470833333333333,10.471574032999342,completed,10.504056270990986,33.22293765765316,15.60313606262207
2514,2,0,10.475,10.47638418097631,completed,10.50866435500211,33.66435500211118,15.630175590515137
2515,3,0,10.479166666666666,10.480996372993104,completed,10.513444515992887,34.277849326221244,32.118656158447266
2516,0,1,10.483333333333333,10.485591912991367,completed,10.518630908976775,35.29757564344216,20.258495330810547
2517,1,1,10.4875,10.490198004001286,completed,10.525569389981683,38.06938998168263,20.527040481567383
2518,2,1,10.491666666666667,10.494815165002365,completed,10.52889323499403,37.226568327362486,20.548320770263672
2519,3,1,10.495833333333334,10.499424210982397,completed,10.538506927987328,42.67359465399423,20.530336380004883
2520,0,0,10.5,10.50404985898058,completed,10.54315628099721,43.15628099720925,20.46463966369629
2521,1,0,10.504166666666666,10.508657301979838,dropped_dispatch_late,,,
2522,2,0,10.508333333333333,10.508672540978296,completed,10.547741230984684,39.40789765135122,15.637727737426758
2523,3,0,10.5125,10.513268943002913,dropped_queue_full,,,
2524,0,1,10.516666666666666,10.516729225986637,dropped_queue_full,,,
2525,1,1,10.520833333333334,10.52094069699524,completed,10.552649555989774,31.81622265644002,25.77199935913086
2526,2,1,10.525,10.525562827999238,dropped_queue_full,,,
2527,3,1,10.529166666666667,10.529212141002063,completed,10.557291664998047,28.12499833138027,20.695775985717773
2528,0,0,10.533333333333333,10.53387051000027,completed,10.561960082995938,28.626749662604922,20.72185516357422
2529,1,0,10.5375,10.538499583984958,completed,10.56661159999203,29.111599992029724,15.835295677185059
2530,2,0,10.541666666666666,10.543150739977136,completed,10.571186971996212,29.520305329546304,25.699935913085938
2531,3,0,10.545833333333333,10.547734297986608,completed,10.575801589002367,29.968255669034605,20.77529525756836
2532,0,1,10.55,10.55264280299889,completed,10.58501015198999,35.010151989990135,20.617536544799805
2533,1,1,10.554166666666667,10.557284059992526,completed,10.585019780992297,30.853114325630315,15.740063667297363
2534,2,1,10.558333333333334,10.56195472300169,completed,10.594453122001141,36.11978866780774,19.53571128845215
2535,3,1,10.5625,10.566605047002668,completed,10.59906507298001,36.56507298001088,20.58745574951172
2536,0,0,10.566666666666666,10.571179767983267,dropped_dispatch_late,,,
2537,1,0,10.570833333333333,10.571195427997736,completed,10.60368093199213,32.847598658797494,20.546239852905273
2538,2,0,10.575,10.575793602998601,completed,10.60830397499376,33.30397499376048,15.640768051147461
2539,3,0,10.579166666666666,10.58039623699733,completed,10.612905515998136,33.73884933147053,15.726592063903809
2540,0,1,10.583333333333334,10.585004741995363,completed,10.617501116998028,34.167783664694085,32.251102447509766
2541,1,1,10.5875,10.58961616299348,completed,10.622930330981035,35.43033098103443,20.531295776367188
2542,2,1,10.591666666666667,10.594446117989719,completed,10.629696133983089,38.02946731642187,20.56230354309082
2543,3,1,10.595833333333333,10.599057338986313,completed,10.633106041990686,37.27270865735299,20.574783325195312
2544,0,0,10.6,10.60367455999949,completed,10.642168858990772,42.16885899077205,20.567487716674805
2545,1,0,10.604166666666666,10.608297000988387,completed,10.646819353976753,42.652687310086534,20.525632858276367
2546,2,0,10.608333333333333,10.612897540995618,dropped_dispatch_late,,,
2547,3,0,10.6125,10.61291368197999,completed,10.65144890898955,38.948908989549835,15.665792465209961
2548,0,1,10.616666666666667,10.61749559600139,completed,10.656300665985327,39.633999318660074,15.530431747436523
2549,1,1,10.620833333333334,10.622122806991683,dropped_queue_full,,,
2550,2,1,10.625,10.625097618001746,completed,10.660954446997494,35.954446997493505,31.057344436645508
2551,3,1,10.629166666666666,10.629689180990681,dropped_queue_full,,,
2552,0,0,10.633333333333333,10.633424556988757,dropped_queue_full,,,
2553,1,0,10.6375,10.637516600982053,completed,10.66557276097592,28.072760975920374,20.56928062438965
2554,2,0,10.641666666666666,10.642163668991998,completed,10.670189701981144,28.523035314478307,10.85814380645752
2555,3,0,10.645833333333334,10.646812580991536,completed,10.67938199499622,33.54866166288595,26.019872665405273
2556,0,1,10.65,10.651441344991326,completed,10.683984478004277,33.9844780042764,26.292064666748047
2557,1,1,10.654166666666667,10.656295235996367,completed,10.688584477000404,34.417810333737364,21.08393669128418
2558,2,1,10.658333333333333,10.660947363998275,completed,10.693217928986996,34.8845956536632,20.577472686767578
2559,3,1,10.6625,10.66556638898328,completed,10.693227287003538,30.727287003537995,16.027423858642578
2560,0,0,10.666666666666666,10.670182637986727,completed,10.702570125984494,35.90345931782757,20.070144653320312
2561,1,0,10.670833333333333,10.674786443996709,completed,10.70719526297762,36.36192964428808,20.645151138305664
2562,2,0,10.675,10.67937427997822,dropped_dispatch_late,,,
2563,3,0,10.679166666666667,10.67938982998021,completed,10.71181425798568,32.64759131901229,20.48297691345215
2564,0,1,10.683333333333334,10.683979197987355,completed,10.721027419989696,37.6940866563622,15.581024169921875
2565,1,1,10.6875,10.688578175002476,completed,10.721999626985053,34.4996269850526,15.60598373413086
2566,2,1,10.691666666666666,10.693210965982871,completed,10.726999384991359,35.332718324692536,33.575584411621094
2567,3,1,10.695833333333333,10.698020223004278,completed,10.732363816001453,36.530482668119646,20.422592163085938
2568,0,0,10.7,10.702565026003867,completed,10.738080836978042,38.08083697804321,20.459199905395508
2569,1,0,10.704166666666666,10.707188950997079,completed,10.742662140983157,38.49547431649114,20.490144729614258
2570,2,0,10.708333333333334,10.711806412989972,completed,10.751870022999356,43.536689666021644,20.51103973388672
2571,3,0,10.7125,10.71643410398974,completed,10.756695008982206,44.19500898220541,20.550016403198242
2572,0,1,10.716666666666667,10.721022140001878,dropped_dispatch_late,,,
2573,1,1,10.720833333333333,10.721037188981427,dropped_queue_full,,,
2574,2,1,10.725,10.72509838399128,dropped_queue_full,,,
2575,3,1,10.729166666666666,10.729199674999109,dropped_queue_full,,,
2576,0,0,10.733333333333333,10.733470459003001,completed,10.761321589001454,27.98825566812191,20.49171257019043
2577,1,0,10.7375,10.738075787987327,completed,10.765912089002086,28.41208900208514,20.52911949157715
2578,2,0,10.741666666666667,10.742655587993795,completed,10.770508591987891,28.841925321223982,20.523679733276367
2579,3,0,10.745833333333334,10.747268200997496,completed,10.775125543004833,29.29220967149959,20.455904006958008
2580,0,1,10.75,10.75186289998237,completed,10.779729608999332,29.729608999332413,20.476287841796875
2581,1,1,10.754166666666666,10.756687123997835,completed,10.78431565099163,30.14898432496338,20.559295654296875
2582,2,1,10.758333333333333,10.761316137999529,completed,10.784325149987126,25.99181665379291,15.781120300292969
2583,3,1,10.7625,10.765905496984487,completed,10.79805477199261,35.55477199261148,20.46656036376953
2584,0,0,10.766666666666666,10.770501627994236,completed,10.802633249986684,35.96658332001823,20.447200775146484
2585,1,0,10.770833333333334,10.775117877987213,dropped_dispatch_late,,,
2586,2,0,10.775,10.775133407994872,completed,10.807236484979512,32.236484979511815,20.34182357788086
2587,3,0,10.779166666666667,10.779724288993748,completed,10.811842786002671,32.67611933600456,15.595168113708496
2588,0,1,10.783333333333333,10.784308888978558,completed,10.816451861988753,33.118528655419865,15.577471733093262
2589,1,1,10.7875,10.788912513991818,completed,10.82109589499305,33.59589499305038,31.042848587036133
2590,2,1,10.791666666666666,10.793480902997544,completed,10.825720319990069,34.0536533234026,20.581024169921875
2591,3,1,10.795833333333333,10.798047388001578,completed,10.830789309984539,34.9559766512062,20.623455047607422
2592,0,0,10.8,10.802627969998866,completed,10.838088094984414,38.088094984413345,20.639616012573242
2593,1,0,10.804166666666667,10.807229551981436,completed,10.840947638003854,36.78097133718694,20.6658878326416
2594,2,0,10.808333333333334,10.811835251981393,completed,10.85055754397763,42.22421064429582,20.614784240722656
2595,3,0,10.8125,10.81644659198355,completed,10.85515895599383,42.658955993829295,20.512544631958008
2596,0,1,10.816666666666666,10.821089623001171,dropped_dispatch_late,,,
2597,1,1,10.820833333333333,10.821105281997006,completed,10.860009239986539,39.17590665320603,15.698944091796875
2598,2,1,10.825,10.825712965975981,completed,10.86462430699612,39.62430699612085,15.514368057250977
2599,3,1,10.829166666666666,10.830335366976215,dropped_queue_full,,,
2600,0,0,10.833333333333334,10.83347568300087,completed,10.869224255991867,35.89092265853289,31.081056594848633
2601,1,0,10.8375,10.838083135982743,dropped_queue_full,,,
2602,2,0,10.841666666666667,10.841739472001791,dropped_queue_full,,,
2603,3,0,10.845833333333333,10.84594065300189,completed,10.873849121999228,28.01578866589516,20.50396728515625
2604,0,1,10.85,10.85055052099051,completed,10.878414153994527,28.41415399452707,10.81328010559082
2605,1,1,10.854166666666666,10.855151511001168,completed,10.88301863198285,28.851965316183836,25.888832092285156
2606,2,1,10.858333333333333,10.860002617002465,completed,10.892197288980242,33.86395564690936,26.150272369384766
2607,3,1,10.8625,10.864617163984803,completed,10.896807026001625,34.30702600162405,20.930944442749023
2608,0,0,10.866666666666667,10.869218965992332,completed,10.901413466985105,34.746800318437465,20.466880798339844
2609,1,0,10.870833333333334,10.873841597989667,completed,10.90142296499107,30.58963165773676,15.855104446411133
2610,2,0,10.875,10.878408944990952,completed,10.91064612698392,35.64612698392011,19.763904571533203
2611,3,0,10.879166666666666,10.88301230999059,completed,10.915457486989908,36.29082032324149,20.451711654663086
2612,0,1,10.883333333333333,10.887610534991836,dropped_dispatch_late,,,
2613,1,1,10.8875,10.88761820999207,completed,10.920069949992467,32.56994999246743,20.447551727294922
2614,2,1,10.891666666666666,10.8921900849964,completed,10.924700517003657,33.03385033699158,15.70793628692627
2615,3,1,10.895833333333334,10.89679914098815,completed,10.929678012995282,33.84467966194826,15.785696029663086
2616,0,0,10.9,10.901408086996526,completed,10.934683391998988,34.68339199898729,33.07926559448242
2617,1,0,10.904166666666667,10.906050416000653,completed,10.940207695995923,36.04102932925635,20.5849609375
2618,2,0,10.908333333333333,10.910639032983454,completed,10.946423894987674,38.090561654341215,20.58038330078125
2619,3,0,10.9125,10.915449922991684,completed,10.951020346983569,38.5203469835691,20.577791213989258
2620,0,1,10.916666666666666,10.920063406985719,completed,10.955615957995178,38.9492913285121,20.527263641357422
2621,1,1,10.920833333333333,10.924693332985044,completed,10.965080066991504,44.24673365817178,20.54047966003418
2622,2,1,10.925,10.929339088994311,dropped_dispatch_late,,,
2623,3,1,10.929166666666667,10.929347564990167,dropped_queue_full,,,
2624,0,0,10.933333333333334,10.933413197984919,dropped_queue_full,,,
2625,1,0,10.9375,10.937517625978217,dropped_queue_full,,,
2626,2,0,10.941666666666666,10.941782507987227,completed,10.969697498978348,28.03083231168202,20.50364875793457
2627,3,0,10.945833333333333,10.94641714298632,completed,10.974350959993899,28.51762666056601,20.543359756469727
2628,0,1,10.95,10.95101264299592,completed,10.979010120994644,29.01012099464495,20.599231719970703
2629,1,1,10.954166666666666,10.955610767996404,completed,10.983666296000592,29.49962933392669,20.5314884185791
2630,2,1,10.958333333333334,10.960455050983,completed,10.988282585982233,29.94925264889936,20.558080673217773
2631,3,1,10.9625,10.965073584986385,completed,10.992911679990357,30.411679990356433,20.57200050354004
2632,0,0,10.966666666666667,10.969690465979511,completed,10.992900438985089,26.233772318422055,15.79798412322998
2633,1,0,10.970833333333333,10.974343104986474,completed,10.99757058097748,26.737247644147644,15.707232475280762
2634,2,0,10.975,10.978998418984702,completed,11.011580345977563,36.580345977563766,20.486303329467773
2635,3,0,10.979166666666666,10.983659773977706,dropped_dispatch_late,,,
2636,0,1,10.983333333333333,10.983675433992175,completed,11.016319549002219,32.98621566888649,20.415136337280273
2637,1,1,10.9875,10.98827544300002,completed,11.02103372500278,33.533725002779846,20.49782371520996
2638,2,1,10.991666666666667,10.99289502899046,completed,11.025674019998405,34.00735333173799,15.662400245666504
2639,3,1,10.995833333333334,10.997564518998843,completed,11.030315116979182,34.481783645848196,30.270015716552734
2640,0,0,11.0,11.002197820984293,completed,11.034928701992612,34.92870199261233,20.53772735595703
2641,1,0,11.004166666666666,11.00689633798902,completed,11.034938239987241,30.771573320574674,15.812543869018555
2642,2,0,11.008333333333333,11.011573502997635,completed,11.044230101979338,35.89676864600477,20.612319946289062
2643,3,0,11.0125,11.016314238979248,completed,11.048858654976357,36.358654976357485,20.59008026123047
2644,0,1,11.016666666666666,11.021027482987847,dropped_dispatch_late,,,
2645,1,1,11.020833333333334,11.021042460983153,completed,11.05812067000079,37.28733666745576,20.386240005493164
2646,2,1,11.025,11.025666886998806,completed,11.062986894976348,37.98689497634733,15.529279708862305
2647,3,1,11.029166666666667,11.030307542998344,completed,11.064423003001139,35.25633633447178,15.547904014587402
2648,0,0,11.033333333333333,11.034923250990687,completed,11.069644522998715,36.311189665381605,34.38800048828125
2649,1,0,11.0375,11.039592701999936,completed,11.074948168999981,37.44816899998149,20.369407653808594
2650,2,0,11.041666666666666,11.044222928001545,completed,11.07981065599597,38.14398932930452,20.38572883605957
2651,3,0,11.045833333333333,11.048850869992748,completed,11.089107146981405,43.27381364807259,20.457984924316406
2652,0,1,11.05,11.053510832978645,completed,11.093729718995746,43.729718995745515,20.456127166748047
2653,1,1,11.054166666666667,11.058114347979426,completed,11.098366427002475,44.199760335807525,20.43974494934082
2654,2,1,11.058333333333334,11.06297978098155,dropped_dispatch_late,,,
2655,3,1,11.0625,11.062995430984301,dropped_queue_full,,,
2656,0,0,11.066666666666666,11.066795860999264,dropped_queue_full,,,
2657,1,0,11.070833333333333,11.070888936985284,dropped_queue_full,,,
2658,2,0,11.075,11.075108663004357,completed,11.102987375983503,27.987375983503426,20.461984634399414
2659,3,0,11.079166666666666,11.079803551983787,completed,11.107571624976117,28.404958309451445,20.5199031829834
2660,0,1,11.083333333333334,11.084458344994346,completed,11.112288845994044,28.95551266071017,20.483455657958984
2661,1,1,11.0875,11.089099131990224,completed,11.116912309982581,29.41230998258071,20.43561553955078
2662,2,1,11.091666666666667,11.09372440900188,completed,11.121805945993401,30.139279326734325,20.399551391601562
2663,3,1,11.095833333333333,11.098360175004927,completed,11.126471378986025,30.638045652692014,20.46691131591797
2664,0,0,11.1,11.10298004199285,completed,11.131065597000998,31.06559700099787,15.727775573730469
2665,1,0,11.104166666666666,11.107563959987601,completed,11.14024916398921,36.08249732254443,20.517919540405273
2666,2,0,11.108333333333333,11.112283745984314,completed,11.14484882200486,36.51548867152776,20.496063232421875
2667,3,0,11.1125,11.116901979985414,dropped_dispatch_late,,,
2668,0,1,11.116666666666667,11.116921266977442,completed,11.14944486299646,32.77819632979373,20.302656173706055
2669,1,1,11.120833333333334,11.12179845198989,completed,11.154021016001934,33.187682668600615,15.532320022583008
2670,2,1,11.125,11.126463383989176,completed,11.15859405399533,33.59405399532989,15.485600471496582
2671,3,1,11.129166666666666,11.131060226995032,completed,11.163791317987489,34.62465132082215,31.236543655395508
2672,0,0,11.133333333333333,11.135642621986335,completed,11.168368652986828,35.03531965349538,20.563007354736328
2673,1,0,11.1375,11.140242690977175,completed,11.17757689699647,40.07689699647088,20.49728012084961
2674,2,0,11.141666666666666,11.14484183798777,completed,11.17807168699801,36.40502033134396,20.55513572692871
2675,3,0,11.145833333333334,11.149439603002975,completed,11.183209387003444,37.37605367011021,20.586816787719727
2676,0,1,11.15,11.154014683997957,completed,11.192219272983493,42.21927298349293,20.571456909179688
2677,1,1,11.154166666666667,11.158587070996873,dropped_dispatch_late,,,
2678,2,1,11.158333333333333,11.159160579991294,completed,11.196852986002341,38.5196526690077,15.755359649658203
2679,3,1,11.1625,11.163775577995693,completed,11.201431674999185,38.93167499918526,15.678048133850098
2680,0,0,11.166666666666666,11.168363342992961,completed,11.20604356599506,39.37689932839383,15.714879989624023
2681,1,0,11.170833333333333,11.172944645979442,completed,11.213013686996419,42.18035366308648,36.164703369140625
2682,2,0,11.175,11.177570644998923,dropped_queue_full,,,
2683,3,0,11.179166666666667,11.17917815898545,dropped_queue_full,,,
2684,0,1,11.183333333333334,11.183369951992063,dropped_queue_full,,,
2685,1,1,11.1875,11.187569950998295,completed,11.217613194981823,30.113194981822744,6.004447937011719
2686,2,1,11.191666666666666,11.192214143986348,completed,11.217622583004413,25.955916337746743,21.739391326904297
2687,3,1,11.195833333333333,11.196845953003503,completed,11.222441867983434,26.60853465010149,21.697824478149414
2688,0,0,11.2,11.201424119994044,completed,11.231673365982715,31.67336598271575,26.387840270996094
2689,1,0,11.204166666666666,11.206038345990237,dropped_queue_full,,,
2690,2,0,11.208333333333334,11.208412846986903,completed,11.23633166498621,27.99833165287602,20.409759521484375
2691,3,0,11.2125,11.213007304992061,completed,11.245651179982815,33.15117998281458,20.249088287353516
2692,0,1,11.216666666666667,11.217606792983133,completed,11.250272999983281,33.60633331661411,15.544095993041992
2693,1,1,11.220833333333333,11.222434744995553,completed,11.25486828997964,34.03495664630718,28.79267120361328
2694,2,1,11.225,11.227045854990138,completed,11.25946703698719,34.46703698718956,20.408191680908203
2695,3,1,11.229166666666666,11.231668225984322,completed,11.264313322986709,35.14665632004288,20.417760848999023
2696,0,0,11.233333333333333,11.236324801982846,completed,11.264301971998066,30.968638664733206,15.761887550354004
2697,1,0,11.2375,11.240993190993322,completed,11.27355486000306,36.05486000305902,20.377824783325195
2698,2,0,11.241666666666667,11.245643575995928,completed,11.278164185991045,36.49751932437795,20.374847412109375
2699,3,0,11.245833333333334,11.250267840980086,dropped_dispatch_late,,,
2700,0,1,11.25,11.250282728986349,completed,11.282773502985947,32.773502985946834,20.321664810180664
2701,1,1,11.254166666666666,11.25486210899544,completed,11.292022924986668,37.8562583200015,15.522015571594238
2702,2,1,11.258333333333333,11.259460133995162,completed,11.292951948998962,34.61861566562874,15.587519645690918
2703,3,1,11.2625,11.26429668199853,completed,11.29799872697913,35.49872697913159,33.42339324951172
2704,0,0,11.266666666666666,11.268959159002407,completed,11.303205878997687,36.53921233102153,20.386655807495117
2705,1,0,11.270833333333334,11.273548467986984,completed,11.308931165985996,38.09783265266198,20.57689666748047
2706,2,0,11.275,11.278157332999399,completed,11.318118269002298,43.11826900229754,20.582592010498047
2707,3,0,11.279166666666667,11.28276819299208,completed,11.322893520991784,43.726854325116804,20.63523292541504
2708,0,1,11.283333333333333,11.287380205001682,completed,11.327603257988812,44.26992465547919,20.760223388671875
2709,1,1,11.2875,11.292016521998448,dropped_dispatch_late,,,
2710,2,1,11.291666666666666,11.2920321720012,dropped_queue_full,,,
2711,3,1,11.295833333333333,11.295941087999381,dropped_queue_full,,,
2712,0,0,11.3,11.300045034004143,dropped_queue_full,,,
2713,1,0,11.304166666666667,11.304313833999913,completed,11.332230217987671,28.063551321004354,20.712352752685547
2714,2,0,11.308333333333334,11.30892493398278,completed,11.33685337100178,28.520037668446463,20.661951065063477
2715,3,0,11.3125,11.313521345990011,completed,11.34150613998645,29.006139986449853,20.808191299438477
2716,0,1,11.316666666666666,11.31811172599555,completed,11.346128350996878,29.46168433021157,20.66419219970703
2717,1,1,11.320833333333333,11.32288605699432,completed,11.350727958983043,29.89462564971035,20.76531219482422
2718,2,1,11.325,11.32759795797756,completed,11.355353566003032,30.35356600303274,20.63007926940918
2719,3,1,11.329166666666666,11.332223835983314,completed,11.35996333399089,30.796667324224813,15.97606372833252
2720,0,0,11.333333333333334,11.336846327001695,completed,11.369373019988416,36.03968665508184,19.952640533447266
2721,1,0,11.3375,11.341498484980548,completed,11.373973740002839,36.47374000283854,20.493728637695312
2722,2,0,11.341666666666667,11.346123170980718,dropped_dispatch_late,,,
2723,3,0,11.345833333333333,11.346137999003986,completed,11.378608053986682,32.77472065334841,20.42835235595703
2724,0,1,11.35,11.350721797003644,completed,11.383230324980104,33.2303249801047,15.641280174255371
2725,1,1,11.354166666666666,11.35534651298076,completed,11.387865730997873,33.699064331207396,15.6080961227417
2726,2,1,11.358333333333333,11.359956369997235,completed,11.39248436500202,34.15103166868683,31.155071258544922
2727,3,1,11.3625,11.364786776975961,completed,11.397106635995442,34.60663599544134,20.410751342773438
2728,0,0,11.366666666666667,11.369367769977544,completed,11.406419758975971,39.75309230930435,20.401439666748047
2729,1,0,11.370833333333334,11.373967407998862,completed,11.406916512991302,36.083179657968145,20.301376342773438
2730,2,0,11.375,11.378600358992117,completed,11.412049865000881,37.049865000881255,20.352191925048828
2731,3,0,11.379166666666666,11.383225014986238,completed,11.421377484977711,42.21081831104456,20.29030418395996
2732,0,1,11.383333333333333,11.387859529000707,dropped_dispatch_late,,,
2733,1,1,11.3875,11.387874648004072,completed,11.42599251199863,38.49251199862991,15.578816413879395
2734,2,1,11.391666666666666,11.392477551999036,completed,11.430851743003586,39.18507633692059,15.341055870056152
2735,3,1,11.395833333333334,11.397099121997599,completed,11.43544051097706,39.60717764372568,15.643391609191895
2736,0,0,11.4,11.401748734991997,completed,11.442108237999491,42.10823799949104,35.98921585083008
2737,1,0,11.404166666666667,11.406414418976055,dropped_queue_full,,,
2738,2,0,11.408333333333333,11.408339415997034,dropped_queue_full,,,
2739,3,0,11.4125,11.412525719002588,dropped_queue_full,,,
2740,0,1,11.416666666666666,11.416727981995791,completed,11.446719036990544,30.052370323877753,5.8657917976379395
2741,1,1,11.420833333333333,11.421369839983527,completed,11.446728674985934,25.895341652601545,21.506624221801758
2742,2,1,11.425,11.425986339978408,completed,11.451341378997313,26.341378997312148,21.514816284179688
2743,3,1,11.429166666666667,11.430844759976026,completed,11.460545303998515,31.37863733184787,25.735488891601562
2744,0,0,11.433333333333334,11.435432906000642,dropped_queue_full,,,
2745,1,0,11.4375,11.43750373099465,completed,11.465382452995982,27.88245299598202,20.196992874145508
2746,2,0,11.441666666666666,11.442102967994288,completed,11.470026595983654,28.35992931698783,20.217599868774414
2747,3,0,11.445833333333333,11.44671376698534,completed,11.474678883998422,28.845550665089092,15.605440139770508
2748,0,1,11.45,11.451334965997376,completed,11.483890623989282,33.890623989282886,28.184064865112305
2749,1,1,11.454166666666666,11.455950504983775,completed,11.488480242987862,34.31357632119614,20.405759811401367
2750,2,1,11.458333333333334,11.460537728999043,completed,11.49307616398437,34.74283065103556,20.43391990661621
2751,3,1,11.4625,11.465376100997673,completed,11.493085491994862,30.585491994861158,15.775424003601074
2752,0,0,11.466666666666667,11.470019471977139,completed,11.502245693991426,35.57902732475959,19.20307159423828
2753,1,0,11.470833333333333,11.474671208998188,completed,11.506912619981449,36.07928664811588,20.405792236328125
2754,2,0,11.475,11.479281136998907,dropped_dispatch_late,,,
2755,3,0,11.479166666666666,11.479289062001044,completed,11.51153907898697,32.37241232030463,20.30905532836914
2756,0,1,11.483333333333333,11.483885413996177,completed,11.516142553999089,32.8092206657562,15.790623664855957
2757,1,1,11.4875,11.488473960984265,completed,11.525349784991704,37.84978499170322,15.720512390136719
2758,2,1,11.491666666666667,11.493069010000909,completed,11.526478869986022,34.81220331935475,33.10268783569336
2759,3,1,11.495833333333334,11.497658047999721,completed,11.531634013983421,35.80068065008746,20.510944366455078
2760,0,0,11.5,11.502240282978164,completed,11.536787413991988,36.787413991987705,20.608768463134766
2761,1,0,11.504166666666666,11.50690626699361,completed,11.542240452981787,38.07378631512037,20.52876853942871
2762,2,0,11.508333333333333,11.51153160398826,completed,11.551442163996398,43.10883066306559,20.570079803466797
2763,3,0,11.5125,11.516137173981406,completed,11.556095413980074,43.59541398007494,20.636735916137695
2764,0,1,11.516666666666666,11.520734958001412,completed,11.560704209987307,44.03754332064125,20.554399490356445
2765,1,1,11.520833333333334,11.525343563989736,dropped_dispatch_late,,,
2766,2,1,11.525,11.525358852988575,dropped_queue_full,,,
2767,3,1,11.529166666666667,11.529267357982462,dropped_queue_full,,,
2768,0,0,11.533333333333333,11.53335881998646,dropped_queue_full,,,
2769,1,0,11.5375,11.537579117983114,completed,11.565542841999559,28.042841999559087,20.531391143798828
2770,2,0,11.541666666666666,11.542234210995957,completed,11.570216299995081,28.549633328415425,20.5216007232666
2771,3,0,11.545833333333333,11.546861993003404,completed,11.574845594994258,29.01226166092563,20.573440551757812
2772,0,1,11.55,11.551435240980936,completed,11.579495638987282,29.49563898728158,20.51081657409668
2773,1,1,11.554166666666667,11.556087759992806,completed,11.584114703990053,29.948037323386245,20.647743225097656
2774,2,1,11.558333333333334,11.56069903000025,completed,11.588711105985567,30.377772652233404,20.684064865112305
2775,3,1,11.5625,11.56553644000087,completed,11.593297908984823,30.797908984823152,15.850912094116211
2776,0,0,11.566666666666666,11.570209326979239,completed,11.60244894400239,35.78227733572348,20.068735122680664
2777,1,0,11.570833333333333,11.574837599997409,completed,11.607030457991641,36.197124658308155,20.616735458374023
2778,2,0,11.575,11.579490217991406,dropped_dispatch_late,,,
2779,3,0,11.579166666666666,11.579505626985338,completed,11.61165953197633,32.49286530966344,20.604768753051758
2780,0,1,11.583333333333334,11.584108170995023,completed,11.616286260978086,32.952927644751995,15.82748794555664
2781,1,1,11.5875,11.588704081979813,completed,11.62097780397744,33.477803977438825,15.837599754333496
2782,2,1,11.591666666666667,11.593291066004895,completed,11.625610183982644,33.943517315977445,31.740032196044922
2783,3,1,11.595833333333333,11.59787682798924,completed,11.630582179990597,34.748846657263854,20.57129669189453
2784,0,0,11.6,11.602443743991898,completed,11.638164413976483,38.1644139764834,20.840320587158203
2785,1,0,11.604166666666666,11.607024125987664,completed,11.64115625800332,36.98959133665447,20.68035125732422
2786,2,0,11.608333333333333,11.611652006977238,completed,11.650495529989712,42.162196656379436,20.668479919433594
2787,3,0,11.6125,11.616280960995937,completed,11.65510566800367,42.60566800367016,20.638784408569336
2788,0,1,11.616666666666667,11.620971000986174,dropped_dispatch_late,,,
2789,1,1,11.620833333333334,11.620986680994974,completed,11.659690818982199,38.857485648865264,15.648127555847168
2790,2,1,11.625,11.625603280990617,completed,11.664271852001548,39.27185200154781,15.635904312133789
2791,3,1,11.629166666666666,11.630247814988252,dropped_queue_full,,,
2792,0,0,11.633333333333333,11.633413778996328,completed,11.669138746976387,35.805413643053896,31.313631057739258
2793,1,0,11.6375,11.638159344001906,dropped_queue_full,,,
2794,2,0,11.641666666666666,11.641783700004453,dropped_queue_full,,,
2795,3,0,11.645833333333334,11.645885773003101,completed,11.673772390000522,27.93905666718821,20.827327728271484
2796,0,1,11.65,11.650488457002211,completed,11.678419838979607,28.419838979607093,10.767040252685547
2797,1,1,11.654166666666667,11.655098103976343,completed,11.683039484982146,28.872818315479165,25.873695373535156
2798,2,1,11.658333333333333,11.65968446698389,completed,11.692239141993923,33.9058086605899,26.103328704833984
2799,3,1,11.6625,11.664264858001843,completed,11.696851413988043,34.35141398804298,20.91417694091797
2800,0,0,11.666666666666666,11.66913340697647,completed,11.701417999982368,34.75133331570213,20.469472885131836
2801,1,0,11.670833333333333,11.673764965991722,completed,11.701427487976616,30.594154643283744,15.85747241973877
2802,2,0,11.675,11.67841439897893,completed,11.710649967979407,35.64996797940623,20.301984786987305
2803,3,0,11.679166666666667,11.683033073000843,completed,11.715255176997744,36.08851033107641,20.402751922607422
2804,0,1,11.683333333333334,11.687618313997518,dropped_dispatch_late,,,
2805,1,1,11.6875,11.6876262689766,completed,11.719824045983842,32.32404598384164,20.40118408203125
2806,2,1,11.691666666666666,11.692231968976557,completed,11.724451627989765,32.78496132309883,15.665663719177246
2807,3,1,11.695833333333333,11.696843710000394,completed,11.73379041897715,37.957085643817834,15.765791893005371
2808,0,0,11.7,11.701412678987253,completed,11.734760241000913,34.760241000913794,33.12364959716797
2809,1,0,11.704166666666666,11.706051411980297,completed,11.740357173985103,36.190507318437426,20.649120330810547
2810,2,0,11.708333333333334,11.710642884980189,completed,11.745261941978242,36.92860864490832,20.6408634185791
2811,3,0,11.7125,11.715247722982895,completed,11.750553574995138,38.053574995137396,20.588544845581055
2812,0,1,11.716666666666667,11.7198177340033,completed,11.759740918001626,43.0742513349589,20.574560165405273
2813,1,1,11.720833333333333,11.724444644001778,completed,11.76434385299217,43.510519658836344,20.459199905395508
2814,2,1,11.725,11.729107652994571,completed,11.769225697004003,44.225697004003806,20.44550323486328
2815,3,1,11.729166666666666,11.73377530000289,dropped_dispatch_late,,,
2816,0,0,11.733333333333333,11.733798503992148,dropped_queue_full,,,
2817,1,0,11.7375,11.737572604004527,dropped_queue_full,,,
2818,2,0,11.741666666666667,11.74178242200287,dropped_queue_full,,,
2819,3,0,11.745833333333334,11.745895344996825,completed,11.773863346985308,28.030013651974883,20.52025604248047
2820,0,1,11.75,11.750546049996046,completed,11.77850694899098,28.506948990980163,20.513408660888672
2821,1,1,11.754166666666666,11.755160726985196,completed,11.783186378976097,29.0197123094309,20.47875213623047
2822,2,1,11.758333333333333,11.759735617990373,completed,11.787832764995983,29.49943166265001,20.676959991455078
2823,3,1,11.7625,11.764337379980134,completed,11.792427403997863,29.927403997863422,20.640127182006836
2824,0,0,11.766666666666666,11.769214214989915,completed,11.797009518981213,30.34285231454703,20.51900863647461
2825,1,0,11.770833333333334,11.773855601990363,completed,11.801593727985164,30.760394651830225,15.836576461791992
2826,2,0,11.775,11.778501838998636,completed,11.810788534989115,35.788534989114495,18.764415740966797
2827,3,0,11.779166666666667,11.783179766003741,completed,11.815377572987927,36.21090632126034,20.394271850585938
2828,0,1,11.783333333333333,11.787825691979378,dropped_dispatch_late,,,
2829,1,1,11.7875,11.787840930977836,completed,11.81995551,32.45551000000013,20.452896118164062
2830,2,1,11.791666666666666,11.792419718985911,completed,11.824567661999026,32.90099533236024,15.676863670349121
2831,3,1,11.795833333333333,11.797003997984575,completed,11.829184723988874,33.35139065554138,15.683839797973633
2832,0,0,11.8,11.801588347996585,completed,11.833834927994758,33.83492799475718,31.39641571044922
2833,1,0,11.804166666666667,11.806207061978057,completed,11.838786453998182,34.61978733151483,20.51750373840332
2834,2,0,11.808333333333334,11.810773776989663,completed,11.846350815001642,38.01748166830876,20.536415100097656
2835,3,0,11.8125,11.815370098978747,completed,11.848894656985067,36.39465698506683,20.587648391723633
2836,0,1,11.816666666666666,11.819949227996403,completed,11.85404926998308,37.382603316412855,20.644607543945312
2837,1,1,11.820833333333333,11.824560608976753,completed,11.863414500985527,42.58116765219455,20.587392807006836
2838,2,1,11.825,11.829177409992553,dropped_dispatch_late,,,
2839,3,1,11.829166666666666,11.829192447999958,completed,11.868030029989313,38.863363322647615,15.787615776062012
2840,0,0,11.833333333333334,11.833829618000891,completed,11.872867368976586,39.53403564325164,15.623071670532227
2841,1,0,11.8375,11.838437580998288,dropped_queue_full,,,
2842,2,0,11.841666666666667,11.841695590992458,completed,11.877442961995257,35.77629532859028,31.137407302856445
2843,3,0,11.845833333333333,11.846343910990981,dropped_queue_full,,,
2844,0,1,11.85,11.850001449987758,dropped_queue_full,,,
2845,1,1,11.854166666666666,11.854210735997185,completed,11.882063178985845,27.896512319179223,20.62656021118164
2846,2,1,11.858333333333333,11.858831324003404,completed,11.88666783698136,28.334503648027365,10.867168426513672
2847,3,1,11.8625,11.863408268982312,completed,11.891287381993607,28.787381993605976,26.029151916503906
2848,0,0,11.866666666666667,11.868022415001178,completed,11.900475617992925,33.808951326257386,26.271615982055664
2849,1,0,11.870833333333334,11.872861908981577,completed,11.905101957003353,34.26862367001959,20.867584228515625
2850,2,0,11.875,11.877436529990518,completed,11.909689722000621,34.68972200062126,20.390047073364258
2851,3,0,11.879166666666666,11.882056836999254,completed,11.909699059993727,30.532393327060703,15.771967887878418
2852,0,1,11.883333333333333,11.88666078299866,completed,11.91885984299006,35.526509656726546,20.131967544555664
2853,1,1,11.8875,11.891279597999528,completed,11.923561995994532,36.06199599453319,20.42470359802246
2854,2,1,11.891666666666666,11.895909412996843,dropped_dispatch_late,,,
2855,3,1,11.895833333333334,11.895917678979458,completed,11.928179567999905,32.34623466657105,20.410207748413086
2856,0,0,11.9,11.900470357999438,completed,11.932766361976974,32.76636197697336,15.629055976867676
2857,1,0,11.904166666666667,11.905095614987658,completed,11.941953123983694,37.786457317027455,15.66812801361084
2858,2,0,11.908333333333333,11.90968281897949,completed,11.942609230987728,34.27589765439443,32.72883224487305
2859,3,0,11.9125,11.914279340999201,completed,11.948106775002088,35.60677500208875,20.551328659057617
2860,0,1,11.916666666666666,11.918854622985236,completed,11.95299541199347,36.32874532680397,20.581504821777344
2861,1,1,11.920833333333333,11.923555693996605,completed,11.958873057999881,38.03972466654848,20.624576568603516
2862,2,1,11.925,11.928172154002823,completed,11.963495298987255,38.49529898725379,20.566688537597656
2863,3,1,11.929166666666667,11.932760911993682,completed,11.972926996997558,43.76033033089044,20.52547264099121
2864,0,0,11.933333333333334,11.937360839976463,completed,11.977559758001007,44.22642466767357,20.551904678344727
2865,1,0,11.9375,11.941946701990673,dropped_dispatch_late,,,
2866,2,0,11.941666666666666,11.941962160984986,dropped_queue_full,,,
2867,3,0,11.945833333333333,11.945885655004531,dropped_queue_full,,,
2868,0,1,11.95,11.950001633987995,dropped_queue_full,,,
2869,1,1,11.954166666666666,11.954255936987465,completed,11.982160949002719,27.994282336052834,20.559648513793945
2870,2,1,11.958333333333334,11.958866875997046,completed,11.986738474981394,28.40514164805974,20.549663543701172
2871,3,1,11.9625,11.963488426001277,completed,11.991580353002064,29.080353002063575,20.533504486083984
2872,0,0,11.966666666666667,11.968071162002161,completed,11.996231108991196,29.564442324529594,20.500415802001953
2873,1,0,11.970833333333333,11.972919452004135,completed,12.000866504997248,30.033171663914615,20.564064025878906
2874,2,0,11.975,11.977554377983324,completed,12.005506749992492,30.506749992492033,20.563871383666992
2875,3,0,11.979166666666666,11.982154456985882,completed,12.00551615798031,26.349491313643725,15.84505558013916
2876,0,1,11.983333333333333,11.986731431999942,completed,12.01468010697863,31.346773645298143,15.733087539672852
2877,1,1,11.9875,11.991572668979643,completed,12.023871657991549,36.37165799154829,20.600351333618164
2878,2,1,11.991666666666667,11.996225727983983,dropped_dispatch_late,,,
2879,3,1,11.995833333333334,11.996240986976773,completed,12.028501733992016,32.66840065868237,20.543872833251953
2880,0,0,12.0,12.000859972002218,completed,12.03311107098125,33.11107098124921,19.224288940429688
2881,1,0,12.004166666666666,12.005499685998075,completed,12.037738591985544,33.57192531887776,15.724191665649414
2882,2,0,12.008333333333333,12.010083884990308,completed,12.042376893979963,34.043560646630056,30.977632522583008
2883,3,0,12.0125,12.014674896985525,completed,12.04702729798737,34.52729798737053,20.476736068725586
2884,0,1,12.016666666666666,12.019276309001725,completed,12.051725933997659,35.05926733099329,20.484447479248047
2885,1,1,12.020833333333334,12.023865216004197,completed,12.056885896978201,36.05256364486742,20.4968318939209
2886,2,1,12.025,12.028494419995695,completed,12.061788049992174,36.788049992173555,20.32383918762207
2887,3,1,12.029166666666667,12.033105860988144,completed,12.071297565998975,42.1308993323084,20.281312942504883
2888,0,0,12.033333333333333,12.037732561002485,dropped_dispatch_late,,,
2889,1,0,12.0375,12.037747137976112,completed,12.0761597219971,38.659721997101215,15.552448272705078
2890,2,0,12.041666666666666,12.042369879985927,completed,12.080753468995681,39.08680232901496,15.510656356811523
2891,3,0,12.045833333333333,12.047019623976666,completed,12.085365239996463,39.531906663130556,15.55958366394043
2892,0,1,12.05,12.05172034399584,completed,12.092440651991637,42.44065199163671,35.7081298828125
2893,1,1,12.054166666666667,12.056390675978037,dropped_queue_full,,,
2894,2,1,12.058333333333334,12.058467631984968,dropped_queue_full,,,
2895,3,1,12.0625,12.06257986399578,dropped_queue_full,,,
2896,0,0,12.066666666666666,12.066673972003628,completed,12.097035600978415,30.36893431174903,5.928160190582275
2897,1,0,12.070833333333333,12.071290000982117,completed,12.09704499898362,26.211665650286875,21.378368377685547
2898,2,0,12.075,12.076153200003318,completed,12.101637293002568,26.637293002568896,21.398527145385742
2899,3,0,12.079166666666666,12.080746405990794,completed,12.110930066992296,31.763400325630187,25.87174415588379
2900,0,1,12.083333333333334,12.085357656003907,dropped_queue_full,,,
2901,1,1,12.0875,12.087572733988054,completed,12.11552736099111,28.027360991108807,20.27654457092285
2902,2,1,12.091666666666667,12.092435461992864,completed,12.120118421997176,28.451755330509698,20.303647994995117
2903,3,1,12.095833333333333,12.097030281001935,completed,12.124804714985657,28.97138165232427,15.602815628051758
2904,0,0,12.1,12.101630599994678,completed,12.129440231976332,29.440231976332498,27.535839080810547
2905,1,0,12.104166666666666,12.10624815299525,completed,12.138670255983016,34.50358931634945,20.314847946166992
2906,2,0,12.108333333333333,12.110922562977066,completed,12.14335898400168,35.02565066834684,20.302783966064453
2907,3,0,12.1125,12.115521098981844,completed,12.143368320976151,30.868320976150443,15.682208061218262
2908,0,1,12.116666666666667,12.120111428987002,completed,12.152582916984102,35.91625031743462,17.65724754333496
2909,1,1,12.120833333333334,12.124796388990944,completed,12.157191421982134,36.35808864880019,20.437664031982422
2910,2,1,12.125,12.129434740985744,dropped_dispatch_late,,,
2911,3,1,12.129166666666666,12.12945008999668,completed,12.161768566991668,32.601900325001765,20.37107276916504
2912,0,0,12.133333333333333,12.134067692997633,completed,12.166373995976755,33.040662643422536,15.575360298156738
2913,1,0,12.1375,12.138663903984707,completed,12.17113510100171,33.63510100171041,15.544927597045898
2914,2,0,12.141666666666666,12.143351699982304,completed,12.176106284983689,34.439618317023246,32.448062896728516
2915,3,0,12.145833333333334,12.147998106986051,completed,12.181314418994589,35.48108566125485,20.349023818969727
2916,0,1,12.15,12.152568178978981,completed,12.188011160993483,38.01116099348256,20.567487716674805
2917,1,1,12.154166666666667,12.15718528997968,completed,12.192612221988384,38.445555321716895,20.404895782470703
2918,2,1,12.158333333333333,12.161761133000255,completed,12.197467766003683,39.134432670349995,20.389856338500977
2919,3,1,12.1625,12.1663687559776,completed,12.202079306996893,39.57930699689349,20.391136169433594
2920,0,0,12.166666666666666,12.170955860987306,dropped_dispatch_late,,,
2921,1,0,12.170833333333333,12.170963875978487,dropped_queue_full,,,
2922,2,0,12.175,12.17515020899009,dropped_queue_full,,,
2923,3,0,12.179166666666667,12.179255437979009,dropped_queue_full,,,
2924,0,1,12.183333333333334,12.18335998497787,completed,12.206714101979742,23.380768646408256,20.230688095092773
2925,1,1,12.1875,12.18800610199105,completed,12.216001014981885,28.50101498188451,20.344512939453125
2926,2,1,12.191666666666666,12.192605839984026,completed,12.220587417978095,28.92075131142846,20.315935134887695
2927,3,1,12.195833333333333,12.197460762981791,completed,12.225190422002925,29.357088669591747,20.377824783325195
2928,0,0,12.2,12.202071531995898,completed,12.229760363989044,29.76036398904469,20.634784698486328
2929,1,0,12.204166666666666,12.206708851997973,completed,12.234379027999239,30.212361332573323,20.62838363647461
2930,2,0,12.208333333333334,12.211341552989325,completed,12.234388285985915,26.054952652581065,16.019039154052734
2931,3,0,12.2125,12.215994682977907,completed,12.239005256997189,26.505256997188198,15.74345588684082
2932,0,1,12.216666666666667,12.220580684981542,completed,12.248176880995743,31.51021432907619,20.688640594482422
2933,1,1,12.220833333333333,12.225182717986172,dropped_dispatch_late,,,
2934,2,1,12.225,12.225198336993344,completed,12.257329397980357,32.329397980356944,20.56831932067871
2935,3,1,12.229166666666666,12.229754943982698,completed,12.261926190985832,32.75952431916629,20.5317440032959
2936,0,0,12.233333333333333,12.234372485982021,completed,12.266534755995963,33.201422662630264,15.768095970153809
2937,1,0,12.2375,12.238998082990292,completed,12.271601069980534,34.10106998053308,29.9769287109375
2938,2,0,12.241666666666667,12.243590757978382,completed,12.27713324999786,35.46658333119268,20.556671142578125
2939,3,0,12.245833333333334,12.24817138997605,completed,12.28175129299052,35.917959657187026,20.67241668701172
2940,0,1,12.25,12.252731512999162,completed,12.286323109001387,36.32310900138691,20.65238380432129
2941,1,1,12.254166666666666,12.257323035999434,completed,12.286332766991109,32.166100324442226,15.892319679260254
2942,2,1,12.258333333333333,12.261918214993784,completed,12.295509691000916,37.176357667583204,20.50441551208496
2943,3,1,12.2625,12.266529385989998,completed,12.304655284999171,42.15528499917198,20.64303970336914
2944,0,0,12.266666666666666,12.271594106976409,dropped_dispatch_late,,,
2945,1,0,12.270833333333334,12.271878156985622,completed,12.305901652987814,35.06831965447965,20.522911071777344
2946,2,0,12.275,12.277126417000545,completed,12.3107885060017,35.78850600169936,15.36963176727295
2947,3,0,12.279166666666667,12.281743668980198,completed,12.317139030987164,37.97236432049722,15.565983772277832
2948,0,1,12.283333333333333,12.286317798978416,completed,12.32550463298685,42.17129965351596,34.51763153076172
2949,1,1,12.2875,12.290932915988378,completed,12.330095154000446,42.595154000446556,20.309663772583008
2950,2,1,12.291666666666666,12.295502246997785,completed,12.334683139983099,43.01647331643288,20.38425636291504
2951,3,1,12.295833333333333,12.300066366995452,dropped_dispatch_late,,,
2952,0,0,12.3,12.30007429199759,completed,12.339264433976496,39.26443397649493,15.540127754211426
2953,1,0,12.304166666666667,12.304647740995279,dropped_queue_full,,,
2954,2,0,12.308333333333334,12.308413955004653,dropped_queue_full,,,
2955,3,0,12.3125,12.312525877001463,completed,12.343832280981587,31.332280981587246,25.433088302612305
2956,0,1,12.316666666666666,12.317131125979358,dropped_queue_full,,,
2957,1,1,12.320833333333333,12.320887301990297,completed,12.348427861987147,27.59452865381462,20.443967819213867
2958,2,1,12.325,12.325499452999793,completed,12.353016107983422,28.016107983422245,20.61123275756836
2959,3,1,12.329166666666666,12.33008868197794,completed,12.357608171994798,28.441505328132166,15.668191909790039
2960,0,0,12.333333333333334,12.334675997000886,completed,12.366751361987554,33.41802865421961,25.513696670532227
2961,1,0,12.3375,12.339259264001157,completed,12.371338415978244,33.83841597824322,20.568735122680664
2962,2,0,12.341666666666667,12.343824907002272,completed,12.375933023984544,34.266357317877194,20.39583969116211
2963,3,0,12.345833333333333,12.348421428992879,completed,12.380731650977395,34.89831764406226,20.248863220214844
2964,0,1,12.35,12.353009224985726,completed,12.380720088985981,30.720088985981775,15.675968170166016
2965,1,1,12.354166666666666,12.357600627990905,completed,12.389869951002765,35.70328433609937,20.312288284301758
2966,2,1,12.358333333333333,12.3621882229927,completed,12.39444180598366,36.10847265032824,20.564672470092773
2967,3,1,12.3625,12.36674601098639,dropped_dispatch_late,,,
2968,0,0,12.366666666666667,12.366761109995423,completed,12.399053045985056,32.38637931838895,20.526464462280273
2969,1,0,12.370833333333334,12.371331982983975,completed,12.40828425300424,37.4509196709063,15.613632202148438
2970,2,0,12.375,12.375926100998186,completed,12.41290681497776,37.906814977759495,15.723072052001953
2971,3,0,12.379166666666666,12.380714487982914,completed,12.414194270997541,35.027604330874595,33.2191047668457
2972,0,1,12.383333333333333,12.385288216988556,completed,12.419522543001221,36.18920966788863,20.62073516845703
2973,1,1,12.3875,12.389863869000692,completed,12.424787184980232,37.28718498023298,20.823808670043945
2974,2,1,12.391666666666666,12.39443481300259,completed,12.434329412004445,42.66274533777903,20.75587272644043
2975,3,1,12.395833333333334,12.39904757597833,completed,12.43898739098222,43.154057648886024,20.729312896728516
2976,0,0,12.4,12.403651952976361,completed,12.443592369992984,43.5923699929841,20.462976455688477
2977,1,0,12.404166666666667,12.40827769099269,completed,12.448221514001489,44.0548473348219,20.544832229614258
2978,2,0,12.408333333333333,12.412900052004261,dropped_dispatch_late,,,
2979,3,0,12.4125,12.412915200984571,dropped_queue_full,,,
2980,0,1,12.416666666666666,12.416675254004076,dropped_queue_full,,,
2981,1,1,12.420833333333333,12.420941618998768,dropped_queue_full,,,
2982,2,1,12.425,12.425106741982745,completed,12.452818847988965,27.81884798896428,20.36079978942871
2983,3,1,12.429166666666667,12.429722039989429,completed,12.4574341349944,28.267468327733525,20.395296096801758
2984,0,0,12.433333333333334,12.434322348999558,completed,12.462045906984713,28.71257365137936,20.397216796875
2985,1,0,12.4375,12.438979917002143,completed,12.466643060004571,29.143060004571453,20.527360916137695
2986,2,0,12.441666666666666,12.44358701899182,completed,12.471264619991416,29.59795332474968,20.492671966552734
2987,3,0,12.445833333333333,12.4482150519907,completed,12.480508039996494,34.67470666316075,20.562847137451172
2988,0,1,12.45,12.452811764000216,completed,12.485368964000372,35.36896400037293,20.522655487060547
2989,1,1,12.454166666666666,12.457426801993279,completed,12.48537848200067,31.211815334003745,15.850687980651855
2990,2,1,12.458333333333334,12.4620405259775,completed,12.494547260983381,36.213927650047495,17.81292724609375
2991,3,1,12.4625,12.466636356984964,completed,12.499132921977434,36.63292197743395,20.71228790283203
2992,0,0,12.466666666666667,12.471257295983378,dropped_dispatch_late,,,
2993,1,0,12.470833333333333,12.4712728849845,completed,12.50372571797925,32.89238464591726,20.57868766784668
2994,2,0,12.475,12.475905245984904,completed,12.50831403399934,33.314033999340964,15.690879821777344
2995,3,0,12.479166666666666,12.480500304984162,completed,12.512915795989102,33.74912932243568,15.680704116821289
2996,0,1,12.483333333333333,12.485363653977402,completed,12.518104172981111,34.77083964777883,32.43427276611328
2997,1,1,12.4875,12.489968982990831,completed,12.523473592998926,35.973592998924886,20.54560089111328
2998,2,1,12.491666666666667,12.494540216983296,completed,12.529675855999812,38.00918933314534,20.607711791992188
2999,3,1,12.495833333333334,12.499125187983736,completed,12.538043141976232,42.20980864289814,20.700544357299805
3000,0,0,12.5,12.50371921499027,completed,12.542765863996465,42.76586399646476,20.728544235229492
3001,1,0,12.504166666666666,12.508306990988785,completed,12.547516217979137,43.349551312470425,20.702592849731445
3002,2,0,12.508333333333333,12.512908071978018,dropped_dispatch_late,,,
3003,3,0,12.5125,12.51292361097876,completed,12.552151724987198,39.65172498719838,15.829919815063477
3004,0,1,12.516666666666666,12.517485166987171,dropped_queue_full,,,
3005,1,1,12.520833333333334,12.520941272989148,dropped_queue_full,,,
3006,2,1,12.525,12.52504416697775,completed,12.556751552998321,31.751552998320776,26.076671600341797
3007,3,1,12.529166666666667,12.529668873001356,dropped_queue_full,,,
3008,0,0,12.533333333333333,12.533414848992834,completed,12.561342804983724,28.009471650390694,20.84921646118164
3009,1,0,12.5375,12.538035677978769,completed,12.565942322980845,28.442322980845702,20.602336883544922
3010,2,0,12.541666666666666,12.542760472977534,completed,12.570540487999097,28.87382133243044,15.797344207763672
3011,3,0,12.545833333333333,12.547509905998595,completed,12.579854743002215,34.021409668882896,25.78940773010254
3012,0,1,12.55,12.552144119981676,completed,12.584500448981998,34.50044898199778,20.879840850830078
3013,1,1,12.554166666666667,12.556744519999484,completed,12.589955361996545,35.788695329877385,20.876768112182617
3014,2,1,12.558333333333334,12.561337524995906,completed,12.589966272003949,31.63293867061512,15.869119644165039
3015,3,1,12.5625,12.565935940976487,completed,12.599926583992783,37.42658399278298,20.820127487182617
3016,0,0,12.566666666666666,12.570533285004785,completed,12.604501294990769,37.834628324102226,20.81977653503418
3017,1,0,12.570833333333333,12.575156627979595,dropped_dispatch_late,,,
3018,2,0,12.575,12.575164532987401,completed,12.609081485978095,34.08148597809557,20.676576614379883
3019,3,0,12.579166666666666,12.579847179003991,completed,12.613723033980932,34.55636731426637,15.54751968383789
3020,0,1,12.583333333333334,12.584494868002366,completed,12.618323684000643,34.990350667309045,15.569343566894531
3021,1,1,12.5875,12.589948348002508,completed,12.618333302001702,30.833302001701313,27.64476776123047
3022,2,1,12.591666666666667,12.59529446499073,completed,12.62787323599332,36.20656932665334,20.316543579101562
3023,3,1,12.595833333333333,12.599918839987367,completed,12.633058106002863,37.22477266953028,20.514463424682617
3024,0,0,12.6,12.604496074985946,dropped_dispatch_late,,,
3025,1,0,12.604166666666666,12.604511083976831,completed,12.638554857985582,34.38819131891613,20.490047454833984
3026,2,0,12.608333333333333,12.609074523003073,completed,12.646501504990738,38.16817165740538,15.43280029296875
3027,3,0,12.6125,12.61371566998423,completed,12.651092405983945,38.592405983944644,15.537216186523438
3028,0,1,12.616666666666667,12.61831830398296,completed,12.653788367984816,37.12170131814929,35.14508819580078
3029,1,1,12.620833333333334,12.622951636003563,completed,12.66342946299119,42.59612965785564,20.440095901489258
3030,2,1,12.625,12.62753914098721,dropped_queue_full,,,
3031,3,1,12.629166666666666,12.629256393003743,dropped_queue_full,,,
3032,0,0,12.633333333333333,12.63337615999626,completed,12.667991299997084,34.65796666375098,10.810784339904785
3033,1,0,12.6375,12.63806472698343,dropped_queue_full,,,
3034,2,0,12.641666666666666,12.64167303199065,completed,12.66800144899753,26.334782330863504,21.392127990722656
3035,3,0,12.645833333333334,12.646494781976799,completed,12.677158073987812,31.32474065447788,26.171232223510742
3036,0,1,12.65,12.651084590994287,dropped_queue_full,,,
3037,1,1,12.654166666666667,12.654266024997924,completed,12.68177469499642,27.60802832975351,20.897695541381836
3038,2,1,12.658333333333333,12.65885295899352,completed,12.686395021999488,28.06168866615444,20.46953582763672
3039,3,1,12.6625,12.663415286981035,completed,12.691216581995832,28.716581995832158,15.631296157836914
3040,0,0,12.666666666666666,12.667985990003217,completed,12.695829364995006,29.162698328340397,27.551040649414062
3041,1,0,12.670833333333333,12.672571340983268,completed,12.705046494986163,34.21316165283095,20.752864837646484
3042,2,0,12.675,12.677150439994875,completed,12.709619361994555,34.61936199455451,20.41993522644043
3043,3,0,12.679166666666667,12.681768171984004,completed,12.71423687398783,35.07020732116217,20.459104537963867
3044,0,1,12.683333333333334,12.68638777799788,completed,12.714225542993518,30.892209660184022,15.72156810760498
3045,1,1,12.6875,12.691208606993314,completed,12.723462991998531,35.962991998530924,20.481216430664062
3046,2,1,12.691666666666666,12.695823924004799,completed,12.728064122988144,36.397456321477506,20.438400268554688
3047,3,1,12.695833333333333,12.700455012003658,dropped_dispatch_late,,,
3048,0,0,12.7,12.70046291698236,completed,12.732649693993153,32.64969399315376,20.331167221069336
3049,1,0,12.704166666666666,12.705040192988236,completed,12.737308974988991,33.142308322325675,15.601759910583496
3050,2,0,12.708333333333334,12.709612338978332,completed,12.742421809001826,34.088475668491824,15.635904312133789
3051,3,0,12.7125,12.714220172987552,completed,12.74763135498506,35.131354985059815,33.052513122558594
3052,0,1,12.716666666666667,12.71881355898222,completed,12.75267793200328,36.01126533661336,20.444223403930664
3053,1,1,12.720833333333333,12.723456569976406,completed,12.758957070996985,38.123737663651625,20.510719299316406
3054,2,1,12.725,12.72805725998478,completed,12.763605842977995,38.60584297799541,20.325664520263672
3055,3,1,12.729166666666666,12.732644303992856,completed,12.768212433991721,39.045767325054825,20.359039306640625
3056,0,0,12.733333333333333,12.737302763998741,completed,12.777636366983643,44.3030336503103,20.40230369567871
3057,1,0,12.7375,12.741926788003184,dropped_dispatch_late,,,
3058,2,0,12.741666666666667,12.741934873978607,dropped_queue_full,,,
3059,3,0,12.745833333333334,12.74588748300448,dropped_queue_full,,,
3060,0,1,12.75,12.750149208994117,dropped_queue_full,,,
3061,1,1,12.754166666666666,12.754256731976056,completed,12.782248087984044,28.081421317377675,20.585248947143555
3062,2,1,12.758333333333333,12.758950538991485,completed,12.786857253988273,28.523920654940582,20.680736541748047
3063,3,1,12.7625,12.763598698977148,completed,12.791699332999997,29.19933299999755,20.769887924194336
3064,0,0,12.766666666666666,12.768204789987067,completed,12.796336522995261,29.669856328595756,20.57926368713379
3065,1,0,12.770833333333334,12.772791383002186,completed,12.800942191999638,30.108858666304528,20.692352294921875
3066,2,0,12.775,12.777631337987259,completed,12.80095122900093,25.951229000929388,15.956640243530273
3067,3,0,12.779166666666667,12.782241605978925,completed,12.80557546397904,26.408797312372556,15.649087905883789
3068,0,1,12.783333333333333,12.786850331001915,completed,12.814896551979473,31.563218646139646,20.7873592376709
3069,1,1,12.7875,12.791691608988913,dropped_dispatch_late,,,
3070,2,1,12.791666666666666,12.791707258002134,completed,12.82410477497615,32.43810830948313,20.554784774780273
3071,3,1,12.795833333333333,12.796331091987668,completed,12.828741965000518,32.90863166718516,20.49718475341797
3072,0,0,12.8,12.800935790000949,completed,12.83338856199407,33.38856199406948,15.73094367980957
3073,1,0,12.804166666666667,12.805568290990777,completed,12.838054245978128,33.887579311461025,29.9704647064209
3074,2,0,12.808333333333334,12.810205780988326,completed,12.842678519984474,34.345186651140835,20.620895385742188
3075,3,0,12.8125,12.814890780980932,completed,12.84731780400034,34.8178040003404,20.597759246826172
3076,0,1,12.816666666666666,12.819499806995736,completed,12.847306521987775,30.63985532110891,15.897760391235352
3077,1,1,12.820833333333333,12.82409780198941,completed,12.856555873993784,35.72254066045133,20.52230453491211
3078,2,1,12.825,12.828734469978372,completed,12.861844461003784,36.8444610037848,20.40336036682129
3079,3,1,12.829166666666666,12.833383201999823,dropped_dispatch_late,,,
3080,0,0,12.833333333333334,12.833398239978123,completed,12.867303741979413,33.97040864607881,20.402912139892578
3081,1,0,12.8375,12.838047872995958,completed,12.872121474996675,34.62147499667445,15.596960067749023
3082,2,0,12.841666666666667,12.842671466991305,completed,12.879955506999977,38.28884033331015,15.676223754882812
3083,3,0,12.845833333333333,12.84730118198786,completed,12.882947971986141,37.11463865280784,35.289886474609375
3084,0,1,12.85,12.851931287994375,completed,12.892238962987904,42.23896298790386,20.48134422302246
3085,1,1,12.854166666666666,12.856549200980226,completed,12.896868677984457,42.70201131779139,20.69286346435547
3086,2,1,12.858333333333333,12.861194486002205,dropped_queue_full,,,
3087,3,1,12.862499999999999,12.862638149003033,completed,12.901477252977202,38.97725297720278,15.627936363220215
3088,0,0,12.866666666666667,12.86729824199574,completed,12.906075988983503,39.40932231683547,15.594112396240234
3089,1,0,12.870833333333334,12.871947213978274,dropped_queue_full,,,
3090,2,0,12.875,12.875100453995401,completed,12.91066872398369,35.66872398369014,31.015552520751953
3091,3,0,12.879166666666666,12.879948293004418,dropped_queue_full,,,
3092,0,1,12.883333333333333,12.883424828003626,dropped_queue_full,,,
3093,1,1,12.8875,12.887593917985214,completed,12.9153453289764,27.845328976400907,20.865055084228516
3094,2,1,12.891666666666666,12.892233431979548,completed,12.919982477993472,28.31581132680583,10.968000411987305
3095,3,1,12.895833333333334,12.89686221498414,completed,12.929302773991367,33.46944065803292,26.086687088012695
3096,0,0,12.9,12.901469788979739,completed,12.933953518979251,33.95351897925103,26.323232650756836
3097,1,0,12.904166666666667,12.906070839992026,completed,12.9386126610043,34.44599433763251,21.11075210571289
3098,2,0,12.908333333333333,12.91066157098976,completed,12.943269857991254,34.93652465792074,20.625024795532227
3099,3,0,12.9125,12.915338675986277,completed,12.943279215978691,30.77921597869171,15.98624038696289
3100,0,1,12.916666666666666,12.919975323980907,completed,12.952540500002215,35.87383333554861,19.448768615722656
3101,1,1,12.920833333333333,12.924642750993371,completed,12.957127072993899,36.29373966056626,20.603103637695312
3102,2,1,12.924999999999999,12.92929513999843,dropped_dispatch_late,,,
3103,3,1,12.929166666666667,12.929310819978127,completed,12.961749574984424,32.582908317756676,20.43814468383789
3104,0,0,12.933333333333334,12.933947978977812,completed,12.970994117000373,37.66078366703951,15.641568183898926
3105,1,0,12.9375,12.938606248004362,completed,12.97165211700485,34.15211700485088,15.605759620666504
3106,2,0,12.941666666666666,12.943262553977547,completed,12.976840624003671,35.17395733700468,33.30451202392578
3107,3,0,12.945833333333333,12.947931243979838,completed,12.982208551984513,36.37521865118032,20.528608322143555
3108,0,1,12.95,12.952535229997011,completed,12.988127296004677,38.1272960046779,20.604448318481445
3109,1,1,12.954166666666666,12.957120651000878,completed,12.993004280986497,38.83761431983146,20.67932891845703
3110,2,1,12.958333333333334,12.961742019979283,completed,12.997808568004984,39.47523467165048,20.46544075012207
3111,3,1,12.9625,12.966370052978164,completed,13.006982625985984,44.482625985983404,20.56048011779785
3112,0,0,12.966666666666667,12.9709889270016,dropped_dispatch_late,,,
3113,1,0,12.970833333333333,12.971004185994389,dropped_queue_full,,,
3114,2,0,12.975,12.975097251997795,dropped_queue_full,,,
3115,3,0,12.979166666666666,12.979202700982569,dropped_queue_full,,,
3116,0,1,12.983333333333333,12.983471510990057,completed,13.011563688982278,28.230355648945604,20.506816864013672
3117,1,1,12.987499999999999,12.9881221059768,completed,13.01616018099594,28.660180995940365,20.465951919555664
3118,2,1,12.991666666666667,12.992997767985798,completed,13.020727306982735,29.06064031606803,20.52057647705078
3119,3,1,12.995833333333334,12.997801633988274,completed,13.025362763000885,29.529429667551454,20.489055633544922
3120,0,0,13.0,13.002395552000962,completed,13.030001735984115,30.00173598411493,20.470687866210938
3121,1,0,13.004166666666666,13.006975050986512,completed,13.03460522199748,30.43855533081441,20.498592376708984
3122,2,0,13.008333333333333,13.011558398982743,completed,13.034614448988577,26.28111565524449,15.884415626525879
3123,3,0,13.0125,13.01615366799524,completed,13.04381034898688,31.310348986881564,15.686047554016113
3124,0,1,13.016666666666666,13.020720283995615,completed,13.052983745990787,36.31707932412098,20.71571159362793
3125,1,1,13.020833333333334,13.025355028978083,dropped_dispatch_late,,,
3126,2,1,13.025,13.025370517978445,completed,13.057586390001234,32.58639000123331,20.566240310668945
3127,3,1,13.029166666666667,13.029996245983057,completed,13.062212688993895,33.04602232722864,20.183744430541992
3128,0,0,13.033333333333333,13.034598859987454,completed,13.06681882898556,33.48549565222747,15.600064277648926
3129,1,0,13.0375,13.0392012129887,completed,13.071433195000282,33.93319500028191,30.845632553100586
3130,2,0,13.041666666666666,13.043802573985886,completed,13.0760244379926,34.35777132593465,20.332063674926758
3131,3,0,13.045833333333333,13.04837097300333,completed,13.080675282981247,34.841949647914205,20.337696075439453
3132,0,1,13.049999999999999,13.052978625986725,completed,13.085316148994025,35.31614899402591,15.687456130981445
3133,1,1,13.054166666666667,13.057579797983635,completed,13.09094690598431,36.78023931764329,20.49724769592285
3134,2,1,13.058333333333334,13.06220486399252,completed,13.100770428980468,42.43709564713427,20.73619270324707
3135,3,1,13.0625,13.0668133989966,dropped_dispatch_late,,,
3136,0,0,13.066666666666666,13.066829158982728,completed,13.101588081975933,34.921415309266735,16.939903259277344
3137,1,0,13.070833333333333,13.071426902984967,completed,13.108883280976443,38.04994764310976,15.647007942199707
3138,2,0,13.075,13.076017293991754,completed,13.113711071986472,38.711071986472945,15.814271926879883
3139,3,0,13.079166666666666,13.080667157977587,completed,13.121322671999224,42.15600533255781,36.24528121948242
3140,0,1,13.083333333333334,13.085310798982391,completed,13.125932088994887,42.5987556615528,20.603103637695312
3141,1,1,13.0875,13.089930464979261,dropped_queue_full,,,
3142,2,1,13.091666666666667,13.091740182979265,dropped_queue_full,,,
3143,3,1,13.095833333333333,13.095833709987346,completed,13.130606228980469,34.77289564713537,10.84598445892334
3144,0,0,13.1,13.10076331498567,dropped_queue_full,,,
3145,1,0,13.104166666666666,13.104255689977435,completed,13.13059579898254,26.42913231587407,21.610559463500977
3146,2,0,13.108333333333333,13.10887699900195,completed,13.139995235978859,31.66190264552604,26.204608917236328
3147,3,0,13.112499999999999,13.11370392900426,dropped_queue_full,,,
3148,0,1,13.116666666666667,13.116679390979698,completed,13.144644828978926,27.978162312258803,21.098655700683594
3149,1,1,13.120833333333334,13.121315167983994,completed,13.149260727979708,28.427394646374893,20.619808197021484
3150,2,1,13.125,13.125926898996113,completed,13.158510188979562,33.51018897956237,15.597855567932129
3151,3,1,13.129166666666666,13.130589326989138,completed,13.163130086002639,33.963419335972134,28.451007843017578
3152,0,0,13.133333333333333,13.135249930986902,completed,13.167703172977781,34.369839644448064,20.788799285888672
3153,1,0,13.1375,13.13998812198406,completed,13.172310024994658,34.81002499465902,20.523584365844727
3154,2,0,13.141666666666666,13.14463948798948,completed,13.172319372999482,30.652706332816138,15.963839530944824
3155,3,0,13.145833333333334,13.149254114978248,completed,13.181518989993492,35.685656660158216,20.56345558166504
3156,0,1,13.15,13.15391331599676,completed,13.186173121997854,36.173121997853386,20.669631958007812
3157,1,1,13.154166666666667,13.158503305981867,dropped_dispatch_late,,,
3158,2,1,13.158333333333333,13.158518344978802,completed,13.195618855999783,37.28552266644947,20.610912322998047
3159,3,1,13.1625,13.163122561993077,completed,13.200225276988931,37.725276988931356,15.7042236328125
3160,0,0,13.166666666666666,13.167697882978246,completed,13.201039303996367,34.372637329701305,15.754464149475098
3161,1,0,13.170833333333333,13.172303682978963,completed,13.206207661976805,35.37432864347245,33.58950424194336
3162,2,0,13.174999999999999,13.176910735986894,completed,13.211578775983071,36.57877598307202,20.540544509887695
3163,3,0,13.179166666666667,13.18151141598355,completed,13.217143938003574,37.977271336906426,20.837440490722656
3164,0,1,13.183333333333334,13.18616764098988,completed,13.221891426976072,38.5580936427381,20.70947265625
3165,1,1,13.1875,13.190796394977951,completed,13.231248322990723,43.748322990722954,20.780895233154297
3166,2,1,13.191666666666666,13.19561188298394,completed,13.235943131992826,44.27646532615981,20.708799362182617
3167,3,1,13.195833333333333,13.200217582983896,dropped_dispatch_late,,,
3168,0,0,13.2,13.20023314197897,dropped_queue_full,,,
3169,1,0,13.204166666666666,13.20430796299479,dropped_queue_full,,,
3170,2,0,13.208333333333334,13.208413763000863,dropped_queue_full,,,
3171,3,0,13.2125,13.21252693698625,completed,13.240690590988379,28.190590988378617,20.636064529418945
3172,0,1,13.216666666666667,13.217136724997545,completed,13.245331146987155,28.664480320488295,20.756383895874023
3173,1,1,13.220833333333333,13.221885866980301,completed,13.2499503819854,29.117048652066657,20.72991943359375
3174,2,1,13.225,13.226631822995842,completed,13.254553156002657,29.553156002657843,20.64803123474121
3175,3,1,13.229166666666666,13.231241931003751,completed,13.259162712987745,29.996046321079106,20.698272705078125
3176,0,0,13.233333333333333,13.235936027980642,completed,13.263757391978288,30.424058644955565,20.467296600341797
3177,1,0,13.237499999999999,13.240683437004918,completed,13.268367559998296,30.867559998297267,15.870368003845215
3178,2,0,13.241666666666667,13.245325956988381,completed,13.277655333979055,35.988667312388145,18.719104766845703
3179,3,0,13.245833333333334,13.249943839997286,completed,13.28227337700082,36.44004366748632,20.426719665527344
3180,0,1,13.25,13.254546132986434,dropped_dispatch_late,,,
3181,1,1,13.254166666666666,13.254561471985653,completed,13.286891069990816,32.724403324149165,20.445152282714844
3182,2,1,13.258333333333333,13.25915504898876,completed,13.291525915003149,33.19258166981598,15.73203182220459
3183,3,1,13.2625,13.263751880993368,completed,13.296366149996174,33.86614999617521,15.765151977539062
3184,0,0,13.266666666666666,13.268362209986662,completed,13.301001234998694,34.33456833202797,31.449888229370117
3185,1,0,13.270833333333334,13.273023444984574,completed,13.305631461989833,34.79812865649912,20.798751831054688
3186,2,0,13.275,13.277648140996462,completed,13.314829795999685,39.82979599968495,21.087039947509766
3187,3,0,13.279166666666667,13.282265852991259,completed,13.315947629977018,36.780963310350856,20.848064422607422
3188,0,1,13.283333333333333,13.286884657980409,completed,13.320786922995467,37.453589662133524,20.62825584411621
3189,1,1,13.2875,13.29151908197673,completed,13.329644990997622,42.144990997622145,20.589344024658203
3190,2,1,13.291666666666666,13.2963582649827,dropped_dispatch_late,,,
3191,3,1,13.295833333333333,13.296374155004742,completed,13.334269988001324,38.43665466799173,15.58944034576416
3192,0,0,13.299999999999999,13.300995864992728,completed,13.33885739199468,38.85739199468041,15.531359672546387
3193,1,0,13.304166666666667,13.30562464898685,completed,13.343451569991885,39.28490332521761,15.670751571655273
3194,2,0,13.308333333333334,13.310222813975997,completed,13.350450666999677,42.117333666343626,36.135231018066406
3195,3,0,13.3125,13.31482256198069,dropped_queue_full,,,
3196,0,1,13.316666666666666,13.316738802997861,dropped_queue_full,,,
3197,1,1,13.320833333333333,13.32094807899557,dropped_queue_full,,,
3198,2,1,13.325,13.325024392979685,completed,13.355101141001796,30.10114100179706,5.922912120819092
3199,3,1,13.329166666666666,13.329638548981166,completed,13.355110448988853,25.943782322187303,21.50057601928711
3200,0,0,13.333333333333334,13.334262442978797,completed,13.35970138097764,26.368047644306003,21.531648635864258
3201,1,0,13.3375,13.338852182001574,completed,13.368915554980049,31.415554980048555,25.928512573242188
3202,2,0,13.341666666666667,13.343445007980336,dropped_queue_full,,,
3203,3,0,13.345833333333333,13.345836089982186,completed,13.373526263982058,27.692930648724357,20.220863342285156
3204,0,1,13.35,13.350443732982967,completed,13.382725209987257,32.72520998725703,20.231903076171875
3205,1,1,13.354166666666666,13.355094058002578,completed,13.38733610897907,33.169442312404485,15.584992408752441
3206,2,1,13.358333333333333,13.359696170984535,completed,13.391936017986154,33.60268465282168,28.849855422973633
3207,3,1,13.362499999999999,13.364314203994581,completed,13.396815026993863,34.31502699386435,20.46099281311035
3208,0,0,13.366666666666667,13.368909182987409,completed,13.401441435999004,34.77476933233703,20.457536697387695
3209,1,0,13.370833333333334,13.373518278996926,completed,13.406118090002565,35.28475666923114,20.48374366760254
3210,2,0,13.375,13.378117877000477,completed,13.406127447990002,31.12744799000211,15.72976016998291
3211,3,0,13.379166666666666,13.382719810004346,completed,13.415376007993473,36.20934132680631,20.43574333190918
3212,0,1,13.383333333333333,13.387329706980381,completed,13.419987718982156,36.65438564882351,20.571807861328125
3213,1,1,13.3875,13.391928864992224,dropped_dispatch_late,,,
3214,2,1,13.391666666666666,13.392149934981717,completed,13.429406802984886,37.74013631822015,20.438560485839844
3215,3,1,13.395833333333334,13.3968075629964,completed,13.43053582799621,34.70249466287534,15.702431678771973
3216,0,0,13.4,13.40143608598737,completed,13.435575070994673,35.57507099467294,15.512224197387695
3217,1,0,13.404166666666667,13.406111567979679,completed,13.440732849994674,36.56618332800754,34.30643081665039
3218,2,0,13.408333333333333,13.410740141000133,completed,13.446297480986686,37.96414765335321,20.550079345703125
3219,3,0,13.4125,13.415368453977862,completed,13.455515423003817,43.01542300381733,20.5248966217041
3220,0,1,13.416666666666666,13.419982428982621,completed,13.460127293976257,43.46062730959055,20.536863327026367
3221,1,1,13.420833333333333,13.424798357998952,completed,13.46471818498685,43.88485165351774,20.609439849853516
3222,2,1,13.424999999999999,13.429399860004196,dropped_dispatch_late,,,
3223,3,1,13.429166666666667,13.429415218997747,dropped_queue_full,,,
3224,0,0,13.433333333333334,13.433357828995213,dropped_queue_full,,,
3225,1,0,13.4375,13.43762621798669,dropped_queue_full,,,
3226,2,0,13.441666666666666,13.441682242992101,completed,13.469347940990701,27.681274324034888,20.549760818481445
3227,3,0,13.445833333333333,13.446290286985459,completed,13.473969780985499,28.13644765216594,20.563520431518555
3228,0,1,13.45,13.450913951004623,completed,13.478551445004996,28.551445004996623,20.600543975830078
3229,1,1,13.454166666666666,13.455507857986959,completed,13.48316398798488,28.997321318215086,20.581247329711914
3230,2,1,13.458333333333334,13.460122174001299,completed,13.4877514730033,29.41813966996598,20.597503662109375
3231,3,1,13.4625,13.46471173298778,completed,13.497174553980585,34.67455398058483,20.543264389038086
3232,0,0,13.466666666666667,13.469341027986957,completed,13.501742181979353,35.07551531268582,20.52822494506836
3233,1,0,13.470833333333333,13.473962266987655,completed,13.501751689997036,30.918356663702795,15.88764762878418
3234,2,0,13.475,13.478546304977499,completed,13.510981022991473,35.98102299147321,15.294560432434082
3235,3,0,13.479166666666666,13.483157415001187,completed,13.515617370983819,36.45070431715247,20.562015533447266
3236,0,1,13.483333333333333,13.487744229001692,dropped_dispatch_late,,,
3237,1,1,13.487499999999999,13.487759627983905,completed,13.520274708978832,32.774708978832834,20.519296646118164
3238,2,1,13.491666666666667,13.492368874984095,completed,13.524996277992614,33.32961132594647,15.830431938171387
3239,3,1,13.495833333333334,13.49716723000165,completed,13.529679845989449,33.84651265611538,15.70473575592041
3240,0,0,13.5,13.501736701000482,completed,13.534337714983849,34.337714983848855,32.1030387878418
3241,1,0,13.504166666666666,13.506375222990755,completed,13.539480844978243,35.31417831157668,20.492511749267578
3242,2,0,13.508333333333333,13.51097368900082,completed,13.546301041991683,37.96770865834986,20.51759910583496
3243,3,0,13.5125,13.515609715977916,completed,13.549789148004493,37.289148004493455,20.537216186523438
3244,0,1,13.516666666666666,13.520266011997592,completed,13.558857315976638,42.19064930997263,20.50873565673828
3245,1,1,13.520833333333334,13.524989394994918,completed,13.563443046994507,42.60971366117339,20.577600479125977
3246,2,1,13.525,13.529672110977117,dropped_dispatch_late,,,
3247,3,1,13.529166666666667,13.529687681002542,completed,13.568034829979297,38.86816331262999,15.666303634643555
3248,0,0,13.533333333333333,13.534324949985603,completed,13.572630340990145,39.297007656811545,15.720000267028809
3249,1,0,13.5375,13.53899025300052,dropped_queue_full,,,
3250,2,0,13.541666666666666,13.541681806993438,completed,13.577231481991475,35.56481532480937,31.329984664916992
3251,3,0,13.545833333333333,13.546294248983031,dropped_queue_full,,,
3252,0,1,13.549999999999999,13.55010876597953,dropped_queue_full,,,
3253,1,1,13.554166666666667,13.554203093983233,completed,13.581845907989191,27.67924132252375,20.817407608032227
3254,2,1,13.558333333333334,13.558852055983152,completed,13.590984098002082,32.65076466874817,10.908736228942871
3255,3,1,13.5625,13.563436704978812,completed,13.595562575996155,33.06257599615492,26.024160385131836
3256,0,0,13.566666666666666,13.568027215980692,completed,13.600372574001085,33.70590733441858,26.2541446685791
3257,1,0,13.570833333333333,13.572624990978511,completed,13.604981499986025,34.148166652691714,20.946815490722656
3258,2,0,13.575,13.577224578999449,completed,13.60956331397756,34.56331397756074,20.522432327270508
3259,3,0,13.579166666666666,13.58183945599012,completed,13.614200192998396,35.03352633173051,20.573535919189453
3260,0,1,13.583333333333334,13.586407984985271,completed,13.614189111976884,30.85577864355038,15.858240127563477
3261,1,1,13.5875,13.590977184998337,completed,13.623375152994413,35.87515299441257,20.339040756225586
3262,2,1,13.591666666666667,13.595555191976018,completed,13.628006650978932,36.33998431226537,20.280256271362305
3263,3,1,13.595833333333333,13.600367373990593,dropped_dispatch_late,,,
3264,0,0,13.6,13.600382582983002,completed,13.637161763996119,37.161763996119035,20.23526382446289
3265,1,0,13.604166666666666,13.604975258000195,completed,13.64173339898116,37.56673231449348,15.51244831085205
3266,2,0,13.608333333333333,13.609556330979103,completed,13.643493231997127,35.15989866379421,15.539392471313477
3267,3,0,13.612499999999999,13.614183851983398,completed,13.648789593979018,36.289593979018875,34.30099105834961
3268,0,1,13.616666666666667,13.618762028985657,completed,13.654095743986545,37.42907731987799,20.47545623779297
3269,1,1,13.620833333333334,13.623368720989674,completed,13.663574181002332,42.74084766899833,20.81235122680664
3270,2,1,13.625,13.627999517979333,completed,13.66818783499184,43.187834991840646,20.642080307006836
3271,3,1,13.629166666666666,13.632574349001516,completed,13.672793464997085,43.62679833041838,20.663711547851562
3272,0,0,13.633333333333333,13.637156473996583,completed,13.677426926995395,44.09359366206189,20.572288513183594
3273,1,0,13.6375,13.641727096983232,dropped_dispatch_late,,,
3274,2,0,13.641666666666666,13.641742405976402,dropped_queue_full,,,
3275,3,0,13.645833333333334,13.645940681977663,dropped_queue_full,,,
3276,0,1,13.65,13.650052933982806,dropped_queue_full,,,
3277,1,1,13.654166666666667,13.65425711098942,completed,13.682029460993363,27.862794326695806,20.539392471313477
3278,2,1,13.658333333333333,13.658950726996409,completed,13.686605714989128,28.272381655794376,20.564096450805664
3279,3,1,13.6625,13.663567697978579,completed,13.691211794997798,28.711794997798634,20.566591262817383
3280,0,0,13.666666666666666,13.668180771986954,completed,13.695797987980768,29.13132131410201,20.480287551879883
3281,1,0,13.670833333333333,13.672785709990421,completed,13.700627301994245,29.793968660912995,20.502912521362305
3282,2,0,13.674999999999999,13.677421796979615,completed,13.709793585992884,34.79358599288496,20.2410888671875
3283,3,0,13.679166666666667,13.682022747991141,completed,13.71443821900175,35.27155233508239,20.449312210083008
3284,0,1,13.683333333333334,13.686598340980709,completed,13.71442666699295,31.09333365961575,15.660191535949707
3285,1,1,13.6875,13.691204200993525,completed,13.72366775298724,36.16775298723951,20.542272567749023
3286,2,1,13.691666666666666,13.695792376995087,completed,13.728339798981324,36.67313231465741,20.57948875427246
3287,3,1,13.695833333333333,13.700620658986736,dropped_dispatch_late,,,
3288,0,0,13.7,13.700636208988726,completed,13.733011563977925,33.01156397792582,20.3786563873291
3289,1,0,13.704166666666666,13.705196662980597,completed,13.73762801400153,33.461347334863945,15.46720027923584
3290,2,0,13.708333333333334,13.709786202001851,completed,13.742225387977669,33.89205464433509,15.759936332702637
3291,3,0,13.7125,13.714421496988507,completed,13.747148750990164,34.64875099016318,32.51785659790039
3292,0,1,13.716666666666667,13.71904748599627,completed,13.754726165992906,38.05949932623953,20.499807357788086
3293,1,1,13.720833333333333,13.72366121999221,completed,13.757760409993352,36.927076660019154,20.829120635986328
3294,2,1,13.725,13.728332915983628,completed,13.767253414000152,42.253414000152034,20.57855987548828
3295,3,1,13.729166666666666,13.733006373979151,completed,13.771823677001521,42.65701033485492,20.574207305908203
3296,0,0,13.733333333333333,13.737621591979405,dropped_dispatch_late,,,
3297,1,0,13.737499999999999,13.737636980979005,completed,13.776437141001225,38.937141001225584,15.652095794677734
3298,2,0,13.741666666666667,13.74221817398211,completed,13.781038282002555,39.371615335888066,15.604127883911133
3299,3,0,13.745833333333334,13.746815046994016,dropped_queue_full,,,
3300,0,1,13.75,13.750096941977972,completed,13.785668147989782,35.66814798978157,31.265439987182617
3301,1,1,13.754166666666666,13.754721226985566,dropped_queue_full,,,
3302,2,1,13.758333333333333,13.758395696990192,dropped_queue_full,,,
3303,3,1,13.7625,13.762655739992624,completed,13.79026031200192,27.760312001920084,20.79043197631836
3304,0,0,13.766666666666666,13.767246331000933,completed,13.794826024997747,28.159358331080853,10.843744277954102
3305,1,0,13.770833333333334,13.771816021995619,completed,13.804210893984418,33.37756065108444,25.90336036682129
3306,2,0,13.775,13.776430739002535,completed,13.808797336998396,33.79733699839527,26.195232391357422
3307,3,0,13.779166666666667,13.781031278980663,completed,13.813395192002645,34.22852533597798,20.97881507873535
3308,0,1,13.783333333333333,13.785662818001583,completed,13.818014496995602,34.68116366226859,20.541919708251953
3309,1,1,13.7875,13.790252987993881,completed,13.818024056003196,30.52405600319652,15.928607940673828
3310,2,1,13.791666666666666,13.79482071500388,completed,13.827195648977067,35.52898231040125,20.296863555908203
3311,3,1,13.795833333333333,13.799401957978262,completed,13.831805396999698,35.97206366636563,20.402944564819336
3312,0,0,13.799999999999999,13.804204301995924,dropped_dispatch_late,,,
3313,1,0,13.804166666666667,13.804220181977144,completed,13.836388452997198,32.22178633053119,20.332351684570312
3314,2,0,13.808333333333334,13.80879021398141,completed,13.84100184700219,32.668513668856036,15.578144073486328
3315,3,0,13.8125,13.813387446978595,completed,13.850165946991183,37.665946991182864,15.646559715270996
3316,0,1,13.816666666666666,13.818009066977538,completed,13.851263240998378,34.596574331711594,33.028289794921875
3317,1,1,13.820833333333333,13.82259888597764,completed,13.856787436001468,35.95410266813559,20.47007942199707
3318,2,1,13.825,13.827188575989567,completed,13.861788346985122,36.7883469851229,20.56924819946289
3319,3,1,13.829166666666666,13.831797541992273,completed,13.867202611989342,38.03594532267596,20.654687881469727
3320,0,0,13.833333333333334,13.836381950997747,completed,13.876380378002068,43.0470446687341,20.55948829650879
3321,1,0,13.8375,13.84099447299377,completed,13.880975306994515,43.475306994514185,20.569408416748047
3322,2,0,13.841666666666667,13.845572820981033,completed,13.885636391991284,43.96972532461696,20.460832595825195
3323,3,0,13.845833333333333,13.850158132001525,dropped_dispatch_late,,,
3324,0,1,13.85,13.850173941988032,dropped_queue_full,,,
3325,1,1,13.854166666666666,13.854255375976209,dropped_queue_full,,,
3326,2,1,13.858333333333333,13.858368268993217,dropped_queue_full,,,
3327,3,1,13.862499999999999,13.862579869979527,completed,13.890257570979884,27.75757097988496,20.503616333007812
3328,0,0,13.866666666666667,13.867194886988727,completed,13.894881334999809,28.2146683331419,20.53286361694336
3329,1,0,13.870833333333334,13.87179617898073,completed,13.899476914986735,28.64358165340164,20.50147247314453
3330,2,0,13.875,13.876374986983137,completed,13.904304726980627,29.304726980626583,20.467615127563477
3331,3,0,13.879166666666666,13.880968633980956,completed,13.908911988983164,29.74532231649718,20.44940757751465
3332,0,1,13.883333333333333,13.885621213004924,completed,13.913498421985423,30.165088652090333,20.488767623901367
3333,1,1,13.8875,13.890249816002324,completed,13.918080546980491,30.58054698049162,15.793184280395508
3334,2,1,13.891666666666666,13.894876084988937,completed,13.92726504500024,35.59837833357449,19.03433609008789
3335,3,1,13.895833333333334,13.89947040300467,completed,13.931864031997975,36.03069866464104,20.584447860717773
3336,0,0,13.9,13.904297853994649,dropped_dispatch_late,,,
3337,1,0,13.904166666666667,13.904313382983673,completed,13.936486282997066,32.31961633039937,20.59539222717285
3338,2,0,13.908333333333333,13.908904365001945,completed,13.94114766898565,32.81433565231673,15.795968055725098
3339,3,0,13.9125,13.913493111991556,completed,13.945744801982073,33.24480198207347,15.834527969360352
3340,0,1,13.916666666666666,13.918075246998342,completed,13.950373125000624,33.70645833395791,31.55824089050293
3341,1,1,13.920833333333333,13.92265031900024,completed,13.955342364992248,34.50903165891539,20.493568420410156
3342,2,1,13.924999999999999,13.927257951989304,completed,13.96036692999769,35.36692999769109,20.497888565063477
3343,3,1,13.929166666666667,13.931856196984882,completed,13.967252170987194,38.085504320527264,20.504640579223633
3344,0,0,13.933333333333334,13.936479990981752,completed,13.970735727983993,37.40239465065898,20.67091178894043
3345,1,0,13.9375,13.941140284994617,completed,13.980082594993291,42.58259499329142,20.543743133544922
3346,2,0,13.941666666666666,13.945737026981078,completed,13.984657004999463,42.990338332796085,20.485055923461914
3347,3,0,13.945833333333333,13.95036774399341,dropped_dispatch_late,,,
3348,0,1,13.95,13.950382972980151,completed,13.98931161800283,39.311618002830784,15.513343811035156
3349,1,1,13.954166666666666,13.955008810997242,dropped_queue_full,,,
3350,2,1,13.958333333333334,13.958468623983208,dropped_queue_full,,,
3351,3,1,13.9625,13.962666728999466,completed,13.99395072099287,31.450720992870274,25.575359344482422
3352,0,0,13.966666666666667,13.967244325991487,dropped_queue_full,,,
3353,1,0,13.970833333333333,13.970898366998881,completed,13.998602848994778,27.769515661445254,20.264352798461914
3354,2,0,13.975,13.97549355699448,completed,14.003214048978407,28.21404897840729,20.43199920654297
3355,3,0,13.979166666666666,13.980076202977216,completed,14.008055585989496,28.888919322829665,15.690272331237793
3356,0,1,13.983333333333333,13.984649660997093,completed,14.012689939991105,29.356606657772844,25.554367065429688
3357,1,1,13.987499999999999,13.989306497998768,completed,14.017350453999825,29.850453999825888,20.662080764770508
3358,2,1,13.991666666666667,13.993942925997544,completed,14.02657058998011,34.903923313443386,20.69558334350586
3359,3,1,13.995833333333334,13.998596406978322,completed,14.026580017991364,30.746684658030432,15.850367546081543
3360,0,0,14.0,14.003206964989658,completed,14.03584178298479,35.84178298478946,18.30940818786621
3361,1,0,14.004166666666666,14.008047901996179,completed,14.040485654986696,36.31898832002989,20.645055770874023
3362,2,0,14.008333333333333,14.01268468098715,dropped_dispatch_late,,,
3363,3,0,14.0125,14.012699758983217,completed,14.045125549979275,32.6255499792758,20.463136672973633
3364,0,1,14.016666666666666,14.017344181978842,completed,14.049722973984899,33.05630731823328,15.600576400756836
3365,1,1,14.020833333333334,14.021963017003145,completed,14.05435248897993,33.51915564659613,15.66528034210205
3366,2,1,14.025,14.026563456980512,completed,14.05898187297862,33.981872978619876,32.0860481262207
3367,3,1,14.029166666666667,14.031175497977529,completed,14.06434229700244,35.17563033577353,20.595136642456055
3368,0,0,14.033333333333333,14.035836552997353,completed,14.07132545299828,37.99211966494731,20.619295120239258
3369,1,0,14.0375,14.040479222981958,completed,14.074626824993175,37.12682499317488,20.685312271118164
3370,2,0,14.041666666666666,14.045118035981432,completed,14.083789511001669,42.122844335002796,20.707103729248047
3371,3,0,14.045833333333333,14.049717813992174,completed,14.088408295996487,42.574962663154636,20.570560455322266
3372,0,1,14.049999999999999,14.054346096003428,dropped_dispatch_late,,,
3373,1,1,14.054166666666667,14.05436126497807,completed,14.093007572984789,38.84090631812143,15.840255737304688
3374,2,1,14.058333333333334,14.058974889980163,completed,14.097611679986585,39.27834665325136,15.60201644897461
3375,3,1,14.0625,14.063704815984238,dropped_queue_full,,,
3376,0,0,14.066666666666666,14.066675067995675,completed,14.102272012998583,35.605346331916365,31.230335235595703
3377,1,0,14.070833333333333,14.071320202987408,dropped_queue_full,,,
3378,2,0,14.075,14.075099622976268,dropped_queue_full,,,
3379,3,0,14.079166666666666,14.079201194981579,completed,14.10691847000271,27.7518033360451,20.689023971557617
3380,0,1,14.083333333333334,14.083773941994878,completed,14.112118849996477,28.78551666314344,10.91430377960205
3381,1,1,14.0875,14.088400440989062,completed,14.116724599996815,29.22459999681415,25.98703956604004
3382,2,1,14.091666666666667,14.09300073000486,completed,14.125917564000702,34.25089733403475,26.27587127685547
3383,3,1,14.095833333333333,14.097604666982079,completed,14.130574189999606,34.740856666273245,21.027328491210938
3384,0,0,14.1,14.102266722999047,completed,14.130562737991568,30.562737991568056,15.819616317749023
3385,1,0,14.104166666666666,14.106903381994925,completed,14.139819874981185,35.65320831451935,20.485055923461914
3386,2,0,14.108333333333333,14.112113419978414,completed,14.144395095994696,36.06176266136352,20.5185604095459
3387,3,0,14.112499999999999,14.11671809697873,dropped_dispatch_late,,,
3388,0,1,14.116666666666667,14.116733185976045,completed,14.14899398299167,32.32731632500219,20.39036750793457
3389,1,1,14.120833333333334,14.121331250993535,completed,14.1536146409926,32.7813076592669,15.641695976257324
3390,2,1,14.125,14.125910631002625,completed,14.162802475999342,37.80247599934228,15.733856201171875
3391,3,1,14.129166666666666,14.130557477998082,completed,14.163615640980424,34.44897431375793,32.708831787109375
3392,0,0,14.133333333333333,14.135183215985307,completed,14.16894539599889,35.61206266555672,20.54400062561035
3393,1,0,14.1375,14.139813421992585,completed,14.17410439599189,36.60439599189047,20.7741756439209
3394,2,0,14.141666666666666,14.144388093001908,completed,14.17967646199395,38.00979532728377,20.767200469970703
3395,3,0,14.145833333333334,14.148988732980797,completed,14.188840230985079,43.006897651745035,20.790367126464844
3396,0,1,14.15,14.153608238993911,completed,14.193409761996008,43.4097619960081,20.64633560180664
3397,1,1,14.154166666666667,14.15820428999723,completed,14.198118937987601,43.9522713209346,20.67046356201172
3398,2,1,14.158333333333333,14.162795151991304,dropped_dispatch_late,,,
3399,3,1,14.1625,14.162811161979334,dropped_queue_full,,,
3400,0,0,14.166666666666666,14.16672801299137,dropped_queue_full,,,
3401,1,0,14.170833333333333,14.170841146988096,dropped_queue_full,,,
3402,2,0,14.174999999999999,14.175053348997608,completed,14.202768229995854,27.768229995855265,20.57049560546875
3403,3,0,14.179166666666667,14.179669578996254,completed,14.207378748978954,28.212082312286668,20.49510383605957
3404,0,1,14.183333333333334,14.184247064986266,completed,14.21223066697712,28.897333643786993,20.46361541748047
3405,1,1,14.1875,14.188832625979558,completed,14.216854369995417,29.354369995417073,20.643327713012695
3406,2,1,14.191666666666666,14.193404521996854,completed,14.22145293597714,29.78626931047401,20.53126335144043
3407,3,1,14.195833333333333,14.198112646001391,completed,14.226026203978108,30.192870644775383,20.59516716003418
3408,0,0,14.2,14.202761416992871,completed,14.230600914976094,30.60091497609463,15.815648078918457
3409,1,0,14.204166666666666,14.207371194992447,completed,14.239721200981876,35.55453431521016,20.485023498535156
3410,2,0,14.208333333333334,14.21222526600468,completed,14.244295460986905,35.962127653570874,20.63158416748047
3411,3,0,14.2125,14.216848379001021,dropped_dispatch_late,,,
3412,0,1,14.216666666666667,14.216863237001235,completed,14.248886362998746,32.21969633207955,20.516864776611328
3413,1,1,14.220833333333333,14.22144599299645,completed,14.253441195993219,32.607862659885356,15.793855667114258
3414,2,1,14.225,14.226018349989317,completed,14.258045953989495,33.04595398949495,15.631775856018066
3415,3,1,14.229166666666666,14.23059567497694,completed,14.262636444997042,33.46977833037634,31.560672760009766
3416,0,0,14.233333333333333,14.23515982599929,completed,14.267419510986656,34.086177653323446,20.4583683013916
3417,1,0,14.237499999999999,14.239714818977518,completed,14.272946782002691,35.446782002692245,20.58336067199707
3418,2,0,14.241666666666667,14.244288638001308,completed,14.279594940977404,37.928274310736754,20.531776428222656
3419,3,0,14.245833333333334,14.248881112987874,completed,14.28305123699829,37.21790366495625,20.538272857666016
3420,0,1,14.25,14.253434953978285,completed,14.292541617003735,42.541617003735155,20.724224090576172
3421,1,1,14.254166666666666,14.258038981002755,completed,14.297115324996412,42.94865832974537,20.52851104736328
3422,2,1,14.258333333333333,14.262628729979042,dropped_dispatch_late,,,
3423,3,1,14.2625,14.26264425899717,completed,14.301943918981124,39.443918981124426,15.733887672424316
3424,0,0,14.266666666666666,14.267245580995223,dropped_queue_full,,,
3425,1,0,14.270833333333334,14.270887027989374,dropped_queue_full,,,
3426,2,0,14.275,14.275000642985106,completed,14.30656279300456,31.562793004558998,25.88979148864746
3427,3,0,14.279166666666667,14.279587978002382,dropped_queue_full,,,
3428,0,1,14.283333333333333,14.28336970199598,completed,14.31117576698307,27.842433649736265,20.776607513427734
3429,1,1,14.2875,14.287959131004754,completed,14.316013186995406,28.51318699540606,20.589759826660156
3430,2,1,14.291666666666666,14.292536346998531,completed,14.320688407984562,29.021741317896144,15.785344123840332
3431,3,1,14.295833333333333,14.297108932980336,completed,14.32531615998596,29.482826652627026,25.707775115966797
3432,0,0,14.299999999999999,14.301936513977125,completed,14.329950633982662,29.950633982663177,20.76335906982422
3433,1,0,14.304166666666667,14.306555839983048,completed,14.339110504981363,34.94383831469605,20.74880027770996
3434,2,0,14.308333333333334,14.311170486995252,completed,14.339120303979144,30.78697064580993,15.823200225830078
3435,3,0,14.3125,14.316006693989038,completed,14.348320150980726,35.820150980725884,20.631423950195312
3436,0,1,14.316666666666666,14.320681454992155,completed,14.352932833979139,36.266167312472675,20.593280792236328
3437,1,1,14.320833333333333,14.325308364990633,dropped_dispatch_late,,,
3438,2,1,14.325,14.325323984987335,completed,14.357530579000013,32.53057900001366,20.431808471679688
3439,3,1,14.329166666666666,14.32994510399294,completed,14.362130717985565,32.96405131889912,15.525983810424805
3440,0,0,14.333333333333334,14.33454115499626,completed,14.36670451698592,33.3711836525854,15.600223541259766
3441,1,0,14.3375,14.339103942998918,completed,14.371544912981335,34.04491298133472,32.13875198364258
3442,2,0,14.341666666666667,14.343728517997079,completed,14.376842806988861,35.17614032219463,20.404447555541992
3443,3,0,14.345833333333333,14.348312736983644,completed,14.383838206995279,38.00487366194538,20.359872817993164
3444,0,1,14.35,14.352927904983517,completed,14.386997519002762,36.99751900276205,20.40595245361328
3445,1,1,14.354166666666666,14.35752384600346,completed,14.392270284995902,38.103618329236255,20.511903762817383
3446,2,1,14.358333333333333,14.362123383994913,completed,14.40161289399839,43.27956066505756,20.447551727294922
3447,3,1,14.362499999999999,14.366699076985242,dropped_dispatch_late,,,
3448,0,0,14.366666666666667,14.366714134986978,completed,14.406237088987837,39.570422321169474,15.754207611083984
3449,1,0,14.370833333333334,14.371365361002972,dropped_queue_full,,,
3450,2,0,14.375,14.375097941985587,dropped_queue_full,,,
3451,3,0,14.379166666666666,14.379202018986689,completed,14.410996841004817,31.830174338150385,25.864416122436523
3452,0,1,14.383333333333333,14.383830481994664,dropped_queue_full,,,
3453,1,1,14.3875,14.387631963996682,completed,14.4156085519935,28.108551993501152,20.73139190673828
3454,2,1,14.391666666666666,14.392263963003643,completed,14.420428518991685,28.761852325018822,20.53932762145996
3455,3,1,14.395833333333334,14.396901803993387,completed,14.42504759397707,29.214260643735557,15.716383934020996
3456,0,0,14.4,14.401605739985825,completed,14.429661037982441,29.66103798244113,25.632640838623047
3457,1,0,14.404166666666667,14.406231848988682,completed,14.434281395981088,30.114729314421496,20.688159942626953
3458,2,0,14.408333333333333,14.410989175987197,completed,14.434290732984664,25.957399651330704,15.949312210083008
3459,3,0,14.4125,14.41560213000048,completed,14.448072003986454,35.57200398645399,20.43017578125
3460,0,1,14.416666666666666,14.420421294984408,completed,14.452650452003581,35.983785336915375,20.408672332763672
3461,1,1,14.420833333333333,14.425039968977217,dropped_dispatch_late,,,
3462,2,1,14.424999999999999,14.425055328989401,completed,14.457266982004512,32.26698200451317,20.335168838500977
3463,3,1,14.429166666666667,14.429655847983668,completed,14.461862161988392,32.69549532172533,15.543840408325195
3464,0,0,14.433333333333334,14.434274972998537,completed,14.46645999699831,33.12666366497652,15.557600021362305
3465,1,0,14.4375,14.438866766984574,completed,14.471055246976903,33.55524697690271,30.986656188964844
3466,2,0,14.441666666666666,14.44348315699608,completed,14.475638412986882,33.9717463202156,20.327552795410156
3467,3,0,14.445833333333333,14.44806448998861,completed,14.480574319983134,34.74098664980119,20.465728759765625
3468,0,1,14.45,14.452645572979236,completed,14.488055052002892,38.05505200289261,20.497568130493164
3469,1,1,14.454166666666666,14.457260098977713,completed,14.490735283994582,36.56861732791583,20.468448638916016
3470,2,1,14.458333333333334,14.461854727996979,completed,14.495733869000105,37.40053566677126,20.636640548706055
3471,3,1,14.4625,14.466454616980627,completed,14.505093469982967,42.593469982966425,20.447359085083008
3472,0,0,14.466666666666667,14.471048783976585,dropped_dispatch_late,,,
3473,1,0,14.470833333333333,14.471064173994819,completed,14.50994529799209,39.11196465875655,15.71513557434082
3474,2,0,14.475,14.475631690991577,completed,14.514544334990205,39.5443349902056,15.58291244506836
3475,3,0,14.479166666666666,14.480239684984554,dropped_queue_full,,,
3476,0,1,14.483333333333333,14.483413152978756,completed,14.519139363983413,35.8060306500807,31.057920455932617
3477,1,1,14.487499999999999,14.488049590989249,dropped_queue_full,,,
3478,2,1,14.491666666666667,14.491684918000828,dropped_queue_full,,,
3479,3,1,14.495833333333334,14.495894464984303,completed,14.523959251004271,28.12591767093764,20.623680114746094
3480,0,0,14.5,14.500476528977742,completed,14.52852187800454,28.521878004539758,10.831904411315918
3481,1,0,14.504166666666666,14.505085524986498,completed,14.533135943987872,28.96927732120602,25.90608024597168
3482,2,0,14.508333333333333,14.50993873499101,completed,14.537758194986964,29.424861653630785,26.150911331176758
3483,3,0,14.5125,14.51453753199894,completed,14.54693074998795,34.43074998795126,20.97635269165039
3484,0,1,14.516666666666666,14.51913419397897,completed,14.551507123978809,34.8404573121428,20.622943878173828
3485,1,1,14.520833333333334,14.52395129497745,completed,14.551516501989681,30.68316865634735,16.035903930664062
3486,2,1,14.525,14.528516607999336,completed,14.560690860991599,35.69086099159868,18.93075180053711
3487,3,1,14.529166666666667,14.533129430987174,completed,14.56530185099109,36.135184324423975,20.567615509033203
3488,0,0,14.533333333333333,14.537751161988126,dropped_dispatch_late,,,
3489,1,0,14.5375,14.537766359979287,completed,14.569896178989438,32.396178989438695,20.431232452392578
3490,2,0,14.541666666666666,14.54236241200124,completed,14.574482572003035,32.8159053363688,15.680671691894531
3491,3,0,14.545833333333333,14.546922935987823,completed,14.583751289988868,37.917956655535434,15.74512004852295
3492,0,1,14.549999999999999,14.551501783978892,completed,14.584562109987019,34.562109987019696,32.842559814453125
3493,1,1,14.554166666666667,14.556122893001884,completed,14.590049354999792,35.88268833312469,20.525983810424805
3494,2,1,14.558333333333334,14.560683907999191,completed,14.594947529985802,36.61419665246868,20.51932716369629
3495,3,1,14.5625,14.565294236002956,completed,14.600511790980818,38.01179098081775,20.499967575073242
3496,0,0,14.566666666666666,14.56988982699113,completed,14.60968963598134,43.02296931467353,20.54035186767578
3497,1,0,14.570833333333333,14.574475678993622,completed,14.61429820099147,43.46486765813751,20.518815994262695
3498,2,0,14.575,14.579093020001892,completed,14.618886707990896,43.88670799089667,20.554527282714844
3499,3,0,14.579166666666666,14.583743484981824,dropped_dispatch_late,,,
3500,0,1,14.583333333333334,14.583759014989482,dropped_queue_full,,,
3501,1,1,14.5875,14.587516742991284,dropped_queue_full,,,
3502,2,1,14.591666666666667,14.59178345897817,dropped_queue_full,,,
3503,3,1,14.595833333333333,14.595895962003851,completed,14.623478241002886,27.64490766955241,20.611040115356445
3504,0,0,14.6,14.60050405599759,completed,14.628285172977485,28.285172977485118,20.467391967773438
3505,1,0,14.604166666666666,14.605105486989487,completed,14.632871104986407,28.704438319740788,20.486143112182617
3506,2,0,14.608333333333333,14.609684395982185,completed,14.637428051995812,29.09471866247948,20.45043182373047
3507,3,0,14.612499999999999,14.614291888981825,completed,14.642040184000507,29.540184000508063,20.437440872192383
3508,0,1,14.616666666666667,14.618879263987765,completed,14.646671100985259,30.004434318591677,20.57276725769043
3509,1,1,14.620833333333334,14.623470696998993,completed,14.655856711993692,35.02337866035887,20.484512329101562
3510,2,1,14.625,14.628279912983999,completed,14.655866129993228,30.866129993228242,15.848544120788574
3511,3,1,14.629166666666666,14.632864491984947,completed,14.665061609004624,35.89494233795776,20.384288787841797
3512,0,0,14.633333333333333,14.637421218998497,completed,14.66964274199563,36.309408662297926,20.50444793701172
3513,1,0,14.6375,14.642032620002283,dropped_dispatch_late,,,
3514,2,0,14.641666666666666,14.642047968984116,completed,14.674278338003205,32.611671336539416,20.465791702270508
3515,3,0,14.645833333333334,14.646665780979674,completed,14.67888907698216,33.05574364882524,15.672351837158203
3516,0,1,14.65,14.651248466980178,completed,14.683463266992476,33.46326699247548,15.733823776245117
3517,1,1,14.654166666666667,14.655850188981276,completed,14.688354027981404,34.18736131473743,32.15436935424805
3518,2,1,14.658333333333333,14.660442903987132,completed,14.693474004976451,35.14067164311818,20.529375076293945
3519,3,1,14.6625,14.665053913980955,completed,14.700582930003293,38.082930003293214,20.789663314819336
3520,0,0,14.666666666666666,14.669637410988798,completed,14.703893879981479,37.2272133148126,20.789791107177734
3521,1,0,14.670833333333333,14.674271414987743,completed,14.71353333198931,42.69999865597818,20.643007278442383
3522,2,0,14.674999999999999,14.678881432977505,completed,14.718158949981444,43.15894998144465,20.604223251342773
3523,3,0,14.679166666666667,14.683457866980461,dropped_dispatch_late,,,
3524,0,1,14.683333333333334,14.683472974982578,completed,14.72278910598834,39.45577265500688,15.672831535339355
3525,1,1,14.6875,14.688179035991197,dropped_queue_full,,,
3526,2,1,14.691666666666666,14.6917287389806,dropped_queue_full,,,
3527,3,1,14.695833333333333,14.695940299978247,completed,14.727443106996361,31.609773663028307,25.833728790283203
3528,0,0,14.7,14.700575395982014,dropped_queue_full,,,
3529,1,0,14.704166666666666,14.70421312598046,completed,14.732271229993785,28.10456332711908,20.70035171508789
3530,2,0,14.708333333333334,14.708895952993771,completed,14.736904691992095,28.571358658760815,20.516319274902344
3531,3,0,14.7125,14.713526999985334,completed,14.741503258002922,29.003258002921584,15.715968132019043
3532,0,1,14.716666666666667,14.718151886976557,completed,14.74614278197987,29.476115313203266,25.619455337524414
3533,1,1,14.720833333333333,14.722775479982374,completed,14.750752057996579,29.9187246632453,20.62895965576172
3534,2,1,14.725,14.727435702981893,completed,14.760001188988099,35.00118898809923,20.802879333496094
3535,3,1,14.729166666666666,14.732264836988179,completed,14.760010526981205,30.843860314538674,15.759584426879883
3536,0,0,14.733333333333333,14.736897658993257,completed,14.769220282993047,35.88694965971406,20.464576721191406
3537,1,0,14.737499999999999,14.741495773982024,completed,14.773839167988626,36.33916798862735,20.528703689575195
3538,2,0,14.741666666666667,14.746137481997721,dropped_dispatch_late,,,
3539,3,0,14.745833333333334,14.7461526109837,completed,14.778437954984838,32.60462165150457,20.407136917114258
3540,0,1,14.75,14.750745695986552,completed,14.783037151995813,33.037151995813474,15.604512214660645
3541,1,1,14.754166666666666,14.755401841975981,completed,14.787607894977555,33.44122831088825,15.607135772705078
3542,2,1,14.758333333333333,14.75999413599493,completed,14.792430136003532,34.096802670198656,31.931392669677734
3543,3,1,14.7625,14.7645927919948,completed,14.797534382989397,35.03438298939798,20.415327072143555
3544,0,0,14.766666666666666,14.769214842992369,completed,14.804702880996047,38.03621432938087,20.444927215576172
3545,1,0,14.770833333333334,14.773832785984268,completed,14.807684023980983,36.850690647648676,20.516223907470703
3546,2,0,14.775,14.77843010998913,completed,14.817144646978704,42.1446469787039,20.49295997619629
3547,3,0,14.779166666666667,14.783031751983799,completed,14.821730789990397,42.564123323730385,20.447872161865234
3548,0,1,14.783333333333333,14.787601502990583,dropped_dispatch_late,,,
3549,1,1,14.7875,14.787616911984514,completed,14.826348020986188,38.84802098618856,15.71350383758545
3550,2,1,14.791666666666666,14.792422981990967,completed,14.83096057397779,39.2939073111247,15.554944038391113
3551,3,1,14.795833333333333,14.797042026999407,dropped_queue_full,,,
3552,0,0,14.799999999999999,14.80004502198426,completed,14.835785219998797,35.78521999879847,31.080095291137695
3553,1,0,14.804166666666667,14.804697600979125,dropped_queue_full,,,
3554,2,0,14.808333333333334,14.808476570004132,dropped_queue_full,,,
3555,3,0,14.8125,14.812517085985746,completed,14.840389265998965,27.88926599896513,20.608352661132812
3556,0,1,14.816666666666666,14.817137763981009,completed,14.845010574994376,28.3439083277095,10.797951698303223
3557,1,1,14.820833333333333,14.821723345987266,completed,14.854174784995848,33.34145166251545,26.092639923095703
3558,2,1,14.825,14.826341568987118,completed,14.858818106004037,33.81810600403767,26.286848068237305
3559,3,1,14.829166666666666,14.830953489989042,completed,14.86346883099759,34.302164330924256,21.080768585205078
3560,0,0,14.833333333333334,14.835771533980733,completed,14.868072105979081,34.73877264574732,20.510175704956055
3561,1,0,14.8375,14.840381771995453,completed,14.868081613996765,30.58161399676429,15.877280235290527
3562,2,0,14.841666666666667,14.845005174982361,completed,14.877307961985935,35.64129531926774,20.38924789428711
3563,3,0,14.845833333333333,14.849578021996422,completed,14.8819031919993,36.06985866596624,20.433408737182617
3564,0,1,14.85,14.854168592981296,dropped_dispatch_late,,,
3565,1,1,14.854166666666666,14.854183480987558,completed,14.886501657980261,32.334991313595296,20.365951538085938
3566,2,1,14.858333333333333,14.858810982987052,completed,14.891221172991209,32.88783965787623,15.580256462097168
3567,3,1,14.862499999999999,14.863461226981599,completed,14.896398218988907,33.89821898890766,15.637280464172363
3568,0,0,14.866666666666667,14.868066675990121,completed,14.901418325986015,34.75165931934754,33.138240814208984
3569,1,0,14.870833333333334,14.872684228001162,completed,14.9067873149761,35.95398164276631,20.4333438873291
3570,2,0,14.875,14.877300717984326,completed,14.913053228985518,38.05322898551822,20.459871292114258
3571,3,0,14.879166666666666,14.881895626982441,completed,14.91766654298408,38.49987631741314,20.52886390686035
3572,0,1,14.883333333333333,14.88649502498447,completed,14.922263264976209,38.92993164287617,20.378847122192383
3573,1,1,14.8875,14.89121392997913,completed,14.931480074999854,43.98007499985468,20.494495391845703
3574,2,1,14.891666666666666,14.895903137978166,dropped_dispatch_late,,,
3575,3,1,14.895833333333334,14.895911323983455,dropped_queue_full,,,
3576,0,0,14.9,14.900147901993478,dropped_queue_full,,,
3577,1,0,14.904166666666667,14.904255404981086,dropped_queue_full,,,
3578,2,0,14.908333333333333,14.90836729700095,completed,14.936326622002525,27.99328866919204,20.50611114501953
3579,3,0,14.9125,14.913046445988584,completed,14.940935717982939,28.43571798293887,20.498624801635742
3580,0,1,14.916666666666666,14.917658988997573,completed,14.945524825976463,28.85815930979696,20.744831085205078
3581,1,1,14.920833333333333,14.92225796499406,completed,14.950106890988536,29.273557655203675,20.621728897094727
3582,2,1,14.924999999999999,14.92687954500434,completed,14.954676141991513,29.676141991513916,20.553247451782227
3583,3,1,14.929166666666667,14.931473712989828,completed,14.959291520004626,30.124853337959223,20.628320693969727
3584,0,0,14.933333333333334,14.936319798987824,completed,14.95928029800416,25.946964670826134,15.823871612548828
3585,1,0,14.9375,14.940927892981563,completed,14.973231040989049,35.73104098904878,15.774496078491211
3586,2,0,14.941666666666666,14.945519525994314,completed,14.977850797004066,36.18413033739998,20.51807975769043
3587,3,0,14.945833333333333,14.950100438989466,dropped_dispatch_late,,,
3588,0,1,14.95,14.950115947984159,completed,14.982433614000911,32.433614000911604,20.452863693237305
3589,1,1,14.954166666666666,14.954669047991047,completed,14.987012662983034,32.84599631636809,15.701184272766113
3590,2,1,14.958333333333334,14.95927465800196,completed,14.991598634980619,33.26530164728503,15.715359687805176
3591,3,1,14.9625,14.963891769002657,completed,14.996316487988224,33.8164879882239,30.820159912109375
3592,0,0,14.966666666666667,14.968540731002577,completed,15.00100386198028,34.33719531361312,20.62873649597168
3593,1,0,14.970833333333333,14.973224428977119,completed,15.005606926977634,34.773593644301215,20.639392852783203
3594,2,0,14.975,14.97784378399956,completed,15.0148568089935,39.85680899350008,20.58064079284668
3595,3,0,14.979166666666666,14.98242843398475,completed,15.015669653977966,36.50298731129986,20.613855361938477
3596,0,1,14.983333333333333,14.987006219977047,completed,15.020787585992366,37.45425265903357,20.58086395263672
3597,1,1,14.987499999999999,14.991591380996397,completed,15.029719273996307,42.21927399630765,20.635967254638672
3598,2,1,14.991666666666667,14.996308832982322,dropped_dispatch_late,,,
3599,3,1,14.995833333333334,14.996323821978876,completed,15.034364348975942,38.53101564260797,15.778783798217773
3600,0,0,15.0,15.00099851199775,completed,15.039207288995385,39.20728899538517,15.626943588256836
3601,1,0,15.004166666666666,15.005600445001619,completed,15.043804432003526,39.63776533685959,15.649824142456055
3602,2,0,15.008333333333333,15.010184212995227,completed,15.05044656098471,42.11322765137737,36.40070343017578
3603,3,0,15.0125,15.014849525992759,dropped_queue_full,,,
3604,0,1,15.016666666666666,15.016730738978367,dropped_queue_full,,,
3605,1,1,15.020833333333334,15.020948781981133,dropped_queue_full,,,
3606,2,1,15.025,15.025043270987226,completed,15.055048823996913,30.048823996912333,5.949408054351807
3607,3,1,15.029166666666667,15.029712821997236,completed,15.055058561993064,25.891895326397574,21.630815505981445
3608,0,0,15.033333333333333,15.034356613992713,completed,15.059640035993652,26.306702660319203,21.594879150390625
3609,1,0,15.0375,15.039202058978844,completed,15.06885640497785,31.35640497785097,26.01203155517578
3610,2,0,15.041666666666666,15.043797749996884,dropped_queue_full,,,
3611,3,0,15.045833333333333,15.04586990599637,completed,15.078097219986375,32.26388665304292,20.33353614807129
3612,0,1,15.049999999999999,15.0504393769952,completed,15.082705533975968,32.7055339759692,20.294687271118164
3613,1,1,15.054166666666667,15.05504181998549,completed,15.08729721797863,33.130551311963075,15.560992240905762
3614,2,1,15.058333333333334,15.059634725999786,completed,15.091899149992969,33.56581665963532,29.069120407104492
3615,3,1,15.0625,15.06421743199462,completed,15.096468399977311,33.96839997731149,20.31439971923828
3616,0,0,15.066666666666666,15.06884990198887,completed,15.101252959982958,34.58629331629126,20.41753578186035
3617,1,0,15.070833333333333,15.073468816990498,completed,15.105871563981054,35.03823064772149,20.434688568115234
3618,2,0,15.075,15.078089855989674,completed,15.105880771996453,30.880771996454115,15.677663803100586
3619,3,0,15.079166666666666,15.082700243976433,completed,15.115052876004484,35.88620933781783,20.552223205566406
3620,0,1,15.083333333333334,15.087290886003757,completed,15.119954978988972,36.621645655637636,20.484159469604492
3621,1,1,15.0875,15.091892206983175,dropped_dispatch_late,,,
3622,2,1,15.091666666666667,15.091907274996629,completed,15.12556747099734,33.90080433067233,20.3656005859375
3623,3,1,15.095833333333333,15.096461426990572,completed,15.130689871992217,34.85653865888416,15.551712036132812
3624,0,0,15.1,15.101247639977373,completed,15.138103106000926,38.1031060009267,15.547167778015137
3625,1,0,15.104166666666666,15.105865221994463,completed,15.140849262999836,36.68259633317028,34.64009475708008
3626,2,0,15.108333333333333,15.110455182002624,completed,15.14589310498559,37.55977165225666,20.618175506591797
3627,3,0,15.112499999999999,15.115045030979672,completed,15.15510408297996,42.60408297996143,20.50262451171875
3628,0,1,15.116666666666667,15.119640210992657,dropped_queue_full,,,
3629,1,1,15.120833333333334,15.120908229990164,completed,15.159704202000285,38.870868666951,15.813664436340332
3630,2,1,15.125,15.12556041800417,completed,15.164266218984267,39.26621898426674,15.564864158630371
3631,3,1,15.129166666666666,15.130196746002184,dropped_queue_full,,,
3632,0,0,15.133333333333333,15.133360224979697,completed,15.168830960988998,35.49762765566555,31.13279914855957
3633,1,0,15.1375,15.138097664981615,dropped_queue_full,,,
3634,2,0,15.141666666666666,15.141783116996521,dropped_queue_full,,,
3635,3,0,15.145833333333334,15.14588727298542,completed,15.17340204399079,27.56871065745692,20.554079055786133
3636,0,1,15.15,15.150502431002678,completed,15.178056876990013,28.05687699001247,10.809727668762207
3637,1,1,15.154166666666667,15.155096267990302,completed,15.18272536600125,28.558699334583437,25.871456146240234
3638,2,1,15.158333333333333,15.159697900002357,completed,15.191897510987474,33.56417765414044,26.145952224731445
3639,3,1,15.1625,15.164259215001948,completed,15.196487941982923,33.98794198292343,20.971071243286133
3640,0,0,15.166666666666666,15.168825589993503,completed,15.201200914976653,34.53424830998664,20.575199127197266
3641,1,0,15.170833333333333,15.173394340003142,completed,15.205887748976238,35.05441564290557,20.818527221679688
3642,2,0,15.174999999999999,15.178051426977618,completed,15.205897316976916,30.89731697691711,15.999360084533691
3643,3,0,15.179166666666667,15.18271875398932,completed,15.215089479985181,35.9228133185141,20.646976470947266
3644,0,1,15.183333333333334,15.187321397999767,completed,15.219662857998628,36.3295246652946,20.589536666870117
3645,1,1,15.1875,15.191890457994305,dropped_dispatch_late,,,
3646,2,1,15.191666666666666,15.19190608698409,completed,15.228889766993234,37.223100326567504,20.468095779418945
3647,3,1,15.195833333333333,15.196480657992652,completed,15.23355049098609,37.717157652757294,15.620063781738281
3648,0,0,15.2,15.201195554982405,completed,15.235105063999072,35.10506399907243,15.712224006652832
3649,1,0,15.204166666666666,15.205881226982456,completed,15.240052001987351,35.885335320685385,33.86937713623047
3650,2,0,15.208333333333334,15.210469672980253,completed,15.245261338975979,36.92800564264509,20.491680145263672
3651,3,0,15.2125,15.21508198598167,completed,15.250508686993271,38.00868699327076,20.62403106689453
3652,0,1,15.216666666666667,15.219657437992282,completed,15.259659862000262,42.99319533359558,20.556095123291016
3653,1,1,15.220833333333333,15.224255532986717,completed,15.264260272000683,43.42693866735026,20.526079177856445
3654,2,1,15.225,15.228882722993148,completed,15.268865329999244,43.865329999244196,20.571392059326172
3655,3,1,15.229166666666666,15.233543026988627,dropped_dispatch_late,,,
3656,0,0,15.233333333333333,15.233558385982178,dropped_queue_full,,,
3657,1,0,15.237499999999999,15.237632044998463,dropped_queue_full,,,
3658,2,0,15.241666666666667,15.241782519995468,dropped_queue_full,,,
3659,3,0,15.245833333333334,15.24589529298828,completed,15.273447905987268,27.614572653934744,20.62339210510254
3660,0,1,15.25,15.25050119298976,completed,15.278036873991368,28.03687399136834,20.66543960571289
3661,1,1,15.254166666666666,15.255075622990262,completed,15.28264043899253,28.473772325863678,20.720319747924805
3662,2,1,15.258333333333333,15.259654331981437,completed,15.287275093985954,28.94176065262144,20.721920013427734
3663,3,1,15.2625,15.264253859000746,completed,15.291886994993547,29.386994993547688,20.700895309448242
3664,0,0,15.266666666666666,15.268858347000787,completed,15.301043489977019,34.37682331035319,20.687583923339844
3665,1,0,15.270833333333334,15.273440250981366,completed,15.305838289001258,35.004955667924165,20.750431060791016
3666,2,0,15.275,15.278031633992214,completed,15.305847526993603,30.84752699360216,16.009471893310547
3667,3,0,15.279166666666667,15.282633966999128,completed,15.315038095985074,35.87142931840681,20.519968032836914
3668,0,1,15.283333333333333,15.287267679988872,completed,15.319646321004257,36.31298767092339,20.47862434387207
3669,1,1,15.2875,15.291879209980834,dropped_dispatch_late,,,
3670,2,1,15.291666666666666,15.291894889989635,completed,15.324256678984966,32.590012318300055,20.256000518798828
3671,3,1,15.295833333333333,15.296473858994432,completed,15.328871556004742,33.038222671409656,15.53279972076416
3672,0,0,15.299999999999999,15.30103799997596,completed,15.333618784992723,33.61878499272386,15.55401611328125
3673,1,0,15.304166666666667,15.305831766978372,completed,15.338739041995723,34.57237532905566,32.652320861816406
3674,2,0,15.308333333333334,15.310416976979468,completed,15.343946324981516,35.61299164818266,20.491775512695312
3675,3,0,15.3125,15.315030461992137,completed,15.350453095976263,37.953095976263285,20.671775817871094
3676,0,1,15.316666666666666,15.319641130976379,completed,15.355061309994198,38.39464332753195,20.69887924194336
3677,1,1,15.320833333333333,15.324249586003134,completed,15.359653022984276,38.819689650942735,20.500064849853516
3678,2,1,15.325,15.328863891976653,completed,15.36884183998336,43.84183998336155,20.58937644958496
3679,3,1,15.329166666666666,15.333440515998518,dropped_dispatch_late,,,
3680,0,0,15.333333333333334,15.333449072000803,dropped_queue_full,,,
3681,1,0,15.3375,15.33757064200472,dropped_queue_full,,,
3682,2,0,15.341666666666667,15.341728430998046,dropped_queue_full,,,
3683,3,0,15.345833333333333,15.345841164002195,completed,15.373443761985982,27.610428652648622,20.60406494140625
3684,0,1,15.35,15.350445641990518,completed,15.378024734993232,28.02473499323277,20.5666561126709
3685,1,1,15.354166666666666,15.355056019994663,completed,15.382587241998408,28.420575331741915,20.612319946289062
3686,2,1,15.358333333333333,15.359646440978395,completed,15.387158075987827,28.82474265449453,20.63145637512207
3687,3,1,15.362499999999999,15.364238034002483,completed,15.391754196985858,29.254196985858627,20.631872177124023
3688,0,0,15.366666666666667,15.36883473600028,completed,15.396352904004743,29.686237338076182,20.60745620727539
3689,1,0,15.370833333333334,15.373435816989513,completed,15.400990494003054,30.157160669720184,20.731136322021484
3690,2,0,15.375,15.3780196949956,completed,15.405793968995567,30.79396899556741,15.893888473510742
3691,3,0,15.379166666666666,15.3825808900001,completed,15.41498503999901,35.81837333234361,20.608768463134766
3692,0,1,15.383333333333333,15.387150601978647,completed,15.419594997976674,36.26166464334091,20.65331268310547
3693,1,1,15.3875,15.391746923996834,dropped_dispatch_late,,,
3694,2,1,15.391666666666666,15.39176177198533,completed,15.424182401999133,32.51573533246699,20.571552276611328
3695,3,1,15.395833333333334,15.396347422996769,completed,15.428766049997648,32.9327166643143,15.689567565917969
3696,0,0,15.4,15.400984021980548,completed,15.433372200990561,33.37220099056104,15.519583702087402
3697,1,0,15.404166666666667,15.405787275987677,completed,15.437987928977236,33.82126231056937,31.36684799194336
3698,2,0,15.408333333333333,15.410373378981603,completed,15.442580934992293,34.24760165895968,20.376127243041992
3699,3,0,15.4125,15.414977434993489,completed,15.452054091001628,39.55409100162832,20.57529640197754
3700,0,1,15.416666666666666,15.419589656987227,completed,15.453020907996688,36.354241330021964,20.593791961669922
3701,1,1,15.420833333333333,15.42417493800167,completed,15.45820681998157,37.37348664823692,20.59334373474121
3702,2,1,15.424999999999999,15.428758525988087,completed,15.46718104899628,42.181048996281945,20.554431915283203
3703,3,1,15.429166666666667,15.433366659999592,dropped_dispatch_late,,,
3704,0,0,15.433333333333334,15.43338168898481,completed,15.471772661985597,38.43932865226307,15.660191535949707
3705,1,0,15.4375,15.437981326977024,completed,15.476361037988681,38.861037988681346,15.69161605834961
3706,2,0,15.441666666666666,15.442573740991065,completed,15.480962870991789,39.296204325122375,15.748576164245605
3707,3,0,15.445833333333333,15.447404427977744,completed,15.487998876982601,42.1655436492685,36.35385513305664
3708,0,1,15.45,15.452046758000506,dropped_queue_full,,,
3709,1,1,15.454166666666666,15.454256184981205,dropped_queue_full,,,
3710,2,1,15.458333333333334,15.458367004001047,dropped_queue_full,,,
3711,3,1,15.4625,15.46256991897826,completed,15.49260553898057,30.105538980569335,5.979008197784424
3712,0,0,15.466666666666667,15.467174245975912,completed,15.492594106995966,25.9274403292995,21.73401641845703
3713,1,0,15.470833333333333,15.471767421986442,completed,15.497220244986238,26.386911652904743,21.455551147460938
3714,2,0,15.475,15.476354705984704,completed,15.50672074398608,31.720743986079825,26.166624069213867
3715,3,0,15.479166666666666,15.480955997976707,dropped_queue_full,,,
3716,0,1,15.483333333333333,15.483342000981793,completed,15.511326484003803,27.993150670470257,20.41004753112793
3717,1,1,15.487499999999999,15.487991412985139,completed,15.520517634984571,33.01763498457255,20.360063552856445
3718,2,1,15.491666666666667,15.49258876699605,completed,15.525103085994488,33.43641932782049,15.721280097961426
3719,3,1,15.495833333333334,15.497213662980357,completed,15.529710809001699,33.87747566836552,28.951839447021484
3720,0,0,15.5,15.50182666699402,completed,15.53429477798636,34.294777986360714,20.467199325561523
3721,1,0,15.504166666666666,15.506713840994053,completed,15.53889884398086,34.732177314193535,20.680959701538086
3722,2,0,15.508333333333333,15.511321012978442,completed,15.538908171991352,30.574838658019132,15.8754243850708
3723,3,0,15.5125,15.515906635002466,completed,15.548270367988152,35.77036798815314,20.375520706176758
3724,0,1,15.516666666666666,15.52051121200202,completed,15.552927534998162,36.260868331496,20.407840728759766
3725,1,1,15.520833333333334,15.525096051977016,dropped_dispatch_late,,,
3726,2,1,15.525,15.52511131099891,completed,15.557573250989662,32.57325098966213,20.231840133666992
3727,3,1,15.529166666666667,15.52970346499933,completed,15.566815558995586,37.6488923289191,15.526911735534668
3728,0,0,15.533333333333333,15.534289346978767,completed,15.568104637990473,34.77130465713962,15.588064193725586
3729,1,0,15.5375,15.538892401993508,completed,15.572998914984055,35.49891498405522,33.79344177246094
3730,2,0,15.541666666666666,15.54346780400374,completed,15.578207249986008,36.540583319341735,20.39904022216797
3731,3,0,15.545833333333333,15.548262433003401,completed,15.583911656984128,38.078323650795554,20.596576690673828
3732,0,1,15.549999999999999,15.552921833994333,completed,15.593108658998972,43.10865899897287,20.545408248901367
3733,1,1,15.554166666666667,15.557566267001675,completed,15.597697636985686,43.530970319018536,20.830463409423828
3734,2,1,15.558333333333334,15.562212574004661,completed,15.602293346979422,43.960013646088925,20.82307243347168
3735,3,1,15.5625,15.566807693976443,dropped_dispatch_late,,,
3736,0,0,15.566666666666666,15.566823553992435,dropped_queue_full,,,
3737,1,0,15.570833333333333,15.570941646990832,dropped_queue_full,,,
3738,2,0,15.575,15.575042618002044,dropped_queue_full,,,
3739,3,0,15.579166666666666,15.57931406298303,completed,15.60693003598135,27.763369314683928,20.839008331298828
3740,0,1,15.583333333333334,15.583903851977084,completed,15.611757596983807,28.424263650473236,20.617631912231445
3741,1,1,15.5875,15.58851130498806,completed,15.616392822994385,28.89282299438456,20.62940788269043
3742,2,1,15.591666666666667,15.593103227991378,completed,15.621018650999758,29.351984333091607,20.6278076171875
3743,3,1,15.595833333333333,15.597691133996705,completed,15.625675827992382,29.842494659048313,20.61520004272461
3744,0,0,15.6,15.602286213979824,completed,15.63033788499888,30.337884998880682,20.557504653930664
3745,1,0,15.604166666666666,15.606922390987165,completed,15.63493633098551,30.769664318844647,15.94649600982666
3746,2,0,15.608333333333333,15.611752256983891,completed,15.644126439001411,35.793105668078695,18.064800262451172
3747,3,0,15.612499999999999,15.616386420995696,completed,15.648969549976755,36.469549976756,20.527936935424805
3748,0,1,15.616666666666667,15.621011696988717,dropped_dispatch_late,,,
3749,1,1,15.620833333333334,15.621026865992462,completed,15.65357470899471,32.74137566137725,20.450143814086914
3750,2,1,15.625,15.625668473978294,completed,15.658162834995892,33.1628349958919,15.591263771057129
3751,3,1,15.629166666666666,15.630332303990144,completed,15.662800035002874,33.63336833620778,15.682751655578613
3752,0,0,15.633333333333333,15.634931110980688,completed,15.667439587996341,34.10625466300843,31.36672019958496
3753,1,0,15.6375,15.639538052986609,completed,15.672082328004763,34.58232800476324,20.51740837097168
3754,2,0,15.641666666666666,15.6441194859799,completed,15.681263890990522,39.59722432385604,20.581439971923828
3755,3,0,15.645833333333334,15.648962265986484,completed,15.682234905980295,36.401572646960645,20.58608055114746
3756,0,1,15.65,15.653568766982062,completed,15.687205528985942,37.20552898594143,20.560543060302734
3757,1,1,15.654166666666667,15.658155741984956,completed,15.69632715699845,42.16049033178315,20.465856552124023
3758,2,1,15.658333333333333,15.662792389979586,dropped_dispatch_late,,,
3759,3,1,15.6625,15.662808049994055,completed,15.700925181998173,38.42518199817313,15.624799728393555
3760,0,0,15.666666666666666,15.667434328002855,completed,15.705509050982073,38.842384315406875,15.497952461242676
3761,1,0,15.670833333333333,15.672075905982638,completed,15.710099711985094,39.26637865176197,15.63315200805664
3762,2,0,15.674999999999999,15.676666788000148,completed,15.717297565977788,42.297565977788665,36.196319580078125
3763,3,0,15.679166666666667,15.681256287003634,dropped_queue_full,,,
3764,0,1,15.683333333333334,15.6833417879825,dropped_queue_full,,,
3765,1,1,15.6875,15.687524534994736,dropped_queue_full,,,
3766,2,1,15.691666666666666,15.691727428988088,completed,15.721943260985427,30.276594318760175,5.920351982116699
3767,3,1,15.695833333333333,15.696321025985526,completed,15.721952238003723,26.118904670390464,21.549152374267578
3768,0,0,15.7,15.700917457987089,completed,15.726594216976082,26.594216976082663,21.532575607299805
3769,1,0,15.704166666666666,15.705503851000685,completed,15.735828899982153,31.662233315486787,26.097280502319336
3770,2,0,15.708333333333334,15.710093218978727,dropped_queue_full,,,
3771,3,0,15.7125,15.712572930002352,completed,15.740493661985965,27.99366198596509,20.481792449951172
3772,0,1,15.716666666666667,15.7172905819898,completed,15.745098850980867,28.432184314199915,20.491199493408203
3773,1,1,15.720833333333333,15.721936297981301,completed,15.75454847299261,33.71513965927697,15.605119705200195
3774,2,1,15.725,15.726588926976547,completed,15.759213013981935,34.21301398193499,28.62291145324707
3775,3,1,15.729166666666666,15.731230774981668,completed,15.76385351998033,34.686853313663946,20.470975875854492
3776,0,0,15.733333333333333,15.735822417977033,completed,15.768497982993722,35.16464966038946,20.512479782104492
3777,1,0,15.737499999999999,15.740486087976024,completed,15.768507701985072,31.00770198507341,15.883392333984375
3778,2,0,15.741666666666667,15.745093570993049,completed,15.777790586987976,36.123920321308844,20.302560806274414
3779,3,0,15.745833333333334,15.749933215003693,completed,15.78243344699149,36.60011365815663,20.324928283691406
3780,0,1,15.75,15.754541960981442,dropped_dispatch_late,,,
3781,1,1,15.754166666666666,15.75455753999995,completed,15.78705078898929,32.884122322624165,20.3353271484375
3782,2,1,15.758333333333333,15.759205971000483,completed,15.791648352984339,33.31501965100614,15.664799690246582
3783,3,1,15.7625,15.763846185989678,completed,15.797053280984983,34.55328098498356,15.662495613098145
3784,0,0,15.766666666666666,15.768492612987757,completed,15.801948249980342,35.281583313675924,33.21644973754883
3785,1,0,15.770833333333334,15.773163035977632,completed,15.807417830976192,36.58449764285798,20.46031951904297
3786,2,0,15.775,15.777775217982708,completed,15.81304093298968,38.04093298967892,20.523040771484375
3787,3,0,15.779166666666667,15.782425992976641,completed,15.817864065989852,38.69739932318517,20.40243148803711
3788,0,1,15.783333333333333,15.78704412598745,completed,15.8271236269793,43.79029364596754,20.700063705444336
3789,1,1,15.7875,15.791641289979452,completed,15.831744625989813,44.24462598981371,20.714527130126953
3790,2,1,15.791666666666666,15.796240837982623,dropped_dispatch_late,,,
3791,3,1,15.795833333333333,15.796249182982137,dropped_queue_full,,,
3792,0,0,15.799999999999999,15.800042819988448,dropped_queue_full,,,
3793,1,0,15.804166666666667,15.804317250993336,dropped_queue_full,,,
3794,2,0,15.808333333333334,15.808367124001961,completed,15.836372427002061,28.03909366872759,20.840288162231445
3795,3,0,15.8125,15.813033739977982,completed,15.840971113997512,28.471113997511566,20.85785675048828
3796,0,1,15.816666666666666,15.817847434984287,completed,15.845576311985496,28.90964531883,20.793184280395508
3797,1,1,15.820833333333333,15.822469095000997,completed,15.850431034981739,29.597701648405916,20.729248046875
3798,2,1,15.825,15.827118166984292,completed,15.855037445988273,30.03744598827396,20.764127731323242
3799,3,1,15.829166666666666,15.831738152977778,completed,15.859637494984781,30.47082831811565,20.71366310119629
3800,0,0,15.833333333333334,15.836365744995419,completed,15.864215691981371,30.882358648037567,15.944095611572266
3801,1,0,15.8375,15.840963067981647,completed,15.873409708990948,35.90970899094792,20.665119171142578
3802,2,0,15.841666666666667,15.84557097198558,completed,15.878025436977623,36.358770310956245,20.560672760009766
3803,3,0,15.845833333333333,15.850424451986328,dropped_dispatch_late,,,
3804,0,1,15.85,15.850440031994367,completed,15.88265672599664,32.656725996639935,20.47056007385254
3805,1,1,15.854166666666666,15.855030311999144,completed,15.8872813009948,33.11463432813433,15.719039916992188
3806,2,1,15.858333333333333,15.85962956000003,completed,15.891908430989133,33.57509765580069,15.588064193725586
3807,3,1,15.862499999999999,15.864210411993554,completed,15.896505794982659,34.005794982659765,31.4083194732666
3808,0,0,15.866666666666667,15.868812865985092,completed,15.901069985993672,34.40331932700502,20.62950325012207
3809,1,0,15.870833333333334,15.873403396981303,completed,15.910284530982608,39.451197649274405,20.649919509887695
3810,2,0,15.875,15.878018443996552,completed,15.911410850996617,36.41085099661723,20.642175674438477
3811,3,0,15.879166666666666,15.882651455991436,completed,15.916734975995496,37.568309328829486,20.7225284576416
3812,0,1,15.883333333333333,15.88727484899573,completed,15.925533990986878,42.20065765354519,20.48627281188965
3813,1,1,15.8875,15.891901467985008,dropped_dispatch_late,,,
3814,2,1,15.891666666666666,15.891916906984989,completed,15.930192161002196,38.52549433553065,15.696767807006836
3815,3,1,15.895833333333334,15.896497990004718,completed,15.934806596982526,38.973263649191736,15.553888320922852
3816,0,0,15.9,15.901064434990985,completed,15.939453684986802,39.45368498680146,15.590304374694824
3817,1,0,15.904166666666667,15.905687136983033,completed,15.946297886985121,42.13122031845451,35.953311920166016
3818,2,0,15.908333333333333,15.910278088995256,dropped_queue_full,,,
3819,3,0,15.9125,15.912518274999456,dropped_queue_full,,,
3820,0,1,15.916666666666666,15.916729143995326,dropped_queue_full,,,
3821,1,1,15.920833333333333,15.920887624000898,completed,15.951127852982609,30.294519649276097,5.965504169464111
3822,2,1,15.924999999999999,15.925528730993392,completed,15.951137490977999,26.13749097799989,21.54662322998047
3823,3,1,15.929166666666667,15.930185317993164,completed,15.955732981994515,26.566315327848145,21.277759552001953
3824,0,0,15.933333333333334,15.934798651986057,completed,15.96490927398554,31.575940652206924,26.368127822875977
3825,1,0,15.9375,15.939448414981598,dropped_queue_full,,,
3826,2,0,15.941666666666666,15.941677850001724,completed,15.969496398000047,27.82973133338018,20.5100154876709
3827,3,0,15.945833333333333,15.94629149499815,completed,15.978681126987794,32.847793654461555,20.45088005065918
3828,0,1,15.95,15.951121330988826,completed,15.983296484977473,33.296484977473284,15.63212776184082
3829,1,1,15.954166666666666,15.955725787993288,completed,15.987886514980346,33.719848313680245,28.795040130615234
3830,2,1,15.958333333333334,15.960326417989563,completed,15.99250369699439,34.17036366105641,20.485279083251953
3831,3,1,15.9625,15.964904003980337,completed,15.99712388397893,34.623883978929015,20.653888702392578
3832,0,0,15.966666666666667,15.969489215000067,completed,16.001686000003247,35.019333336579805,20.612031936645508
3833,1,0,15.970833333333333,15.974095957004465,completed,16.00169552900479,30.862195671458537,15.858528137207031
3834,2,0,15.975,15.978673292003805,completed,16.01089473499451,35.89473499450868,20.492511749267578
3835,3,0,15.979166666666666,15.983291244978318,completed,16.015947763982695,36.78109731602852,20.539264678955078
3836,0,1,15.983333333333333,15.987879992986564,dropped_dispatch_late,,,
3837,1,1,15.987499999999999,15.987895451980876,completed,16.021455747977598,33.955747977598705,20.482303619384766
3838,2,1,15.991666666666667,15.992496672988636,completed,16.026190532982582,34.523866315915086,15.37168025970459
3839,3,1,15.995833333333334,15.997116379003273,completed,16.033964610978728,38.13127764539459,15.63430404663086
3840,0,0,16.0,16.00168052999652,completed,16.036665712977992,36.66571297799237,34.65977478027344
3841,1,0,16.004166666666666,16.006294064980466,completed,16.04634386897669,42.17720231002531,20.354368209838867
3842,2,0,16.008333333333333,16.010887551005,completed,16.051595765980892,43.262432647559024,20.586719512939453
3843,3,0,16.0125,16.015489743993385,dropped_queue_full,,,
3844,0,1,16.016666666666666,16.016740229999414,completed,16.056192288000602,39.525621333936556,15.614879608154297
3845,1,1,16.020833333333332,16.021449164982187,completed,16.06079884999781,39.96551666447701,15.61961555480957
3846,2,1,16.025,16.02617846999783,dropped_queue_full,,,
3847,3,1,16.029166666666665,16.029305370000657,completed,16.06539347799844,36.22681133177608,30.9138240814209
3848,0,0,16.03333333333333,16.033956946979742,dropped_queue_full,,,
3849,1,0,16.0375,16.037572114990326,dropped_queue_full,,,
3850,2,0,16.041666666666668,16.041673767002067,completed,16.069988877978176,28.322211311508028,20.71334457397461
3851,3,0,16.045833333333334,16.04633749698405,completed,16.07459876599023,28.765432656896905,10.871199607849121
3852,0,1,16.05,16.051588442001957,completed,16.079223260981962,29.223260981961374,26.140575408935547
3853,1,1,16.054166666666667,16.05618711898569,completed,16.08380813099211,29.64146432544368,26.16771125793457
3854,2,1,16.058333333333334,16.060792167001637,completed,16.093049467977835,34.716134644501295,21.049184799194336
3855,3,1,16.0625,16.06538592398283,completed,16.093059035978513,30.55903597851284,15.836288452148438
3856,0,0,16.066666666666666,16.069982004992198,completed,16.102264093002304,35.597426335638005,20.082752227783203
3857,1,0,16.070833333333333,16.07459108097828,completed,16.10687900998164,36.045676648306824,20.57753562927246
3858,2,0,16.075,16.07921779100434,dropped_dispatch_late,,,
3859,3,0,16.079166666666666,16.07923288998427,completed,16.111492794996593,32.32612832992743,20.379648208618164
3860,0,1,16.083333333333332,16.08380197000224,completed,16.116098394995788,32.76506166245596,15.492992401123047
3861,1,1,16.0875,16.088405716000125,completed,16.120681831991533,33.18183199153424,15.586272239685059
3862,2,1,16.091666666666665,16.093042383989086,completed,16.1255808089918,33.91414232513412,31.91846466064453
3863,3,1,16.09583333333333,16.097671928990167,completed,16.130585115985014,34.751782651682106,20.316383361816406
3864,0,0,16.1,16.10225875300239,completed,16.13563083097688,35.6308309768778,20.35491180419922
3865,1,0,16.104166666666668,16.10687274800148,completed,16.142160877003334,37.99421033666661,20.302080154418945
3866,2,0,16.108333333333334,16.111485420988174,completed,16.14589361799881,37.56028466547434,20.502464294433594
3867,3,0,16.1125,16.116093304997776,completed,16.155336295982124,42.83629598212357,20.444095611572266
3868,0,1,16.116666666666667,16.120675008976832,completed,16.159945061983308,43.27839531664068,20.401695251464844
3869,1,1,16.120833333333334,16.12557372500305,dropped_dispatch_late,,,
3870,2,1,16.125,16.125589214992942,completed,16.164560189004987,39.56018900498748,15.60201644897461
3871,3,1,16.129166666666666,16.130250510002952,dropped_queue_full,,,
3872,0,0,16.133333333333333,16.133413889998337,dropped_queue_full,,,
3873,1,0,16.1375,16.13751591197797,completed,16.169153525988804,31.653525988804887,25.714496612548828
3874,2,0,16.141666666666666,16.1421546349884,dropped_queue_full,,,
3875,3,0,16.145833333333332,16.14588686497882,completed,16.17374174197903,27.90840864569688,20.461503982543945
3876,0,1,16.15,16.15052435497637,completed,16.178340457991,28.340457990999823,20.710176467895508
3877,1,1,16.154166666666665,16.155328471999383,completed,16.182926651003072,28.75998433640703,15.851743698120117
3878,2,1,16.15833333333333,16.15993988199625,completed,16.18750822500442,29.17489167109011,25.81452751159668
3879,3,1,16.1625,16.16455301598762,completed,16.19667584099807,34.17584099806703,20.841856002807617
3880,0,0,16.166666666666668,16.169147234002594,completed,16.20126480900217,34.598142335500626,20.91379165649414
3881,1,0,16.170833333333334,16.173734317999333,completed,16.201274406979792,30.44107364645754,15.983327865600586
3882,2,0,16.175,16.17833504799637,completed,16.21045838398277,35.45838398276757,20.736576080322266
3883,3,0,16.179166666666667,16.182920088001993,completed,16.215031972998986,35.86530633231888,20.776063919067383
3884,0,1,16.183333333333334,16.187500850996003,dropped_dispatch_late,,,
3885,1,1,16.1875,16.18751669098856,completed,16.21964767097961,32.147670979611576,20.514144897460938
3886,2,1,16.191666666666666,16.192082965979353,completed,16.224338672996964,32.672006330297876,15.693087577819824
3887,3,1,16.195833333333333,16.196668265998596,completed,16.229506510979263,33.67317764593025,15.708671569824219
3888,0,0,16.2,16.201259317982476,completed,16.234684667986585,34.68466798658554,33.11759948730469
3889,1,0,16.204166666666666,16.205890555982478,completed,16.240050330990925,35.88366432425971,20.520288467407227
3890,2,0,16.208333333333332,16.210451260994887,completed,16.246411014988553,38.07768165522063,20.718080520629883
3891,3,0,16.2125,16.215024297998752,completed,16.251032945001498,38.532945001499286,20.74620819091797
3892,0,1,16.216666666666665,16.2196410689794,completed,16.255895983980736,39.229317314070755,20.806720733642578
3893,1,1,16.22083333333333,16.224331409001024,completed,16.265146997990087,44.313664656755236,20.786495208740234
3894,2,1,16.225,16.229168207995826,dropped_dispatch_late,,,
3895,3,1,16.229166666666668,16.229176433989778,dropped_queue_full,,,
3896,0,0,16.233333333333334,16.233413273002952,dropped_queue_full,,,
3897,1,0,16.2375,16.237517089000903,dropped_queue_full,,,
3898,2,0,16.241666666666667,16.241783032979583,completed,16.269760762981605,28.094096314937644,20.812511444091797
3899,3,0,16.245833333333334,16.246403790981276,completed,16.274359890987398,28.526557654064533,20.848608016967773
3900,0,1,16.25,16.251025059988024,completed,16.278958456998225,28.9584569982253,20.779775619506836
3901,1,1,16.254166666666666,16.255891054985113,completed,16.28353476000484,29.36809333817436,20.76380729675293
3902,2,1,16.258333333333333,16.26053215097636,completed,16.288122976984596,29.78964365126302,20.595327377319336
3903,3,1,16.2625,16.26514063598006,completed,16.29272283500177,30.222835001769255,20.603744506835938
3904,0,0,16.266666666666666,16.269753859989578,completed,16.29271148398402,26.04481731735575,15.809311866760254
3905,1,0,16.270833333333332,16.274352496984648,completed,16.306525847990997,35.69251465766499,20.521728515625
3906,2,0,16.275,16.27895318699302,completed,16.31117000998347,36.170009983472085,20.507648468017578
3907,3,0,16.279166666666665,16.283528328000102,dropped_dispatch_late,,,
3908,0,1,16.28333333333333,16.283543847996043,completed,16.31578968599206,32.45635265872693,20.46259117126465
3909,1,1,16.2875,16.288116084004287,completed,16.32035048099351,32.850480993509734,15.690752029418945
3910,2,1,16.291666666666668,16.292706052976428,completed,16.32500066497596,33.33399830929196,15.691519737243652
3911,3,1,16.295833333333334,16.29730980898603,completed,16.329592467984185,33.75913465085034,31.059167861938477
3912,0,0,16.3,16.301914887997555,completed,16.334312605002197,34.312605002195795,20.496000289916992
3913,1,0,16.304166666666667,16.30651951598702,completed,16.339202404982643,35.03573831597606,20.641408920288086
3914,2,0,16.308333333333334,16.311163146980107,completed,16.346324465004727,37.991131671393674,20.611167907714844
3915,3,0,16.3125,16.315784345992142,completed,16.34931426498224,36.814264982240275,20.546207427978516
3916,0,1,16.316666666666666,16.320344128995202,completed,16.354261422995478,37.594756328811485,20.550527572631836
3917,1,1,16.320833333333333,16.324993490998168,completed,16.36371000300278,42.8766696694467,20.435104370117188
3918,2,1,16.325,16.329584973980673,dropped_dispatch_late,,,
3919,3,1,16.329166666666666,16.32960034298594,completed,16.36835634999443,39.18968332776274,15.559967994689941
3920,0,0,16.333333333333332,16.334307224984514,completed,16.372928425000282,39.595091666949855,15.553088188171387
3921,1,0,16.3375,16.339027782989433,dropped_queue_full,,,
3922,2,0,16.341666666666665,16.341728614002932,completed,16.377553651982453,35.88698531578771,30.88150405883789
3923,3,0,16.34583333333333,16.346317460993305,dropped_queue_full,,,
3924,0,1,16.35,16.35009851399809,dropped_queue_full,,,
3925,1,1,16.354166666666668,16.35425574198598,completed,16.382115337997675,27.94867133100709,20.512863159179688
3926,2,1,16.358333333333334,16.358997770992573,completed,16.386741506983526,28.40817365019177,10.814592361450195
3927,3,1,16.3625,16.36370415199781,completed,16.391342677990906,28.84267799090523,26.13248062133789
3928,0,0,16.366666666666667,16.368348864984,completed,16.400515282992274,33.84861632560643,26.399263381958008
3929,1,0,16.370833333333334,16.37292311497731,completed,16.405128727987176,34.29539465384224,21.14473533630371
3930,2,0,16.375,16.377546748990426,completed,16.409705703001237,34.70570300123654,20.593311309814453
3931,3,0,16.379166666666666,16.382109306985512,completed,16.40971450897632,30.547842309655238,15.853343963623047
3932,0,1,16.383333333333333,16.38673438297701,completed,16.418936128000496,35.602794667163096,20.267776489257812
3933,1,1,16.3875,16.39133511300315,completed,16.42356922000181,36.06922000181001,20.378368377685547
3934,2,1,16.391666666666666,16.39594569199835,dropped_dispatch_late,,,
3935,3,1,16.395833333333332,16.39595381799154,completed,16.42819789299392,32.364559660589265,20.368288040161133
3936,0,0,16.4,16.40051004299312,completed,16.43282731799991,32.82731799991012,15.61996841430664
3937,1,0,16.404166666666665,16.40512247598963,completed,16.43790126699605,33.734600329385245,15.639264106750488
3938,2,0,16.40833333333333,16.409698809991824,completed,16.442853524989914,34.52019165658271,32.962337493896484
3939,3,0,16.4125,16.414302585995756,completed,16.44831462998991,35.81462998990759,20.43414306640625
3940,0,1,16.416666666666668,16.41893088800134,completed,16.45464975500363,37.9830883369614,20.409696578979492
3941,1,1,16.420833333333334,16.4235628680035,completed,16.459471173991915,38.63784065858056,20.440160751342773
3942,2,1,16.425,16.42819033897831,completed,16.464091551984893,39.09155198489245,20.421247482299805
3943,3,1,16.429166666666667,16.432821897993563,completed,16.47339576698141,44.229100314744585,20.407424926757812
3944,0,0,16.433333333333334,16.437563274987042,dropped_dispatch_late,,,
3945,1,0,16.4375,16.437571160000516,dropped_queue_full,,,
3946,2,0,16.441666666666666,16.441740801004926,dropped_queue_full,,,
3947,3,0,16.445833333333333,16.445941120997304,dropped_queue_full,,,
3948,0,1,16.45,16.450044575991342,completed,16.47798719999264,27.987199992640655,20.44361686706543
3949,1,1,16.454166666666666,16.4546445949818,completed,16.482593460998032,28.426794331366523,20.530559539794922
3950,2,1,16.458333333333332,16.4594646320038,completed,16.487174212990794,28.84087965746218,20.57823944091797
3951,3,1,16.4625,16.46408419799991,completed,16.49175756998011,29.25756998011053,20.61408042907715
3952,0,0,16.466666666666665,16.468741294986103,completed,16.496356766991084,29.690100324419433,20.658687591552734
3953,1,0,16.47083333333333,16.47338817297714,completed,16.50095923099434,30.125897661008594,20.704992294311523
3954,2,0,16.475,16.47798187000444,completed,16.500968578999164,25.968578999162162,15.933792114257812
3955,3,0,16.479166666666668,16.482586947997333,completed,16.50555702499696,26.390358330292685,15.80016040802002
3956,0,1,16.483333333333334,16.487167129002046,completed,16.519313438999234,35.98010566589949,20.622848510742188
3957,1,1,16.4875,16.49174989599851,dropped_dispatch_late,,,
3958,2,1,16.491666666666667,16.491765574988676,completed,16.523947071982548,32.2804053158805,20.428831100463867
3959,3,1,16.495833333333334,16.496351927984506,completed,16.528560175996972,32.72684266363868,20.468351364135742
3960,0,0,16.5,16.5009528590017,completed,16.53317456197692,33.17456197692081,15.549504280090332
3961,1,0,16.504166666666666,16.505550081987167,completed,16.5377840489964,33.61738232973366,30.43071937561035
3962,2,0,16.508333333333333,16.510142876999453,completed,16.542609605996404,34.27627266307098,20.460128784179688
3963,3,0,16.5125,16.51471833998221,completed,16.54720633800025,34.70633800025169,20.423263549804688
3964,0,1,16.516666666666666,16.519308048998937,completed,16.55178430498927,35.117638322603284,20.429279327392578
3965,1,1,16.520833333333332,16.523940158978803,completed,16.55692081397865,36.08748064531753,18.18182373046875
3966,2,1,16.525,16.528552481002407,completed,16.561767381004756,36.76738100475774,20.306751251220703
3967,3,1,16.529166666666665,16.53316921199439,completed,16.571360244997777,42.193578331112036,20.304672241210938
3968,0,0,16.53333333333333,16.53777019199333,dropped_dispatch_late,,,
3969,1,0,16.5375,16.537793456984218,completed,16.57600935699884,38.50935699883706,15.526687622070312
3970,2,0,16.541666666666668,16.542602431989508,completed,16.580637388979085,38.97072231241694,15.475071907043457
3971,3,0,16.545833333333334,16.54719878398464,completed,16.58524705597665,39.41372264331733,15.587583541870117
3972,0,1,16.55,16.551771119993646,completed,16.59222306899028,42.22306899027828,35.74675369262695
3973,1,1,16.554166666666667,16.55638085800456,dropped_queue_full,,,
3974,2,1,16.558333333333334,16.558346401987365,dropped_queue_full,,,
3975,3,1,16.5625,16.562566257984145,dropped_queue_full,,,
3976,0,0,16.566666666666666,16.56667633599136,completed,16.596826573979342,30.159907312675927,5.9179840087890625
3977,1,0,16.570833333333333,16.571352820988977,completed,16.59683614198002,26.00280864668747,21.459232330322266
3978,2,0,16.575,16.576003224996384,completed,16.60139423198416,26.39423198415969,21.493824005126953
3979,3,0,16.579166666666666,16.580630304990336,completed,16.61059019199456,31.423525327895163,25.84671974182129
3980,0,1,16.583333333333332,16.585239512001863,dropped_queue_full,,,
3981,1,1,16.5875,16.587625624990324,completed,16.61519199400209,27.691994002090325,20.251903533935547
3982,2,1,16.591666666666665,16.592217798985075,completed,16.619760822999524,28.094156332858944,20.258272171020508
3983,3,1,16.59583333333333,16.596821413986618,completed,16.628985107003246,33.151773669914064,15.587776184082031
3984,0,0,16.6,16.60138768897741,completed,16.633577211003285,33.57721100328348,27.98636817932129
3985,1,0,16.604166666666668,16.605985904985573,completed,16.638186847994803,34.02018132813467,20.310047149658203
3986,2,0,16.608333333333334,16.61058253698866,completed,16.642999400995905,34.6660676625703,20.352832794189453
3987,3,0,16.6125,16.615185560978716,completed,16.647619246999966,35.11924699996527,20.384511947631836
3988,0,1,16.616666666666667,16.619753448991105,completed,16.64760820599622,30.94153932955379,15.642623901367188
3989,1,1,16.620833333333334,16.624349260004237,completed,16.656804806989385,35.971473656051245,20.357215881347656
3990,2,1,16.625,16.62897733200225,completed,16.661605126981158,36.60512698115781,20.29136085510254
3991,3,1,16.629166666666666,16.633571800979553,dropped_dispatch_late,,,
3992,0,0,16.633333333333333,16.63358701998368,completed,16.666211117000785,32.877783667451865,20.21504020690918
3993,1,0,16.6375,16.638180515990825,completed,16.675363483984256,37.863483984256874,15.432640075683594
3994,2,0,16.641666666666666,16.642992176988628,completed,16.675862060976215,34.19539430954899,15.469792366027832
3995,3,0,16.645833333333332,16.647602846001973,completed,16.681157521001296,35.32418766796397,33.23023986816406
3996,0,1,16.65,16.65220929699717,completed,16.686047831986798,36.047831986799395,20.1843204498291
3997,1,1,16.654166666666665,16.656798415002413,completed,16.6923454249918,38.17875832513451,20.342304229736328
3998,2,1,16.65833333333333,16.66159803298069,completed,16.696996640996076,38.66330766274473,20.398143768310547
3999,3,1,16.6625,16.666205756977433,completed,16.70156359797693,39.063597976927156,20.371904373168945
4000,0,0,16.666666666666668,16.67078732099617,completed,16.710683732992038,44.01706632537028,20.56342315673828
4001,1,0,16.670833333333334,16.6753571019799,dropped_dispatch_late,,,
4002,2,0,16.675,16.675372500991216,dropped_queue_full,,,
4003,3,0,16.679166666666667,16.679256078990875,dropped_queue_full,,,
4004,0,1,16.683333333333334,16.683358141977806,dropped_queue_full,,,
4005,1,1,16.6875,16.687628043990117,completed,16.71526284198626,27.762841986259446,20.42736053466797
4006,2,1,16.691666666666666,16.692338983004447,completed,16.719825539999874,28.15887333320788,20.41916847229004
4007,3,1,16.695833333333333,16.696989488002146,completed,16.724414868978783,28.58153564545063,20.497407913208008
4008,0,0,16.7,16.701556043000892,completed,16.729018915997585,29.018915997585992,20.47555160522461
4009,1,0,16.704166666666666,16.706128569989232,completed,16.73361060899333,29.44394232666525,20.5295352935791
4010,2,0,16.708333333333332,16.71067845300422,completed,16.73821365297772,29.880319644387754,20.54751968383789
4011,3,0,16.7125,16.715256509982282,completed,16.74769168900093,35.19168900093206,20.692224502563477
4012,0,1,16.716666666666665,16.71981846698327,completed,16.747680126980413,31.013460313747743,15.942655563354492
4013,1,1,16.72083333333333,16.724407064000843,completed,16.756844356976217,36.01102364288522,20.65318489074707
4014,2,1,16.725,16.729013635980664,completed,16.761650105996523,36.65010599652163,20.59347152709961
4015,3,1,16.729166666666668,16.733603956003208,dropped_dispatch_late,,,
4016,0,0,16.733333333333334,16.733619484992232,completed,16.766244714992354,32.91138165901941,20.421279907226562
4017,1,0,16.7375,16.73820657999022,completed,16.770828051987337,33.32805198733624,15.59779167175293
4018,2,0,16.741666666666667,16.74292368098395,completed,16.775396851997357,33.73018533068972,15.594304084777832
4019,3,0,16.745833333333334,16.747674646991072,completed,16.77998012898024,34.146795646908146,31.49523162841797
4020,0,1,16.75,16.752271518984344,completed,16.78454707498895,34.547074988950044,20.544736862182617
4021,1,1,16.754166666666666,16.75683813498472,completed,16.79371321797953,39.54655131286344,20.576160430908203
4022,2,1,16.758333333333333,16.761643203004496,completed,16.79494839400286,36.61506066952569,20.567520141601562
4023,3,1,16.7625,16.766239534976194,completed,16.8001054119959,37.605411995901505,20.60905647277832
4024,0,0,16.766666666666666,16.770821679994697,completed,16.80883748998167,42.17082331500421,20.698591232299805
4025,1,0,16.770833333333332,16.775389777991222,dropped_dispatch_late,,,
4026,2,0,16.775,16.77540517700254,completed,16.813440634985454,38.4406349854558,15.799936294555664
4027,3,0,16.779166666666665,16.779972424003063,completed,16.81801124798949,38.84458132282376,15.7543363571167
4028,0,1,16.78333333333333,16.784541724977316,completed,16.822619191982085,39.28585864875345,15.655488014221191
4029,1,1,16.7875,16.789123508991906,completed,16.82976805299404,42.26805299403935,36.20710372924805
4030,2,1,16.791666666666668,16.79370700599975,dropped_queue_full,,,
4031,3,1,16.795833333333334,16.795898910000687,dropped_queue_full,,,
4032,0,0,16.8,16.800099190004403,dropped_queue_full,,,
4033,1,0,16.804166666666667,16.804201582999667,completed,16.83435017798911,30.183511322441348,5.982687950134277
4034,2,0,16.808333333333334,16.80883215999347,completed,16.834359665983357,26.026332650022965,21.73561668395996
4035,3,0,16.8125,16.813433731993428,completed,16.838965645991266,26.465645991265774,21.48102378845215
4036,0,1,16.816666666666666,16.817996098980075,completed,16.8482053889893,31.538722322633106,26.283008575439453
4037,1,1,16.820833333333333,16.82261401199503,dropped_queue_full,,,
4038,2,1,16.825,16.825155831000302,completed,16.857371081976453,32.37108197645355,20.344863891601562
4039,3,1,16.829166666666666,16.829761670989683,completed,16.862464908976108,33.29824230944212,20.306079864501953
4040,0,0,16.833333333333332,16.8343435349816,completed,16.867136352986563,33.80301965323085,15.676416397094727
4041,1,0,16.8375,16.838958723004907,completed,16.871712245978415,34.21224597841643,29.242143630981445
4042,2,0,16.841666666666665,16.843585633003386,completed,16.876329737977358,34.66307131069257,20.482624053955078
4043,3,0,16.84583333333333,16.848200138978427,completed,16.880939695984125,35.1063626507937,20.777568817138672
4044,0,1,16.85,16.85278774399194,completed,16.880928644997766,30.92864499776482,15.873791694641113
4045,1,1,16.854166666666668,16.857364047988085,completed,16.890110307984287,35.94364131761907,20.5882568359375
4046,2,1,16.858333333333334,16.862457234004978,completed,16.894737868977245,36.40453564391066,20.405088424682617
4047,3,1,16.8625,16.867131062987028,dropped_dispatch_late,,,
4048,0,0,16.866666666666667,16.86714609200135,completed,16.90392778700334,37.26112033667306,20.268831253051758
4049,1,0,16.870833333333334,16.87170604398125,completed,16.908507747983094,37.674414649760735,15.592576026916504
4050,2,0,16.875,16.876322584983427,completed,16.91010701598134,35.10701598133892,15.724767684936523
4051,3,0,16.879166666666666,16.88092335499823,completed,16.915262961003464,36.096294336797285,34.11711883544922
4052,0,1,16.883333333333333,16.885522681986913,completed,16.920575653988635,37.24232065530231,20.623775482177734
4053,1,1,16.8875,16.89010397598031,completed,16.930163457989693,42.6634579896934,20.63033676147461
4054,2,1,16.891666666666666,16.894730554980924,completed,16.934861452988116,43.19478632145035,20.597824096679688
4055,3,1,16.895833333333332,16.899342886987142,completed,16.939515495003434,43.68216167010175,20.598527908325195
4056,0,0,16.9,16.903922276978847,completed,16.944175937998807,44.17593799880848,20.520383834838867
4057,1,0,16.904166666666665,16.908501295984024,dropped_dispatch_late,,,
4058,2,0,16.90833333333333,16.908516714989673,dropped_queue_full,,,
4059,3,0,16.9125,16.91263235398219,dropped_queue_full,,,
4060,0,1,16.916666666666668,16.91668271800154,dropped_queue_full,,,
4061,1,1,16.920833333333334,16.920895071001723,completed,16.948814009985654,27.980676652319403,20.549823760986328
4062,2,1,16.925,16.92552815200179,completed,16.95346025598701,28.460255987010186,20.51103973388672
4063,3,1,16.929166666666667,16.930157005990623,completed,16.95812531898264,28.95865231597128,20.577695846557617
4064,0,0,16.933333333333334,16.934854449995328,completed,16.963121148990467,29.78781565713362,20.528064727783203
4065,1,0,16.9375,16.939507729985053,completed,16.96790539799258,30.40539799258113,20.816959381103516
4066,2,0,16.941666666666666,16.94417064799927,completed,16.972544080985244,30.877414318577934,20.633888244628906
4067,3,0,16.945833333333333,16.948807687993394,completed,16.977170258993283,31.336925659950055,15.961983680725098
4068,0,1,16.95,16.953453683992848,completed,16.986342192976736,36.34219297673624,16.19468879699707
4069,1,1,16.954166666666666,16.958117784000933,completed,16.99094473698642,36.77807031975533,20.485631942749023
4070,2,1,16.958333333333332,16.963116079976317,dropped_dispatch_late,,,
4071,3,1,16.9625,16.96313093797653,completed,16.995528725004988,33.02872500498921,20.47715187072754
4072,0,0,16.966666666666665,16.967898965987843,completed,17.000116240989882,33.44957432321749,15.777088165283203
4073,1,0,16.97083333333333,16.972537077002926,completed,17.00471203099005,33.878697656717804,15.760576248168945
4074,2,0,16.975,16.97716323597706,completed,17.009336185990833,34.336185990831325,31.3951358795166
4075,3,0,16.979166666666668,16.98174449900398,completed,17.018472361989552,39.305695322884304,20.46895980834961
4076,0,1,16.983333333333334,16.986336772999493,completed,17.01895890699234,35.62557365900432,20.51571273803711
4077,1,1,16.9875,16.99093820498092,completed,17.02446995599894,36.96995599893782,20.49590492248535
4078,2,1,16.991666666666667,16.995521220989758,completed,17.0338126749848,42.14600831813442,20.451520919799805
4079,3,1,16.995833333333334,17.000110980996396,dropped_dispatch_late,,,
4080,0,0,17.0,17.000126078986796,completed,17.038411400979385,38.41140097938478,15.544544219970703
4081,1,0,17.004166666666666,17.004705558996648,completed,17.04302220098907,38.85553432240485,15.453760147094727
4082,2,0,17.008333333333333,17.009329202992376,completed,17.047617560980143,39.284227646810166,15.455583572387695
4083,3,0,17.0125,17.013907530985307,completed,17.050161894003395,37.6618940033957,35.96355056762695
4084,0,1,17.016666666666666,17.018464727996616,dropped_queue_full,,,
4085,1,1,17.020833333333332,17.02085627100314,dropped_queue_full,,,
4086,2,1,17.025,17.025098710990278,dropped_queue_full,,,
4087,3,1,17.029166666666665,17.029200163000496,completed,17.059358875994803,30.192209328138375,5.951615810394287
4088,0,0,17.03333333333333,17.03380563200335,completed,17.059347474976676,26.014141643344146,21.691936492919922
4089,1,0,17.0375,17.038406120991567,completed,17.06452436899417,27.02436899416938,21.16534423828125
4090,2,0,17.041666666666668,17.043015788978664,completed,17.07397611500346,32.30944833679317,26.237567901611328
4091,3,0,17.045833333333334,17.047610567999072,dropped_queue_full,,,
4092,0,1,17.05,17.050154711003415,completed,17.078607332980027,28.60733298002671,20.360607147216797
4093,1,1,17.054166666666667,17.054754438984673,completed,17.083254661993124,29.08799532645645,20.32624053955078
4094,2,1,17.058333333333334,17.059342384978663,completed,17.08789923597942,29.565902646087494,15.589216232299805
4095,3,1,17.0625,17.06451778698829,completed,17.092523700994207,30.023700994206592,27.42848014831543
4096,0,0,17.066666666666666,17.069361539004603,completed,17.10174292497686,35.076258310194675,20.494592666625977
4097,1,0,17.070833333333333,17.07396911198157,completed,17.101752463000594,30.919129667260847,15.94262409210205
4098,2,0,17.075,17.07860208398779,completed,17.1109476419806,35.947641980602185,18.11235237121582
4099,3,0,17.079166666666666,17.083248189999722,completed,17.11554302199511,36.376355328442855,20.54694366455078
4100,0,1,17.083333333333332,17.08789206200163,dropped_dispatch_late,,,
4101,1,1,17.0875,17.08790750100161,completed,17.12013495498104,32.63495498104163,20.484895706176758
4102,2,1,17.091666666666665,17.092516176984645,completed,17.124733340984676,33.066674318011025,15.684127807617188
4103,3,1,17.09583333333333,17.097142646001885,completed,17.12938535900321,33.55202566987714,15.735456466674805
4104,0,0,17.1,17.10173752499395,completed,17.13404066200019,34.04066200018718,31.84067153930664
4105,1,0,17.104166666666668,17.10634573898278,completed,17.139267331978772,35.100665312103985,20.611263275146484
4106,2,0,17.108333333333334,17.110940687998664,completed,17.146408497996163,38.07516466282834,20.60972785949707
4107,3,0,17.1125,17.115535557997646,completed,17.14958255799138,37.08255799137916,20.606752395629883
4108,0,1,17.116666666666667,17.120128572976682,completed,17.158908154000528,42.241487333861016,20.43996810913086
4109,1,1,17.120833333333334,17.12472637798055,completed,17.16351924400078,42.68591066744776,20.352832794189453
4110,2,1,17.125,17.12937779398635,dropped_dispatch_late,,,
4111,3,1,17.129166666666666,17.129392962990096,completed,17.16843402100494,39.267354338274885,15.518688201904297
4112,0,0,17.133333333333333,17.134035111987032,completed,17.17339410400018,40.0607706668481,15.51260757446289
4113,1,0,17.1375,17.13863184498041,dropped_queue_full,,,
4114,2,0,17.141666666666666,17.141783130995464,completed,17.178137113980483,36.470447313817544,30.840288162231445
4115,3,0,17.145833333333332,17.146401504985988,dropped_queue_full,,,
4116,0,1,17.15,17.15005872299662,dropped_queue_full,,,
4117,1,1,17.154166666666665,17.154255875997478,completed,17.18275075897691,28.584092310243392,20.427743911743164
4118,2,1,17.15833333333333,17.158903014991665,completed,17.187355967995245,29.02263466191357,10.862624168395996
4119,3,1,17.1625,17.163512570987223,completed,17.19199069298338,29.49069298338003,25.8852481842041
4120,0,0,17.166666666666668,17.168426395975985,completed,17.196621459996095,29.954793329427076,26.220895767211914
4121,1,0,17.170833333333334,17.17338885398931,completed,17.205888475000393,35.055141667058365,21.11734390258789
4122,2,0,17.175,17.178130080981646,completed,17.205898052983684,30.898052983683755,15.838784217834473
4123,3,0,17.179166666666667,17.182744366989937,completed,17.215125271992292,35.958605325625115,20.530879974365234
4124,0,1,17.183333333333334,17.187349015002837,completed,17.21974076097831,36.40742764497773,20.62076759338379
4125,1,1,17.1875,17.191983158001676,dropped_dispatch_late,,,
4126,2,1,17.191666666666666,17.191998497000895,completed,17.22437908197753,32.712415310864884,20.550016403198242
4127,3,1,17.195833333333333,17.19661621999694,completed,17.229011863004416,33.17852967108337,15.749183654785156
4128,0,0,17.2,17.201260792993708,completed,17.233621780993417,33.621780993417616,15.822112083435059
4129,1,0,17.204166666666666,17.20588181199855,completed,17.23823007597821,34.063409311542614,32.13532638549805
4130,2,0,17.208333333333332,17.210500246001175,completed,17.243788805993972,35.4554726606402,20.789024353027344
4131,3,0,17.2125,17.215117427986115,completed,17.250472443003673,37.97244300367453,21.025184631347656
4132,0,1,17.216666666666665,17.219735480990494,completed,17.254261881986167,37.59521531950227,20.968063354492188
4133,1,1,17.22083333333333,17.22437213899684,completed,17.2629741729761,42.14083964276938,20.945632934570312
4134,2,1,17.225,17.22900434897747,completed,17.267563831992447,42.563831992445955,20.821823120117188
4135,3,1,17.229166666666668,17.23361636098707,dropped_dispatch_late,,,
4136,0,0,17.233333333333334,17.23363169998629,completed,17.27252583898371,39.192505650376575,15.697919845581055
4137,1,0,17.2375,17.238223392982036,completed,17.277292223996483,39.79222399648208,15.769248008728027
4138,2,0,17.241666666666667,17.242865010979585,dropped_queue_full,,,
4139,3,0,17.245833333333334,17.245843388984213,completed,17.281888234982034,36.05490164870062,31.119935989379883
4140,0,1,17.25,17.25046478799777,dropped_queue_full,,,
4141,1,1,17.254166666666666,17.254256020998582,dropped_queue_full,,,
4142,2,1,17.258333333333333,17.25835872499738,completed,17.286454438988585,28.121105655252165,20.68707275390625
4143,3,1,17.2625,17.26296785098384,completed,17.295737034000922,33.237034000922705,10.978495597839355
4144,0,0,17.266666666666666,17.26755687900004,completed,17.300329347985098,33.66268131843242,26.100799560546875
4145,1,0,17.270833333333332,17.272520558995893,completed,17.304949654993834,34.116321660501825,26.15532875061035
4146,2,0,17.275,17.277285941992886,completed,17.30959927799995,34.599277999951994,21.13007926940918
4147,3,0,17.279166666666665,17.28188056999352,completed,17.314252608979587,35.0859423129215,20.564224243164062
4148,0,1,17.28333333333333,17.286447335995035,completed,17.31424100699951,30.90767366617797,15.99283218383789
4149,1,1,17.2875,17.291064416989684,completed,17.323435333993984,35.935333993982965,20.64316749572754
4150,2,1,17.291666666666668,17.295729679986835,completed,17.32812023398583,36.453567319160385,20.58905601501465
4151,3,1,17.295833333333334,17.300324107985944,dropped_dispatch_late,,,
4152,0,0,17.3,17.300339206994977,completed,17.33741756598465,37.417565984650736,20.536767959594727
4153,1,0,17.304166666666667,17.304943242983427,completed,17.34209882898722,37.9321623205513,15.604000091552734
4154,2,0,17.308333333333334,17.309592074976536,completed,17.34322798397625,34.89465064291508,15.691360473632812
4155,3,0,17.3125,17.31423574697692,completed,17.348419807996834,35.9198079968337,33.94163131713867
4156,0,1,17.316666666666666,17.31882643798599,completed,17.353732289979234,37.06562331256791,20.509151458740234
4157,1,1,17.320833333333333,17.323429012001725,completed,17.363427798991324,42.59446565799152,20.681983947753906
4158,2,1,17.325,17.32811306999065,completed,17.368034369981615,43.03436998161558,20.69584083557129
4159,3,1,17.329166666666666,17.332822878001025,completed,17.37285352498293,43.68685831626351,20.66339111328125
4160,0,0,17.333333333333332,17.337412295979448,completed,17.377585465001175,44.25213166784303,20.558368682861328
4161,1,0,17.3375,17.34209252698929,dropped_dispatch_late,,,
4162,2,0,17.341666666666665,17.342107715987368,dropped_queue_full,,,
4163,3,0,17.34583333333333,17.345886183989933,dropped_queue_full,,,
4164,0,1,17.35,17.350154793995898,dropped_queue_full,,,
4165,1,1,17.354166666666668,17.354208894976182,completed,17.382244034990435,28.077368323767615,20.624736785888672
4166,2,1,17.358333333333334,17.358825234987307,completed,17.38695803997689,28.624706643554987,20.73753547668457
4167,3,1,17.3625,17.363421296991874,completed,17.391572636988712,29.072636988711764,20.791072845458984
4168,0,0,17.366666666666667,17.368027416989207,completed,17.39616059299442,29.493926327752717,20.71552085876465
4169,1,0,17.370833333333334,17.372845910984324,completed,17.400769928994123,29.936595660789322,20.929855346679688
4170,2,0,17.375,17.37757972397958,completed,17.40996284398716,34.96284398715943,20.787744522094727
4171,3,0,17.379166666666666,17.382237501995405,completed,17.40997168998001,30.805023313345004,15.99824047088623
4172,0,1,17.383333333333333,17.38695095697767,completed,17.41915217100177,35.81883766843674,18.9847354888916
4173,1,1,17.3875,17.391564681980526,completed,17.423754324001493,36.25432400149364,20.62646484375
4174,2,1,17.391666666666666,17.39615557299112,dropped_dispatch_late,,,
4175,3,1,17.395833333333332,17.39617044100305,completed,17.4284413580026,32.60802466926904,20.444927215576172
4176,0,0,17.4,17.40076329698786,completed,17.433138580992818,33.1385809928193,15.704352378845215
4177,1,0,17.404166666666665,17.405350171000464,completed,17.437806970003294,33.64030333662882,15.738143920898438
4178,2,0,17.40833333333333,17.40995567999198,completed,17.44243082398316,34.09749064982748,32.105438232421875
4179,3,0,17.4125,17.41456461598864,completed,17.447545481001725,35.045481001724,20.543167114257812
4180,0,1,17.416666666666668,17.41914646999794,completed,17.45465651000268,37.98984333601041,20.605119705200195
4181,1,1,17.420833333333334,17.423748041997897,completed,17.458104750985513,37.27141765217823,20.5765438079834
4182,2,1,17.425,17.428433794004377,completed,17.467132981983013,42.13298198301274,20.593664169311523
4183,3,1,17.429166666666667,17.43313322099857,completed,17.471741727000335,42.57506033366809,20.542591094970703
4184,0,0,17.433333333333334,17.4378000269935,dropped_dispatch_late,,,
4185,1,0,17.4375,17.43781616797787,completed,17.47657635199721,39.07635199720971,15.713248252868652
4186,2,0,17.441666666666666,17.44242372098961,completed,17.481189334997907,39.52266833124085,15.6659517288208
4187,3,0,17.445833333333333,17.447053385985782,dropped_queue_full,,,
4188,0,1,17.45,17.450045309989946,completed,17.48588654899504,35.88654899504107,31.434879302978516
4189,1,1,17.454166666666666,17.454651209991425,dropped_queue_full,,,
4190,2,1,17.458333333333332,17.458424758980982,dropped_queue_full,,,
4191,3,1,17.4625,17.46251649199985,completed,17.490601345984032,28.1013459840338,20.801631927490234
4192,0,0,17.466666666666665,17.467126128991367,completed,17.49519729698659,28.5306303199242,10.78656005859375
4193,1,0,17.47083333333333,17.471734352991916,completed,17.504425597988302,33.59226465497045,25.895904541015625
4194,2,0,17.475,17.476569830003427,completed,17.509040044998983,34.0400449989815,26.166688919067383
4195,3,0,17.479166666666668,17.48118227199302,completed,17.513654680980835,34.48801431416726,20.991743087768555
4196,0,1,17.483333333333334,17.485881289001554,completed,17.51822116598487,34.88783265153472,20.40496063232422
4197,1,1,17.4875,17.49059393198695,completed,17.518230854999274,30.730854999273305,15.81158447265625
4198,2,1,17.491666666666667,17.495191906986292,completed,17.52743027100223,35.763604335564025,20.177631378173828
4199,3,1,17.495833333333334,17.499810329987668,completed,17.53204562899191,36.212295658575755,20.222335815429688
4200,0,0,17.5,17.50441899598809,dropped_dispatch_late,,,
4201,1,0,17.504166666666666,17.50443475600332,completed,17.536666867992608,32.50020132594145,20.190176010131836
4202,2,0,17.508333333333333,17.509032931004185,completed,17.541285311977845,32.951978644511826,14.916831970214844
4203,3,0,17.5125,17.513646865991177,completed,17.54621919497731,33.71919497731213,15.518367767333984
4204,0,1,17.516666666666666,17.51821578599629,completed,17.55136705498444,34.700388317773445,32.92406463623047
4205,1,1,17.520833333333332,17.522809151996626,completed,17.55673359998036,35.90026664702961,20.379968643188477
4206,2,1,17.525,17.527423377992818,completed,17.56312216699007,38.12216699007109,20.758464813232422
4207,3,1,17.529166666666665,17.53203792500426,completed,17.567713618976995,38.54695231033034,20.775264739990234
4208,0,0,17.53333333333333,17.536660205980297,completed,17.572324227978243,38.99089464491112,20.818239212036133
4209,1,0,17.5375,17.541278228978626,completed,17.58174832200166,44.24832200165696,20.84022331237793
4210,2,0,17.541666666666668,17.54588122299174,dropped_dispatch_late,,,
4211,3,0,17.545833333333334,17.545889539003838,dropped_queue_full,,,
4212,0,1,17.55,17.550097442988772,dropped_queue_full,,,
4213,1,1,17.554166666666667,17.55420124900411,dropped_queue_full,,,
4214,2,1,17.558333333333334,17.55846929800464,completed,17.586456114979228,28.122781645894435,20.58051109313965
4215,3,1,17.5625,17.563115273980657,completed,17.591181361989584,28.68136198958382,20.729312896728516
4216,0,0,17.566666666666666,17.567705884983297,completed,17.595794836001005,29.128169334338594,20.65724754333496
4217,1,0,17.570833333333333,17.572318717982853,completed,17.600391649000812,29.558315667479462,20.628223419189453
4218,2,0,17.575,17.57715090797865,completed,17.605009791994235,30.009791994235258,20.55059242248535
4219,3,0,17.579166666666666,17.581742059992393,completed,17.60962681399542,30.46014732875335,20.478336334228516
4220,0,1,17.583333333333332,17.586448911984917,completed,17.609615611989284,26.282278655951785,15.719584465026855
4221,1,1,17.5875,17.59117397799855,completed,17.614240789000178,26.740789000179177,15.625184059143066
4222,2,1,17.591666666666665,17.595789425977273,completed,17.628013342997292,36.34667633062705,20.352319717407227
4223,3,1,17.59583333333333,17.600385206984356,dropped_dispatch_late,,,
4224,0,0,17.6,17.600400365976384,completed,17.632615124981385,32.6151249813833,20.25071907043457
4225,1,0,17.604166666666668,17.605002498981776,completed,17.637206838990096,33.04017232342815,20.235136032104492
4226,2,0,17.608333333333334,17.609610021987464,completed,17.641802809986984,33.46947665365008,15.45638370513916
4227,3,0,17.6125,17.61423432698939,completed,17.646408098982647,33.90809898264635,30.216032028198242
4228,0,1,17.616666666666667,17.618816801987123,completed,17.650992187001975,34.32552033530811,20.192480087280273
4229,1,1,17.620833333333334,17.623390410997672,completed,17.655590592999943,34.75725966660903,20.345888137817383
4230,2,1,17.625,17.628006390004884,completed,17.65559970997856,30.599709978559986,15.762144088745117
4231,3,1,17.629166666666666,17.632609894993948,completed,17.665202171978308,36.03550531164146,20.345951080322266
4232,0,0,17.633333333333333,17.6372008670005,completed,17.670420946989907,37.08761365657409,20.609024047851562
4233,1,0,17.6375,17.641795615985757,dropped_dispatch_late,,,
4234,2,0,17.641666666666666,17.64181125597679,completed,17.675880107999546,34.213441332880734,20.418304443359375
4235,3,0,17.645833333333332,17.646400673984317,completed,17.683856480987743,38.023147654410394,15.444992065429688
4236,0,1,17.65,17.65098686699639,completed,17.68846055699396,38.46055699396089,15.566431999206543
4237,1,1,17.654166666666665,17.65558446099749,completed,17.691065635997802,36.89896933113701,35.28006362915039
4238,2,1,17.65833333333333,17.660235266987,completed,17.70089715399081,42.563820657477436,20.380128860473633
4239,3,1,17.6625,17.66486787699978,dropped_queue_full,,,
4240,0,0,17.666666666666668,17.666783145978115,dropped_queue_full,,,
4241,1,0,17.670833333333334,17.67089795297943,completed,17.705470240995055,34.636907661720784,10.77455997467041
4242,2,0,17.675,17.67548825297854,dropped_queue_full,,,
4243,3,0,17.679166666666667,17.679254818998743,completed,17.705480760982027,26.314094315360137,21.413183212280273
4244,0,1,17.683333333333334,17.6838489669899,completed,17.71462433200213,31.290998668797698,25.99286460876465
4245,1,1,17.6875,17.688455316994805,dropped_queue_full,,,
4246,2,1,17.691666666666666,17.6916998809902,completed,17.71922878897749,27.562122310822446,20.862592697143555
4247,3,1,17.695833333333333,17.696296102978522,completed,17.723853854986373,28.020521653040475,20.620288848876953
4248,0,0,17.7,17.70088995998958,completed,17.728461969993077,28.46196999307793,15.707839965820312
4249,1,0,17.704166666666666,17.70546389897936,completed,17.737639323982876,33.472657316210075,27.510847091674805
4250,2,0,17.708333333333332,17.71005068300292,completed,17.742228421993786,33.89508866045432,20.84707260131836
4251,3,0,17.7125,17.714618780999444,completed,17.746808142983355,34.30814298335605,20.49660873413086
4252,0,1,17.716666666666665,17.719221695995657,completed,17.751385758980177,34.719092313512334,20.547391891479492
4253,1,1,17.72083333333333,17.723846200999105,completed,17.751394566003,30.561232669668925,15.83574390411377
4254,2,1,17.725,17.728456218988867,completed,17.760543736978434,35.543736978432605,19.80067253112793
4255,3,1,17.729166666666668,17.733073209994473,completed,17.765177689987468,36.01102332079975,20.402015686035156
4256,0,0,17.733333333333334,17.737632771983044,dropped_dispatch_late,,,
4257,1,0,17.7375,17.737648612004705,completed,17.76981909800088,32.31909800087962,20.345312118530273
4258,2,0,17.741666666666667,17.742221588996472,completed,17.77906218697899,37.39552031232307,15.642720222473145
4259,3,0,17.745833333333334,17.746800617984263,completed,17.783894416992553,38.06108365921901,15.641759872436523
4260,0,1,17.75,17.751380539004458,completed,17.78502242997638,35.0224299763795,33.3488655090332
4261,1,1,17.754166666666666,17.755978164001135,completed,17.79032331999042,36.156653323754284,20.511648178100586
4262,2,1,17.758333333333333,17.760536592977587,completed,17.795364917983534,37.031584650200955,20.711040496826172
4263,3,1,17.7625,17.765170165977906,completed,17.805037723999703,42.53772399970401,20.645151138305664
4264,0,0,17.766666666666666,17.7698125349998,completed,17.809654213982867,42.98754731620136,20.63158416748047
4265,1,0,17.770833333333332,17.774440707988106,completed,17.814238111983286,43.40477864995407,20.588703155517578
4266,2,0,17.775,17.779055124003207,completed,17.818842298991513,43.84229899151393,20.678560256958008
4267,3,0,17.779166666666665,17.783886832999997,dropped_dispatch_late,,,
4268,0,1,17.78333333333333,17.783902381983353,dropped_queue_full,,,
4269,1,1,17.7875,17.787516637996305,dropped_queue_full,,,
4270,2,1,17.791666666666668,17.791774807992624,dropped_queue_full,,,
4271,3,1,17.795833333333334,17.795840891980333,completed,17.823451865988318,27.618532654983596,20.59974479675293
4272,0,0,17.8,17.800428547983756,completed,17.828081871994073,28.08187199407186,20.610336303710938
4273,1,0,17.804166666666667,17.805030060000718,completed,17.832730292982887,28.563626316220336,20.59996795654297
4274,2,0,17.808333333333334,17.809648973983712,completed,17.837332615978085,28.999282644750934,20.371135711669922
4275,3,0,17.8125,17.814231769996695,completed,17.846542432002025,34.042432002024725,20.433696746826172
4276,0,1,17.816666666666666,17.818835245998343,completed,17.851137741992716,34.471075326049316,20.421152114868164
4277,1,1,17.820833333333333,17.823443650995614,completed,17.855725056986557,34.89172365322446,20.426912307739258
4278,2,1,17.825,17.828076160978526,completed,17.85573427399504,30.734273995040695,15.869855880737305
4279,3,1,17.829166666666666,17.832723669998813,completed,17.864946524990955,35.77985832428965,20.71062469482422
4280,0,0,17.833333333333332,17.837325622997014,completed,17.869533619988943,36.20028665561037,20.71321678161621
4281,1,0,17.8375,17.841942514001857,dropped_dispatch_late,,,
4282,2,0,17.841666666666665,17.84195067899418,completed,17.874138847982977,32.47218131631158,20.478687286376953
4283,3,0,17.84583333333333,17.846534968004562,completed,17.878785805980442,32.95247264711065,15.59398365020752
4284,0,1,17.85,17.851132381998468,completed,17.88366306197713,33.66306197712987,15.573823928833008
4285,1,1,17.854166666666668,17.85571872498258,completed,17.888949915999547,34.783249332878796,32.899009704589844
4286,2,1,17.858333333333334,17.86033845099155,completed,17.8941547430004,35.82140966706504,20.694944381713867
4287,3,1,17.8625,17.8649389409984,completed,17.90050083899405,38.000838994047825,20.615327835083008
4288,0,0,17.866666666666667,17.86952842999017,completed,17.9088773529802,42.2106863135312,20.647743225097656
4289,1,0,17.870833333333334,17.8741319149849,completed,17.913486107980134,42.652774646800395,20.65465545654297
4290,2,0,17.875,17.87877042699256,completed,17.91808595598559,43.08595598558895,20.576799392700195
4291,3,0,17.879166666666666,17.88342832599301,dropped_dispatch_late,,,
4292,0,1,17.883333333333333,17.88365901398356,completed,17.92267511499813,39.341781664795406,15.815520286560059
4293,1,1,17.8875,17.888300831982633,dropped_queue_full,,,
4294,2,1,17.891666666666666,17.891667227988364,dropped_queue_full,,,
4295,3,1,17.895833333333332,17.89588505998836,completed,17.927280543983215,31.447210649883317,25.696704864501953
4296,0,0,17.9,17.90049343497958,dropped_queue_full,,,
4297,1,0,17.904166666666665,17.90425486100139,completed,17.93195387200103,27.787205334366405,20.77337646484375
4298,2,0,17.90833333333333,17.908872142987093,completed,17.936545905977255,28.212572643923295,20.823999404907227
4299,3,0,17.9125,17.91347966599278,completed,17.945739941991633,33.23994199163138,15.836288452148438
4300,0,1,17.916666666666668,17.91807848197641,completed,17.950331384985475,33.66471831880702,25.73731231689453
4301,1,1,17.920833333333334,17.922669824998593,completed,17.954910083004506,34.076749671172024,20.775392532348633
4302,2,1,17.925,17.927273099980084,completed,17.9594941510004,34.49415100039843,20.71721649169922
4303,3,1,17.929166666666667,17.931947470002342,completed,17.964084070990793,34.91740432412627,20.519872665405273
4304,0,0,17.933333333333334,17.936538601992652,completed,17.964072618982755,30.739285649421078,15.94927978515625
4305,1,0,17.9375,17.941161713999463,completed,17.97327042298275,35.77042298275046,20.592384338378906
4306,2,0,17.941666666666666,17.945732487976784,completed,17.97792245997698,36.25579331031403,20.67900848388672
4307,3,0,17.945833333333333,17.950325943995267,dropped_dispatch_late,,,
4308,0,1,17.95,17.95034132298315,completed,17.98714452999411,37.14452999411222,20.548927307128906
4309,1,1,17.954166666666666,17.954903439996997,completed,17.99200425198069,37.837585314022704,15.614208221435547
4310,2,1,17.958333333333332,17.95948711800156,completed,17.993264827004168,34.93149367083603,15.700287818908691
4311,3,1,17.9625,17.96406724897679,completed,17.998313988995505,35.81398899550692,34.000640869140625
4312,0,0,17.966666666666665,17.968679510988295,completed,18.003678810986457,37.012144319792384,20.589759826660156
4313,1,0,17.97083333333333,17.97326411100221,completed,18.008944233995862,38.11090066253087,20.76700782775879
4314,2,0,17.975,17.97791314299684,completed,18.018319714989047,43.319714989046076,20.64009666442871
4315,3,0,17.979166666666668,17.982558457995765,completed,18.022944830998313,43.77816433164483,20.706111907958984
4316,0,1,17.983333333333334,17.987139008997474,completed,18.027578413981246,44.24508064791155,20.51251220703125
4317,1,1,17.9875,17.99199787998805,dropped_dispatch_late,,,
4318,2,1,17.991666666666667,17.9920135299908,dropped_queue_full,,,
4319,3,1,17.995833333333334,17.995940669992706,dropped_queue_full,,,
4320,0,0,18.0,18.000043784995796,dropped_queue_full,,,
4321,1,0,18.004166666666666,18.004313335986808,completed,18.032228197000222,28.06153033355585,20.616575241088867
4322,2,0,18.008333333333333,18.008938012004364,completed,18.036882799991872,28.549466658539302,20.733888626098633
4323,3,0,18.0125,18.01374735799618,completed,18.04149313797825,28.99313797825087,20.705055236816406
4324,0,1,18.016666666666666,18.018312200001674,completed,18.04612521798117,29.458551314505144,20.654592514038086
4325,1,1,18.020833333333332,18.02293736700085,completed,18.050756646989612,29.92331365627976,20.821151733398438
4326,2,1,18.025,18.02757320398814,completed,18.059963857987896,34.96385798789703,20.515487670898438
4327,3,1,18.029166666666665,18.032221804984147,completed,18.059973586990964,30.80692032429866,15.859552383422852
4328,0,0,18.03333333333333,18.036875805992167,completed,18.069131944997935,35.798611664603186,18.836639404296875
4329,1,0,18.0375,18.041485603986075,completed,18.073752512980718,36.252512980716745,20.449312210083008
4330,2,0,18.041666666666668,18.046119937993353,dropped_dispatch_late,,,
4331,3,0,18.045833333333334,18.046134745993186,completed,18.078373440977884,32.540107644550176,20.467296600341797
4332,0,1,18.05,18.05074998398777,completed,18.082972759002587,32.972759002586116,15.707296371459961
4333,1,1,18.054166666666667,18.055354330979753,completed,18.08757052398869,33.403857322021224,15.664959907531738
4334,2,1,18.058333333333334,18.059956654004054,completed,18.092768938979134,34.43560564580039,31.616863250732422
4335,3,1,18.0625,18.06453284798772,completed,18.09740632897592,34.9063289759215,20.380544662475586
4336,0,0,18.066666666666666,18.069126714981394,completed,18.102043207996758,35.37654133009127,20.448575973510742
4337,1,0,18.070833333333333,18.073746070993366,completed,18.10765905599692,36.82572266358619,20.552736282348633
4338,2,0,18.075,18.07836593699176,completed,18.112771578977117,37.771578977118025,20.654848098754883
4339,3,0,18.079166666666666,18.082967428985285,completed,18.121415429981425,42.248763314759685,20.610912322998047
4340,0,1,18.083333333333332,18.087563951004995,dropped_dispatch_late,,,
4341,1,1,18.0875,18.0880992479797,completed,18.126086423988454,38.586423988455465,15.796832084655762
4342,2,1,18.091666666666665,18.092761885985965,completed,18.130728892982006,39.062226315341064,15.6211519241333
4343,3,1,18.09583333333333,18.097398433979833,completed,18.135335033992305,39.50170065897396,15.655936241149902
4344,0,0,18.1,18.10203770699445,completed,18.142139590985607,42.139590985605935,36.30214309692383
4345,1,0,18.104166666666668,18.106694493995747,dropped_queue_full,,,
4346,2,0,18.108333333333334,18.108416965988,dropped_queue_full,,,
4347,3,0,18.1125,18.112603288987884,dropped_queue_full,,,
4348,0,1,18.116666666666667,18.116728184977546,completed,18.146771650004666,30.10498333799916,5.965760231018066
4349,1,1,18.120833333333334,18.121407985978294,completed,18.1467902159784,25.95688264506535,21.332767486572266
4350,2,1,18.125,18.126079551002476,completed,18.151420631998917,26.420631998917088,21.267040252685547
4351,3,1,18.129166666666666,18.130721328983782,completed,18.16066201799549,31.495351328825194,26.04195213317871
4352,0,0,18.133333333333333,18.135327348980354,dropped_queue_full,,,
4353,1,0,18.1375,18.137517840979854,completed,18.169852357998025,32.35235799802538,20.425312042236328
4354,2,0,18.141666666666666,18.142134269990493,completed,18.174454280000646,32.78761333397995,20.42188835144043
4355,3,0,18.145833333333332,18.14676626000437,completed,18.179084185976535,33.25085264320293,15.720000267028809
4356,0,1,18.15,18.151414439984364,completed,18.183675477979705,33.67547797970616,29.081247329711914
4357,1,1,18.154166666666665,18.1560663979908,completed,18.18829314998584,34.12648331917367,20.425504684448242
4358,2,1,18.15833333333333,18.160654132982017,completed,18.193110972992145,34.77763965881309,20.599807739257812
4359,3,1,18.1625,18.165271726000356,completed,18.197757791000186,35.25779100018411,20.59734344482422
4360,0,0,18.166666666666668,18.169845794996945,completed,18.1977465399832,31.07987331653206,15.863807678222656
4361,1,0,18.170833333333334,18.17444713698933,completed,18.207005037984345,36.17170465101083,20.785791397094727
4362,2,0,18.175,18.179076771979453,completed,18.21195223700488,36.95223700487915,20.665184020996094
4363,3,0,18.179166666666667,18.183670047990745,dropped_dispatch_late,,,
4364,0,1,18.183333333333334,18.18368510599248,completed,18.21740519598825,34.07186265491546,20.622528076171875
4365,1,1,18.1875,18.188286647986388,completed,18.222786778991576,35.286778991576284,15.71615982055664
4366,2,1,18.191666666666666,18.193103850004263,completed,18.229818256979343,38.15159031267612,15.945183753967285
4367,3,1,18.195833333333333,18.19774100900395,completed,18.23310543198022,37.27209864688774,35.04572677612305
4368,0,0,18.2,18.20235835100175,completed,18.242122853000183,42.12285300018337,20.724384307861328
4369,1,0,18.204166666666666,18.206998405978084,completed,18.24672956499853,42.562898331865995,20.7073917388916
4370,2,0,18.208333333333332,18.211624152987497,dropped_queue_full,,,
4371,3,0,18.2125,18.21258800398209,completed,18.251349611993646,38.84961199364767,15.787232398986816
4372,0,1,18.216666666666665,18.217399714980274,completed,18.255957204994047,39.29053832738205,15.549823760986328
4373,1,1,18.22083333333333,18.22201712700189,dropped_queue_full,,,
4374,2,1,18.225,18.225154797983123,completed,18.260582511982648,35.58251198264628,30.995424270629883
4375,3,1,18.229166666666668,18.229810763004934,dropped_queue_full,,,
4376,0,0,18.233333333333334,18.233423867000965,dropped_queue_full,,,
4377,1,0,18.2375,18.23751889698906,completed,18.265206124982797,27.7061249827959,20.49091148376465
4378,2,0,18.241666666666667,18.242117672984023,completed,18.27441577098216,32.74910431549216,10.876864433288574
4379,3,0,18.245833333333334,18.246723051997833,completed,18.279022181988694,33.188848655360204,25.96156883239746
4380,0,1,18.25,18.25134183699265,completed,18.283617571985815,33.61757198581472,26.24959945678711
4381,1,1,18.254166666666666,18.25595189500018,completed,18.288223212002777,34.05654533611013,21.084896087646484
4382,2,1,18.258333333333333,18.2605753679818,completed,18.292814664979232,34.481331645899616,20.59766387939453
4383,3,1,18.2625,18.265199763001874,completed,18.297624601982534,35.12460198253464,20.598783493041992
4384,0,0,18.266666666666666,18.269803729985142,completed,18.297613270988222,30.946604321556492,15.901408195495605
4385,1,0,18.270833333333332,18.27440874799504,completed,18.30683400700218,36.00067366884829,20.413951873779297
4386,2,0,18.275,18.27901461799047,completed,18.311467900988646,36.46790098864727,20.350624084472656
4387,3,0,18.279166666666665,18.283612061990425,dropped_dispatch_late,,,
4388,0,1,18.28333333333333,18.283627270982834,completed,18.320917702978477,37.58436964514544,20.35215950012207
4389,1,1,18.2875,18.288216789980652,completed,18.321731849981006,34.231849981004814,15.622528076171875
4390,2,1,18.291666666666668,18.292807420977624,completed,18.327104525989853,35.437859323184995,15.636351585388184
4391,3,1,18.295833333333334,18.297607899992727,completed,18.332419132988434,36.585799655100004,34.46940612792969
4392,0,0,18.3,18.30221407097997,completed,18.338007438986097,38.00743898609582,20.622560501098633
4393,1,0,18.304166666666667,18.306827494991012,completed,18.347227915975964,43.06124930929656,20.844064712524414
4394,2,0,18.308333333333334,18.31146070698742,completed,18.351813766988926,43.480433655592066,20.66873550415039
4395,3,0,18.3125,18.31611292497837,completed,18.356404538993957,43.90453899395652,20.721920013427734
4396,0,1,18.316666666666666,18.320912161987508,dropped_dispatch_late,,,
4397,1,1,18.320833333333333,18.3209276519774,dropped_queue_full,,,
4398,2,1,18.325,18.325045704987133,dropped_queue_full,,,
4399,3,1,18.329166666666666,18.329314956004964,dropped_queue_full,,,
4400,0,0,18.333333333333332,18.33336670298013,completed,18.361068719998002,27.735386664669903,20.65670394897461
4401,1,0,18.3375,18.33800225899904,completed,18.36569327500183,28.193275001832774,20.631263732910156
4402,2,0,18.341666666666665,18.34261722699739,completed,18.37031861199648,28.651945329816186,20.656768798828125
4403,3,0,18.34583333333333,18.347221353003988,completed,18.374921656999504,29.088323666172755,20.834848403930664
4404,0,1,18.35,18.35180670398404,completed,18.379527496988885,29.527496988883684,20.613439559936523
4405,1,1,18.354166666666668,18.356396873976337,completed,18.388746921002166,34.580254335498495,20.697568893432617
4406,2,1,18.358333333333334,18.36106343998108,completed,18.393375002982793,35.041669649459095,20.4881591796875
4407,3,1,18.3625,18.365686752978945,completed,18.393384280992905,30.884280992903967,15.812352180480957
4408,0,0,18.366666666666667,18.370311437989585,completed,18.402807221980765,36.14055531409832,17.684864044189453
4409,1,0,18.370833333333334,18.374914182000794,completed,18.407437728979858,36.60439564652407,20.490848541259766
4410,2,0,18.375,18.379522135976003,dropped_dispatch_late,,,
4411,3,0,18.379166666666666,18.379537284985418,completed,18.412068976991577,32.902310324910644,20.476768493652344
4412,0,1,18.383333333333333,18.384144046984147,completed,18.416680907976115,33.34757464278226,15.659775733947754
4413,1,1,18.3875,18.38874039897928,completed,18.421288051002193,33.78805100219395,15.721792221069336
4414,2,1,18.391666666666666,18.393367879994912,completed,18.426061949983705,34.395283317039116,32.16678237915039
4415,3,1,18.395833333333332,18.39819076200365,completed,18.435305549995974,39.47221666264156,20.58028793334961
4416,0,0,18.4,18.40280188198085,completed,18.436425006977515,36.425006977516716,20.558975219726562
4417,1,0,18.404166666666665,18.407431236002594,completed,18.441577244986547,37.41057831988215,20.561887741088867
4418,2,0,18.40833333333333,18.412060570990434,completed,18.450543357990682,42.21002465735069,20.367231369018555
4419,3,0,18.4125,18.416675587999634,dropped_dispatch_late,,,
4420,0,1,18.416666666666668,18.41669077699771,completed,18.45516525898711,38.498592320440395,15.599455833435059
4421,1,1,18.420833333333334,18.42128154798411,completed,18.459796376992017,38.96304365868275,15.557184219360352
4422,2,1,18.425,18.426054876996204,completed,18.464390904991888,39.3909049918868,15.756768226623535
4423,3,1,18.429166666666667,18.43067583499942,completed,18.471337962982943,42.17129631627614,35.942848205566406
4424,0,0,18.433333333333334,18.435298185999272,dropped_queue_full,,,
4425,1,0,18.4375,18.437533332995372,dropped_queue_full,,,
4426,2,0,18.441666666666666,18.441737929999363,dropped_queue_full,,,
4427,3,0,18.445833333333333,18.445941946993116,completed,18.47597890900215,30.14557566881848,5.961728096008301
4428,0,1,18.45,18.450536404998275,completed,18.475967427977594,25.967427977594326,21.60985565185547
4429,1,1,18.454166666666666,18.45516033898457,completed,18.48056688500219,26.400218335524528,21.40787124633789
4430,2,1,18.458333333333332,18.459789743996225,completed,18.489756633003708,31.423299670375826,26.275392532348633
4431,3,1,18.4625,18.46438385199872,dropped_queue_full,,,
4432,0,0,18.466666666666665,18.46672830497846,completed,18.49442978098523,27.76311431856371,20.44585609436035
4433,1,0,18.47083333333333,18.47133044799557,completed,18.499298871000065,28.4655376667331,20.418176651000977
4434,2,0,18.475,18.475962297990918,completed,18.50851373700425,33.51373700424887,15.578144073486328
4435,3,0,18.479166666666668,18.480560512980446,completed,18.51311858498957,33.95191832290223,28.740415573120117
4436,0,1,18.483333333333334,18.485146915976657,completed,18.517693345987936,34.3600126546022,20.334943771362305
4437,1,1,18.4875,18.489749699976528,completed,18.522325745987473,34.825745987472345,20.492895126342773
4438,2,1,18.491666666666667,18.494424381002318,completed,18.522335385001497,30.668718334830203,15.736000061035156
4439,3,1,18.495833333333334,18.499292369000614,completed,18.531872722989647,36.03938965631315,20.54422378540039
4440,0,0,18.5,18.503931291983463,completed,18.536470567982178,36.47056798217818,20.562143325805664
4441,1,0,18.504166666666666,18.508506543003023,dropped_dispatch_late,,,
4442,2,0,18.508333333333333,18.50852209297591,completed,18.541053163993638,32.71983066030515,20.540767669677734
4443,3,0,18.5125,18.513110970990965,completed,18.55033583799377,37.83583799377155,15.520928382873535
4444,0,1,18.516666666666666,18.51768813599483,completed,18.551263931003632,34.597264336966305,15.619071960449219
4445,1,1,18.520833333333332,18.52231927399407,completed,18.556629654980497,35.796321647165286,33.94076919555664
4446,2,1,18.525,18.526957344991388,completed,18.56152186897816,36.521868978162786,20.399328231811523
4447,3,1,18.529166666666665,18.531865067983745,completed,18.567243758996483,38.07709232981793,20.693504333496094
4448,0,0,18.53333333333333,18.536465357989073,completed,18.576491436979268,43.15810364593631,20.580352783203125
4449,1,0,18.5375,18.541045989986742,completed,18.58111318698502,43.613186985020036,20.537151336669922
4450,2,0,18.541666666666668,18.54562590099522,completed,18.58571895697969,44.05229031302227,20.680095672607422
4451,3,0,18.545833333333334,18.550328304001596,dropped_dispatch_late,,,
4452,0,1,18.55,18.550343543000054,dropped_queue_full,,,
4453,1,1,18.554166666666667,18.55425669698161,dropped_queue_full,,,
4454,2,1,18.558333333333334,18.558358779991977,dropped_queue_full,,,
4455,3,1,18.5625,18.56262767998851,completed,18.59031785398838,27.817853988381103,20.647327423095703
4456,0,0,18.566666666666666,18.567235983995488,completed,18.594903074990725,28.236408324058715,20.489696502685547
4457,1,0,18.570833333333333,18.571883462980622,completed,18.59972268997808,28.88935664474701,20.487455368041992
4458,2,0,18.575,18.57648607698502,completed,18.604333359980956,29.33335998095643,20.48543930053711
4459,3,0,18.579166666666666,18.58110681499238,completed,18.608944018982584,29.777352315917938,20.559295654296875
4460,0,1,18.583333333333332,18.58571188399219,completed,18.613552022987278,30.21868965394603,20.53388786315918
4461,1,1,18.5875,18.59031042997958,completed,18.61814783400041,30.647834000411933,15.936927795410156
4462,2,1,18.591666666666665,18.594897693983512,completed,18.627374220988713,35.707554322048196,19.942752838134766
4463,3,1,18.59583333333333,18.599716258002445,completed,18.63223826198373,36.40492865039846,20.569503784179688
4464,0,0,18.6,18.604326105996734,dropped_dispatch_late,,,
4465,1,0,18.604166666666668,18.60434165498009,completed,18.636865071981447,32.69840531477897,20.523263931274414
4466,2,0,18.608333333333334,18.608936514996458,completed,18.64145418998669,33.120856653354735,15.741024017333984
4467,3,0,18.6125,18.61354655199102,completed,18.64607187200454,33.57187200453993,15.682080268859863
4468,0,1,18.616666666666667,18.61814249298186,completed,18.650702288985485,34.03562231881807,31.18828773498535
4469,1,1,18.620833333333334,18.622750647977227,completed,18.655316053977003,34.48272064366975,20.374752044677734
4470,2,1,18.625,18.627367117995163,completed,18.65995857300004,34.958573000039905,20.362112045288086
4471,3,1,18.629166666666666,18.632230847986648,completed,18.665081504994305,35.91483832763842,20.208415985107422
4472,0,0,18.633333333333333,18.636858418991324,completed,18.670104447985068,36.771114651735104,20.46784019470215
4473,1,0,18.6375,18.64144715599832,completed,18.679751514981035,42.251514981035854,20.308128356933594
4474,2,0,18.641666666666666,18.64606420698692,dropped_dispatch_late,,,
4475,3,0,18.645833333333332,18.646079636993818,completed,18.68438297297689,38.549639643559175,15.619872093200684
4476,0,1,18.65,18.650697028992,completed,18.689007788983872,39.00778898387358,15.383008003234863
4477,1,1,18.654166666666665,18.65530951099936,completed,18.69360933097778,39.44266431111387,15.51740837097168
4478,2,1,18.65833333333333,18.659951649984578,completed,18.69591466098791,37.581327654578445,35.786590576171875
4479,3,1,18.6625,18.664589570980752,dropped_queue_full,,,
4480,0,0,18.666666666666668,18.666782957996475,dropped_queue_full,,,
4481,1,0,18.670833333333334,18.67089684298844,dropped_queue_full,,,
4482,2,0,18.675,18.675098514999263,completed,18.705110209994018,30.110209994017367,5.91542387008667
4483,3,0,18.679166666666667,18.679745272995206,completed,18.705119637976168,25.952971309500583,21.399391174316406
4484,0,1,18.683333333333334,18.684375418990385,completed,18.7096936070011,26.360273667766165,21.422399520874023
4485,1,1,18.6875,18.689002468978288,completed,18.718872273981106,31.372273981105536,25.858720779418945
4486,2,1,18.691666666666666,18.69360318899271,dropped_queue_full,,,
4487,3,1,18.695833333333333,18.695907065994106,completed,18.723508912982652,27.675579649319104,20.266271591186523
4488,0,0,18.7,18.700513727992075,completed,18.728159677993972,28.159677993972565,20.2992000579834
4489,1,0,18.704166666666666,18.705103225976927,completed,18.732908037985908,28.74137131924215,15.598048210144043
4490,2,0,18.708333333333332,18.709688196977368,completed,18.737695793999592,29.362460666259693,27.836992263793945
4491,3,0,18.7125,18.71429778399761,completed,18.746932580979774,34.432580979775196,20.394399642944336
4492,0,1,18.716666666666665,18.718866012000944,completed,18.751512271992397,34.845605325731555,20.37433624267578
4493,1,1,18.72083333333333,18.723501478001708,completed,18.751521468977444,30.688135644112435,15.692959785461426
4494,2,1,18.725,18.72815447798348,completed,18.76080798098701,35.8079809870091,20.344736099243164
4495,3,1,18.729166666666668,18.732901435985696,completed,18.765486087999307,36.31942133263877,20.3768310546875
4496,0,0,18.733333333333334,18.737683560990263,dropped_dispatch_late,,,
4497,1,0,18.7375,18.737691655987874,completed,18.77011432099971,32.61432099970918,20.342527389526367
4498,2,0,18.741666666666667,18.742313465976622,completed,18.774765786976786,33.09912031011919,15.616127967834473
4499,3,0,18.745833333333334,18.746925076993648,completed,18.779591514990898,33.75818165756428,15.65078353881836
4500,0,1,18.75,18.751506951986812,completed,18.78447054399294,34.470543992938474,32.68979263305664
4501,1,1,18.754166666666666,18.756174698995892,completed,18.789628381986404,35.46171531973741,20.392032623291016
4502,2,1,18.758333333333333,18.76080087799346,completed,18.796300207002787,37.96687366945406,20.704256057739258
4503,3,1,18.7625,18.76547870397917,completed,18.801120263990015,38.6202639900155,20.594879150390625
4504,0,0,18.766666666666666,18.770107898977585,completed,18.80571930098813,39.05263432146455,20.604703903198242
4505,1,0,18.770833333333332,18.774758743995335,completed,18.814905732986517,44.0723996531851,20.697023391723633
4506,2,0,18.775,18.779412304982543,dropped_dispatch_late,,,
4507,3,0,18.779166666666665,18.779420499980915,dropped_queue_full,,,
4508,0,1,18.78333333333333,18.783358460990712,dropped_queue_full,,,
4509,1,1,18.7875,18.78757072298322,dropped_queue_full,,,
4510,2,1,18.791666666666668,18.791674378997413,completed,18.81950720498571,27.840538319043873,20.69977569580078
4511,3,1,18.795833333333334,18.79629371498595,completed,18.824151526991045,28.31819365771082,20.68409538269043
4512,0,0,18.8,18.801112578978064,completed,18.828788836981403,28.788836981402,20.905120849609375
4513,1,0,18.804166666666667,18.805714060988976,completed,18.83342422300484,29.257556338173174,20.847103118896484
4514,2,0,18.808333333333334,18.810316975985188,completed,18.838290186977247,29.956853643913206,20.61257553100586
4515,3,0,18.8125,18.81489945098292,completed,18.84291847998975,30.418479989748448,20.597759246826172
4516,0,1,18.816666666666666,18.81950036197668,completed,18.842906998004764,26.24033133809789,15.723039627075195
4517,1,1,18.820833333333333,18.824144304002402,completed,18.847522425989155,26.689092655821867,15.722975730895996
4518,2,1,18.825,18.828775711997878,completed,18.86133890398196,36.33890398196016,20.827360153198242
4519,3,1,18.829166666666666,18.833417930989526,dropped_dispatch_late,,,
4520,0,0,18.833333333333332,18.833433119987603,completed,18.865939583978616,32.60625064528355,20.726303100585938
4521,1,0,18.8375,18.838283224002225,completed,18.870557696995093,33.05769699509398,20.519807815551758
4522,2,0,18.841666666666665,18.8429016279988,completed,18.875184957985766,33.51829131910122,15.735679626464844
4523,3,0,18.84583333333333,18.847515963978367,completed,18.879861783003435,34.0284496701031,30.621536254882812
4524,0,1,18.85,18.852142352989176,completed,18.884463344002143,34.46334400214113,20.722623825073242
4525,1,1,18.854166666666668,18.856737902999157,completed,18.889097398001468,34.93073133479996,20.70038414001465
4526,2,1,18.858333333333334,18.861332090978976,completed,18.89371551098884,35.38217765550655,15.976608276367188
4527,3,1,18.8625,18.86593434397946,completed,18.8990541829844,36.55418298439983,20.593568801879883
4528,0,0,18.866666666666667,18.870551304979017,completed,18.908842628996354,42.175962329686456,20.62553596496582
4529,1,0,18.870833333333334,18.87517792498693,dropped_dispatch_late,,,
4530,2,0,18.875,18.875193143991055,completed,18.90994886000408,34.9488600040786,20.12931251525879
4531,3,0,18.879166666666666,18.87985428798129,completed,18.91724383897963,38.07717231296337,15.637568473815918
4532,0,1,18.883333333333333,18.88445809399127,completed,18.921847774996422,38.51444166308937,15.59990406036377
4533,1,1,18.8875,18.88909095598501,completed,18.92978831997607,42.288319976069744,35.896385192871094
4534,2,1,18.891666666666666,18.893708697985858,completed,18.934437241987325,42.77057532065953,20.33260726928711
4535,3,1,18.895833333333332,18.898321561980993,dropped_queue_full,,,
4536,0,0,18.9,18.900006121984916,dropped_queue_full,,,
4537,1,0,18.904166666666665,18.90420209299191,completed,18.939281425002264,35.11475833559885,10.825247764587402
4538,2,0,18.90833333333333,18.90883730899077,dropped_queue_full,,,
4539,3,0,18.9125,18.912632188003045,completed,18.939291374001186,26.79137400118492,21.546911239624023
4540,0,1,18.916666666666668,18.917236234992743,completed,18.948474268981954,31.807602315286232,25.807071685791016
4541,1,1,18.920833333333334,18.92184247498517,dropped_queue_full,,,
4542,2,1,18.925,18.925152112991782,completed,18.95310834198608,28.10834198607992,20.894784927368164
4543,3,1,18.929166666666667,18.929774043004727,completed,18.957757614989532,28.590948322865017,20.44806480407715
4544,0,0,18.933333333333334,18.93443017799291,completed,18.962379624979803,29.04629164646977,15.642175674438477
4545,1,0,18.9375,18.93927526299376,completed,18.971597516996553,34.09751699655317,27.679296493530273
4546,2,0,18.941666666666666,18.94389193400275,completed,18.976253442000598,34.586775333931286,20.682111740112305
4547,3,0,18.945833333333333,18.948468857997796,completed,18.98096978198737,35.1364486540362,20.447999954223633
4548,0,1,18.95,18.95310128899291,completed,18.980958479980472,30.958479980473186,15.879615783691406
4549,1,1,18.954166666666666,18.95775005998439,completed,18.99031187899527,36.14521232860568,20.41584014892578
4550,2,1,18.958333333333332,18.962374224996893,completed,18.994968465995044,36.63513266171137,20.598400115966797
4551,3,1,18.9625,18.967012737004552,dropped_dispatch_late,,,
4552,0,0,18.966666666666665,18.9670207320014,completed,18.99959610699443,32.92944032776646,20.40127944946289
4553,1,0,18.97083333333333,18.971591145003913,completed,19.004819780995604,33.98644766227221,15.55907154083252
4554,2,0,18.975,18.97624642899609,completed,19.009434698004043,34.43469800404131,15.627008438110352
4555,3,0,18.979166666666668,18.980953360995045,completed,19.01403666997794,34.87000331127277,32.603294372558594
4556,0,1,18.983333333333334,18.98569788399618,completed,19.023222260992043,39.88892765870844,20.552671432495117
4557,1,1,18.9875,18.990305466984864,completed,19.02434907099814,36.84907099814083,20.76860809326172
4558,2,1,18.991666666666667,18.99496152199572,completed,19.02952647698112,37.85981031445118,20.704736709594727
4559,3,1,18.995833333333334,18.99959093698999,completed,19.038031764997868,42.1984316645343,20.689823150634766
4560,0,0,19.0,19.004813307983568,dropped_dispatch_late,,,
4561,1,0,19.004166666666666,19.004829017998418,completed,19.04289435298415,38.72768631748258,15.724063873291016
4562,2,0,19.008333333333333,19.00942788500106,completed,19.047508107003523,39.17477367019018,15.518495559692383
4563,3,0,19.0125,19.01402881499962,completed,19.052146168978652,39.646168978652696,15.615743637084961
4564,0,1,19.016666666666666,19.018629484984558,completed,19.058820136997383,42.15347033071737,35.98748779296875
4565,1,1,19.020833333333332,19.023216981004225,dropped_queue_full,,,
4566,2,1,19.025,19.025111499999184,dropped_queue_full,,,
4567,3,1,19.029166666666665,19.029202010977315,dropped_queue_full,,,
4568,0,0,19.03333333333333,19.033413311000913,completed,19.063404196000192,30.070862666860876,5.964640140533447
4569,1,0,19.0375,19.038023849978345,completed,19.063413793977816,25.913793977814237,21.366304397583008
4570,2,0,19.041666666666668,19.04288800098584,completed,19.06803713698173,26.370470315061567,21.31507110595703
4571,3,0,19.045833333333334,19.04750095398049,completed,19.07723226599046,31.39893265712601,26.030271530151367
4572,0,1,19.05,19.052138253988232,dropped_queue_full,,,
4573,1,1,19.054166666666667,19.054202915984206,completed,19.08643671197933,32.27004531266431,20.415136337280273
4574,2,1,19.058333333333334,19.058814596995944,completed,19.091048512986163,32.71517965282911,20.432607650756836
4575,3,1,19.0625,19.06339881598251,completed,19.09567777698976,33.17777698975988,15.697440147399902
4576,0,0,19.066666666666666,19.068030564987566,completed,19.100284398999065,33.61773233239873,29.193920135498047
4577,1,0,19.070833333333333,19.07261622598162,completed,19.10514814898488,34.31481565154826,20.542591094970703
4578,2,0,19.075,19.077224831999047,completed,19.10976051099715,34.76051099714894,20.583232879638672
4579,3,0,19.079166666666666,19.08183015100076,completed,19.11437148100231,35.20481433564271,20.661312103271484
4580,0,1,19.083333333333332,19.08643007898354,completed,19.11436007899465,31.026745661318245,15.895392417907715
4581,1,1,19.0875,19.09104166997713,completed,19.12370345898671,36.20345898671218,20.666303634643555
4582,2,1,19.091666666666665,19.095670342998346,completed,19.128577217983548,36.91055131688259,20.62668800354004
4583,3,1,19.09583333333333,19.100279218982905,dropped_dispatch_late,,,
4584,0,0,19.1,19.100504636997357,completed,19.134011531976284,34.01153197628304,20.45907211303711
4585,1,0,19.104166666666668,19.10514151598909,completed,19.14218054097728,38.01387431061087,15.573599815368652
4586,2,0,19.108333333333334,19.109753577999072,completed,19.1470304139948,38.697080661464156,15.606528282165527
4587,3,0,19.1125,19.114354698976967,completed,19.1495267470018,37.026747001799976,34.97520065307617
4588,0,1,19.116666666666667,19.11896095998236,completed,19.159274995996384,42.60832932971681,20.617311477661133
4589,1,1,19.120833333333334,19.123528497002553,dropped_queue_full,,,
4590,2,1,19.125,19.12509786800365,dropped_queue_full,,,
4591,3,1,19.129166666666666,19.129211552994093,completed,19.163877639977727,34.710973311060656,11.000831604003906
4592,0,0,19.133333333333333,19.13383852300467,dropped_queue_full,,,
4593,1,0,19.1375,19.137571264000144,completed,19.163867080002092,26.367080002092536,21.449472427368164
4594,2,0,19.141666666666666,19.142174388980493,completed,19.173057840002002,31.391173335336475,26.326271057128906
4595,3,0,19.145833333333332,19.147023480996722,dropped_queue_full,,,
4596,0,1,19.15,19.150003652990563,completed,19.177652518003015,27.65251800301627,21.136255264282227
4597,1,1,19.154166666666665,19.154641342989635,completed,19.182291701989016,28.125035322350556,20.563232421875
4598,2,1,19.15833333333333,19.159269765979843,completed,19.18691125800251,28.577924669178856,15.682111740112305
4599,3,1,19.1625,19.163860426982865,completed,19.196091206977144,33.59120697714246,27.767168045043945
4600,0,0,19.166666666666668,19.16844804197899,completed,19.200689191988204,34.022525321535824,20.70854377746582
4601,1,0,19.170833333333334,19.173050505982246,completed,19.205552490981063,34.71915764772859,20.567840576171875
4602,2,0,19.175,19.177647217991762,completed,19.210204609000357,35.20460900035616,20.566783905029297
4603,3,0,19.179166666666667,19.182285188988317,completed,19.210213886981364,31.0472203146972,15.81833553314209
4604,0,1,19.183333333333334,19.186903993977467,completed,19.219443009002134,36.109675668800634,19.996063232421875
4605,1,1,19.1875,19.19149985499098,completed,19.224039911990985,36.539911990985274,20.48361587524414
4606,2,1,19.191666666666666,19.196083271992393,dropped_dispatch_late,,,
4607,3,1,19.195833333333333,19.19609926198609,completed,19.228694714984158,32.861381650825194,20.418367385864258
4608,0,0,19.2,19.200683610979468,completed,19.233289183990564,33.28918399056491,15.702560424804688
4609,1,0,19.204166666666666,19.205546058976324,completed,19.23884873499628,34.682068329615845,15.68336009979248
4610,2,0,19.208333333333332,19.21019741499913,completed,19.24373326500063,35.39993166729616,33.31296157836914
4611,3,0,19.2125,19.2148770649801,completed,19.24894781099283,36.447810992832785,20.440319061279297
4612,0,1,19.216666666666665,19.21943783000461,completed,19.25472329297918,38.05662631251394,20.460800170898438
4613,1,1,19.22083333333333,19.224033701000735,completed,19.259360191994347,38.52685866101524,20.399391174316406
4614,2,1,19.225,19.2286868809897,completed,19.268644869996933,43.644869996931845,20.41548728942871
4615,3,1,19.229166666666668,19.23328380298335,completed,19.273259907989996,44.0932413233277,20.380992889404297
4616,0,0,19.233333333333334,19.237881146982545,dropped_dispatch_late,,,
4617,1,0,19.2375,19.237889071984682,dropped_queue_full,,,
4618,2,0,19.241666666666667,19.241672829986783,dropped_queue_full,,,
4619,3,0,19.245833333333334,19.245940458000405,dropped_queue_full,,,
4620,0,1,19.25,19.25008601299487,completed,19.277862702001585,27.862702001584694,20.64944076538086
4621,1,1,19.254166666666666,19.254718192998553,completed,19.28247137699509,28.304710328423965,20.56812858581543
4622,2,1,19.258333333333333,19.259353839996038,completed,19.287075843982166,28.74251064883282,20.57391929626465
4623,3,1,19.2625,19.26398412598064,completed,19.2916798509832,29.179850983201305,20.607839584350586
4624,0,0,19.266666666666666,19.268637856992427,completed,19.296254330984084,29.587664317418216,20.545759201049805
4625,1,0,19.270833333333332,19.273252432991285,completed,19.300855893001426,30.022559668093862,20.473472595214844
4626,2,0,19.275,19.27785741200205,completed,19.305745842983015,30.745842983016303,15.897024154663086
4627,3,0,19.279166666666665,19.28246505500283,completed,19.31501678499626,35.85011832959495,15.663071632385254
4628,0,1,19.28333333333333,19.287068920995807,completed,19.319585984980222,36.2526516468904,20.38435173034668
4629,1,1,19.2875,19.29167224597768,dropped_dispatch_late,,,
4630,2,1,19.291666666666668,19.291687785997055,completed,19.32421089199488,32.54422532821266,20.34943962097168
4631,3,1,19.295833333333334,19.296249181003077,completed,19.328819646994816,32.98631366148186,15.632991790771484
4632,0,0,19.3,19.300849330989877,completed,19.33340199198574,33.40199198573757,15.76416015625
4633,1,0,19.304166666666667,19.30573920000461,completed,19.338112761004595,33.946094337927946,30.830015182495117
4634,2,0,19.308333333333334,19.3103948450007,completed,19.342724282003473,34.39094867013992,20.52796745300293
4635,3,0,19.3125,19.315009290992748,completed,19.347346663998906,34.84666399890557,20.737855911254883
4636,0,1,19.316666666666666,19.319580835988745,completed,19.352510133001488,35.84346633482127,20.572032928466797
4637,1,1,19.320833333333333,19.324203867989127,completed,19.357694621983683,36.86128865034988,20.66147232055664
4638,2,1,19.325,19.32881229298073,completed,19.367175763996784,42.175763996784355,20.554431915283203
4639,3,1,19.329166666666666,19.33339666199754,dropped_dispatch_late,,,
4640,0,0,19.333333333333332,19.333411781000905,completed,19.371821338980226,38.4880056468937,15.697888374328613
4641,1,0,19.3375,19.33810644899495,completed,19.3764063489798,38.9063489798005,15.63430404663086
4642,2,0,19.341666666666665,19.342717068997445,completed,19.381063185981475,39.39651931480981,15.641152381896973
4643,3,0,19.34583333333333,19.347338587976992,completed,19.388032977003604,42.199643670272735,36.17292785644531
4644,0,1,19.35,19.352178201981587,dropped_queue_full,,,
4645,1,1,19.354166666666668,19.35420393999084,dropped_queue_full,,,
4646,2,1,19.358333333333334,19.358336621982744,dropped_queue_full,,,
4647,3,1,19.3625,19.362517674977425,completed,19.392632283997955,30.13228399795409,5.994431972503662
4648,0,0,19.366666666666667,19.367169010976795,completed,19.392620962986257,25.954296319589787,21.806367874145508
4649,1,0,19.370833333333334,19.37181602898636,completed,19.397325509984512,26.492176651178312,21.566591262817383
4650,2,0,19.375,19.37640023799031,completed,19.40676407099818,31.764070998178795,26.46188735961914
4651,3,0,19.379166666666666,19.381056143000023,dropped_queue_full,,,
4652,0,1,19.383333333333333,19.383414012001595,completed,19.411388185981195,28.05485264786256,20.490304946899414
4653,1,1,19.3875,19.388025052001467,completed,19.4161448419909,28.644841990900005,20.441791534423828
4654,2,1,19.391666666666666,19.392615563003346,completed,19.42540638698847,33.73972032180461,15.620479583740234
4655,3,1,19.395833333333332,19.3973189079843,completed,19.430051069997717,34.217736664384546,28.471071243286133
4656,0,0,19.4,19.40192912600469,completed,19.43468305998249,34.683059982491216,20.472383499145508
4657,1,0,19.404166666666665,19.40675695799291,completed,19.43930524098687,35.13857432020373,20.79840087890625
4658,2,0,19.40833333333333,19.411382785998285,completed,19.439314788993215,30.98145565988375,15.981504440307617
4659,3,0,19.4125,19.41613822997897,completed,19.448532229987904,36.03222998790301,20.48534393310547
4660,0,1,19.416666666666668,19.42076460897806,completed,19.453422710997984,36.75604433131596,20.47305679321289
4661,1,1,19.420833333333334,19.42539912299253,dropped_dispatch_late,,,
4662,2,1,19.425,19.425414762983564,completed,19.458125273988117,33.12527398811582,20.335264205932617
4663,3,1,19.429166666666667,19.43004379697959,completed,19.462790336983744,33.623670317076915,15.614432334899902
4664,0,0,19.433333333333334,19.434677639976144,completed,19.467760258005,34.42692467166708,15.654687881469727
4665,1,0,19.4375,19.43929877897608,completed,19.47294894498191,35.448944981908426,33.27040100097656
4666,2,0,19.441666666666666,19.44391294399975,completed,19.479699149000226,38.03248233355916,20.351808547973633
4667,3,0,19.445833333333333,19.448524514999008,completed,19.483156957983738,37.32362465040495,20.549440383911133
4668,0,1,19.45,19.45341730999644,completed,19.492774828977417,42.77482897741791,20.3701114654541
4669,1,1,19.454166666666666,19.45811832099571,completed,19.497363036003662,43.196369336996554,20.3986873626709
4670,2,1,19.458333333333332,19.4627745669859,dropped_dispatch_late,,,
4671,3,1,19.4625,19.46279824199155,completed,19.501961290981853,39.4612909818548,15.668031692504883
4672,0,0,19.466666666666665,19.467427695984952,dropped_queue_full,,,
4673,1,0,19.47083333333333,19.470886127004633,dropped_queue_full,,,
4674,2,0,19.475,19.475002015999053,completed,19.50674012998934,31.740129989337618,25.764575958251953
4675,3,0,19.479166666666668,19.479692125984002,dropped_queue_full,,,
4676,0,1,19.483333333333334,19.483475443004863,completed,19.51134794400423,28.014610670894058,20.66659164428711
4677,1,1,19.4875,19.488163558999076,completed,19.515962910983944,28.4629109839436,20.623807907104492
4678,2,1,19.491666666666667,19.492769318982027,completed,19.52054163897992,28.874972313253977,15.624544143676758
4679,3,1,19.495833333333334,19.497356613981538,completed,19.525157567986753,29.324234653419268,25.60851287841797
4680,0,0,19.5,19.50195385699044,completed,19.529746425978374,29.746425978373736,20.624671936035156
4681,1,0,19.504166666666666,19.506732905982062,completed,19.538932116003707,34.76544933704062,20.62931251525879
4682,2,0,19.508333333333333,19.511342512996634,completed,19.53894169497653,30.608361643196247,15.729023933410645
4683,3,0,19.5125,19.51595680898754,completed,19.548106985981576,35.606985981576855,20.412256240844727
4684,0,1,19.516666666666666,19.520534635987133,completed,19.55265554698417,35.98888031750391,20.41587257385254
4685,1,1,19.520833333333332,19.525150033994578,dropped_dispatch_late,,,
4686,2,1,19.525,19.525165532977553,completed,19.55747204797808,32.47204797808223,20.342592239379883
4687,3,1,19.529166666666665,19.5297406949976,completed,19.562098686990794,32.932020324128786,15.54911994934082
4688,0,0,19.53333333333333,19.53434360900428,completed,19.566704236000078,33.37090266674636,15.662528038024902
4689,1,0,19.5375,19.53892549398006,completed,19.571353438979713,33.853438979711825,32.07030487060547
4690,2,0,19.541666666666668,19.54352538200328,completed,19.576544159994228,34.87749332755996,20.55523109436035
4691,3,0,19.545833333333334,19.548099391977303,completed,19.58381047399598,37.97714066264746,20.63692855834961
4692,0,1,19.55,19.552650507976068,completed,19.58678861198132,36.78861198131855,20.58585548400879
4693,1,1,19.554166666666667,19.557465163990855,completed,19.596310389984865,42.1437233181976,20.59984016418457
4694,2,1,19.558333333333334,19.562091292988043,completed,19.600910178996855,42.57684566352182,20.391103744506836
4695,3,1,19.5625,19.566698885988444,dropped_dispatch_late,,,
4696,0,0,19.566666666666666,19.56671400499181,completed,19.605493705981644,38.82703931497744,15.623616218566895
4697,1,0,19.570833333333333,19.57134684600169,completed,19.610322469990933,39.489136657600454,15.591360092163086
4698,2,0,19.575,19.57605168398004,dropped_queue_full,,,
4699,3,0,19.579166666666666,19.579203111003153,completed,19.614918740990106,35.7520743234403,31.095775604248047
4700,0,1,19.583333333333332,19.583802748995367,dropped_queue_full,,,
4701,1,1,19.5875,19.58758150797803,dropped_queue_full,,,
4702,2,1,19.591666666666665,19.591673852002714,completed,19.619519911997486,27.853245330820897,20.748319625854492
4703,3,1,19.59583333333333,19.59630384799675,completed,19.62412297699484,28.28964366150899,10.911328315734863
4704,0,0,19.6,19.60090302498429,completed,19.633379601989873,33.37960198987133,26.143007278442383
4705,1,0,19.604166666666668,19.60548846598249,completed,19.637975823978195,33.809157311527116,26.194175720214844
4706,2,0,19.608333333333334,19.610316187987337,completed,19.642565874004504,34.23254067116943,21.035903930664062
4707,3,0,19.6125,19.614911557990126,completed,19.647165923001012,34.66592300101112,20.440288543701172
4708,0,1,19.616666666666667,19.61951257797773,completed,19.647154281003168,30.487614336500712,15.85427188873291
4709,1,1,19.620833333333334,19.624115282000275,completed,19.656309974001488,35.47664066815415,20.663423538208008
4710,2,1,19.625,19.62876843198319,completed,19.660909472004278,35.90947200427763,20.72812843322754
4711,3,1,19.629166666666666,19.633374141994864,dropped_dispatch_late,,,
4712,0,0,19.633333333333333,19.633389570983127,completed,19.670072809996782,36.73947666344901,20.63360023498535
4713,1,0,19.6375,19.637969210976735,completed,19.674677998991683,37.177998991683836,15.497376441955566
4714,2,0,19.641666666666666,19.64255868998589,completed,19.679557358002057,37.89069133539158,15.631232261657715
4715,3,0,19.645833333333332,19.647149080992676,completed,19.680844532995252,35.01119966191979,33.482398986816406
4716,0,1,19.65,19.651725033996627,completed,19.68636423998396,36.364239983960545,20.635007858276367
4717,1,1,19.654166666666665,19.656303472002037,completed,19.69157554997946,37.40888331279635,20.90399932861328
4718,2,1,19.65833333333333,19.660902548988815,completed,19.700943075993564,42.60974266023254,20.820032119750977
4719,3,1,19.6625,19.665501725976355,completed,19.705538825975964,43.038825975962425,20.823360443115234
4720,0,0,19.666666666666668,19.670067489991197,completed,19.710378139978275,43.71147331160685,20.788192749023438
4721,1,0,19.670833333333334,19.674671796994517,completed,19.715039445000002,44.20611166666788,20.792192459106445
4722,2,0,19.675,19.679550434986595,dropped_dispatch_late,,,
4723,3,0,19.679166666666667,19.679565803991864,dropped_queue_full,,,
4724,0,1,19.683333333333334,19.68335795798339,dropped_queue_full,,,
4725,1,1,19.6875,19.687628160987515,dropped_queue_full,,,
4726,2,1,19.691666666666666,19.69173677600338,completed,19.71962896399782,27.962297331153962,20.825599670410156
4727,3,1,19.695833333333333,19.696354999003233,completed,19.724216057977173,28.382724643840618,20.826047897338867
4728,0,0,19.7,19.700935992004815,completed,19.728850081999553,28.850081999554078,20.58790397644043
4729,1,0,19.704166666666666,19.70553131197812,completed,19.733500535978237,29.333869311571448,20.51740837097168
4730,2,0,19.708333333333332,19.71037248900393,completed,19.742696064990014,34.36273165668169,20.589920043945312
4731,3,0,19.7125,19.7150332229794,completed,19.747311062994413,34.8110629944145,20.55516815185547
4732,0,1,19.716666666666665,19.719621930998983,completed,19.747299760987516,30.633094320851484,15.782048225402832
4733,1,1,19.72083333333333,19.724208564002765,completed,19.75647442098125,35.6410876479174,20.84819221496582
4734,2,1,19.725,19.728837056987686,completed,19.761070431995904,36.07043199590265,20.731327056884766
4735,3,1,19.729166666666668,19.733494063984836,dropped_dispatch_late,,,
4736,0,0,19.733333333333334,19.73350931299501,completed,19.765703763987403,32.37043065406908,20.6364803314209
4737,1,0,19.7375,19.73811810798361,completed,19.77031850098865,32.81850098865036,15.707584381103516
4738,2,0,19.741666666666667,19.742688831989653,completed,19.779681477986742,38.01481132007467,15.699359893798828
4739,3,0,19.745833333333334,19.74729440099327,completed,19.780338165990543,34.50483265720905,32.691871643066406
4740,0,1,19.75,19.75189235599828,completed,19.785487237997586,35.48723799758591,20.679168701171875
4741,1,1,19.754166666666666,19.75646811898332,completed,19.79078803799348,36.62137132681309,20.736448287963867
4742,2,1,19.758333333333333,19.76106327798334,completed,19.79636966099497,38.03632766163645,20.594911575317383
4743,3,1,19.7625,19.765698563976912,completed,19.80098470899975,38.484708999749984,20.62246322631836
4744,0,0,19.766666666666666,19.770311959000537,completed,19.81040516498615,43.73849831948462,20.421472549438477
4745,1,0,19.770833333333332,19.774922927987063,completed,19.81499000499025,44.15667165691772,20.48863983154297
4746,2,0,19.775,19.779674464982236,dropped_dispatch_late,,,
4747,3,0,19.779166666666665,19.779689813993173,dropped_queue_full,,,
4748,0,1,19.78333333333333,19.78343070097617,dropped_queue_full,,,
4749,1,1,19.7875,19.78751680298592,dropped_queue_full,,,
4750,2,1,19.791666666666668,19.791737591993297,completed,19.81958680797834,27.920141311671642,20.459104537963867
4751,3,1,19.795833333333334,19.79636252799537,completed,19.824163331999443,28.32999866610919,20.466751098632812
4752,0,0,19.8,19.8009767140029,completed,19.828734124981565,28.73412498156469,20.66067123413086
4753,1,0,19.804166666666667,19.805574939004146,completed,19.833338361990172,29.171695323505276,20.64112091064453
4754,2,0,19.808333333333334,19.81039981500362,completed,19.837966744991718,29.63341165838429,20.631359100341797
4755,3,0,19.8125,19.814984003984137,completed,19.842596900998615,30.09690099861473,20.648256301879883
4756,0,1,19.816666666666666,19.81957973499084,completed,19.851747604989214,35.08093832254744,20.628543853759766
4757,1,1,19.820833333333333,19.824155506998068,completed,19.85175720299594,30.923869662608183,15.852288246154785
4758,2,1,19.825,19.828728744992986,completed,19.860974012990482,35.97401299048286,20.539775848388672
4759,3,1,19.829166666666666,19.833331989997532,completed,19.86556164798094,36.39498131427388,20.593120574951172
4760,0,0,19.833333333333332,19.837959541997407,dropped_dispatch_late,,,
4761,1,0,19.8375,19.837975111004198,completed,19.870136308978545,32.63630897854597,20.4420166015625
4762,2,0,19.841666666666665,19.84258922698791,completed,19.874727271002484,33.06060433581948,15.605664253234863
4763,3,0,19.84583333333333,19.847164028004045,completed,19.879303583991714,33.47025065838238,15.625408172607422
4764,0,1,19.85,19.851742264989298,completed,19.88411976399948,34.11976399947747,31.987232208251953
4765,1,1,19.854166666666668,19.856376338982955,completed,19.88955767499283,35.39100832616171,20.620288848876953
4766,2,1,19.858333333333334,19.860967059998075,completed,19.896370917995228,38.03758466189322,20.600543975830078
4767,3,1,19.8625,19.865554174000863,completed,19.89968439299264,37.184392992639204,20.622655868530273
4768,0,0,19.866666666666667,19.870129986986285,completed,19.908812613983173,42.14594731650578,20.492576599121094
4769,1,0,19.870833333333334,19.87472029699711,completed,19.913634444004856,42.80111067152248,20.414112091064453
4770,2,0,19.875,19.879295999999158,dropped_dispatch_late,,,
4771,3,0,19.879166666666666,19.879311288997997,completed,19.918210428004386,39.043761337719474,15.68502426147461
4772,0,1,19.883333333333333,19.88411430400447,completed,19.922787261981284,39.453928647951386,15.532447814941406
4773,1,1,19.8875,19.888747535995208,dropped_queue_full,,,
4774,2,1,19.891666666666666,19.891729439987103,completed,19.927377543004695,35.71087633802961,30.978975296020508
4775,3,1,19.895833333333332,19.8963640150032,dropped_queue_full,,,
4776,0,0,19.9,19.900008377997437,dropped_queue_full,,,
4777,1,0,19.904166666666665,19.904201373981778,completed,19.932008209987544,27.841543320878515,20.555391311645508
4778,2,0,19.90833333333333,19.908807243977208,completed,19.936605252994923,28.271919661591483,10.863200187683105
4779,3,0,19.9125,19.913628062000498,completed,19.945799288980197,33.29928898019574,25.967327117919922
4780,0,1,19.916666666666668,19.918202722998103,completed,19.950433152000187,33.766485333519114,26.190080642700195
4781,1,1,19.920833333333334,19.922773717000382,completed,19.955044722999446,34.21138966611181,21.010528564453125
4782,2,1,19.925,19.927370689983945,completed,19.959628230979433,34.62823097943257,20.58768081665039
4783,3,1,19.929166666666667,19.932001957989996,completed,19.964254399004858,35.08773233819085,20.625120162963867
4784,0,0,19.933333333333334,19.93659837997984,completed,19.964243187976535,30.90985464320184,15.89948844909668
4785,1,0,19.9375,19.9411946219916,completed,19.97337784100091,35.87784100091085,20.412704467773438
4786,2,0,19.941666666666666,19.945791754988022,completed,19.977976567985024,36.30990131835787,20.36419105529785
4787,3,0,19.945833333333333,19.950428212992847,dropped_dispatch_late,,,
4788,0,1,19.95,19.950442739995196,completed,19.987304829002824,37.30482900282439,20.33148765563965
4789,1,1,19.954166666666666,19.955038510990562,completed,19.99202823199448,37.86156532781604,15.582079887390137
4790,2,1,19.958333333333332,19.959621126996353,completed,19.993630065000616,35.296731667283865,15.680607795715332
4791,3,1,19.9625,19.964237646985566,completed,19.998523250978906,36.02325097890713,34.027713775634766
4792,0,0,19.966666666666665,19.968817296990892,completed,20.003732426994247,37.06576032758235,20.39379119873047
4793,1,0,19.97083333333333,19.973371659987606,completed,20.00889095698949,38.05762365615806,20.58572769165039
4794,2,0,19.975,19.977969453990227,completed,20.009595064999303,34.59506499930143,15.676447868347168
4795,3,0,19.979166666666668,19.98260640297667,completed,20.009602609003196,30.435942336527688,10.957056045532227
4796,0,1,19.983333333333334,19.98729952899157,completed,20.009923848992912,26.590515659577818,6.102911949157715
4797,1,1,19.9875,19.992021789978025,dropped_dispatch_late,,,
4798,2,1,19.991666666666667,19.992037339980016,dropped_queue_full,,,
4799,3,1,19.995833333333334,19.99583801999688,dropped_queue_full,,,
