frame,lane,variant,arrival_s,submission_s,status,completion_s,arrival_to_completion_ms,gpu_pipeline_ms
0,1,0,0.0,9.220093488693237e-07,completed,0.03729637400829233,37.29637400829233,32.72844696044922
1,2,0,0.004166666666666667,0.0050420490151736885,completed,0.04194020599243231,37.77353932576565,36.07769775390625
2,3,0,0.008333333333333333,0.009702231996925548,completed,0.049696691014105454,41.363357680772125,39.79052734375
3,0,0,0.0125,0.014303733012638986,completed,0.05915539001580328,46.65539001580328,43.49327850341797
4,1,1,0.016666666666666666,0.018894725013524294,completed,0.0684356699930504,51.76900332638373,33.26678466796875
5,2,1,0.020833333333333332,0.023482421005610377,completed,0.07491152299917303,54.0781896658397,33.33488082885742
6,3,1,0.025,0.028077390015823767,completed,0.08327422000002116,58.27422000002116,33.4736328125
7,0,1,0.029166666666666667,0.03271557099651545,completed,0.09224262699717656,63.075960330509886,33.5252799987793
8,1,0,0.03333333333333333,0.037289620988303795,completed,0.10151080400100909,68.17747066767576,33.65536117553711
9,2,0,0.0375,0.041933072003303096,dropped_dispatch_late,,,
10,3,0,0.041666666666666664,0.04194836100214161,dropped_queue_full,,,
11,0,0,0.04583333333333333,0.04589818499516696,dropped_queue_full,,,
12,1,1,0.05,0.050014815002214164,dropped_queue_full,,,
13,2,1,0.05416666666666667,0.05426750399055891,completed,0.1087537040002644,54.587037333597735,33.72848129272461
14,3,1,0.058333333333333334,0.05915010999888182,completed,0.1172251180105377,58.89178467720436,33.71712112426758
15,0,1,0.0625,0.06384528998751193,completed,0.12557161401491612,63.07161401491612,33.71315383911133
16,1,0,0.06666666666666667,0.0684291580109857,completed,0.13481993300956674,68.15326634290007,33.854270935058594
17,2,0,0.07083333333333333,0.07303121100994758,dropped_queue_full,,,
18,3,0,0.075,0.07507379099843092,dropped_queue_full,,,
19,0,0,0.07916666666666666,0.07920440801535733,dropped_queue_full,,,
20,1,1,0.08333333333333333,0.08343453399720602,dropped_queue_full,,,
21,2,1,0.0875,0.08753040499868803,completed,0.14279819000512362,55.29819000512362,33.90127944946289
22,3,1,0.09166666666666666,0.09223715699044988,completed,0.15133036900078878,59.66370233412212,34.015296936035156
23,0,1,0.09583333333333333,0.09687509801005945,completed,0.1636866529879626,67.85331965462926,34.07993698120117
24,1,0,0.1,0.10150412199436687,completed,0.1685479579900857,68.5479579900857,33.95702362060547
25,2,0,0.10416666666666667,0.10640228699776344,dropped_queue_full,,,
26,3,0,0.10833333333333334,0.10842985901399516,dropped_queue_full,,,
27,0,0,0.1125,0.11263670100015588,dropped_queue_full,,,
28,1,1,0.11666666666666667,0.11674192000646144,dropped_queue_full,,,
29,2,1,0.12083333333333333,0.12095154699636623,completed,0.1769072980096098,56.07396467627647,33.98905563354492
30,3,1,0.125,0.12556606301222928,completed,0.1883482729899697,63.3482729899697,33.88809585571289
31,0,1,0.12916666666666665,0.13017576100537553,completed,0.19762827298836783,68.46160632170117,33.92115020751953
32,1,0,0.13333333333333333,0.13481315999524668,completed,0.20252866199007258,69.19532865673925,33.90937423706055
33,2,0,0.1375,0.13946531800320372,dropped_queue_full,,,
34,3,0,0.14166666666666666,0.1416881810000632,dropped_queue_full,,,
35,0,0,0.14583333333333334,0.14585571800125763,dropped_queue_full,,,
36,1,1,0.15,0.15005738000036217,dropped_queue_full,,,
37,2,1,0.15416666666666667,0.15417215699562803,completed,0.2109091530146543,56.74248634798762,33.865665435791016
38,3,1,0.15833333333333333,0.1588360480091069,completed,0.22141526199993677,63.081928666603446,33.96102523803711
39,0,1,0.1625,0.1636814429948572,completed,0.23140271598822437,68.90271598822437,33.92655944824219
40,1,0,0.16666666666666666,0.16837300499901175,dropped_queue_full,,,
41,2,0,0.17083333333333334,0.17090072701103054,dropped_queue_full,,,
42,3,0,0.175,0.1750041329942178,dropped_queue_full,,,
43,0,0,0.17916666666666667,0.17926703099510632,dropped_queue_full,,,
44,1,1,0.18333333333333332,0.18346736099920236,completed,0.23653807200025767,53.20473866692435,33.92063903808594
45,2,1,0.1875,0.18834035799955018,completed,0.24490646901540458,57.40646901540458,33.898399353027344
46,3,1,0.19166666666666665,0.19297341999481432,completed,0.2547280580038205,63.06139133715383,33.97296142578125
47,0,1,0.19583333333333333,0.19762284299940802,completed,0.2641820280114189,68.34869467808555,34.020416259765625
48,1,0,0.2,0.2022577080060728,dropped_queue_full,,,
49,2,0,0.20416666666666666,0.20427057199412957,dropped_queue_full,,,
50,3,0,0.20833333333333334,0.20837106098770164,dropped_queue_full,,,
51,0,0,0.2125,0.2126361640112009,dropped_queue_full,,,
52,1,1,0.21666666666666667,0.21673995000310242,completed,0.27072575900820084,54.05909234153417,34.0618896484375
53,2,1,0.22083333333333333,0.22140729700913653,completed,0.2790702919883188,58.23695865498546,34.100128173828125
54,3,1,0.225,0.22674060901044868,completed,0.28813988200272433,63.13988200272433,34.05900955200195
55,0,1,0.22916666666666666,0.2313971749972552,completed,0.2979511810117401,68.78451434507346,34.0445442199707
56,1,0,0.23333333333333334,0.23604443401563913,dropped_queue_full,,,
57,2,0,0.2375,0.2376381210051477,dropped_queue_full,,,
58,3,0,0.24166666666666667,0.2417433800001163,dropped_queue_full,,,
59,0,0,0.24583333333333332,0.24585723501513712,dropped_queue_full,,,
60,1,1,0.25,0.25005620199954137,completed,0.3049640830140561,54.96408301405609,34.009727478027344
61,2,1,0.25416666666666665,0.2547204130096361,completed,0.3133285540097859,59.161887343119226,34.05539321899414
62,3,1,0.2583333333333333,0.2593973480106797,completed,0.326031556003727,67.69822267039372,34.104190826416016
63,0,1,0.2625,0.2641765470034443,completed,0.3306432770041283,68.14327700412831,34.063968658447266
64,1,0,0.26666666666666666,0.26896701799705625,dropped_queue_full,,,
65,2,0,0.2708333333333333,0.2708888890047092,dropped_queue_full,,,
66,3,0,0.275,0.2751082250033505,dropped_queue_full,,,
67,0,0,0.2791666666666667,0.27923296100925654,dropped_queue_full,,,
68,1,1,0.2833333333333333,0.28347811501589604,completed,0.3390142100106459,55.68087667731258,33.9989128112793
69,2,1,0.2875,0.28813201701268554,completed,0.3474891300138552,59.989130013855196,34.0847053527832
70,3,1,0.2916666666666667,0.2927325470081996,completed,0.3593335410114378,67.66687434477109,34.06943893432617
71,0,1,0.29583333333333334,0.2979455100139603,completed,0.3644207459874451,68.58741265411177,34.041343688964844
72,1,0,0.3,0.3025473119923845,dropped_queue_full,,,
73,2,0,0.30416666666666664,0.3041711270052474,dropped_queue_full,,,
74,3,0,0.30833333333333335,0.30842650099657476,dropped_queue_full,,,
75,0,0,0.3125,0.31252952601062134,dropped_queue_full,,,
76,1,1,0.31666666666666665,0.31679786401218735,completed,0.3732774009986315,56.61073433196484,34.019710540771484
77,2,1,0.3208333333333333,0.3214572659926489,completed,0.3838625499920454,63.02921665871209,33.890174865722656
78,3,1,0.325,0.32602370099630207,completed,0.39322995601105504,68.22995601105502,34.14921569824219
79,0,1,0.32916666666666666,0.33063788700383157,completed,0.39880441600689664,69.63774934022999,34.15177536010742
80,1,0,0.3333333333333333,0.3352311929920688,dropped_queue_full,,,
81,2,0,0.3375,0.33758523501455784,dropped_queue_full,,,
82,3,0,0.3416666666666667,0.3416882799938321,dropped_queue_full,,,
83,0,0,0.3458333333333333,0.3458977169939317,dropped_queue_full,,,
84,1,1,0.35,0.35001555999042466,completed,0.4075372660008725,57.5372660008725,34.131038665771484
85,2,1,0.3541666666666667,0.3547379210067447,completed,0.4172223850036971,63.05571833703044,34.18115234375
86,3,1,0.35833333333333334,0.35932547599077225,completed,0.426429435989121,68.09610265578763,34.02899169921875
87,0,1,0.3625,0.3639277089969255,dropped_queue_full,,,
88,1,0,0.36666666666666664,0.3667926620109938,dropped_queue_full,,,
89,2,0,0.37083333333333335,0.3709193709946703,dropped_queue_full,,,
90,3,0,0.375,0.37501628400059417,dropped_queue_full,,,
91,0,0,0.37916666666666665,0.379214510001475,completed,0.4329072220134549,53.740555346788234,34.048927307128906
92,1,1,0.3833333333333333,0.38385588699020445,completed,0.4417504720040597,58.4171386707264,34.09686279296875
93,2,1,0.3875,0.3884420999966096,completed,0.4505476850026753,63.047685002675266,34.040767669677734
94,3,1,0.39166666666666666,0.3932221209979616,completed,0.4597255300031975,68.05886333653083,33.9859504699707
95,0,1,0.3958333333333333,0.39787514999625273,dropped_queue_full,,,
96,1,0,0.4,0.4000744379882235,dropped_queue_full,,,
97,2,0,0.4041666666666667,0.404233840003144,dropped_queue_full,,,
98,3,0,0.4083333333333333,0.4084779729892034,dropped_queue_full,,,
99,0,0,0.4125,0.41258585700416006,completed,0.4670675380039029,54.567538003902904,33.97727966308594
100,1,1,0.4166666666666667,0.41721528201014735,completed,0.4758067599905189,59.14009332385223,33.877662658691406
101,2,1,0.42083333333333334,0.4218261410132982,completed,0.4886770709999837,67.84373766665036,33.894561767578125
102,3,1,0.425,0.42642182199051604,completed,0.4933324749872554,68.33247498725542,34.055233001708984
103,0,1,0.42916666666666664,0.4310296959883999,dropped_queue_full,,,
104,1,0,0.43333333333333335,0.43338694400154054,dropped_queue_full,,,
105,2,0,0.4375,0.4376383899943903,dropped_queue_full,,,
106,3,0,0.44166666666666665,0.44174311798997223,dropped_queue_full,,,
107,0,0,0.4458333333333333,0.44584705500165,completed,0.5012183760118205,55.38504267848721,34.12819290161133
108,1,1,0.45,0.4505405109957792,completed,0.5101070920063648,60.10709200636482,34.25843048095703
109,2,1,0.45416666666666666,0.45513248498900793,completed,0.5230758390098345,68.9091723431678,34.32729721069336
110,3,1,0.4583333333333333,0.4597175449889619,completed,0.5279365130118094,69.60317967847612,34.369537353515625
111,0,1,0.46249999999999997,0.464354624011321,dropped_queue_full,,,
112,1,0,0.4666666666666667,0.46674315200652927,dropped_queue_full,,,
113,2,0,0.4708333333333333,0.4709189750137739,dropped_queue_full,,,
114,3,0,0.475,0.47501920399372466,dropped_queue_full,,,
115,0,0,0.4791666666666667,0.4791769630101044,completed,0.5357560180127621,56.589351346095384,34.337825775146484
116,1,1,0.48333333333333334,0.4840106359915808,completed,0.5445950299908873,61.261696657553934,34.301185607910156
117,2,1,0.4875,0.4886699370108545,completed,0.5558464050118346,68.34640501183459,34.32236862182617
118,3,1,0.49166666666666664,0.49332412899821065,completed,0.5617531960015185,70.08652933485187,34.43174362182617
119,0,1,0.49583333333333335,0.49798728799214587,dropped_queue_full,,,
120,1,0,0.5,0.5000928980007302,dropped_queue_full,,,
121,2,0,0.5041666666666667,0.5042189059895463,dropped_queue_full,,,
122,3,0,0.5083333333333333,0.5084826159873046,dropped_queue_full,,,
123,0,0,0.5125,0.5126418469881173,completed,0.5704385860008188,57.9385860008188,34.491329193115234
124,1,1,0.5166666666666666,0.5181409140059259,completed,0.5797137870104052,63.047120343738605,34.513790130615234
125,2,1,0.5208333333333334,0.5230673530022614,completed,0.5893468570138793,68.51352368054597,34.490753173828125
126,3,1,0.525,0.5279284180141985,completed,0.5963290919899009,71.32909198990089,34.43190383911133
127,0,1,0.5291666666666667,0.5325796940014698,dropped_queue_full,,,
128,1,0,0.5333333333333333,0.5334386359900236,dropped_queue_full,,,
129,2,0,0.5375,0.5376379840017762,dropped_queue_full,,,
130,3,0,0.5416666666666666,0.541749213996809,dropped_queue_full,,,
131,0,0,0.5458333333333333,0.5458739699970465,completed,0.6048022790055256,58.968945672192355,34.37260818481445
132,1,1,0.55,0.5506980339996517,completed,0.6179127549985424,67.91275499854233,34.44569778442383
133,2,1,0.5541666666666667,0.5558390610094648,completed,0.622502815007465,68.33614834079826,34.493408203125
134,3,1,0.5583333333333333,0.5604554809979163,dropped_queue_full,,,
135,0,1,0.5625,0.5625497000000905,dropped_queue_full,,,
136,1,0,0.5666666666666667,0.5667945140157826,dropped_queue_full,,,
137,2,0,0.5708333333333333,0.5709165949956514,dropped_queue_full,,,
138,3,0,0.575,0.5750039590056986,completed,0.631012872006977,56.01287200697702,34.552833557128906
139,0,0,0.5791666666666666,0.5797074350120965,completed,0.6394879019935615,60.32123532689493,34.534400939941406
140,1,1,0.5833333333333334,0.5846851409878582,completed,0.6508777500130236,67.54441667969024,34.44345474243164
141,2,1,0.5875,0.589339703990845,completed,0.6569622390088625,69.4622390088625,34.49625778198242
142,3,1,0.5916666666666667,0.5939504829875659,dropped_queue_full,,,
143,0,1,0.5958333333333333,0.5958580469887238,dropped_queue_full,,,
144,1,0,0.6,0.6001088620105293,dropped_queue_full,,,
145,2,0,0.6041666666666666,0.6041679629997816,dropped_queue_full,,,
146,3,0,0.6083333333333333,0.6084234080044553,completed,0.6655955399910454,57.26220665771209,34.493438720703125
147,0,0,0.6125,0.6132261120073963,completed,0.6755676039902028,63.06760399020273,34.488929748535156
148,1,1,0.6166666666666667,0.6179065030009951,completed,0.6847093710093759,68.0427043427092,34.5970573425293
149,2,1,0.6208333333333333,0.6224960419931449,completed,0.6914829390007071,70.64960566737378,34.48441696166992
150,3,1,0.625,0.627056616009213,dropped_queue_full,,,
151,0,1,0.6291666666666667,0.6292702610080596,dropped_queue_full,,,
152,1,0,0.6333333333333333,0.6333733260107692,dropped_queue_full,,,
153,2,0,0.6375,0.6375834440113977,dropped_queue_full,,,
154,3,0,0.6416666666666666,0.6416970890131779,completed,0.7001743509899825,58.50768432331588,34.48041534423828
155,0,0,0.6458333333333334,0.6462922290083952,completed,0.7089449730119668,63.11163967863342,34.481056213378906
156,1,1,0.65,0.650870957004372,completed,0.7180624940083362,68.06249400833619,34.34787368774414
157,2,1,0.6541666666666667,0.6555514589999802,dropped_queue_full,,,
158,3,1,0.6583333333333333,0.6583865050051827,dropped_queue_full,,,
159,0,1,0.6625,0.6625812739948742,dropped_queue_full,,,
160,1,0,0.6666666666666666,0.6667017219879199,dropped_queue_full,,,
161,2,0,0.6708333333333333,0.6708970720064826,completed,0.7261131179984659,55.27978466513262,34.39619064331055
162,3,0,0.675,0.6755623040080536,completed,0.7347043490153737,59.704349015373694,34.414302825927734
163,0,0,0.6791666666666667,0.6801463130104821,completed,0.7469191040145233,67.75243734785663,34.39680099487305
164,1,1,0.6833333333333333,0.6847025789902546,completed,0.7521443710138556,68.81103768052222,34.39763259887695
165,2,1,0.6875,0.6892893119947985,dropped_queue_full,,,
166,3,1,0.6916666666666667,0.6918033779948018,dropped_queue_full,,,
167,0,1,0.6958333333333333,0.6959040990041103,dropped_queue_full,,,
168,1,0,0.7,0.7000047990004532,dropped_queue_full,,,
169,2,0,0.7041666666666666,0.7043206880043726,completed,0.7608045230153948,56.6378563487282,34.608673095703125
170,3,0,0.7083333333333334,0.7089394520153292,completed,0.7713466399873141,63.01330665398075,34.672607421875
171,0,0,0.7125,0.7135102860047482,completed,0.7804976149927825,67.99761499278245,34.64361572265625
172,1,1,0.7166666666666667,0.718055920995539,completed,0.7869134029897396,70.24673632307288,34.60979080200195
173,2,1,0.7208333333333333,0.722626033006236,dropped_queue_full,,,
174,3,1,0.725,0.7250057240016758,dropped_queue_full,,,
175,0,1,0.7291666666666666,0.7292674299969804,dropped_queue_full,,,
176,1,0,0.7333333333333333,0.7333936890063342,dropped_queue_full,,,
177,2,0,0.7375,0.7375314900127705,completed,0.7952722930058371,57.772293005837085,34.30140686035156
178,3,0,0.7416666666666667,0.742287414992461,completed,0.8046294189989567,62.96275233228998,34.33692932128906
179,0,0,0.7458333333333333,0.7469136939907912,completed,0.8146308890136424,68.7975556803091,34.348350524902344
180,1,1,0.75,0.7514937150117476,dropped_queue_full,,,
181,2,1,0.7541666666666667,0.7541986230062321,dropped_queue_full,,,
182,3,1,0.7583333333333333,0.7584175580122974,dropped_queue_full,,,
183,0,1,0.7625,0.7625426049926318,dropped_queue_full,,,
184,1,0,0.7666666666666666,0.7667387159890495,completed,0.8213936460088007,54.72697934213411,34.343841552734375
185,2,0,0.7708333333333334,0.7713388949923683,completed,0.8298578560061287,59.02452267279534,34.42595291137695
186,3,0,0.775,0.7758979760110378,completed,0.8426544760004617,67.6544760004617,34.17987060546875
187,0,0,0.7791666666666667,0.7804923949879594,completed,0.8472723890154157,68.10572234874901,34.14777755737305
188,1,1,0.7833333333333333,0.7851740079931915,dropped_queue_full,,,
189,2,1,0.7875,0.7875533380138222,dropped_queue_full,,,
190,3,1,0.7916666666666666,0.7917932429991197,dropped_queue_full,,,
191,0,1,0.7958333333333333,0.795906768005807,dropped_queue_full,,,
192,1,0,0.8,0.800004473014269,completed,0.8556405770068523,55.64057700685221,34.1212158203125
193,2,0,0.8041666666666667,0.8046219240059145,completed,0.8640122310025617,59.84556433589505,33.992225646972656
194,3,0,0.8083333333333333,0.8098522009968292,completed,0.8759445089963265,67.61117566299313,34.14089584350586
195,0,0,0.8125,0.8146254190069158,completed,0.8810945430013817,68.59454300138168,34.09715270996094
196,1,1,0.8166666666666667,0.8191957109957002,dropped_queue_full,,,
197,2,1,0.8208333333333333,0.8209117809892632,dropped_queue_full,,,
198,3,1,0.825,0.8250115890114103,dropped_queue_full,,,
199,0,1,0.8291666666666666,0.8292157659889199,dropped_queue_full,,,
200,1,0,0.8333333333333334,0.8334313149971422,completed,0.8897989589895587,56.46562565622537,34.057952880859375
201,2,0,0.8375,0.8380797260033432,completed,0.8981173420033883,60.61734200338831,34.02534484863281
202,3,0,0.8416666666666667,0.8426465509983245,completed,0.9093290010059718,67.66233433930513,34.06924819946289
203,0,0,0.8458333333333333,0.8472671190102119,completed,0.9151768000156153,69.34346668228197,34.02524948120117
204,1,1,0.85,0.8518532520101871,dropped_queue_full,,,
205,2,1,0.8541666666666666,0.8542199980001897,dropped_queue_full,,,
206,3,1,0.8583333333333333,0.8584789090091363,dropped_queue_full,,,
207,0,1,0.8624999999999999,0.8625821940077003,dropped_queue_full,,,
208,1,0,0.8666666666666667,0.8667120799946133,completed,0.9239610980148427,57.29443134817602,33.98089599609375
209,2,0,0.8708333333333333,0.8713668120035436,completed,0.9339478900074027,63.1145566740694,34.05382537841797
210,3,0,0.875,0.87593687500339,completed,0.9431490399874747,68.14903998747468,34.05660629272461
211,0,0,0.8791666666666667,0.8810891520115547,completed,0.9493242519965861,70.15758532991944,34.06790542602539
212,1,1,0.8833333333333333,0.8856867369904649,dropped_queue_full,,,
213,2,1,0.8875,0.8875884599983692,dropped_queue_full,,,
214,3,1,0.8916666666666666,0.8916949509875849,dropped_queue_full,,,
215,0,1,0.8958333333333334,0.895899138005916,dropped_queue_full,,,
216,1,0,0.9,0.9000113799993414,completed,0.9581171460158657,58.11714601586571,34.12348937988281
217,2,0,0.9041666666666667,0.9046079720137641,completed,0.9672871560032945,63.12048933662784,34.06390380859375
218,3,0,0.9083333333333333,0.9093110669928137,completed,0.9765090460132342,68.17571267990085,34.11180877685547
219,0,0,0.9125,0.9142136400041636,dropped_queue_full,,,
220,1,1,0.9166666666666666,0.9167394390096888,dropped_queue_full,,,
221,2,1,0.9208333333333333,0.9208455590123776,dropped_queue_full,,,
222,3,1,0.9249999999999999,0.9250683920108713,dropped_queue_full,,,
223,0,1,0.9291666666666667,0.9293212410120759,completed,0.9834888449986465,54.32217833197983,34.07628631591797
224,1,0,0.9333333333333333,0.9339409870153759,completed,0.9923279669892509,58.994633655917504,34.01264190673828
225,2,0,0.9375,0.9385769439977594,completed,1.0006373529904522,63.1373529904522,33.9312629699707
226,3,0,0.9416666666666667,0.9431413860002067,completed,1.0100416089990176,68.37494233235097,34.05503845214844
227,0,0,0.9458333333333333,0.9477698790142313,dropped_queue_full,,,
228,1,1,0.95,0.950118951004697,dropped_queue_full,,,
229,2,1,0.9541666666666666,0.9542162049910985,dropped_queue_full,,,
230,3,1,0.9583333333333334,0.9584370230149943,dropped_queue_full,,,
231,0,1,0.9625,0.9625826489937026,completed,1.0175896080036182,55.089608003618174,33.95772933959961
232,1,0,0.9666666666666667,0.967279812990455,completed,1.0262597190157976,59.59305234913093,33.838592529296875
233,2,0,0.9708333333333333,0.9718912930111401,completed,1.0385393169999588,67.7059836666255,34.04070281982422
234,3,0,0.975,0.976501591008855,completed,1.0433869260014035,68.38692600140351,33.96614456176758
235,0,0,0.9791666666666666,0.9811112589959521,dropped_queue_full,,,
236,1,1,0.9833333333333333,0.9834816119982861,dropped_queue_full,,,
237,2,1,0.9874999999999999,0.987583023001207,dropped_queue_full,,,
238,3,1,0.9916666666666667,0.9916876810020767,dropped_queue_full,,,
239,0,1,0.9958333333333333,0.9959558089904021,completed,1.0517458860122133,55.912552678879955,34.02867126464844
240,1,0,1.0,1.0006301600078586,completed,1.0629844260110985,62.98442601109855,34.05052947998047
241,2,0,1.0041666666666667,1.0054565079917666,completed,1.0720936410070863,67.9269743404196,34.09561538696289
242,3,0,1.0083333333333333,1.0100336339964997,completed,1.0774747040122747,69.14137067894144,34.02115249633789
243,0,0,1.0125,1.014898596011335,dropped_queue_full,,,
244,1,1,1.0166666666666666,1.0167941469990183,dropped_queue_full,,,
245,2,1,1.0208333333333333,1.0208998270099983,dropped_queue_full,,,
246,3,1,1.025,1.0251395810046233,dropped_queue_full,,,
247,0,1,1.0291666666666666,1.0292142220132519,completed,1.085959151998395,56.792485331728535,33.97455978393555
248,1,0,1.0333333333333332,1.0339710490079597,completed,1.0970287309901323,63.6953976567991,33.96332931518555
249,2,0,1.0375,1.0385321940120775,completed,1.1062275870062876,68.72758700628756,33.99856185913086
250,3,0,1.0416666666666667,1.0432115829898976,dropped_queue_full,,,
251,0,0,1.0458333333333334,1.0458966940059327,dropped_queue_full,,,
252,1,1,1.05,1.050002164003672,dropped_queue_full,,,
253,2,1,1.0541666666666667,1.0542654120072257,dropped_queue_full,,,
254,3,1,1.0583333333333333,1.0583721039874945,completed,1.1115020769939292,53.16874366059587,33.95033645629883
255,0,1,1.0625,1.0629778139991686,completed,1.1199599649989977,57.45996499899775,33.957088470458984
256,1,0,1.0666666666666667,1.0675551090098452,completed,1.1299095159920398,63.242849325373165,33.921119689941406
257,2,0,1.0708333333333333,1.0720866179908626,completed,1.139665260008769,68.83192667543581,33.84764862060547
258,3,0,1.075,1.0766657470085192,dropped_queue_full,,,
259,0,0,1.0791666666666666,1.0792134270013776,dropped_queue_full,,,
260,1,1,1.0833333333333333,1.0834268610051367,dropped_queue_full,,,
261,2,1,1.0875,1.0875406870036386,dropped_queue_full,,,
262,3,1,1.0916666666666666,1.0917936160112731,completed,1.1455871500074863,53.92048334081978,33.80752182006836
263,0,1,1.0958333333333332,1.09702212898992,completed,1.1539595949871,58.126261653766775,33.88515090942383
264,1,0,1.1,1.101634822000051,completed,1.1638474900100846,63.8474900100845,33.890846252441406
265,2,0,1.1041666666666667,1.1062204230111092,completed,1.173211078013992,69.0444113473252,33.74310302734375
266,3,0,1.1083333333333334,1.1110593260091264,dropped_queue_full,,,
267,0,0,1.1125,1.112612547003664,dropped_queue_full,,,
268,1,1,1.1166666666666667,1.1167112230032217,dropped_queue_full,,,
269,2,1,1.1208333333333333,1.1209107309987303,dropped_queue_full,,,
270,3,1,1.125,1.1251101990055759,completed,1.1795720719965175,54.57207199651748,33.90204620361328
271,0,1,1.1291666666666667,1.1299033249961212,completed,1.1879620910040103,58.79542433734364,33.863616943359375
272,1,0,1.1333333333333333,1.1350701799965464,completed,1.2009196070139296,67.58627368059634,33.907039642333984
273,2,0,1.1375,1.1396581860026345,completed,1.2054994580103084,67.99945801030849,33.98915100097656
274,3,0,1.1416666666666666,1.1447777819994371,dropped_queue_full,,,
275,0,0,1.1458333333333333,1.1459069970005658,dropped_queue_full,,,
276,1,1,1.15,1.150112347007962,dropped_queue_full,,,
277,2,1,1.1541666666666666,1.1542931490112096,dropped_queue_full,,,
278,3,1,1.1583333333333332,1.1583736909960862,completed,1.213591230014572,55.257896681238705,33.98499298095703
279,0,1,1.1625,1.163840466993861,completed,1.2221170270058792,59.61702700587912,34.02025604248047
280,1,0,1.1666666666666667,1.168487794988323,completed,1.2344152310106438,67.74856434397702,34.06547164916992
281,2,0,1.1708333333333334,1.1732041350041982,completed,1.2391628400073387,68.32950667400527,33.906272888183594
282,3,0,1.175,1.1778126500139479,dropped_queue_full,,,
283,0,0,1.1791666666666667,1.1792469850042835,dropped_queue_full,,,
284,1,1,1.1833333333333333,1.1834288589889184,dropped_queue_full,,,
285,2,1,1.1875,1.187637054012157,dropped_queue_full,,,
286,3,1,1.1916666666666667,1.191742183000315,completed,1.247696250997251,56.02958433058425,33.99631881713867
287,0,1,1.1958333333333333,1.196340638998663,completed,1.2590688159980346,63.23548266470125,33.929534912109375
288,1,0,1.2,1.2009131649974734,completed,1.2682538049994037,68.2538049994037,33.8317756652832
289,2,0,1.2041666666666666,1.2054923840041738,completed,1.2731947420106735,69.02807534400691,33.83638381958008
290,3,0,1.2083333333333333,1.2101881449925713,dropped_queue_full,,,
291,0,0,1.2125,1.2126366670127027,dropped_queue_full,,,
292,1,1,1.2166666666666666,1.2167383689957205,dropped_queue_full,,,
293,2,1,1.2208333333333332,1.2208425459975842,dropped_queue_full,,,
294,3,1,1.225,1.2251085299940314,completed,1.281803376012249,56.80337601224883,33.934814453125
295,0,1,1.2291666666666667,1.229808108008001,completed,1.2921918309875764,63.02516432090965,33.97238540649414
296,1,0,1.2333333333333334,1.2344090690021403,completed,1.3013618619879708,68.02852865463737,33.99977493286133
297,2,0,1.2375,1.238988277997123,dropped_queue_full,,,
298,3,0,1.2416666666666667,1.241691814007936,dropped_queue_full,,,
299,0,0,1.2458333333333333,1.245950634998735,dropped_queue_full,,,
300,1,1,1.25,1.2500537100131623,dropped_queue_full,,,
301,2,1,1.2541666666666667,1.2543191330041736,completed,1.3073244990082458,53.157832341579116,33.99980926513672
302,3,1,1.2583333333333333,1.2590632860083133,completed,1.315844594995724,57.51126166239074,33.99244689941406
303,0,1,1.2625,1.2636523130058777,completed,1.32562511600554,63.12511600553994,33.9716796875
304,1,0,1.2666666666666666,1.2682469619903713,completed,1.3354568640061188,68.79019733945225,34.05587387084961
305,2,0,1.2708333333333333,1.2728607369936071,dropped_queue_full,,,
306,3,0,1.275,1.2750613979878835,dropped_queue_full,,,
307,0,0,1.2791666666666666,1.279266486002598,dropped_queue_full,,,
308,1,1,1.2833333333333332,1.2833837379876059,dropped_queue_full,,,
309,2,1,1.2875,1.2875839869957417,completed,1.341482821997488,53.98282199748783,34.05859375
310,3,1,1.2916666666666667,1.292186620994471,completed,1.3499601660005283,58.29349933386152,33.986881256103516
311,0,1,1.2958333333333334,1.296777022012975,completed,1.3588541919889394,63.02085865560603,33.99590301513672
312,1,0,1.3,1.301355228992179,completed,1.3679880250128917,67.9880250128917,33.93088150024414
313,2,0,1.3041666666666667,1.306050409009913,dropped_queue_full,,,
314,3,0,1.3083333333333333,1.3084339470078703,dropped_queue_full,,,
315,0,0,1.3125,1.3125438049901277,dropped_queue_full,,,
316,1,1,1.3166666666666667,1.3167935879901052,dropped_queue_full,,,
317,2,1,1.3208333333333333,1.320900190010434,completed,1.3755909280152991,54.75759468196584,33.985408782958984
318,3,1,1.325,1.3256199060124345,completed,1.384159075008938,59.15907500893813,34.07222366333008
319,0,1,1.3291666666666666,1.3302031529892702,completed,1.3969129339966457,67.74626732997913,34.108192443847656
320,1,0,1.3333333333333333,1.335450601996854,completed,1.4016599119931925,68.32657865985925,34.32534408569336
321,2,0,1.3375,1.3400723320082761,dropped_queue_full,,,
322,3,0,1.3416666666666666,1.3418035010108724,dropped_queue_full,,,
323,0,0,1.3458333333333332,1.345909961994039,dropped_queue_full,,,
324,1,1,1.35,1.350121572992066,dropped_queue_full,,,
325,2,1,1.3541666666666667,1.3542157110059634,completed,1.4100089429994114,55.84227633274463,34.257537841796875
326,3,1,1.3583333333333334,1.3588490929978434,completed,1.421611836005468,63.27850267213453,34.56940841674805
327,0,1,1.3625,1.3634440620080568,completed,1.4308294169895817,68.32941698958162,34.58396911621094
328,1,0,1.3666666666666667,1.3679820130055305,completed,1.4364004509989172,69.73378433225052,34.517696380615234
329,2,0,1.3708333333333333,1.3725716919871047,dropped_queue_full,,,
330,3,0,1.375,1.375108522013761,dropped_queue_full,,,
331,0,0,1.3791666666666667,1.3792185799975414,dropped_queue_full,,,
332,1,1,1.3833333333333333,1.3834781520126853,dropped_queue_full,,,
333,2,1,1.3875,1.3876361309958156,completed,1.444747047004057,57.24704700405714,34.50553512573242
334,3,1,1.3916666666666666,1.392324387008557,completed,1.4550342000147793,63.36753334811274,34.3138542175293
335,0,1,1.3958333333333333,1.3969048490107525,completed,1.4643717489962,68.53841566286678,34.37065505981445
336,1,0,1.4,1.401485229987884,dropped_queue_full,,,
337,2,0,1.4041666666666666,1.4041889370128047,dropped_queue_full,,,
338,3,0,1.4083333333333332,1.4084230099979322,dropped_queue_full,,,
339,0,0,1.4125,1.4126358939975034,dropped_queue_full,,,
340,1,1,1.4166666666666667,1.4167396900011227,completed,1.4706928069936112,54.026140326944414,34.2237434387207
341,2,1,1.4208333333333334,1.4216044920030981,completed,1.4792230720049702,58.38973867163677,34.310081481933594
342,3,1,1.425,1.4261756560008507,completed,1.4880628359969705,63.06283599697049,34.38284683227539
343,0,1,1.4291666666666667,1.4308242970146239,completed,1.4971855159965344,68.01884932986768,34.34099197387695
344,1,0,1.4333333333333333,1.4354350859939586,dropped_queue_full,,,
345,2,0,1.4375,1.4376376009895466,dropped_queue_full,,,
346,3,0,1.4416666666666667,1.4417439620010555,dropped_queue_full,,,
347,0,0,1.4458333333333333,1.4458544710068963,dropped_queue_full,,,
348,1,1,1.45,1.4500563030014746,completed,1.5052213520102669,55.2213520102669,34.389503479003906
349,2,1,1.4541666666666666,1.4550243109988514,completed,1.5151174119964708,60.95074532980416,35.81817626953125
350,3,1,1.4583333333333333,1.4597712089889683,completed,1.5262425969995093,67.909263666176,36.48761749267578
351,0,1,1.4625,1.4643667289928999,completed,1.5335422650096007,71.04226500960075,36.99100875854492
352,1,0,1.4666666666666666,1.468938595004147,dropped_queue_full,,,
353,2,0,1.4708333333333332,1.470855276013026,dropped_queue_full,,,
354,3,0,1.475,1.475122461997671,dropped_queue_full,,,
355,0,0,1.4791666666666667,1.4792155880131759,dropped_queue_full,,,
356,1,1,1.4833333333333334,1.4834247950057033,completed,1.5436436249874532,60.31029165411983,38.27840042114258
357,2,1,1.4875,1.4880556520074606,completed,1.555086153006414,67.58615300641391,37.95228958129883
358,3,1,1.4916666666666667,1.4926303029933479,completed,1.5626407850068063,70.97411834013955,38.07392120361328
359,0,1,1.4958333333333333,1.497180347010726,completed,1.5716424949932843,75.809161659951,38.03468704223633
360,1,0,1.5,1.5017714290006552,dropped_queue_full,,,
361,2,0,1.5041666666666667,1.504267048992915,dropped_queue_full,,,
362,3,0,1.5083333333333333,1.5083728900062852,dropped_queue_full,,,
363,0,0,1.5125,1.5125801019894425,dropped_queue_full,,,
364,1,1,1.5166666666666666,1.5167124230065383,completed,1.5842783300031442,67.61166333647762,37.90419387817383
365,2,1,1.5208333333333333,1.5215374089893885,completed,1.5901182249945123,69.28489166117902,36.81273651123047
366,3,1,1.525,1.526234913006192,completed,1.59874876998947,73.7487699894701,35.92256164550781
367,0,1,1.5291666666666666,1.5308313450077549,dropped_queue_full,,,
368,1,0,1.5333333333333332,1.5333755880128592,dropped_queue_full,,,
369,2,0,1.5375,1.5376367130083963,dropped_queue_full,,,
370,3,0,1.5416666666666667,1.5417415910051204,dropped_queue_full,,,
371,0,0,1.5458333333333334,1.5458526719885413,completed,1.6089732740074396,63.13994067410622,35.38284683227539
372,1,1,1.55,1.550523295009043,completed,1.6184213730157353,68.42137301573526,34.567264556884766
373,2,1,1.5541666666666667,1.5550792299909517,completed,1.6250667079875711,70.90004132090444,34.839454650878906
374,3,1,1.5583333333333333,1.5597887159965467,dropped_queue_full,,,
375,0,1,1.5625,1.5626363560149912,dropped_queue_full,,,
376,1,0,1.5666666666666667,1.566741565009579,dropped_queue_full,,,
377,2,0,1.5708333333333333,1.5708444390038494,dropped_queue_full,,,
378,3,0,1.575,1.5751097819884308,completed,1.6334865230019204,58.486523001920474,34.721248626708984
379,0,0,1.5791666666666666,1.5797045310027897,completed,1.6421815220091958,63.01485534252915,34.78192138671875
380,1,1,1.5833333333333333,1.5842718280036934,completed,1.6515185289899819,68.1851956566486,34.29497528076172
381,2,1,1.5875,1.5888562969921622,dropped_queue_full,,,
382,3,1,1.5916666666666666,1.5917008809919935,dropped_queue_full,,,
383,0,1,1.5958333333333332,1.5958976639958564,dropped_queue_full,,,
384,1,0,1.6,1.6000130219908897,dropped_queue_full,,,
385,2,0,1.6041666666666667,1.6042663730040658,completed,1.659433105000062,55.26643833339517,34.08972930908203
386,3,0,1.6083333333333334,1.6089678939897567,completed,1.667907513998216,59.574180664882626,34.240478515625
387,0,0,1.6125,1.6135482359968591,completed,1.6805009790114127,68.00097901141267,34.25939178466797
388,1,1,1.6166666666666667,1.618414930999279,completed,1.685282221995294,68.6155553286274,34.300479888916016
389,2,1,1.6208333333333333,1.6230249190120958,dropped_queue_full,,,
390,3,1,1.625,1.6250622890074737,dropped_queue_full,,,
391,0,1,1.6291666666666667,1.6292660949984565,dropped_queue_full,,,
392,1,0,1.6333333333333333,1.63347912899917,dropped_queue_full,,,
393,2,0,1.6375,1.6375840370019432,completed,1.6936421130085364,56.14211300853644,34.18345642089844
394,3,0,1.6416666666666666,1.642175810993649,completed,1.7022739420062862,60.607275339619626,34.288352966308594
395,0,0,1.6458333333333333,1.646909584000241,completed,1.7133373389951885,67.50400566185522,34.367584228515625
396,1,1,1.65,1.6515121970151085,completed,1.7198551910114475,69.85519101144754,34.43289566040039
397,2,1,1.6541666666666666,1.6562983999901917,dropped_queue_full,,,
398,3,1,1.6583333333333332,1.6584781809942797,dropped_queue_full,,,
399,0,1,1.6624999999999999,1.6625807550153695,dropped_queue_full,,,
400,1,0,1.6666666666666667,1.6667934780125506,dropped_queue_full,,,
401,2,0,1.6708333333333334,1.6708976050140336,completed,1.7282329169975128,57.39958366417941,34.38777542114258
402,3,0,1.675,1.6755637690075673,completed,1.738093438994838,63.09343899483788,34.412288665771484
403,0,0,1.6791666666666667,1.6804938850109465,completed,1.7471668460057117,68.000179339045,34.371742248535156
404,1,1,1.6833333333333333,1.6852754290157463,completed,1.7542315080063418,70.89817467300841,34.380638122558594
405,2,1,1.6875,1.6900363530148752,dropped_queue_full,,,
406,3,1,1.6916666666666667,1.6917466220038477,dropped_queue_full,,,
407,0,1,1.6958333333333333,1.6958532439894043,dropped_queue_full,,,
408,1,0,1.7,1.7000551059900317,dropped_queue_full,,,
409,2,0,1.7041666666666666,1.7041700539994054,completed,1.7627021000080276,58.53543334136102,34.36588668823242
410,3,0,1.7083333333333333,1.7087493530125357,completed,1.7715821489982773,63.248815664944004,34.46793746948242
411,0,0,1.7125,1.7133318090054672,completed,1.7809770070016384,68.4770070016385,34.49884796142578
412,1,1,1.7166666666666666,1.717899256007513,dropped_queue_full,,,
413,2,1,1.7208333333333332,1.7209856790141203,dropped_queue_full,,,
414,3,1,1.7249999999999999,1.725056291994406,dropped_queue_full,,,
415,0,1,1.7291666666666667,1.7291858370008413,dropped_queue_full,,,
416,1,0,1.7333333333333334,1.7334284670068882,completed,1.788857667997945,55.52433466461171,34.410560607910156
417,2,0,1.7375,1.7380858150136191,completed,1.7972249739977997,59.72497399779964,34.31123352050781
418,3,0,1.7416666666666667,1.7426506569900084,completed,1.8091865780006628,67.51991133399615,34.26339340209961
419,0,0,1.7458333333333333,1.7471615260001272,completed,1.8143995820137206,68.5662486803873,34.16819381713867
420,1,1,1.75,1.7521732370078098,dropped_queue_full,,,
421,2,1,1.7541666666666667,1.754227830999298,dropped_queue_full,,,
422,3,1,1.7583333333333333,1.7584251440130174,dropped_queue_full,,,
423,0,1,1.7625,1.7625295619945973,dropped_queue_full,,,
424,1,0,1.7666666666666666,1.7667412929877173,completed,1.8231765560049098,56.50988933824319,34.13008117675781
425,2,0,1.7708333333333333,1.7715745650057215,completed,1.833902943006251,63.06960967291775,34.10198211669922
426,3,0,1.775,1.776171408011578,completed,1.8431033510132693,68.10335101326936,34.148895263671875
427,0,0,1.7791666666666666,1.7809718270145822,completed,1.8486197309975978,69.45306433093124,34.109310150146484
428,1,1,1.7833333333333332,1.7855290250154212,dropped_queue_full,,,
429,2,1,1.7874999999999999,1.787588376988424,dropped_queue_full,,,
430,3,1,1.7916666666666667,1.7916902099968866,dropped_queue_full,,,
431,0,1,1.7958333333333334,1.7959513450041413,dropped_queue_full,,,
432,1,0,1.8,1.8000576859922148,completed,1.8573930179991294,57.39301799912933,34.105438232421875
433,2,0,1.8041666666666667,1.8046431470138486,completed,1.8671989669965114,63.032300329844745,34.23231887817383
434,3,0,1.8083333333333333,1.8091789140016772,completed,1.8763634770002682,68.03014366693483,34.26803207397461
435,0,0,1.8125,1.8137496369890869,dropped_queue_full,,,
436,1,1,1.8166666666666667,1.8167541449947748,dropped_queue_full,,,
437,2,1,1.8208333333333333,1.820952790993033,dropped_queue_full,,,
438,3,1,1.825,1.8250925760075916,dropped_queue_full,,,
439,0,1,1.8291666666666666,1.829212793003535,completed,1.8829559909936506,53.78932432698402,34.226112365722656
440,1,0,1.8333333333333333,1.8338955090148374,completed,1.8917471920140088,58.4138586806755,34.22150421142578
441,2,0,1.8375,1.8384987240133341,completed,1.900592385994969,63.09238599496902,34.043582916259766
442,3,0,1.8416666666666666,1.8430960680125281,completed,1.9097853300045244,68.11866333785788,34.046207427978516
443,0,0,1.8458333333333332,1.8476539260009304,dropped_queue_full,,,
444,1,1,1.8499999999999999,1.8500440469942987,dropped_queue_full,,,
445,2,1,1.8541666666666667,1.8542328439943958,dropped_queue_full,,,
446,3,1,1.8583333333333334,1.8584784000122454,dropped_queue_full,,,
447,0,1,1.8625,1.862581104011042,completed,1.9170668029983062,54.56680299830619,34.048255920410156
448,1,0,1.8666666666666667,1.8671917929896154,completed,1.925857102003647,59.190435336980315,34.03692626953125
449,2,0,1.8708333333333333,1.8717886359954719,completed,1.9384058419964276,67.57250866309428,34.10416030883789
450,3,0,1.875,1.8763557419879362,completed,1.9430167110112961,68.01671101129614,34.11503982543945
451,0,0,1.8791666666666667,1.880905967002036,dropped_queue_full,,,
452,1,1,1.8833333333333333,1.8834349410026334,dropped_queue_full,,,
453,2,1,1.8875,1.887531423009932,dropped_queue_full,,,
454,3,1,1.8916666666666666,1.8917406600085087,dropped_queue_full,,,
455,0,1,1.8958333333333333,1.895885403995635,completed,1.9513770939956885,55.543760662355226,34.1130256652832
456,1,0,1.9,1.9005847109947354,completed,1.9600636159884743,60.063615988474425,34.08201599121094
457,2,0,1.9041666666666666,1.9052000890078489,completed,1.9717477119993418,67.58104533267529,34.1976318359375
458,3,0,1.9083333333333332,1.9097774350084364,completed,1.976994911005022,68.66157767168879,34.04108810424805
459,0,0,1.9124999999999999,1.9143590390158352,dropped_queue_full,,,
460,1,1,1.9166666666666667,1.9167440200108103,dropped_queue_full,,,
461,2,1,1.9208333333333334,1.9208426859986503,dropped_queue_full,,,
462,3,1,1.925,1.9250573030149098,dropped_queue_full,,,
463,0,1,1.9291666666666667,1.929266157996608,completed,1.9855375199986156,56.37085333194891,34.02732849121094
464,1,0,1.9333333333333333,1.9338682510133367,completed,1.9963426270114724,63.00929367813901,33.97449493408203
465,2,0,1.9375,1.9383987080072984,completed,2.0055832809885032,68.08328098850325,33.95993423461914
466,3,0,1.9416666666666667,1.9430088959925342,completed,2.011123656993732,69.4569903270652,33.96518325805664
467,0,0,1.9458333333333333,1.9477411159896292,dropped_queue_full,,,
468,1,1,1.95,1.9501082930073608,dropped_queue_full,,,
469,2,1,1.9541666666666666,1.9542147539905272,dropped_queue_full,,,
470,3,1,1.9583333333333333,1.9584779829892796,dropped_queue_full,,,
471,0,1,1.9625,1.9625813690072391,completed,2.0195461369876284,57.0461369876285,34.00262451171875
472,1,0,1.9666666666666666,1.9671600470028352,completed,2.029777735006064,63.11106833939761,34.11270523071289
473,2,0,1.9708333333333332,1.9717407090065535,completed,2.0389491980022285,68.1158646688953,34.080318450927734
474,3,0,1.9749999999999999,1.9768189770111348,dropped_queue_full,,,
475,0,0,1.9791666666666667,1.9792141969955992,dropped_queue_full,,,
476,1,1,1.9833333333333334,1.9834791389876045,dropped_queue_full,,,
477,2,1,1.9875,1.9875989360152744,dropped_queue_full,,,
478,3,1,1.9916666666666667,1.9916861800011247,completed,2.045325151004363,53.65848433769615,34.05779266357422
479,0,1,1.9958333333333333,1.9963361939880997,completed,2.0538018440129235,57.96851067959019,34.06415939331055
480,1,0,2.0,2.0010224870056845,completed,2.062990289996378,62.990289996378124,33.86076736450195
481,2,0,2.0041666666666664,2.0055763779964764,completed,2.072240743000293,68.07407633362672,33.868736267089844
482,3,0,2.0083333333333333,2.0101957939914428,dropped_queue_full,,,
483,0,0,2.0125,2.012547641992569,dropped_queue_full,,,
484,1,1,2.0166666666666666,2.016739284998039,dropped_queue_full,,,
485,2,1,2.0208333333333335,2.020880552008748,dropped_queue_full,,,
486,3,1,2.025,2.02500091001275,completed,2.0793262440129183,54.32624401291841,33.8438720703125
487,0,1,2.029166666666667,2.0297713420004584,completed,2.0878034589986783,58.63679233201147,33.87139129638672
488,1,0,2.033333333333333,2.034366993000731,completed,2.100929364009062,67.59603067572861,33.84899139404297
489,2,0,2.0375,2.0389420950086787,completed,2.1062076920061372,68.70769200613714,33.8682861328125
490,3,0,2.0416666666666665,2.044056200014893,dropped_queue_full,,,
491,0,0,2.0458333333333334,2.0459601469920017,dropped_queue_full,,,
492,1,1,2.05,2.0500686620071065,dropped_queue_full,,,
493,2,1,2.0541666666666667,2.0542796420049854,dropped_queue_full,,,
494,3,1,2.058333333333333,2.0583731480001006,completed,2.11329104800825,54.95771467491694,33.87974548339844
495,0,1,2.0625,2.062983757001348,completed,2.1218023780093063,59.30237800930627,33.94131088256836
496,1,0,2.0666666666666664,2.0676057579985354,completed,2.134462849004194,67.79618233752771,34.00307083129883
497,2,0,2.0708333333333333,2.072233660001075,completed,2.139035286003491,68.20195267015761,33.8787841796875
498,3,0,2.075,2.0769487569923513,dropped_queue_full,,,
499,0,0,2.0791666666666666,2.0791710590128787,dropped_queue_full,,,
500,1,1,2.0833333333333335,2.0834237379895058,dropped_queue_full,,,
501,2,1,2.0875,2.087636701995507,dropped_queue_full,,,
502,3,1,2.091666666666667,2.091741849988466,completed,2.1474304540024605,55.76378733579368,34.01945495605469
503,0,1,2.095833333333333,2.0963376910076477,completed,2.155929570988519,60.0962376551859,34.00352096557617
504,1,0,2.1,2.1009227920148987,completed,2.16780657399795,67.8065739979501,34.031585693359375
505,2,0,2.1041666666666665,2.106199926987756,completed,2.173051307006972,68.8846403403054,34.00086212158203
506,3,0,2.1083333333333334,2.111248948989669,dropped_queue_full,,,
507,0,0,2.1125,2.11265228499542,dropped_queue_full,,,
508,1,1,2.1166666666666667,2.116753937007161,dropped_queue_full,,,
509,2,1,2.120833333333333,2.1208687539910898,dropped_queue_full,,,
510,3,1,2.125,2.1251094799954444,completed,2.181590590014821,56.59059001482092,34.049598693847656
511,0,1,2.1291666666666664,2.1298601150047034,completed,2.192750049987808,63.58338332114144,34.09193420410156
512,1,0,2.1333333333333333,2.1344565270119347,completed,2.201942613988649,68.6092806553158,34.05974578857422
513,2,0,2.1375,2.139028231991688,completed,2.2073297679889947,69.82976798899455,34.03763198852539
514,3,0,2.1416666666666666,2.143623412004672,dropped_queue_full,,,
515,0,0,2.1458333333333335,2.1458461250003893,dropped_queue_full,,,
516,1,1,2.15,2.1501078509900253,dropped_queue_full,,,
517,2,1,2.154166666666667,2.1543436580104753,dropped_queue_full,,,
518,3,1,2.158333333333333,2.1584303110139444,completed,2.2158047480043024,57.47141467096917,34.0951042175293
519,0,1,2.1625,2.1631768090010155,completed,2.2255367359903175,63.03673599031745,34.020511627197266
520,1,0,2.1666666666666665,2.1678002219996415,completed,2.234639689006144,67.97302233947767,34.001121520996094
521,2,0,2.1708333333333334,2.1724027449963614,dropped_queue_full,,,
522,3,0,2.175,2.175110448995838,dropped_queue_full,,,
523,0,0,2.1791666666666667,2.179214887000853,dropped_queue_full,,,
524,1,1,2.183333333333333,2.183479007013375,dropped_queue_full,,,
525,2,1,2.1875,2.1875821120047476,completed,2.241431892995024,53.9318929950241,33.92879867553711
526,3,1,2.1916666666666664,2.192744428990409,completed,2.2499625890050083,58.29592233834191,33.969825744628906
527,0,1,2.1958333333333333,2.1973610899876803,completed,2.2588561050069984,63.022771673665105,33.90892791748047
528,1,0,2.2,2.2019364119914826,completed,2.26862290900317,68.62290900317004,33.953983306884766
529,2,0,2.2041666666666666,2.2067010030150414,dropped_queue_full,,,
530,3,0,2.2083333333333335,2.2084408980153967,dropped_queue_full,,,
531,0,0,2.2125,2.2126371299964376,dropped_queue_full,,,
532,1,1,2.216666666666667,2.2167540510126855,dropped_queue_full,,,
533,2,1,2.220833333333333,2.220900868996978,completed,2.2754339879902545,54.60065465692132,33.93244934082031
534,3,1,2.225,2.2255315160145983,completed,2.2839082370046526,58.908237004652534,33.8955192565918
535,0,1,2.2291666666666665,2.230080587993143,completed,2.2967789880058262,67.61232133915973,33.88524627685547
536,1,0,2.2333333333333334,2.2346332170127425,completed,2.3013882449886296,68.0549116552962,33.83497619628906
537,2,0,2.2375,2.23920889000874,dropped_queue_full,,,
538,3,0,2.2416666666666667,2.241752472007647,dropped_queue_full,,,
539,0,0,2.245833333333333,2.245843924989458,dropped_queue_full,,,
540,1,1,2.25,2.25012351499754,dropped_queue_full,,,
541,2,1,2.2541666666666664,2.254213003994664,completed,2.3094331180036534,55.26645133698693,33.88719940185547
542,3,1,2.2583333333333333,2.2588506040046923,completed,2.3179599560098723,59.62662267653896,33.96384048461914
543,0,1,2.2625,2.26349277299596,completed,2.3301502550020814,67.65025500208122,33.9884147644043
544,1,0,2.2666666666666666,2.2686162859899923,completed,2.335113854991505,68.44718832483832,33.95065689086914
545,2,0,2.2708333333333335,2.2732060860143974,dropped_queue_full,,,
546,3,0,2.275,2.2751097019936424,dropped_queue_full,,,
547,0,0,2.279166666666667,2.2792144099948928,dropped_queue_full,,,
548,1,1,2.283333333333333,2.2834245479898527,dropped_queue_full,,,
549,2,1,2.2875,2.2875308090006,completed,2.343488954997156,55.98895499715573,33.89420700073242
550,3,1,2.2916666666666665,2.2921433619922027,completed,2.354707366990624,63.04070032395748,33.939937591552734
551,0,1,2.2958333333333334,2.2967735280108172,completed,2.3638469699944835,68.01363666115012,33.91651153564453
552,1,0,2.3,2.3013816619932186,completed,2.369219696993241,69.21969699324126,33.983360290527344
553,2,0,2.3041666666666667,2.3059490990126505,dropped_queue_full,,,
554,3,0,2.308333333333333,2.308479105005972,dropped_queue_full,,,
555,0,0,2.3125,2.3125821700086817,dropped_queue_full,,,
556,1,1,2.3166666666666664,2.3166883710073307,dropped_queue_full,,,
557,2,1,2.3208333333333333,2.3209558780072257,completed,2.377647457004059,56.814123670725806,33.908897399902344
558,3,1,2.325,2.3255867150146514,completed,2.3881277269974817,63.12772699748148,33.928672790527344
559,0,1,2.3291666666666666,2.3301449049904477,completed,2.3973068550112657,68.14018834459912,33.899295806884766
560,1,0,2.3333333333333335,2.3347407260152977,dropped_queue_full,,,
561,2,0,2.3375,2.337638981989585,dropped_queue_full,,,
562,3,0,2.341666666666667,2.341741184995044,dropped_queue_full,,,
563,0,0,2.345833333333333,2.3458554609969724,dropped_queue_full,,,
564,1,1,2.35,2.3500545780116227,completed,2.4033238459960558,53.32384599605567,33.842079162597656
565,2,1,2.3541666666666665,2.354699823015835,completed,2.411643520987127,57.47685432046046,33.88479995727539
566,3,1,2.3583333333333334,2.3592758960148785,completed,2.421390338015044,63.057004681710715,33.96886444091797
567,0,1,2.3625,2.3638415400055237,completed,2.4308359019923955,68.33590199239569,34.00467300415039
568,1,0,2.3666666666666667,2.3684134949871805,dropped_queue_full,,,
569,2,0,2.370833333333333,2.3708920839999337,dropped_queue_full,,,
570,3,0,2.375,2.3750066710053943,dropped_queue_full,,,
571,0,0,2.3791666666666664,2.3792276789899915,dropped_queue_full,,,
572,1,1,2.3833333333333333,2.3834759400051553,completed,2.437483229994541,54.149896661207734,34.054847717285156
573,2,1,2.3875,2.3881201529875398,completed,2.445853942015674,58.35394201567379,34.09366226196289
574,3,1,2.3916666666666666,2.3927169360104017,completed,2.4546570660022553,62.9903993355887,34.189918518066406
575,0,1,2.3958333333333335,2.3973013749928214,completed,2.463750641007209,67.91730767387571,34.2542724609375
576,1,0,2.4,2.4018872570013627,dropped_queue_full,,,
577,2,0,2.404166666666667,2.4042755140108056,dropped_queue_full,,,
578,3,0,2.408333333333333,2.408370983990608,dropped_queue_full,,,
579,0,0,2.4125,2.4125923440151382,dropped_queue_full,,,
580,1,1,2.4166666666666665,2.4167379990103655,completed,2.4718571720004547,55.190505333788224,34.27302551269531
581,2,1,2.4208333333333334,2.4213827429921366,completed,2.4804106609954033,59.57732766206991,34.34310531616211
582,3,1,2.425,2.426251883007353,completed,2.4926288920105435,67.62889201054367,34.373470306396484
583,0,1,2.4291666666666667,2.4308306720049586,completed,2.4974938849918544,68.32721832518773,34.39209747314453
584,1,0,2.433333333333333,2.4354196400090586,dropped_queue_full,,,
585,2,0,2.4375,2.4376462300133426,dropped_queue_full,,,
586,3,0,2.4416666666666664,2.4417415999923833,dropped_queue_full,,,
587,0,0,2.4458333333333333,2.4458464779891074,dropped_queue_full,,,
588,1,1,2.45,2.4500550930097234,completed,2.5063267149962485,56.326714996248306,34.387264251708984
589,2,1,2.4541666666666666,2.454649260995211,completed,2.517226321011549,63.059654344882254,34.33251190185547
590,3,1,2.4583333333333335,2.459196960000554,completed,2.526623173005646,68.28983967231261,34.35145568847656
591,0,1,2.4625,2.463745471002767,completed,2.5319641290116124,69.46412901161247,34.30668640136719
592,1,0,2.466666666666667,2.468398069991963,dropped_queue_full,,,
593,2,0,2.470833333333333,2.4709027080098167,dropped_queue_full,,,
594,3,0,2.475,2.4750071160087828,dropped_queue_full,,,
595,0,0,2.4791666666666665,2.4792659860104322,dropped_queue_full,,,
596,1,1,2.4833333333333334,2.4834242560027633,completed,2.5407474850071594,57.41415167382602,34.295616149902344
597,2,1,2.4875,2.488061826006742,completed,2.550489382003434,62.98938200343418,34.39948654174805
598,3,1,2.4916666666666667,2.492621457990026,completed,2.5601439340098295,68.47726734316284,34.34646224975586
599,0,1,2.495833333333333,2.4971877229982056,dropped_queue_full,,,
600,1,0,2.5,2.5000219870125875,dropped_queue_full,,,
601,2,0,2.5041666666666664,2.5042666110093705,dropped_queue_full,,,
602,3,0,2.5083333333333333,2.508381288003875,dropped_queue_full,,,
603,0,0,2.5125,2.5126355699903797,completed,2.5664333419990726,53.933341999072404,34.39958572387695
604,1,1,2.5166666666666666,2.517219467990799,completed,2.575383654999314,58.71698833264727,34.38307189941406
605,2,1,2.5208333333333335,2.521777698013466,completed,2.5838424550020136,63.00912166868011,34.305728912353516
606,3,1,2.525,2.526615679002134,completed,2.593003357993439,68.00335799343893,34.330814361572266
607,0,1,2.529166666666667,2.5311835260072257,dropped_queue_full,,,
608,1,0,2.533333333333333,2.533390338998288,dropped_queue_full,,,
609,2,0,2.5375,2.5375811000121757,dropped_queue_full,,,
610,3,0,2.5416666666666665,2.5416973299870733,dropped_queue_full,,,
611,0,0,2.5458333333333334,2.5458991519990377,completed,2.601010148995556,55.176815662222545,34.31999969482422
612,1,1,2.55,2.5504823490045965,completed,2.609750573989004,59.750573989004074,34.29033660888672
613,2,1,2.5541666666666667,2.555118346004747,completed,2.6217432460107375,67.5765793440708,34.28403091430664
614,3,1,2.558333333333333,2.560132802987937,completed,2.6267370730056427,68.40373967230961,34.28815841674805
615,0,1,2.5625,2.5648529900063295,dropped_queue_full,,,
616,1,0,2.5666666666666664,2.5667542520095594,dropped_queue_full,,,
617,2,0,2.5708333333333333,2.570951003988739,dropped_queue_full,,,
618,3,0,2.575,2.5750568140065297,dropped_queue_full,,,
619,0,0,2.5791666666666666,2.579246614011936,completed,2.635432162001962,56.265495335295235,34.30070495605469
620,1,1,2.5833333333333335,2.583835380995879,completed,2.6464762130053714,63.14287967203791,34.32233428955078
621,2,1,2.5875,2.588426703994628,completed,2.655622148013208,68.12214801320815,34.33491134643555
622,3,1,2.591666666666667,2.59299565400579,completed,2.6612854360137135,69.6187693470467,34.37014389038086
623,0,1,2.595833333333333,2.597669993992895,dropped_queue_full,,,
624,1,0,2.6,2.600056847993983,dropped_queue_full,,,
625,2,0,2.6041666666666665,2.604268649010919,dropped_queue_full,,,
626,3,0,2.6083333333333334,2.608479148009792,dropped_queue_full,,,
627,0,0,2.6125,2.612583906011423,completed,2.669799500989029,57.29950098902936,34.34617614746094
628,1,1,2.6166666666666667,2.6171687460155226,completed,2.679834184003994,63.16751733732717,34.32969665527344
629,2,1,2.620833333333333,2.6217359529982787,completed,2.689187623007456,68.35428967412271,34.29017639160156
630,3,1,2.625,2.6262988910020795,dropped_queue_full,,,
631,0,1,2.6291666666666664,2.6292654770077206,dropped_queue_full,,,
632,1,0,2.6333333333333333,2.6333723189891316,dropped_queue_full,,,
633,2,0,2.6375,2.6376356779946946,dropped_queue_full,,,
634,3,0,2.6416666666666666,2.641742931009503,completed,2.695711978012696,54.0453113460293,34.33852767944336
635,0,0,2.6458333333333335,2.6464696699986234,completed,2.7042718890006654,58.43855566733191,34.318302154541016
636,1,1,2.65,2.6510428079927806,completed,2.7130099190108012,63.009919010801326,34.262081146240234
637,2,1,2.654166666666667,2.6556150339893065,completed,2.7221630979911424,67.99643132447564,34.386207580566406
638,3,1,2.658333333333333,2.660190505994251,dropped_queue_full,,,
639,0,1,2.6625,2.6625517219945323,dropped_queue_full,,,
640,1,0,2.6666666666666665,2.6667934700089972,dropped_queue_full,,,
641,2,0,2.6708333333333334,2.6709074859973043,dropped_queue_full,,,
642,3,0,2.675,2.675108346011257,completed,2.730172935000155,55.1729350001553,34.37519836425781
643,0,0,2.6791666666666667,2.6798279020003974,completed,2.7387488470121752,59.58218034550855,34.38844680786133
644,1,1,2.683333333333333,2.6845897889870685,completed,2.7509161719935946,67.58283866026149,34.462623596191406
645,2,1,2.6875,2.6891806299972814,completed,2.7561240550130606,68.62405501306057,34.3515510559082
646,3,1,2.6916666666666664,2.693800186010776,dropped_queue_full,,,
647,0,1,2.6958333333333333,2.6958734139916487,dropped_queue_full,,,
648,1,0,2.7,2.7000564009940717,dropped_queue_full,,,
649,2,0,2.7041666666666666,2.7042662689927965,dropped_queue_full,,,
650,3,0,2.7083333333333335,2.7083751450118143,completed,2.7646476280060597,56.31429467272619,34.3023681640625
651,0,0,2.7125,2.713003026001388,completed,2.776176980987657,63.67698098765695,34.31238555908203
652,1,1,2.716666666666667,2.7175781179976184,completed,2.78543635099777,68.76968433110342,34.26428985595703
653,2,1,2.720833333333333,2.7221560050093103,completed,2.7906301580078434,69.7968246745102,34.2922248840332
654,3,1,2.725,2.726743750012247,dropped_queue_full,,,
655,0,1,2.7291666666666665,2.7292184910038486,dropped_queue_full,,,
656,1,0,2.7333333333333334,2.7334238000039477,dropped_queue_full,,,
657,2,0,2.7375,2.737636442994699,dropped_queue_full,,,
658,3,0,2.7416666666666667,2.74174152201158,completed,2.7992769349948503,57.61026832818361,34.39161682128906
659,0,0,2.745833333333333,2.7463443460001145,completed,2.8088531770044938,63.01984367116064,34.44153594970703
660,1,1,2.75,2.750909799011424,completed,2.8180896239937283,68.08962399372831,34.33760070800781
661,2,1,2.7541666666666664,2.7554751220159233,dropped_queue_full,,,
662,3,1,2.7583333333333333,2.7584784379869234,dropped_queue_full,,,
663,0,1,2.7625,2.762582054012455,dropped_queue_full,,,
664,1,0,2.7666666666666666,2.766701018990716,dropped_queue_full,,,
665,2,0,2.7708333333333335,2.7708984529890586,completed,2.8249065540148877,54.073220681554176,34.27199935913086
666,3,0,2.775,2.7761712800129317,completed,2.8335400559881236,58.540055988123726,34.221248626708984
667,0,0,2.779166666666667,2.7808440669905394,completed,2.842171091993805,63.004425327138236,34.09062576293945
668,1,1,2.783333333333333,2.7854298889869824,completed,2.8512811489927117,67.94781565937846,34.09088134765625
669,2,1,2.7875,2.789979952998692,dropped_queue_full,,,
670,3,1,2.7916666666666665,2.7917388239875436,dropped_queue_full,,,
671,0,1,2.7958333333333334,2.795950485015055,dropped_queue_full,,,
672,1,0,2.8,2.8000680269906297,dropped_queue_full,,,
673,2,0,2.8041666666666667,2.8042663230153266,completed,2.8590706670074724,54.904000340805666,34.019935607910156
674,3,0,2.808333333333333,2.8088480370061006,completed,2.8676971750101075,59.36384167677433,34.02044677734375
675,0,0,2.8125,2.8134320660028607,completed,2.8801294740114827,67.62947401148267,33.98672103881836
676,1,1,2.8166666666666664,2.8180833520018496,completed,2.8848780849948525,68.21141832818611,33.93324661254883
677,2,1,2.8208333333333333,2.8226955739955883,dropped_queue_full,,,
678,3,1,2.825,2.8250683920050506,dropped_queue_full,,,
679,0,1,2.8291666666666666,2.8292661260056775,dropped_queue_full,,,
680,1,0,2.8333333333333335,2.833370723994449,dropped_queue_full,,,
681,2,0,2.8375,2.837583167012781,completed,2.8933278970071115,55.827897007111545,34.01628875732422
682,3,0,2.841666666666667,2.8421658019942697,completed,2.9047106110083405,63.04394434167371,33.907711029052734
683,0,0,2.845833333333333,2.846731947007356,completed,2.9138800110085867,68.04667767525352,33.973697662353516
684,1,1,2.85,2.8512744159961585,completed,2.918926296988502,68.92629698850206,33.98758316040039
685,2,1,2.8541666666666665,2.8564026890089735,dropped_queue_full,,,
686,3,1,2.8583333333333334,2.858431222004583,dropped_queue_full,,,
687,0,1,2.8625,2.862635980010964,dropped_queue_full,,,
688,1,0,2.8666666666666667,2.8667400770063978,dropped_queue_full,,,
689,2,0,2.870833333333333,2.8709540929994546,completed,2.927547314990079,56.7139816567459,34.10889434814453
690,3,0,2.875,2.875577755999984,completed,2.938019429013366,63.01942901336588,34.17705535888672
691,0,0,2.8791666666666664,2.8801244240021333,completed,2.9472272119892295,68.06054532256312,34.0494384765625
692,1,1,2.8833333333333333,2.884703632997116,dropped_queue_full,,,
693,2,1,2.8875,2.8875305039982777,dropped_queue_full,,,
694,3,1,2.8916666666666666,2.8917387980036438,dropped_queue_full,,,
695,0,1,2.8958333333333335,2.89585435698973,dropped_queue_full,,,
696,1,0,2.9,2.900056670012418,completed,2.9530942479905207,53.094247990520756,34.07404708862305
697,2,0,2.904166666666667,2.9047030869987793,completed,2.9616958989936393,57.52923232697249,34.0261116027832
698,3,0,2.908333333333333,2.9093058909929823,completed,2.971330661996035,62.99732866270169,34.00096130371094
699,0,0,2.9125,2.9138747109973338,completed,2.980508959008148,68.00895900814785,34.03420639038086
700,1,1,2.9166666666666665,2.9184337919868995,dropped_queue_full,,,
701,2,1,2.9208333333333334,2.9209575259883422,dropped_queue_full,,,
702,3,1,2.925,2.9250566640112083,dropped_queue_full,,,
703,0,1,2.9291666666666667,2.9292658799968194,dropped_queue_full,,,
704,1,0,2.933333333333333,2.9333710889914073,completed,2.9872711549978703,53.937821664537196,33.96432113647461
705,2,0,2.9375,2.9380118350090925,completed,2.9955892270081677,58.089227008167654,33.75494384765625
706,3,0,2.9416666666666664,2.942583480005851,completed,3.005195386998821,63.52872033215462,33.74790573120117
707,0,0,2.9458333333333333,2.9472219120070804,completed,3.0143606679921504,68.52733465881711,33.79964828491211
708,1,1,2.95,2.9518132240045816,dropped_queue_full,,,
709,2,1,2.9541666666666666,2.954202974011423,dropped_queue_full,,,
710,3,1,2.9583333333333335,2.9583727749995887,dropped_queue_full,,,
711,0,1,2.9625,2.9626358640089165,dropped_queue_full,,,
712,1,0,2.966666666666667,2.966739219991723,completed,3.0211674490128644,54.500782346197596,33.85260772705078
713,2,0,2.970833333333333,2.971322928002337,completed,3.029704006999964,58.87067366663068,34.100257873535156
714,3,0,2.975,2.9758811469946522,completed,3.042734530987218,67.73453098721794,34.15955352783203
715,0,0,2.9791666666666665,2.9805038289923687,completed,3.047338848002255,68.17218133558845,34.15654373168945
716,1,1,2.9833333333333334,2.985071806993801,dropped_queue_full,,,
717,2,1,2.9875,2.9875917239987757,dropped_queue_full,,,
718,3,1,2.9916666666666667,2.99168925799313,dropped_queue_full,,,
719,0,1,2.995833333333333,2.995907812000951,dropped_queue_full,,,
720,1,0,3.0,3.0000012989912648,completed,3.055535138992127,55.53513899212703,34.199134826660156
721,2,0,3.0041666666666664,3.0051877119985875,completed,3.063853672007099,59.687005340432364,34.013729095458984
722,3,0,3.0083333333333333,3.0097614609985612,completed,3.0764229200140107,68.08958668067744,34.04732894897461
723,0,0,3.0125,3.0143552880035713,completed,3.080985378008336,68.48537800833566,34.029537200927734
724,1,1,3.0166666666666666,3.0190953930141404,dropped_queue_full,,,
725,2,1,3.0208333333333335,3.020843904989306,dropped_queue_full,,,
726,3,1,3.025,3.025056618003873,dropped_queue_full,,,
727,0,1,3.029166666666667,3.02921879501082,dropped_queue_full,,,
728,1,0,3.033333333333333,3.0334243339893874,completed,3.089588120987173,56.254787653839955,33.965087890625
729,2,0,3.0375,3.0381185619917233,completed,3.0979589729977306,60.45897299773051,33.97836685180664
730,3,0,3.0416666666666665,3.042726846993901,completed,3.1091463470074814,67.47968034081487,33.99497604370117
731,0,0,3.0458333333333334,3.047333238006104,completed,3.1150129520101473,69.17961867681387,33.96723175048828
732,1,1,3.05,3.0519132880144753,dropped_queue_full,,,
733,2,1,3.0541666666666667,3.0542659680068027,dropped_queue_full,,,
734,3,1,3.058333333333333,3.05837288001203,dropped_queue_full,,,
735,0,1,3.0625,3.062582927988842,dropped_queue_full,,,
736,1,0,3.0666666666666664,3.066686414007563,completed,3.123693381989142,57.026715322475496,33.927616119384766
737,2,0,3.0708333333333333,3.071790529997088,completed,3.1338115640101023,62.978230676769,33.96543884277344
738,3,0,3.075,3.0764155260112602,completed,3.1429949500015937,67.99495000159351,33.9541130065918
739,0,0,3.0791666666666666,3.0809798169939313,completed,3.149036276998231,69.86961033156459,33.94019317626953
740,1,1,3.0833333333333335,3.0856301719904877,dropped_queue_full,,,
741,2,1,3.0875,3.0875429259904195,dropped_queue_full,,,
742,3,1,3.091666666666667,3.091793741012225,dropped_queue_full,,,
743,0,1,3.095833333333333,3.0958996709960047,dropped_queue_full,,,
744,1,0,3.1,3.10001223400468,completed,3.1578012880054303,57.801288005430166,33.97894287109375
745,2,0,3.1041666666666665,3.1045789399940986,completed,3.1671405610104557,62.9738943437892,33.92668914794922
746,3,0,3.1083333333333334,3.1091384920000564,completed,3.1764182260085363,68.0848926752029,33.87116622924805
747,0,0,3.1125,3.113731968012871,dropped_queue_full,,,
748,1,1,3.1166666666666667,3.1167420159908943,dropped_queue_full,,,
749,2,1,3.120833333333333,3.1208454919978976,dropped_queue_full,,,
750,3,1,3.125,3.1251084200048354,dropped_queue_full,,,
751,0,1,3.1291666666666664,3.1291798049933277,completed,3.183065384015208,53.89871734854168,33.893089294433594
752,1,0,3.1333333333333333,3.13380464099464,completed,3.1916927529964596,58.3594196631263,33.7869758605957
753,2,0,3.1375,3.138418807007838,completed,3.2005278980068397,63.0278980068395,33.88297653198242
754,3,0,3.1416666666666666,3.14298751601018,completed,3.209710602997802,68.0439363311356,33.98876953125
755,0,0,3.1458333333333335,3.148228422011016,dropped_queue_full,,,
756,1,1,3.15,3.1501110589888413,dropped_queue_full,,,
757,2,1,3.154166666666667,3.1542134119954426,dropped_queue_full,,,
758,3,1,3.158333333333333,3.158437297010096,dropped_queue_full,,,
759,0,1,3.1625,3.162529410998104,completed,3.217107725009555,54.60772500955491,33.96140670776367
760,1,0,3.1666666666666665,3.167133526992984,completed,3.2259308669890743,59.26420032240776,34.011104583740234
761,2,0,3.1708333333333334,3.1718084780150093,completed,3.2348744370101485,64.04110367681514,33.9051513671875
762,3,0,3.175,3.1764107620110735,completed,3.2446273259993177,69.62732599931786,33.98134231567383
763,0,0,3.1791666666666667,3.181002986006206,dropped_queue_full,,,
764,1,1,3.183333333333333,3.183386213000631,dropped_queue_full,,,
765,2,1,3.1875,3.1875812629878055,dropped_queue_full,,,
766,3,1,3.1916666666666664,3.1916862310026772,dropped_queue_full,,,
767,0,1,3.1958333333333333,3.1958983929944225,completed,3.25127118700766,55.437853674326746,33.93510437011719
768,1,0,3.2,3.200520904996665,completed,3.2600145470059942,60.01454700599407,33.95552062988281
769,2,0,3.2041666666666666,3.2051158339891117,completed,3.2718087729881518,67.64210632148516,33.87923049926758
770,3,0,3.2083333333333335,3.2097028580028564,completed,3.276997870998457,68.66453766512359,33.88995361328125
771,0,0,3.2125,3.2143682210007682,dropped_queue_full,,,
772,1,1,3.216666666666667,3.2167838999885134,dropped_queue_full,,,
773,2,1,3.220833333333333,3.2209467590146232,dropped_queue_full,,,
774,3,1,3.225,3.2251279919873923,dropped_queue_full,,,
775,0,1,3.2291666666666665,3.2293206870090216,completed,3.2851717690064106,56.0051023397441,33.88777542114258
776,1,0,3.2333333333333334,3.2348671439976897,completed,3.293958511989331,60.62517865599748,33.84675216674805
777,2,0,3.2375,3.239476629998535,completed,3.30588647199329,68.38647199329006,33.81526565551758
778,3,0,3.2416666666666667,3.2446192000061274,completed,3.3110151450091507,69.34847834248403,33.913246154785156
779,0,0,3.245833333333333,3.2492370629915968,dropped_queue_full,,,
780,1,1,3.25,3.250039848004235,dropped_queue_full,,,
781,2,1,3.2541666666666664,3.2543233949982096,dropped_queue_full,,,
782,3,1,3.2583333333333333,3.2584268409991637,dropped_queue_full,,,
783,0,1,3.2624999999999997,3.2626364679890685,completed,3.3194286590151023,56.92865901510258,33.99321746826172
784,1,0,3.2666666666666666,3.2672546920075547,completed,3.3281982190092094,61.53155234254282,34.04073715209961
785,2,0,3.2708333333333335,3.271801819995744,completed,3.339339274010854,68.50594067752036,34.25833511352539
786,3,0,3.275,3.2769896250101738,completed,3.3451753609988373,70.17536099883736,34.26358413696289
787,0,0,3.279166666666667,3.2821500390127767,dropped_queue_full,,,
788,1,1,3.283333333333333,3.2834315840154886,dropped_queue_full,,,
789,2,1,3.2875,3.287638195004547,dropped_queue_full,,,
790,3,1,3.2916666666666665,3.2917398769932333,dropped_queue_full,,,
791,0,1,3.2958333333333334,3.2958537620143034,completed,3.3537996849918272,57.96635165849384,34.24915313720703
792,1,0,3.3,3.30127970999456,completed,3.3631064550136216,63.106455013621776,34.307647705078125
793,2,0,3.3041666666666667,3.30587936899974,completed,3.3727900910016615,68.6234243349948,34.162654876708984
794,3,0,3.308333333333333,3.311007129988866,completed,3.379597332997946,71.26399966461294,34.22972869873047
795,0,0,3.3125,3.315647054987494,dropped_queue_full,,,
796,1,1,3.3166666666666664,3.316767282987712,dropped_queue_full,,,
797,2,1,3.3208333333333333,3.320853456010809,dropped_queue_full,,,
798,3,1,3.3249999999999997,3.3250534939870704,dropped_queue_full,,,
799,0,1,3.3291666666666666,3.3292709160014056,completed,3.3881210760155227,58.954409348856096,34.2611198425293
800,1,0,3.3333333333333335,3.3341484630072955,completed,3.4010127870133147,67.67945367998118,34.1736946105957
801,2,0,3.3375,3.3393317490117624,completed,3.406227052997565,68.72705299756498,34.159423828125
802,3,0,3.341666666666667,3.3440516059927177,dropped_queue_full,,,
803,0,0,3.345833333333333,3.34595236700261,dropped_queue_full,,,
804,1,1,3.35,3.3500583969871514,dropped_queue_full,,,
805,2,1,3.3541666666666665,3.3542781230062246,dropped_queue_full,,,
806,3,1,3.3583333333333334,3.3583908269938547,completed,3.413799478992587,55.46614565925356,34.16783905029297
807,0,1,3.3625,3.3630999230081216,completed,3.4223256960103754,59.82569601037557,34.12713623046875
808,1,0,3.3666666666666667,3.367696494999109,completed,3.4352630639914423,68.59639732477562,34.1324462890625
809,2,0,3.370833333333333,3.372776005009655,completed,3.440395414014347,69.56208068101377,34.187713623046875
810,3,0,3.375,3.3773879159998614,dropped_queue_full,,,
811,0,0,3.3791666666666664,3.379272135993233,dropped_queue_full,,,
812,1,1,3.3833333333333333,3.383415046002483,dropped_queue_full,,,
813,2,1,3.3874999999999997,3.3876364160096273,dropped_queue_full,,,
814,3,1,3.3916666666666666,3.391742395993788,completed,3.4480103910027537,56.34372433608714,34.12681579589844
815,0,1,3.3958333333333335,3.396435241011204,completed,3.45659315600642,60.759822673086546,34.07379150390625
816,1,0,3.4,3.4010062550078146,completed,3.4678944349871017,67.89443498710179,34.18694305419922
817,2,0,3.404166666666667,3.4062196190061513,completed,3.4738101339899004,69.64346732323357,34.15129470825195
818,3,0,3.408333333333333,3.4114139970042743,dropped_queue_full,,,
819,0,0,3.4125,3.4125331529940013,dropped_queue_full,,,
820,1,1,3.4166666666666665,3.416796803008765,dropped_queue_full,,,
821,2,1,3.4208333333333334,3.4208956400107127,dropped_queue_full,,,
822,3,1,3.425,3.425009203987429,completed,3.482596646004822,57.59664600482228,34.3768310546875
823,0,1,3.4291666666666667,3.4303758190071676,completed,3.4924193560145795,63.252689347912835,34.45062255859375
824,1,0,3.433333333333333,3.4352564009896014,completed,3.502224703988759,68.89137065542572,34.426334381103516
825,2,0,3.4375,3.4403872590046376,completed,3.508488223014865,70.98822301486507,34.55481719970703
826,3,0,3.4416666666666664,3.4449834499973804,dropped_queue_full,,,
827,0,0,3.4458333333333333,3.4459528620063793,dropped_queue_full,,,
828,1,1,3.4499999999999997,3.4500545340124518,dropped_queue_full,,,
829,2,1,3.4541666666666666,3.454210549010895,dropped_queue_full,,,
830,3,1,3.4583333333333335,3.4584804509941023,completed,3.5171237380127423,58.790404679408766,34.48668670654297
831,0,1,3.4625,3.4633072009892203,completed,3.526063080993481,63.563080993481066,34.42607879638672
832,1,0,3.466666666666667,3.4678881730069406,completed,3.5361869529879186,69.52028632125185,34.38576126098633
833,2,0,3.470833333333333,3.4731619819940533,dropped_queue_full,,,
834,3,0,3.475,3.4750769399979617,dropped_queue_full,,,
835,0,0,3.4791666666666665,3.4792655569908675,dropped_queue_full,,,
836,1,1,3.4833333333333334,3.483390153007349,dropped_queue_full,,,
837,2,1,3.4875,3.4875808139913715,completed,3.5429561029886827,55.456102988682865,34.356895446777344
838,3,1,3.4916666666666667,3.4924138160131406,completed,3.551644549006596,59.97788233992951,34.368255615234375
839,0,1,3.495833333333333,3.4976043560018297,completed,3.5640524410118815,68.21910767854833,34.41244888305664
840,1,0,3.5,3.5022177810024004,completed,3.568959463009378,68.95946300937794,34.32128143310547
841,2,0,3.5041666666666664,3.50740113799111,dropped_queue_full,,,
842,3,0,3.5083333333333333,3.5084838650072925,dropped_queue_full,,,
843,0,0,3.5124999999999997,3.5125813389895484,dropped_queue_full,,,
844,1,1,3.5166666666666666,3.5167959750106093,dropped_queue_full,,,
845,2,1,3.5208333333333335,3.5208976680005435,completed,3.577490399009548,56.65706567621464,34.26486587524414
846,3,1,3.525,3.5260570390091743,completed,3.5886708089965396,63.67080899653965,34.324737548828125
847,0,1,3.529166666666667,3.5312691210128833,completed,3.5978203309932724,68.65366432660558,34.258399963378906
848,1,0,3.533333333333333,3.536180480994517,completed,3.6034893809992354,70.15604766590222,34.26192092895508
849,2,0,3.5375,3.540761643991573,dropped_queue_full,,,
850,3,0,3.5416666666666665,3.541722900001332,dropped_queue_full,,,
851,0,0,3.5458333333333334,3.545953416993143,dropped_queue_full,,,
852,1,1,3.55,3.5500838640145957,dropped_queue_full,,,
853,2,1,3.5541666666666667,3.5541696159925777,completed,3.6121196660096757,57.95299934300901,34.49049758911133
854,3,1,3.558333333333333,3.5593303499917965,completed,3.621421056013787,63.087722680454036,34.34377670288086
855,0,1,3.5625,3.5640465389878955,completed,3.6305643859959673,68.06438599596731,34.40585708618164
856,1,0,3.5666666666666664,3.568626871012384,dropped_queue_full,,,
857,2,0,3.5708333333333333,3.570856086007552,dropped_queue_full,,,
858,3,0,3.5749999999999997,3.5751205970009323,dropped_queue_full,,,
859,0,0,3.5791666666666666,3.5792281909962185,dropped_queue_full,,,
860,1,1,3.5833333333333335,3.5833706700068433,completed,3.6379625010013115,54.62916766797798,34.3469123840332
861,2,1,3.5875,3.5886624430131633,completed,3.6465937980101444,59.09379801014447,34.31708908081055
862,3,1,3.591666666666667,3.593231172999367,completed,3.659243478992721,67.57681232605428,34.30278396606445
863,0,1,3.595833333333333,3.597815090994118,completed,3.6643663209979422,68.53298766460902,34.29302215576172
864,1,0,3.6,3.602522653993219,dropped_queue_full,,,
865,2,0,3.6041666666666665,3.6042823170137126,dropped_queue_full,,,
866,3,0,3.6083333333333334,3.608372396993218,dropped_queue_full,,,
867,0,0,3.6125,3.6125967320112977,dropped_queue_full,,,
868,1,1,3.6166666666666667,3.6167929340153933,completed,3.6724288080004044,55.76214133373769,34.37180709838867
869,2,1,3.620833333333333,3.6214132409950253,completed,3.6809575099905487,60.124176657215585,34.339744567871094
870,3,1,3.625,3.6259803480061237,completed,3.692784278013278,67.7842780132778,34.4694709777832
871,0,1,3.6291666666666664,3.6305592260032427,completed,3.6982323080010246,69.06564133435822,34.477088928222656
872,1,0,3.6333333333333333,3.6351368330069818,dropped_queue_full,,,
873,2,0,3.6374999999999997,3.6376382150046993,dropped_queue_full,,,
874,3,0,3.6416666666666666,3.641740808991017,dropped_queue_full,,,
875,0,0,3.6458333333333335,3.6459510269924067,dropped_queue_full,,,
876,1,1,3.65,3.650054903002456,completed,3.707061580993468,57.06158099346803,34.38700866699219
877,2,1,3.654166666666667,3.654663447989151,completed,3.71718806901481,63.02140234814324,34.260257720947266
878,3,1,3.658333333333333,3.6592356440087315,completed,3.726349222997669,68.01588966433592,34.264129638671875
879,0,1,3.6625,3.6643609710154124,completed,3.732487494009547,69.98749400954685,34.23990249633789
880,1,0,3.6666666666666665,3.6689805169880856,dropped_queue_full,,,
881,2,0,3.6708333333333334,3.670887379004853,dropped_queue_full,,,
882,3,0,3.675,3.675108678988181,dropped_queue_full,,,
883,0,0,3.6791666666666667,3.6792117540026084,dropped_queue_full,,,
884,1,1,3.683333333333333,3.683478508988628,completed,3.741433468996547,58.10013566321403,34.258209228515625
885,2,1,3.6875,3.6881904609908815,completed,3.750569514988456,63.06951498845592,34.244895935058594
886,3,1,3.6916666666666664,3.692776904004859,completed,3.7597282140050083,68.06154733834191,34.331424713134766
887,0,1,3.6958333333333333,3.697583305009175,dropped_queue_full,,,
888,1,0,3.6999999999999997,3.700108591991011,dropped_queue_full,,,
889,2,0,3.7041666666666666,3.7042140410048887,dropped_queue_full,,,
890,3,0,3.7083333333333335,3.708478512999136,dropped_queue_full,,,
891,0,0,3.7125,3.7125809770077467,completed,3.766958699998213,54.45869999821306,34.30031967163086
892,1,1,3.716666666666667,3.717180815001484,completed,3.7757513940159697,59.08472734930292,34.27667236328125
893,2,1,3.720833333333333,3.7217639519949444,completed,3.7884110040031374,67.57767066980414,34.22895812988281
894,3,1,3.725,3.726341528003104,completed,3.79298216800089,67.98216800088986,34.19094467163086
895,0,1,3.7291666666666665,3.7316780060064048,dropped_queue_full,,,
896,1,0,3.7333333333333334,3.73343912200653,dropped_queue_full,,,
897,2,0,3.7375,3.7376356839959044,dropped_queue_full,,,
898,3,0,3.7416666666666667,3.741753426991636,dropped_queue_full,,,
899,0,0,3.745833333333333,3.745952944998862,completed,3.8012198180076666,55.38648467433349,34.17238235473633
900,1,1,3.75,3.7505623509932775,completed,3.8100674060115125,60.0674060115125,34.12112045288086
901,2,1,3.7541666666666664,3.7551344870007597,completed,3.82208600800368,67.9193413370136,34.13849639892578
902,3,1,3.7583333333333333,3.759720378991915,completed,3.827222807012731,68.88947367939791,34.19750213623047
903,0,1,3.7624999999999997,3.7643017430091277,dropped_queue_full,,,
904,1,0,3.7666666666666666,3.766793616989162,dropped_queue_full,,,
905,2,0,3.7708333333333335,3.77090405501076,dropped_queue_full,,,
906,3,0,3.775,3.775108742993325,dropped_queue_full,,,
907,0,0,3.779166666666667,3.7792138519871514,completed,3.8356958529911935,56.52918632452675,34.13328170776367
908,1,1,3.783333333333333,3.7838220960111357,completed,3.8443832469929475,61.04991365961432,34.15107345581055
909,2,1,3.7875,3.7884037499898113,completed,3.855275600013556,67.77560001355587,34.26639938354492
910,3,1,3.7916666666666665,3.792974033014616,completed,3.8612777419912163,69.6110753245498,34.15599822998047
911,0,1,3.7958333333333334,3.7975679700030014,dropped_queue_full,,,
912,1,0,3.8,3.8001090770121664,dropped_queue_full,,,
913,2,0,3.8041666666666667,3.804215859010583,dropped_queue_full,,,
914,3,0,3.808333333333333,3.808478146995185,dropped_queue_full,,,
915,0,0,3.8125,3.8126377089938615,completed,3.869801133987494,57.30113398749381,34.208831787109375
916,1,1,3.8166666666666664,3.8175048650009558,completed,3.879630347015336,62.963680348669726,34.261024475097656
917,2,1,3.8208333333333333,3.822078994009644,completed,3.888720346003538,67.8870126702047,34.10006332397461
918,3,1,3.8249999999999997,3.8272147410025354,completed,3.8956420049944427,70.64200499444296,34.178367614746094
919,0,1,3.8291666666666666,3.832291836006334,dropped_queue_full,,,
920,1,0,3.8333333333333335,3.8334150199953,dropped_queue_full,,,
921,2,0,3.8375,3.8375921249971725,dropped_queue_full,,,
922,3,0,3.841666666666667,3.841705600003479,dropped_queue_full,,,
923,0,0,3.845833333333333,3.845951346011134,completed,3.9040293089929037,58.195975659570465,34.110816955566406
924,1,1,3.85,3.8506796180154197,completed,3.9137117629870772,63.71176298707715,34.04617691040039
925,2,1,3.8541666666666665,3.8552688070049044,completed,3.9228626580152195,68.69599134855298,34.07276916503906
926,3,1,3.8583333333333334,3.8600100640032906,dropped_queue_full,,,
927,0,1,3.8625,3.862544408009853,dropped_queue_full,,,
928,1,0,3.8666666666666667,3.8667928790091537,dropped_queue_full,,,
929,2,0,3.870833333333333,3.8709086579910945,dropped_queue_full,,,
930,3,0,3.875,3.875004069006536,completed,3.9299568549904507,54.956854990450665,34.20560073852539
931,0,0,3.8791666666666664,3.879624015011359,completed,3.938487309991615,59.32064332494846,34.235774993896484
932,1,1,3.8833333333333333,3.884162347007077,completed,3.951334437006153,68.00110367281987,34.24262237548828
933,2,1,3.8874999999999997,3.8887137029960286,completed,3.9558826870052144,68.38268700521466,34.33769607543945
934,3,1,3.8916666666666666,3.8932622040156275,dropped_queue_full,,,
935,0,1,3.8958333333333335,3.8959612119942904,dropped_queue_full,,,
936,1,0,3.9,3.900053616001969,dropped_queue_full,,,
937,2,0,3.904166666666667,3.904192840011092,dropped_queue_full,,,
938,3,0,3.908333333333333,3.9084242079989053,completed,3.964377925993176,56.04459265984296,34.26732635498047
939,0,0,3.9125,3.9137049000128172,completed,3.972859449015232,60.35944901523172,34.26643371582031
940,1,1,3.9166666666666665,3.918291283014696,completed,3.9849129570065998,68.24629033993324,34.15359878540039
941,2,1,3.9208333333333334,3.922855743992841,completed,3.9900045600079466,69.17122667461317,34.04332733154297
942,3,1,3.925,3.9274394719977863,dropped_queue_full,,,
943,0,1,3.9291666666666667,3.929188484995393,dropped_queue_full,,,
944,1,0,3.933333333333333,3.933427056996152,dropped_queue_full,,,
945,2,0,3.9375,3.9375546890078112,dropped_queue_full,,,
946,3,0,3.9416666666666664,3.9417987909982912,completed,3.9984898699913174,56.82320332465096,34.09996795654297
947,0,0,3.9458333333333333,3.946563744015293,completed,4.008902961999411,63.06962866607746,34.052574157714844
948,1,1,3.9499999999999997,3.9513274430064484,completed,4.01806537801167,68.06537801167023,34.05187225341797
949,2,1,3.9541666666666666,3.9558755129983183,completed,4.024235569988377,70.06890332171079,34.05574417114258
950,3,1,3.9583333333333335,3.960436547989957,dropped_queue_full,,,
951,0,1,3.9625,3.9626361970149446,dropped_queue_full,,,
952,1,0,3.966666666666667,3.9667432290152647,dropped_queue_full,,,
953,2,0,3.970833333333333,3.9709503519989084,dropped_queue_full,,,
954,3,0,3.975,3.975057523988653,completed,4.032595121010672,57.595121010672216,33.84143829345703
955,0,0,3.9791666666666665,3.9802328959922306,completed,4.042209665989503,63.04299932283675,33.86159896850586
956,1,1,3.9833333333333334,3.984906414989382,completed,4.051396558992565,68.06322565923128,33.93510437011719
957,2,1,3.9875,3.989668841997627,dropped_queue_full,,,
958,3,1,3.9916666666666667,3.991744525003014,dropped_queue_full,,,
959,0,1,3.995833333333333,3.9958467690157704,dropped_queue_full,,,
960,1,0,4.0,4.000069210014772,dropped_queue_full,,,
961,2,0,4.004166666666666,4.004265101015335,completed,4.058041101990966,53.8744353242997,33.78031921386719
962,3,0,4.008333333333333,4.008897882013116,completed,4.066644956998061,58.31162366472853,34.00387191772461
963,0,0,4.0125,4.013491127989255,completed,4.075678908993723,63.17890899372269,33.934078216552734
964,1,1,4.016666666666667,4.018058946006931,completed,4.085128440987319,68.46177432065215,33.82969665527344
965,2,1,4.020833333333333,4.022639147005975,dropped_queue_full,,,
966,3,1,4.025,4.0250292280106805,dropped_queue_full,,,
967,0,1,4.029166666666667,4.029269683989696,dropped_queue_full,,,
968,1,0,4.033333333333333,4.033388257987099,dropped_queue_full,,,
969,2,0,4.0375,4.037572406989057,completed,4.092069556994829,54.56955699482968,33.823360443115234
970,3,0,4.041666666666667,4.042204727011267,completed,4.100540089013521,58.873422346853665,33.818206787109375
971,0,0,4.045833333333333,4.046813132008538,completed,4.11346699699061,67.63366365727651,33.847904205322266
972,1,1,4.05,4.051390076987445,completed,4.118215777998557,68.21577799855748,33.91231918334961
973,2,1,4.054166666666666,4.056601507007144,dropped_queue_full,,,
974,3,1,4.058333333333334,4.0584794740134384,dropped_queue_full,,,
975,0,1,4.0625,4.062586206011474,dropped_queue_full,,,
976,1,0,4.066666666666666,4.066805331996875,dropped_queue_full,,,
977,2,0,4.070833333333333,4.070899409009144,completed,4.1260689870105125,55.23565367717964,33.94163131713867
978,3,0,4.075,4.075673438986996,completed,4.135226704995148,60.226704995147706,34.51353454589844
979,0,0,4.079166666666667,4.080501710996032,completed,4.146837932989001,67.67126632233467,34.529537200927734
980,1,1,4.083333333333333,4.0851221490011085,completed,4.15248888800852,69.15555467518698,34.50566482543945
981,2,1,4.0875,4.089725614001509,dropped_queue_full,,,
982,3,1,4.091666666666667,4.091745771991555,dropped_queue_full,,,
983,0,1,4.095833333333333,4.095951441995567,dropped_queue_full,,,
984,1,0,4.1,4.100056219991529,dropped_queue_full,,,
985,2,0,4.104166666666667,4.104266659007408,completed,4.1608596600126475,56.69299334598055,34.533119201660156
986,3,0,4.108333333333333,4.10889109398704,completed,4.172524780995445,64.19144766211193,34.038753509521484
987,0,0,4.1125,4.113461706991075,completed,4.178092729009222,65.59272900922241,34.03628921508789
988,1,1,4.116666666666666,4.1182090349902865,completed,4.1876122129906435,70.9455463239772,34.02191925048828
989,2,1,4.120833333333334,4.1228706010151654,dropped_queue_full,,,
990,3,1,4.125,4.12507646199083,dropped_queue_full,,,
991,0,1,4.129166666666666,4.129214782995405,dropped_queue_full,,,
992,1,0,4.133333333333333,4.133478322997689,dropped_queue_full,,,
993,2,0,4.1375,4.137536963011371,completed,4.1950713339901995,57.571333990199314,34.05811309814453
994,3,0,4.141666666666667,4.142266789014684,completed,4.205452625988983,63.78595932231601,33.90422439575195
995,0,0,4.145833333333333,4.1468328130140435,completed,4.214750679995632,68.91734666229877,33.9233283996582
996,1,1,4.15,4.151373428991064,dropped_queue_full,,,
997,2,1,4.154166666666667,4.154227782011731,dropped_queue_full,,,
998,3,1,4.158333333333333,4.158478216006188,dropped_queue_full,,,
999,0,1,4.1625,4.162580158998026,dropped_queue_full,,,
1000,1,0,4.166666666666667,4.166792200994678,completed,4.220631370990304,53.964704323637314,33.91740798950195
1001,2,0,4.170833333333333,4.172515182988718,completed,4.228961837012321,58.128503678987364,33.851295471191406
1002,3,0,4.175,4.178086947998963,completed,4.238018642994575,63.01864299457538,34.02812957763672
1003,0,0,4.179166666666666,4.182975405012257,completed,4.2481060860154685,68.9394193488022,34.01283264160156
1004,1,1,4.183333333333334,4.1876057510089595,dropped_dispatch_late,,,
1005,2,1,4.1875,4.187621802004287,dropped_queue_full,,,
1006,3,1,4.191666666666666,4.1917456059891265,dropped_queue_full,,,
1007,0,1,4.195833333333333,4.195864490990061,dropped_queue_full,,,
1008,1,0,4.2,4.200111148005817,completed,4.254755047993967,54.75504799396713,33.998046875
1009,2,0,4.204166666666667,4.205445030995179,completed,4.263119437993737,58.95277132707033,34.011905670166016
1010,3,0,4.208333333333333,4.210086137987673,completed,4.271915298013482,63.581964680149206,33.997535705566406
1011,0,0,4.2125,4.214745198987657,completed,4.281043197988765,68.54319798876496,33.97951889038086
1012,1,1,4.216666666666667,4.219348104001256,dropped_queue_full,,,
1013,2,1,4.220833333333333,4.220951338997111,dropped_queue_full,,,
1014,3,1,4.225,4.22505448400625,dropped_queue_full,,,
1015,0,1,4.229166666666667,4.229279950988712,dropped_queue_full,,,
1016,1,0,4.233333333333333,4.2333732479892205,completed,4.2889178979967255,55.58456466339212,34.009056091308594
1017,2,0,4.2375,4.238010897999629,completed,4.297380926000187,59.88092600018735,34.13532638549805
1018,3,0,4.241666666666666,4.243428310001036,completed,4.309274580999045,67.60791433237844,34.190528869628906
1019,0,0,4.245833333333334,4.248100796015933,completed,4.31448711300618,68.65377967284658,34.17174530029297
1020,1,1,4.25,4.252673512994079,dropped_queue_full,,,
1021,2,1,4.254166666666666,4.2542735030001495,dropped_queue_full,,,
1022,3,1,4.258333333333333,4.258371798001463,dropped_queue_full,,,
1023,0,1,4.2625,4.262636300001759,dropped_queue_full,,,
1024,1,0,4.266666666666667,4.266743501997553,completed,4.323275017988635,56.60835132196862,34.16835021972656
1025,2,0,4.270833333333333,4.271906982001383,completed,4.33404438701109,63.211053677757256,34.16726303100586
1026,3,0,4.275,4.276468377007404,completed,4.343438382988097,68.43838298809679,34.13139343261719
1027,0,0,4.279166666666667,4.281037778011523,completed,4.348817232006695,69.65056534002834,34.227169036865234
1028,1,1,4.283333333333333,4.285615364002297,dropped_queue_full,,,
1029,2,1,4.2875,4.2876371949969325,dropped_queue_full,,,
1030,3,1,4.291666666666667,4.291743687004782,dropped_queue_full,,,
1031,0,1,4.295833333333333,4.2959513799869455,dropped_queue_full,,,
1032,1,0,4.3,4.300055917992722,completed,4.357591350009898,57.5913500098979,34.24415969848633
1033,2,0,4.304166666666666,4.304695361002814,completed,4.367226784990635,63.06011832396852,34.1412467956543
1034,3,0,4.308333333333334,4.309266666008625,completed,4.376593438995769,68.26010566243568,34.220767974853516
1035,0,0,4.3125,4.313859390997095,dropped_queue_full,,,
1036,1,1,4.316666666666666,4.3166991350008175,dropped_queue_full,,,
1037,2,1,4.320833333333333,4.3208975509915035,dropped_queue_full,,,
1038,3,1,4.325,4.325013580993982,dropped_queue_full,,,
1039,0,1,4.329166666666667,4.3292058549996,completed,4.3830707340093795,53.904067342712914,34.148799896240234
1040,1,0,4.333333333333333,4.334037363994867,completed,4.3918570060050115,58.52367267167846,34.1475830078125
1041,2,0,4.3375,4.338611632992979,completed,4.4005367050122,63.036705012200045,34.14457702636719
1042,3,0,4.341666666666667,4.343430417997297,completed,4.409686197002884,68.01953033621722,34.2171516418457
1043,0,0,4.345833333333333,4.348479970998596,dropped_queue_full,,,
1044,1,1,4.35,4.350088806997519,dropped_queue_full,,,
1045,2,1,4.354166666666667,4.354275491001317,dropped_queue_full,,,
1046,3,1,4.358333333333333,4.358383384998888,dropped_queue_full,,,
1047,0,1,4.3625,4.362584665999748,completed,4.417491966014495,54.9919660144953,34.24367904663086
1048,1,0,4.366666666666666,4.367219551000744,completed,4.42623521600035,59.56854933368394,34.23542404174805
1049,2,0,4.370833333333334,4.371824519010261,completed,4.43857353500789,67.74020167455674,34.28755187988281
1050,3,0,4.375,4.376585835008882,completed,4.443417767994106,68.41776799410582,34.2158088684082
1051,0,0,4.379166666666666,4.381185002013808,dropped_queue_full,,,
1052,1,1,4.383333333333333,4.3833924859936815,dropped_queue_full,,,
1053,2,1,4.3875,4.387586633005412,dropped_queue_full,,,
1054,3,1,4.391666666666667,4.391689106996637,dropped_queue_full,,,
1055,0,1,4.395833333333333,4.395950512989657,completed,4.451800954004284,55.96762067095096,34.25539016723633
1056,1,0,4.4,4.400529470993206,completed,4.463118724990636,63.118724990635755,34.264766693115234
1057,2,0,4.404166666666667,4.405118369002594,completed,4.472488335013622,68.32166834695563,34.23081588745117
1058,3,0,4.408333333333333,4.409678663010709,completed,4.477730963990325,69.3976306569919,34.35734558105469
1059,0,0,4.4125,4.414243754989002,dropped_queue_full,,,
1060,1,1,4.416666666666667,4.416766476992052,dropped_queue_full,,,
1061,2,1,4.420833333333333,4.420950977015309,dropped_queue_full,,,
1062,3,1,4.425,4.425114657002268,dropped_queue_full,,,
1063,0,1,4.429166666666666,4.429211529990425,completed,4.4863263629958965,57.159696329230236,34.35747146606445
1064,1,0,4.433333333333334,4.433977664011763,completed,4.496913526003482,63.58019267014825,34.29401779174805
1065,2,0,4.4375,4.438566472003004,completed,4.506127900996944,68.62790099694394,34.168575286865234
1066,3,0,4.441666666666666,4.443142915988574,dropped_queue_full,,,
1067,0,0,4.445833333333333,4.445952083013253,dropped_queue_full,,,
1068,1,1,4.45,4.450059796014102,dropped_queue_full,,,
1069,2,1,4.454166666666667,4.454172278987244,dropped_queue_full,,,
1070,3,1,4.458333333333333,4.458426711003995,completed,4.512119102990255,53.78576965692172,34.23440170288086
1071,0,1,4.4625,4.463112161989557,completed,4.520748857001308,58.248857001308,34.23446273803711
1072,1,0,4.466666666666667,4.467827018990647,completed,4.529622664995259,62.95599832859189,34.24591827392578
1073,2,0,4.470833333333333,4.472481061005965,completed,4.5387801520118956,67.94681867856234,34.29548645019531
1074,3,0,4.475,4.477079826989211,dropped_queue_full,,,
1075,0,0,4.479166666666667,4.479267813992919,dropped_queue_full,,,
1076,1,1,4.483333333333333,4.483370889007347,dropped_queue_full,,,
1077,2,1,4.4875,4.487592980003683,dropped_queue_full,,,
1078,3,1,4.491666666666666,4.491687708010431,completed,4.546592352999141,54.92568633247519,34.29808044433594
1079,0,1,4.495833333333334,4.496906552987639,completed,4.555062905012164,59.229571678830695,34.258209228515625
1080,1,0,4.5,4.501489468995715,completed,4.568165756994858,68.16575699485838,34.21491241455078
1081,2,0,4.504166666666666,4.506120476988144,completed,4.57299372900161,68.82706233494318,34.19203186035156
1082,3,0,4.508333333333333,4.510724983992986,dropped_queue_full,,,
1083,0,0,4.5125,4.512597702007042,dropped_queue_full,,,
1084,1,1,4.516666666666667,4.516793913993752,dropped_queue_full,,,
1085,2,1,4.520833333333333,4.520910574006848,dropped_queue_full,,,
1086,3,1,4.525,4.525002537993714,completed,4.580907322990242,55.90732299024204,34.238975524902344
1087,0,1,4.529166666666667,4.529616132989759,completed,4.58937973799766,60.21307133099363,34.264991760253906
1088,1,0,4.533333333333333,4.534192646999145,completed,4.600954847992398,67.62151465906463,34.28451156616211
1089,2,0,4.5375,4.538773298991146,completed,4.606645107996883,69.14510799688323,34.31123352050781
1090,3,0,4.541666666666667,4.543364220997319,dropped_queue_full,,,
1091,0,0,4.545833333333333,4.545952487998875,dropped_queue_full,,,
1092,1,1,4.55,4.550071331992513,dropped_queue_full,,,
1093,2,1,4.554166666666666,4.554265790997306,dropped_queue_full,,,
1094,3,1,4.558333333333334,4.558372613013489,completed,4.615277748001972,56.94441466863864,34.30160140991211
1095,0,1,4.5625,4.563405302993488,completed,4.625538019987289,63.03801998728886,34.284576416015625
1096,1,0,4.566666666666666,4.568158884008881,completed,4.634880617988529,68.21395132186225,34.26502227783203
1097,2,0,4.570833333333333,4.572986606013728,completed,4.6410978290077765,70.2644956744436,34.27609634399414
1098,3,0,4.575,4.577569863002282,dropped_queue_full,,,
1099,0,0,4.579166666666667,4.579321179015096,dropped_queue_full,,,
1100,1,1,4.583333333333333,4.583426227996824,dropped_queue_full,,,
1101,2,1,4.5875,4.587636937008938,dropped_queue_full,,,
1102,3,1,4.591666666666667,4.591739791998407,completed,4.649791214993456,58.12454832678959,34.429569244384766
1103,0,1,4.595833333333333,4.596375518012792,completed,4.659162116993684,63.32878366035111,34.446720123291016
1104,1,0,4.6,4.600948264996987,completed,4.6683111780148465,68.31117801484687,34.45353698730469
1105,2,0,4.604166666666667,4.60553367700777,dropped_queue_full,,,
1106,3,0,4.608333333333333,4.608383179991506,dropped_queue_full,,,
1107,0,0,4.6125,4.612581875990145,dropped_queue_full,,,
1108,1,1,4.616666666666666,4.616699428996071,dropped_queue_full,,,
1109,2,1,4.620833333333334,4.620896100997925,completed,4.675641011999687,54.80767866635361,34.43123245239258
1110,3,1,4.625,4.62553285001195,completed,4.684276907995809,59.27690799580887,34.355777740478516
1111,0,1,4.629166666666666,4.6301467749872245,completed,4.696757999015972,67.59133234930559,34.33715057373047
1112,1,0,4.633333333333333,4.634874115989078,completed,4.701673637988279,68.34030465494578,34.32780838012695
1113,2,0,4.6375,4.639501155994367,dropped_queue_full,,,
1114,3,0,4.641666666666667,4.6417513210035395,dropped_queue_full,,,
1115,0,0,4.645833333333333,4.645952741993824,dropped_queue_full,,,
1116,1,1,4.65,4.650111021997873,dropped_queue_full,,,
1117,2,1,4.654166666666667,4.65421299499576,completed,4.710167073004413,56.00040633774661,34.34672164916992
1118,3,1,4.658333333333333,4.659156756999437,completed,4.721477370010689,63.144036677355686,34.35871887207031
1119,0,1,4.6625,4.66374082499533,completed,4.7312582609883975,68.75826098839788,34.28460693359375
1120,1,0,4.666666666666667,4.668304565013386,completed,4.736024295008974,69.35762834230718,34.2059211730957
1121,2,0,4.670833333333333,4.673095395992277,dropped_queue_full,,,
1122,3,0,4.675,4.675003231008304,dropped_queue_full,,,
1123,0,0,4.679166666666666,4.679265677987132,dropped_queue_full,,,
1124,1,1,4.683333333333334,4.683477829996264,dropped_queue_full,,,
1125,2,1,4.6875,4.687583891005488,completed,4.74459407600807,57.09407600807026,34.17536163330078
1126,3,1,4.691666666666666,4.69218092400115,completed,4.755471078999108,63.804412332441274,34.237247467041016
1127,0,1,4.695833333333333,4.696752708987333,completed,4.7647747230075765,68.94138967424368,34.23408126831055
1128,1,0,4.7,4.701341325999238,dropped_queue_full,,,
1129,2,0,4.704166666666667,4.70420164000825,dropped_queue_full,,,
1130,3,0,4.708333333333333,4.708423881005729,dropped_queue_full,,,
1131,0,0,4.7125,4.712529821990756,dropped_queue_full,,,
1132,1,1,4.716666666666667,4.716739358991617,completed,4.770481334999204,53.8146683325369,34.237342834472656
1133,2,1,4.720833333333333,4.721469645010075,completed,4.778905988991028,58.07265565769448,34.24467086791992
1134,3,1,4.725,4.726072429009946,completed,4.788012689998141,63.012689998140914,34.194305419921875
1135,0,1,4.729166666666667,4.731252970988862,completed,4.797152282990282,67.98561632361543,34.140960693359375
1136,1,0,4.733333333333333,4.735849513002904,dropped_queue_full,,,
1137,2,0,4.7375,4.737587675015675,dropped_queue_full,,,
1138,3,0,4.741666666666666,4.741793816006975,dropped_queue_full,,,
1139,0,0,4.745833333333334,4.745858898008009,dropped_queue_full,,,
1140,1,1,4.75,4.7501087420096155,completed,4.804699911008356,54.69991100835614,34.06089782714844
1141,2,1,4.754166666666666,4.7554633939871565,completed,4.813064771995414,58.89810532874762,34.00233459472656
1142,3,1,4.758333333333333,4.760089502990013,completed,4.825890027015703,67.55669368236994,34.02463912963867
1143,0,1,4.7625,4.764769474015338,completed,4.8304735040001106,67.97350400011038,34.06275177001953
1144,1,0,4.766666666666667,4.769349965004949,dropped_queue_full,,,
1145,2,0,4.770833333333333,4.770960263995221,dropped_queue_full,,,
1146,3,0,4.775,4.775108886009548,dropped_queue_full,,,
1147,0,0,4.779166666666667,4.779225336009404,dropped_queue_full,,,
1148,1,1,4.783333333333333,4.783424132998334,completed,4.83885838300921,55.525049675877014,34.032958984375
1149,2,1,4.7875,4.788005125010386,completed,4.847328545001801,59.82854500180146,34.0715217590332
1150,3,1,4.791666666666667,4.792591297999024,completed,4.859313002001727,67.64633533506003,34.09580612182617
1151,0,1,4.795833333333333,4.797147003002465,completed,4.864213711989578,68.38037865624446,34.04655838012695
1152,1,0,4.8,4.801725961006014,dropped_queue_full,,,
1153,2,0,4.804166666666666,4.804218345991103,dropped_queue_full,,,
1154,3,0,4.808333333333334,4.808478388993535,dropped_queue_full,,,
1155,0,0,4.8125,4.812581142992713,dropped_queue_full,,,
1156,1,1,4.816666666666666,4.8166864730010275,completed,4.8730609900085256,56.39432334185912,34.148353576660156
1157,2,1,4.820833333333333,4.821278605988482,completed,4.883789240004262,62.955906670929096,34.22188949584961
1158,3,1,4.825,4.825882072007516,completed,4.8929276510025375,67.92765100253729,34.20832061767578
1159,0,1,4.829166666666667,4.830468174011912,completed,4.898569187993417,69.40252132674996,34.23539352416992
1160,1,0,4.833333333333333,4.835701064992463,dropped_queue_full,,,
1161,2,0,4.8375,4.837587268993957,dropped_queue_full,,,
1162,3,0,4.841666666666667,4.841686856991146,dropped_queue_full,,,
1163,0,0,4.845833333333333,4.845897224993678,dropped_queue_full,,,
1164,1,1,4.85,4.850012432987569,completed,4.907379796000896,57.37979600089638,34.17228698730469
1165,2,1,4.854166666666667,4.854722040006891,completed,4.9172382350079715,63.07156834130456,33.96364974975586
1166,3,1,4.858333333333333,4.859305116988253,completed,4.927250967011787,68.9176336784536,34.02841567993164
1167,0,1,4.8625,4.863880277989665,dropped_queue_full,,,
1168,1,0,4.866666666666666,4.866739329998381,dropped_queue_full,,,
1169,2,0,4.870833333333334,4.87084299599519,dropped_queue_full,,,
1170,3,0,4.875,4.875108309002826,dropped_queue_full,,,
1171,0,0,4.879166666666666,4.87921094300691,completed,4.932799097005045,53.63243033837861,34.009056091308594
1172,1,1,4.883333333333333,4.883782346994849,completed,4.941432858991902,58.09952565856946,33.96796798706055
1173,2,1,4.8875,4.888359061995288,completed,4.950583202007692,63.08320200769213,33.93996810913086
1174,3,1,4.891666666666667,4.8929197959951125,completed,4.959760847006692,68.09418034002502,33.99164962768555
1175,0,1,4.895833333333333,4.897600758995395,dropped_queue_full,,,
1176,1,0,4.9,4.900108422996709,dropped_queue_full,,,
1177,2,0,4.904166666666667,4.9042184310092125,dropped_queue_full,,,
1178,3,0,4.908333333333333,4.9084790449996945,dropped_queue_full,,,
1179,0,0,4.9125,4.912581178010441,completed,4.966881555010332,54.38155501033215,33.979713439941406
1180,1,1,4.916666666666667,4.917231211991748,completed,4.975595258001704,58.928591335036806,33.99107360839844
1181,2,1,4.920833333333333,4.922563942003762,completed,4.988811085000634,67.9777516673008,34.03731155395508
1182,3,1,4.925,4.927243321988499,completed,4.993568592995871,68.56859299587103,34.04876708984375
1183,0,1,4.929166666666666,4.931827650987543,dropped_queue_full,,,
1184,1,0,4.933333333333334,4.933435334998649,dropped_queue_full,,,
1185,2,0,4.9375,4.937533660995541,dropped_queue_full,,,
1186,3,0,4.941666666666666,4.941752535989508,dropped_queue_full,,,
1187,0,0,4.945833333333333,4.94595436801319,completed,5.001030659012031,55.19732567869795,33.99932861328125
1188,1,1,4.95,4.950576299015665,completed,5.009756907005794,59.75690700579417,33.926719665527344
1189,2,1,4.954166666666667,4.955178953008726,completed,5.021986729989294,67.82006332262736,33.843841552734375
1190,3,1,4.958333333333333,4.9597532429907005,completed,5.026564686995698,68.23135366236511,33.917152404785156
1191,0,1,4.9625,4.964336739998544,dropped_queue_full,,,
1192,1,0,4.966666666666667,4.9667171020118985,dropped_queue_full,,,
1193,2,0,4.970833333333333,4.970900879998226,dropped_queue_full,,,
1194,3,0,4.975,4.975108282989822,dropped_queue_full,,,
1195,0,0,4.979166666666667,4.979216176987393,completed,5.03500905900728,55.84239234061261,33.89948654174805
1196,1,1,4.983333333333333,4.983840341999894,completed,5.043642820994137,60.30948766080346,33.88054275512695
1197,2,1,4.9875,4.988801636995049,completed,5.055344391003018,67.84439100301842,33.87094497680664
1198,3,1,4.991666666666666,4.99356057800469,completed,5.06059720000485,68.93053333818332,33.91455841064453
1199,0,1,4.995833333333334,4.998165605997201,dropped_queue_full,,,
1200,1,0,5.0,5.000077197997598,dropped_queue_full,,,
1201,2,0,5.004166666666666,5.004321962012909,dropped_queue_full,,,
1202,3,0,5.008333333333333,5.00848382798722,dropped_queue_full,,,
1203,0,0,5.0125,5.01258562100702,completed,5.069116575003136,56.61657500313577,33.95964813232422
1204,1,1,5.016666666666667,5.017324373009615,completed,5.079757330007851,63.090663341184516,33.923553466796875
1205,2,1,5.020833333333333,5.021979917015415,completed,5.089030506002018,68.1971726686852,33.87833786010742
1206,3,1,5.025,5.026557042991044,completed,5.094577935000416,69.57793500041554,33.84230422973633
1207,0,1,5.029166666666667,5.0313581230002455,dropped_queue_full,,,
1208,1,0,5.033333333333333,5.033426512993174,dropped_queue_full,,,
1209,2,0,5.0375,5.0376387650030665,dropped_queue_full,,,
1210,3,0,5.041666666666667,5.041738683998119,dropped_queue_full,,,
1211,0,0,5.045833333333333,5.045952479005791,completed,5.102904522995232,57.07118966189828,33.768577575683594
1212,1,1,5.05,5.050733721989673,completed,5.1130882799916435,63.08827999164368,33.79145431518555
1213,2,1,5.054166666666666,5.055337077006698,completed,5.122254362999229,68.0876963325625,33.88623809814453
1214,3,1,5.058333333333334,5.059945482003968,dropped_queue_full,,,
1215,0,1,5.0625,5.062636685004691,dropped_queue_full,,,
1216,1,0,5.066666666666666,5.066739739006152,dropped_queue_full,,,
1217,2,0,5.070833333333333,5.070852562988875,dropped_queue_full,,,
1218,3,0,5.075,5.0751111730060074,completed,5.128587745013647,53.587745013646604,34.00495910644531
1219,0,0,5.079166666666667,5.079751117998967,completed,5.13711451299605,57.94784632938299,34.02006530761719
1220,1,1,5.083333333333333,5.0843509859987535,completed,5.146409100998426,63.07576766509282,34.01155090332031
1221,2,1,5.0875,5.089023692999035,completed,5.156483589991694,68.98358999169396,33.91664123535156
1222,3,1,5.091666666666667,5.093610607000301,dropped_queue_full,,,
1223,0,1,5.095833333333333,5.095843048009556,dropped_queue_full,,,
1224,1,0,5.1,5.100057294010185,dropped_queue_full,,,
1225,2,0,5.104166666666667,5.104168744990602,dropped_queue_full,,,
1226,3,0,5.108333333333333,5.108478231995832,completed,5.162643871997716,54.31053866438251,33.94063949584961
1227,0,0,5.1125,5.113081957999384,completed,5.1711188630142715,58.61886301427166,33.922271728515625
1228,1,1,5.116666666666666,5.117654645000584,completed,5.184241362003377,67.57469533671045,33.96473693847656
1229,2,1,5.120833333333334,5.1222477499977686,completed,5.188814530003583,67.98119667024949,34.0048942565918
1230,3,1,5.125,5.1268275910115335,dropped_queue_full,,,
1231,0,1,5.129166666666666,5.129222771007335,dropped_queue_full,,,
1232,1,0,5.133333333333333,5.133478164992994,dropped_queue_full,,,
1233,2,0,5.1375,5.13759269201546,dropped_queue_full,,,
1234,3,0,5.141666666666667,5.141795867006294,completed,5.196855546004372,55.18887933770511,33.99430465698242
1235,0,0,5.145833333333333,5.146402879006928,completed,5.205326327995863,59.492994662529775,34.01820755004883
1236,1,1,5.15,5.151242273015669,completed,5.2176934629969765,67.6934629969761,33.97478485107422
1237,2,1,5.154166666666667,5.156475794996368,completed,5.222498179995455,68.33151332878806,33.991233825683594
1238,3,1,5.158333333333333,5.161056176002603,dropped_queue_full,,,
1239,0,1,5.1625,5.16263931398862,dropped_queue_full,,,
1240,1,0,5.166666666666667,5.166741296998225,dropped_queue_full,,,
1241,2,0,5.170833333333333,5.1709518959978595,dropped_queue_full,,,
1242,3,0,5.175,5.175055752013577,completed,5.2310649050050415,56.06490500504169,34.11171340942383
1243,0,0,5.179166666666666,5.179678273998434,completed,5.242413805011893,63.24713834522644,34.0852165222168
1244,1,1,5.183333333333334,5.18423499999335,completed,5.25238341500517,69.05008167183624,34.063873291015625
1245,2,1,5.1875,5.188807997998083,completed,5.256967052002437,69.46705200243741,33.9365119934082
1246,3,1,5.191666666666666,5.193395072012208,dropped_queue_full,,,
1247,0,1,5.195833333333333,5.195900882012211,dropped_queue_full,,,
1248,1,0,5.2,5.200107504002517,dropped_queue_full,,,
1249,2,0,5.204166666666667,5.204211940988898,dropped_queue_full,,,
1250,3,0,5.208333333333333,5.208478576998459,completed,5.265172090003034,56.83875666970106,33.9543342590332
1251,0,0,5.2125,5.213094014994567,completed,5.273643372987863,61.14337298786232,34.002113342285156
1252,1,1,5.216666666666667,5.217686890013283,completed,5.284215516992845,67.54885032617786,34.02822494506836
1253,2,1,5.220833333333333,5.222308430005796,dropped_queue_full,,,
1254,3,1,5.225,5.225066599989077,dropped_queue_full,,,
1255,0,1,5.229166666666667,5.229318967991276,dropped_queue_full,,,
1256,1,0,5.233333333333333,5.233424036996439,dropped_queue_full,,,
1257,2,0,5.2375,5.237636770005338,completed,5.290853999002138,53.35399900213833,34.11872100830078
1258,3,0,5.241666666666666,5.242408855003305,completed,5.29943446899415,57.767802327483686,34.196990966796875
1259,0,0,5.245833333333334,5.246989456994925,completed,5.308874273003312,63.04093966997826,34.15107345581055
1260,1,1,5.25,5.252376891992753,completed,5.3180031449883245,68.0031449883245,34.080448150634766
1261,2,1,5.254166666666666,5.25695985899074,completed,5.325114434992429,70.94776832576244,34.18569564819336
1262,3,1,5.258333333333333,5.261543495988008,dropped_queue_full,,,
1263,0,1,5.2625,5.2626406509953085,dropped_queue_full,,,
1264,1,0,5.266666666666667,5.266742934007198,dropped_queue_full,,,
1265,2,0,5.270833333333333,5.270953072002158,dropped_queue_full,,,
1266,3,0,5.275,5.275065154011827,completed,5.333593782997923,58.59378299792262,34.116798400878906
1267,0,0,5.279166666666667,5.279654653015314,completed,5.342471589014167,63.30492234750018,34.093727111816406
1268,1,1,5.283333333333333,5.284208975004731,completed,5.351835398003459,68.50206467012576,34.0906867980957
1269,2,1,5.2875,5.288784336997196,dropped_queue_full,,,
1270,3,1,5.291666666666667,5.2917941850028,dropped_queue_full,,,
1271,0,1,5.295833333333333,5.29589651801507,dropped_queue_full,,,
1272,1,0,5.3,5.300068514014129,dropped_queue_full,,,
1273,2,0,5.304166666666666,5.304268692998448,completed,5.359383055998478,55.21638933181183,34.166080474853516
1274,3,0,5.308333333333334,5.30886907299282,completed,5.367854840995278,59.52150766194464,34.063934326171875
1275,0,0,5.3125,5.313439354998991,completed,5.3802156829915475,67.71568299154751,34.07411193847656
1276,1,1,5.316666666666666,5.317996452009538,completed,5.385163833008846,68.49716634217984,34.15974426269531
1277,2,1,5.320833333333333,5.32258940799511,dropped_queue_full,,,
1278,3,1,5.325,5.325110025994945,dropped_queue_full,,,
1279,0,1,5.329166666666667,5.329214013007004,dropped_queue_full,,,
1280,1,0,5.333333333333333,5.33342549399822,dropped_queue_full,,,
1281,2,0,5.3375,5.337635120988125,completed,5.393486373999622,55.986373999621364,33.880863189697266
1282,3,0,5.341666666666667,5.342466139001772,completed,5.404665681999177,62.999015332509956,34.11484909057617
1283,0,0,5.345833333333333,5.347031290992163,completed,5.413790446007624,67.95711267429105,34.138240814208984
1284,1,1,5.35,5.351828895014478,completed,5.419329819997074,69.32981999707444,34.07283020019531
1285,2,1,5.354166666666667,5.356409306987189,dropped_queue_full,,,
1286,3,1,5.358333333333333,5.3584291040024254,dropped_queue_full,,,
1287,0,1,5.3625,5.362635975994635,dropped_queue_full,,,
1288,1,0,5.366666666666666,5.366741025005467,dropped_queue_full,,,
1289,2,0,5.370833333333334,5.370953256991925,completed,5.4278032169968355,56.969883663501975,34.1003532409668
1290,3,0,5.375,5.3756360429979395,completed,5.438052337995032,63.05233799503185,34.05788803100586
1291,0,0,5.379166666666666,5.3802102229965385,completed,5.447737776994472,68.57111032780594,34.03916931152344
1292,1,1,5.383333333333333,5.384830129012698,dropped_queue_full,,,
1293,2,1,5.3875,5.387533194007119,dropped_queue_full,,,
1294,3,1,5.391666666666667,5.391737752011977,dropped_queue_full,,,
1295,0,1,5.395833333333333,5.3958522680040915,dropped_queue_full,,,
1296,1,0,5.4,5.400055714009795,completed,5.453625162015669,53.62516201566869,34.132606506347656
1297,2,0,5.404166666666667,5.4046579969872255,completed,5.462060357007431,57.89369034076408,34.1014404296875
1298,3,0,5.408333333333333,5.4092333290027454,completed,5.471343451994471,63.01011866113804,34.143680572509766
1299,0,0,5.4125,5.413785276003182,completed,5.480551054002717,68.05105400271749,34.15238571166992
1300,1,1,5.416666666666667,5.418367270991439,dropped_queue_full,,,
1301,2,1,5.420833333333333,5.420912536006654,dropped_queue_full,,,
1302,3,1,5.425,5.425108608003939,dropped_queue_full,,,
1303,0,1,5.429166666666666,5.429225188010605,dropped_queue_full,,,
1304,1,0,5.433333333333334,5.4334260990144685,completed,5.48796038000728,54.62704667394647,34.17222213745117
1305,2,0,5.4375,5.438044954003999,completed,5.496327586006373,58.82758600637317,34.14361572265625
1306,3,0,5.441666666666666,5.442729853995843,completed,5.50929173399345,67.62506732678375,34.242431640625
1307,0,0,5.445833333333333,5.447729300998617,completed,5.514292423991719,68.4590906583864,34.25929641723633
1308,1,1,5.45,5.452657843998168,dropped_queue_full,,,
1309,2,1,5.454166666666667,5.4542612899967935,dropped_queue_full,,,
1310,3,1,5.458333333333333,5.458426994009642,dropped_queue_full,,,
1311,0,1,5.4625,5.462617034005234,dropped_queue_full,,,
1312,1,0,5.466666666666667,5.466741409996757,completed,5.522221357008675,55.55469034200833,34.15478515625
1313,2,0,5.470833333333333,5.471335898007965,completed,5.53069581600721,59.86248267387673,34.17593765258789
1314,3,0,5.475,5.475956184993265,completed,5.542714108014479,67.71410801447963,34.277503967285156
1315,0,0,5.479166666666667,5.48054582401528,completed,5.547823705011979,68.65703834531178,34.242305755615234
1316,1,1,5.483333333333333,5.485132728004828,dropped_queue_full,,,
1317,2,1,5.4875,5.487637176003773,dropped_queue_full,,,
1318,3,1,5.491666666666666,5.491738687996985,dropped_queue_full,,,
1319,0,1,5.495833333333334,5.495843014999991,dropped_queue_full,,,
1320,1,0,5.5,5.500108417996671,completed,5.556588325009216,56.58832500921562,34.30009460449219
1321,2,0,5.504166666666666,5.504701653990196,completed,5.567350511002587,63.183844335920725,34.4090576171875
1322,3,0,5.508333333333333,5.50928401001147,completed,5.576489972998388,68.15663966505525,34.436702728271484
1323,0,0,5.5125,5.514286302990513,completed,5.5823233959963545,69.82339599635435,34.456321716308594
1324,1,1,5.516666666666667,5.5190475980052724,dropped_queue_full,,,
1325,2,1,5.520833333333333,5.520951585000148,dropped_queue_full,,,
1326,3,1,5.525,5.52505488001043,dropped_queue_full,,,
1327,0,1,5.529166666666667,5.529266550991451,dropped_queue_full,,,
1328,1,0,5.533333333333333,5.53347826199024,completed,5.591274380014511,57.94104668117761,34.46198272705078
1329,2,0,5.5375,5.538098919991171,completed,5.600533769989852,63.03376998985222,34.46809768676758
1330,3,0,5.541666666666667,5.542706473992439,completed,5.609700203989632,68.03353732296546,34.436702728271484
1331,0,0,5.545833333333333,5.547333925002022,dropped_queue_full,,,
1332,1,1,5.55,5.550108746014303,dropped_queue_full,,,
1333,2,1,5.554166666666666,5.554213444003835,dropped_queue_full,,,
1334,3,1,5.558333333333334,5.558477585000219,dropped_queue_full,,,
1335,0,1,5.5625,5.562528529990232,completed,5.616959064005641,54.45906400564127,34.41814422607422
1336,1,0,5.566666666666666,5.567343497998081,completed,5.625748201011447,59.081534344780806,34.349918365478516
1337,2,0,5.570833333333333,5.571909621998202,completed,5.638390428008279,67.55709467494597,34.385982513427734
1338,3,0,5.575,5.576482358999783,completed,5.642981320008403,67.98132000840252,34.19664001464844
1339,0,0,5.579166666666667,5.581056018010713,dropped_queue_full,,,
1340,1,1,5.583333333333333,5.583433204010362,dropped_queue_full,,,
1341,2,1,5.5875,5.587529284995981,dropped_queue_full,,,
1342,3,1,5.591666666666667,5.5917516569898,dropped_queue_full,,,
1343,0,1,5.595833333333333,5.5958964609890245,completed,5.651269535010215,55.43620167688168,34.254974365234375
1344,1,0,5.6,5.6005267669970635,completed,5.660063962015556,60.06396201555653,34.28793716430664
1345,2,0,5.604166666666667,5.605120604013791,completed,5.6723997769877315,68.23311032106449,34.29209518432617
1346,3,0,5.608333333333333,5.609692760015605,completed,5.677328401012346,68.99506767901275,34.43180847167969
1347,0,0,5.6125,5.614268503006315,dropped_queue_full,,,
1348,1,1,5.616666666666666,5.616794230998494,dropped_queue_full,,,
1349,2,1,5.620833333333334,5.6208954520116094,dropped_queue_full,,,
1350,3,1,5.625,5.625108105014078,dropped_queue_full,,,
1351,0,1,5.629166666666666,5.62921102999826,completed,5.685850289999507,56.68362333284094,34.382911682128906
1352,1,0,5.633333333333333,5.633793245011475,completed,5.696403087989893,63.06975465655995,34.37260818481445
1353,2,0,5.6375,5.63838337501511,completed,5.705514397006482,68.01439700648172,34.176414489746094
1354,3,0,5.641666666666667,5.642973475012695,completed,5.711640594992787,69.97392832612005,34.25894546508789
1355,0,0,5.645833333333333,5.647551522008143,dropped_queue_full,,,
1356,1,1,5.65,5.650028998992639,dropped_queue_full,,,
1357,2,1,5.654166666666667,5.654266769008245,dropped_queue_full,,,
1358,3,1,5.658333333333333,5.65847888099961,dropped_queue_full,,,
1359,0,1,5.6625,5.662598027003696,completed,5.720271881989902,57.77188198990224,34.27177429199219
1360,1,0,5.666666666666667,5.667614116013283,completed,5.729735650995281,63.06898432861363,34.28412628173828
1361,2,0,5.670833333333333,5.672393034008564,completed,5.73948675498832,68.65342165498677,34.19004821777344
1362,3,0,5.675,5.676988204009831,dropped_queue_full,,,
1363,0,0,5.679166666666666,5.6792238210036885,dropped_queue_full,,,
1364,1,1,5.683333333333334,5.683477251994191,dropped_queue_full,,,
1365,2,1,5.6875,5.687582190003013,dropped_queue_full,,,
1366,3,1,5.691666666666666,5.691792749013985,completed,5.7459565959870815,54.2899293204151,34.19539260864258
1367,0,1,5.695833333333333,5.696396604995243,completed,5.754437527997652,58.60419466431921,34.176414489746094
1368,1,0,5.7,5.700950205995468,completed,5.763247535011033,63.24753501103242,34.112510681152344
1369,2,0,5.704166666666667,5.705507433012826,completed,5.7724440559977666,68.27738933109995,34.13616180419922
1370,3,0,5.708333333333333,5.7100788980023935,dropped_queue_full,,,
1371,0,0,5.7125,5.712590820010519,dropped_queue_full,,,
1372,1,1,5.716666666666667,5.716686130006565,dropped_queue_full,,,
1373,2,1,5.720833333333333,5.720907259004889,dropped_queue_full,,,
1374,3,1,5.725,5.725107428006595,completed,5.780325428000651,55.325428000651655,34.18086242675781
1375,0,1,5.729166666666667,5.729729409009451,completed,5.7887483300000895,59.58166333342252,34.16841506958008
1376,1,0,5.733333333333333,5.7343007730087265,completed,5.800923700007843,67.59036667450945,34.19887924194336
1377,2,0,5.7375,5.739479390991619,completed,5.8061066060035955,68.60660600359569,34.265377044677734
1378,3,0,5.741666666666666,5.74408536098781,dropped_queue_full,,,
1379,0,0,5.745833333333334,5.745952077995753,dropped_queue_full,,,
1380,1,1,5.75,5.7500814019877,dropped_queue_full,,,
1381,2,1,5.754166666666666,5.754268766992027,dropped_queue_full,,,
1382,3,1,5.758333333333333,5.758477933995891,completed,5.814590071997372,56.256738664039574,34.1525764465332
1383,0,1,5.7625,5.763241092005046,completed,5.825518874014961,63.018874014960424,34.12169647216797
1384,1,0,5.766666666666667,5.767844638001407,completed,5.835952755995095,69.28608932842818,34.11238479614258
1385,2,0,5.770833333333333,5.77243699200335,completed,5.840563605015632,69.73027168229873,34.12335968017578
1386,3,0,5.775,5.777016111009289,dropped_queue_full,,,
1387,0,0,5.779166666666667,5.779217133007478,dropped_queue_full,,,
1388,1,1,5.783333333333333,5.783478739002021,dropped_queue_full,,,
1389,2,1,5.7875,5.787635835993569,dropped_queue_full,,,
1390,3,1,5.791666666666667,5.79173743800493,completed,5.848913658002857,57.246991336190156,34.25177764892578
1391,0,1,5.795833333333333,5.796335863997228,completed,5.857534946000669,61.70161266733576,34.342559814453125
1392,1,0,5.8,5.800917076994665,completed,5.867675710993353,67.67571099335345,34.24006271362305
1393,2,0,5.804166666666666,5.80561525200028,dropped_queue_full,,,
1394,3,0,5.808333333333334,5.808477509999648,dropped_queue_full,,,
1395,0,0,5.8125,5.812528386013582,dropped_queue_full,,,
1396,1,1,5.816666666666666,5.816793267993489,dropped_queue_full,,,
1397,2,1,5.820833333333333,5.820893427007832,completed,5.874744139000541,53.91080566720774,34.21705627441406
1398,3,1,5.825,5.8255134639912285,completed,5.88321889899089,58.218898990889834,34.16371154785156
1399,0,1,5.829166666666667,5.830722009006422,completed,5.89244083900121,63.2741723345438,34.1313591003418
1400,1,0,5.833333333333333,5.835945711995009,completed,5.9016110399970785,68.27770666374545,34.201568603515625
1401,2,0,5.8375,5.840556501992978,completed,5.909016618010355,71.5166180103548,34.15625762939453
1402,3,0,5.841666666666667,5.845155187998898,dropped_queue_full,,,
1403,0,0,5.845833333333333,5.8459626020048745,dropped_queue_full,,,
1404,1,1,5.85,5.850021212012507,dropped_queue_full,,,
1405,2,1,5.854166666666667,5.854210810997756,dropped_queue_full,,,
1406,3,1,5.858333333333333,5.858478278998518,completed,5.917537025001366,59.2036916680323,34.177345275878906
1407,0,1,5.8625,5.863086383003974,completed,5.930181406001793,67.68140600179339,34.114559173583984
1408,1,0,5.866666666666666,5.867669339000713,completed,5.9354909530084115,68.82428634174519,34.052703857421875
1409,2,0,5.870833333333334,5.872242467012256,dropped_queue_full,,,
1410,3,0,5.875,5.875064368010499,dropped_queue_full,,,
1411,0,0,5.879166666666666,5.879265288996976,dropped_queue_full,,,
1412,1,1,5.883333333333333,5.8833792739897035,dropped_queue_full,,,
1413,2,1,5.8875,5.887636631989153,completed,5.94306774699362,55.56774699361977,33.93766403198242
1414,3,1,5.891666666666667,5.892435287998524,completed,5.951544340001419,59.87767333475258,33.95199966430664
1415,0,1,5.895833333333333,5.897022271994501,completed,5.964011014002608,68.1776806692751,33.941566467285156
1416,1,0,5.9,5.901604707993101,completed,5.9687475620012265,68.74756200122611,33.909183502197266
1417,2,0,5.904166666666667,5.90618895701482,dropped_queue_full,,,
1418,3,0,5.908333333333333,5.90837917700992,dropped_queue_full,,,
1419,0,0,5.9125,5.912636866007233,dropped_queue_full,,,
1420,1,1,5.916666666666667,5.916737646010006,dropped_queue_full,,,
1421,2,1,5.920833333333333,5.920950689993333,completed,5.977115849003894,56.28251567056086,33.90886306762695
1422,3,1,5.925,5.9256039100000635,completed,5.988726126000984,63.72612600098382,33.85209655761719
1423,0,1,5.929166666666666,5.930176196008688,completed,5.998513049009489,69.34638234282264,33.854305267333984
1424,1,0,5.933333333333334,5.935483598994324,completed,6.00306754099438,69.7342076610461,33.901214599609375
1425,2,0,5.9375,5.940720877988497,dropped_queue_full,,,
1426,3,0,5.941666666666666,5.941799908003304,dropped_queue_full,,,
1427,0,0,5.945833333333333,5.945896641002037,dropped_queue_full,,,
1428,1,1,5.95,5.950111737998668,dropped_queue_full,,,
1429,2,1,5.954166666666667,5.954211497009965,completed,6.011114768014522,56.94810134785566,33.919456481933594
1430,3,1,5.958333333333333,5.958936133014504,completed,6.019803164002951,61.4698306696182,34.046241760253906
1431,0,1,5.9625,5.964005513000302,completed,6.030867955007125,68.36795500712434,34.02431869506836
1432,1,0,5.966666666666667,5.968572579004103,dropped_queue_full,,,
1433,2,0,5.970833333333333,5.970843202987453,dropped_queue_full,,,
1434,3,0,5.975,5.9750561059918255,dropped_queue_full,,,
1435,0,0,5.979166666666667,5.97916853899369,dropped_queue_full,,,
1436,1,1,5.983333333333333,5.983371042995714,completed,6.036908700014465,53.575366681131165,33.980350494384766
1437,2,1,5.9875,5.988718440989032,completed,6.045434897998348,57.934897998348056,34.14966583251953
1438,3,1,5.991666666666666,5.993304292991525,completed,6.0553954700008035,63.72880333413722,34.07353591918945
1439,0,1,5.995833333333334,5.998507498006802,completed,6.064711107988842,68.87777465550826,34.073089599609375
1440,1,0,6.0,6.003060877992539,completed,6.071120523993159,71.12052399315871,34.07145690917969
1441,2,0,6.004166666666666,6.00763377599651,dropped_queue_full,,,
1442,3,0,6.008333333333333,6.008435899013421,dropped_queue_full,,,
1443,0,0,6.0125,6.012537931994302,dropped_queue_full,,,
1444,1,1,6.016666666666667,6.016794749011751,dropped_queue_full,,,
1445,2,1,6.020833333333333,6.020909306011163,completed,6.079593791015213,58.76045768188032,34.05952072143555
1446,3,1,6.025,6.02625166499638,completed,6.088019357004669,63.01935700466821,33.93049621582031
1447,0,1,6.029166666666667,6.030862613988575,completed,6.097758349002106,68.59168233543933,33.974143981933594
1448,1,0,6.033333333333333,6.035470497998176,dropped_queue_full,,,
1449,2,0,6.0375,6.037544969003648,dropped_queue_full,,,
1450,3,0,6.041666666666667,6.041791607014602,dropped_queue_full,,,
1451,0,0,6.045833333333333,6.045911052991869,dropped_queue_full,,,
1452,1,1,6.05,6.050111452001147,completed,6.105202490987722,55.20249098772201,34.037025451660156
1453,2,1,6.054166666666666,6.055387675995007,completed,6.113646092009731,59.479425343064385,33.918975830078125
1454,3,1,6.058333333333334,6.0600507640047,completed,6.125958602002356,67.62526866902263,34.055904388427734
1455,0,1,6.0625,6.064705627009971,completed,6.13070467900252,68.2046790025197,34.07011032104492
1456,1,0,6.066666666666666,6.069703442015452,dropped_queue_full,,,
1457,2,0,6.070833333333333,6.070955209987005,dropped_queue_full,,,
1458,3,0,6.075,6.075053345004562,dropped_queue_full,,,
1459,0,0,6.079166666666667,6.079267650988186,dropped_queue_full,,,
1460,1,1,6.083333333333333,6.083373300993117,completed,6.139486431988189,56.15309865485596,34.059776306152344
1461,2,1,6.0875,6.088011371990433,completed,6.150552134000463,63.052134000463056,34.180545806884766
1462,3,1,6.091666666666667,6.093170634005219,completed,6.161148304003291,69.48163733662405,34.04336166381836
1463,0,1,6.095833333333333,6.097752939007478,completed,6.165816852997523,69.98351966418959,34.00646209716797
1464,1,0,6.1,6.102342097001383,dropped_queue_full,,,
1465,2,0,6.104166666666667,6.104247978015337,dropped_queue_full,,,
1466,3,0,6.108333333333333,6.108425343991257,dropped_queue_full,,,
1467,0,0,6.1125,6.112693823000882,dropped_queue_full,,,
1468,1,1,6.116666666666666,6.1167944929911755,completed,6.173536888993112,56.87022232644612,33.92272186279297
1469,2,1,6.120833333333334,6.121392878005281,completed,6.182061994011747,61.22866067841315,33.923553466796875
1470,3,1,6.125,6.125951038004132,completed,6.193469776015263,68.46977601526305,34.00492858886719
1471,0,1,6.129166666666666,6.130530408001505,dropped_queue_full,,,
1472,1,0,6.133333333333333,6.133374199998798,dropped_queue_full,,,
1473,2,0,6.1375,6.137581632996444,dropped_queue_full,,,
1474,3,0,6.141666666666667,6.141695327998605,dropped_queue_full,,,
1475,0,0,6.145833333333333,6.145894885994494,completed,6.199027424008818,53.194090675485306,34.112449645996094
1476,1,1,6.15,6.150545039999997,completed,6.207850465987576,57.85046598757582,34.145408630371094
1477,2,1,6.154166666666667,6.156008168996777,completed,6.217212310992181,63.045644325514516,34.17103958129883
1478,3,1,6.158333333333333,6.16114082900458,completed,6.2266126990143675,68.27936568103432,34.08399963378906
1479,0,1,6.1625,6.16581171299913,completed,6.233225161005976,70.72516100597603,34.05721664428711
1480,1,0,6.166666666666667,6.170406491990434,dropped_queue_full,,,
1481,2,0,6.170833333333333,6.170893776987214,dropped_queue_full,,,
1482,3,0,6.175,6.175108513998566,dropped_queue_full,,,
1483,0,0,6.179166666666666,6.1792400930135045,dropped_queue_full,,,
1484,1,1,6.183333333333334,6.183479967992753,completed,6.2419613279926125,58.627994659278926,34.00908660888672
1485,2,1,6.1875,6.1887847959878854,completed,6.250539844011655,63.03984401165508,34.009151458740234
1486,3,1,6.191666666666666,6.193461971008219,completed,6.26001773000462,68.35106333795338,34.17619323730469
1487,0,1,6.195833333333333,6.198062390991254,dropped_queue_full,,,
1488,1,0,6.2,6.200109069002792,dropped_queue_full,,,
1489,2,0,6.204166666666667,6.204214949015295,dropped_queue_full,,,
1490,3,0,6.208333333333333,6.208478668995667,dropped_queue_full,,,
1491,0,0,6.2125,6.212581522995606,completed,6.267481910006609,54.98191000660846,34.113311767578125
1492,1,1,6.216666666666667,6.217204907006817,completed,6.276168673008215,59.5020063415479,34.014591217041016
1493,2,1,6.220833333333333,6.221923059987603,completed,6.288513525010785,67.68019167745187,34.002750396728516
1494,3,1,6.225,6.226605364994612,completed,6.2931021219992545,68.1021219992548,33.91619110107422
1495,0,1,6.229166666666667,6.231186248012818,dropped_queue_full,,,
1496,1,0,6.233333333333333,6.233388051012298,dropped_queue_full,,,
1497,2,0,6.2375,6.23758282000199,dropped_queue_full,,,
1498,3,0,6.241666666666666,6.241794210014632,dropped_queue_full,,,
1499,0,0,6.245833333333334,6.24589758500224,completed,6.301482682989445,55.64934965611101,33.911903381347656
1500,1,1,6.25,6.250532731006388,completed,6.310328216990456,60.328216990455985,34.00409698486328
1501,2,1,6.254166666666666,6.25515006299247,completed,6.321803706989158,67.63704032249152,34.059871673583984
1502,3,1,6.258333333333333,6.260009724996053,completed,6.327329355000984,68.99602166765106,34.08342361450195
1503,0,1,6.2625,6.264583123003831,dropped_queue_full,,,
1504,1,0,6.266666666666667,6.266706397000235,dropped_queue_full,,,
1505,2,0,6.270833333333333,6.270951270998921,dropped_queue_full,,,
1506,3,0,6.275,6.275054777011974,dropped_queue_full,,,
1507,0,0,6.279166666666667,6.279267570003867,completed,6.335854009987088,56.687343320421135,34.157920837402344
1508,1,1,6.283333333333333,6.2839242960035335,completed,6.346483072004048,63.14973867071494,34.22886276245117
1509,2,1,6.2875,6.288506560988026,completed,6.355652021011338,68.152021011338,34.03433609008789
1510,3,1,6.291666666666667,6.293094257009216,completed,6.361644665012136,69.97799834546913,34.17689514160156
1511,0,1,6.295833333333333,6.297696841007564,dropped_queue_full,,,
1512,1,0,6.3,6.300056743988534,dropped_queue_full,,,
1513,2,0,6.304166666666666,6.3043205740104895,dropped_queue_full,,,
1514,3,0,6.308333333333334,6.308423989015864,dropped_queue_full,,,
1515,0,0,6.3125,6.312537032994442,completed,6.370116128993686,57.61612899368629,34.166046142578125
1516,1,1,6.316666666666666,6.3171515699941665,completed,6.3797142220137175,63.04755534705109,34.11830520629883
1517,2,1,6.320833333333333,6.32179667399032,completed,6.388836522994097,68.00318966076446,34.32553482055664
1518,3,1,6.325,6.326407332991948,dropped_queue_full,,,
1519,0,1,6.329166666666667,6.3292253270046785,dropped_queue_full,,,
1520,1,0,6.333333333333333,6.333478646993171,dropped_queue_full,,,
1521,2,0,6.3375,6.337580599007197,dropped_queue_full,,,
1522,3,0,6.341666666666667,6.341792822000571,completed,6.395906352991005,54.23968632433862,34.20627212524414
1523,0,0,6.345833333333333,6.346476679987973,completed,6.404380302003119,58.546968669785926,34.18374252319336
1524,1,1,6.35,6.351060568005778,completed,6.413661422993755,63.66142299375532,34.257057189941406
1525,2,1,6.354166666666667,6.355644977011252,completed,6.422852363990387,68.68569732371998,34.06470489501953
1526,3,1,6.358333333333333,6.360719588003121,dropped_queue_full,,,
1527,0,1,6.3625,6.362595510989195,dropped_queue_full,,,
1528,1,0,6.366666666666666,6.366793636989314,dropped_queue_full,,,
1529,2,0,6.370833333333334,6.370910617988557,dropped_queue_full,,,
1530,3,0,6.375,6.375111969013233,completed,6.430228306009667,55.228306009666994,34.12508773803711
1531,0,0,6.379166666666666,6.379707951011369,completed,6.438694679993205,59.52801332653834,34.1130256652832
1532,1,1,6.383333333333333,6.384267713001464,completed,6.451016818988137,67.68348565480409,34.023712158203125
1533,2,1,6.3875,6.3888297000085,completed,6.456216115999268,68.7161159992682,34.227359771728516
1534,3,1,6.391666666666667,6.393404870992526,dropped_queue_full,,,
1535,0,1,6.395833333333333,6.395901774987578,dropped_queue_full,,,
1536,1,0,6.4,6.400000410998473,dropped_queue_full,,,
1537,2,0,6.404166666666667,6.404213734989753,dropped_queue_full,,,
1538,3,0,6.408333333333333,6.4084235329937655,completed,6.4644305820111185,56.097248677785316,34.18588638305664
1539,0,0,6.4125,6.413654720992781,completed,6.475522983993869,63.02298399386963,34.20035171508789
1540,1,1,6.416666666666667,6.418247496010736,completed,6.4852413769986015,68.57471033193451,34.24457550048828
1541,2,1,6.420833333333333,6.422845391003648,completed,6.490329933993053,69.49660065971929,34.23276901245117
1542,3,1,6.425,6.427398319996428,dropped_queue_full,,,
1543,0,1,6.429166666666666,6.429272429988487,dropped_queue_full,,,
1544,1,0,6.433333333333334,6.433478791004745,dropped_queue_full,,,
1545,2,0,6.4375,6.437581205012975,dropped_queue_full,,,
1546,3,0,6.441666666666666,6.441796363011235,completed,6.498905715998262,57.23904933159574,34.27231979370117
1547,0,0,6.445833333333333,6.446400919987354,completed,6.508811564010102,62.97823067676944,34.2391357421875
1548,1,1,6.45,6.451010516990209,completed,6.517929385998286,67.92938599828614,34.31808090209961
1549,2,1,6.454166666666667,6.455612830002792,dropped_queue_full,,,
1550,3,1,6.458333333333333,6.45842541399179,dropped_queue_full,,,
1551,0,1,6.4624999999999995,6.462529170006746,dropped_queue_full,,,
1552,1,0,6.466666666666667,6.466675897012465,dropped_queue_full,,,
1553,2,0,6.470833333333333,6.470895442995243,completed,6.52474567500758,53.91234167424663,34.207679748535156
1554,3,0,6.475,6.475517734012101,completed,6.533379817992682,58.37981799268199,34.291168212890625
1555,0,0,6.479166666666667,6.4800862740084995,completed,6.542175837996183,63.009171329516,34.32339096069336
1556,1,1,6.483333333333333,6.4852347940031905,completed,6.55135659899679,68.02326566345673,34.268798828125
1557,2,1,6.4875,6.489835423999466,dropped_queue_full,,,
1558,3,1,6.491666666666666,6.491753639013041,dropped_queue_full,,,
1559,0,1,6.495833333333334,6.495950220996747,dropped_queue_full,,,
1560,1,0,6.5,6.500012478005374,dropped_queue_full,,,
1561,2,0,6.504166666666666,6.504214220010908,completed,6.559055134013761,54.888467347094405,34.29999923706055
1562,3,0,6.508333333333333,6.508806494995952,completed,6.567695759003982,59.36242567064909,34.30070495605469
1563,0,0,6.5125,6.513375423994148,completed,6.580858214001637,68.35821400163678,34.26902389526367
1564,1,1,6.516666666666667,6.517923084000358,completed,6.58547894199728,68.81227533061374,34.23526382446289
1565,2,1,6.520833333333333,6.522512211988214,dropped_queue_full,,,
1566,3,1,6.5249999999999995,6.525065633002669,dropped_queue_full,,,
1567,0,1,6.529166666666667,6.529268367012264,dropped_queue_full,,,
1568,1,0,6.533333333333333,6.5333722429932095,dropped_queue_full,,,
1569,2,0,6.5375,6.537583664001431,completed,6.5935338150011376,56.03381500113791,34.31731033325195
1570,3,0,6.541666666666667,6.5421707479981706,completed,6.60217237600591,60.505709339243374,34.34844970703125
1571,0,0,6.545833333333333,6.546780144999502,completed,6.613418260007165,67.58492667383197,34.41145706176758
1572,1,1,6.55,6.551350105990423,completed,6.619590646005236,69.59064600523578,34.502464294433594
1573,2,1,6.554166666666666,6.555922973988345,dropped_queue_full,,,
1574,3,1,6.558333333333334,6.558410750003532,dropped_queue_full,,,
1575,0,1,6.5625,6.56263687799219,dropped_queue_full,,,
1576,1,0,6.566666666666666,6.566738871013513,dropped_queue_full,,,
1577,2,0,6.570833333333333,6.570843919995241,completed,6.6282195989915635,57.386265658230684,34.49033737182617
1578,3,0,6.575,6.575512849987717,completed,6.638085370999761,63.08537099976075,34.34563064575195
1579,0,0,6.579166666666667,6.580852462997427,completed,6.647682103008265,68.51543634159808,34.323936462402344
1580,1,1,6.583333333333333,6.585472470003879,completed,6.654069456999423,70.73612366608995,34.2020149230957
1581,2,1,6.5874999999999995,6.590058983012568,dropped_queue_full,,,
1582,3,1,6.591666666666667,6.591793889005203,dropped_queue_full,,,
1583,0,1,6.595833333333333,6.595898777013645,dropped_queue_full,,,
1584,1,0,6.6,6.6001083250157535,dropped_queue_full,,,
1585,2,0,6.604166666666667,6.604212470992934,completed,6.6624865969934035,58.31993032673655,34.07267379760742
1586,3,0,6.608333333333333,6.6088062780036125,completed,6.671495602000505,63.16226866717134,34.18870544433594
1587,0,0,6.6125,6.613412959995912,completed,6.680705337988911,68.20533798891137,34.21548843383789
1588,1,1,6.616666666666666,6.617995915992651,dropped_queue_full,,,
1589,2,1,6.620833333333334,6.620856149995234,dropped_queue_full,,,
1590,3,1,6.625,6.625052612012951,dropped_queue_full,,,
1591,0,1,6.629166666666666,6.6291698240092956,dropped_queue_full,,,
1592,1,0,6.633333333333333,6.633479481009999,completed,6.6884335200011265,55.100186667793594,34.357086181640625
1593,2,0,6.6375,6.638077876996249,completed,6.696906566008693,59.40656600869243,34.307456970214844
1594,3,0,6.641666666666667,6.642674900009297,completed,6.709284842014313,67.61817534764614,34.413055419921875
1595,0,0,6.645833333333333,6.647675229003653,completed,6.714058109995676,68.22477666234317,34.34096145629883
1596,1,1,6.6499999999999995,6.65244204501505,dropped_queue_full,,,
1597,2,1,6.654166666666667,6.654240261006635,dropped_queue_full,,,
1598,3,1,6.658333333333333,6.658426353998948,dropped_queue_full,,,
1599,0,1,6.6625,6.662648174009519,dropped_queue_full,,,
1600,1,0,6.666666666666667,6.6667401480081026,completed,6.722746976010967,56.08030934430008,34.187103271484375
1601,2,0,6.670833333333333,6.671487696992699,completed,6.734429920994444,63.596587661110426,34.21142578125
1602,3,0,6.675,6.676088717998937,completed,6.743602295988239,68.60229598823952,34.22681427001953
1603,0,0,6.679166666666666,6.680700047989376,completed,6.74849112398806,69.32445732139402,34.268577575683594
1604,1,1,6.683333333333334,6.685280961013632,dropped_queue_full,,,
1605,2,1,6.6875,6.687635954003781,dropped_queue_full,,,
1606,3,1,6.691666666666666,6.691738669003826,dropped_queue_full,,,
1607,0,1,6.695833333333333,6.695952033012873,dropped_queue_full,,,
1608,1,0,6.7,6.700054907007143,completed,6.757235065015266,57.23506501526554,34.34844970703125
1609,2,0,6.704166666666667,6.704669753991766,completed,6.767177492991323,63.010826324656044,34.43756866455078
1610,3,0,6.708333333333333,6.7092771570023615,completed,6.776332384994021,67.99905166068766,34.22758483886719
1611,0,0,6.7124999999999995,6.713884280005004,dropped_queue_full,,,
1612,1,1,6.716666666666667,6.716739714000141,dropped_queue_full,,,
1613,2,1,6.720833333333333,6.720843860995956,dropped_queue_full,,,
1614,3,1,6.725,6.725108081998769,dropped_queue_full,,,
1615,0,1,6.729166666666667,6.729210946010426,completed,6.782642653008224,53.47598634155748,34.16950225830078
1616,1,0,6.733333333333333,6.734422656998504,completed,6.791588177002268,58.25484366893452,34.132320404052734
1617,2,0,6.7375,6.739011544996174,completed,6.800444611988496,62.94461198849621,34.08457565307617
1618,3,0,6.741666666666666,6.743594811996445,completed,6.809601476998068,67.93481033140213,34.242305755615234
1619,0,0,6.745833333333334,6.748185172007652,dropped_queue_full,,,
1620,1,1,6.75,6.750073128991062,dropped_queue_full,,,
1621,2,1,6.754166666666666,6.754265363008017,dropped_queue_full,,,
1622,3,1,6.758333333333333,6.758479359006742,dropped_queue_full,,,
1623,0,1,6.7625,6.762580089009134,completed,6.817115982994437,54.61598299443704,34.2309455871582
1624,1,0,6.766666666666667,6.767170670005726,completed,6.825908516999334,59.24185033266749,34.16019058227539
1625,2,0,6.770833333333333,6.771754818997579,completed,6.838511790003395,67.67845667006168,34.07942581176758
1626,3,0,6.7749999999999995,6.776324750011554,completed,6.8431313860055525,68.13138600555303,34.16697692871094
1627,0,0,6.779166666666667,6.7809183270146605,dropped_queue_full,,,
1628,1,1,6.783333333333333,6.783435688994359,dropped_queue_full,,,
1629,2,1,6.7875,6.787528815009864,dropped_queue_full,,,
1630,3,1,6.791666666666667,6.7917493029963225,dropped_queue_full,,,
1631,0,1,6.795833333333333,6.795844542997656,completed,6.85132386899204,55.49053565870654,34.158302307128906
1632,1,0,6.8,6.80043751798803,completed,6.860223115014378,60.22311501437816,34.15260696411133
1633,2,0,6.804166666666666,6.805022448999807,completed,6.87189436799963,67.72770133296379,34.10102462768555
1634,3,0,6.808333333333334,6.809594082995318,completed,6.877094327006489,68.76099367315547,34.03705596923828
1635,0,0,6.8125,6.814753184007714,dropped_queue_full,,,
1636,1,1,6.816666666666666,6.816793259989936,dropped_queue_full,,,
1637,2,1,6.820833333333333,6.820897466997849,dropped_queue_full,,,
1638,3,1,6.825,6.825109858997166,dropped_queue_full,,,
1639,0,1,6.829166666666667,6.829212273005396,completed,6.885430672991788,56.26400632512141,34.00080108642578
1640,1,0,6.833333333333333,6.833844242995838,completed,6.896327644994017,62.9943116606837,33.977088928222656
1641,2,0,6.8374999999999995,6.8385048669879325,completed,6.905457239015959,67.95723901595974,34.07027053833008
1642,3,0,6.841666666666667,6.843123952014139,completed,6.911120167002082,69.45350033541509,34.067169189453125
1643,0,0,6.845833333333333,6.847708199988119,dropped_queue_full,,,
1644,1,1,6.85,6.850060269003734,dropped_queue_full,,,
1645,2,1,6.854166666666667,6.854321123013506,dropped_queue_full,,,
1646,3,1,6.858333333333333,6.858477700006915,dropped_queue_full,,,
1647,0,1,6.8625,6.862625890003983,completed,6.919745271996362,57.24527199636231,34.0684814453125
1648,1,0,6.866666666666666,6.867328733991599,completed,6.929689534008503,63.02286734183671,34.07148742675781
1649,2,0,6.870833333333334,6.871887315006461,completed,6.938861408008961,68.02807467562744,33.961952209472656
1650,3,0,6.875,6.876443590008421,dropped_queue_full,,,
1651,0,0,6.879166666666666,6.879182814009255,dropped_queue_full,,,
1652,1,1,6.883333333333333,6.883422829007031,dropped_queue_full,,,
1653,2,1,6.8875,6.887636594008654,dropped_queue_full,,,
1654,3,1,6.891666666666667,6.891687029012246,completed,6.945325017004507,53.658350337840055,34.03676986694336
1655,0,1,6.895833333333333,6.896313537989045,completed,6.9537999570020474,57.96662366871441,34.01331329345703
1656,1,0,6.8999999999999995,6.90088122501038,completed,6.963122568005929,63.1225680059293,33.94483184814453
1657,2,0,6.904166666666667,6.905450224992819,completed,6.972565136005869,68.39846933920235,33.9219856262207
1658,3,0,6.908333333333333,6.910026349010877,dropped_queue_full,,,
1659,0,0,6.9125,6.912543701007962,dropped_queue_full,,,
1660,1,1,6.916666666666667,6.916738049010746,dropped_queue_full,,,
1661,2,1,6.920833333333333,6.920852064999053,dropped_queue_full,,,
1662,3,1,6.925,6.925054338003974,completed,6.979380314005539,54.380314005539,33.95759963989258
1663,0,1,6.929166666666666,6.929682921007043,completed,6.987958770012483,58.79210334581675,33.95075225830078
1664,1,0,6.933333333333334,6.934263283008477,completed,7.000862443994265,67.52911066093148,33.972511291503906
1665,2,0,6.9375,6.9388544950052164,completed,7.005411505990196,67.91150599019602,33.99683380126953
1666,3,0,6.941666666666666,6.943423824995989,dropped_queue_full,,,
1667,0,0,6.945833333333333,6.945960184006253,dropped_queue_full,,,
1668,1,1,6.95,6.950055533990962,dropped_queue_full,,,
1669,2,1,6.954166666666667,6.954276172007667,dropped_queue_full,,,
1670,3,1,6.958333333333333,6.958382993994746,completed,7.013431942992611,55.09860965927782,33.95667266845703
1671,0,1,6.9624999999999995,6.963116346014431,completed,7.021905469999183,59.4054699991835,33.919551849365234
1672,1,0,6.966666666666667,6.967832385998918,completed,7.034884797991253,68.21813132458665,33.90544128417969
1673,2,0,6.970833333333333,6.972558273002505,completed,7.039496679004515,68.66334567118137,33.89708709716797
1674,3,0,6.975,6.977142562012887,dropped_queue_full,,,
1675,0,0,6.979166666666667,6.979213717015227,dropped_queue_full,,,
1676,1,1,6.983333333333333,6.983426921011414,dropped_queue_full,,,
1677,2,1,6.9875,6.9876348249963485,dropped_queue_full,,,
1678,3,1,6.991666666666666,6.991740694997134,completed,7.04753558099037,55.86891432370411,34.00998306274414
1679,0,1,6.995833333333334,6.996302421001019,completed,7.056164262990933,60.33092965759934,34.07254409790039
1680,1,0,7.0,7.000855861988384,completed,7.067664431000594,67.66443100059405,34.058624267578125
1681,2,0,7.004166666666666,7.005404232011642,completed,7.073325064004166,69.15839733749962,34.14924621582031
1682,3,0,7.008333333333333,7.009947282989742,dropped_queue_full,,,
1683,0,0,7.0125,7.012635630002478,dropped_queue_full,,,
1684,1,1,7.016666666666667,7.016737892990932,dropped_queue_full,,,
1685,2,1,7.020833333333333,7.020950917009031,dropped_queue_full,,,
1686,3,1,7.0249999999999995,7.02505466301227,completed,7.08180138701573,56.801387015730676,34.12860870361328
1687,0,1,7.029166666666667,7.030191922007361,completed,7.092164855013834,62.99818834716753,34.03968048095703
1688,1,0,7.033333333333333,7.034878084989032,completed,7.101377145998413,68.04381266507953,33.980255126953125
1689,2,0,7.0375,7.039489615999628,completed,7.1073833759874105,69.8833759874109,33.88502502441406
1690,3,0,7.041666666666667,7.044066711008782,dropped_queue_full,,,
1691,0,0,7.045833333333333,7.04595146200154,dropped_queue_full,,,
1692,1,1,7.05,7.050056570005836,dropped_queue_full,,,
1693,2,1,7.054166666666666,7.05426520499168,dropped_queue_full,,,
1694,3,1,7.058333333333334,7.058424637012649,completed,7.115904103993671,57.570770660337445,33.93961715698242
1695,0,1,7.0625,7.0630730479897466,completed,7.125509131001309,63.00913100130856,33.97404861450195
1696,1,0,7.066666666666666,7.067657937994227,completed,7.134644225006923,67.97755834025665,33.95036697387695
1697,2,0,7.070833333333333,7.0722379889921285,dropped_queue_full,,,
1698,3,0,7.075,7.075062554999022,dropped_queue_full,,,
1699,0,0,7.079166666666667,7.079186810005922,dropped_queue_full,,,
1700,1,1,7.083333333333333,7.083379604999209,dropped_queue_full,,,
1701,2,1,7.0874999999999995,7.087581538013183,completed,7.141431218013167,53.931218013167914,33.88294219970703
1702,3,1,7.091666666666667,7.092159814987099,completed,7.149902542005293,58.235875338626286,33.88198471069336
1703,0,1,7.095833333333333,7.09673956601182,completed,7.158852454012958,63.01912067962512,33.832672119140625
1704,1,0,7.1,7.101370824006153,completed,7.168838275014423,68.83827501442319,33.85148620605469
1705,2,0,7.104166666666667,7.106576954014599,dropped_queue_full,,,
1706,3,0,7.108333333333333,7.1084803600097075,dropped_queue_full,,,
1707,0,0,7.1125,7.112582122994354,dropped_queue_full,,,
1708,1,1,7.116666666666666,7.116695206990698,dropped_queue_full,,,
1709,2,1,7.120833333333334,7.12089690900757,completed,7.175439474987797,54.60614165446387,33.92323303222656
1710,3,1,7.125,7.125503821007442,completed,7.183910468011163,58.910468011163175,33.94585418701172
1711,0,1,7.129166666666666,7.130069884995464,completed,7.197500055015553,68.33338834888636,33.93324661254883
1712,1,0,7.133333333333333,7.134637932991609,completed,7.2027259829919785,69.39264965864567,33.886112213134766
1713,2,0,7.1375,7.1392191160121,dropped_queue_full,,,
1714,3,0,7.141666666666667,7.141751496994402,dropped_queue_full,,,
1715,0,0,7.145833333333333,7.145950854988769,dropped_queue_full,,,
1716,1,1,7.1499999999999995,7.150062886008527,dropped_queue_full,,,
1717,2,1,7.154166666666667,7.154265601013321,completed,7.209553062013583,55.38639534691647,33.9381103515625
1718,3,1,7.158333333333333,7.158846973994514,completed,7.218009648000589,59.676314667255426,33.90806579589844
1719,0,1,7.1625,7.164259376004338,completed,7.230060631991364,67.56063199136442,33.934112548828125
1720,1,0,7.166666666666667,7.168831773014972,completed,7.2351305129996035,68.46384633293655,33.930782318115234
1721,2,0,7.170833333333333,7.173472088004928,dropped_queue_full,,,
1722,3,0,7.175,7.17511573000229,dropped_queue_full,,,
1723,0,0,7.179166666666666,7.179210219008382,dropped_queue_full,,,
1724,1,1,7.183333333333334,7.183426759002032,dropped_queue_full,,,
1725,2,1,7.1875,7.187636596994707,completed,7.243486938008573,55.986938008572906,33.88681411743164
1726,3,1,7.191666666666666,7.19229090900626,completed,7.2546656650083605,62.99899834169409,33.925472259521484
1727,0,1,7.195833333333333,7.197494113992434,completed,7.2640983239980415,68.26499066470859,33.970462799072266
1728,1,0,7.2,7.202719110006001,completed,7.269403022015467,69.40302201546712,34.1064338684082
1729,2,0,7.204166666666667,7.207322425005259,dropped_queue_full,,,
1730,3,0,7.208333333333333,7.208441210008459,dropped_queue_full,,,
1731,0,0,7.2124999999999995,7.21263903498766,dropped_queue_full,,,
1732,1,1,7.216666666666667,7.216739004012197,dropped_queue_full,,,
1733,2,1,7.220833333333333,7.220843401009915,completed,7.277746192004997,56.91285867166407,34.10460662841797
1734,3,1,7.225,7.225445955002215,completed,7.288059604994487,63.05960499448737,34.21491241455078
1735,0,1,7.229166666666667,7.230055471998639,completed,7.297204678005073,68.03801133840625,34.1987190246582
1736,1,0,7.233333333333333,7.23463971100864,dropped_queue_full,,,
1737,2,0,7.2375,7.237636403995566,dropped_queue_full,,,
1738,3,0,7.241666666666666,7.2417388670146465,dropped_queue_full,,,
1739,0,0,7.245833333333334,7.24585398499039,dropped_queue_full,,,
1740,1,1,7.25,7.25005526599125,completed,7.303640585014364,53.64058501436375,34.06528091430664
1741,2,1,7.254166666666666,7.254657979996409,completed,7.311958445992786,57.79177932612001,34.065887451171875
1742,3,1,7.258333333333333,7.259241177001968,completed,7.321293209999567,62.95987666623404,34.05507278442383
1743,0,1,7.2625,7.264092964003794,completed,7.330463441001484,67.963441001484,34.05209732055664
1744,1,0,7.266666666666667,7.268826546991477,dropped_queue_full,,,
1745,2,0,7.270833333333333,7.270950622012606,dropped_queue_full,,,
1746,3,0,7.2749999999999995,7.275053596007638,dropped_queue_full,,,
1747,0,0,7.279166666666667,7.279203631012933,dropped_queue_full,,,
1748,1,1,7.283333333333333,7.283426022011554,completed,7.33785725699272,54.52392365938685,34.05497741699219
1749,2,1,7.2875,7.288051999988966,completed,7.346169658994768,58.66965899476817,34.093536376953125
1750,3,1,7.291666666666667,7.292630287993234,completed,7.354860107996501,63.193441329834066,34.11814498901367
1751,0,1,7.295833333333333,7.297199368011206,completed,7.364376827987144,68.54349465381037,34.04995346069336
1752,1,0,7.3,7.301762866991339,dropped_queue_full,,,
1753,2,0,7.304166666666666,7.304276401991956,dropped_queue_full,,,
1754,3,0,7.308333333333334,7.308371051010909,dropped_queue_full,,,
1755,0,0,7.3125,7.312592781003332,dropped_queue_full,,,
1756,1,1,7.316666666666666,7.31668688901118,completed,7.372113235003781,55.446568337114144,34.13996887207031
1757,2,1,7.320833333333333,7.321286015998339,completed,7.380485630012117,59.65229667878447,34.19318389892578
1758,3,1,7.325,7.325898679002421,completed,7.392649387998972,67.64938799897192,34.245887756347656
1759,0,1,7.329166666666667,7.330458231008379,completed,7.3976494270027615,68.48276033609491,34.2891845703125
1760,1,0,7.333333333333333,7.335017542995047,dropped_queue_full,,,
1761,2,0,7.3374999999999995,7.337534454010893,dropped_queue_full,,,
1762,3,0,7.341666666666667,7.341738370014355,dropped_queue_full,,,
1763,0,0,7.345833333333333,7.345844391005812,dropped_queue_full,,,
1764,1,1,7.35,7.350119682989316,completed,7.406433294003364,56.433294003364054,34.265342712402344
1765,2,1,7.354166666666667,7.354851943004178,completed,7.417169871012447,63.00320434578044,34.24911880493164
1766,3,1,7.358333333333333,7.359512026014272,completed,7.427038257999811,68.70492466647792,34.14838409423828
1767,0,1,7.3625,7.364371177012799,completed,7.4318078590149526,69.30785901495273,34.12470245361328
1768,1,0,7.366666666666666,7.368963090004399,dropped_queue_full,,,
1769,2,0,7.370833333333334,7.370869842998218,dropped_queue_full,,,
1770,3,0,7.375,7.375111670990009,dropped_queue_full,,,
1771,0,0,7.379166666666666,7.379213103005895,dropped_queue_full,,,
1772,1,1,7.383333333333333,7.38347950798925,completed,7.44058959200629,57.25625867295747,34.06035232543945
1773,2,1,7.3875,7.38807668100344,completed,7.450488989008591,62.9889890085904,34.11743927001953
1774,3,1,7.391666666666667,7.392641854006797,completed,7.459720295999432,68.05362933276538,34.18803024291992
1775,0,1,7.395833333333333,7.397202588006621,dropped_queue_full,,,
1776,1,0,7.3999999999999995,7.400018577987794,dropped_queue_full,,,
1777,2,0,7.404166666666667,7.404264754004544,dropped_queue_full,,,
1778,3,0,7.408333333333333,7.408478489000117,dropped_queue_full,,,
1779,0,0,7.4125,7.412579891009955,completed,7.466178233997198,53.67823399719818,34.195552825927734
1780,1,1,7.416666666666667,7.417163058009464,completed,7.474959626997588,58.29296033092124,34.198814392089844
1781,2,1,7.420833333333333,7.421743790007895,completed,7.483809138007928,62.97580467459429,34.01027297973633
1782,3,1,7.425,7.42703019300825,completed,7.493025867996039,68.02586799603904,34.10172653198242
1783,0,1,7.429166666666666,7.431633528001839,dropped_queue_full,,,
1784,1,0,7.433333333333334,7.433391538012074,dropped_queue_full,,,
1785,2,0,7.4375,7.437582820013631,dropped_queue_full,,,
1786,3,0,7.441666666666666,7.441696485009743,dropped_queue_full,,,
1787,0,0,7.445833333333333,7.445896202989388,completed,7.500432558998,54.59922566466702,34.090206146240234
1788,1,1,7.45,7.450482135987841,completed,7.509221935993992,59.221935993991615,34.109535217285156
1789,2,1,7.454166666666667,7.455061524990015,completed,7.517849175987067,63.682509320400094,34.163551330566406
1790,3,1,7.458333333333333,7.459712590993149,completed,7.527681865001796,69.34853166846278,34.18172836303711
1791,0,1,7.4624999999999995,7.4645838949945755,dropped_queue_full,,,
1792,1,0,7.466666666666667,7.466796749009518,dropped_queue_full,,,
1793,2,0,7.470833333333333,7.470897740015062,dropped_queue_full,,,
1794,3,0,7.475,7.4751204019994475,dropped_queue_full,,,
1795,0,0,7.479166666666667,7.4792133680020925,completed,7.534644222003408,55.477555336740814,34.1545295715332
1796,1,1,7.483333333333333,7.483801985013997,completed,7.543485308007803,60.15197467446942,34.166080474853516
1797,2,1,7.4875,7.488386774988612,completed,7.5550271139945835,67.52711399458366,34.22627258300781
1798,3,1,7.491666666666666,7.493018033012049,completed,7.560698307992425,69.03164132575856,34.331905364990234
1799,0,1,7.495833333333334,7.498225946997991,dropped_queue_full,,,
1800,1,0,7.5,7.500108823995106,dropped_queue_full,,,
1801,2,0,7.504166666666666,7.504214613989461,dropped_queue_full,,,
1802,3,0,7.508333333333333,7.508423660008702,dropped_queue_full,,,
1803,0,0,7.5125,7.51261618398712,completed,7.569168609014014,56.668609014013605,34.36198425292969
1804,1,1,7.516666666666667,7.5178415609989315,completed,7.579822628991678,63.15596232501175,34.36988830566406
1805,2,1,7.520833333333333,7.52308531300514,completed,7.588982070010388,68.14873667705524,34.37120056152344
1806,3,1,7.5249999999999995,7.52767428100924,completed,7.595169314008672,70.16931400867233,34.352352142333984
1807,0,1,7.529166666666667,7.532274469995173,dropped_queue_full,,,
1808,1,0,7.533333333333333,7.533391731994925,dropped_queue_full,,,
1809,2,0,7.5375,7.537637508008629,dropped_queue_full,,,
1810,3,0,7.541666666666667,7.541741133987671,dropped_queue_full,,,
1811,0,0,7.545833333333333,7.545851292001316,completed,7.603646308009047,57.81297467571367,34.33107376098633
1812,1,1,7.55,7.550458906014683,completed,7.613138810993405,63.13881099340524,34.30729675292969
1813,2,1,7.554166666666666,7.555020021012751,completed,7.622567323007388,68.40065634072178,34.351070404052734
1814,3,1,7.558333333333334,7.559617855004035,dropped_queue_full,,,
1815,0,1,7.5625,7.562581615988165,dropped_queue_full,,,
1816,1,0,7.566666666666666,7.566795020014979,dropped_queue_full,,,
1817,2,0,7.570833333333333,7.570897503988817,dropped_queue_full,,,
1818,3,0,7.575,7.575107562006451,completed,7.629698681004811,54.6986810048109,34.41823959350586
1819,0,0,7.579166666666667,7.579816237004707,completed,7.638275203993544,59.108537326877375,34.48124694824219
1820,1,1,7.583333333333333,7.58440235001035,completed,7.650903514993843,67.57018166050966,34.5055046081543
1821,2,1,7.5874999999999995,7.588975006015971,completed,7.65549538799678,67.9953879967803,34.381568908691406
1822,3,1,7.591666666666667,7.593573112011654,dropped_queue_full,,,
1823,0,1,7.595833333333333,7.595952692005085,dropped_queue_full,,,
1824,1,0,7.6,7.600095962989144,dropped_queue_full,,,
1825,2,0,7.604166666666667,7.604280633007875,dropped_queue_full,,,
1826,3,0,7.608333333333333,7.608477595989825,completed,7.664118991000578,55.785657667244415,34.36860656738281
1827,0,0,7.6125,7.613132519007195,completed,7.675676145998295,63.176145998295574,34.376800537109375
1828,1,1,7.616666666666666,7.617917689989554,completed,7.685257748991717,68.5910823250504,34.34796905517578
1829,2,1,7.620833333333334,7.622560340008931,completed,7.690046625997638,69.21329266430476,34.38595199584961
1830,3,1,7.625,7.627150520012947,dropped_queue_full,,,
1831,0,1,7.629166666666666,7.629217415989842,dropped_queue_full,,,
1832,1,0,7.633333333333333,7.633425611013081,dropped_queue_full,,,
1833,2,0,7.6375,7.637635479011806,dropped_queue_full,,,
1834,3,0,7.641666666666667,7.641740738006774,completed,7.69879885300179,57.132186335123514,34.4716796875
1835,0,0,7.645833333333333,7.64633329201024,completed,7.707431112008635,61.59777867530192,34.451839447021484
1836,1,1,7.6499999999999995,7.650897031999193,completed,7.71824624799774,68.24624799774082,34.399967193603516
1837,2,1,7.654166666666667,7.655482814006973,dropped_queue_full,,,
1838,3,1,7.658333333333333,7.658478755998658,dropped_queue_full,,,
1839,0,1,7.6625,7.662534961011261,dropped_queue_full,,,
1840,1,0,7.666666666666667,7.666794051998295,dropped_queue_full,,,
1841,2,0,7.670833333333333,7.67090264800936,completed,7.724590671015903,53.75733768256996,34.33430480957031
1842,3,0,7.675,7.675670575990807,completed,7.73322336099227,58.22336099226977,34.32806396484375
1843,0,0,7.679166666666666,7.680252079007914,completed,7.742896206997102,63.729540330435874,34.27462387084961
1844,1,1,7.683333333333334,7.685249072004808,completed,7.752172059001168,68.83872566783467,34.2723503112793
1845,2,1,7.6875,7.690039081993746,completed,7.758959272992797,71.4592729927972,34.15359878540039
1846,3,1,7.691666666666666,7.6946441709878854,dropped_queue_full,,,
1847,0,1,7.695833333333333,7.695976121001877,dropped_queue_full,,,
1848,1,0,7.7,7.700064458011184,dropped_queue_full,,,
1849,2,0,7.704166666666667,7.704265047999797,dropped_queue_full,,,
1850,3,0,7.708333333333333,7.708380346011836,completed,7.76749056999688,59.15723666354733,34.12131118774414
1851,0,0,7.7124999999999995,7.713072810001904,completed,7.7759289809910115,63.42898099101202,34.113502502441406
1852,1,1,7.716666666666667,7.718239456007723,completed,7.785277370014228,68.61070334756114,34.02899169921875
1853,2,1,7.720833333333333,7.722843561990885,dropped_queue_full,,,
1854,3,1,7.725,7.725068599014776,dropped_queue_full,,,
1855,0,1,7.729166666666667,7.7292673159972765,dropped_queue_full,,,
1856,1,0,7.733333333333333,7.73338447700371,dropped_queue_full,,,
1857,2,0,7.7375,7.737582102010492,completed,7.793272618990159,55.77261899015884,34.204769134521484
1858,3,0,7.741666666666666,7.7428907369903754,completed,7.80180238399771,60.13571733104417,34.227169036865234
1859,0,0,7.745833333333334,7.747519589989679,completed,7.814088604005519,68.25527067218573,34.26403045654297
1860,1,1,7.75,7.752166037011193,completed,7.81915016999119,69.15016999118961,34.32368087768555
1861,2,1,7.754166666666666,7.7567552360123955,dropped_queue_full,,,
1862,3,1,7.758333333333333,7.7584779580065515,dropped_queue_full,,,
1863,0,1,7.7625,7.762583047006046,dropped_queue_full,,,
1864,1,0,7.766666666666667,7.766732560005039,dropped_queue_full,,,
1865,2,0,7.770833333333333,7.770951484999387,completed,7.827746730996296,56.91339766296277,34.37254333496094
1866,3,0,7.7749999999999995,7.7759235500125214,completed,7.838246036990313,63.24603699031339,34.16175842285156
1867,0,0,7.779166666666667,7.780531524011167,completed,7.8486430989869405,69.47643232027367,34.158206939697266
1868,1,1,7.783333333333333,7.785265446989797,completed,7.853407851012889,70.07451767955608,34.13555145263672
1869,2,1,7.7875,7.790281235997099,dropped_queue_full,,,
1870,3,1,7.791666666666667,7.791713126003742,dropped_queue_full,,,
1871,0,1,7.795833333333333,7.795839024998713,dropped_queue_full,,,
1872,1,0,7.8,7.800056336011039,dropped_queue_full,,,
1873,2,0,7.804166666666666,7.804168388014659,completed,7.862033346988028,57.86668032136166,34.1129264831543
1874,3,0,7.808333333333334,7.808891822001897,completed,7.871414908993756,63.08157566042283,34.14668655395508
1875,0,0,7.8125,7.814083173987456,completed,7.881274821003899,68.77482100389898,34.208030700683594
1876,1,1,7.816666666666666,7.818658836011309,dropped_queue_full,,,
1877,2,1,7.820833333333333,7.820901928003877,dropped_queue_full,,,
1878,3,1,7.825,7.825053303997265,dropped_queue_full,,,
1879,0,1,7.829166666666667,7.829169373988407,dropped_queue_full,,,
1880,1,0,7.833333333333333,7.8334789109940175,completed,7.887752837006701,54.41950367336812,34.15331268310547
1881,2,0,7.8374999999999995,7.838238472992089,completed,7.896387991990196,58.88799199019612,34.1082878112793
1882,3,0,7.841666666666667,7.843400468991604,completed,7.905214169004466,63.5475023377996,34.06553649902344
1883,0,0,7.845833333333333,7.848636996990535,completed,7.914872847992228,69.03951465889513,34.018592834472656
1884,1,1,7.85,7.853234070003964,dropped_queue_full,,,
1885,2,1,7.854166666666667,7.854202851012815,dropped_queue_full,,,
1886,3,1,7.858333333333333,7.8584352410107385,dropped_queue_full,,,
1887,0,1,7.8625,7.862639978993684,dropped_queue_full,,,
1888,1,0,7.866666666666666,7.866739316988969,completed,7.921910859004129,55.24419233746247,34.061344146728516
1889,2,0,7.870833333333334,7.871407314989483,completed,7.930573635996552,59.740302663218614,34.12745666503906
1890,3,0,7.875,7.876004729012493,completed,7.943296275014291,68.29627501429059,34.32076644897461
1891,0,0,7.879166666666666,7.881268889002968,completed,7.947911744005978,68.74507733931168,34.30179214477539
1892,1,1,7.883333333333333,7.8858705410093535,dropped_queue_full,,,
1893,2,1,7.8875,7.887586802011356,dropped_queue_full,,,
1894,3,1,7.891666666666667,7.891792621987406,dropped_queue_full,,,
1895,0,1,7.895833333333333,7.895901047013467,dropped_queue_full,,,
1896,1,0,7.8999999999999995,7.900000664987601,completed,7.956271133996779,56.27113399677963,34.241729736328125
1897,2,0,7.904166666666667,7.905206124007236,completed,7.96464550300152,60.478836334853625,33.992000579833984
1898,3,0,7.908333333333333,7.909817934996681,completed,7.976544598990586,68.21126565725244,34.04377746582031
1899,0,0,7.9125,7.914867387997219,completed,7.981650397996418,69.15039799641853,34.01724624633789
1900,1,1,7.916666666666667,7.919526048004627,dropped_queue_full,,,
1901,2,1,7.920833333333333,7.920956274989294,dropped_queue_full,,,
1902,3,1,7.925,7.925097572995583,dropped_queue_full,,,
1903,0,1,7.929166666666666,7.929267433995847,dropped_queue_full,,,
1904,1,0,7.933333333333334,7.933477923012106,completed,7.990486524999142,57.15319166580812,34.0497932434082
1905,2,0,7.9375,7.938160198013065,completed,8.000621479004622,63.121479004621506,34.1399040222168
1906,3,0,7.941666666666666,7.9432883099943865,completed,8.01047261300846,68.8059463417936,34.132415771484375
1907,0,0,7.945833333333333,7.9479061030142475,completed,8.015931052999804,70.09771966647094,34.13420867919922
1908,1,1,7.95,7.952482166001573,dropped_queue_full,,,
1909,2,1,7.954166666666667,7.954230167000787,dropped_queue_full,,,
1910,3,1,7.958333333333333,7.95847792699351,dropped_queue_full,,,
1911,0,1,7.9624999999999995,7.962583877000725,dropped_queue_full,,,
1912,1,0,7.966666666666667,7.966700496996054,completed,8.024723495997023,58.05682933035605,34.102943420410156
1913,2,0,7.970833333333333,7.971425955009181,completed,8.03397998100263,63.14664766929745,34.047489166259766
1914,3,0,7.975,7.976536313013639,completed,8.043177724000998,68.1777240009982,34.06380844116211
1915,0,0,7.979166666666667,7.981165717996191,dropped_queue_full,,,
1916,1,1,7.983333333333333,7.9833911749883555,dropped_queue_full,,,
1917,2,1,7.9875,7.987636740988819,dropped_queue_full,,,
1918,3,1,7.991666666666666,7.991751497989753,dropped_queue_full,,,
1919,0,1,7.995833333333334,7.995950504991924,completed,8.050055820989655,54.22248765632176,34.02864074707031
1920,1,0,8.0,8.000614435004536,completed,8.058804311003769,58.80431100376882,33.967262268066406
1921,2,0,8.004166666666666,8.00575853799819,completed,8.071771935996367,67.60526932970023,34.067073822021484
1922,3,0,8.008333333333333,8.010464879014762,completed,8.076377315010177,68.04398167684411,34.086334228515625
1923,0,0,8.0125,8.015596437006025,dropped_queue_full,,,
1924,1,1,8.016666666666666,8.01672540200525,dropped_queue_full,,,
1925,2,1,8.020833333333334,8.020896285015624,dropped_queue_full,,,
1926,3,1,8.025,8.0250427830033,dropped_queue_full,,,
1927,0,1,8.029166666666667,8.029267097997945,completed,8.084272364008939,55.10569734227211,34.07619094848633
1928,1,0,8.033333333333333,8.0339728280087,completed,8.093063164007617,59.729830674283946,34.09107208251953
1929,2,0,8.0375,8.03860278299544,completed,8.105564272991614,68.06427299161477,34.018367767333984
1930,3,0,8.041666666666666,8.043170140008442,completed,8.110133773996495,68.46710732982864,34.09132766723633
1931,0,0,8.045833333333333,8.047824272012804,dropped_queue_full,,,
1932,1,1,8.05,8.05005257501034,dropped_queue_full,,,
1933,2,1,8.054166666666667,8.054267402010737,dropped_queue_full,,,
1934,3,1,8.058333333333334,8.058478412014665,dropped_queue_full,,,
1935,0,1,8.0625,8.06255002701073,completed,8.11848247400485,55.98247400484979,34.0797119140625
1936,1,0,8.066666666666666,8.067170514987083,completed,8.127272242010804,60.60557534413746,34.04572677612305
1937,2,0,8.070833333333333,8.071764802996768,completed,8.138781546993414,67.94821366008108,34.02211380004883
1938,3,0,8.075,8.076369771006284,completed,8.144164452998666,69.1644529986668,34.067134857177734
1939,0,0,8.079166666666666,8.080960952996975,dropped_queue_full,,,
1940,1,1,8.083333333333334,8.083477543987101,dropped_queue_full,,,
1941,2,1,8.0875,8.08758014801424,dropped_queue_full,,,
1942,3,1,8.091666666666667,8.091792780993273,dropped_queue_full,,,
1943,0,1,8.095833333333333,8.09589642600622,completed,8.152641207008855,56.8078736755222,34.053409576416016
1944,1,0,8.1,8.100651298998855,completed,8.163037327001803,63.03732700180298,34.119136810302734
1945,2,0,8.104166666666666,8.10555691900663,completed,8.173594102001516,69.42743533485007,34.06086349487305
1946,3,0,8.108333333333333,8.110126109007979,completed,8.178425179998158,70.09184666482504,34.06719970703125
1947,0,0,8.1125,8.114719084987883,dropped_queue_full,,,
1948,1,1,8.116666666666667,8.116744461993221,dropped_queue_full,,,
1949,2,1,8.120833333333334,8.12084988199058,dropped_queue_full,,,
1950,3,1,8.125,8.125055170996347,dropped_queue_full,,,
1951,0,1,8.129166666666666,8.129320142994402,completed,8.186903216002975,57.73654933630823,34.0906867980957
1952,1,0,8.133333333333333,8.134200344007695,completed,8.196345794014633,63.01246068129984,34.055809020996094
1953,2,0,8.1375,8.138774494000245,completed,8.20542887999909,67.9288799990907,34.18755340576172
1954,3,0,8.141666666666666,8.143357680994086,dropped_queue_full,,,
1955,0,0,8.145833333333334,8.145900231000269,dropped_queue_full,,,
1956,1,1,8.15,8.150107513007242,dropped_queue_full,,,
1957,2,1,8.154166666666667,8.154221678996691,dropped_queue_full,,,
1958,3,1,8.158333333333333,8.158426117006456,completed,8.212803530012025,54.47019667869135,34.204158782958984
1959,0,1,8.1625,8.16303072401206,completed,8.221275163989048,58.77516398904881,34.15039825439453
1960,1,0,8.166666666666666,8.168969646998448,completed,8.234337338013574,67.6706713469084,34.118526458740234
1961,2,0,8.170833333333333,8.173586838005576,completed,8.238966231991071,68.13289865773875,33.98214340209961
1962,3,0,8.175,8.178248845011694,dropped_queue_full,,,
1963,0,0,8.179166666666667,8.179217725002673,dropped_queue_full,,,
1964,1,1,8.183333333333334,8.183475755009567,dropped_queue_full,,,
1965,2,1,8.1875,8.187537641002564,dropped_queue_full,,,
1966,3,1,8.191666666666666,8.191740175010636,completed,8.246896597993327,55.229931326660875,34.06684875488281
1967,0,1,8.195833333333333,8.196339362009894,completed,8.255325661011739,59.49232767840584,34.05731201171875
1968,1,0,8.2,8.200886359991273,completed,8.268044283002382,68.04428300238285,34.03171157836914
1969,2,0,8.204166666666666,8.205422066996107,completed,8.27262837201124,68.46170534457485,34.0656623840332
1970,3,0,8.208333333333334,8.209970568015706,dropped_queue_full,,,
1971,0,0,8.2125,8.212636873009615,dropped_queue_full,,,
1972,1,1,8.216666666666667,8.21673796401592,dropped_queue_full,,,
1973,2,1,8.220833333333333,8.220950546994573,dropped_queue_full,,,
1974,3,1,8.225,8.225054492999334,completed,8.28111296001589,56.11296001588961,34.04595184326172
1975,0,1,8.229166666666666,8.22963740999694,completed,8.289485585992225,60.31891932555844,34.026302337646484
1976,1,0,8.233333333333333,8.2343303450034,completed,8.300831058993936,67.49772566060308,34.0142707824707
1977,2,0,8.2375,8.238959128997521,completed,8.306774730997859,69.27473099785786,34.11862564086914
1978,3,0,8.241666666666667,8.243540232011583,dropped_queue_full,,,
1979,0,0,8.245833333333334,8.245930503006093,dropped_queue_full,,,
1980,1,1,8.25,8.25005509800394,dropped_queue_full,,,
1981,2,1,8.254166666666666,8.25426453500404,dropped_queue_full,,,
1982,3,1,8.258333333333333,8.258477599010803,completed,8.315217410010519,56.88407667718565,33.989566802978516
1983,0,1,8.2625,8.263191484002164,completed,8.325551943009486,63.05194300948713,34.05574417114258
1984,1,0,8.266666666666666,8.26803757000016,completed,8.334656819992233,67.99015332556735,34.0208625793457
1985,2,0,8.270833333333334,8.272621217998676,completed,8.340956197003834,70.12286367050002,33.992095947265625
1986,3,0,8.275,8.277184217004105,dropped_queue_full,,,
1987,0,0,8.279166666666667,8.279220825002994,dropped_queue_full,,,
1988,1,1,8.283333333333333,8.283477252000012,dropped_queue_full,,,
1989,2,1,8.2875,8.287635732005583,dropped_queue_full,,,
1990,3,1,8.291666666666666,8.291695805004565,completed,8.349492573994212,57.82590732754578,34.20457458496094
1991,0,1,8.295833333333333,8.296251188992755,completed,8.361753095989116,65.91976265578303,34.135807037353516
1992,1,0,8.3,8.300824706995627,completed,8.36954683199292,69.54683199291978,34.15350341796875
1993,2,0,8.304166666666667,8.305496432003565,dropped_queue_full,,,
1994,3,0,8.308333333333334,8.308478777995333,dropped_queue_full,,,
1995,0,0,8.3125,8.312579629011452,dropped_queue_full,,,
1996,1,1,8.316666666666666,8.316804425005103,dropped_queue_full,,,
1997,2,1,8.320833333333333,8.320896588993492,completed,8.376117234001867,55.28390066853461,34.0219841003418
1998,3,1,8.325,8.325546762993326,completed,8.383991162001621,58.99116200162169,34.03916931152344
1999,0,1,8.329166666666666,8.3301134580106,completed,8.39308362500742,63.91695834075506,34.076416015625
2000,1,0,8.333333333333334,8.33465045801131,completed,8.402338317013346,69.00498368001173,34.07942581176758
2001,2,0,8.3375,8.339215579995653,dropped_queue_full,,,
2002,3,0,8.341666666666667,8.341749062994495,dropped_queue_full,,,
2003,0,0,8.345833333333333,8.34584464400541,dropped_queue_full,,,
2004,1,1,8.35,8.35015551300603,dropped_queue_full,,,
2005,2,1,8.354166666666666,8.35431002601399,completed,8.40948670700891,55.32004034224336,34.2209587097168
2006,3,1,8.358333333333333,8.36174637300428,completed,8.417851006990531,59.517673657198955,34.07868957519531
2007,0,1,8.3625,8.369538355997065,dropped_dispatch_late,,,
2008,1,0,8.366666666666667,8.369904371007578,completed,8.430185530014569,63.5188633479018,25.892576217651367
2009,2,0,8.370833333333334,8.376109239005018,dropped_dispatch_late,,,
2010,3,0,8.375,8.376126921997638,dropped_queue_full,,,
2011,0,0,8.379166666666666,8.379270194011042,completed,8.438098932994762,58.932266328096006,42.926334381103516
2012,1,1,8.383333333333333,8.383983256993815,dropped_queue_full,,,
2013,2,1,8.3875,8.387636447005207,completed,8.443847693997668,56.34769399766881,34.23507308959961
2014,3,1,8.391666666666666,8.393077674001688,completed,8.452234386990312,60.56772032364677,34.254878997802734
2015,0,1,8.395833333333334,8.397744159010472,completed,8.464990709995618,69.15737666228416,25.896480560302734
2016,1,0,8.4,8.402331524004694,completed,8.469929001992568,69.92900199256802,42.57145690917969
2017,2,0,8.404166666666667,8.406956980994437,dropped_queue_full,,,
2018,3,0,8.408333333333333,8.408390555006918,dropped_queue_full,,,
2019,0,0,8.4125,8.412636110006133,dropped_queue_full,,,
2020,1,1,8.416666666666666,8.416737722000107,dropped_queue_full,,,
2021,2,1,8.420833333333333,8.420953441003803,completed,8.478276189998724,57.44285666539106,34.25676727294922
2022,3,1,8.425,8.425571644009324,completed,8.486668272002134,61.66827200213376,34.29692840576172
2023,0,1,8.429166666666667,8.430179087008582,dropped_queue_full,,,
2024,1,0,8.433333333333334,8.43347898600041,completed,8.500349993992131,67.01666065879763,25.919551849365234
2025,2,0,8.4375,8.438093662989559,dropped_queue_full,,,
2026,3,0,8.441666666666666,8.441666950995568,dropped_queue_full,,,
2027,0,0,8.445833333333333,8.445964896003716,completed,8.505400939990068,59.567606656734995,42.57475280761719
2028,1,1,8.45,8.452057710994268,dropped_queue_full,,,
2029,2,1,8.454166666666666,8.45428590400843,completed,8.5125925320026,58.42586533593419,34.25785446166992
2030,3,1,8.458333333333334,8.459580232010921,completed,8.520904792996589,62.57145966325517,34.19535827636719
2031,0,1,8.4625,8.464984738995554,completed,8.530253873992478,67.75387399247812,25.82841682434082
2032,1,0,8.466666666666667,8.469922418997157,completed,8.538508594996529,71.84192832986191,42.53468704223633
2033,2,0,8.470833333333333,8.4752649590082,dropped_dispatch_late,,,
2034,3,0,8.475,8.475273163989186,dropped_queue_full,,,
2035,0,0,8.479166666666666,8.47922987100901,dropped_queue_full,,,
2036,1,1,8.483333333333333,8.483468554011779,dropped_queue_full,,,
2037,2,1,8.4875,8.487664874992333,completed,8.547016628988786,59.51662898878496,34.284481048583984
2038,3,1,8.491666666666667,8.49515636698925,completed,8.55972333799582,68.0566713291526,34.362239837646484
2039,0,1,8.495833333333334,8.500342459999956,dropped_dispatch_late,,,
2040,1,0,8.5,8.50035998300882,completed,8.564588701003231,64.58870100323111,25.9334716796875
2041,2,0,8.504166666666666,8.505394957988756,dropped_queue_full,,,
2042,3,0,8.508333333333333,8.508377815014683,dropped_queue_full,,,
2043,0,0,8.5125,8.51258502699784,completed,8.572880643012468,60.38064301246848,42.78227233886719
2044,1,1,8.516666666666666,8.517288483009906,dropped_queue_full,,,
2045,2,1,8.520833333333334,8.52090011400287,completed,8.583999807015061,63.16647368172745,34.32387161254883
2046,3,1,8.525,8.525622515007854,completed,8.592252394999377,67.25239499937707,34.40227127075195
2047,0,1,8.529166666666667,8.530248263006797,completed,8.599061640998116,69.89497433144898,26.06287956237793
2048,1,0,8.533333333333333,8.534893867996288,dropped_queue_full,,,
2049,2,0,8.5375,8.537580833013635,dropped_queue_full,,,
2050,3,0,8.541666666666666,8.541794498014497,dropped_queue_full,,,
2051,0,0,8.545833333333333,8.54589765300625,dropped_queue_full,,,
2052,1,1,8.55,8.550004004006041,completed,8.607483900996158,57.48390099615719,42.79244613647461
2053,2,1,8.554166666666667,8.554986800008919,completed,8.61776255798759,63.59589132092225,34.51273727416992
2054,3,1,8.558333333333334,8.559715473005781,completed,8.626951995014679,68.61866168134512,34.4450569152832
2055,0,1,8.5625,8.564414419990499,dropped_queue_full,,,
2056,1,0,8.566666666666666,8.566794331010897,completed,8.633588733006036,66.92206633936948,25.978656768798828
2057,2,0,8.570833333333333,8.571485413005576,dropped_queue_full,,,
2058,3,0,8.575,8.575053311011288,dropped_queue_full,,,
2059,0,0,8.579166666666666,8.579315587994643,completed,8.641938726010267,62.77205934360097,42.7184944152832
2060,1,1,8.583333333333334,8.583992492989637,dropped_queue_full,,,
2061,2,1,8.5875,8.587635353993392,completed,8.65059844701318,63.09844701318035,34.26982498168945
2062,3,1,8.591666666666667,8.592244730010862,completed,8.659738029993605,68.07136332693808,34.46035385131836
2063,0,1,8.595833333333333,8.59683364801458,dropped_queue_full,,,
2064,1,0,8.6,8.600012195995077,dropped_queue_full,,,
2065,2,0,8.604166666666666,8.604210421995958,dropped_queue_full,,,
2066,3,0,8.608333333333333,8.608433565008454,dropped_queue_full,,,
2067,0,0,8.6125,8.6126353770087,completed,8.668111887993291,55.61188799329031,26.062944412231445
2068,1,1,8.616666666666667,8.617754962993786,completed,8.676588631991763,59.92196532509553,42.75529479980469
2069,2,1,8.620833333333334,8.622366724011954,completed,8.689237101003528,68.40376767019407,34.454559326171875
2070,3,1,8.625,8.62694459100021,completed,8.693863599997712,68.8635999977123,34.304542541503906
2071,0,1,8.629166666666666,8.63150959298946,dropped_queue_full,,,
2072,1,0,8.633333333333333,8.63342310799635,dropped_queue_full,,,
2073,2,0,8.6375,8.637638335989323,dropped_queue_full,,,
2074,3,0,8.641666666666666,8.641771949012764,dropped_queue_full,,,
2075,0,0,8.645833333333334,8.645950136997271,completed,8.702426717994967,56.59338466163355,34.06934356689453
2076,1,1,8.65,8.650591162993805,completed,8.71079852199182,60.79852199181879,34.092288970947266
2077,2,1,8.654166666666667,8.655163679999532,completed,8.721722154004965,67.55548733829819,34.09852981567383
2078,3,1,8.658333333333333,8.65973065601429,completed,8.727785062015755,69.45172868242189,34.20521545410156
2079,0,1,8.6625,8.66430612799013,dropped_queue_full,,,
2080,1,0,8.666666666666666,8.666691188991535,dropped_queue_full,,,
2081,2,0,8.670833333333333,8.670949810009915,dropped_queue_full,,,
2082,3,0,8.675,8.675001997995423,dropped_queue_full,,,
2083,0,0,8.679166666666667,8.679265707993181,completed,8.736588667001342,57.42200033467526,34.136863708496094
2084,1,1,8.683333333333334,8.683882468001684,completed,8.746512098005041,63.17876467170791,34.12940979003906
2085,2,1,8.6875,8.68922933601425,completed,8.755757842998719,68.25784299871884,34.262176513671875
2086,3,1,8.691666666666666,8.693855524994433,completed,8.76227579501574,70.60912834907285,34.31331253051758
2087,0,1,8.695833333333333,8.698482444015099,dropped_queue_full,,,
2088,1,0,8.7,8.700072044011904,dropped_queue_full,,,
2089,2,0,8.704166666666666,8.704319854005007,dropped_queue_full,,,
2090,3,0,8.708333333333334,8.708422477997374,dropped_queue_full,,,
2091,0,0,8.7125,8.712534749996848,completed,8.771068770001875,58.56877000187488,34.252864837646484
2092,1,1,8.716666666666667,8.717116223997436,completed,8.779948740004329,63.282073337662226,34.1952018737793
2093,2,1,8.720833333333333,8.721714990009787,completed,8.78912570301327,68.29236967993602,34.2624626159668
2094,3,1,8.725,8.72634722001385,dropped_queue_full,,,
2095,0,1,8.729166666666666,8.729206351999892,dropped_queue_full,,,
2096,1,0,8.733333333333333,8.733426118997158,dropped_queue_full,,,
2097,2,0,8.7375,8.7375384310144,dropped_queue_full,,,
2098,3,0,8.741666666666667,8.7416966810124,completed,8.796540239010938,54.87357234427037,34.21321487426758
2099,0,0,8.745833333333334,8.746505476010498,completed,8.805485042015789,59.65170868245551,34.22937774658203
2100,1,1,8.75,8.751131483993959,completed,8.81768675200874,67.68675200873986,34.17552185058594
2101,2,1,8.754166666666666,8.7557507599995,completed,8.822426677012118,68.26001034545115,34.131038665771484
2102,3,1,8.758333333333333,8.76039904000936,dropped_queue_full,,,
2103,0,1,8.7625,8.762596104003023,dropped_queue_full,,,
2104,1,0,8.766666666666666,8.766723525011912,dropped_queue_full,,,
2105,2,0,8.770833333333334,8.770900731004076,dropped_queue_full,,,
2106,3,0,8.775,8.77511838299688,completed,8.830840070004342,55.84007000434177,34.111392974853516
2107,0,0,8.779166666666667,8.779942157008918,completed,8.839800332003506,60.633665336839115,34.19145584106445
2108,1,1,8.783333333333333,8.784552566008642,completed,8.851139233011054,67.80589967772066,34.14336013793945
2109,2,1,8.7875,8.789119041000959,completed,8.856803975009825,69.30397500982544,34.16921615600586
2110,3,1,8.791666666666666,8.793683302006684,dropped_queue_full,,,
2111,0,1,8.795833333333333,8.795901425008196,dropped_queue_full,,,
2112,1,0,8.8,8.800108327006456,dropped_queue_full,,,
2113,2,0,8.804166666666667,8.804210000002058,dropped_queue_full,,,
2114,3,0,8.808333333333334,8.808478908991674,completed,8.865119021007558,56.78568767422476,34.16899108886719
2115,0,0,8.8125,8.813079139014008,completed,8.875537593994522,63.03759399452247,34.081504821777344
2116,1,1,8.816666666666666,8.817680320004001,completed,8.885029214987298,68.36254832063204,34.058528900146484
2117,2,1,8.820833333333333,8.82241945300484,completed,8.890881213010289,70.04787967695592,34.07817459106445
2118,3,1,8.825,8.827022067009239,dropped_queue_full,,,
2119,0,1,8.829166666666666,8.829217287013307,dropped_queue_full,,,
2120,1,0,8.833333333333334,8.833373433008092,dropped_queue_full,,,
2121,2,0,8.8375,8.837580515013542,dropped_queue_full,,,
2122,3,0,8.841666666666667,8.841694119997555,completed,8.899329000996659,57.66233432999179,34.162559509277344
2123,0,0,8.845833333333333,8.846467658004258,completed,8.909075686999131,63.24235366579778,34.13993453979492
2124,1,1,8.85,8.851132781011984,completed,8.918836110009579,68.83611000957934,34.11356735229492
2125,2,1,8.854166666666666,8.855703443987295,dropped_queue_full,,,
2126,3,1,8.858333333333333,8.858384146005847,dropped_queue_full,,,
2127,0,1,8.8625,8.86259334301576,dropped_queue_full,,,
2128,1,0,8.866666666666667,8.866699784004595,dropped_queue_full,,,
2129,2,0,8.870833333333334,8.870897829008754,completed,8.925176124001155,54.342790667821106,34.06857681274414
2130,3,0,8.875,8.875532394013135,completed,8.933433169993805,58.43316999380477,33.953182220458984
2131,0,0,8.879166666666666,8.880434816994239,completed,8.942278653994435,63.111987327769015,33.91475296020508
2132,1,1,8.883333333333333,8.885022962989751,completed,8.951892507990124,68.55917465679084,33.97993469238281
2133,2,1,8.8875,8.889601391012548,dropped_queue_full,,,
2134,3,1,8.891666666666666,8.891792924987385,dropped_queue_full,,,
2135,0,1,8.895833333333334,8.89589752201573,dropped_queue_full,,,
2136,1,0,8.9,8.900119742989773,dropped_queue_full,,,
2137,2,0,8.904166666666667,8.904210845008492,completed,8.95932427700609,55.1576103394229,33.981632232666016
2138,3,0,8.908333333333333,8.909070446999976,completed,8.967536337993806,59.20300466047301,34.024383544921875
2139,0,0,8.9125,8.914249176013982,completed,8.980937526008347,68.4375260083474,33.969024658203125
2140,1,1,8.916666666666666,8.918829656991875,completed,8.985688691987889,69.02202532122281,33.886558532714844
2141,2,1,8.920833333333333,8.923419246013509,dropped_queue_full,,,
2142,3,1,8.925,8.925009878003038,dropped_queue_full,,,
2143,0,1,8.929166666666667,8.92920950599364,dropped_queue_full,,,
2144,1,0,8.933333333333334,8.933425866009202,dropped_queue_full,,,
2145,2,0,8.9375,8.937635834008688,completed,8.993385503999889,55.8855039998889,33.914207458496094
2146,3,0,8.941666666666666,8.94227331399452,completed,9.001592374988832,59.92570832216515,33.91347122192383
2147,0,0,8.945833333333333,8.94687693999731,completed,9.014047316013603,68.21398268026968,33.92131042480469
2148,1,1,8.95,8.951885665010195,completed,9.01882290901267,68.82290901267041,33.958560943603516
2149,2,1,8.954166666666666,8.956507866008906,dropped_queue_full,,,
2150,3,1,8.958333333333334,8.95841232399107,dropped_queue_full,,,
2151,0,1,8.9625,8.962635597010376,dropped_queue_full,,,
2152,1,0,8.966666666666667,8.966737459995784,dropped_queue_full,,,
2153,2,0,8.970833333333333,8.97096864800551,completed,9.02743160299724,56.598269663906464,33.925086975097656
2154,3,0,8.975,8.975717490015086,completed,9.038117724005133,63.11772400513327,34.021568298339844
2155,0,0,8.979166666666666,8.980930794001324,completed,9.047353358997498,68.18669233083163,33.985694885253906
2156,1,1,8.983333333333333,8.985682060010731,completed,9.052932148013497,69.59881468016427,33.9697265625
2157,2,1,8.9875,8.990386176010361,dropped_queue_full,,,
2158,3,1,8.991666666666667,8.991800613002852,dropped_queue_full,,,
2159,0,1,8.995833333333334,8.995896353997523,dropped_queue_full,,,
2160,1,0,9.0,9.000003766996088,dropped_queue_full,,,
2161,2,0,9.004166666666666,9.004266725998605,completed,9.061485807003919,57.319140337252605,33.929664611816406
2162,3,0,9.008333333333333,9.009415467007784,completed,9.071546430001035,63.21309666770247,33.966495513916016
2163,0,0,9.0125,9.014041916001588,completed,9.081870763009647,69.37076300964762,34.04240036010742
2164,1,1,9.016666666666666,9.018647866003448,dropped_queue_full,,,
2165,2,1,9.020833333333334,9.020880747993942,dropped_queue_full,,,
2166,3,1,9.025,9.025055970007088,dropped_queue_full,,,
2167,0,1,9.029166666666667,9.029168923996622,dropped_queue_full,,,
2168,1,0,9.033333333333333,9.033422473992687,completed,9.087169659993378,53.83632666004523,34.05807876586914
2169,2,0,9.0375,9.038110160006909,completed,9.095645532011986,58.145532011986134,34.03446578979492
2170,3,0,9.041666666666666,9.042752879991895,completed,9.104706134996377,63.03946832971086,34.18531036376953
2171,0,0,9.045833333333333,9.047348018997582,completed,9.113854914990952,68.02158165761973,34.00191879272461
2172,1,1,9.05,9.051967514998978,dropped_queue_full,,,
2173,2,1,9.054166666666667,9.054198063007789,dropped_queue_full,,,
2174,3,1,9.058333333333334,9.058372923987918,dropped_queue_full,,,
2175,0,1,9.0625,9.062593000999186,dropped_queue_full,,,
2176,1,0,9.066666666666666,9.066792619007174,completed,9.121278828999493,54.61216233282684,34.003936767578125
2177,2,0,9.070833333333333,9.071538715012139,completed,9.129907090013148,59.0737566798154,34.02550506591797
2178,3,0,9.075,9.076271927013295,completed,9.142663954989985,67.66395498998534,33.91340637207031
2179,0,0,9.079166666666666,9.081865502987057,completed,9.14723083100398,68.06416433731499,33.95024108886719
2180,1,1,9.083333333333334,9.086835716007045,dropped_queue_full,,,
2181,2,1,9.0875,9.087641485995846,dropped_queue_full,,,
2182,3,1,9.091666666666667,9.091738410003018,dropped_queue_full,,,
2183,0,1,9.095833333333333,9.095964428008301,dropped_queue_full,,,
2184,1,0,9.1,9.100053216010565,completed,9.155270885006757,55.27088500675781,33.91196823120117
2185,2,0,9.104166666666666,9.104698270006338,completed,9.16390839399537,59.74172732870464,33.90028762817383
2186,3,0,9.108333333333333,9.109270705987,completed,9.176108140003635,67.77480667030211,33.92086410522461
2187,0,0,9.1125,9.113849574991036,completed,9.18106241201167,68.56241201166924,33.950111389160156
2188,1,1,9.116666666666667,9.118440196005395,dropped_queue_full,,,
2189,2,1,9.120833333333334,9.120952708995901,dropped_queue_full,,,
2190,3,1,9.125,9.125054161006119,dropped_queue_full,,,
2191,0,1,9.129166666666666,9.129267225012882,dropped_queue_full,,,
2192,1,0,9.133333333333333,9.133477924013278,completed,9.189430489001097,56.0971556677643,33.978782653808594
2193,2,0,9.1375,9.13807223198819,completed,9.200577885989333,63.07788598933328,34.03286361694336
2194,3,0,9.141666666666666,9.142656329990132,completed,9.209853587992257,68.18692132559079,34.08015823364258
2195,0,0,9.145833333333334,9.147225340013392,completed,9.215238408010919,69.40507467758472,34.0032958984375
2196,1,1,9.15,9.151800471998286,dropped_queue_full,,,
2197,2,1,9.154166666666667,9.154181135003455,dropped_queue_full,,,
2198,3,1,9.158333333333333,9.158423684013542,dropped_queue_full,,,
2199,0,1,9.1625,9.162634784006514,dropped_queue_full,,,
2200,1,0,9.166666666666666,9.166739362000953,completed,9.223588560998905,56.921894332239376,33.91664123535156
2201,2,0,9.170833333333333,9.171399785991525,completed,9.234265995008172,63.43266167483996,33.87712097167969
2202,3,0,9.175,9.176100376003888,completed,9.243425916996785,68.4259169967838,33.855262756347656
2203,0,0,9.179166666666667,9.180816294014221,dropped_queue_full,,,
2204,1,1,9.183333333333334,9.183423678012332,dropped_queue_full,,,
2205,2,1,9.1875,9.187529237009585,dropped_queue_full,,,
2206,3,1,9.191666666666666,9.191791905002901,dropped_queue_full,,,
2207,0,1,9.195833333333333,9.195950244989945,completed,9.249119262996828,53.285929663495324,33.848384857177734
2208,1,0,9.2,9.200571154011413,completed,9.257483702996979,57.48370299697925,33.86191940307617
2209,2,0,9.204166666666666,9.20518527898821,completed,9.267227003001608,63.060336334942235,33.870849609375
2210,3,0,9.208333333333334,9.20984587300336,completed,9.276393315987661,68.05998265432756,33.949153900146484
2211,0,0,9.2125,9.21443146499223,dropped_queue_full,,,
2212,1,1,9.216666666666667,9.216793021012563,dropped_queue_full,,,
2213,2,1,9.220833333333333,9.220896957005607,dropped_queue_full,,,
2214,3,1,9.225,9.225010713009397,dropped_queue_full,,,
2215,0,1,9.229166666666666,9.229210501012858,completed,9.283198615012225,54.03194834555869,33.944766998291016
2216,1,0,9.233333333333333,9.234258801006945,completed,9.291643256990938,58.30992365760501,33.95334243774414
2217,2,0,9.2375,9.238848790992051,completed,9.300548163999338,63.04816399933699,34.01174545288086
2218,3,0,9.241666666666667,9.243418282014318,completed,9.310176936007338,68.5102693406705,34.02870559692383
2219,0,0,9.245833333333334,9.248009324015584,dropped_queue_full,,,
2220,1,1,9.25,9.250070929992944,dropped_queue_full,,,
2221,2,1,9.254166666666666,9.254315683996538,dropped_queue_full,,,
2222,3,1,9.258333333333333,9.258432786009507,dropped_queue_full,,,
2223,0,1,9.2625,9.262639107007999,completed,9.317431878997013,54.93187899701368,34.01580810546875
2224,1,0,9.266666666666666,9.267219578992808,completed,9.325748919014586,59.08225234792042,34.06156921386719
2225,2,0,9.270833333333334,9.271812243008753,completed,9.338459065009374,67.62573167604025,33.948577880859375
2226,3,0,9.275,9.276385851990199,completed,9.343061588995624,68.06158899562398,33.99894332885742
2227,0,0,9.279166666666667,9.28119297401281,dropped_queue_full,,,
2228,1,1,9.283333333333333,9.283479247998912,dropped_queue_full,,,
2229,2,1,9.2875,9.28758453699993,dropped_queue_full,,,
2230,3,1,9.291666666666666,9.291805515007582,dropped_queue_full,,,
2231,0,1,9.295833333333333,9.295898871991085,completed,9.351585813012207,55.75247967887442,33.94358444213867
2232,1,0,9.3,9.300540819996968,completed,9.359904957003891,59.90495700389076,33.922080993652344
2233,2,0,9.304166666666667,9.305587718001334,completed,9.371767623000778,67.60095633411112,34.00851058959961
2234,3,0,9.308333333333334,9.31016953199287,completed,9.376982699992368,68.64936665903443,34.14361572265625
2235,0,0,9.3125,9.314773649006383,dropped_queue_full,,,
2236,1,1,9.316666666666666,9.31679304499994,dropped_queue_full,,,
2237,2,1,9.320833333333333,9.320897603000049,dropped_queue_full,,,
2238,3,1,9.325,9.325107982003829,dropped_queue_full,,,
2239,0,1,9.329166666666666,9.329212137992727,completed,9.385694741009502,56.52807434283602,34.054622650146484
2240,1,0,9.333333333333334,9.333803000015905,completed,9.396466264006449,63.132930673114984,34.06361770629883
2241,2,0,9.3375,9.338452021998819,completed,9.4055950359907,68.09503599069977,34.07392120361328
2242,3,0,9.341666666666667,9.343053844000679,completed,9.411123930010945,69.45726334427782,34.03878402709961
2243,0,0,9.345833333333333,9.347649074014043,dropped_queue_full,,,
2244,1,1,9.35,9.350027551990934,dropped_queue_full,,,
2245,2,1,9.354166666666666,9.354265734000364,dropped_queue_full,,,
2246,3,1,9.358333333333333,9.358477194007719,dropped_queue_full,,,
2247,0,1,9.3625,9.36258187200292,completed,9.419904009992024,57.40400999202322,34.107521057128906
2248,1,0,9.366666666666667,9.367180278000887,completed,9.429706902010366,63.04023534369918,34.13417434692383
2249,2,0,9.370833333333334,9.371760629001074,completed,9.438857395987725,68.02406265439132,34.19535827636719
2250,3,0,9.375,9.376646882010391,dropped_queue_full,,,
2251,0,0,9.379166666666666,9.379200683993986,dropped_queue_full,,,
2252,1,1,9.383333333333333,9.38347720800084,dropped_queue_full,,,
2253,2,1,9.3875,9.387583689007442,dropped_queue_full,,,
2254,3,1,9.391666666666666,9.391793165996205,completed,9.445324692002032,53.65802533536623,34.19068908691406
2255,0,1,9.395833333333334,9.39645975199528,completed,9.454273101990111,58.43976865677725,34.16249465942383
2256,1,0,9.4,9.401023360987892,completed,9.463309729006141,63.30972900614107,34.10054397583008
2257,2,0,9.404166666666667,9.40558793299715,completed,9.472625877999235,68.45921133256816,34.084896087646484
2258,3,0,9.408333333333333,9.410167713009287,dropped_queue_full,,,
2259,0,0,9.4125,9.41254687300534,dropped_queue_full,,,
2260,1,1,9.416666666666666,9.416741882014321,dropped_queue_full,,,
2261,2,1,9.420833333333333,9.420854185009375,dropped_queue_full,,,
2262,3,1,9.425,9.425054193998221,completed,9.479592452000361,54.592452000360225,34.13119888305664
2263,0,1,9.429166666666667,9.42970048999996,completed,9.48854488998768,59.37822332101206,34.098175048828125
2264,1,0,9.433333333333334,9.434266494994517,completed,9.500916371995118,67.58303866178395,34.129119873046875
2265,2,0,9.4375,9.438850412989268,completed,9.505487235990586,67.98723599058576,34.11743927001953
2266,3,0,9.441666666666666,9.443461652990663,dropped_queue_full,,,
2267,0,0,9.445833333333333,9.445961512014037,dropped_queue_full,,,
2268,1,1,9.45,9.450059466995299,dropped_queue_full,,,
2269,2,1,9.454166666666666,9.454267019988038,dropped_queue_full,,,
2270,3,1,9.458333333333334,9.458428335987264,completed,9.513849090988515,55.51575765518102,34.1214714050293
2271,0,1,9.4625,9.463303207012359,completed,9.522798071993748,60.29807199374737,34.09049606323242
2272,1,0,9.466666666666667,9.468009397009155,completed,9.534629809000762,67.9631423340954,34.143455505371094
2273,2,0,9.470833333333333,9.472618953994242,completed,9.539966426993487,69.13309366015419,34.26540756225586
2274,3,0,9.475,9.477222579997033,dropped_queue_full,,,
2275,0,0,9.479166666666666,9.479267184011405,dropped_queue_full,,,
2276,1,1,9.483333333333333,9.483480127993971,dropped_queue_full,,,
2277,2,1,9.4875,9.487588763004169,dropped_queue_full,,,
2278,3,1,9.491666666666667,9.491685685992707,completed,9.548272927000653,56.60626033398586,34.32377624511719
2279,0,1,9.495833333333334,9.49632628200925,completed,9.558847737003816,63.01440367048272,34.349952697753906
2280,1,0,9.5,9.50090998999076,completed,9.568025673012016,68.02567301201634,34.35638427734375
2281,2,0,9.504166666666666,9.50547986201127,completed,9.574274223006796,70.10755634012966,34.23846435546875
2282,3,0,9.508333333333333,9.51009380700998,dropped_queue_full,,,
2283,0,0,9.5125,9.512580250011524,dropped_queue_full,,,
2284,1,1,9.516666666666666,9.516793454007711,dropped_queue_full,,,
2285,2,1,9.520833333333334,9.520895246998407,dropped_queue_full,,,
2286,3,1,9.525,9.525007007992826,completed,9.582748151995474,57.74815199547412,34.25459289550781
2287,0,1,9.529166666666667,9.530043626000406,completed,9.592450572992675,63.28390632600822,34.179264068603516
2288,1,0,9.533333333333333,9.534623165993253,completed,9.602160860988079,68.82752765474542,34.131839752197266
2289,2,0,9.5375,9.539190203009639,dropped_queue_full,,,
2290,3,0,9.541666666666666,9.541703516995767,dropped_queue_full,,,
2291,0,0,9.545833333333333,9.545895430987002,dropped_queue_full,,,
2292,1,1,9.55,9.550009806989692,dropped_queue_full,,,
2293,2,1,9.554166666666667,9.554213683004491,completed,9.608482178999111,54.315512332443916,34.14339065551758
2294,3,1,9.558333333333334,9.558842516998993,completed,9.617119769012788,58.78643567945474,34.26464080810547
2295,0,1,9.5625,9.563454248011112,completed,9.630051515996456,67.55151599645615,34.11507034301758
2296,1,0,9.566666666666666,9.5680191499996,completed,9.634625645005144,67.95897833847775,34.07958221435547
2297,2,0,9.570833333333333,9.572681527002715,dropped_queue_full,,,
2298,3,0,9.575,9.575067920988658,dropped_queue_full,,,
2299,0,0,9.579166666666666,9.579315159993712,dropped_queue_full,,,
2300,1,1,9.583333333333334,9.583382076001726,dropped_queue_full,,,
2301,2,1,9.5875,9.58757972001331,completed,9.642903441010276,55.4034410102755,34.174686431884766
2302,3,1,9.591666666666667,9.592445103015052,completed,9.651221573003568,59.55490633690097,34.08000183105469
2303,0,1,9.595833333333333,9.597110014990903,completed,9.663410389010096,67.57705567676275,34.20899200439453
2304,1,0,9.6,9.602154088002862,completed,9.668638520990498,68.63852099049872,34.23311996459961
2305,2,0,9.604166666666666,9.606751170998905,dropped_queue_full,,,
2306,3,0,9.608333333333333,9.608477820991538,dropped_queue_full,,,
2307,0,0,9.6125,9.612581938010408,dropped_queue_full,,,
2308,1,1,9.616666666666667,9.616792317014188,dropped_queue_full,,,
2309,2,1,9.620833333333334,9.620898216991918,completed,9.677273545006756,56.44021167342217,34.218017578125
2310,3,1,9.625,9.62549394700909,completed,9.688201184995705,63.20118499570526,34.23548889160156
2311,0,1,9.629166666666666,9.630046134989243,completed,9.697629577014595,68.46291034792884,34.192928314208984
2312,1,0,9.633333333333333,9.63461889201426,completed,9.702965784003027,69.63245066969392,34.17232131958008
2313,2,0,9.6375,9.639270860003307,dropped_queue_full,,,
2314,3,0,9.641666666666666,9.641792209993582,dropped_queue_full,,,
2315,0,0,9.645833333333334,9.645896917994833,dropped_queue_full,,,
2316,1,1,9.65,9.650108108005952,dropped_queue_full,,,
2317,2,1,9.654166666666667,9.654211502987891,completed,9.71158636099426,57.41969432759397,34.15702438354492
2318,3,1,9.658333333333333,9.65882216198952,completed,9.721351793006761,63.018459673427785,34.185726165771484
2319,0,1,9.6625,9.663405108993175,completed,9.730618225992657,68.1182259926576,34.1732177734375
2320,1,0,9.666666666666666,9.66798144299537,dropped_queue_full,,,
2321,2,0,9.670833333333333,9.670850233000237,dropped_queue_full,,,
2322,3,0,9.675,9.675055050989613,dropped_queue_full,,,
2323,0,0,9.679166666666667,9.679167533002328,dropped_queue_full,,,
2324,1,1,9.683333333333334,9.683477971993852,completed,9.737111992988503,53.77865965516904,34.13449478149414
2325,2,1,9.6875,9.688193711015629,completed,9.745799947995692,58.29994799569249,34.11548614501953
2326,3,1,9.691666666666666,9.693034436990274,completed,9.754770739993546,63.10407332687973,34.131744384765625
2327,0,1,9.695833333333333,9.697624296997674,completed,9.7639657779946,68.13244466126633,34.10367965698242
2328,1,0,9.7,9.702196061989525,dropped_queue_full,,,
2329,2,0,9.704166666666666,9.704230948002078,dropped_queue_full,,,
2330,3,0,9.708333333333334,9.708422750991303,dropped_queue_full,,,
2331,0,0,9.7125,9.712535002996447,dropped_queue_full,,,
2332,1,1,9.716666666666667,9.71673914999701,completed,9.771481386007508,54.81471934084148,34.129886627197266
2333,2,1,9.720833333333333,9.721344207995571,completed,9.780063790007262,59.230456673928344,34.08844757080078
2334,3,1,9.725,9.726016533997608,completed,9.792747675994178,67.74767599417864,34.264671325683594
2335,0,1,9.729166666666666,9.730612935993122,completed,9.797439048998058,68.27238233139177,34.1761589050293
2336,1,0,9.733333333333333,9.735206151992315,dropped_queue_full,,,
2337,2,0,9.7375,9.737590531993192,dropped_queue_full,,,
2338,3,0,9.741666666666667,9.741793346009217,dropped_queue_full,,,
2339,0,0,9.745833333333334,9.745960914005991,dropped_queue_full,,,
2340,1,1,9.75,9.750051795010222,completed,9.805796475993702,55.79647599370219,34.13657760620117
2341,2,1,9.754166666666666,9.754763095988892,completed,9.81448493199423,60.318265327563125,34.252864837646484
2342,3,1,9.758333333333333,9.759388553007739,completed,9.825895559013588,67.5622256802555,34.12815856933594
2343,0,1,9.7625,9.7639604480064,completed,9.831593804003205,69.09380400320586,34.15545654296875
2344,1,0,9.766666666666666,9.768633616011357,dropped_queue_full,,,
2345,2,0,9.770833333333334,9.770853283000179,dropped_queue_full,,,
2346,3,0,9.775,9.775107244000537,dropped_queue_full,,,
2347,0,0,9.779166666666667,9.779265643999679,dropped_queue_full,,,
2348,1,1,9.783333333333333,9.783423121989472,completed,9.839957673015306,56.62433968197256,34.16227340698242
2349,2,1,9.7875,9.788027008005884,completed,9.85050062200753,63.00062200753054,34.08883285522461
2350,3,1,9.791666666666666,9.79273932101205,completed,9.85977235599421,68.10568932754357,34.08572769165039
2351,0,1,9.795833333333333,9.797433628991712,completed,9.865798234008253,69.96490067492012,34.07475280761719
2352,1,0,9.8,9.802019249997102,dropped_queue_full,,,
2353,2,0,9.804166666666667,9.80421708500944,dropped_queue_full,,,
2354,3,0,9.808333333333334,9.808477920014411,dropped_queue_full,,,
2355,0,0,9.8125,9.812581034988398,dropped_queue_full,,,
2356,1,1,9.816666666666666,9.816694058012217,completed,9.874270689004334,57.60402233766726,34.10579299926758
2357,2,1,9.820833333333333,9.821343360992614,completed,9.883890204015188,63.05687068185506,34.090721130371094
2358,3,1,9.825,9.82588794399635,completed,9.893613875989104,68.6138759891044,34.156288146972656
2359,0,1,9.829166666666666,9.830473245005123,dropped_queue_full,,,
2360,1,0,9.833333333333334,9.833477362000849,dropped_queue_full,,,
2361,2,0,9.8375,9.83763436001027,dropped_queue_full,,,
2362,3,0,9.841666666666667,9.841693741007475,dropped_queue_full,,,
2363,0,0,9.845833333333333,9.84589537300053,completed,9.900052868993953,54.219535660619655,34.008575439453125
2364,1,1,9.85,9.850493828998879,completed,9.908488765009679,58.488765009679256,34.126529693603516
2365,2,1,9.854166666666666,9.8551495540014,completed,9.917182030010736,63.01536334406954,34.098655700683594
2366,3,1,9.858333333333333,9.859764741995605,completed,9.926326841989066,67.99350865573395,34.101470947265625
2367,0,1,9.8625,9.86435899999924,dropped_queue_full,,,
2368,1,0,9.866666666666667,9.86675011200714,dropped_queue_full,,,
2369,2,0,9.870833333333334,9.870951713994145,dropped_queue_full,,,
2370,3,0,9.875,9.875062834005803,dropped_queue_full,,,
2371,0,0,9.879166666666666,9.879266911011655,completed,9.93421985700843,55.053190341762814,34.0926399230957
2372,1,1,9.883333333333333,9.883883089991286,completed,9.942536085989559,59.20275265622621,33.90633773803711
2373,2,1,9.8875,9.888712695013965,completed,9.955201245989883,67.70124598988403,33.95347213745117
2374,3,1,9.891666666666666,9.893602614989504,completed,9.959801696008071,68.13502934140558,33.94009780883789
2375,0,1,9.895833333333334,9.898614926991286,dropped_queue_full,,,
2376,1,0,9.9,9.900049471994862,dropped_queue_full,,,
2377,2,0,9.904166666666667,9.904265160992509,dropped_queue_full,,,
2378,3,0,9.908333333333333,9.908482022001408,dropped_queue_full,,,
2379,0,0,9.9125,9.912580236996291,completed,9.968377226992743,55.877226992743445,33.97296142578125
2380,1,1,9.916666666666666,9.917174925998552,completed,9.976692574011395,60.02590734472868,33.911231994628906
2381,2,1,9.920833333333333,9.921753514005104,completed,9.988822637998965,67.98930466563213,33.94403076171875
2382,3,1,9.925,9.926309428992681,completed,9.99359580600867,68.59580600866977,33.97238540649414
2383,0,1,9.929166666666667,9.930891013005748,dropped_queue_full,,,
2384,1,0,9.933333333333334,9.933424135000678,dropped_queue_full,,,
2385,2,0,9.9375,9.937529434013413,dropped_queue_full,,,
2386,3,0,9.941666666666666,9.941738040011842,dropped_queue_full,,,
2387,0,0,9.945833333333333,9.945949240005575,completed,10.002384262013948,56.55092868061473,33.91961669921875
2388,1,1,9.95,9.95060615701368,completed,10.013066846004222,63.0668460042223,33.91743850708008
2389,2,1,9.954166666666666,9.955194392998237,completed,10.022247106011491,68.08043934482555,33.89625549316406
2390,3,1,9.958333333333334,9.9597940419917,completed,10.027593011996942,69.25967866360772,33.935264587402344
2391,0,1,9.9625,9.964750938001089,dropped_queue_full,,,
2392,1,0,9.966666666666667,9.966792866995092,dropped_queue_full,,,
2393,2,0,9.970833333333333,9.970896734012058,dropped_queue_full,,,
2394,3,0,9.975,9.975107764010318,dropped_queue_full,,,
2395,0,0,9.979166666666666,9.979212341015227,completed,10.036433345987462,57.26667932079543,33.964481353759766
2396,1,1,9.983333333333333,9.983939742000075,completed,10.046427683002548,63.09434966921579,33.934879302978516
2397,2,1,9.9875,9.988815565011464,completed,10.05562769100652,68.12769100652005,33.95942306518555
2398,3,1,9.991666666666667,9.993420232000062,dropped_queue_full,,,
2399,0,1,9.995833333333334,9.995925411989447,dropped_queue_full,,,
2400,1,0,10.0,10.00000461100717,dropped_queue_full,,,
2401,2,0,10.004166666666666,10.004270575009286,dropped_queue_full,,,
2402,3,0,10.008333333333333,10.00839262601221,completed,10.06175581298885,53.4224796555165,34.06175994873047
2403,0,0,10.0125,10.013060553988907,completed,10.070693290996132,58.19329099613313,34.033470153808594
2404,1,1,10.016666666666666,10.017667606007308,completed,10.079675495013362,63.00882834669608,34.049598693847656
2405,2,1,10.020833333333334,10.022239923011512,completed,10.08965479300241,68.82145966907594,34.101566314697266
2406,3,1,10.025,10.026942425989546,dropped_queue_full,,,
2407,0,1,10.029166666666667,10.029172272013966,dropped_queue_full,,,
2408,1,0,10.033333333333333,10.033460898994235,dropped_queue_full,,,
2409,2,0,10.0375,10.037540188990533,dropped_queue_full,,,
2410,3,0,10.041666666666666,10.041740287997527,completed,10.096028761996422,54.36209532975589,34.06217575073242
2411,0,0,10.045833333333333,10.046421500999713,completed,10.104909003013745,59.075669680412446,34.013633728027344
2412,1,1,10.05,10.051023514010012,completed,10.113509862014325,63.509862014324625,34.0016975402832
2413,2,1,10.054166666666667,10.055620858009206,completed,10.12276639699121,68.59973032454292,33.90099334716797
2414,3,1,10.058333333333334,10.060193023993634,dropped_queue_full,,,
2415,0,1,10.0625,10.062548387999414,dropped_queue_full,,,
2416,1,0,10.066666666666666,10.06673726599547,dropped_queue_full,,,
2417,2,0,10.070833333333333,10.070854818011867,dropped_queue_full,,,
2418,3,0,10.075,10.075053234002553,completed,10.13004890200682,55.048902006820555,33.95478439331055
2419,0,0,10.079166666666666,10.079669202998048,completed,10.139010136015713,59.843469349047496,33.97024154663086
2420,1,1,10.083333333333334,10.084263981989352,completed,10.151018489006674,67.68515567333999,34.06332778930664
2421,2,1,10.0875,10.089647910004715,completed,10.155726822995348,68.22682299534755,33.90825653076172
2422,3,1,10.091666666666667,10.094273046997841,dropped_queue_full,,,
2423,0,1,10.095833333333333,10.095862796995789,dropped_queue_full,,,
2424,1,0,10.1,10.100057164992904,dropped_queue_full,,,
2425,2,0,10.104166666666666,10.104267734015593,dropped_queue_full,,,
2426,3,0,10.108333333333333,10.108478834008565,completed,10.164219436992425,55.88610365909297,34.123233795166016
2427,0,0,10.1125,10.113502969004912,completed,10.17311513700406,60.61513700405996,34.01347351074219
2428,1,1,10.116666666666667,10.118161888996838,completed,10.184206347010331,67.53968034366409,33.91462326049805
2429,2,1,10.120833333333334,10.122759424004471,completed,10.189910674002022,69.07734066868798,34.0588493347168
2430,3,1,10.125,10.127347500005271,dropped_queue_full,,,
2431,0,1,10.129166666666666,10.12925254899892,dropped_queue_full,,,
2432,1,0,10.133333333333333,10.133568318007747,dropped_queue_full,,,
2433,2,0,10.1375,10.137582022987772,dropped_queue_full,,,
2434,3,0,10.141666666666666,10.141792061011074,completed,10.198384741990594,56.718075323928474,33.94348907470703
2435,0,0,10.145833333333334,10.146393142000306,completed,10.208992144005606,63.158810672272025,33.94406509399414
2436,1,1,10.15,10.151012126996648,completed,10.218218291003723,68.21829100372234,33.97507095336914
2437,2,1,10.154166666666667,10.155719620001037,completed,10.224084073997801,69.91740733113438,34.05535888671875
2438,3,1,10.158333333333333,10.160420519998297,dropped_queue_full,,,
2439,0,1,10.1625,10.162635117012542,dropped_queue_full,,,
2440,1,0,10.166666666666666,10.16674045601394,dropped_queue_full,,,
2441,2,0,10.170833333333333,10.170950063009514,dropped_queue_full,,,
2442,3,0,10.175,10.17500978600583,completed,10.232485774991801,57.4857749918003,33.991455078125
2443,0,0,10.179166666666667,10.179615244996967,completed,10.24230577101116,63.139104344493546,33.94483184814453
2444,1,1,10.183333333333334,10.184200045012403,completed,10.251491320988862,68.15798765552827,33.98009490966797
2445,2,1,10.1875,10.189180496992776,dropped_queue_full,,,
2446,3,1,10.191666666666666,10.191807236988097,dropped_queue_full,,,
2447,0,1,10.195833333333333,10.195861910004169,dropped_queue_full,,,
2448,1,0,10.2,10.200112084014108,dropped_queue_full,,,
2449,2,0,10.204166666666666,10.204213785997126,completed,10.25827565000509,54.1089833384234,33.94819259643555
2450,3,0,10.208333333333334,10.208986782992724,completed,10.266591496998444,58.258163665110274,34.014495849609375
2451,0,0,10.2125,10.21361035699374,completed,10.275912495009834,63.41249500983359,34.0748176574707
2452,1,1,10.216666666666667,10.218211878993316,completed,10.285570954001741,68.9042873350747,34.05894470214844
2453,2,1,10.220833333333333,10.22280192899052,dropped_queue_full,,,
2454,3,1,10.225,10.225034258997766,dropped_queue_full,,,
2455,0,1,10.229166666666666,10.229214010003489,dropped_queue_full,,,
2456,1,0,10.233333333333333,10.233435409987578,dropped_queue_full,,,
2457,2,0,10.2375,10.2376353580039,completed,10.292436787014594,54.93678701459359,34.05049514770508
2458,3,0,10.241666666666667,10.242300640995381,completed,10.300755459989887,59.08879332321959,34.05472183227539
2459,0,0,10.245833333333334,10.246913223993033,completed,10.313908217009157,68.07488367582337,33.99292755126953
2460,1,1,10.25,10.25148484899546,completed,10.318478859990137,68.4788599901367,33.99961471557617
2461,2,1,10.254166666666666,10.25652473300579,dropped_queue_full,,,
2462,3,1,10.258333333333333,10.258438708988251,dropped_queue_full,,,
2463,0,1,10.2625,10.262637786014238,dropped_queue_full,,,
2464,1,0,10.266666666666666,10.266752172989072,dropped_queue_full,,,
2465,2,0,10.270833333333334,10.27084385600756,completed,10.326485280005727,55.65194667239304,33.96342468261719
2466,3,0,10.275,10.275907125003869,completed,10.33490767100011,59.90767100010963,34.09449768066406
2467,0,0,10.279166666666667,10.280491523997625,completed,10.346894582995446,67.72791632877961,34.05596923828125
2468,1,1,10.283333333333333,10.285564560996136,completed,10.352107606013305,68.77427267997227,34.04182434082031
2469,2,1,10.2875,10.290271433012094,dropped_queue_full,,,
2470,3,1,10.291666666666666,10.29179667099379,dropped_queue_full,,,
2471,0,1,10.295833333333333,10.2958950070024,dropped_queue_full,,,
2472,1,0,10.3,10.3001133800135,dropped_queue_full,,,
2473,2,0,10.304166666666667,10.30421079401276,completed,10.360643362015253,56.47669534858579,34.074527740478516
2474,3,0,10.308333333333334,10.308865227008937,completed,10.371442177012796,63.10884367946201,34.097694396972656
2475,0,0,10.3125,10.313902727008099,completed,10.380642564996378,68.1425649963785,33.984161376953125
2476,1,1,10.316666666666666,10.318472126993584,completed,10.386282569990726,69.61590332405976,34.017024993896484
2477,2,1,10.320833333333333,10.323025007004617,dropped_queue_full,,,
2478,3,1,10.325,10.325061615993036,dropped_queue_full,,,
2479,0,1,10.329166666666666,10.329179118009051,dropped_queue_full,,,
2480,1,0,10.333333333333334,10.333478234999347,dropped_queue_full,,,
2481,2,0,10.3375,10.337590587994782,completed,10.39490886699059,57.40886699059011,34.084415435791016
2482,3,0,10.341666666666667,10.342300644988427,completed,10.404743190010777,63.07652334410996,33.98137664794922
2483,0,0,10.345833333333333,10.346889303007629,completed,10.414005936996546,68.17260366321243,34.098655700683594
2484,1,1,10.35,10.351458162011113,dropped_queue_full,,,
2485,2,1,10.354166666666666,10.354320039012237,dropped_queue_full,,,
2486,3,1,10.358333333333333,10.35842238200712,dropped_queue_full,,,
2487,0,1,10.3625,10.362538242014125,dropped_queue_full,,,
2488,1,0,10.366666666666667,10.366743149992544,completed,10.420557794015622,53.891127348954626,34.07030487060547
2489,2,0,10.370833333333334,10.371434511995176,completed,10.429116403014632,58.28306968129837,34.066017150878906
2490,3,0,10.375,10.37605523999082,completed,10.43798493099166,62.984930991660804,34.17900848388672
2491,0,0,10.379166666666666,10.380637224996462,completed,10.447364780004136,68.19811333746983,34.159358978271484
2492,1,1,10.383333333333333,10.38519939201069,dropped_queue_full,,,
2493,2,1,10.3875,10.387550559011288,dropped_queue_full,,,
2494,3,1,10.391666666666666,10.391753934003646,dropped_queue_full,,,
2495,0,1,10.395833333333334,10.395858220988885,dropped_queue_full,,,
2496,1,0,10.4,10.40005274899886,completed,10.454754128004424,54.75412800442392,34.18735885620117
2497,2,0,10.404166666666667,10.40473585599102,completed,10.46338791999733,59.22125333066397,34.1511344909668
2498,3,0,10.408333333333333,10.409292944008484,completed,10.476776283991057,68.44295065772421,34.206817626953125
2499,0,0,10.4125,10.414000587014016,completed,10.481829714990454,69.32971499045415,34.13087844848633
2500,1,1,10.416666666666666,10.418647314014379,dropped_queue_full,,,
2501,2,1,10.420833333333333,10.420878694014391,dropped_queue_full,,,
2502,3,1,10.425,10.42505776300095,dropped_queue_full,,,
2503,0,1,10.429166666666667,10.429276907991152,dropped_queue_full,,,
2504,1,0,10.433333333333334,10.433370545011712,completed,10.48911645798944,55.7831246561058,34.158302307128906
2505,2,0,10.4375,10.437977185996715,completed,10.497751160990447,60.251160990446806,34.188865661621094
2506,3,0,10.441666666666666,10.442683978006244,completed,10.510211351996986,68.54468533031977,34.13804626464844
2507,0,0,10.445833333333333,10.447359490004601,completed,10.51516649601399,69.33316268065681,34.146846771240234
2508,1,1,10.45,10.451934361015446,dropped_queue_full,,,
2509,2,1,10.454166666666666,10.454270309011918,dropped_queue_full,,,
2510,3,1,10.458333333333334,10.45837911500712,dropped_queue_full,,,
2511,0,1,10.4625,10.462585394998314,dropped_queue_full,,,
2512,1,0,10.466666666666667,10.466795123007614,completed,10.523377825011266,56.71115834459961,34.12092971801758
2513,2,0,10.470833333333333,10.471693528990727,completed,10.53206171299098,61.22837965764738,34.136993408203125
2514,3,0,10.475,10.476768590015126,completed,10.54329180700006,68.29180700005999,34.22796630859375
2515,0,0,10.479166666666666,10.481824234011583,completed,10.549326361011481,70.15969434481484,34.13062286376953
2516,1,1,10.483333333333333,10.4864356550097,dropped_queue_full,,,
2517,2,1,10.4875,10.487555291998433,dropped_queue_full,,,
2518,3,1,10.491666666666667,10.491786099009914,dropped_queue_full,,,
2519,0,1,10.495833333333334,10.495845972007373,dropped_queue_full,,,
2520,1,0,10.5,10.50010872000712,completed,10.557643581996672,57.643581996671855,34.081825256347656
2521,2,0,10.504166666666666,10.505484352004714,completed,10.567250691994559,63.08402532789259,34.106143951416016
2522,3,0,10.508333333333333,10.510203698009718,completed,10.576365148008335,68.03181467500252,33.97564697265625
2523,0,0,10.5125,10.515160804992775,completed,10.58348256899626,70.98256899626065,34.036705017089844
2524,1,1,10.516666666666666,10.51975670599495,dropped_queue_full,,,
2525,2,1,10.520833333333334,10.520876974012936,dropped_queue_full,,,
2526,3,1,10.525,10.525112339993939,dropped_queue_full,,,
2527,0,1,10.529166666666667,10.52921313099796,dropped_queue_full,,,
2528,1,0,10.533333333333333,10.533478424011264,completed,10.59177630499471,58.442971661376575,34.01811218261719
2529,2,0,10.5375,10.53864513899316,completed,10.600539683015086,63.03968301508611,33.971073150634766
2530,3,0,10.541666666666666,10.543284001993015,completed,10.60968930501258,68.02263834591393,34.04217529296875
2531,0,0,10.545833333333333,10.548354213999119,dropped_queue_full,,,
2532,1,1,10.55,10.55012263401295,dropped_queue_full,,,
2533,2,1,10.554166666666667,10.554212173010455,dropped_queue_full,,,
2534,3,1,10.558333333333334,10.558436237013666,dropped_queue_full,,,
2535,0,1,10.5625,10.562637227994855,completed,10.61759119600174,55.09119600174017,34.015647888183594
2536,1,0,10.566666666666666,10.567243449011585,completed,10.626115530991228,59.44886432456187,34.18646240234375
2537,2,0,10.570833333333333,10.571806536987424,completed,10.63889601000119,68.06267666785715,34.18761444091797
2538,3,0,10.575,10.576357623009244,completed,10.6434563639923,68.4563639923006,34.21705627441406
2539,0,0,10.579166666666666,10.580950869014487,dropped_queue_full,,,
2540,1,1,10.583333333333334,10.583479162014555,dropped_queue_full,,,
2541,2,1,10.5875,10.587582167005166,dropped_queue_full,,,
2542,3,1,10.591666666666667,10.591767828998854,dropped_queue_full,,,
2543,0,1,10.595833333333333,10.59589562099427,completed,10.651955840992741,56.12250765940807,34.16387176513672
2544,1,0,10.6,10.600532659998862,completed,10.660167119989637,60.16711998963764,33.95270538330078
2545,2,0,10.604166666666666,10.605125866015442,completed,10.671663189015817,67.49652234915082,33.99647903442383
2546,3,0,10.608333333333333,10.609681570000248,completed,10.677177756006131,68.84442267279844,34.07017517089844
2547,0,0,10.6125,10.614264636998996,dropped_queue_full,,,
2548,1,1,10.616666666666667,10.6167934910045,dropped_queue_full,,,
2549,2,1,10.620833333333334,10.620896956999786,dropped_queue_full,,,
2550,3,1,10.625,10.625002916989615,dropped_queue_full,,,
2551,0,1,10.629166666666666,10.629275123006664,completed,10.68611660701572,56.94994034905321,34.07404708862305
2552,1,0,10.633333333333333,10.634221629996318,completed,10.696445418987423,63.11208565409032,34.05276870727539
2553,2,0,10.6375,10.638889027002733,completed,10.706033002992626,68.53300299262699,34.08208084106445
2554,3,0,10.641666666666666,10.643448218004778,completed,10.711564461002126,69.89779433546062,34.13071823120117
2555,0,0,10.645833333333334,10.648020023014396,dropped_queue_full,,,
2556,1,1,10.65,10.650062413013075,dropped_queue_full,,,
2557,2,1,10.654166666666667,10.654168684006436,dropped_queue_full,,,
2558,3,1,10.658333333333333,10.65842404801515,dropped_queue_full,,,
2559,0,1,10.6625,10.662531261012191,completed,10.72033071500482,57.83071500482073,34.12575912475586
2560,1,0,10.666666666666666,10.66710765499738,completed,10.729684925987385,63.01825932071914,34.12809753417969
2561,2,0,10.670833333333333,10.671656205988256,completed,10.738792818010552,67.95948467721935,34.1376953125
2562,3,0,10.675,10.676369900989812,dropped_queue_full,,,
2563,0,0,10.679166666666667,10.679224885010626,dropped_queue_full,,,
2564,1,1,10.683333333333334,10.683426586998394,dropped_queue_full,,,
2565,2,1,10.6875,10.68754219499533,dropped_queue_full,,,
2566,3,1,10.691666666666666,10.691795054997783,completed,10.745730547991116,54.06388132444917,34.067806243896484
2567,0,1,10.695833333333333,10.69643897700007,completed,10.754539663001196,58.7063296678636,34.06163024902344
2568,1,0,10.7,10.701445487997262,completed,10.763153276988305,63.15327698830586,34.06694412231445
2569,2,0,10.704166666666666,10.706025860010413,completed,10.772412516991608,68.24585032494213,34.0709114074707
2570,3,0,10.708333333333334,10.710598016012227,dropped_queue_full,,,
2571,0,0,10.7125,10.712638041004539,dropped_queue_full,,,
2572,1,1,10.716666666666667,10.71671944501577,dropped_queue_full,,,
2573,2,1,10.720833333333333,10.720966672990471,dropped_queue_full,,,
2574,3,1,10.725,10.72505821599043,completed,10.780015761003597,55.01576100359706,34.17555236816406
2575,0,1,10.729166666666666,10.729678814008366,completed,10.788749803992687,59.58313732602072,34.06639862060547
2576,1,0,10.733333333333333,10.73423970901058,completed,10.800972243014257,67.6389096809249,34.09699249267578
2577,2,0,10.7375,10.738785785011714,completed,10.80585460801376,68.35460801375959,34.165855407714844
2578,3,0,10.741666666666667,10.743344846006949,dropped_queue_full,,,
2579,0,0,10.745833333333334,10.745892164995894,dropped_queue_full,,,
2580,1,1,10.75,10.750107372994535,dropped_queue_full,,,
2581,2,1,10.754166666666666,10.754214385000523,dropped_queue_full,,,
2582,3,1,10.758333333333333,10.758425836014794,completed,10.814328517008107,55.995183674774296,34.17097473144531
2583,0,1,10.7625,10.76314671500586,completed,10.825515489006648,63.01548900664855,34.26688003540039
2584,1,0,10.766666666666666,10.767797559994506,completed,10.834642156987684,67.97549032101813,34.2262077331543
2585,2,0,10.770833333333334,10.772405444004107,completed,10.840172694006469,69.33936067313518,34.22700881958008
2586,3,0,10.775,10.776988991012331,dropped_queue_full,,,
2587,0,0,10.779166666666667,10.779218487004982,dropped_queue_full,,,
2588,1,1,10.783333333333333,10.783427171991207,dropped_queue_full,,,
2589,2,1,10.7875,10.787635567015968,dropped_queue_full,,,
2590,3,1,10.791666666666666,10.791687794990139,completed,10.848542624997208,56.87595833054182,34.21654510498047
2591,0,1,10.795833333333333,10.79637702301261,completed,10.85891406799783,63.080734664497484,34.184478759765625
2592,1,0,10.8,10.800965850998182,completed,10.868083356996067,68.08335699606616,34.36876678466797
2593,2,0,10.804166666666667,10.805679565994069,dropped_queue_full,,,
2594,3,0,10.808333333333334,10.808374735992402,dropped_queue_full,,,
2595,0,0,10.8125,10.812584733997937,dropped_queue_full,,,
2596,1,1,10.816666666666666,10.816794211015804,dropped_queue_full,,,
2597,2,1,10.820833333333333,10.820898197009228,completed,10.874592242005747,53.75890867241395,34.16828918457031
2598,3,1,10.825,10.825510349008255,completed,10.883063454995863,58.06345499586385,34.41107177734375
2599,0,1,10.829166666666666,10.830083397013368,completed,10.892238194996025,63.071528329359694,34.24399948120117
2600,1,0,10.833333333333334,10.834635715000331,completed,10.90184531599516,68.51198266182656,34.23904037475586
2601,2,0,10.8375,10.839207921002526,dropped_queue_full,,,
2602,3,0,10.841666666666667,10.841742146003526,dropped_queue_full,,,
2603,0,0,10.845833333333333,10.845846984011587,dropped_queue_full,,,
2604,1,1,10.85,10.8501109140052,dropped_queue_full,,,
2605,2,1,10.854166666666666,10.854212545993505,completed,10.908960161992582,54.79349532591549,34.332096099853516
2606,3,1,10.858333333333333,10.858908727997914,completed,10.91743597399909,59.10264066575799,34.24614334106445
2607,0,1,10.8625,10.863505149987759,completed,10.930504732008558,68.00473200855706,34.23206329345703
2608,1,0,10.866666666666667,10.868076904996997,completed,10.935127353004646,68.46068633797842,34.23107147216797
2609,2,0,10.870833333333334,10.87268313500681,dropped_queue_full,,,
2610,3,0,10.875,10.875069839996286,dropped_queue_full,,,
2611,0,0,10.879166666666666,10.879266962991096,dropped_queue_full,,,
2612,1,1,10.883333333333333,10.883381969993934,dropped_queue_full,,,
2613,2,1,10.8875,10.887583542003995,completed,10.943324505991768,55.8245059917688,34.21052932739258
2614,3,1,10.891666666666666,10.89223282499006,completed,10.951643709995551,59.977043328885316,34.10976028442383
2615,0,1,10.895833333333334,10.897188548988197,completed,10.963371580000967,67.53824666763286,34.08659362792969
2616,1,0,10.9,10.90183878398966,completed,10.968906564987265,68.90656498726422,33.92736053466797
2617,2,0,10.904166666666667,10.906425436987774,dropped_queue_full,,,
2618,3,0,10.908333333333333,10.90847758599557,dropped_queue_full,,,
2619,0,0,10.9125,10.912583525991067,dropped_queue_full,,,
2620,1,1,10.916666666666666,10.916794785996899,dropped_queue_full,,,
2621,2,1,10.920833333333333,10.92089868299081,completed,10.977437963010743,56.604629677410756,34.01990509033203
2622,3,1,10.925,10.925887851015432,completed,10.988100999995368,63.10099999536689,34.10918426513672
2623,0,1,10.929166666666667,10.930499662004877,completed,10.997960069013061,68.79340234639386,34.03638458251953
2624,1,0,10.933333333333334,10.935120570997242,completed,11.002923649008153,69.59031567481944,33.92319869995117
2625,2,0,10.9375,10.939840848004678,dropped_queue_full,,,
2626,3,0,10.941666666666666,10.941749704012182,dropped_queue_full,,,
2627,0,0,10.945833333333333,10.945853651006473,dropped_queue_full,,,
2628,1,1,10.95,10.950055363005958,dropped_queue_full,,,
2629,2,1,10.954166666666666,10.954167574993335,completed,11.011486035014968,57.319368348302646,33.937313079833984
2630,3,1,10.958333333333334,10.958794133999618,completed,11.021737369999755,63.40403666642125,33.971168518066406
2631,0,1,10.9625,10.963366079988191,completed,11.031090748991119,68.59074899111839,33.99164962768555
2632,1,0,10.966666666666667,10.967942082992522,dropped_queue_full,,,
2633,2,0,10.970833333333333,10.970950657996582,dropped_queue_full,,,
2634,3,0,10.975,10.975052550988039,dropped_queue_full,,,
2635,0,0,10.979166666666666,10.979175954009406,dropped_queue_full,,,
2636,1,1,10.983333333333333,10.983425548009109,completed,11.037114473001566,53.78113966823328,33.98934555053711
2637,2,1,10.9875,10.988093494990608,completed,11.045747874013614,58.2478740136132,34.067073822021484
2638,3,1,10.991666666666667,10.992678915994475,completed,11.054730417992687,63.06375132601971,33.97539138793945
2639,0,1,10.995833333333334,10.997954388993094,completed,11.064475160994334,68.64182766100058,33.98271942138672
2640,1,0,11.0,11.002590585994767,dropped_queue_full,,,
2641,2,0,11.004166666666666,11.004190865991404,dropped_queue_full,,,
2642,3,0,11.008333333333333,11.008477991010295,dropped_queue_full,,,
2643,0,0,11.0125,11.012593258987181,dropped_queue_full,,,
2644,1,1,11.016666666666666,11.016794610011857,completed,11.07122723798966,54.56057132299463,33.93439865112305
2645,2,1,11.020833333333334,11.021727531013312,completed,11.07969583600061,58.86250266727622,33.934913635253906
2646,3,1,11.025,11.026427670003613,completed,11.092650717007928,67.65071700792724,34.03276824951172
2647,0,1,11.029166666666667,11.03108525899006,completed,11.0973022840044,68.13561733773277,33.9628791809082
2648,1,0,11.033333333333333,11.035672141995747,dropped_queue_full,,,
2649,2,0,11.0375,11.037594244000502,dropped_queue_full,,,
2650,3,0,11.041666666666666,11.041795055003604,dropped_queue_full,,,
2651,0,0,11.045833333333333,11.045909139997093,dropped_queue_full,,,
2652,1,1,11.05,11.05010965000838,completed,11.105328701989492,55.32870198949169,33.998687744140625
2653,2,1,11.054166666666667,11.054722773988033,completed,11.11401437301538,59.84770634871239,34.07503890991211
2654,3,1,11.058333333333334,11.059322591987438,completed,11.126009970990708,67.67663765737453,33.961822509765625
2655,0,1,11.0625,11.064469790988369,completed,11.131100772006903,68.60077200690284,33.995201110839844
2656,1,0,11.066666666666666,11.069138950988417,dropped_queue_full,,,
2657,2,0,11.070833333333333,11.070896309014643,dropped_queue_full,,,
2658,3,0,11.075,11.075110364996362,dropped_queue_full,,,
2659,0,0,11.079166666666666,11.079211826989194,dropped_queue_full,,,
2660,1,1,11.083333333333334,11.083425993012497,completed,11.139431198011152,56.09786467781852,33.96953582763672
2661,2,1,11.0875,11.088056189008057,completed,11.150644409994129,63.144409994128736,33.87238311767578
2662,3,1,11.091666666666667,11.092643103009323,completed,11.15996224200353,68.29557533686348,33.99087905883789
2663,0,1,11.095833333333333,11.09729674400296,completed,11.16519495198736,69.36161865402646,34.00953674316406
2664,1,0,11.1,11.102939022006467,dropped_queue_full,,,
2665,2,0,11.104166666666666,11.104216498992173,dropped_queue_full,,,
2666,3,0,11.108333333333333,11.108478656009538,dropped_queue_full,,,
2667,0,0,11.1125,11.112584716989659,dropped_queue_full,,,
2668,1,1,11.116666666666667,11.116794264002237,completed,11.17364170899964,56.97504233297224,33.99923324584961
2669,2,1,11.120833333333334,11.121420162002323,completed,11.183872274996247,63.03894166291357,34.04790496826172
2670,3,1,11.125,11.126002277014777,completed,11.193109393003397,68.10939300339669,34.00185775756836
2671,0,1,11.129166666666666,11.130609198007733,dropped_queue_full,,,
2672,1,0,11.133333333333333,11.133425659005297,dropped_queue_full,,,
2673,2,0,11.1375,11.137531388987554,dropped_queue_full,,,
2674,3,0,11.141666666666666,11.141799406992504,dropped_queue_full,,,
2675,0,0,11.145833333333334,11.1458974420093,completed,11.199323939013993,53.49060568065944,33.923072814941406
2676,1,1,11.15,11.15063722699415,completed,11.207801142998505,57.80114299850503,34.04342269897461
2677,2,1,11.154166666666667,11.15531077500782,completed,11.21723669799394,63.07003132727296,34.1242561340332
2678,3,1,11.158333333333333,11.159954447008204,completed,11.226430062990403,68.09672965706959,34.139041900634766
2679,0,1,11.1625,11.164545639010612,dropped_queue_full,,,
2680,1,0,11.166666666666666,11.16668598499382,dropped_queue_full,,,
2681,2,0,11.170833333333333,11.170951578998938,dropped_queue_full,,,
2682,3,0,11.175,11.175064823008142,dropped_queue_full,,,
2683,0,0,11.179166666666667,11.179267636995064,completed,11.233541903988225,54.375237321558245,34.147071838378906
2684,1,1,11.183333333333334,11.183865300990874,completed,11.242119770002319,58.786436668984976,34.1396484375
2685,2,1,11.1875,11.1884620639903,completed,11.255108265002491,67.60826500249095,34.128639221191406
2686,3,1,11.191666666666666,11.193101828015642,completed,11.259705397998914,68.03873133224769,34.17548751831055
2687,0,1,11.195833333333333,11.197853705991292,dropped_queue_full,,,
2688,1,0,11.2,11.200117956992472,dropped_queue_full,,,
2689,2,0,11.204166666666666,11.204212917014956,dropped_queue_full,,,
2690,3,0,11.208333333333334,11.208435087988619,dropped_queue_full,,,
2691,0,0,11.2125,11.212530377990333,completed,11.267799664987251,55.29966498725081,34.08195114135742
2692,1,1,11.216666666666667,11.217229825007962,completed,11.276271890004864,59.60522333819718,34.10649490356445
2693,2,1,11.220833333333333,11.221853088005446,completed,11.289037501002895,68.2041676695615,34.105438232421875
2694,3,1,11.225,11.22642270900542,completed,11.293629886000417,68.62988600041753,34.134559631347656
2695,0,1,11.229166666666666,11.231003711989615,dropped_queue_full,,,
2696,1,0,11.233333333333333,11.233376268995926,dropped_queue_full,,,
2697,2,0,11.2375,11.237597138009733,dropped_queue_full,,,
2698,3,0,11.241666666666667,11.241793749999488,dropped_queue_full,,,
2699,0,0,11.245833333333334,11.245899970992468,completed,11.302111958997557,56.27862566422337,34.15708923339844
2700,1,1,11.25,11.250522763002664,completed,11.310497750004288,60.49775000428781,33.97555160522461
2701,2,1,11.254166666666666,11.255101351009216,completed,11.32209459101432,67.9279243476536,33.99174499511719
2702,3,1,11.258333333333333,11.2596976729983,completed,11.32749017199967,69.1568386663377,34.02956771850586
2703,0,1,11.2625,11.2642590989999,dropped_queue_full,,,
2704,1,0,11.266666666666666,11.266709965013433,dropped_queue_full,,,
2705,2,0,11.270833333333334,11.270895566005493,dropped_queue_full,,,
2706,3,0,11.275,11.275000674999319,dropped_queue_full,,,
2707,0,0,11.279166666666667,11.279266539000673,completed,11.336118122009793,56.95145534312651,33.98361587524414
2708,1,1,11.283333333333333,11.283979903004365,completed,11.346383613999933,63.05028066659979,34.034976959228516
2709,2,1,11.2875,11.289030287996866,completed,11.35580960099469,68.30960099468975,34.0648307800293
2710,3,1,11.291666666666666,11.29362209100509,completed,11.361562400008552,69.8957333418857,33.936161041259766
2711,0,1,11.295833333333333,11.298210857989034,dropped_queue_full,,,
2712,1,0,11.3,11.300060050998582,dropped_queue_full,,,
2713,2,0,11.304166666666667,11.304304385004798,dropped_queue_full,,,
2714,3,0,11.308333333333334,11.30849254099303,dropped_queue_full,,,
2715,0,0,11.3125,11.31263393900008,completed,11.370549713989021,58.04971398902126,34.20246505737305
2716,1,1,11.316666666666666,11.317392619006569,completed,11.379726938001113,63.06027133444658,34.213600158691406
2717,2,1,11.320833333333333,11.322087637992809,completed,11.388933056994574,68.09972366124128,34.312416076660156
2718,3,1,11.325,11.326842821988976,dropped_queue_full,,,
2719,0,1,11.329166666666666,11.329230567993363,dropped_queue_full,,,
2720,1,0,11.333333333333334,11.333423834003042,dropped_queue_full,,,
2721,2,0,11.3375,11.33754197799135,dropped_queue_full,,,
2722,3,0,11.341666666666667,11.341740694013424,completed,11.396067249996122,54.40058332945519,34.49308776855469
2723,0,0,11.345833333333333,11.346377312002005,completed,11.404855455999495,59.02212266616225,34.225120544433594
2724,1,1,11.35,11.35098074801499,completed,11.413229884987231,63.2298849872317,34.15727996826172
2725,2,1,11.354166666666666,11.355795695009874,completed,11.422487561998423,68.32089533175711,34.086944580078125
2726,3,1,11.358333333333333,11.360595603007823,dropped_queue_full,,,
2727,0,1,11.3625,11.362636450008722,dropped_queue_full,,,
2728,1,0,11.366666666666667,11.366745266015641,dropped_queue_full,,,
2729,2,0,11.370833333333334,11.370870112004923,dropped_queue_full,,,
2730,3,0,11.375,11.375107322004624,completed,11.430220262001967,55.22026200196706,33.96076965332031
2731,0,0,11.379166666666666,11.379720716009615,completed,11.439065376005601,59.89870933893471,34.036415100097656
2732,1,1,11.383333333333333,11.384335993992863,completed,11.451004247006495,67.67091367316169,34.07155227661133
2733,2,1,11.3875,11.388925954001024,completed,11.456023672013544,68.52367201354426,34.085567474365234
2734,3,1,11.391666666666666,11.393517476011766,dropped_queue_full,,,
2735,0,1,11.395833333333334,11.395900964009343,dropped_queue_full,,,
2736,1,0,11.4,11.400113036012044,dropped_queue_full,,,
2737,2,0,11.404166666666667,11.404213164991233,dropped_queue_full,,,
2738,3,0,11.408333333333333,11.408477507007774,completed,11.464488333003828,56.15499967049509,34.09900665283203
2739,0,0,11.4125,11.413223272014875,completed,11.475528286013287,63.028286013286916,34.0563850402832
2740,1,1,11.416666666666666,11.417902301007416,completed,11.48492618900491,68.25952233824317,33.940513610839844
2741,2,1,11.420833333333333,11.422480398992775,completed,11.490151967009297,69.31863367596414,33.960960388183594
2742,3,1,11.425,11.427082932001213,dropped_queue_full,,,
2743,0,1,11.429166666666667,11.429265559010673,dropped_queue_full,,,
2744,1,0,11.433333333333334,11.433371960010845,dropped_queue_full,,,
2745,2,0,11.4375,11.43763682199642,dropped_queue_full,,,
2746,3,0,11.441666666666666,11.441737721994286,completed,11.498799664987018,57.1329983203519,34.053855895996094
2747,0,0,11.445833333333333,11.44638390900218,completed,11.508947604015702,63.11427068236952,34.12879943847656
2748,1,1,11.45,11.450997643987648,completed,11.51816322101513,68.16322101512995,34.194271087646484
2749,2,1,11.454166666666666,11.455687554000178,dropped_queue_full,,,
2750,3,1,11.458333333333334,11.45837870601099,dropped_queue_full,,,
2751,0,1,11.4625,11.462581900996156,dropped_queue_full,,,
2752,1,0,11.466666666666667,11.4666991730046,dropped_queue_full,,,
2753,2,0,11.470833333333333,11.470898060011677,completed,11.524536468990846,53.70313565751239,34.217342376708984
2754,3,0,11.475,11.475523255998269,completed,11.532957666990114,57.95766699011473,34.324703216552734
2755,0,0,11.479166666666666,11.480215048999526,completed,11.542215113993734,63.04844732706805,34.11075210571289
2756,1,1,11.483333333333333,11.48491967699374,completed,11.551505904004443,68.17257067111093,34.09187316894531
2757,2,1,11.4875,11.489502754004207,dropped_queue_full,,,
2758,3,1,11.491666666666667,11.491740094003035,dropped_queue_full,,,
2759,0,1,11.495833333333334,11.49584437100566,dropped_queue_full,,,
2760,1,0,11.5,11.500072713999543,dropped_queue_full,,,
2761,2,0,11.504166666666666,11.504212778992951,completed,11.558800722006708,54.634055340041954,34.17548751831055
2762,3,0,11.508333333333333,11.508942363987444,completed,11.567167647008318,58.834313674985594,34.08211135864258
2763,0,0,11.5125,11.513539467006922,completed,11.580538859008811,68.03885900881212,34.2204475402832
2764,1,1,11.516666666666666,11.518156889011152,completed,11.585394674009876,68.7280073432106,34.204193115234375
2765,2,1,11.520833333333334,11.522782376006944,dropped_queue_full,,,
2766,3,1,11.525,11.525015479011927,dropped_queue_full,,,
2767,0,1,11.529166666666667,11.529213122994406,dropped_queue_full,,,
2768,1,0,11.533333333333333,11.533433431002777,dropped_queue_full,,,
2769,2,0,11.5375,11.537528039014433,completed,11.593170005013235,55.67000501323527,34.216800689697266
2770,3,0,11.541666666666666,11.542209673003526,completed,11.60158990000491,59.92323333824423,34.17753601074219
2771,0,0,11.545833333333333,11.54686709100497,completed,11.61353100501583,67.69767168249707,34.10192108154297
2772,1,1,11.55,11.551499441004125,completed,11.618799052987015,68.79905298701416,34.07356643676758
2773,2,1,11.554166666666667,11.556109919998562,dropped_queue_full,,,
2774,3,1,11.558333333333334,11.558477648010012,dropped_queue_full,,,
2775,0,1,11.5625,11.562579771009041,dropped_queue_full,,,
2776,1,0,11.566666666666666,11.566685530997347,dropped_queue_full,,,
2777,2,0,11.570833333333333,11.570899826998357,completed,11.627430119988276,56.59678665494283,34.125343322753906
2778,3,0,11.575,11.57552911201492,completed,11.63810673300759,63.106733007590066,34.18735885620117
2779,0,0,11.579166666666666,11.580533959000604,completed,11.647304896992864,68.13823032619837,34.232513427734375
2780,1,1,11.583333333333334,11.58538826199947,completed,11.653122098010499,69.7887646771651,34.24758529663086
2781,2,1,11.5875,11.590012586995726,dropped_queue_full,,,
2782,3,1,11.591666666666667,11.59174428600818,dropped_queue_full,,,
2783,0,1,11.595833333333333,11.595844205003232,dropped_queue_full,,,
2784,1,0,11.6,11.60000159300398,dropped_queue_full,,,
2785,2,0,11.604166666666666,11.604265814006794,completed,11.66174585101544,57.57918434877318,34.20364761352539
2786,3,0,11.608333333333333,11.608908294001594,completed,11.671446640015347,63.113306682014425,34.23632049560547
2787,0,0,11.6125,11.613525605003815,completed,11.680694048001897,68.19404800189588,34.20150375366211
2788,1,1,11.616666666666667,11.61814345800667,dropped_queue_full,,,
2789,2,1,11.620833333333334,11.620852193998871,dropped_queue_full,,,
2790,3,1,11.625,11.625054327014368,dropped_queue_full,,,
2791,0,1,11.629166666666666,11.629320331005147,dropped_queue_full,,,
2792,1,0,11.633333333333333,11.63348042400321,completed,11.687536998011637,54.20366467830462,34.26220703125
2793,2,0,11.6375,11.638099319010507,completed,11.69611935201101,58.61935201101076,34.25241470336914
2794,3,0,11.641666666666666,11.642714927002089,completed,11.704658583999844,62.99191733317855,34.285823822021484
2795,0,0,11.645833333333334,11.647299506992567,completed,11.714081184996758,68.24785166342373,34.22307205200195
2796,1,1,11.65,11.652307701006066,dropped_queue_full,,,
2797,2,1,11.654166666666667,11.654231696011266,dropped_queue_full,,,
2798,3,1,11.658333333333333,11.658426064997911,dropped_queue_full,,,
2799,0,1,11.6625,11.662536733987508,dropped_queue_full,,,
2800,1,0,11.666666666666666,11.666739817999769,completed,11.721853761002421,55.187094335755305,34.108577728271484
2801,2,0,11.670833333333333,11.671439136000117,completed,11.730485528998543,59.65219566521007,34.180641174316406
2802,3,0,11.675,11.676085612998577,completed,11.742752813996049,67.75281399604793,34.175167083740234
2803,0,0,11.679166666666667,11.680688638007268,completed,11.747733955999138,68.5672893324707,34.21750259399414
2804,1,1,11.683333333333334,11.685303394013317,dropped_queue_full,,,
2805,2,1,11.6875,11.687533340998925,dropped_queue_full,,,
2806,3,1,11.691666666666666,11.691742227005307,dropped_queue_full,,,
2807,0,1,11.695833333333333,11.695951363013592,dropped_queue_full,,,
2808,1,0,11.7,11.7000026589958,completed,11.756164872989757,56.1648729897577,34.25056076049805
2809,2,0,11.704166666666666,11.704650850006146,completed,11.767248309013667,63.081642347000866,34.25584030151367
2810,3,0,11.708333333333334,11.709249526000349,completed,11.776560900005279,68.22756667194518,34.297760009765625
2811,0,0,11.7125,11.71407574499608,completed,11.782123668002896,69.62366800289566,34.16889572143555
2812,1,1,11.716666666666667,11.718703626014758,dropped_queue_full,,,
2813,2,1,11.720833333333333,11.720900279004127,dropped_queue_full,,,
2814,3,1,11.725,11.725110467988998,dropped_queue_full,,,
2815,0,1,11.729166666666666,11.729212481004652,dropped_queue_full,,,
2816,1,0,11.733333333333333,11.733478044014191,completed,11.79058533301577,57.251999682437216,34.12963104248047
2817,2,0,11.7375,11.738115754007595,completed,11.800661335000768,63.16133500076759,34.08524703979492
2818,3,0,11.741666666666667,11.742745099007152,completed,11.81024536199402,68.5786953273535,34.13865661621094
2819,0,0,11.745833333333334,11.74740044301143,dropped_queue_full,,,
2820,1,1,11.75,11.750056558987126,dropped_queue_full,,,
2821,2,1,11.754166666666666,11.754265263996786,dropped_queue_full,,,
2822,3,1,11.758333333333333,11.758478648989694,dropped_queue_full,,,
2823,0,1,11.7625,11.762583306001034,completed,11.816393281013006,53.893281013007055,34.0805778503418
2824,1,0,11.766666666666666,11.76724108500639,completed,11.824799210997298,58.13254433063264,34.085567474365234
2825,2,0,11.770833333333334,11.771907871006988,completed,11.833896753989393,63.063420656058966,34.031105041503906
2826,3,0,11.775,11.77655298501486,completed,11.843211920000613,68.21192000061238,34.02403259277344
2827,0,0,11.779166666666667,11.781197689007968,dropped_queue_full,,,
2828,1,1,11.783333333333333,11.783390294003766,dropped_queue_full,,,
2829,2,1,11.7875,11.787581086013233,dropped_queue_full,,,
2830,3,1,11.791666666666666,11.791692897008033,dropped_queue_full,,,
2831,0,1,11.795833333333333,11.795902293990366,completed,11.85058901499724,54.75568166390765,34.09196853637695
2832,1,0,11.8,11.800654512015171,completed,11.858907396992436,58.90739699243497,34.01017761230469
2833,2,0,11.804166666666667,11.805626417015446,completed,11.867608947999543,63.44228133287544,34.07814407348633
2834,3,0,11.808333333333334,11.810237497003982,completed,11.876916069013532,68.58273568019868,34.19343948364258
2835,0,0,11.8125,11.815111776988488,dropped_queue_full,,,
2836,1,1,11.816666666666666,11.81671416098834,dropped_queue_full,,,
2837,2,1,11.820833333333333,11.820897488010814,dropped_queue_full,,,
2838,3,1,11.825,11.825118056003703,dropped_queue_full,,,
2839,0,1,11.829166666666666,11.829212774988264,completed,11.88469983599498,55.53316932831365,34.07628631591797
2840,1,0,11.833333333333334,11.833889550005551,completed,11.8931162749941,59.78294166076559,34.07449722290039
2841,2,0,11.8375,11.838530445995275,completed,11.905287778005004,67.78777800500357,34.02479934692383
2842,3,0,11.841666666666667,11.843204475997481,completed,11.910222052014433,68.55538534776606,33.970848083496094
2843,0,0,11.845833333333333,11.847924392990535,dropped_queue_full,,,
2844,1,1,11.85,11.850108011014527,dropped_queue_full,,,
2845,2,1,11.854166666666666,11.854213148995768,dropped_queue_full,,,
2846,3,1,11.858333333333333,11.858424048987217,dropped_queue_full,,,
2847,0,1,11.8625,11.862527894991217,completed,11.919006178999553,56.50617899955179,34.044063568115234
2848,1,0,11.866666666666667,11.867601364006987,completed,11.927326675999211,60.66000933254401,34.048255920410156
2849,2,0,11.870833333333334,11.872269923012936,completed,11.938569565012585,67.7362316792518,34.15180969238281
2850,3,0,11.875,11.876908264006488,completed,11.944329035992268,69.32903599226847,34.17436981201172
2851,0,0,11.879166666666666,11.881549201003509,dropped_queue_full,,,
2852,1,1,11.883333333333333,11.883429553010501,dropped_queue_full,,,
2853,2,1,11.8875,11.887641895009438,dropped_queue_full,,,
2854,3,1,11.891666666666666,11.891737536003347,dropped_queue_full,,,
2855,0,1,11.895833333333334,11.895950950012775,completed,11.953273638995597,57.44030566226321,34.11676788330078
2856,1,0,11.9,11.900642121996498,completed,11.96306759500294,63.06759500293957,34.07465744018555
2857,2,0,11.904166666666667,11.905280464008683,completed,11.972279425011948,68.11275834528097,34.03763198852539
2858,3,0,11.908333333333333,11.91021410698886,completed,11.978561930009164,70.2285966758307,34.10297775268555
2859,0,0,11.9125,11.91508509000414,dropped_queue_full,,,
2860,1,1,11.916666666666666,11.916793286014581,dropped_queue_full,,,
2861,2,1,11.920833333333333,11.920898264012067,dropped_queue_full,,,
2862,3,1,11.925,11.925107510003727,dropped_queue_full,,,
2863,0,1,11.929166666666667,11.929220855003223,completed,11.987435337010538,58.268670343871065,34.075199127197266
2864,1,0,11.933333333333334,11.933904942998197,completed,11.996427158999722,63.09382566638888,34.06131362915039
2865,2,0,11.9375,11.9385625210125,completed,12.005642867006827,68.14286700682715,34.022560119628906
2866,3,0,11.941666666666666,11.943675835995236,dropped_queue_full,,,
2867,0,0,11.945833333333333,11.945911051996518,dropped_queue_full,,,
2868,1,1,11.95,11.95010840598843,dropped_queue_full,,,
2869,2,1,11.954166666666666,11.954223923996324,dropped_queue_full,,,
2870,3,1,11.958333333333334,11.958426839002641,completed,12.012644328002352,54.31099466901834,33.95430374145508
2871,0,1,11.9625,11.96306127301068,completed,12.02153810398886,59.03810398885945,34.02284622192383
2872,1,0,11.966666666666667,11.96764814699418,completed,12.0344041660137,67.7374993470341,34.03830337524414
2873,2,0,11.970833333333333,11.972272371000145,completed,12.038994055998046,68.16072266471274,34.03238296508789
2874,3,0,11.975,11.976909090008121,dropped_queue_full,,,
2875,0,0,11.979166666666666,11.979238686006283,dropped_queue_full,,,
2876,1,1,11.983333333333333,11.983375164010795,dropped_queue_full,,,
2877,2,1,11.9875,11.987598256993806,dropped_queue_full,,,
2878,3,1,11.991666666666667,11.991689187998418,completed,12.04690480401041,55.23813734374272,34.11471939086914
2879,0,1,11.995833333333334,11.99642068700632,completed,12.055592046992388,59.75871365905405,33.92825698852539
2880,1,0,12.0,12.00103045499418,completed,12.067735296994215,67.73529699421488,33.876129150390625
2881,2,0,12.004166666666666,12.005635732988594,completed,12.072656264994293,68.48959832762702,34.007423400878906
2882,3,0,12.008333333333333,12.011082040000474,dropped_queue_full,,,
2883,0,0,12.0125,12.012639638996916,dropped_queue_full,,,
2884,1,1,12.016666666666666,12.016770276008174,dropped_queue_full,,,
2885,2,1,12.020833333333334,12.020896675006952,dropped_queue_full,,,
2886,3,1,12.025,12.025108146015555,completed,12.080957444995875,55.957444995874184,33.99251174926758
2887,0,1,12.029166666666667,12.029802233009832,completed,12.092597498005489,63.4308313388221,33.973697662353516
2888,1,0,12.033333333333333,12.034397693991195,completed,12.10187288900488,68.53955567154735,34.06294250488281
2889,2,0,12.0375,12.03898693199153,completed,12.106744073011214,69.24407301121427,34.04326248168945
2890,3,0,12.041666666666666,12.04359777100035,dropped_queue_full,,,
2891,0,0,12.045833333333333,12.045950391009683,dropped_queue_full,,,
2892,1,1,12.05,12.050056722015142,dropped_queue_full,,,
2893,2,1,12.054166666666667,12.054320021008607,dropped_queue_full,,,
2894,3,1,12.058333333333334,12.05842377699446,completed,12.11527425798704,56.94092465370559,34.134273529052734
2895,0,1,12.0625,12.063131439994322,completed,12.125473413994769,62.973413994768634,34.096927642822266
2896,1,0,12.066666666666666,12.067729064991,completed,12.134604460996343,67.9377943296764,34.056480407714844
2897,2,0,12.070833333333333,12.072322029998759,dropped_queue_full,,,
2898,3,0,12.075,12.075027189013781,dropped_queue_full,,,
2899,0,0,12.079166666666666,12.079214975005016,dropped_queue_full,,,
2900,1,1,12.083333333333334,12.083477642998332,dropped_queue_full,,,
2901,2,1,12.0875,12.08758133900119,completed,12.140912945003947,53.41294500394689,34.0162239074707
2902,3,1,12.091666666666667,12.09259182799724,completed,12.149380029994063,57.713363327396294,34.04844665527344
2903,0,1,12.095833333333333,12.097213386994554,completed,12.158797490992583,62.96415765925012,34.06195068359375
2904,1,0,12.1,12.101866446988424,completed,12.168389163009124,68.38916300912423,34.0283203125
2905,2,0,12.104166666666666,12.106497975997627,dropped_queue_full,,,
2906,3,0,12.108333333333333,12.10848153400002,dropped_queue_full,,,
2907,0,0,12.1125,12.112584157992387,dropped_queue_full,,,
2908,1,1,12.116666666666667,12.11669824301498,dropped_queue_full,,,
2909,2,1,12.120833333333334,12.120853747997899,completed,12.175185675005196,54.35234167186209,34.04851150512695
2910,3,1,12.125,12.125468123995233,completed,12.183647981000831,58.64798100083135,34.04982376098633
2911,0,1,12.129166666666666,12.130036623013439,completed,12.19684583300841,67.67916634174398,34.03120040893555
2912,1,0,12.133333333333333,12.134598169010133,completed,12.20144838700071,68.11505366737691,33.97343826293945
2913,2,0,12.1375,12.139170725014992,dropped_queue_full,,,
2914,3,0,12.141666666666666,12.141708415991161,dropped_queue_full,,,
2915,0,0,12.145833333333334,12.145899678987917,dropped_queue_full,,,
2916,1,1,12.15,12.150013063015649,dropped_queue_full,,,
2917,2,1,12.154166666666667,12.154212500987342,completed,12.209380095009692,55.21342834302523,34.06230545043945
2918,3,1,12.158333333333333,12.158792280999478,completed,12.217695561994333,59.362228660999605,34.03750228881836
2919,0,1,12.1625,12.163355861004675,completed,12.230182684987085,67.6826849870853,34.108863830566406
2920,1,0,12.166666666666666,12.168382620991906,completed,12.234952114988118,68.28544832145234,34.12015914916992
2921,2,0,12.170833333333333,12.172954034991562,dropped_queue_full,,,
2922,3,0,12.175,12.175019388989313,dropped_queue_full,,,
2923,0,0,12.179166666666667,12.179264162987238,dropped_queue_full,,,
2924,1,1,12.183333333333334,12.183478327991907,dropped_queue_full,,,
2925,2,1,12.1875,12.187585762003437,completed,12.243587750999723,56.08775099972263,34.1077766418457
2926,3,1,12.191666666666666,12.192215437011328,completed,12.251958101987839,60.291435321172315,34.04079818725586
2927,0,1,12.195833333333333,12.196840502991108,completed,12.26335329998983,67.51996665649784,33.985984802246094
2928,1,0,12.2,12.201442035002401,completed,12.269058317993768,69.05831799376827,33.920799255371094
2929,2,0,12.204166666666666,12.206015914009186,dropped_queue_full,,,
2930,3,0,12.208333333333334,12.20842496099067,dropped_queue_full,,,
2931,0,0,12.2125,12.212529648008058,dropped_queue_full,,,
2932,1,1,12.216666666666667,12.216739686002256,dropped_queue_full,,,
2933,2,1,12.220833333333333,12.220857929991325,completed,12.277590798010351,56.75746467701792,33.93257522583008
2934,3,1,12.225,12.22559201400145,completed,12.288076147000538,63.07614700053854,33.959327697753906
2935,0,1,12.229166666666666,12.230177335004555,completed,12.29722631999175,68.05965332508457,33.970848083496094
2936,1,0,12.233333333333333,12.234942376991967,completed,12.303115518006962,69.78218467362929,33.94704055786133
2937,2,0,12.2375,12.239815765002277,dropped_queue_full,,,
2938,3,0,12.241666666666667,12.24172286799876,dropped_queue_full,,,
2939,0,0,12.245833333333334,12.245950770011405,dropped_queue_full,,,
2940,1,1,12.25,12.25005577801494,dropped_queue_full,,,
2941,2,1,12.254166666666666,12.254167879989836,completed,12.311750622990075,57.58395632340907,33.9450569152832
2942,3,1,12.258333333333333,12.258768460014835,completed,12.321471950999694,63.138617666361085,34.01148986816406
2943,0,1,12.2625,12.263347920001252,completed,12.330884411989246,68.38441198924627,33.991390228271484
2944,1,0,12.266666666666666,12.267935165000381,dropped_queue_full,,,
2945,2,0,12.270833333333334,12.270951395010343,dropped_queue_full,,,
2946,3,0,12.275,12.275059178005904,dropped_queue_full,,,
2947,0,0,12.279166666666667,12.279168976005167,dropped_queue_full,,,
2948,1,1,12.283333333333333,12.283478283003205,completed,12.337211932986975,53.8785996536415,34.02665710449219
2949,2,1,12.2875,12.288068483001553,completed,12.345800418988802,58.300418988801894,34.058143615722656
2950,3,1,12.291666666666666,12.292646960995626,completed,12.354661132005276,62.994465338610084,34.159263610839844
2951,0,1,12.295833333333333,12.297221190994605,completed,12.363874344009673,68.04101067634072,34.03532791137695
2952,1,0,12.3,12.301830437005265,dropped_queue_full,,,
2953,2,0,12.304166666666667,12.304226208012551,dropped_queue_full,,,
2954,3,0,12.308333333333334,12.308424112998182,dropped_queue_full,,,
2955,0,0,12.3125,12.312544040003559,dropped_queue_full,,,
2956,1,1,12.316666666666666,12.31674040199141,completed,12.371482337999623,54.81567133295684,34.049983978271484
2957,2,1,12.320833333333333,12.321464395994553,completed,12.380012112000259,59.17877866692578,34.07497787475586
2958,3,1,12.325,12.32628083601594,completed,12.393106217001332,68.10621700133268,34.06092834472656
2959,0,1,12.329166666666666,12.330879221990472,completed,12.397710974997608,68.54430833094227,34.150657653808594
2960,1,0,12.333333333333334,12.335458782006754,dropped_queue_full,,,
2961,2,0,12.3375,12.33753363401047,dropped_queue_full,,,
2962,3,0,12.341666666666667,12.341740845993627,dropped_queue_full,,,
2963,0,0,12.345833333333333,12.345961284008808,dropped_queue_full,,,
2964,1,1,12.35,12.350053467991529,completed,12.405797346989857,55.79734698985739,34.206302642822266
2965,2,1,12.354166666666666,12.35465333700995,completed,12.414380542992149,60.213876325482474,34.20934295654297
2966,3,1,12.358333333333333,12.359265929990215,completed,12.426183825999033,67.8504926657002,34.14934539794922
2967,0,1,12.3625,12.363869024004089,completed,12.431586049002362,69.0860490023617,34.103233337402344
2968,1,0,12.366666666666667,12.368486716994084,dropped_queue_full,,,
2969,2,0,12.370833333333334,12.370867890014779,dropped_queue_full,,,
2970,3,0,12.375,12.375107945001218,dropped_queue_full,,,
2971,0,0,12.379166666666666,12.37921393601573,dropped_queue_full,,,
2972,1,1,12.383333333333333,12.383477975992719,completed,12.439957852999214,56.62451966588122,34.05286407470703
2973,2,1,12.3875,12.388089868007228,completed,12.45056698800181,63.0669880018111,34.0467529296875
2974,3,1,12.391666666666666,12.393098453001585,completed,12.459797373012407,68.13070634574103,34.17638397216797
2975,0,1,12.395833333333334,12.39770561500336,completed,12.465862626006128,70.02929267279434,34.03740692138672
2976,1,0,12.4,12.402338476007571,dropped_queue_full,,,
2977,2,0,12.404166666666667,12.404245949990582,dropped_queue_full,,,
2978,3,0,12.408333333333333,12.408428274997277,dropped_queue_full,,,
2979,0,0,12.4125,12.412637631990947,dropped_queue_full,,,
2980,1,1,12.416666666666666,12.416737982013728,completed,12.474218599993037,57.551933326370985,33.990623474121094
2981,2,1,12.420833333333333,12.421369320014492,completed,12.484102176007582,63.26884267424937,33.98070526123047
2982,3,1,12.425,12.426175961008994,completed,12.493302413990023,68.3024139900219,33.86003112792969
2983,0,1,12.429166666666667,12.430778144014766,dropped_queue_full,,,
2984,1,0,12.433333333333334,12.433478293998633,dropped_queue_full,,,
2985,2,0,12.4375,12.437582360988017,dropped_queue_full,,,
2986,3,0,12.441666666666666,12.441696066001896,dropped_queue_full,,,
2987,0,0,12.445833333333333,12.445899211015785,completed,12.499957157007884,54.123823674551375,33.9167366027832
2988,1,1,12.45,12.450559865013929,completed,12.508278294990305,58.27829499030557,33.91136169433594
2989,2,1,12.454166666666666,12.455165765015408,completed,12.517228197015356,63.06153034869055,33.947872161865234
2990,3,1,12.458333333333334,12.459789809014183,completed,12.526388750004116,68.05541667078252,34.09619140625
2991,0,1,12.4625,12.464424865000183,dropped_queue_full,,,
2992,1,0,12.466666666666667,12.466793934989255,dropped_queue_full,,,
2993,2,0,12.470833333333333,12.470899654988898,dropped_queue_full,,,
2994,3,0,12.475,12.475011445989367,dropped_queue_full,,,
2995,0,0,12.479166666666666,12.479216044011991,completed,12.534020649007289,54.853982340622665,33.98031997680664
2996,1,1,12.483333333333333,12.484095073014032,completed,12.54243273899192,59.0994056585874,34.067359924316406
2997,2,1,12.4875,12.488687908014981,completed,12.555061651015421,67.56165101542067,34.10572814941406
2998,3,1,12.491666666666667,12.493294820014853,completed,12.560093509993749,68.4268433270816,33.98223876953125
2999,0,1,12.495833333333334,12.4979018419981,dropped_queue_full,,,
3000,1,0,12.5,12.500120015989523,dropped_queue_full,,,
3001,2,0,12.504166666666666,12.504212841013214,dropped_queue_full,,,
3002,3,0,12.508333333333333,12.508440131990938,dropped_queue_full,,,
3003,0,0,12.5125,12.512635743012652,completed,12.568170414015185,55.6704140151858,34.08678436279297
3004,1,1,12.516666666666666,12.517220954003278,completed,12.576641958003165,59.97529133649948,34.164894104003906
3005,2,1,12.520833333333334,12.521803048002766,completed,12.588366521988064,67.53318865473013,34.15427017211914
3006,3,1,12.525,12.526381256000604,completed,12.593762962991605,68.76296299160423,34.32195281982422
3007,0,1,12.529166666666667,12.531199018005282,dropped_queue_full,,,
3008,1,0,12.533333333333333,12.533382707013516,dropped_queue_full,,,
3009,2,0,12.5375,12.537583536992315,dropped_queue_full,,,
3010,3,0,12.541666666666666,12.541793264012085,dropped_queue_full,,,
3011,0,0,12.545833333333333,12.545897370990133,completed,12.602586997003527,56.753663670194854,34.201473236083984
3012,1,1,12.55,12.550494333991082,completed,12.613066746009281,63.066746009280195,34.10319900512695
3013,2,1,12.554166666666667,12.55505448699114,completed,12.622292421991006,68.1257553243384,34.13075256347656
3014,3,1,12.558333333333334,12.560086136014434,completed,12.627972321992274,69.6389886589408,34.08806228637695
3015,0,1,12.5625,12.564674722991185,dropped_queue_full,,,
3016,1,0,12.566666666666666,12.566744254989317,dropped_queue_full,,,
3017,2,0,12.570833333333333,12.570950324996375,dropped_queue_full,,,
3018,3,0,12.575,12.575054873013869,dropped_queue_full,,,
3019,0,0,12.579166666666666,12.579170962999342,completed,12.636800364009105,57.63369734243895,34.10300827026367
3020,1,1,12.583333333333334,12.583800337015418,completed,12.646436490002088,63.10315666875432,34.14883041381836
3021,2,1,12.5875,12.588359518005745,completed,12.6555662539904,68.06625399040023,34.20182418823242
3022,3,1,12.591666666666667,12.59295507898787,dropped_queue_full,,,
3023,0,1,12.595833333333333,12.595950168994023,dropped_queue_full,,,
3024,1,0,12.6,12.600051629997324,dropped_queue_full,,,
3025,2,0,12.604166666666666,12.604167879995657,dropped_queue_full,,,
3026,3,0,12.608333333333333,12.608428414008813,completed,12.662232116999803,53.89878366647061,34.119361877441406
3027,0,0,12.6125,12.613060344010592,completed,12.671222417004174,58.72241700417291,34.197120666503906
3028,1,1,12.616666666666667,12.617649761989014,completed,12.679724718997022,63.058052330355,34.13296127319336
3029,2,1,12.620833333333334,12.62228553899331,completed,12.688910950004356,68.07761667102241,34.099647521972656
3030,3,1,12.625,12.627322328014998,dropped_queue_full,,,
3031,0,1,12.629166666666666,12.629323349014157,dropped_queue_full,,,
3032,1,0,12.633333333333333,12.633477300987579,dropped_queue_full,,,
3033,2,0,12.6375,12.63759339999524,dropped_queue_full,,,
3034,3,0,12.641666666666666,12.641794450988527,completed,12.696497703000205,54.83103633353892,34.16543960571289
3035,0,0,12.645833333333334,12.646430157998111,completed,12.705485176993534,59.65184366020004,34.12364959716797
3036,1,1,12.65,12.650995850999607,completed,12.717714358994272,67.71435899427125,34.118465423583984
3037,2,1,12.654166666666667,12.65555915000732,completed,12.722443542996189,68.27687632952184,34.108158111572266
3038,3,1,12.658333333333333,12.660177754005417,dropped_queue_full,,,
3039,0,1,12.6625,12.662555462011369,dropped_queue_full,,,
3040,1,0,12.666666666666666,12.666791930008912,dropped_queue_full,,,
3041,2,0,12.670833333333333,12.670896938012447,dropped_queue_full,,,
3042,3,0,12.675,12.675109942007111,completed,12.73084880100214,55.848801002138515,34.14851379394531
3043,0,0,12.679166666666667,12.679717936000088,completed,12.742188292992068,63.021626325401314,34.27446365356445
3044,1,1,12.683333333333334,12.68430875701597,completed,12.751483171014115,68.14983768078164,34.36265563964844
3045,2,1,12.6875,12.6889039069938,completed,12.756927895010449,69.42789501044899,34.41289520263672
3046,3,1,12.691666666666666,12.693508194002789,dropped_queue_full,,,
3047,0,1,12.695833333333333,12.695885980996536,dropped_queue_full,,,
3048,1,0,12.7,12.700108141987585,dropped_queue_full,,,
3049,2,0,12.704166666666666,12.704217077989597,dropped_queue_full,,,
3050,3,0,12.708333333333334,12.708444227988366,completed,12.76527462201193,56.941288678595825,34.386592864990234
3051,0,0,12.7125,12.713149637012975,completed,12.776047296996694,63.5472969966937,34.193824768066406
3052,1,1,12.716666666666667,12.717707787000109,completed,12.785227737011155,68.56107034448833,34.08329772949219
3053,2,1,12.720833333333333,12.722268490993883,dropped_queue_full,,,
3054,3,1,12.725,12.725108385988278,dropped_queue_full,,,
3055,0,1,12.729166666666666,12.729211189987836,dropped_queue_full,,,
3056,1,0,12.733333333333333,12.733401491015684,dropped_queue_full,,,
3057,2,0,12.7375,12.73758174199611,completed,12.791118046996417,53.61804699641581,34.03228759765625
3058,3,0,12.741666666666667,12.742183002992533,completed,12.799595723015955,57.92905634928758,34.13804626464844
3059,0,0,12.745833333333334,12.746810223994544,completed,12.808936046989402,63.10271365606823,34.1157112121582
3060,1,1,12.75,12.751476548990468,completed,12.818357554991962,68.35755499196239,34.16902542114258
3061,2,1,12.754166666666666,12.756118927994976,dropped_queue_full,,,
3062,3,1,12.758333333333333,12.758480974996928,dropped_queue_full,,,
3063,0,1,12.7625,12.762580073002027,dropped_queue_full,,,
3064,1,0,12.766666666666666,12.766697414015653,dropped_queue_full,,,
3065,2,0,12.770833333333334,12.770951907004928,completed,12.825433677993715,54.600344660380884,34.22751998901367
3066,3,0,12.775,12.77604148600949,completed,12.834021593007492,59.021593007491546,34.32118225097656
3067,0,0,12.779166666666667,12.780641184013803,completed,12.8469422890048,67.77562233813406,34.28339385986328
3068,1,1,12.783333333333333,12.785221055004513,completed,12.851906850002706,68.57351666937284,34.50012969970703
3069,2,1,12.7875,12.789845099003287,dropped_queue_full,,,
3070,3,1,12.791666666666666,12.791755859012483,dropped_queue_full,,,
3071,0,1,12.795833333333333,12.795954064989928,dropped_queue_full,,,
3072,1,0,12.8,12.800071395991836,dropped_queue_full,,,
3073,2,0,12.804166666666667,12.804266185004963,completed,12.8601707899943,56.00412332763227,34.518592834472656
3074,3,0,12.808333333333334,12.808930575993145,completed,12.868485454993788,60.15212166045458,34.41088104248047
3075,0,0,12.8125,12.813788475003093,completed,12.880113135004649,67.61313500464894,34.260414123535156
3076,1,1,12.816666666666666,12.8183509829978,completed,12.885882636008319,69.21596934165208,34.25584030151367
3077,2,1,12.820833333333333,12.822935742995469,dropped_queue_full,,,
3078,3,1,12.825,12.82510916198953,dropped_queue_full,,,
3079,0,1,12.829166666666666,12.82921409001574,dropped_queue_full,,,
3080,1,0,12.833333333333334,12.833535289013525,dropped_queue_full,,,
3081,2,0,12.8375,12.837635689007584,completed,12.894486531004077,56.98653100407647,34.204158782958984
3082,3,0,12.841666666666667,12.842309528001351,completed,12.90473504998954,63.068383322873345,34.162017822265625
3083,0,0,12.845833333333333,12.846937099006027,completed,12.914234116004081,68.40078267074823,34.17536163330078
3084,1,1,12.85,12.851900167996064,completed,12.91992621999816,69.92621999816073,33.96598434448242
3085,2,1,12.854166666666666,12.856558416999178,dropped_queue_full,,,
3086,3,1,12.858333333333333,12.85842918101116,dropped_queue_full,,,
3087,0,1,12.862499999999999,12.862635461991886,dropped_queue_full,,,
3088,1,0,12.866666666666667,12.866740280005615,dropped_queue_full,,,
3089,2,0,12.870833333333334,12.870851721003419,completed,12.928591972013237,57.758638679903385,33.989471435546875
3090,3,0,12.875,12.875475985987578,completed,12.938244199001929,63.24419900192879,34.0173454284668
3091,0,0,12.879166666666666,12.880107834993396,completed,12.947486596996896,68.31993033022954,34.02640151977539
3092,1,1,12.883333333333333,12.88475987300626,dropped_queue_full,,,
3093,2,1,12.8875,12.887582074006787,dropped_queue_full,,,
3094,3,1,12.891666666666666,12.891792943992186,dropped_queue_full,,,
3095,0,1,12.895833333333334,12.895909673999995,dropped_queue_full,,,
3096,1,0,12.9,12.90010987399728,completed,12.954269392997958,54.26939299795741,34.132320404052734
3097,2,0,12.904166666666667,12.904727335990174,completed,12.96290725300787,58.74058634120338,34.1569938659668
3098,3,0,12.908333333333333,12.909396956994897,completed,12.971383786003571,63.05045267023779,34.196990966796875
3099,0,0,12.9125,12.914228845998878,completed,12.980569064995507,68.06906499550713,34.14019012451172
3100,1,1,12.916666666666666,12.919277476990828,dropped_queue_full,,,
3101,2,1,12.920833333333333,12.920883587998105,dropped_queue_full,,,
3102,3,1,12.924999999999999,12.925107182003558,dropped_queue_full,,,
3103,0,1,12.929166666666667,12.92922567599453,dropped_queue_full,,,
3104,1,0,12.933333333333334,12.933426427014638,completed,12.98848237900529,55.149045671957,33.996097564697266
3105,2,0,12.9375,12.938236844987841,completed,12.997016039997106,59.51603999710642,34.0175666809082
3106,3,0,12.941666666666666,12.94285106100142,completed,13.009464089001995,67.79742233532815,34.02444839477539
3107,0,0,12.945833333333333,12.947481496987166,completed,13.01497076000669,69.13742667335754,34.022945404052734
3108,1,1,12.95,12.952051189000485,dropped_queue_full,,,
3109,2,1,12.954166666666666,12.95426573601435,dropped_queue_full,,,
3110,3,1,12.958333333333334,12.958477526990464,dropped_queue_full,,,
3111,0,1,12.9625,12.96258123300504,dropped_queue_full,,,
3112,1,0,12.966666666666667,12.96669385599671,completed,13.02258507499937,55.918408332702896,34.00137710571289
3113,2,0,12.970833333333333,12.971376050991239,completed,13.031117423990509,60.28409065717533,33.99055862426758
3114,3,0,12.975,12.975958486000309,completed,13.042903986002784,67.90398600278458,33.94416046142578
3115,0,0,12.979166666666666,12.980563655000878,completed,13.048153689014725,68.98702234805931,33.91411209106445
3116,1,1,12.983333333333333,12.985144456994021,dropped_queue_full,,,
3117,2,1,12.987499999999999,12.987530831014737,dropped_queue_full,,,
3118,3,1,12.991666666666667,12.991794441011734,dropped_queue_full,,,
3119,0,1,12.995833333333334,12.995899269008078,dropped_queue_full,,,
3120,1,0,13.0,13.00010895601008,completed,13.056645239994396,56.645239994395524,33.87276840209961
3121,2,0,13.004166666666666,13.004756365000503,completed,13.067560155992396,63.393489325729746,33.874881744384766
3122,3,0,13.008333333333333,13.009456403990043,completed,13.07674592701369,68.41259368035679,33.961856842041016
3123,0,0,13.0125,13.014965429989388,completed,13.082412741990993,69.91274199099351,34.04246520996094
3124,1,1,13.016666666666666,13.019568894989789,dropped_queue_full,,,
3125,2,1,13.020833333333334,13.020844918995863,dropped_queue_full,,,
3126,3,1,13.025,13.02511041201069,dropped_queue_full,,,
3127,0,1,13.029166666666667,13.029211423010565,dropped_queue_full,,,
3128,1,0,13.033333333333333,13.03347893001046,completed,13.090749138995307,57.41580566197335,33.96793746948242
3129,2,0,13.0375,13.038293727004202,completed,13.100840008992236,63.34000899223646,33.99628829956055
3130,3,0,13.041666666666666,13.0428963410086,completed,13.110070204013027,68.40353734636118,34.048030853271484
3131,0,0,13.045833333333333,13.047504555986961,dropped_queue_full,,,
3132,1,1,13.049999999999999,13.05005574200186,dropped_queue_full,,,
3133,2,1,13.054166666666667,13.054268055013381,dropped_queue_full,,,
3134,3,1,13.058333333333334,13.058384845004184,dropped_queue_full,,,
3135,0,1,13.0625,13.062582048994955,completed,13.116560633992776,54.060633992776275,34.0096321105957
3136,1,0,13.066666666666666,13.067553453001892,completed,13.124905998003669,58.23933133700265,34.097023010253906
3137,2,0,13.070833333333333,13.072177157009719,completed,13.13402456100448,63.19122767114749,34.03724670410156
3138,3,0,13.075,13.07673858301132,completed,13.143640238995431,68.6402389954317,34.034847259521484
3139,0,0,13.079166666666666,13.081289197987644,dropped_queue_full,,,
3140,1,1,13.083333333333334,13.083478657004889,dropped_queue_full,,,
3141,2,1,13.0875,13.08758066999144,dropped_queue_full,,,
3142,3,1,13.091666666666667,13.091699123993749,dropped_queue_full,,,
3143,0,1,13.095833333333333,13.095953676005593,completed,13.150592997000786,54.75966366745233,34.015743255615234
3144,1,0,13.1,13.100832916010404,completed,13.158958339015953,58.9583390159536,33.914302825927734
3145,2,0,13.104166666666666,13.105431581992889,completed,13.171824441000354,67.65777433368747,33.94646453857422
3146,3,0,13.108333333333333,13.110062358988216,completed,13.176469094993081,68.13576165974844,34.00703811645508
3147,0,0,13.112499999999999,13.11527740699239,dropped_queue_full,,,
3148,1,1,13.116666666666667,13.116724154999247,dropped_queue_full,,,
3149,2,1,13.120833333333334,13.120951416000025,dropped_queue_full,,,
3150,3,1,13.125,13.125067254994065,dropped_queue_full,,,
3151,0,1,13.129166666666666,13.12926844600588,completed,13.18479868900613,55.63202233946285,34.00249481201172
3152,1,0,13.133333333333333,13.134017077012686,completed,13.193169281003065,59.83594766973255,34.006431579589844
3153,2,0,13.1375,13.138870136986952,completed,13.20555276601226,68.0527660122614,34.048126220703125
3154,3,0,13.141666666666666,13.14363219300867,completed,13.210236454004189,68.56978733752328,34.05331039428711
3155,0,0,13.145833333333334,13.148232984007336,dropped_queue_full,,,
3156,1,1,13.15,13.150112174014794,dropped_queue_full,,,
3157,2,1,13.154166666666667,13.154212683992228,dropped_queue_full,,,
3158,3,1,13.158333333333333,13.158475923002698,dropped_queue_full,,,
3159,0,1,13.1625,13.162580289994366,completed,13.219061318988679,56.56131898867933,34.06880187988281
3160,1,0,13.166666666666666,13.167191309999907,completed,13.227434797008755,60.76813034208861,34.0645751953125
3161,2,0,13.170833333333333,13.17181695700856,completed,13.238457727013156,67.62439367982331,34.00044631958008
3162,3,0,13.174999999999999,13.176461140013998,completed,13.244441304996144,69.44130499614509,34.14265441894531
3163,0,0,13.179166666666667,13.181202658015536,dropped_queue_full,,,
3164,1,1,13.183333333333334,13.183387899014633,dropped_queue_full,,,
3165,2,1,13.1875,13.187636160000693,dropped_queue_full,,,
3166,3,1,13.191666666666666,13.191740195994498,dropped_queue_full,,,
3167,0,1,13.195833333333333,13.195844914007466,completed,13.253217407007469,57.384073674136005,34.07244873046875
3168,1,0,13.2,13.200932528998237,completed,13.2631556270062,63.15562700619992,34.09075164794922
3169,2,0,13.204166666666666,13.205545703007374,completed,13.273103415005608,68.93674833894181,34.11734390258789
3170,3,0,13.208333333333334,13.210228398995241,completed,13.278745182993589,70.41184966025504,34.19705581665039
3171,0,0,13.2125,13.215136203012662,dropped_queue_full,,,
3172,1,1,13.216666666666667,13.216728107014205,dropped_queue_full,,,
3173,2,1,13.220833333333333,13.220951549999882,dropped_queue_full,,,
3174,3,1,13.225,13.2250562380068,dropped_queue_full,,,
3175,0,1,13.229166666666666,13.229171957005747,completed,13.287377000990091,58.21033432342482,34.107521057128906
3176,1,0,13.233333333333333,13.233832630998222,completed,13.296398539998336,63.06520666500326,34.272254943847656
3177,2,0,13.237499999999999,13.238450403005118,completed,13.305723694997141,68.2236949971422,34.279136657714844
3178,3,0,13.241666666666667,13.243308483011788,dropped_queue_full,,,
3179,0,0,13.245833333333334,13.245864858996356,dropped_queue_full,,,
3180,1,1,13.25,13.250054617994465,dropped_queue_full,,,
3181,2,1,13.254166666666666,13.254166831000475,dropped_queue_full,,,
3182,3,1,13.258333333333333,13.258477630006382,completed,13.31296063400805,54.627300674717105,34.14828872680664
3183,0,1,13.2625,13.263149264996173,completed,13.321595777990296,59.095777990297194,34.0777587890625
3184,1,0,13.266666666666666,13.267922633007402,completed,13.334394142002566,67.72747533590007,34.007808685302734
3185,2,0,13.270833333333334,13.273095881013433,completed,13.339360176003538,68.52684267020415,34.01801681518555
3186,3,0,13.275,13.277777834999142,dropped_queue_full,,,
3187,0,0,13.279166666666667,13.279222400014987,dropped_queue_full,,,
3188,1,1,13.283333333333333,13.283427318005124,dropped_queue_full,,,
3189,2,1,13.2875,13.28753877899726,dropped_queue_full,,,
3190,3,1,13.291666666666666,13.291740120010218,completed,13.347174811991863,55.50814532519688,34.077056884765625
3191,0,1,13.295833333333333,13.296391907002544,completed,13.355854060006095,60.02072667276259,34.1135368347168
3192,1,0,13.299999999999999,13.301019798993366,completed,13.367664477002108,67.66447700210954,34.007102966308594
3193,2,0,13.304166666666667,13.30571638199035,completed,13.37292729501496,68.76062834829355,34.02761459350586
3194,3,0,13.308333333333334,13.31052142000408,dropped_queue_full,,,
3195,0,0,13.3125,13.312636407994432,dropped_queue_full,,,
3196,1,1,13.316666666666666,13.316741716989782,dropped_queue_full,,,
3197,2,1,13.320833333333333,13.320952926995233,dropped_queue_full,,,
3198,3,1,13.325,13.32505571100046,completed,13.38127608501236,56.276085012360255,34.05472183227539
3199,0,1,13.329166666666666,13.329693903011503,completed,13.392254370992305,63.08770432563904,34.001983642578125
3200,1,0,13.333333333333334,13.334376006998355,completed,13.401657044014428,68.32371068109389,33.93881607055664
3201,2,0,13.3375,13.339352671988308,completed,13.40712445101235,69.62445101235026,34.05427169799805
3202,3,0,13.341666666666667,13.344010250002611,dropped_queue_full,,,
3203,0,0,13.345833333333333,13.345904218003852,dropped_queue_full,,,
3204,1,1,13.35,13.35000437698909,dropped_queue_full,,,
3205,2,1,13.354166666666666,13.354266974987695,dropped_queue_full,,,
3206,3,1,13.358333333333333,13.358375629992224,completed,13.415433646005113,57.10031267178017,34.025150299072266
3207,0,1,13.362499999999999,13.36302230801084,completed,13.425543632009067,63.04363200906771,34.096702575683594
3208,1,0,13.366666666666667,13.367657935013995,completed,13.434640604013111,67.9739373464443,34.07353591918945
3209,2,0,13.370833333333334,13.372276729001896,dropped_queue_full,,,
3210,3,0,13.375,13.375108387990622,dropped_queue_full,,,
3211,0,0,13.379166666666666,13.379264965013135,dropped_queue_full,,,
3212,1,1,13.383333333333333,13.383479120995617,dropped_queue_full,,,
3213,2,1,13.3875,13.387579049012857,completed,13.441227547999006,53.727547999006475,34.02656173706055
3214,3,1,13.391666666666666,13.39224908099277,completed,13.44964431700646,57.97765033979374,34.039424896240234
3215,0,1,13.395833333333334,13.396974998991936,completed,13.458868982008426,63.03564867509159,33.9890251159668
3216,1,0,13.4,13.401650691987015,completed,13.468000719993142,68.00071999314206,33.97296142578125
3217,2,0,13.404166666666667,13.40663190500345,dropped_queue_full,,,
3218,3,0,13.408333333333333,13.408392440003809,dropped_queue_full,,,
3219,0,0,13.4125,13.412585034006042,dropped_queue_full,,,
3220,1,1,13.416666666666666,13.416698488988914,dropped_queue_full,,,
3221,2,1,13.420833333333333,13.420897917007096,completed,13.475436164997518,54.60283166418556,34.06304168701172
3222,3,1,13.424999999999999,13.42553845301154,completed,13.483806878008181,58.806878008182295,34.06684875488281
3223,0,1,13.429166666666667,13.430084277992137,completed,13.496818376006559,67.6517093398914,34.001312255859375
3224,1,0,13.433333333333334,13.434634172008373,completed,13.50138355899253,68.05022565919572,34.02598571777344
3225,2,0,13.4375,13.4393039639981,dropped_queue_full,,,
3226,3,0,13.441666666666666,13.441705386008834,dropped_queue_full,,,
3227,0,0,13.445833333333333,13.445898320991546,dropped_queue_full,,,
3228,1,1,13.45,13.450119980989257,dropped_queue_full,,,
3229,2,1,13.454166666666666,13.45421362799243,completed,13.509593405004125,55.42673833745937,34.00406265258789
3230,3,1,13.458333333333334,13.45886364200851,completed,13.517908161011292,59.57482767795774,34.04880142211914
3231,0,1,13.4625,13.463446206995286,completed,13.530306564993225,67.80656499322468,34.07347106933594
3232,1,0,13.466666666666667,13.467994267994072,completed,13.5350918059994,68.42513933273331,33.99052810668945
3233,2,0,13.470833333333333,13.47258157201577,dropped_queue_full,,,
3234,3,0,13.475,13.475110316008795,dropped_queue_full,,,
3235,0,0,13.479166666666666,13.479231936013093,dropped_queue_full,,,
3236,1,1,13.483333333333333,13.483478083013324,dropped_queue_full,,,
3237,2,1,13.487499999999999,13.487583011010429,completed,13.543646708014421,56.14670801442223,33.99903869628906
3238,3,1,13.491666666666667,13.492253984994022,completed,13.555265069997404,63.59840333073663,34.07347106933594
3239,0,1,13.495833333333334,13.496813216013834,completed,13.564463063987205,68.62973065387123,33.94675064086914
3240,1,0,13.5,13.501377056003548,completed,13.569226002000505,69.2260020005051,34.00601577758789
3241,2,0,13.504166666666666,13.505942149000475,dropped_queue_full,,,
3242,3,0,13.508333333333333,13.508478817995638,dropped_queue_full,,,
3243,0,0,13.5125,13.512543529999675,dropped_queue_full,,,
3244,1,1,13.516666666666666,13.516792882001027,dropped_queue_full,,,
3245,2,1,13.520833333333334,13.520895636989735,completed,13.577905000012834,57.0716666794997,34.05820846557617
3246,3,1,13.525,13.525649427989265,completed,13.588034784013871,63.03478401387075,34.013824462890625
3247,0,1,13.529166666666667,13.530301285005407,completed,13.597209513012785,68.04284634611868,34.11167907714844
3248,1,0,13.533333333333333,13.534916953998618,dropped_queue_full,,,
3249,2,0,13.5375,13.537644163996447,dropped_queue_full,,,
3250,3,0,13.541666666666666,13.541741197986994,dropped_queue_full,,,
3251,0,0,13.545833333333333,13.545858510013204,dropped_queue_full,,,
3252,1,1,13.549999999999999,13.550057998014381,completed,13.603535641013877,53.53564101387853,34.0860481262207
3253,2,1,13.554166666666667,13.555257414991502,completed,13.612106173008215,57.93950634154754,34.04073715209961
3254,3,1,13.558333333333334,13.559860620007385,completed,13.621760825015372,63.427491682038095,34.03692626953125
3255,0,1,13.5625,13.564457672997378,completed,13.630968607001705,68.4686070017051,34.08367919921875
3256,1,0,13.566666666666666,13.569050829013577,dropped_queue_full,,,
3257,2,0,13.570833333333333,13.57095042799483,dropped_queue_full,,,
3258,3,0,13.575,13.575055836990941,dropped_queue_full,,,
3259,0,0,13.579166666666666,13.57916957201087,dropped_queue_full,,,
3260,1,1,13.583333333333334,13.583424756012391,completed,13.637753126007738,54.419792674403666,34.06032180786133
3261,2,1,13.5875,13.588027599995257,completed,13.64638402199489,58.88402199489029,34.19046401977539
3262,3,1,13.591666666666667,13.592613843007712,completed,13.654805972008035,63.1393053413678,34.22585678100586
3263,0,1,13.595833333333333,13.597204202989815,completed,13.663997202995233,68.16386966190002,34.20342254638672
3264,1,0,13.6,13.601782470999751,dropped_queue_full,,,
3265,2,0,13.604166666666666,13.604171710001538,dropped_queue_full,,,
3266,3,0,13.608333333333333,13.608370906993514,dropped_queue_full,,,
3267,0,0,13.612499999999999,13.612583500012988,dropped_queue_full,,,
3268,1,1,13.616666666666667,13.616687216010178,completed,13.672111568012042,55.44490134537483,34.195167541503906
3269,2,1,13.620833333333334,13.62174358201446,completed,13.680799763009418,59.96642967608423,34.16716766357422
3270,3,1,13.625,13.626419404987246,completed,13.692788107990054,67.78810799005441,34.1572151184082
3271,0,1,13.629166666666666,13.630963356990833,completed,13.697912172006909,68.74550534024237,34.16070556640625
3272,1,0,13.633333333333333,13.63555886701215,dropped_queue_full,,,
3273,2,0,13.6375,13.637587620993145,dropped_queue_full,,,
3274,3,0,13.641666666666666,13.641724520013668,dropped_queue_full,,,
3275,0,0,13.645833333333334,13.64589896099642,dropped_queue_full,,,
3276,1,1,13.65,13.650107947003562,completed,13.706284618005157,56.28461800515616,34.121952056884766
3277,2,1,13.654166666666667,13.654798236995703,completed,13.717216124990955,63.04945832428821,34.099998474121094
3278,3,1,13.658333333333333,13.659404297010042,completed,13.726418436999666,68.08510366633236,34.136417388916016
3279,0,1,13.6625,13.663991701992927,completed,13.732117804000154,69.61780400015449,34.018367767333984
3280,1,0,13.666666666666666,13.668635654990794,dropped_queue_full,,,
3281,2,0,13.670833333333333,13.670856623997679,dropped_queue_full,,,
3282,3,0,13.674999999999999,13.67510779001168,dropped_queue_full,,,
3283,0,0,13.679166666666667,13.679210834990954,dropped_queue_full,,,
3284,1,1,13.683333333333334,13.68342642299831,completed,13.74043177900603,57.09844567269684,33.98080062866211
3285,2,1,13.6875,13.688161177997245,completed,13.750519722991157,63.01972299115732,34.015296936035156
3286,3,1,13.691666666666666,13.69278054399183,completed,13.759740811015945,68.0741443492785,34.19327926635742
3287,0,1,13.695833333333333,13.697421701013809,dropped_queue_full,,,
3288,1,0,13.7,13.7001084049989,dropped_queue_full,,,
3289,2,0,13.704166666666666,13.704213774006348,dropped_queue_full,,,
3290,3,0,13.708333333333334,13.708378776005702,dropped_queue_full,,,
3291,0,0,13.7125,13.712586609995924,completed,13.76640499100904,53.90499100903945,34.225311279296875
3292,1,1,13.716666666666667,13.717209141992498,completed,13.774905319995014,58.23865332834721,34.2490234375
3293,2,1,13.720833333333333,13.72180482200929,completed,13.783892884006491,63.059550673157716,34.251617431640625
3294,3,1,13.725,13.726410892995773,completed,13.793347113998607,68.34711399860716,34.23673629760742
3295,0,1,13.729166666666666,13.73098913001013,dropped_queue_full,,,
3296,1,0,13.733333333333333,13.733385953004472,dropped_queue_full,,,
3297,2,0,13.737499999999999,13.737583798007108,dropped_queue_full,,,
3298,3,0,13.741666666666667,13.741697101999307,dropped_queue_full,,,
3299,0,0,13.745833333333334,13.745894816995133,completed,13.800748826004565,54.91549267123119,34.13539123535156
3300,1,1,13.75,13.750512750004418,completed,13.809377908997703,59.377908997703344,34.295135498046875
3301,2,1,13.754166666666666,13.755138728010934,completed,13.821775671007344,67.60900434067807,34.304927825927734
3302,3,1,13.758333333333333,13.759733507002238,completed,13.826380439015338,68.04710568200534,34.27446365356445
3303,0,1,13.7625,13.764335068990476,dropped_queue_full,,,
3304,1,0,13.766666666666666,13.766726272006053,dropped_queue_full,,,
3305,2,0,13.770833333333334,13.770952741004294,dropped_queue_full,,,
3306,3,0,13.775,13.77506608501426,dropped_queue_full,,,
3307,0,0,13.779166666666667,13.779197463998571,completed,13.835218458989402,56.051792322735494,34.390079498291016
3308,1,1,13.783333333333333,13.783885690005263,completed,13.843693289003568,60.359955670234555,34.21478271484375
3309,2,1,13.7875,13.78874392900616,completed,13.855075922998367,67.57592299836723,34.212703704833984
3310,3,1,13.791666666666666,13.793339208990801,completed,13.860652998002479,68.98633133581278,34.204734802246094
3311,0,1,13.795833333333333,13.79793460899964,dropped_queue_full,,,
3312,1,0,13.799999999999999,13.800110632990254,dropped_queue_full,,,
3313,2,0,13.804166666666667,13.804211784008658,dropped_queue_full,,,
3314,3,0,13.808333333333334,13.808422814006917,dropped_queue_full,,,
3315,0,0,13.8125,13.812586164014647,completed,13.869589123991318,57.08912399131805,34.164798736572266
3316,1,1,13.816666666666666,13.817196160991443,completed,13.879669994988944,63.00332832227795,34.13228988647461
3317,2,1,13.820833333333333,13.821768658002838,completed,13.888934315007646,68.10098167431278,34.18291091918945
3318,3,1,13.825,13.826372704003006,completed,13.895074049010873,70.07404901087355,34.21158218383789
3319,0,1,13.829166666666666,13.830982671992388,dropped_queue_full,,,
3320,1,0,13.833333333333334,13.83347738100565,dropped_queue_full,,,
3321,2,0,13.8375,13.837582219013711,dropped_queue_full,,,
3322,3,0,13.841666666666667,13.841792708000867,dropped_queue_full,,,
3323,0,0,13.845833333333333,13.845895431993995,completed,13.903957105008885,58.12377167555205,34.17660903930664
3324,1,1,13.85,13.850498337007593,completed,13.913077361008618,63.07736100861838,34.12441635131836
3325,2,1,13.854166666666666,13.855068900011247,completed,13.92264775201329,68.48108534662423,34.10108947753906
3326,3,1,13.858333333333333,13.860200958995847,dropped_queue_full,,,
3327,0,1,13.862499999999999,13.862550822988851,dropped_queue_full,,,
3328,1,0,13.866666666666667,13.866742065991275,dropped_queue_full,,,
3329,2,0,13.870833333333334,13.870854378008517,dropped_queue_full,,,
3330,3,0,13.875,13.875053675990785,completed,13.929235927993432,54.23592799343169,34.12473678588867
3331,0,0,13.879166666666666,13.879663433006499,completed,13.938068017014302,58.90135034763588,34.05382537841797
3332,1,1,13.883333333333333,13.884228606009856,completed,13.946425914007705,63.092580674371845,34.093345642089844
3333,2,1,13.8875,13.88892743200995,completed,13.95563351700548,68.13351700548154,34.05401611328125
3334,3,1,13.891666666666666,13.893634904990904,dropped_queue_full,,,
3335,0,1,13.895833333333334,13.89586666499963,dropped_queue_full,,,
3336,1,0,13.9,13.900057546998141,dropped_queue_full,,,
3337,2,0,13.904166666666667,13.904277313005878,dropped_queue_full,,,
3338,3,0,13.908333333333333,13.908478494005976,completed,13.963377948995912,55.04461566257923,34.0766716003418
3339,0,0,13.9125,13.913070828013588,completed,13.972326057992177,59.82605799217744,34.023681640625
3340,1,1,13.916666666666666,13.917924137989758,completed,13.98415472000488,67.48805333821473,33.978782653808594
3341,2,1,13.920833333333333,13.922635638999054,completed,13.989224691002164,68.39135766883153,33.957889556884766
3342,3,1,13.924999999999999,13.92763791201287,dropped_queue_full,,,
3343,0,1,13.929166666666667,13.929231059009908,dropped_queue_full,,,
3344,1,0,13.933333333333334,13.933480050996877,dropped_queue_full,,,
3345,2,0,13.9375,13.937585270003183,dropped_queue_full,,,
3346,3,0,13.941666666666666,13.941796219005482,completed,13.997537071991246,55.870405324579764,34.03363037109375
3347,0,0,13.945833333333333,13.946419262007112,completed,14.008885490999091,63.05215766575856,34.09622573852539
3348,1,1,13.95,13.951014110993128,completed,14.01890017700498,68.90017700498063,34.15248107910156
3349,2,1,13.954166666666666,13.955626373004634,completed,14.023585418006405,69.41875133973952,34.24678421020508
3350,3,1,13.958333333333334,13.960212676000083,dropped_queue_full,,,
3351,0,1,13.9625,13.96258142599254,dropped_queue_full,,,
3352,1,0,13.966666666666667,13.966792194987647,dropped_queue_full,,,
3353,2,0,13.970833333333333,13.970898516010493,dropped_queue_full,,,
3354,3,0,13.975,13.97500934600248,completed,14.031957522995071,56.95752299507184,34.30543899536133
3355,0,0,13.979166666666666,13.979596980992937,completed,14.040745406993665,61.57874032699873,34.09564971923828
3356,1,1,13.983333333333333,13.984148096991703,completed,14.051142970012734,67.80963667940121,34.09632110595703
3357,2,1,13.987499999999999,13.988731123012258,dropped_queue_full,,,
3358,3,1,13.991666666666667,13.991738567012362,dropped_queue_full,,,
3359,0,1,13.995833333333334,13.995949717005715,dropped_queue_full,,,
3360,1,0,14.0,14.000059264013544,dropped_queue_full,,,
3361,2,0,14.004166666666666,14.004194960987661,completed,14.05779855401488,53.63188734821378,34.13715362548828
3362,3,0,14.008333333333333,14.008880131004844,completed,14.066114641987951,57.78130865461861,34.00035095214844
3363,0,0,14.0125,14.013497283012839,completed,14.075576808012556,63.076808012556995,34.05436706542969
3364,1,1,14.016666666666666,14.0188936140039,completed,14.085393215995282,68.72654932861622,34.03238296508789
3365,2,1,14.020833333333334,14.023578233987791,completed,14.091905126988422,71.0717936550882,33.986976623535156
3366,3,1,14.025,14.028170948993647,dropped_queue_full,,,
3367,0,1,14.029166666666667,14.02927719100262,dropped_queue_full,,,
3368,1,0,14.033333333333333,14.033380075008608,dropped_queue_full,,,
3369,2,0,14.0375,14.037580133997835,dropped_queue_full,,,
3370,3,0,14.041666666666666,14.041694960993482,completed,14.10027797400835,58.61130734168363,34.07206344604492
3371,0,0,14.045833333333333,14.046308735996718,completed,14.113430911005707,67.59757767237495,34.06169509887695
3372,1,1,14.049999999999999,14.051136408001184,completed,14.11801249498967,68.01249498967188,34.01123046875
3373,2,1,14.054166666666667,14.055766644014511,dropped_queue_full,,,
3374,3,1,14.058333333333334,14.058434451988433,dropped_queue_full,,,
3375,0,1,14.0625,14.062636054004543,dropped_queue_full,,,
3376,1,0,14.066666666666666,14.066748617013218,dropped_queue_full,,,
3377,2,0,14.070833333333333,14.070952031994238,completed,14.126171173993498,55.33784066016523,34.04576110839844
3378,3,0,14.075,14.075571207009489,completed,14.134539861988742,59.539861988742615,34.15184020996094
3379,0,0,14.079166666666666,14.080568441015203,completed,14.147388993005734,68.22232633906822,34.07795333862305
3380,1,1,14.083333333333334,14.085386504011694,completed,14.151986657001544,68.65332366820986,34.10639953613281
3381,2,1,14.0875,14.089983927988214,dropped_queue_full,,,
3382,3,1,14.091666666666667,14.091739343013614,dropped_queue_full,,,
3383,0,1,14.095833333333333,14.09589354399941,dropped_queue_full,,,
3384,1,0,14.1,14.100109904014971,dropped_queue_full,,,
3385,2,0,14.104166666666666,14.104210965015227,completed,14.160379570996156,56.21290432948989,34.13750457763672
3386,3,0,14.108333333333333,14.108821995003382,completed,14.168747137999162,60.41380466582957,34.08585739135742
3387,0,0,14.112499999999999,14.11342542100465,completed,14.18015669300803,67.6566930080309,34.15631866455078
3388,1,1,14.116666666666667,14.118005711992737,completed,14.18600775799132,69.34109132465238,34.10268783569336
3389,2,1,14.120833333333334,14.122837550996337,dropped_queue_full,,,
3390,3,1,14.125,14.125059492012952,dropped_queue_full,,,
3391,0,1,14.129166666666666,14.129317882005125,dropped_queue_full,,,
3392,1,0,14.133333333333333,14.133425305015408,dropped_queue_full,,,
3393,2,0,14.1375,14.137639761000173,completed,14.194644075003453,57.14407500345331,34.10838317871094
3394,3,0,14.141666666666666,14.142244588991161,completed,14.204651066014776,62.98439934811029,34.10665512084961
3395,0,0,14.145833333333334,14.147383492003428,completed,14.213843850011472,68.01051667813773,34.04070281982422
3396,1,1,14.15,14.151980044000084,completed,14.220095246011624,70.09524601162376,34.03065490722656
3397,2,1,14.154166666666667,14.156573129992466,dropped_queue_full,,,
3398,3,1,14.158333333333333,14.158480713987956,dropped_queue_full,,,
3399,0,1,14.1625,14.162582576012937,dropped_queue_full,,,
3400,1,0,14.166666666666666,14.166685381002026,dropped_queue_full,,,
3401,2,0,14.170833333333333,14.170951615000376,completed,14.228701165004168,57.8678316708352,33.94953536987305
3402,3,0,14.174999999999999,14.175567964994116,completed,14.238145415991312,63.14541599131296,34.025054931640625
3403,0,0,14.179166666666667,14.180151773005491,completed,14.24737417898723,68.2075123205621,33.96460723876953
3404,1,1,14.183333333333334,14.184727365995059,dropped_queue_full,,,
3405,2,1,14.1875,14.187581358011812,dropped_queue_full,,,
3406,3,1,14.191666666666666,14.191792377998354,dropped_queue_full,,,
3407,0,1,14.195833333333333,14.195908507012064,dropped_queue_full,,,
3408,1,0,14.2,14.200031930988189,completed,14.25421851099236,54.21851099236008,33.93904113769531
3409,2,0,14.204166666666666,14.204643622011645,completed,14.262803369987523,58.636703320857464,34.02268981933594
3410,3,0,14.208333333333334,14.209231146989623,completed,14.271369783993578,63.03645066024366,34.07884979248047
3411,0,0,14.2125,14.213838769996073,completed,14.280559703009203,68.05970300920272,33.99407958984375
3412,1,1,14.216666666666667,14.21841765899444,dropped_queue_full,,,
3413,2,1,14.220833333333333,14.220888432988431,dropped_queue_full,,,
3414,3,1,14.225,14.22505631999229,dropped_queue_full,,,
3415,0,1,14.229166666666666,14.22917804098688,dropped_queue_full,,,
3416,1,0,14.233333333333333,14.233479782997165,completed,14.288482103002025,55.14876966869231,34.105567932128906
3417,2,0,14.237499999999999,14.238137712003663,completed,14.297224420995917,59.72442099591824,34.177024841308594
3418,3,0,14.241666666666667,14.242758650012547,completed,14.309464685007697,67.79801834102983,34.240318298339844
3419,0,0,14.245833333333334,14.247368837997783,completed,14.314380472991616,68.54713965828196,34.16777420043945
3420,1,1,14.25,14.251987322000787,dropped_queue_full,,,
3421,2,1,14.254166666666666,14.25421480400837,dropped_queue_full,,,
3422,3,1,14.258333333333333,14.258423699997365,dropped_queue_full,,,
3423,0,1,14.2625,14.262635822000448,dropped_queue_full,,,
3424,1,0,14.266666666666666,14.266738806007197,completed,14.322698075004155,56.0314083374891,34.076416015625
3425,2,0,14.270833333333334,14.271362119005062,completed,14.333892230992205,63.058897658871516,34.06662368774414
3426,3,0,14.275,14.27596195798833,completed,14.343093670991948,68.09367099194752,33.91206359863281
3427,0,0,14.279166666666667,14.280554311990272,completed,14.348485685011838,69.31901834517085,33.992191314697266
3428,1,1,14.283333333333333,14.285144441993907,dropped_queue_full,,,
3429,2,1,14.2875,14.287533130001975,dropped_queue_full,,,
3430,3,1,14.291666666666666,14.291793073003646,dropped_queue_full,,,
3431,0,1,14.295833333333333,14.29593937000027,dropped_queue_full,,,
3432,1,0,14.299999999999999,14.300080918008462,completed,14.356800790992565,56.80079099256652,33.94348907470703
3433,2,0,14.304166666666667,14.304851630993653,completed,14.367311428999528,63.14476233286115,33.972991943359375
3434,3,0,14.308333333333334,14.309456910006702,completed,14.376454268000089,68.12093466675506,34.032798767089844
3435,0,0,14.3125,14.314046929997858,dropped_queue_full,,,
3436,1,1,14.316666666666666,14.316738894005539,dropped_queue_full,,,
3437,2,1,14.320833333333333,14.320954261987936,dropped_queue_full,,,
3438,3,1,14.325,14.325055102002807,dropped_queue_full,,,
3439,0,1,14.329166666666666,14.329266632994404,completed,14.382593240006827,53.4265733401611,34.01878356933594
3440,1,0,14.333333333333334,14.333885277010268,completed,14.390904489002423,57.571155669089435,33.961631774902344
3441,2,0,14.3375,14.338506346015492,completed,14.4006214789988,63.121478998800384,33.9381103515625
3442,3,0,14.341666666666667,14.343086045992095,completed,14.40988292300608,68.2162563394133,33.968894958496094
3443,0,0,14.345833333333333,14.347691745992051,dropped_queue_full,,,
3444,1,1,14.35,14.350067919993307,dropped_queue_full,,,
3445,2,1,14.354166666666666,14.354265525005758,dropped_queue_full,,,
3446,3,1,14.358333333333333,14.358383176993812,dropped_queue_full,,,
3447,0,1,14.362499999999999,14.362639483006205,completed,14.416800414997851,54.30041499785254,33.93958282470703
3448,1,0,14.366666666666667,14.367304515006253,completed,14.425114990008296,58.448323341629305,33.9370231628418
3449,2,0,14.370833333333334,14.371886820998043,completed,14.433832190989051,62.998857655717444,33.92281723022461
3450,3,0,14.375,14.376446592999855,completed,14.443572234013118,68.57223401311785,33.88323211669922
3451,0,0,14.379166666666666,14.381020381988492,dropped_queue_full,,,
3452,1,1,14.383333333333333,14.383387618989218,dropped_queue_full,,,
3453,2,1,14.3875,14.387584412004799,dropped_queue_full,,,
3454,3,1,14.391666666666666,14.391696544014849,dropped_queue_full,,,
3455,0,1,14.395833333333334,14.395897423994029,completed,14.450748077011667,54.91474367833327,33.88336181640625
3456,1,0,14.4,14.400614585989388,completed,14.459035961015616,59.03596101561526,33.859039306640625
3457,2,0,14.404166666666667,14.405302902014228,completed,14.471968931000447,67.80226433378012,33.895870208740234
3458,3,0,14.408333333333333,14.409875309007475,completed,14.476570883009117,68.23754967578388,33.96499252319336
3459,0,0,14.4125,14.414459547988372,dropped_queue_full,,,
3460,1,1,14.416666666666666,14.416797279001912,dropped_queue_full,,,
3461,2,1,14.420833333333333,14.420849446993088,dropped_queue_full,,,
3462,3,1,14.424999999999999,14.42510781699093,dropped_queue_full,,,
3463,0,1,14.429166666666667,14.429211362003116,completed,14.484747876995243,55.58121032857599,33.93040084838867
3464,1,0,14.433333333333334,14.433825076994253,completed,14.493222296994645,59.88896366131158,33.961185455322266
3465,2,0,14.4375,14.438400548999198,completed,14.505322854995029,67.82285499502905,33.94953536987305
3466,3,0,14.441666666666666,14.443564189015888,completed,14.510255325003527,68.58865833686068,34.13209533691406
3467,0,0,14.445833333333333,14.448208832996897,dropped_queue_full,,,
3468,1,1,14.45,14.450108121003723,dropped_queue_full,,,
3469,2,1,14.454166666666666,14.45421568400343,dropped_queue_full,,,
3470,3,1,14.458333333333334,14.458484172995668,dropped_queue_full,,,
3471,0,1,14.4625,14.462559686013265,completed,14.519111659988994,56.611659988993424,34.08998489379883
3472,1,0,14.466666666666667,14.467359383997973,completed,14.530224662012188,63.55799534552098,34.14873504638672
3473,2,0,14.470833333333333,14.471961717004888,completed,14.539394863008056,68.56152967472262,34.018367767333984
3474,3,0,14.475,14.476563219010131,completed,14.54455200000666,69.55200000666117,34.1448974609375
3475,0,0,14.479166666666666,14.481133480992867,dropped_queue_full,,,
3476,1,1,14.483333333333333,14.483479107002495,dropped_queue_full,,,
3477,2,1,14.487499999999999,14.487581641005818,dropped_queue_full,,,
3478,3,1,14.491666666666667,14.491794052999467,dropped_queue_full,,,
3479,0,1,14.495833333333334,14.495893882005475,completed,14.553216600004816,57.38326667148286,34.07712173461914
3480,1,0,14.5,14.500503890012624,completed,14.563058436993742,63.05843699374236,34.00521469116211
3481,2,0,14.504166666666666,14.5053077560151,completed,14.572246341995196,68.07967532852999,34.0819206237793
3482,3,0,14.508333333333333,14.50992180101457,dropped_queue_full,,,
3483,0,0,14.5125,14.512579591013491,dropped_queue_full,,,
3484,1,1,14.516666666666666,14.5167944880086,dropped_queue_full,,,
3485,2,1,14.520833333333334,14.520850563014392,dropped_queue_full,,,
3486,3,1,14.525,14.525055722013349,completed,14.578591927012894,53.59192701289395,33.93113708496094
3487,0,1,14.529166666666667,14.530218149011489,completed,14.587431699997978,58.2650333313115,33.975135803222656
3488,1,0,14.533333333333333,14.534799021988874,completed,14.596326227998361,62.99289466502778,34.01884841918945
3489,2,0,14.5375,14.539388209988829,completed,14.60623157498776,68.73157498776017,34.18880081176758
3490,3,0,14.541666666666666,14.544059745006962,dropped_queue_full,,,
3491,0,0,14.545833333333333,14.54595249000704,dropped_queue_full,,,
3492,1,1,14.549999999999999,14.550052459002472,dropped_queue_full,,,
3493,2,1,14.554166666666667,14.554320096998708,dropped_queue_full,,,
3494,3,1,14.558333333333334,14.558423943002708,completed,14.612911845993949,54.57851266061553,34.27801513671875
3495,0,1,14.5625,14.56305204500677,completed,14.621750838006847,59.25083800684661,34.27062225341797
3496,1,0,14.566666666666666,14.56766871601576,completed,14.634369529987453,67.70286332078612,34.24755096435547
3497,2,0,14.570833333333333,14.572239369008457,completed,14.638975229987409,68.1418966540761,34.0577278137207
3498,3,0,14.575,14.576833046012325,dropped_queue_full,,,
3499,0,0,14.579166666666666,14.579227084002923,dropped_queue_full,,,
3500,1,1,14.583333333333334,14.583476555999368,dropped_queue_full,,,
3501,2,1,14.5875,14.587594059004914,dropped_queue_full,,,
3502,3,1,14.591666666666667,14.591687876003562,completed,14.64722117499332,55.55450832665265,34.129920959472656
3503,0,1,14.595833333333333,14.596312592009781,completed,14.65600901900325,60.17568566991649,34.09369659423828
3504,1,0,14.6,14.601427187997615,completed,14.667600149987265,67.60014998726582,34.14003372192383
3505,2,0,14.604166666666666,14.606224491988542,completed,14.67303109698696,68.86443032029455,34.118080139160156
3506,3,0,14.608333333333333,14.610853605990997,dropped_queue_full,,,
3507,0,0,14.612499999999999,14.612588310992578,dropped_queue_full,,,
3508,1,1,14.616666666666667,14.616792749002343,dropped_queue_full,,,
3509,2,1,14.620833333333334,14.62095019701519,dropped_queue_full,,,
3510,3,1,14.625,14.625054083007853,completed,14.681385669013252,56.38566901325248,34.147361755371094
3511,0,1,14.629166666666666,14.629755183996167,completed,14.69235589899472,63.18923232805318,34.143455505371094
3512,1,0,14.633333333333333,14.63436316800653,completed,14.701515188993653,68.18185566032042,34.109153747558594
3513,2,0,14.6375,14.63896809599828,completed,14.707282376009971,69.78237600997161,34.19190216064453
3514,3,0,14.641666666666666,14.643583163997391,dropped_queue_full,,,
3515,0,0,14.645833333333334,14.645951292011887,dropped_queue_full,,,
3516,1,1,14.65,14.65005463801208,dropped_queue_full,,,
3517,2,1,14.654166666666667,14.654265888006194,dropped_queue_full,,,
3518,3,1,14.658333333333333,14.658370896009728,completed,14.715856935014017,57.52360168068371,34.31903839111328
3519,0,1,14.6625,14.662979721993906,completed,14.725616796000395,63.116796000395325,34.2470703125
3520,1,0,14.666666666666666,14.667593736987328,completed,14.734805101994425,68.13843532775898,34.2371826171875
3521,2,0,14.670833333333333,14.672223181987647,dropped_queue_full,,,
3522,3,0,14.674999999999999,14.675054591003573,dropped_queue_full,,,
3523,0,0,14.679166666666667,14.67932070599636,dropped_queue_full,,,
3524,1,1,14.683333333333334,14.68342279898934,dropped_queue_full,,,
3525,2,1,14.6875,14.687635472015245,completed,14.741748783009825,54.248783009825274,34.28838348388672
3526,3,1,14.691666666666666,14.692350428987993,completed,14.750221969996346,58.55530332967973,34.180992126464844
3527,0,1,14.695833333333333,14.696929899015231,completed,14.75900250999257,63.169176659236825,34.184288024902344
3528,1,0,14.7,14.701508636993822,completed,14.768256300012581,68.25630001258176,34.19692611694336
3529,2,0,14.704166666666666,14.70618934900267,dropped_queue_full,,,
3530,3,0,14.708333333333334,14.708392244006973,dropped_queue_full,,,
3531,0,0,14.7125,14.71252805099357,dropped_queue_full,,,
3532,1,1,14.716666666666667,14.716793614003109,dropped_queue_full,,,
3533,2,1,14.720833333333333,14.720951824012445,completed,14.776014880015282,55.181546681948745,34.14374542236328
3534,3,1,14.725,14.725611627014587,completed,14.784486633987399,59.48663398739917,34.27315139770508
3535,0,1,14.729166666666666,14.730205083003966,completed,14.79683811799623,67.67145132956465,34.1512336730957
3536,1,0,14.733333333333333,14.734798899997259,completed,14.801852904987754,68.5195716544218,34.27008056640625
3537,2,0,14.737499999999999,14.739389119989937,dropped_queue_full,,,
3538,3,0,14.741666666666667,14.741744635015493,dropped_queue_full,,,
3539,0,0,14.745833333333334,14.745950153999729,dropped_queue_full,,,
3540,1,1,14.75,14.750053789990488,dropped_queue_full,,,
3541,2,1,14.754166666666666,14.75426745499135,completed,14.81044401600957,56.27734934290274,34.25187301635742
3542,3,1,14.758333333333333,14.758997421013191,completed,14.821715539001161,63.38220566782837,34.121726989746094
3543,0,1,14.7625,14.763658014999237,completed,14.831242727988865,68.74272798886594,34.049983978271484
3544,1,0,14.766666666666666,14.768249927990837,completed,14.835970109008485,69.30344234181973,34.03468704223633
3545,2,0,14.770833333333334,14.77285810300964,dropped_queue_full,,,
3546,3,0,14.775,14.775059734995011,dropped_queue_full,,,
3547,0,0,14.779166666666667,14.779315780993784,dropped_queue_full,,,
3548,1,1,14.783333333333333,14.783421230007662,dropped_queue_full,,,
3549,2,1,14.7875,14.787636307009961,completed,14.844642824988114,57.14282498811407,34.01142501831055
3550,3,1,14.791666666666666,14.792249541002093,completed,14.854747681994922,63.081015328256385,34.04374313354492
3551,0,1,14.795833333333333,14.796832597989123,completed,14.863929034007015,68.0957006736822,34.02470397949219
3552,1,0,14.799999999999999,14.801519200991606,dropped_queue_full,,,
3553,2,0,14.804166666666667,14.804232596012298,dropped_queue_full,,,
3554,3,0,14.808333333333334,14.808422947011422,dropped_queue_full,,,
3555,0,0,14.8125,14.812586626998382,dropped_queue_full,,,
3556,1,1,14.816666666666666,14.816684972000076,completed,14.87011653900845,53.44987234178333,33.91836929321289
3557,2,1,14.820833333333333,14.821706943010213,completed,14.878590637003072,57.75730366973875,33.93657684326172
3558,3,1,14.825,14.826647668989608,completed,14.88812314599636,63.12314599636082,34.07401657104492
3559,0,1,14.829166666666666,14.831237458012765,completed,14.897335457993904,68.16879132723841,34.06700897216797
3560,1,0,14.833333333333334,14.835795377002796,dropped_queue_full,,,
3561,2,0,14.8375,14.837552574987058,dropped_queue_full,,,
3562,3,0,14.841666666666667,14.841792560007889,dropped_queue_full,,,
3563,0,0,14.845833333333333,14.845909831987228,dropped_queue_full,,,
3564,1,1,14.85,14.850112075015204,completed,14.904277124995133,54.27712499513326,34.04441452026367
3565,2,1,14.854166666666666,14.85474010699545,completed,14.913130133005325,58.96346633865868,34.2720947265625
3566,3,1,14.858333333333333,14.859356797998771,completed,14.921594684012234,63.26135067890171,34.155296325683594
3567,0,1,14.862499999999999,14.863923653989332,completed,14.93166408300749,69.16408300749133,34.26515197753906
3568,1,0,14.866666666666667,14.868540004012175,dropped_queue_full,,,
3569,2,0,14.870833333333334,14.870911117992364,dropped_queue_full,,,
3570,3,0,14.875,14.875109654007247,dropped_queue_full,,,
3571,0,0,14.879166666666666,14.879224781994708,dropped_queue_full,,,
3572,1,1,14.883333333333333,14.883426053012954,completed,14.938642080000136,55.30874666680319,34.151424407958984
3573,2,1,14.8875,14.888115622015903,completed,14.947171192994574,59.671192994574795,33.94303894042969
3574,3,1,14.891666666666666,14.892743314005202,completed,14.959434038988547,67.76737232188168,33.942142486572266
3575,0,1,14.895833333333334,14.897330027015414,completed,14.96437831199728,68.5449786639456,33.94771194458008
3576,1,0,14.9,14.902535146014998,dropped_queue_full,,,
3577,2,0,14.904166666666667,14.904272937012138,dropped_queue_full,,,
3578,3,0,14.908333333333333,14.908477855002275,dropped_queue_full,,,
3579,0,0,14.9125,14.912646014010534,dropped_queue_full,,,
3580,1,1,14.916666666666666,14.916739078995306,completed,14.972699570003897,56.03290333723088,33.927391052246094
3581,2,1,14.920833333333333,14.921575798012782,completed,14.984489368012873,63.65603467954095,33.93439865112305
3582,3,1,14.924999999999999,14.926226181996753,completed,14.98997722301283,64.97722301283027,34.05174255371094
3583,0,1,14.929166666666667,14.931658893008716,completed,14.999975446989993,70.8087803233255,33.97779083251953
3584,1,0,14.933333333333334,14.936270544014405,dropped_queue_full,,,
3585,2,0,14.9375,14.937546428001951,dropped_queue_full,,,
3586,3,0,14.941666666666666,14.941793195990613,dropped_queue_full,,,
3587,0,0,14.945833333333333,14.945898986014072,dropped_queue_full,,,
3588,1,1,14.95,14.950110045989277,completed,15.006798479007557,56.798479007557745,33.986976623535156
3589,2,1,14.954166666666666,14.95475118298782,completed,15.015330919006374,61.164252339708014,34.01241683959961
3590,3,1,14.958333333333334,14.959426535002422,completed,15.02617644201382,67.84310868048671,33.98847961425781
3591,0,1,14.9625,14.964038275997154,dropped_queue_full,,,
3592,1,0,14.966666666666667,14.966780034010299,dropped_queue_full,,,
3593,2,0,14.970833333333333,14.970847921998939,dropped_queue_full,,,
3594,3,0,14.975,14.975069512001937,dropped_queue_full,,,
3595,0,0,14.979166666666666,14.979323242994724,completed,15.032597300014459,53.43063334779252,33.984352111816406
3596,1,1,14.983333333333333,14.98448218399426,completed,15.040913378994446,57.58004566111374,33.948158264160156
3597,2,1,14.987499999999999,14.989968656998826,completed,15.050519076990895,63.01907699089604,33.97555160522461
3598,3,1,14.991666666666667,14.994663265009876,completed,15.059689659014111,68.02299234744424,33.9925422668457
3599,0,1,14.995833333333334,14.999968935007928,completed,15.06670406399644,70.87073066310623,33.9859504699707
3600,1,0,15.0,15.004606915987097,dropped_dispatch_late,,,
3601,2,0,15.004166666666666,15.004614840989234,dropped_queue_full,,,
3602,3,0,15.008333333333333,15.008380545012187,dropped_queue_full,,,
3603,0,0,15.0125,15.012637481995625,dropped_queue_full,,,
3604,1,1,15.016666666666666,15.016754281998146,completed,15.075125072005903,58.45840533923763,33.999263763427734
3605,2,1,15.020833333333334,15.021594427991658,completed,15.084168481989764,63.33514865642975,33.991966247558594
3606,3,1,15.025,15.026168778014835,completed,15.093367597990436,68.36759799043612,34.00601577758789
3607,0,1,15.029166666666667,15.030900437006494,dropped_queue_full,,,
3608,1,0,15.033333333333333,15.033391448989278,dropped_queue_full,,,
3609,2,0,15.0375,15.037582580989692,dropped_queue_full,,,
3610,3,0,15.041666666666666,15.041706985997735,dropped_queue_full,,,
3611,0,0,15.045833333333333,15.045898609008873,completed,15.10079738299828,54.96404966494772,33.981056213378906
3612,1,1,15.049999999999999,15.050511912995717,completed,15.109184025001014,59.18402500101472,34.018943786621094
3613,2,1,15.054166666666667,15.0550685999915,completed,15.122030931001063,67.8642643343963,34.07756805419922
3614,3,1,15.058333333333334,15.059682193998015,completed,15.126619207992917,68.28587465958336,34.205440521240234
3615,0,1,15.0625,15.064474738988793,dropped_queue_full,,,
3616,1,0,15.066666666666666,15.066700858005788,dropped_queue_full,,,
3617,2,0,15.070833333333333,15.07098509700154,dropped_queue_full,,,
3618,3,0,15.075,15.075113630009582,dropped_queue_full,,,
3619,0,0,15.079166666666666,15.07921246701153,completed,15.135063199006254,55.896532339588134,34.187232971191406
3620,1,1,15.083333333333334,15.084160947997589,completed,15.143589637009427,60.256303676093026,34.24710464477539
3621,2,1,15.0875,15.08878100500442,completed,15.155722416006029,68.2224160060283,34.1835823059082
3622,3,1,15.091666666666667,15.093360004015267,completed,15.160522755992133,68.85608932546639,34.17510223388672
3623,0,1,15.095833333333333,15.097959091013763,dropped_queue_full,,,
3624,1,0,15.1,15.100025035004364,dropped_queue_full,,,
3625,2,0,15.104166666666666,15.10426686401479,dropped_queue_full,,,
3626,3,0,15.108333333333333,15.108381400001235,dropped_queue_full,,,
3627,0,0,15.112499999999999,15.112635561992647,completed,15.169326840987196,56.82684098719726,34.086753845214844
3628,1,1,15.116666666666667,15.117244577995734,completed,15.179761754989158,63.09508832249122,34.0299186706543
3629,2,1,15.120833333333334,15.122023858013563,completed,15.188963986001909,68.13065266857521,34.10380935668945
3630,3,1,15.125,15.126611382991541,completed,15.194699001993285,69.69900199328549,34.103904724121094
3631,0,1,15.129166666666666,15.131188848987222,dropped_queue_full,,,
3632,1,0,15.133333333333333,15.133478569012368,dropped_queue_full,,,
3633,2,0,15.1375,15.137585210002726,dropped_queue_full,,,
3634,3,0,15.141666666666666,15.14172742899973,dropped_queue_full,,,
3635,0,0,15.145833333333334,15.145953878003638,completed,15.203488078986993,57.654745653659134,34.06208038330078
3636,1,1,15.15,15.150947335001547,completed,15.213142279011663,63.142279011662694,34.16707229614258
3637,2,1,15.154166666666667,15.155715422995854,completed,15.222371192008723,68.20452534205579,34.10140609741211
3638,3,1,15.158333333333333,15.160346780990949,dropped_queue_full,,,
3639,0,1,15.1625,15.16258197798743,dropped_queue_full,,,
3640,1,0,15.166666666666666,15.166686023992952,dropped_queue_full,,,
3641,2,0,15.170833333333333,15.170909487991594,dropped_queue_full,,,
3642,3,0,15.174999999999999,15.175110898999264,completed,15.229118569986895,54.11856998689579,34.222686767578125
3643,0,0,15.179166666666667,15.179755582998041,completed,15.237909290008247,58.74262334157976,34.21100616455078
3644,1,1,15.183333333333334,15.184356773999752,completed,15.246817823994206,63.484490660872694,34.10979080200195
3645,2,1,15.1875,15.188956872996641,completed,15.256223561998922,68.72356199892238,34.12876892089844
3646,3,1,15.191666666666666,15.193575296987547,dropped_queue_full,,,
3647,0,1,15.195833333333333,15.19595218199538,dropped_queue_full,,,
3648,1,0,15.2,15.200054526008898,dropped_queue_full,,,
3649,2,0,15.204166666666666,15.204280323989224,dropped_queue_full,,,
3650,3,0,15.208333333333334,15.208478468994144,completed,15.263326787011465,54.99345367813113,34.16950225830078
3651,0,0,15.2125,15.213136077014497,completed,15.272167963004904,59.66796300490351,34.09270477294922
3652,1,1,15.216666666666667,15.217757967999205,completed,15.284337821998633,67.67115533196666,34.0214729309082
3653,2,1,15.220833333333333,15.222364309011027,completed,15.288979430013569,68.14609668023586,34.005950927734375
3654,3,1,15.225,15.227680587995565,dropped_queue_full,,,
3655,0,1,15.229166666666666,15.229280578001635,dropped_queue_full,,,
3656,1,0,15.233333333333333,15.233478773006937,dropped_queue_full,,,
3657,2,0,15.237499999999999,15.237583281006664,dropped_queue_full,,,
3658,3,0,15.241666666666667,15.241793479013722,completed,15.297483656002441,55.81698933577428,33.901790618896484
3659,0,0,15.245833333333334,15.246807715011528,completed,15.30627393501345,60.44060168011711,33.98249435424805
3660,1,1,15.25,15.251637069013668,completed,15.318259624997154,68.25962499715388,33.93657684326172
3661,2,1,15.254166666666666,15.256216759007657,completed,15.323156166996341,68.98950032967477,33.943328857421875
3662,3,1,15.258333333333333,15.260823530989,dropped_queue_full,,,
3663,0,1,15.2625,15.262571481987834,dropped_queue_full,,,
3664,1,0,15.266666666666666,15.266792390990304,dropped_queue_full,,,
3665,2,0,15.270833333333334,15.27089774000342,dropped_queue_full,,,
3666,3,0,15.275,15.275108759000432,completed,15.33143222000217,56.4322200021703,33.96156692504883
3667,0,0,15.279166666666667,15.279717764991801,completed,15.342305625992594,63.1389593259275,33.918174743652344
3668,1,1,15.283333333333333,15.28433111900813,completed,15.351572120009223,68.23878667588978,33.96486282348633
3669,2,1,15.2875,15.288972115988145,completed,15.357282909011701,69.78290901170148,34.071678161621094
3670,3,1,15.291666666666666,15.293564410007093,dropped_queue_full,,,
3671,0,1,15.295833333333333,15.295901150006102,dropped_queue_full,,,
3672,1,0,15.299999999999999,15.300008722988423,dropped_queue_full,,,
3673,2,0,15.304166666666667,15.304213371011429,dropped_queue_full,,,
3674,3,0,15.308333333333334,15.308478232997004,completed,15.365753811987815,57.420478654481855,34.213985443115234
3675,0,0,15.3125,15.313119260012172,completed,15.375552467012312,63.05246701231226,34.06367874145508
3676,1,1,15.316666666666666,15.318253283010563,completed,15.38474356700317,68.0769003365036,34.06012725830078
3677,2,1,15.320833333333333,15.32298074400751,dropped_queue_full,,,
3678,3,1,15.325,15.325112263002666,dropped_queue_full,,,
3679,0,1,15.329166666666666,15.329213504010113,dropped_queue_full,,,
3680,1,0,15.333333333333334,15.333457908011042,dropped_queue_full,,,
3681,2,0,15.3375,15.337639211007627,completed,15.391591516992776,54.09151699277537,34.09779357910156
3682,3,0,15.341666666666667,15.342300335993059,completed,15.399956097011454,58.28943034478762,33.96662521362305
3683,0,0,15.345833333333333,15.346941233001417,completed,15.408970732998569,63.13739966523535,34.07062530517578
3684,1,1,15.35,15.351565607998054,completed,15.418117338995216,68.11733899521677,34.122528076171875
3685,2,1,15.354166666666666,15.356190844002413,dropped_queue_full,,,
3686,3,1,15.358333333333333,15.358391835994553,dropped_queue_full,,,
3687,0,1,15.362499999999999,15.362581705005141,dropped_queue_full,,,
3688,1,0,15.366666666666667,15.36670402699383,dropped_queue_full,,,
3689,2,0,15.370833333333334,15.370898635010235,completed,15.42585884599248,55.0255126591459,34.18899154663086
3690,3,0,15.375,15.37554713600548,completed,15.434381425991887,59.38142599188723,34.31919860839844
3691,0,0,15.379166666666666,15.380166160990484,completed,15.446803414990427,67.63674832376054,34.32419204711914
3692,1,1,15.383333333333333,15.38473698499729,completed,15.451513442996657,68.18010966332366,34.26259231567383
3693,2,1,15.3875,15.38940718700178,dropped_queue_full,,,
3694,3,1,15.391666666666666,15.39175353499013,dropped_queue_full,,,
3695,0,1,15.395833333333334,15.395844907005085,dropped_queue_full,,,
3696,1,0,15.4,15.400116020988207,dropped_queue_full,,,
3697,2,0,15.404166666666667,15.404281664988957,completed,15.460052515001735,55.885848335067934,34.10163116455078
3698,3,0,15.408333333333333,15.408965331997024,completed,15.471475255006226,63.141921672892565,34.08473587036133
3699,0,0,15.4125,15.413549171003979,completed,15.481053782015806,68.55378201580642,34.01308822631836
3700,1,1,15.416666666666666,15.418110686005093,completed,15.485785180004314,69.11851333764751,34.054176330566406
3701,2,1,15.420833333333333,15.422698893002234,dropped_queue_full,,,
3702,3,1,15.424999999999999,15.425060048000887,dropped_queue_full,,,
3703,0,1,15.429166666666667,15.42916723099188,dropped_queue_full,,,
3704,1,0,15.433333333333334,15.43342382699484,dropped_queue_full,,,
3705,2,0,15.4375,15.437637202005135,completed,15.494324613013305,56.82461301330477,34.15081787109375
3706,3,0,15.441666666666666,15.442221409990452,completed,15.502800163987558,61.133497320891905,34.18751907348633
3707,0,0,15.445833333333333,15.446797954995418,completed,15.513445377990138,67.61204465680493,34.150943756103516
3708,1,1,15.45,15.451338651007973,dropped_queue_full,,,
3709,2,1,15.454166666666666,15.454197863000445,dropped_queue_full,,,
3710,3,1,15.458333333333334,15.458443789015291,dropped_queue_full,,,
3711,0,1,15.4625,15.462580858002184,dropped_queue_full,,,
3712,1,0,15.466666666666667,15.46679344100994,completed,15.519956506992457,53.28984032579065,34.081119537353516
3713,2,0,15.470833333333333,15.47146754100686,completed,15.52858856599778,57.755232664446154,34.107200622558594
3714,3,0,15.475,15.47606787001132,completed,15.538105284998892,63.10528499889223,34.02732849121094
3715,0,0,15.479166666666666,15.481047759996727,completed,15.548027654993348,68.86098832668175,34.06790542602539
3716,1,1,15.483333333333333,15.485778898000717,completed,15.554272287990898,70.93895465756539,34.07865524291992
3717,2,1,15.487499999999999,15.490410647995304,dropped_queue_full,,,
3718,3,1,15.491666666666667,15.49179865399492,dropped_queue_full,,,
3719,0,1,15.495833333333334,15.495906849013409,dropped_queue_full,,,
3720,1,0,15.5,15.500112729001557,dropped_queue_full,,,
3721,2,0,15.504166666666666,15.504221223993227,completed,15.562910348002333,58.743681335666764,34.115135192871094
3722,3,0,15.508333333333333,15.508857873006491,completed,15.571770870999899,63.4375376665659,34.15507125854492
3723,0,0,15.5125,15.51343998700031,completed,15.581032735994086,68.53273599408638,34.12217712402344
3724,1,1,15.516666666666666,15.518060003989376,dropped_queue_full,,,
3725,2,1,15.520833333333334,15.520907864003675,dropped_queue_full,,,
3726,3,1,15.525,15.525001942005474,dropped_queue_full,,,
3727,0,1,15.529166666666667,15.529222018987639,dropped_queue_full,,,
3728,1,0,15.533333333333333,15.533424463006668,completed,15.588482629013015,55.14929567968174,34.15135955810547
3729,2,0,15.5375,15.53809759998694,completed,15.597166466002818,59.66646600281855,34.083744049072266
3730,3,0,15.541666666666666,15.542942814994603,completed,15.609413511992898,67.74684532623176,34.26425552368164
3731,0,0,15.545833333333333,15.548022314993432,completed,15.614328719995683,68.49538666235055,34.1495361328125
3732,1,1,15.549999999999999,15.55267624600674,dropped_queue_full,,,
3733,2,1,15.554166666666667,15.554268431005767,dropped_queue_full,,,
3734,3,1,15.558333333333334,15.558477798011154,dropped_queue_full,,,
3735,0,1,15.5625,15.56258409799193,dropped_queue_full,,,
3736,1,0,15.566666666666666,15.566811950004194,completed,15.622959756990895,56.293090324228245,34.295841217041016
3737,2,0,15.570833333333333,15.571763215993997,completed,15.633838053006912,63.00471967357879,34.286399841308594
3738,3,0,15.575,15.576414172013756,completed,15.643888535996666,68.88853599666689,34.159358978271484
3739,0,0,15.579166666666666,15.581027456006268,completed,15.64891238999553,69.74572332886453,34.320350646972656
3740,1,1,15.583333333333334,15.585646010003984,dropped_queue_full,,,
3741,2,1,15.5875,15.587556990998564,dropped_queue_full,,,
3742,3,1,15.591666666666667,15.591792757011717,dropped_queue_full,,,
3743,0,1,15.595833333333333,15.595895892009139,dropped_queue_full,,,
3744,1,0,15.6,15.600110870000208,completed,15.657217266998487,57.21726699848695,34.17536163330078
3745,2,0,15.604166666666666,15.60474293900188,completed,15.667918235994875,63.75156932820936,34.1910400390625
3746,3,0,15.608333333333333,15.60940574799315,completed,15.6771841890004,68.85085566706728,34.240257263183594
3747,0,0,15.612499999999999,15.614023269998142,dropped_queue_full,,,
3748,1,1,15.616666666666667,15.616698883008212,dropped_queue_full,,,
3749,2,1,15.620833333333334,15.620898600987857,dropped_queue_full,,,
3750,3,1,15.625,15.62501182500273,dropped_queue_full,,,
3751,0,1,15.629166666666666,15.629212525003823,completed,15.68312280101236,53.95613434569313,34.126304626464844
3752,1,0,15.633333333333333,15.633831270009978,completed,15.691489826014731,58.15649268139822,34.12384033203125
3753,2,0,15.6375,15.639221569988877,completed,15.700749698007712,63.24969800771285,34.11692810058594
3754,3,0,15.641666666666666,15.643880880990764,completed,15.71034215099644,68.67548432977344,34.22409439086914
3755,0,0,15.645833333333334,15.648738279007375,dropped_queue_full,,,
3756,1,1,15.65,15.650023611000506,dropped_queue_full,,,
3757,2,1,15.654166666666667,15.654244208999444,dropped_queue_full,,,
3758,3,1,15.658333333333333,15.658477791992482,dropped_queue_full,,,
3759,0,1,15.6625,15.662581117008813,completed,15.717482005013153,54.98200501315331,34.21491241455078
3760,1,0,15.666666666666666,15.667911263008136,completed,15.725850262009772,59.183595343105466,34.285919189453125
3761,2,0,15.670833333333333,15.672550054994645,completed,15.739458063006168,68.62472967283573,34.3488655090332
3762,3,0,15.674999999999999,15.677176124008838,completed,15.744084862992167,69.08486299216854,34.24291229248047
3763,0,0,15.679166666666667,15.681810487993062,dropped_queue_full,,,
3764,1,1,15.683333333333334,15.683463016990572,dropped_queue_full,,,
3765,2,1,15.6875,15.687529351998819,dropped_queue_full,,,
3766,3,1,15.691666666666666,15.691810535005061,dropped_queue_full,,,
3767,0,1,15.695833333333333,15.695894904987654,completed,15.751903266005684,56.06993267235083,34.323646545410156
3768,1,0,15.7,15.700742112996522,completed,15.760325515992008,60.32551599200886,34.313758850097656
3769,2,0,15.704166666666666,15.705349555995781,completed,15.772264107014053,68.09744034738685,34.324798583984375
3770,3,0,15.708333333333334,15.710333894996438,completed,15.777428086992586,69.0947536592521,34.34211349487305
3771,0,0,15.7125,15.715136048005661,dropped_queue_full,,,
3772,1,1,15.716666666666667,15.71672773201135,dropped_queue_full,,,
3773,2,1,15.720833333333333,15.720856144995196,dropped_queue_full,,,
3774,3,1,15.725,15.725052716996288,dropped_queue_full,,,
3775,0,1,15.729166666666666,15.729266031004954,completed,15.786326080997242,57.159414330575586,34.24809646606445
3776,1,0,15.733333333333333,15.733982520992868,completed,15.794805318990257,61.47198565692413,34.1671028137207
3777,2,0,15.737499999999999,15.7394509500009,completed,15.805235514009837,67.73551400983813,34.17270278930664
3778,3,0,15.741666666666667,15.744077439012472,completed,15.811798642011127,70.13197534445936,34.22403335571289
3779,0,0,15.745833333333334,15.749230318004265,dropped_queue_full,,,
3780,1,1,15.75,15.750031940988265,dropped_queue_full,,,
3781,2,1,15.754166666666666,15.754204216995277,dropped_queue_full,,,
3782,3,1,15.758333333333333,15.758423332998063,dropped_queue_full,,,
3783,0,1,15.7625,15.762533811008325,completed,15.820582579006441,58.08257900644165,34.17359924316406
3784,1,0,15.766666666666666,15.767619682999793,completed,15.829833402996883,63.16673633021708,34.253761291503906
3785,2,0,15.770833333333334,15.772256872995058,completed,15.83952552601113,68.69219267779592,34.24921417236328
3786,3,0,15.775,15.77742037200369,completed,15.846279957011575,71.27995701157452,34.344478607177734
3787,0,0,15.779166666666667,15.782081206009025,dropped_queue_full,,,
3788,1,1,15.783333333333333,15.783478160010418,dropped_queue_full,,,
3789,2,1,15.7875,15.78759325799183,dropped_queue_full,,,
3790,3,1,15.791666666666666,15.791794368997216,dropped_queue_full,,,
3791,0,1,15.795833333333333,15.795912862988189,completed,15.855075036000926,59.24170266759354,34.330238342285156
3792,1,0,15.799999999999999,15.800570822000736,completed,15.868271054991055,68.27105499105635,34.27977752685547
3793,2,0,15.804166666666667,15.805228671000805,completed,15.872935416002292,68.76874933562505,34.163551330566406
3794,3,0,15.808333333333334,15.809889805997955,dropped_queue_full,,,
3795,0,0,15.8125,15.81261998199625,dropped_queue_full,,,
3796,1,1,15.816666666666666,15.816738747002091,dropped_queue_full,,,
3797,2,1,15.820833333333333,15.820902817009483,dropped_queue_full,,,
3798,3,1,15.825,15.82500324700959,completed,15.880590749002295,55.590749002295325,34.233375549316406
3799,0,1,15.829166666666666,15.829826850997051,completed,15.889381779998075,60.2151133314095,34.17929458618164
3800,1,0,15.833333333333334,15.83445038399077,completed,15.901019328011898,67.6859946785644,34.15359878540039
3801,2,0,15.8375,15.839512762002414,completed,15.90648741601035,68.98741601034963,34.1921272277832
3802,3,0,15.841666666666667,15.844558987999335,dropped_queue_full,,,
3803,0,0,15.845833333333333,15.845954949996667,dropped_queue_full,,,
3804,1,1,15.85,15.850054076989181,dropped_queue_full,,,
3805,2,1,15.854166666666666,15.854272291006055,dropped_queue_full,,,
3806,3,1,15.858333333333333,15.858424258010928,completed,15.914803343999665,56.470010666332726,34.10281753540039
3807,0,1,15.862499999999999,15.863108146993909,completed,15.92552507299115,63.025072991150566,34.06496047973633
3808,1,0,15.866666666666667,15.868264341988834,completed,15.934738345997175,68.07167933050806,34.01878356933594
3809,2,0,15.870833333333334,15.872928241995396,completed,15.940562169009354,69.7288356760204,34.00620651245117
3810,3,0,15.875,15.877911499002948,dropped_queue_full,,,
3811,0,0,15.879166666666666,15.879187734011794,dropped_queue_full,,,
3812,1,1,15.883333333333333,15.883426306012552,dropped_queue_full,,,
3813,2,1,15.8875,15.88763756598928,dropped_queue_full,,,
3814,3,1,15.891666666666666,15.891738367005019,completed,15.949009758012835,57.34309134616922,34.101280212402344
3815,0,1,15.895833333333334,15.896412947011413,completed,15.959593573992606,63.76024065927233,34.078304290771484
3816,1,0,15.9,15.90101289600716,completed,15.968866329989396,68.86632998939568,34.04131317138672
3817,2,0,15.904166666666667,15.90567470199312,dropped_queue_full,,,
3818,3,0,15.908333333333333,15.908383928996045,dropped_queue_full,,,
3819,0,0,15.9125,15.912580751988571,dropped_queue_full,,,
3820,1,1,15.916666666666666,15.916697682987433,dropped_queue_full,,,
3821,2,1,15.920833333333333,15.920895276998635,completed,15.97480249698856,53.96916365522664,34.14262390136719
3822,3,1,15.924999999999999,15.92551985301543,completed,15.983115981012816,58.115981012816675,34.08812713623047
3823,0,1,15.929166666666667,15.930142614990473,completed,15.992208684008801,63.042017342134216,34.0186882019043
3824,1,0,15.933333333333334,15.934731823013863,completed,16.001406647992553,68.07331465921962,33.977630615234375
3825,2,0,15.9375,15.940228905994445,dropped_queue_full,,,
3826,3,0,15.941666666666666,15.941793678997783,dropped_queue_full,,,
3827,0,0,15.945833333333333,15.945894178992603,dropped_queue_full,,,
3828,1,1,15.95,15.950108866003575,dropped_queue_full,,,
3829,2,1,15.954166666666666,15.954220576997614,completed,16.008857433014782,54.690766348116426,33.951454162597656
3830,3,1,15.958333333333334,15.959588174009696,completed,16.01727737899637,58.94404566303457,33.96121597290039
3831,0,1,15.9625,15.964289265015395,completed,16.026071734988363,63.571734988363104,33.97244644165039
3832,1,0,15.966666666666667,15.968859676999273,completed,16.035426187008852,68.75952034218535,34.032928466796875
3833,2,0,15.970833333333333,15.973409600992454,dropped_queue_full,,,
3834,3,0,15.975,15.975123267009621,dropped_queue_full,,,
3835,0,0,15.979166666666666,15.97921383799985,dropped_queue_full,,,
3836,1,1,15.983333333333333,15.983435136993648,dropped_queue_full,,,
3837,2,1,15.987499999999999,15.987636208010372,completed,16.043097479996504,55.59747999650533,34.011775970458984
3838,3,1,15.991666666666667,15.992203124013031,completed,16.051540148997447,59.87348233077938,34.15238571166992
3839,0,1,15.995833333333334,15.996819633990526,completed,16.063787194987526,67.9538616541926,34.06470489501953
3840,1,0,16.0,16.00140002599801,completed,16.068755654006964,68.7556540069636,34.082977294921875
3841,2,0,16.004166666666666,16.005998821987305,dropped_queue_full,,,
3842,3,0,16.008333333333333,16.008375708013773,dropped_queue_full,,,
3843,0,0,16.0125,16.0125829000026,dropped_queue_full,,,
3844,1,1,16.016666666666666,16.016793860006146,dropped_queue_full,,,
3845,2,1,16.020833333333332,16.020897005015286,completed,16.07743151599425,56.59818266091676,34.20604705810547
3846,3,1,16.025,16.026066304999404,completed,16.088094442995498,63.09444299549938,34.13417434692383
3847,0,1,16.029166666666665,16.030681812990224,completed,16.097255395987304,68.08872932063892,34.192222595214844
3848,1,0,16.03333333333333,16.03541952400701,completed,16.103118605009513,69.78527167618154,34.25584030151367
3849,2,0,16.0375,16.04021767899394,dropped_queue_full,,,
3850,3,0,16.041666666666668,16.04179326200392,dropped_queue_full,,,
3851,0,0,16.045833333333334,16.045913690002635,dropped_queue_full,,,
3852,1,1,16.05,16.050108419003664,dropped_queue_full,,,
3853,2,1,16.054166666666667,16.054250829009106,completed,16.111798984988127,57.63231832145976,34.2125129699707
3854,3,1,16.058333333333334,16.059152180008823,completed,16.121397659997456,63.064326664122206,34.154720306396484
3855,0,1,16.0625,16.063781825010665,completed,16.131110001006164,68.61000100616366,34.11804962158203
3856,1,0,16.066666666666666,16.068580711988034,dropped_queue_full,,,
3857,2,0,16.070833333333333,16.0709504839906,dropped_queue_full,,,
3858,3,0,16.075,16.075056153000332,dropped_queue_full,,,
3859,0,0,16.079166666666666,16.079169748001732,dropped_queue_full,,,
3860,1,1,16.083333333333332,16.083480066998163,completed,16.137229596992256,53.89626365892397,33.95996856689453
3861,2,1,16.0875,16.088086898002075,completed,16.145903644995997,58.40364499599815,33.9791374206543
3862,3,1,16.091666666666665,16.092699961998733,completed,16.154751803987892,63.085137321227336,34.07129669189453
3863,0,1,16.09583333333333,16.097250146005535,completed,16.16394600100466,68.11266767132906,34.033470153808594
3864,1,0,16.1,16.101848741993308,dropped_queue_full,,,
3865,2,0,16.104166666666668,16.104227191011887,dropped_queue_full,,,
3866,3,0,16.108333333333334,16.10847804599325,dropped_queue_full,,,
3867,0,0,16.1125,16.112590619013645,dropped_queue_full,,,
3868,1,1,16.116666666666667,16.11679527699016,completed,16.171408046997385,54.74138033071796,34.008480072021484
3869,2,1,16.120833333333334,16.121389795007417,completed,16.180063570005586,59.2302366722528,33.9653434753418
3870,3,1,16.125,16.125965407991316,completed,16.192683174012927,67.68317401292734,34.00940704345703
3871,0,1,16.129166666666666,16.131104541011155,completed,16.19726711299154,68.10044632487333,33.97903823852539
3872,1,0,16.133333333333333,16.13569428998744,dropped_queue_full,,,
3873,2,0,16.1375,16.137552049010992,dropped_queue_full,,,
3874,3,0,16.141666666666666,16.14179370799684,dropped_queue_full,,,
3875,0,0,16.145833333333332,16.145896311005345,dropped_queue_full,,,
3876,1,1,16.15,16.15010766198975,completed,16.20554091100348,55.54091100348302,33.99078369140625
3877,2,1,16.154166666666665,16.15474403000553,completed,16.214168892009184,60.002225342518756,33.98931121826172
3878,3,1,16.15833333333333,16.159359798009973,completed,16.226028361998033,67.69502866470134,34.01228713989258
3879,0,1,16.1625,16.16394075099379,completed,16.2312831839954,68.78318399540007,33.998207092285156
3880,1,0,16.166666666666668,16.168512767006177,dropped_queue_full,,,
3881,2,0,16.170833333333334,16.17092597100418,dropped_queue_full,,,
3882,3,0,16.175,16.17505228999653,dropped_queue_full,,,
3883,0,0,16.179166666666667,16.17926525400253,dropped_queue_full,,,
3884,1,1,16.183333333333334,16.183477676007897,completed,16.23969531498733,56.361981653996196,33.961856842041016
3885,2,1,16.1875,16.18807206398924,completed,16.250588188995607,63.0881889956072,33.96531295776367
3886,3,1,16.191666666666666,16.192675569996936,completed,16.259700761002023,68.03409433535634,34.06934356689453
3887,0,1,16.195833333333333,16.197261691995664,completed,16.26553807000164,69.70473666830657,34.11897659301758
3888,1,0,16.2,16.2024058449897,dropped_queue_full,,,
3889,2,0,16.204166666666666,16.2042715990101,dropped_queue_full,,,
3890,3,0,16.208333333333332,16.208478902000934,dropped_queue_full,,,
3891,0,0,16.2125,16.21258317900356,dropped_queue_full,,,
3892,1,1,16.216666666666665,16.21679347800091,completed,16.274076130008325,57.40946334165997,34.20230484008789
3893,2,1,16.22083333333333,16.22142460598843,completed,16.28397974401014,63.14641067680782,34.207008361816406
3894,3,1,16.225,16.226020517002326,completed,16.293710850994103,68.71085099410124,34.163326263427734
3895,0,1,16.229166666666668,16.230634462001035,dropped_queue_full,,,
3896,1,0,16.233333333333334,16.233477873989614,dropped_queue_full,,,
3897,2,0,16.2375,16.237635361991124,dropped_queue_full,,,
3898,3,0,16.241666666666667,16.241740199999185,dropped_queue_full,,,
3899,0,0,16.245833333333334,16.245952561992453,completed,16.299713543994585,53.88021066125148,33.99737548828125
3900,1,1,16.25,16.250581114989473,completed,16.308064659009688,58.0646590096876,33.89209747314453
3901,2,1,16.254166666666666,16.255143682996277,completed,16.317199904005975,63.0332373393081,33.92380905151367
3902,3,1,16.258333333333333,16.25969313600217,completed,16.326422023994382,68.08869066104961,33.944766998291016
3903,0,1,16.2625,16.26425840900629,dropped_queue_full,,,
3904,1,0,16.266666666666666,16.26679317399976,dropped_queue_full,,,
3905,2,0,16.270833333333332,16.270895697991364,dropped_queue_full,,,
3906,3,0,16.275,16.275028097996255,dropped_queue_full,,,
3907,0,0,16.279166666666665,16.279299493005965,completed,16.333858241006965,54.69157434029981,33.98147201538086
3908,1,1,16.28333333333333,16.283972681005253,completed,16.34211874299217,58.78540965883872,33.967166900634766
3909,2,1,16.2875,16.28911279598833,completed,16.35516755300341,67.66755300341032,33.96054458618164
3910,3,1,16.291666666666668,16.293703075993108,completed,16.359772711002734,68.10604433606571,34.047359466552734
3911,0,1,16.295833333333334,16.29827500198735,dropped_queue_full,,,
3912,1,0,16.3,16.30003487499198,dropped_queue_full,,,
3913,2,0,16.304166666666667,16.304266213002848,dropped_queue_full,,,
3914,3,0,16.308333333333334,16.30838476700592,dropped_queue_full,,,
3915,0,0,16.3125,16.312584856990725,completed,16.367906664003385,55.40666400338523,33.912254333496094
3916,1,1,16.316666666666666,16.31719293099013,completed,16.37633749001543,59.670823348763946,33.96527862548828
3917,2,1,16.320833333333333,16.321814080001786,completed,16.388453536987072,67.620203653739,34.019710540771484
3918,3,1,16.325,16.326414409006247,completed,16.393379866000032,68.37986600003276,34.113792419433594
3919,0,1,16.329166666666666,16.331001243001083,dropped_queue_full,,,
3920,1,0,16.333333333333332,16.333377156988718,dropped_queue_full,,,
3921,2,0,16.3375,16.337580432009418,dropped_queue_full,,,
3922,3,0,16.341666666666665,16.34179218299687,dropped_queue_full,,,
3923,0,0,16.34583333333333,16.345894736994524,completed,16.402165375999175,56.332042665843574,34.1781120300293
3924,1,1,16.35,16.35052401100984,completed,16.413025017012842,63.02501701284058,34.13782501220703
3925,2,1,16.354166666666668,16.355160609993618,completed,16.422212030010996,68.04536334432854,34.225440979003906
3926,3,1,16.358333333333334,16.35976493699127,completed,16.427627858996857,69.29452566352268,34.12623977661133
3927,0,1,16.3625,16.3647195789963,dropped_queue_full,,,
3928,1,0,16.366666666666667,16.366794119996484,dropped_queue_full,,,
3929,2,0,16.370833333333334,16.37089866801398,dropped_queue_full,,,
3930,3,0,16.375,16.37510752401431,dropped_queue_full,,,
3931,0,0,16.379166666666666,16.37921672000084,completed,16.436489754007198,57.32308734053149,34.13119888305664
3932,1,1,16.383333333333333,16.38385815700167,completed,16.446372878999682,63.039545666349284,34.06697463989258
3933,2,1,16.3875,16.38844641399919,completed,16.455543251009658,68.04325100965869,34.013790130615234
3934,3,1,16.391666666666666,16.393045320990495,dropped_queue_full,,,
3935,0,1,16.395833333333332,16.39589760900708,dropped_queue_full,,,
3936,1,0,16.4,16.400108077999903,dropped_queue_full,,,
3937,2,0,16.404166666666665,16.40421561099356,dropped_queue_full,,,
3938,3,0,16.40833333333333,16.40842340499512,completed,16.461754760995973,53.42142766264146,34.01375961303711
3939,0,0,16.4125,16.413018524996005,completed,16.470589455013396,58.0894550133948,33.976158142089844
3940,1,1,16.416666666666668,16.417601902008755,completed,16.47992145299213,63.25478632546222,34.10889434814453
3941,2,1,16.420833333333334,16.42220488601015,completed,16.489108465990284,68.27513265695018,34.065982818603516
3942,3,1,16.425,16.426819293003064,dropped_queue_full,,,
3943,0,1,16.429166666666667,16.42920994400629,dropped_queue_full,,,
3944,1,0,16.433333333333334,16.43342300801305,dropped_queue_full,,,
3945,2,0,16.4375,16.437597988988273,dropped_queue_full,,,
3946,3,0,16.441666666666666,16.441687207989162,completed,16.496067956992192,54.401290325525764,34.2042236328125
3947,0,0,16.445833333333333,16.446366446994944,completed,16.504750993015477,58.917659682144574,34.11840057373047
3948,1,1,16.45,16.450937852001516,completed,16.513647223007865,63.64722300786596,34.03385543823242
3949,2,1,16.454166666666666,16.455536377994576,completed,16.52282989799278,68.66323132611285,34.11385726928711
3950,3,1,16.458333333333332,16.460177925007883,dropped_queue_full,,,
3951,0,1,16.4625,16.462549871997908,dropped_queue_full,,,
3952,1,0,16.466666666666665,16.466794064006535,dropped_queue_full,,,
3953,2,0,16.47083333333333,16.470909402007237,dropped_queue_full,,,
3954,3,0,16.475,16.475107848003972,completed,16.530116270005237,55.11627000523589,34.01996612548828
3955,0,0,16.479166666666668,16.479914911004016,completed,16.539067033998435,59.90036733176751,34.09920120239258
3956,1,1,16.483333333333334,16.484506814013002,completed,16.5509410520026,67.60771866926518,34.139102935791016
3957,2,1,16.4875,16.489101432991447,completed,16.55602409801213,68.52409801213,34.13622283935547
3958,3,1,16.491666666666667,16.493694086995674,dropped_queue_full,,,
3959,0,1,16.495833333333334,16.49590065900702,dropped_queue_full,,,
3960,1,0,16.5,16.500000608008122,dropped_queue_full,,,
3961,2,0,16.504166666666666,16.504268305987353,dropped_queue_full,,,
3962,3,0,16.508333333333333,16.50848030700581,completed,16.564486424991628,56.153091658295295,34.19184112548828
3963,0,0,16.5125,16.513640680990648,completed,16.575503694999497,63.003694999498094,34.10713577270508
3964,1,1,16.516666666666666,16.51821442999062,completed,16.585464186995523,68.79752032885733,34.06800079345703
3965,2,1,16.520833333333332,16.52282275399193,completed,16.5902916979976,69.45836466426769,33.99897766113281
3966,3,1,16.525,16.527438182994956,dropped_queue_full,,,
3967,0,1,16.529166666666665,16.529187264997745,dropped_queue_full,,,
3968,1,0,16.53333333333333,16.533424555003876,dropped_queue_full,,,
3969,2,0,16.5375,16.537636446999386,dropped_queue_full,,,
3970,3,0,16.541666666666668,16.541740182990907,completed,16.59864064899739,56.97398233072093,34.095550537109375
3971,0,0,16.545833333333334,16.546355180005776,completed,16.60748496101587,61.651627682536514,33.97798538208008
3972,1,1,16.55,16.550934449012857,completed,16.61762254999485,67.62254999484796,34.010719299316406
3973,2,1,16.554166666666667,16.555531652993523,dropped_queue_full,,,
3974,3,1,16.558333333333334,16.558373281004606,dropped_queue_full,,,
3975,0,1,16.5625,16.56258319900371,dropped_queue_full,,,
3976,1,0,16.566666666666666,16.56669480999699,dropped_queue_full,,,
3977,2,0,16.570833333333333,16.57089729400468,completed,16.624544569989666,53.71123665633348,34.1376953125
3978,3,0,16.575,16.575498624995816,completed,16.63280221700552,57.80221700551991,34.03420639038086
3979,0,0,16.579166666666666,16.580091179988813,completed,16.642269411997404,63.10274533073823,34.094783782958984
3980,1,1,16.583333333333332,16.585457464010688,completed,16.65143570600776,68.10237267442787,34.014591217041016
3981,2,1,16.5875,16.590283972996986,completed,16.658592110994505,71.09211099450619,33.926273345947266
3982,3,1,16.591666666666665,16.59577861201251,dropped_queue_full,,,
3983,0,1,16.59583333333333,16.595948825008236,dropped_queue_full,,,
3984,1,0,16.6,16.600065105012618,dropped_queue_full,,,
3985,2,0,16.604166666666668,16.604320448997896,dropped_queue_full,,,
3986,3,0,16.608333333333334,16.608436679001898,completed,16.667067442002008,58.73410866867346,34.06550216674805
3987,0,0,16.6125,16.613046365993796,completed,16.680278059007833,67.77805900783207,33.98332977294922
3988,1,1,16.616666666666667,16.61761605698848,completed,16.684931689989753,68.26502332308593,33.99033737182617
3989,2,1,16.620833333333334,16.62219619800453,dropped_queue_full,,,
3990,3,1,16.625,16.62502213701373,dropped_queue_full,,,
3991,0,1,16.629166666666666,16.629215953988023,dropped_queue_full,,,
3992,1,0,16.633333333333333,16.633436442003585,dropped_queue_full,,,
3993,2,0,16.6375,16.637636992003536,completed,16.692697643011343,55.197643011343445,34.05228805541992
3994,3,0,16.641666666666666,16.64226424199296,completed,16.701170990010723,59.50432334405775,34.02431869506836
3995,0,0,16.645833333333332,16.646857738989638,completed,16.713487067987444,67.65373465411173,34.04790496826172
3996,1,1,16.65,16.65142928401474,completed,16.7184173540154,68.41735401540205,34.04115295410156
3997,2,1,16.654166666666665,16.656053768994752,dropped_queue_full,,,
3998,3,1,16.65833333333333,16.658425845002057,dropped_queue_full,,,
3999,0,1,16.6625,16.662559668009635,dropped_queue_full,,,
4000,1,0,16.666666666666668,16.66673937899759,dropped_queue_full,,,
4001,2,0,16.670833333333334,16.67095197198796,completed,16.727054412011057,56.22107867772286,34.13363265991211
4002,3,0,16.675,16.67566268099472,completed,16.73800859201583,63.00859201583009,34.084800720214844
4003,0,0,16.679166666666667,16.68027265899582,completed,16.747481197991874,68.31453132520693,34.115455627441406
4004,1,1,16.683333333333334,16.684925026987912,completed,16.75265092900372,69.31759567038753,34.14371109008789
4005,2,1,16.6875,16.68953506500111,dropped_queue_full,,,
4006,3,1,16.691666666666666,16.691743100003805,dropped_queue_full,,,
4007,0,1,16.695833333333333,16.695950622990495,dropped_queue_full,,,
4008,1,0,16.7,16.70005573099479,dropped_queue_full,,,
4009,2,0,16.704166666666666,16.704267341992818,completed,16.761165673990035,56.99900732336971,34.129791259765625
4010,3,0,16.708333333333332,16.70889874099521,completed,16.771394256007625,63.06092267429264,34.19513702392578
4011,0,0,16.7125,16.713481767015764,completed,16.780554318014765,68.05431801476658,34.11075210571289
4012,1,1,16.716666666666665,16.71808288799366,dropped_queue_full,,,
4013,2,1,16.72083333333333,16.720897925988538,dropped_queue_full,,,
4014,3,1,16.725,16.72510915598832,dropped_queue_full,,,
4015,0,1,16.729166666666668,16.729266934999032,dropped_queue_full,,,
4016,1,0,16.733333333333334,16.733371812995756,completed,16.786905303015374,53.57196968203937,34.20134353637695
4017,2,0,16.7375,16.7380010880006,completed,16.795642190991202,58.14219099120166,34.266334533691406
4018,3,0,16.741666666666667,16.742863644991303,completed,16.804675772989867,63.009106323200115,34.2592658996582
4019,0,0,16.745833333333334,16.74747597798705,completed,16.814372744003776,68.53941067044289,34.21305465698242
4020,1,1,16.75,16.752180595009122,dropped_queue_full,,,
4021,2,1,16.754166666666666,16.754265747003956,dropped_queue_full,,,
4022,3,1,16.758333333333333,16.7584773680137,dropped_queue_full,,,
4023,0,1,16.7625,16.762583939009346,dropped_queue_full,,,
4024,1,0,16.766666666666666,16.76679458800936,completed,16.821276470000157,54.60980333349141,34.08870315551758
4025,2,0,16.770833333333332,16.77138656200259,completed,16.829802868014667,58.969534681335034,34.035518646240234
4026,3,0,16.775,16.77598097998998,completed,16.842946968012257,67.94696801225797,34.15951919555664
4027,0,0,16.779166666666665,16.780548987997463,completed,16.847546786011662,68.38011934499733,34.09267044067383
4028,1,1,16.78333333333333,16.785144577996107,dropped_queue_full,,,
4029,2,1,16.7875,16.78754034001031,dropped_queue_full,,,
4030,3,1,16.791666666666668,16.791739287000382,dropped_queue_full,,,
4031,0,1,16.795833333333334,16.795961677999003,dropped_queue_full,,,
4032,1,0,16.8,16.800053471000865,completed,16.855585548008094,55.5855480080929,34.16876983642578
4033,2,0,16.804166666666667,16.80466798800626,completed,16.864275445987005,60.108779320337646,34.273216247558594
4034,3,0,16.808333333333334,16.80979819400818,completed,16.87604586701491,67.7125336815756,34.27360153198242
4035,0,0,16.8125,16.814367343991762,completed,16.881463869998697,68.96386999869719,34.2749137878418
4036,1,1,16.816666666666666,16.818935552000767,dropped_queue_full,,,
4037,2,1,16.820833333333333,16.820952183014015,dropped_queue_full,,,
4038,3,1,16.825,16.8250550480152,dropped_queue_full,,,
4039,0,1,16.829166666666666,16.829176466999343,dropped_queue_full,,,
4040,1,0,16.833333333333332,16.833424106996972,completed,16.890018881997094,56.68554866376141,34.408447265625
4041,2,0,16.8375,16.838077366992366,completed,16.900588843011064,63.088843011065876,34.34288024902344
4042,3,0,16.841666666666665,16.842939072987065,completed,16.90979844899266,68.13178232599526,34.27299118041992
4043,0,0,16.84583333333333,16.84754143600003,completed,16.91580204400816,69.96871067482857,34.26668930053711
4044,1,1,16.85,16.852125294011785,dropped_queue_full,,,
4045,2,1,16.854166666666668,16.854188844998134,dropped_queue_full,,,
4046,3,1,16.858333333333334,16.858428137988085,dropped_queue_full,,,
4047,0,1,16.8625,16.862529119011015,dropped_queue_full,,,
4048,1,0,16.866666666666667,16.86679648599238,completed,16.924430946004577,57.76427933790984,34.24835205078125
4049,2,0,16.870833333333334,16.871426452009473,completed,16.933860741002718,63.02740766938442,34.17532730102539
4050,3,0,16.875,16.87603841300006,completed,16.9437998420035,68.79984200350009,34.148704528808594
4051,0,0,16.879166666666666,16.880654401989887,dropped_queue_full,,,
4052,1,1,16.883333333333333,16.8834783170023,dropped_queue_full,,,
4053,2,1,16.8875,16.88758203299949,dropped_queue_full,,,
4054,3,1,16.891666666666666,16.891752897005063,dropped_queue_full,,,
4055,0,1,16.895833333333332,16.895953305996954,completed,16.950117424014024,54.28409068069229,34.10063934326172
4056,1,0,16.9,16.90058179901098,completed,16.958753259998048,58.753259998049145,34.160865783691406
4057,2,0,16.904166666666665,16.90518259999226,completed,16.967225155007327,63.05848834066197,34.013919830322266
4058,3,0,16.90833333333333,16.909790684003383,completed,16.97693588200491,68.60254867157778,34.26153564453125
4059,0,0,16.9125,16.91438411999843,dropped_queue_full,,,
4060,1,1,16.916666666666668,16.91675438301172,dropped_queue_full,,,
4061,2,1,16.920833333333334,16.920954111003084,dropped_queue_full,,,
4062,3,1,16.925,16.92506489099469,dropped_queue_full,,,
4063,0,1,16.929166666666667,16.929265190003207,completed,16.984480915998574,55.314249331907206,34.265281677246094
4064,1,0,16.933333333333334,16.933853616996203,completed,16.992908246000297,59.5749126669638,34.04790496826172
4065,2,0,16.9375,16.938438117009355,completed,17.005156925006304,67.65692500630394,34.235679626464844
4066,3,0,16.941666666666666,16.943791806988884,completed,17.00991789001273,68.25122334606348,34.067935943603516
4067,0,0,16.945833333333333,16.948406242998317,dropped_queue_full,,,
4068,1,1,16.95,16.950114387989743,dropped_queue_full,,,
4069,2,1,16.954166666666666,16.954211892996682,dropped_queue_full,,,
4070,3,1,16.958333333333332,16.958426730008796,dropped_queue_full,,,
4071,0,1,16.9625,16.962635244999547,completed,17.018747683992842,56.24768399284363,34.13132858276367
4072,1,0,16.966666666666665,16.967217841011006,completed,17.029710250004428,63.0435833377625,34.09862518310547
4073,2,0,16.97083333333333,16.972328478994314,completed,17.03888723399723,68.05390066389805,34.08931350708008
4074,3,0,16.975,16.976927896990674,completed,17.044250583014218,69.25058301421672,34.19075012207031
4075,0,0,16.979166666666668,16.981499482004438,dropped_queue_full,,,
4076,1,1,16.983333333333334,16.98340731600183,dropped_queue_full,,,
4077,2,1,16.9875,16.98763833398698,dropped_queue_full,,,
4078,3,1,16.991666666666667,16.991795372014167,dropped_queue_full,,,
4079,0,1,16.995833333333334,16.995895350002684,completed,17.053056772012496,57.2234386791628,34.09695816040039
4080,1,0,17.0,17.000577625003643,completed,17.061430670990376,61.4306709903758,34.04163360595703
4081,2,0,17.004166666666666,17.005149731005076,completed,17.071662208007183,67.4955413405165,34.009376525878906
4082,3,0,17.008333333333333,17.009741114015924,dropped_queue_full,,,
4083,0,0,17.0125,17.012580256996443,dropped_queue_full,,,
4084,1,1,17.016666666666666,17.01668620799319,dropped_queue_full,,,
4085,2,1,17.020833333333332,17.02096077799797,dropped_queue_full,,,
4086,3,1,17.025,17.025052251003217,completed,17.078271523991134,53.27152399113544,33.982784271240234
4087,0,1,17.029166666666665,17.029703748004977,completed,17.08711838099407,57.95171432740531,33.981407165527344
4088,1,0,17.03333333333333,17.034287496004254,completed,17.096432104008272,63.09877067494085,34.04342269897461
4089,2,0,17.0375,17.03888049098896,completed,17.10564515698934,68.14515698933832,34.07651138305664
4090,3,0,17.041666666666668,17.04424228699645,completed,17.112587545998394,70.92087933172664,34.14547348022461
4091,0,0,17.045833333333334,17.048975509009324,dropped_queue_full,,,
4092,1,1,17.05,17.050094384991098,dropped_queue_full,,,
4093,2,1,17.054166666666667,17.054320613009622,dropped_queue_full,,,
4094,3,1,17.058333333333334,17.058423567999853,dropped_queue_full,,,
4095,0,1,17.0625,17.06253740299144,completed,17.12143683701288,58.93683701287955,34.183841705322266
4096,1,0,17.066666666666666,17.06711296600406,completed,17.13429850101238,67.63183434571474,34.109344482421875
4097,2,0,17.070833333333333,17.071655195002677,completed,17.13890432100743,68.0709876740977,34.156673431396484
4098,3,0,17.075,17.076223723997828,dropped_queue_full,,,
4099,0,0,17.079166666666666,17.079221719002817,dropped_queue_full,,,
4100,1,1,17.083333333333332,17.08347614100785,dropped_queue_full,,,
4101,2,1,17.0875,17.087597200006712,dropped_queue_full,,,
4102,3,1,17.091666666666665,17.091769477003254,completed,17.146907635004027,55.24096833736181,34.1778564453125
4103,0,1,17.09583333333333,17.09642568201525,completed,17.155694307002705,59.86097366937315,34.131072998046875
4104,1,0,17.1,17.10104723199038,completed,17.167579436005326,67.57943600532457,34.10483169555664
4105,2,0,17.104166666666668,17.10563839401584,completed,17.172652303008363,68.4856363416948,34.12156677246094
4106,3,0,17.108333333333334,17.110213806008687,dropped_queue_full,,,
4107,0,0,17.1125,17.112582917005057,dropped_queue_full,,,
4108,1,1,17.116666666666667,17.116722120001214,dropped_queue_full,,,
4109,2,1,17.120833333333334,17.120952116005355,dropped_queue_full,,,
4110,3,1,17.125,17.125054439005908,completed,17.18111776499427,56.11776499426924,34.15468978881836
4111,0,1,17.129166666666666,17.129699995013652,completed,17.192516089009587,63.34942234292029,34.15203094482422
4112,1,0,17.133333333333333,17.134292008006014,completed,17.20169424501364,68.36091168030833,34.1234245300293
4113,2,0,17.1375,17.138897186989198,completed,17.206962533993647,69.46253399364721,34.105342864990234
4114,3,0,17.141666666666666,17.14373479699134,dropped_queue_full,,,
4115,0,0,17.145833333333332,17.14595216998714,dropped_queue_full,,,
4116,1,1,17.15,17.15005680799368,dropped_queue_full,,,
4117,2,1,17.154166666666665,17.15426626399858,dropped_queue_full,,,
4118,3,1,17.15833333333333,17.158371694007656,completed,17.215273392008385,56.94005867505325,34.0266227722168
4119,0,1,17.1625,17.16297459800262,completed,17.225514897989342,63.01489798934057,34.00726318359375
4120,1,0,17.166666666666668,17.167572964011924,completed,17.234696450992487,68.02978432581952,34.00406265258789
4121,2,0,17.170833333333334,17.172182931011776,dropped_queue_full,,,
4122,3,0,17.175,17.175020883005345,dropped_queue_full,,,
4123,0,0,17.179166666666667,17.17921370800468,dropped_queue_full,,,
4124,1,1,17.183333333333334,17.183478680002736,dropped_queue_full,,,
4125,2,1,17.1875,17.18762099999003,completed,17.24096115201246,53.461152012459934,33.9694709777832
4126,3,1,17.191666666666666,17.19251048899605,completed,17.249433187011164,57.76652034449725,34.067935943603516
4127,0,1,17.195833333333333,17.197084026993252,completed,17.258912354998756,63.07902166542334,33.9156494140625
4128,1,0,17.2,17.20168739199289,completed,17.268571966007585,68.57196600758542,34.0412483215332
4129,2,0,17.204166666666666,17.206305936007993,dropped_queue_full,,,
4130,3,0,17.208333333333332,17.20838737100712,dropped_queue_full,,,
4131,0,0,17.2125,17.21258439400117,dropped_queue_full,,,
4132,1,1,17.216666666666665,17.216698049014667,dropped_queue_full,,,
4133,2,1,17.22083333333333,17.22090175500489,completed,17.27527597200242,54.44263866908727,34.06108856201172
4134,3,1,17.225,17.225510009011487,completed,17.283594404987525,58.594404987523774,34.08230209350586
4135,0,1,17.229166666666668,17.2301031149982,completed,17.297011123009725,67.84445634305669,34.18592071533203
4136,1,0,17.233333333333334,17.234689808014082,completed,17.301585212000646,68.25187866731142,34.114593505859375
4137,2,0,17.2375,17.239274107007077,dropped_queue_full,,,
4138,3,0,17.241666666666667,17.241755891998764,dropped_queue_full,,,
4139,0,0,17.245833333333334,17.245845441007987,dropped_queue_full,,,
4140,1,1,17.25,17.250066701002652,dropped_queue_full,,,
4141,2,1,17.254166666666666,17.254266509000445,completed,17.309482956014108,55.31628934744148,34.161407470703125
4142,3,1,17.258333333333333,17.25890704500489,completed,17.31800871298765,59.67537965431546,34.17068862915039
4143,0,1,17.2625,17.263493717997335,completed,17.330126273009228,67.6262730092283,34.07913589477539
4144,1,0,17.266666666666666,17.26856497299741,completed,17.335241280001355,68.57461333468962,34.007232666015625
4145,2,0,17.270833333333332,17.27320659000543,dropped_queue_full,,,
4146,3,0,17.275,17.275109325011726,dropped_queue_full,,,
4147,0,0,17.279166666666665,17.27921407300164,dropped_queue_full,,,
4148,1,1,17.28333333333333,17.283425925008487,dropped_queue_full,,,
4149,2,1,17.2875,17.287635151005816,completed,17.343693697999697,56.19369799969576,34.046913146972656
4150,3,1,17.291666666666668,17.292339267005445,completed,17.352219034015434,60.55236734876601,34.092735290527344
4151,0,1,17.295833333333334,17.2970059030049,completed,17.36345166299725,67.61832966391523,34.117759704589844
4152,1,0,17.3,17.301578660000814,completed,17.369275086006382,69.27508600638177,34.109214782714844
4153,2,0,17.304166666666667,17.30616784800077,dropped_queue_full,,,
4154,3,0,17.308333333333334,17.308379911002703,dropped_queue_full,,,
4155,0,0,17.3125,17.31263708800543,dropped_queue_full,,,
4156,1,1,17.316666666666666,17.31673831900116,dropped_queue_full,,,
4157,2,1,17.320833333333333,17.320952234993456,completed,17.37790390799637,57.070574663036666,34.169822692871094
4158,3,1,17.325,17.325539268989814,completed,17.387994316988625,62.99431698862534,34.04937744140625
4159,0,1,17.329166666666666,17.33012096301536,completed,17.39735895799822,68.19229133155602,34.06563186645508
4160,1,0,17.333333333333332,17.335234586993465,completed,17.403534009004943,70.20067567161092,34.026336669921875
4161,2,0,17.3375,17.339824577007676,dropped_queue_full,,,
4162,3,0,17.341666666666665,17.34179285701248,dropped_queue_full,,,
4163,0,0,17.34583333333333,17.345899658015696,dropped_queue_full,,,
4164,1,1,17.35,17.350001851998968,dropped_queue_full,,,
4165,2,1,17.354166666666668,17.354266684007598,completed,17.41213774398784,57.97107732117368,33.97462463378906
4166,3,1,17.358333333333334,17.358883684995817,completed,17.4214844800008,63.15114666746524,34.051361083984375
4167,0,1,17.3625,17.363446272996953,completed,17.43061929399846,68.1192939984605,33.92047882080078
4168,1,0,17.366666666666667,17.36803975899238,dropped_queue_full,,,
4169,2,0,17.370833333333334,17.370858364010928,dropped_queue_full,,,
4170,3,0,17.375,17.375052982009947,dropped_queue_full,,,
4171,0,0,17.379166666666666,17.379169112013187,dropped_queue_full,,,
4172,1,1,17.383333333333333,17.383370653988095,completed,17.43754063299275,54.207299659417174,33.8963508605957
4173,2,1,17.3875,17.387986823014216,completed,17.44617096800357,58.670968003571744,33.992801666259766
4174,3,1,17.391666666666666,17.392578114988282,completed,17.454693358013174,63.026691346507846,33.94819259643555
4175,0,1,17.395833333333332,17.3973537379934,completed,17.463975691993255,68.14235865992302,34.07408142089844
4176,1,0,17.4,17.40193711500615,dropped_queue_full,,,
4177,2,0,17.404166666666665,17.40417013701517,dropped_queue_full,,,
4178,3,0,17.40833333333333,17.408423196990043,dropped_queue_full,,,
4179,0,0,17.4125,17.412616243003868,dropped_queue_full,,,
4180,1,1,17.416666666666668,17.416798116988502,completed,17.47185423001065,55.18756334398134,34.104576110839844
4181,2,1,17.420833333333334,17.421476724994136,completed,17.480487419990823,59.65408665748839,34.108192443847656
4182,3,1,17.425,17.42605586501304,completed,17.492732824000996,67.7328240009949,34.17571258544922
4183,0,1,17.429166666666667,17.430613964010263,completed,17.497838954004692,68.67228733802477,34.11369705200195
4184,1,0,17.433333333333334,17.435185648995684,dropped_queue_full,,,
4185,2,0,17.4375,17.43753700601519,dropped_queue_full,,,
4186,3,0,17.441666666666666,17.441739078989485,dropped_queue_full,,,
4187,0,0,17.445833333333333,17.445843316003447,dropped_queue_full,,,
4188,1,1,17.45,17.450052071013488,completed,17.50609084998723,56.090849987231906,34.04313659667969
4189,2,1,17.454166666666666,17.45468565399642,completed,17.51469750099932,60.53083433265272,34.15590286254883
4190,3,1,17.458333333333332,17.4593882879999,completed,17.52604867500486,67.71534167152637,34.26668930053711
4191,0,1,17.4625,17.463970162003534,completed,17.53195872300421,69.4587230042103,34.152896881103516
4192,1,0,17.466666666666665,17.468540855014,dropped_queue_full,,,
4193,2,0,17.47083333333333,17.47090098899207,dropped_queue_full,,,
4194,3,0,17.475,17.47510891300044,dropped_queue_full,,,
4195,0,0,17.479166666666668,17.47921275900444,dropped_queue_full,,,
4196,1,1,17.483333333333334,17.483477650996065,completed,17.540493175998563,57.159842665228666,34.34822463989258
4197,2,1,17.4875,17.48813539999537,completed,17.550573276006617,63.07327600661594,34.142337799072266
4198,3,1,17.491666666666667,17.49272501899395,completed,17.559800454997458,68.13378833079042,34.238975524902344
4199,0,1,17.495833333333334,17.497833683999488,completed,17.56627442399622,70.44109066288584,34.23779296875
4200,1,0,17.5,17.502427300991258,dropped_queue_full,,,
4201,2,0,17.504166666666666,17.50417857800494,dropped_queue_full,,,
4202,3,0,17.508333333333333,17.50848798401421,dropped_queue_full,,,
4203,0,0,17.5125,17.51263697599643,dropped_queue_full,,,
4204,1,1,17.516666666666666,17.51674113300396,completed,17.574748162005562,58.081495338896616,34.03305435180664
4205,2,1,17.520833333333332,17.52143203499145,completed,17.584227930987254,63.394597653921636,34.163455963134766
4206,3,1,17.525,17.526040880009532,completed,17.593581821012776,68.58182101277777,33.95747375488281
4207,0,1,17.529166666666665,17.530681216012454,dropped_queue_full,,,
4208,1,0,17.53333333333333,17.533383358997526,dropped_queue_full,,,
4209,2,0,17.5375,17.537580703006824,dropped_queue_full,,,
4210,3,0,17.541666666666668,17.541759281011764,dropped_queue_full,,,
4211,0,0,17.545833333333334,17.54595097398851,completed,17.600420272006886,54.5869386735518,34.009376525878906
4212,1,1,17.55,17.550566402991535,completed,17.608909680013312,58.909680013311316,33.995296478271484
4213,2,1,17.554166666666667,17.555174917011755,completed,17.621973588014953,67.8069213482857,34.03833770751953
4214,3,1,17.558333333333334,17.559793001011712,completed,17.626593174005393,68.25984067205937,34.19276809692383
4215,0,1,17.5625,17.564407035999466,dropped_queue_full,,,
4216,1,0,17.566666666666666,17.566753783990862,dropped_queue_full,,,
4217,2,0,17.570833333333333,17.570952300011413,dropped_queue_full,,,
4218,3,0,17.575,17.57506738801021,dropped_queue_full,,,
4219,0,0,17.579166666666666,17.579266465007095,completed,17.634703160991194,55.53649432452801,34.12406539916992
4220,1,1,17.583333333333332,17.58421887399163,completed,17.643180184997618,59.84685166428605,34.13782501220703
4221,2,1,17.5875,17.588956813997356,completed,17.65521153100417,67.71153100417138,34.133758544921875
4222,3,1,17.591666666666665,17.593574155995157,completed,17.66038381701219,68.71715034552395,34.05683135986328
4223,0,1,17.59583333333333,17.59818080801051,dropped_queue_full,,,
4224,1,0,17.6,17.600092119013425,dropped_queue_full,,,
4225,2,0,17.604166666666668,17.604213568003615,dropped_queue_full,,,
4226,3,0,17.608333333333334,17.608426291000796,dropped_queue_full,,,
4227,0,0,17.6125,17.61257104499964,completed,17.668956623005215,56.45662300521437,34.09718322753906
4228,1,1,17.616666666666667,17.61737372900825,completed,17.6772728220094,60.60615534273239,34.022911071777344
4229,2,1,17.620833333333334,17.621966234000865,completed,17.688958771992475,68.12543865914122,34.04652786254883
4230,3,1,17.625,17.62658478799858,completed,17.694376805011416,69.37680501141585,34.1525764465332
4231,0,1,17.629166666666666,17.63170601701131,dropped_queue_full,,,
4232,1,0,17.633333333333333,17.633432556991465,dropped_queue_full,,,
4233,2,0,17.6375,17.63756544800708,dropped_queue_full,,,
4234,3,0,17.641666666666666,17.641750058013713,dropped_queue_full,,,
4235,0,0,17.645833333333332,17.64584452600684,completed,17.70325901900651,57.425685673177185,34.096927642822266
4236,1,1,17.65,17.650611471995944,completed,17.713531965011498,63.53196501149938,34.124961853027344
4237,2,1,17.654166666666665,17.655204478011,completed,17.722792187007144,68.62552034047908,34.06940841674805
4238,3,1,17.65833333333333,17.660376123007154,completed,17.72852801400586,70.19468067252888,34.09443283081055
4239,0,1,17.6625,17.664986841991777,dropped_queue_full,,,
4240,1,0,17.666666666666668,17.666773306002142,dropped_queue_full,,,
4241,2,0,17.670833333333334,17.67085505000432,dropped_queue_full,,,
4242,3,0,17.675,17.675054296996677,dropped_queue_full,,,
4243,0,0,17.679166666666667,17.67916823300766,completed,17.737644932989497,58.4782663228296,34.207359313964844
4244,1,1,17.683333333333334,17.684358803991927,completed,17.746533469005954,63.20013567261995,34.22796630859375
4245,2,1,17.6875,17.68895144801354,completed,17.756230561004486,68.73056100448593,34.387489318847656
4246,3,1,17.691666666666666,17.69356958201388,dropped_queue_full,,,
4247,0,1,17.695833333333333,17.695950986002572,dropped_queue_full,,,
4248,1,0,17.7,17.70005861899699,dropped_queue_full,,,
4249,2,0,17.704166666666666,17.70421130800969,dropped_queue_full,,,
4250,3,0,17.708333333333332,17.70842624499346,completed,17.763037433003774,54.704099670441764,34.335105895996094
4251,0,0,17.7125,17.71352548300638,completed,17.772010518994648,59.51051899464943,34.22937774658203
4252,1,1,17.716666666666665,17.718186337006046,completed,17.780322800012073,63.65613334540754,34.19900894165039
4253,2,1,17.72083333333333,17.72278495298815,completed,17.789455210004235,68.62187667090325,34.14441680908203
4254,3,1,17.725,17.727374381996924,dropped_queue_full,,,
4255,0,1,17.729166666666668,17.729176616005134,dropped_queue_full,,,
4256,1,0,17.733333333333334,17.73342637901078,dropped_queue_full,,,
4257,2,0,17.7375,17.737638752005296,dropped_queue_full,,,
4258,3,0,17.741666666666667,17.741764148988295,completed,17.79737909301184,55.71242634517404,34.16572952270508
4259,0,0,17.745833333333334,17.74652663600864,completed,17.806219657999463,60.38632466612981,34.10406494140625
4260,1,1,17.75,17.751618840004085,completed,17.817839883005945,67.83988300594501,34.085758209228516
4261,2,1,17.754166666666666,17.756223408010555,completed,17.823176111007342,69.00944434067569,34.0511360168457
4262,3,1,17.758333333333333,17.760806153994054,dropped_queue_full,,,
4263,0,1,17.7625,17.76255607799976,dropped_queue_full,,,
4264,1,0,17.766666666666666,17.76679635400069,dropped_queue_full,,,
4265,2,0,17.770833333333332,17.77089646301465,dropped_queue_full,,,
4266,3,0,17.775,17.775110999005847,completed,17.831541872990783,56.541872990784725,34.02995300292969
4267,0,0,17.779166666666665,17.78030754099018,completed,17.842767449008534,63.60078234186872,33.972801208496094
4268,1,1,17.78333333333333,17.784887482004706,completed,17.853402072010795,70.06873867746322,33.997249603271484
4269,2,1,17.7875,17.78944795599091,completed,17.85801976500079,70.51976500078894,34.065311431884766
4270,3,1,17.791666666666668,17.79401934001362,dropped_queue_full,,,
4271,0,1,17.795833333333334,17.795939869014546,dropped_queue_full,,,
4272,1,0,17.8,17.800056829990353,dropped_queue_full,,,
4273,2,0,17.804166666666667,17.804183358995942,dropped_queue_full,,,
4274,3,0,17.808333333333334,17.80842683100491,completed,17.865745010989485,57.41167765615174,34.17884826660156
4275,0,0,17.8125,17.813234083005227,completed,17.87464462799835,62.14462799835019,34.26358413696289
4276,1,1,17.816666666666666,17.817833390989108,completed,17.884961828007363,68.29516134069635,34.279937744140625
4277,2,1,17.820833333333333,17.822835163009586,dropped_queue_full,,,
4278,3,1,17.825,17.825060230010422,dropped_queue_full,,,
4279,0,1,17.829166666666666,17.82932236700435,dropped_queue_full,,,
4280,1,0,17.833333333333332,17.83342454000376,dropped_queue_full,,,
4281,2,0,17.8375,17.83758345100796,completed,17.891751677001594,54.251677001595056,34.279937744140625
4282,3,0,17.841666666666665,17.842761276988313,completed,17.900115475989878,58.44880932321317,34.28425598144531
4283,0,0,17.84583333333333,17.848383408010704,completed,17.909407869010465,63.57453567713378,34.17241668701172
4284,1,1,17.85,17.853395309008192,completed,17.918606413993984,68.60641399398304,34.15296173095703
4285,2,1,17.854166666666668,17.858013042015955,completed,17.92606297900784,71.89631234117044,34.13372802734375
4286,3,1,17.858333333333334,17.862585928989574,dropped_dispatch_late,,,
4287,0,1,17.8625,17.862593633995857,dropped_queue_full,,,
4288,1,0,17.866666666666667,17.86669527599588,dropped_queue_full,,,
4289,2,0,17.870833333333334,17.870857272995636,dropped_queue_full,,,
4290,3,0,17.875,17.87512242500088,completed,17.934433020011056,59.433020011056215,34.13568115234375
4291,0,0,17.879166666666666,17.88030031201197,completed,17.947024169989163,67.85750332249663,34.16569519042969
4292,1,1,17.883333333333333,17.884955274988897,completed,17.95194344499032,68.61011165698727,34.13577651977539
4293,2,1,17.8875,17.88955102598993,dropped_queue_full,,,
4294,3,1,17.891666666666666,17.89174723799806,dropped_queue_full,,,
4295,0,1,17.895833333333332,17.89587773499079,dropped_queue_full,,,
4296,1,0,17.9,17.900107099994784,dropped_queue_full,,,
4297,2,0,17.904166666666665,17.904214473004686,completed,17.96032510799705,56.1584413303855,34.135009765625
4298,3,0,17.90833333333333,17.90940225799568,completed,17.96864306999487,60.30973666153727,34.15241622924805
4299,0,0,17.9125,17.91400664500543,completed,17.980312419007532,67.81241900753088,34.07654571533203
4300,1,1,17.916666666666668,17.918600031000096,completed,17.9859588459949,69.29217932823306,34.11212921142578
4301,2,1,17.920833333333334,17.923207485000603,dropped_queue_full,,,
4302,3,1,17.925,17.925108696013922,dropped_queue_full,,,
4303,0,1,17.929166666666667,17.929213324008742,dropped_queue_full,,,
4304,1,0,17.933333333333334,17.933476943988353,dropped_queue_full,,,
4305,2,0,17.9375,17.93758172201342,completed,17.99448740799562,56.98740799562074,34.085601806640625
4306,3,0,17.941666666666666,17.942402540007606,completed,18.00468955899123,63.022892324564594,34.1135368347168
4307,0,0,17.945833333333333,17.947018859995296,completed,18.013988705002703,68.15537166936991,34.08777618408203
4308,1,1,17.95,17.9519364220032,completed,18.020212278992403,70.21227899240401,34.019168853759766
4309,2,1,17.954166666666666,17.956546360015636,dropped_queue_full,,,
4310,3,1,17.958333333333332,17.958427492994815,dropped_queue_full,,,
4311,0,1,17.9625,17.96253851300571,dropped_queue_full,,,
4312,1,0,17.966666666666665,17.96674206899479,dropped_queue_full,,,
4313,2,0,17.97083333333333,17.970902533008484,completed,18.028809871990234,57.97653865690222,34.0684814453125
4314,3,0,17.975,17.975658818002557,completed,18.038044735993026,63.0447359930244,34.0681266784668
4315,0,0,17.979166666666668,17.980307009012904,completed,18.04755896999268,68.39230332601076,33.99407958984375
4316,1,1,17.983333333333334,17.985467452002922,dropped_queue_full,,,
4317,2,1,17.9875,17.987542393995682,dropped_queue_full,,,
4318,3,1,17.991666666666667,17.991813748987624,dropped_queue_full,,,
4319,0,1,17.995833333333334,17.995910400990397,dropped_queue_full,,,
4320,1,0,18.0,18.000002395012416,completed,18.05438843401498,54.38843401498161,34.046878814697266
4321,2,0,18.004166666666666,18.004681924998295,completed,18.06292825800483,58.76159133816472,34.132320404052734
4322,3,0,18.008333333333333,18.009271012997488,completed,18.075933774991427,67.60044165809376,34.30012893676758
4323,0,0,18.0125,18.01398338499712,completed,18.080546548007987,68.04654800798815,34.25987243652344
4324,1,1,18.016666666666666,18.018616566987475,dropped_queue_full,,,
4325,2,1,18.020833333333332,18.020850720989984,dropped_queue_full,,,
4326,3,1,18.025,18.025060368992854,dropped_queue_full,,,
4327,0,1,18.029166666666665,18.02928777001216,dropped_queue_full,,,
4328,1,0,18.03333333333333,18.0333722489886,completed,18.088639252004214,55.30591867088219,34.17897415161133
4329,2,0,18.0375,18.038037080987124,completed,18.097329642012483,59.82964201248109,34.26448059082031
4330,3,0,18.041666666666668,18.042942741012666,completed,18.1094286669977,67.76200033103308,34.14223861694336
4331,0,0,18.045833333333334,18.047553649987094,completed,18.114705331012374,68.87199767903951,34.243072509765625
4332,1,1,18.05,18.052945242990972,dropped_queue_full,,,
4333,2,1,18.054166666666667,18.05422164799529,dropped_queue_full,,,
4334,3,1,18.058333333333334,18.058479125989834,dropped_queue_full,,,
4335,0,1,18.0625,18.062599633994978,dropped_queue_full,,,
4336,1,0,18.066666666666666,18.066688391001662,completed,18.123060673999134,56.39400733246802,34.26425552368164
4337,2,0,18.070833333333333,18.07132503000321,completed,18.13391114701517,63.0778136818364,34.16284942626953
4338,3,0,18.075,18.07592601000215,completed,18.143266639992362,68.2666399923626,34.13596725463867
4339,0,0,18.079166666666666,18.08054105800693,completed,18.148909871000797,69.74320433413084,34.126625061035156
4340,1,1,18.083333333333332,18.08515998200164,dropped_queue_full,,,
4341,2,1,18.0875,18.087540615000762,dropped_queue_full,,,
4342,3,1,18.091666666666665,18.091792693012394,dropped_queue_full,,,
4343,0,1,18.09583333333333,18.09589604800567,dropped_queue_full,,,
4344,1,0,18.1,18.10001029400155,completed,18.15743366398965,57.433663989648664,34.14419174194336
4345,2,0,18.104166666666668,18.104732034000335,completed,18.167218882997986,63.05221633131808,34.143455505371094
4346,3,0,18.108333333333334,18.109420991997467,completed,18.176449027989293,68.11569465595824,34.31110382080078
4347,0,0,18.1125,18.11405486500007,dropped_queue_full,,,
4348,1,1,18.116666666666667,18.116738564014668,dropped_queue_full,,,
4349,2,1,18.120833333333334,18.120844163000584,dropped_queue_full,,,
4350,3,1,18.125,18.12511023800471,dropped_queue_full,,,
4351,0,1,18.129166666666666,18.129217790992698,completed,18.183272251015296,54.105584348629776,34.17270278930664
4352,1,0,18.133333333333333,18.133904093992896,completed,18.19176521501504,58.43188168170599,34.22553634643555
4353,2,0,18.1375,18.138549839000916,completed,18.201639653998427,64.1396539984278,34.052032470703125
4354,3,0,18.141666666666666,18.143258514988702,completed,18.211939280998195,70.27261433152887,34.111968994140625
4355,0,0,18.145833333333332,18.147996025014436,dropped_queue_full,,,
4356,1,1,18.15,18.150020330009283,dropped_queue_full,,,
4357,2,1,18.154166666666665,18.154267940000864,dropped_queue_full,,,
4358,3,1,18.15833333333333,18.158383358007995,dropped_queue_full,,,
4359,0,1,18.1625,18.162579860014375,completed,18.21754433901515,55.04433901514716,34.14371109008789
4360,1,0,18.166666666666668,18.167211519001285,completed,18.225907787011238,59.241120344569964,34.000640869140625
4361,2,0,18.170833333333334,18.171823401004076,completed,18.23867908900138,67.84575566804563,34.17897415161133
4362,3,0,18.175,18.176441354007693,completed,18.243334272992797,68.33427299279649,34.03907012939453
4363,0,0,18.179166666666667,18.181072622013744,dropped_queue_full,,,
4364,1,1,18.183333333333334,18.183435721002752,dropped_queue_full,,,
4365,2,1,18.1875,18.187530069000786,dropped_queue_full,,,
4366,3,1,18.191666666666666,18.191753432998667,dropped_queue_full,,,
4367,0,1,18.195833333333333,18.195883678999962,completed,18.25169839299633,55.86505966299882,34.022335052490234
4368,1,0,18.2,18.20163188900915,completed,18.260011484991992,60.0114849919926,34.02537536621094
4369,2,0,18.204166666666666,18.2067991560034,completed,18.272465324000223,68.29865733355689,33.942657470703125
4370,3,0,18.208333333333332,18.211930624005618,completed,18.277261576004094,68.92824267076136,34.04761505126953
4371,0,0,18.2125,18.21704825598863,dropped_dispatch_late,,,
4372,1,1,18.216666666666665,18.21705665200716,dropped_queue_full,,,
4373,2,1,18.22083333333333,18.220844828989357,dropped_queue_full,,,
4374,3,1,18.225,18.225107776990626,dropped_queue_full,,,
4375,0,1,18.229166666666668,18.229242853005417,completed,18.28587007999886,56.70341333219042,34.03843307495117
4376,1,0,18.233333333333334,18.234038824011805,completed,18.294276600005105,60.94326667177086,34.06409454345703
4377,2,0,18.2375,18.23867193600745,completed,18.30544950600597,67.94950600597005,34.10947036743164
4378,3,0,18.241666666666667,18.24332629799028,completed,18.311273480008822,69.6068133421548,34.1319694519043
4379,0,0,18.245833333333334,18.247945222014096,dropped_queue_full,,,
4380,1,1,18.25,18.250112059002277,dropped_queue_full,,,
4381,2,1,18.254166666666666,18.254213289998006,dropped_queue_full,,,
4382,3,1,18.258333333333333,18.25842543199542,dropped_queue_full,,,
4383,0,1,18.2625,18.26254788399092,completed,18.319928101002006,57.42810100200657,34.005889892578125
4384,1,0,18.266666666666666,18.26727128701168,completed,18.329882713005645,63.21604633897948,33.95558547973633
4385,2,0,18.270833333333332,18.272457379003754,completed,18.339157422014978,68.32408868164563,34.05952072143555
4386,3,0,18.275,18.27725369099062,completed,18.34532906700042,70.32906700042219,33.987422943115234
4387,0,0,18.279166666666665,18.281898635003017,dropped_queue_full,,,
4388,1,1,18.28333333333333,18.283478777011624,dropped_queue_full,,,
4389,2,1,18.2875,18.287635734013747,dropped_queue_full,,,
4390,3,1,18.291666666666668,18.291763746005017,dropped_queue_full,,,
4391,0,1,18.295833333333334,18.29585891601164,completed,18.354274100012844,58.44076667951015,34.09036636352539
4392,1,0,18.3,18.300816544011468,completed,18.363190819014562,63.19081901456158,34.10009765625
4393,2,0,18.304166666666667,18.305442251992645,completed,18.37242816798971,68.2615013230432,34.02751922607422
4394,3,0,18.308333333333334,18.31013727100799,dropped_queue_full,,,
4395,0,0,18.3125,18.31254130799789,dropped_queue_full,,,
4396,1,1,18.316666666666666,18.316758730012225,dropped_queue_full,,,
4397,2,1,18.320833333333333,18.32088310600375,dropped_queue_full,,,
4398,3,1,18.325,18.325107631011633,completed,18.379543404997094,54.543404997094314,34.061790466308594
4399,0,1,18.329166666666666,18.32987648100243,completed,18.3883257189882,59.15905232153307,34.016929626464844
4400,1,0,18.333333333333332,18.3345041119901,completed,18.401306129002478,67.97279566914582,33.97875213623047
4401,2,0,18.3375,18.339150509011233,completed,18.405982633004896,68.48263300489776,33.96601486206055
4402,3,0,18.341666666666665,18.344374693988357,dropped_queue_full,,,
4403,0,0,18.34583333333333,18.345970355003374,dropped_queue_full,,,
4404,1,1,18.35,18.350045346014667,dropped_queue_full,,,
4405,2,1,18.354166666666668,18.354267357004574,dropped_queue_full,,,
4406,3,1,18.358333333333334,18.35848288598936,completed,18.41369320100057,55.35986766723511,34.102943420410156
4407,0,1,18.3625,18.363184307003394,completed,18.42248665599618,59.98665599618036,34.00252914428711
4408,1,0,18.366666666666667,18.367813301010756,completed,18.434724474995164,68.05780832849706,34.00700759887695
4409,2,0,18.370833333333334,18.372421084990492,completed,18.439529213006608,68.69587967327462,34.07932662963867
4410,3,0,18.375,18.377028977993177,dropped_queue_full,,,
4411,0,0,18.379166666666666,18.379218568006763,dropped_queue_full,,,
4412,1,1,18.383333333333333,18.38342353599728,dropped_queue_full,,,
4413,2,1,18.3875,18.387528855993878,dropped_queue_full,,,
4414,3,1,18.391666666666666,18.391793616989162,completed,18.44785249501001,56.18582834334518,34.02134323120117
4415,0,1,18.395833333333332,18.39649042999372,completed,18.459033735998673,63.200402665341215,34.02595138549805
4416,1,0,18.4,18.40120943498914,completed,18.468295702012256,68.29570201225721,34.04652786254883
4417,2,0,18.404166666666665,18.4059757500072,completed,18.473618854011875,69.45218734520964,34.045440673828125
4418,3,0,18.40833333333333,18.410623650008347,dropped_queue_full,,,
4419,0,0,18.4125,18.412541974015767,dropped_queue_full,,,
4420,1,1,18.416666666666668,18.41679300001124,dropped_queue_full,,,
4421,2,1,18.420833333333334,18.420913487992948,dropped_queue_full,,,
4422,3,1,18.425,18.425012485007755,completed,18.48211920299218,57.11920299217965,34.126625061035156
4423,0,1,18.429166666666667,18.430049123009667,completed,18.49226972600445,63.10305933778437,34.032958984375
4424,1,0,18.433333333333334,18.43471777200466,completed,18.502064353000605,68.73101966727191,34.016319274902344
4425,2,0,18.4375,18.439354080008343,dropped_queue_full,,,
4426,3,0,18.441666666666666,18.441742727998644,dropped_queue_full,,,
4427,0,0,18.445833333333333,18.445951042987872,dropped_queue_full,,,
4428,1,1,18.45,18.450015173002612,dropped_queue_full,,,
4429,2,1,18.454166666666666,18.45421337900916,completed,18.507868398999562,53.70173233289677,34.06633758544922
4430,3,1,18.458333333333332,18.459028395998757,completed,18.516220146004343,57.886812671011256,34.00601577758789
4431,0,1,18.4625,18.46365678901202,completed,18.525607860006858,63.107860006859084,34.07020950317383
4432,1,0,18.466666666666665,18.468289159005508,completed,18.534930480003823,68.26381333715759,34.011871337890625
4433,2,0,18.47083333333333,18.47296813799767,dropped_queue_full,,,
4434,3,0,18.475,18.475043009995716,dropped_queue_full,,,
4435,0,0,18.479166666666668,18.479266423004447,dropped_queue_full,,,
4436,1,1,18.483333333333334,18.483383154001785,dropped_queue_full,,,
4437,2,1,18.4875,18.487582792004105,completed,18.54196080600377,54.46080600377101,34.05043029785156
4438,3,1,18.491666666666667,18.49226455600001,completed,18.55043751001358,58.77084334691318,33.99814224243164
4439,0,1,18.495833333333334,18.49687876200187,completed,18.563511326996377,67.67799366304317,34.01510238647461
4440,1,0,18.5,18.50205740999081,completed,18.568151612009387,68.15161200938746,34.09632110595703
4441,2,0,18.504166666666666,18.506903016008437,dropped_queue_full,,,
4442,3,0,18.508333333333333,18.508482286008075,dropped_queue_full,,,
4443,0,0,18.5125,18.512584899988724,dropped_queue_full,,,
4444,1,1,18.516666666666666,18.516697782994015,dropped_queue_full,,,
4445,2,1,18.520833333333332,18.520897792011965,completed,18.57626985499519,55.436521661857086,34.11702346801758
4446,3,1,18.525,18.525601817993447,completed,18.58464696901501,59.646969015012985,34.18320083618164
4447,0,1,18.529166666666665,18.530263565015048,completed,18.596947276004357,67.78060933769225,34.08415985107422
4448,1,0,18.53333333333333,18.53492387800361,completed,18.601765991013963,68.43265768063134,34.0211181640625
4449,2,0,18.5375,18.539608337014215,dropped_queue_full,,,
4450,3,0,18.541666666666668,18.54179383898736,dropped_queue_full,,,
4451,0,0,18.545833333333334,18.545898977987235,dropped_queue_full,,,
4452,1,1,18.55,18.550108575000195,dropped_queue_full,,,
4453,2,1,18.554166666666667,18.554212612012634,completed,18.61043222399894,56.26555733227434,33.98160171508789
4454,3,1,18.558333333333334,18.558890709013212,completed,18.621475073014153,63.1417396808196,33.97999954223633
4455,0,1,18.5625,18.56350585600012,completed,18.630735926009947,68.23592600994743,34.02796936035156
4456,1,0,18.566666666666666,18.568144849006785,completed,18.636032848997274,69.36618233060798,34.0167350769043
4457,2,0,18.570833333333333,18.572822916001314,dropped_queue_full,,,
4458,3,0,18.575,18.575043304997962,dropped_queue_full,,,
4459,0,0,18.579166666666666,18.57926625700202,dropped_queue_full,,,
4460,1,1,18.583333333333332,18.58340168299037,dropped_queue_full,,,
4461,2,1,18.5875,18.587635456002317,completed,18.64464341700659,57.143417006592756,34.06489562988281
4462,3,1,18.591666666666665,18.592323722987203,completed,18.654745929001365,63.07926233469985,34.216705322265625
4463,0,1,18.59583333333333,18.59694193600444,completed,18.66397239701473,68.1390636814001,34.1080322265625
4464,1,0,18.6,18.60159001601278,dropped_queue_full,,,
4465,2,0,18.604166666666668,18.604320713988272,dropped_queue_full,,,
4466,3,0,18.608333333333334,18.608478904003277,dropped_queue_full,,,
4467,0,0,18.6125,18.612635138997575,dropped_queue_full,,,
4468,1,1,18.616666666666667,18.616742362006335,completed,18.67032572699827,53.65906033160428,34.15894317626953
4469,2,1,18.620833333333334,18.621467477991246,completed,18.678907469991827,58.07413665849381,34.1978874206543
4470,3,1,18.625,18.626099688000977,completed,18.688239348004572,63.23934800457209,34.11759948730469
4471,0,1,18.629166666666666,18.630730695993407,completed,18.697450406005373,68.2837393387068,34.28559875488281
4472,1,0,18.633333333333333,18.63538400598918,dropped_queue_full,,,
4473,2,0,18.6375,18.637589435995324,dropped_queue_full,,,
4474,3,0,18.641666666666666,18.64179658901412,dropped_queue_full,,,
4475,0,0,18.645833333333332,18.645908098988002,dropped_queue_full,,,
4476,1,1,18.65,18.650108419009484,completed,18.70470422701328,54.704227013282036,34.22969436645508
4477,2,1,18.654166666666665,18.654738524986897,completed,18.713283594988752,59.11692832208715,34.245601654052734
4478,3,1,18.65833333333333,18.6593695130141,completed,18.726151631009998,67.81829767666636,34.26179122924805
4479,0,1,18.6625,18.663967047003098,completed,18.73083326499909,68.3332649990902,34.17558288574219
4480,1,0,18.666666666666668,18.668589718989097,dropped_queue_full,,,
4481,2,0,18.670833333333334,18.670981883013155,dropped_queue_full,,,
4482,3,0,18.675,18.675108121999074,dropped_queue_full,,,
4483,0,0,18.679166666666667,18.679228299006354,dropped_queue_full,,,
4484,1,1,18.683333333333334,18.6834803269885,completed,18.73890616200515,55.57282867181712,34.164737701416016
4485,2,1,18.6875,18.688231653010007,completed,18.74761316299555,60.11316299554892,34.11983871459961
4486,3,1,18.691666666666666,18.69285538699478,completed,18.759327467007097,67.66080034043043,34.17756652832031
4487,0,1,18.695833333333333,18.69744518699008,completed,18.764874785003485,69.0414516701523,34.16892623901367
4488,1,0,18.7,18.70201626000926,dropped_queue_full,,,
4489,2,0,18.704166666666666,18.70422211100231,dropped_queue_full,,,
4490,3,0,18.708333333333332,18.70847795601003,dropped_queue_full,,,
4491,0,0,18.7125,18.712637488002656,dropped_queue_full,,,
4492,1,1,18.716666666666665,18.716691019013524,completed,18.773326891998295,56.66022533162973,34.20659255981445
4493,2,1,18.72083333333333,18.721496387996012,completed,18.783812773006503,62.9794396731711,34.250526428222656
4494,3,1,18.725,18.726143887004582,completed,18.79294764698716,67.94764698715738,34.21625518798828
4495,0,1,18.729166666666668,18.730827974999556,completed,18.79911954200361,69.95287533694139,34.150272369384766
4496,1,0,18.733333333333334,18.735459053015802,dropped_queue_full,,,
4497,2,0,18.7375,18.737635788012994,dropped_queue_full,,,
4498,3,0,18.741666666666667,18.741742660000455,dropped_queue_full,,,
4499,0,0,18.745833333333334,18.745843921991764,dropped_queue_full,,,
4500,1,1,18.75,18.750083816004917,completed,18.807588880998082,57.58888099808246,34.09907150268555
4501,2,1,18.754166666666666,18.75474126401241,completed,18.817576825997094,63.41015933042726,34.064510345458984
4502,3,1,18.758333333333333,18.759311086003436,completed,18.82688821500051,68.5548816671755,34.14252853393555
4503,0,1,18.7625,18.763909171015257,dropped_queue_full,,,
4504,1,0,18.766666666666666,18.76673971800483,dropped_queue_full,,,
4505,2,0,18.770833333333332,18.770846239989623,dropped_queue_full,,,
4506,3,0,18.775,18.775063962006243,dropped_queue_full,,,
4507,0,0,18.779166666666665,18.77919274600572,completed,18.83339612800046,54.229461333793694,34.14918518066406
4508,1,1,18.78333333333333,18.78380574900075,completed,18.841908049013,58.57471567966854,34.1126708984375
4509,2,1,18.7875,18.78838025999721,completed,18.850572830007877,63.07283000787578,34.09260940551758
4510,3,1,18.791666666666668,18.792939822014887,completed,18.860608824994415,68.9421583277472,34.18726348876953
4511,0,1,18.795833333333334,18.79753198599792,dropped_queue_full,,,
4512,1,0,18.8,18.80007180100074,dropped_queue_full,,,
4513,2,0,18.804166666666667,18.8042656579928,dropped_queue_full,,,
4514,3,0,18.808333333333334,18.80838063498959,dropped_queue_full,,,
4515,0,0,18.8125,18.8125845619943,completed,18.867705657990882,55.20565799088217,34.04832077026367
4516,1,1,18.816666666666666,18.817569742008345,completed,18.87616845499724,59.50178833057507,34.17446517944336
4517,2,1,18.820833333333333,18.82229694299167,completed,18.8884685219964,67.63518866306839,34.22313690185547
4518,3,1,18.825,18.826880550011992,completed,18.893246869003633,68.24686900363375,34.23231887817383
4519,0,1,18.829166666666666,18.83148558900575,dropped_queue_full,,,
4520,1,0,18.833333333333332,18.833392952015856,dropped_queue_full,,,
4521,2,0,18.8375,18.837636223004665,dropped_queue_full,,,
4522,3,0,18.841666666666665,18.841740350006148,dropped_queue_full,,,
4523,0,0,18.84583333333333,18.845952792995377,completed,18.902067657007137,56.234323673805875,34.30316925048828
4524,1,1,18.85,18.85056534499745,completed,18.913027467002394,63.02746700239226,34.2061767578125
4525,2,1,18.854166666666668,18.85599293600535,completed,18.922193289996358,68.02662332968978,34.18560028076172
4526,3,1,18.858333333333334,18.860601171007147,completed,18.927593880012864,69.26054667952997,34.245086669921875
4527,0,1,18.8625,18.86519242299255,dropped_queue_full,,,
4528,1,0,18.866666666666667,18.86675180599559,dropped_queue_full,,,
4529,2,0,18.870833333333334,18.87094998100656,dropped_queue_full,,,
4530,3,0,18.875,18.875056171993492,dropped_queue_full,,,
4531,0,0,18.879166666666666,18.879267903015716,completed,18.936328884010436,57.16221734376958,34.14614486694336
4532,1,1,18.883333333333333,18.88386323300074,completed,18.946409814991057,63.07648165772406,34.19705581665039
4533,2,1,18.8875,18.888461527996697,completed,18.955884794995654,68.38479499565508,34.289344787597656
4534,3,1,18.891666666666666,18.89306956200744,dropped_queue_full,,,
4535,0,1,18.895833333333332,18.89590931701241,dropped_queue_full,,,
4536,1,0,18.9,18.9000047169975,dropped_queue_full,,,
4537,2,0,18.904166666666665,18.904264289012644,dropped_queue_full,,,
4538,3,0,18.90833333333333,18.908370980992913,completed,18.961975706013618,53.6423726802866,34.24448013305664
4539,0,0,18.9125,18.913020965002943,completed,18.970746058010263,58.24605801026195,34.1864013671875
4540,1,1,18.916666666666668,18.917603320005583,completed,18.97980377500062,63.13710833395092,34.28822326660156
4541,2,1,18.920833333333334,18.92218638700433,completed,18.98901335100527,68.18001767193493,34.23420715332031
4542,3,1,18.925,18.92678557400359,dropped_queue_full,,,
4543,0,1,18.929166666666667,18.929176375997486,dropped_queue_full,,,
4544,1,0,18.933333333333334,18.933478399005253,dropped_queue_full,,,
4545,2,0,18.9375,18.9375290540047,dropped_queue_full,,,
4546,3,0,18.941666666666666,18.94179301400436,completed,18.996325121988775,54.65845532210878,34.255775451660156
4547,0,0,18.945833333333333,18.946403492998797,completed,19.005176345992368,59.343012659034855,34.34124755859375
4548,1,1,18.95,18.951021365995985,completed,19.01769845499075,67.69845499075089,34.229087829589844
4549,2,1,18.954166666666666,18.955877642001724,completed,19.022278886986896,68.11222032023068,34.2973747253418
4550,3,1,18.958333333333332,18.96050324899261,dropped_queue_full,,,
4551,0,1,18.9625,18.962622905994067,dropped_queue_full,,,
4552,1,0,18.966666666666665,18.966797436005436,dropped_queue_full,,,
4553,2,0,18.97083333333333,18.97090754500823,dropped_queue_full,,,
4554,3,0,18.975,18.975110950006638,completed,19.030641724006273,55.64172400627143,34.233150482177734
4555,0,0,18.979166666666668,18.979797031992348,completed,19.039486155990744,60.31948932407616,34.13507080078125
4556,1,1,18.983333333333334,18.984413111989852,completed,19.05103044700809,67.69711367475395,34.02979278564453
4557,2,1,18.9875,18.9890062980121,completed,19.0563850600156,68.88506001559946,34.043296813964844
4558,3,1,18.991666666666667,18.993629890988814,dropped_queue_full,,,
4559,0,1,18.995833333333334,18.99585042000399,dropped_queue_full,,,
4560,1,0,19.0,19.00010782800382,dropped_queue_full,,,
4561,2,0,19.004166666666666,19.004210492013954,dropped_queue_full,,,
4562,3,0,19.008333333333333,19.00847799901385,completed,19.06485314699239,56.519813659058116,33.98060989379883
4563,0,0,19.0125,19.013110419007717,completed,19.07562234599027,63.122345990269224,34.007102966308594
4564,1,1,19.016666666666666,19.017691893008305,completed,19.084875174012268,68.20850734560224,33.971744537353516
4565,2,1,19.020833333333332,19.022271502995864,completed,19.090622562012868,69.78922867953585,34.00320053100586
4566,3,1,19.025,19.02687749301549,dropped_queue_full,,,
4567,0,1,19.029166666666665,19.02921655701357,dropped_queue_full,,,
4568,1,0,19.03333333333333,19.0334786940075,dropped_queue_full,,,
4569,2,0,19.0375,19.037581147014862,dropped_queue_full,,,
4570,3,0,19.041666666666668,19.041716854000697,completed,19.0989032840007,57.236617334030626,34.02275085449219
4571,0,0,19.045833333333334,19.046449554996798,completed,19.10887737199664,63.04403866330688,34.07324981689453
4572,1,1,19.05,19.051024134998443,completed,19.118618426989997,68.6184269899961,34.09580612182617
4573,2,1,19.054166666666667,19.05589240399422,dropped_queue_full,,,
4574,3,1,19.058333333333334,19.05842357300571,dropped_queue_full,,,
4575,0,1,19.0625,19.062635053007398,dropped_queue_full,,,
4576,1,0,19.066666666666666,19.066740862996085,dropped_queue_full,,,
4577,2,0,19.070833333333333,19.070950349996565,completed,19.124756537989015,53.9232046556819,34.12678527832031
4578,3,0,19.075,19.0756170359964,completed,19.133221099007642,58.22109900764261,34.203102111816406
4579,0,0,19.079166666666666,19.080235378991347,completed,19.142350131005514,63.183464338848694,34.27987289428711
4580,1,1,19.083333333333332,19.08486860099947,completed,19.15164317601011,68.3098426767792,34.287296295166016
4581,2,1,19.0875,19.089498476998415,dropped_queue_full,,,
4582,3,1,19.091666666666665,19.09173072699923,dropped_queue_full,,,
4583,0,1,19.09583333333333,19.09589890600182,dropped_queue_full,,,
4584,1,0,19.1,19.100009354995564,dropped_queue_full,,,
4585,2,0,19.104166666666668,19.104214052989846,completed,19.159223757014843,55.05709034817485,34.27619171142578
4586,3,0,19.108333333333334,19.108872162003536,completed,19.167693958006566,59.36062467323211,34.31951904296875
4587,0,0,19.1125,19.114027244999306,completed,19.180184026015922,67.68402601592172,34.07487869262695
4588,1,1,19.116666666666667,19.118612045014743,completed,19.18504657401354,68.37990734687338,33.9738883972168
4589,2,1,19.120833333333334,19.123193287989125,dropped_queue_full,,,
4590,3,1,19.125,19.125076897005783,dropped_queue_full,,,
4591,0,1,19.129166666666666,19.12926556399907,dropped_queue_full,,,
4592,1,0,19.133333333333333,19.133382113999687,dropped_queue_full,,,
4593,2,0,19.1375,19.137580921000335,completed,19.1932708779932,55.770877993200685,34.00467300415039
4594,3,0,19.141666666666666,19.142344349995255,completed,19.201806333003333,60.13966633666712,33.96550369262695
4595,0,0,19.145833333333332,19.147060860006604,completed,19.213633270992432,67.79993765909964,33.92041778564453
4596,1,1,19.15,19.151636733004125,completed,19.21893873999943,68.93873999943168,33.96614456176758
4597,2,1,19.154166666666665,19.156518937990768,dropped_queue_full,,,
4598,3,1,19.15833333333333,19.158428366004955,dropped_queue_full,,,
4599,0,1,19.1625,19.162635357992258,dropped_queue_full,,,
4600,1,0,19.166666666666668,19.166737882012967,dropped_queue_full,,,
4601,2,0,19.170833333333334,19.170951797015732,completed,19.227437836001627,56.60450266829287,34.015872955322266
4602,3,0,19.175,19.17558873599046,completed,19.238083620002726,63.08362000272538,33.97030258178711
4603,0,0,19.179166666666667,19.18017843499547,completed,19.247512973990524,68.34630732385705,34.10723114013672
4604,1,1,19.183333333333334,19.185037766990718,completed,19.253015096008312,69.68176267497839,34.03910446166992
4605,2,1,19.1875,19.18995279399678,dropped_queue_full,,,
4606,3,1,19.191666666666666,19.191702187992632,dropped_queue_full,,,
4607,0,1,19.195833333333333,19.195891526003834,dropped_queue_full,,,
4608,1,0,19.2,19.200060506002046,dropped_queue_full,,,
4609,2,0,19.204166666666666,19.204176144994562,completed,19.261644218990114,57.47755232344787,34.02755355834961
4610,3,0,19.208333333333332,19.20896142499987,completed,19.271477230009623,63.14389667629072,34.05036926269531
4611,0,0,19.2125,19.21362782100914,completed,19.280650897009764,68.15089700976529,33.879905700683594
4612,1,1,19.216666666666665,19.21828717199969,dropped_queue_full,,,
4613,2,1,19.22083333333333,19.220950943010394,dropped_queue_full,,,
4614,3,1,19.225,19.225056252005743,dropped_queue_full,,,
4615,0,1,19.229166666666668,19.229177250002977,dropped_queue_full,,,
4616,1,0,19.233333333333334,19.233424088015454,completed,19.28716906000045,53.835726667117,33.87196731567383
4617,2,0,19.2375,19.238076447014464,completed,19.2956426780147,58.14267801470052,33.910526275634766
4618,3,0,19.241666666666667,19.242701632989338,completed,19.304726233996917,63.05956733024942,33.97305679321289
4619,0,0,19.245833333333334,19.247507704014424,completed,19.31392299599247,68.08966265913696,34.0700798034668
4620,1,1,19.25,19.25209434700082,dropped_queue_full,,,
4621,2,1,19.254166666666666,19.254270089993952,dropped_queue_full,,,
4622,3,1,19.258333333333333,19.258388484013267,dropped_queue_full,,,
4623,0,1,19.2625,19.262594964995515,dropped_queue_full,,,
4624,1,0,19.266666666666666,19.266794122988358,completed,19.32122315399465,54.55648732798579,34.0382080078125
4625,2,0,19.270833333333332,19.271469664992765,completed,19.32985650500632,59.02317167298676,34.07766342163086
4626,3,0,19.275,19.27606627799105,completed,19.33862564401352,63.62564401351989,34.03059387207031
4627,0,0,19.279166666666665,19.280645507009467,completed,19.347885996015975,68.71932934931024,34.015838623046875
4628,1,1,19.28333333333333,19.285258470015833,dropped_queue_full,,,
4629,2,1,19.2875,19.287637480010744,dropped_queue_full,,,
4630,3,1,19.291666666666668,19.291739703010535,dropped_queue_full,,,
4631,0,1,19.295833333333334,19.29596085200319,dropped_queue_full,,,
4632,1,0,19.3,19.3000550600118,completed,19.355539876996772,55.53987699677165,34.02006530761719
4633,2,0,19.304166666666667,19.30471840899554,completed,19.364023253001506,59.85658633483837,33.98361587524414
4634,3,0,19.308333333333334,19.30932360800216,completed,19.376266481995117,67.93314866178335,34.094974517822266
4635,0,0,19.3125,19.313917635008693,completed,19.381219320988748,68.71932098874822,33.96588897705078
4636,1,1,19.316666666666666,19.318521951994626,dropped_queue_full,,,
4637,2,1,19.320833333333333,19.32089969998924,dropped_queue_full,,,
4638,3,1,19.325,19.325107904005563,dropped_queue_full,,,
4639,0,1,19.329166666666666,19.329214325000066,dropped_queue_full,,,
4640,1,0,19.333333333333332,19.33342673801235,completed,19.389589000988053,56.25566765472101,33.91721725463867
4641,2,0,19.3375,19.33861761901062,completed,19.400520549010253,63.020549010254,33.96432113647461
4642,3,0,19.341666666666665,19.34328184000333,completed,19.41036752500804,68.7008583413764,33.88809585571289
4643,0,0,19.34583333333333,19.34788073701202,completed,19.41527739301091,69.44405967757916,33.91292953491211
4644,1,1,19.35,19.352454626001418,dropped_queue_full,,,
4645,2,1,19.354166666666668,19.354271187010454,dropped_queue_full,,,
4646,3,1,19.358333333333334,19.358478289010236,dropped_queue_full,,,
4647,0,1,19.3625,19.362593967991415,dropped_queue_full,,,
4648,1,0,19.366666666666667,19.366793235007208,completed,19.423644749011146,56.978082344478764,33.913726806640625
4649,2,0,19.370833333333334,19.371426566998707,completed,19.433921621995978,63.08828866264449,33.90607833862305
4650,3,0,19.375,19.37625876700622,completed,19.443176964996383,68.1769649963826,33.95235061645508
4651,0,0,19.379166666666666,19.380886439001188,dropped_queue_full,,,
4652,1,1,19.383333333333333,19.38342380899121,dropped_queue_full,,,
4653,2,1,19.3875,19.387531221989775,dropped_queue_full,,,
4654,3,1,19.391666666666666,19.391793499002233,dropped_queue_full,,,
4655,0,1,19.395833333333332,19.39589738601353,completed,19.449231456994312,53.398123660979735,33.907840728759766
4656,1,0,19.4,19.400513435015455,completed,19.45764599199174,57.64599199174114,33.88380813598633
4657,2,0,19.404166666666665,19.405744763003895,completed,19.4673014949949,63.13482832823425,33.91584014892578
4658,3,0,19.40833333333333,19.41035987099167,completed,19.47720272501465,68.8693916813179,33.89948654174805
4659,0,0,19.4125,19.414944360003574,dropped_queue_full,,,
4660,1,1,19.416666666666668,19.416705765994266,dropped_queue_full,,,
4661,2,1,19.420833333333334,19.420951732987305,dropped_queue_full,,,
4662,3,1,19.425,19.425067831994966,dropped_queue_full,,,
4663,0,1,19.429166666666667,19.429319479007972,completed,19.483481202012626,54.314535345959314,34.01945495605469
4664,1,0,19.433333333333334,19.433914708992233,completed,19.49190435401397,58.57102068063469,34.08028793334961
4665,2,0,19.4375,19.438559703005012,completed,19.501107477990445,63.60747799044475,34.14191818237305
4666,3,0,19.441666666666666,19.443169430014677,completed,19.5102770079975,68.61034133083521,34.13452911376953
4667,0,0,19.445833333333333,19.44779326400021,dropped_queue_full,,,
4668,1,1,19.45,19.45002577599371,dropped_queue_full,,,
4669,2,1,19.454166666666666,19.45431971299695,dropped_queue_full,,,
4670,3,1,19.458333333333332,19.458440471003996,dropped_queue_full,,,
4671,0,1,19.4625,19.462635281000985,completed,19.51754189899657,55.04189899657064,33.970497131347656
4672,1,0,19.466666666666665,19.467294592002872,completed,19.52585206599906,59.18539933239586,33.87891387939453
4673,2,0,19.47083333333333,19.472409289010102,completed,19.538466169993626,67.63283666029452,33.815486907958984
4674,3,0,19.475,19.477195281011518,completed,19.54305125999963,68.05125999962769,34.00812911987305
4675,0,0,19.479166666666668,19.481755193002755,dropped_queue_full,,,
4676,1,1,19.483333333333334,19.483477906003827,dropped_queue_full,,,
4677,2,1,19.4875,19.487583765992895,dropped_queue_full,,,
4678,3,1,19.491666666666667,19.491735402989434,dropped_queue_full,,,
4679,0,1,19.495833333333334,19.49584705400048,completed,19.551692365988856,55.85903265552261,33.97651290893555
4680,1,0,19.5,19.50109980299021,completed,19.560064371005865,60.064371005864814,34.00630569458008
4681,2,0,19.504166666666666,19.50570476098801,completed,19.57178000701242,67.61334034575484,34.05503845214844
4682,3,0,19.508333333333333,19.510269413003698,completed,19.576955819997238,68.62248666390514,33.959617614746094
4683,0,0,19.5125,19.51486950198887,dropped_queue_full,,,
4684,1,1,19.516666666666666,19.516745336004533,dropped_queue_full,,,
4685,2,1,19.520833333333332,19.520949942991138,dropped_queue_full,,,
4686,3,1,19.525,19.525053638993995,dropped_queue_full,,,
4687,0,1,19.529166666666665,19.529266924015246,completed,19.585852762014838,56.68609534817293,34.12860870361328
4688,1,0,19.53333333333333,19.533870668994496,completed,19.59645409201039,63.120758677058575,34.1044807434082
4689,2,0,19.5375,19.538459227012936,completed,19.605685699003516,68.18569900351434,34.136478424072266
4690,3,0,19.541666666666668,19.543043534999015,completed,19.6114430569869,69.7763903202322,34.279518127441406
4691,0,0,19.545833333333334,19.547612955997465,dropped_queue_full,,,
4692,1,1,19.55,19.550107415008824,dropped_queue_full,,,
4693,2,1,19.554166666666667,19.554173720011022,dropped_queue_full,,,
4694,3,1,19.558333333333334,19.558477706013946,dropped_queue_full,,,
4695,0,1,19.5625,19.562587324006017,completed,19.620114319986897,57.61431998689659,34.07279968261719
4696,1,0,19.566666666666666,19.56719337400864,completed,19.629722323006717,63.05565634005106,33.96607971191406
4697,2,0,19.570833333333333,19.571773014002247,completed,19.63889602999552,68.06269666218867,34.04451370239258
4698,3,0,19.575,19.576777261012467,dropped_queue_full,,,
4699,0,0,19.579166666666666,19.57916817298974,dropped_queue_full,,,
4700,1,1,19.583333333333332,19.583478101005312,dropped_queue_full,,,
4701,2,1,19.5875,19.587583139014896,dropped_queue_full,,,
4702,3,1,19.591666666666665,19.591793767991476,completed,19.645418492000317,53.75182533365219,33.97139358520508
4703,0,1,19.59583333333333,19.596447638992686,completed,19.654327266005566,58.493932672234905,34.02083206176758
4704,1,0,19.6,19.601050553988898,completed,19.66355775098782,63.557750987818906,34.05235290527344
4705,2,0,19.604166666666668,19.60567860599258,completed,19.67283482500352,68.6681583368518,34.068641662597656
4706,3,0,19.608333333333334,19.610311116994126,dropped_queue_full,,,
4707,0,0,19.6125,19.61255173300742,dropped_queue_full,,,
4708,1,1,19.616666666666667,19.616793832014082,dropped_queue_full,,,
4709,2,1,19.620833333333334,19.620906235009898,dropped_queue_full,,,
4710,3,1,19.625,19.625108387990622,completed,19.679641607013764,54.64160701376386,34.01494216918945
4711,0,1,19.629166666666666,19.62971610101522,completed,19.688384284992935,59.217618326268706,34.015968322753906
4712,1,0,19.633333333333333,19.63430200298899,completed,19.696922105009435,63.588771676101885,33.970497131347656
4713,2,0,19.6375,19.6388890070084,completed,19.706682396994438,69.18239699443873,33.94620895385742
4714,3,0,19.641666666666666,19.643505768006435,dropped_queue_full,,,
4715,0,0,19.645833333333332,19.645895647990983,dropped_queue_full,,,
4716,1,1,19.65,19.650000655994518,dropped_queue_full,,,
4717,2,1,19.654166666666665,19.654320161993382,dropped_queue_full,,,
4718,3,1,19.65833333333333,19.658424939989345,completed,19.71364164800616,55.308314672828374,34.00249481201172
4719,0,1,19.6625,19.66355070800637,completed,19.722643740009516,60.14374000951506,33.9793586730957
4720,1,0,19.666666666666668,19.668210781004746,completed,19.73480428100447,68.13761433780385,34.12579345703125
4721,2,0,19.670833333333334,19.67282260200591,completed,19.73942147300113,68.58813966779564,33.978271484375
4722,3,0,19.675,19.677920215995982,dropped_queue_full,,,
4723,0,0,19.679166666666667,19.679197763005504,dropped_queue_full,,,
4724,1,1,19.683333333333334,19.6834051659971,dropped_queue_full,,,
4725,2,1,19.6875,19.687585056992248,dropped_queue_full,,,
4726,3,1,19.691666666666666,19.69179456398706,completed,19.747957289015176,56.290622348509345,34.1069450378418
4727,0,1,19.695833333333333,19.696915451990208,completed,19.756856013991637,61.022680658304296,34.078495025634766
4728,1,0,19.7,19.70205829301267,completed,19.76873795699794,68.73795699793916,33.983009338378906
4729,2,0,19.704166666666666,19.706675213004928,completed,19.773985506006284,69.81883933961797,34.158016204833984
4730,3,0,19.708333333333332,19.71125604599365,dropped_queue_full,,,
4731,0,0,19.7125,19.712532039993675,dropped_queue_full,,,
4732,1,1,19.716666666666665,19.716793114988832,dropped_queue_full,,,
4733,2,1,19.72083333333333,19.72094266800559,dropped_queue_full,,,
4734,3,1,19.725,19.725013260991545,completed,19.782060727011412,57.06072701141096,34.07267379760742
4735,0,1,19.729166666666668,19.729663505015196,completed,19.791119125002297,61.95245833562879,34.15398406982422
4736,1,0,19.733333333333334,19.734797689015977,completed,19.80259648899664,69.26315566330743,34.21526336669922
4737,2,0,19.7375,19.739414268988185,completed,19.808107018005103,70.60701800510216,34.13811111450195
4738,3,0,19.741666666666667,19.74400035198778,dropped_queue_full,,,
4739,0,0,19.745833333333334,19.745903858012753,dropped_queue_full,,,
4740,1,1,19.75,19.750012744014384,dropped_queue_full,,,
4741,2,1,19.754166666666666,19.754183106007986,dropped_queue_full,,,
4742,3,1,19.758333333333333,19.758494656998664,completed,19.816474132996518,58.140799663185305,34.293697357177734
4743,0,1,19.7625,19.763522157998523,completed,19.826567618001718,64.06761800171878,34.06118392944336
4744,1,0,19.766666666666666,19.768731334013864,completed,19.836740544007625,70.07387734095971,33.978271484375
4745,2,0,19.770833333333332,19.77397807201487,completed,19.842200115992455,71.36678265912266,34.06806564331055
4746,3,0,19.775,19.77890754598775,dropped_queue_full,,,
4747,0,0,19.779166666666665,19.77923764300067,dropped_queue_full,,,
4748,1,1,19.78333333333333,19.783466216991656,dropped_queue_full,,,
4749,2,1,19.7875,19.787636538996594,dropped_queue_full,,,
4750,3,1,19.791666666666668,19.79177843799698,completed,19.850550839997595,58.884173330927325,33.98259353637695
4751,0,1,19.795833333333334,19.797156014014035,completed,19.86369788600132,67.86455266798441,34.07503890991211
4752,1,0,19.8,19.802589766011806,completed,19.868427381006768,68.42738100676726,34.06876754760742
4753,2,0,19.804166666666667,19.807742114993744,dropped_queue_full,,,
4754,3,0,19.808333333333334,19.808432226011064,dropped_queue_full,,,
4755,0,0,19.8125,19.812637454015203,dropped_queue_full,,,
4756,1,1,19.816666666666666,19.81679380001151,dropped_queue_full,,,
4757,2,1,19.820833333333333,19.82089850801276,completed,19.87643021400436,55.59688067102542,34.07884979248047
4758,3,1,19.825,19.826562008005567,completed,19.884960379014956,59.960379014956544,34.1539192199707
4759,0,1,19.829166666666666,19.831973268010188,completed,19.896956329001114,67.78966233444805,34.16559982299805
4760,1,0,19.833333333333332,19.836734031996457,completed,19.902169181994395,68.83584866106318,34.20374298095703
4761,2,0,19.8375,19.841860299988184,dropped_dispatch_late,,,
4762,3,0,19.841666666666665,19.841868505987804,dropped_queue_full,,,
4763,0,0,19.84583333333333,19.84595182299381,dropped_queue_full,,,
4764,1,1,19.85,19.85006304300623,dropped_queue_full,,,
4765,2,1,19.854166666666668,19.854238716012333,completed,19.9108021419961,56.635475329432694,34.195777893066406
4766,3,1,19.858333333333334,19.859003938996466,completed,19.921438188001048,63.10485466771354,34.187007904052734
4767,0,1,19.8625,19.86369247600669,completed,19.9314376040129,68.93760401289839,34.0880012512207
4768,1,0,19.866666666666667,19.868420748010976,completed,19.936544375988888,69.87770932222048,34.27241516113281
4769,2,0,19.870833333333334,19.87312953401124,dropped_queue_full,,,
4770,3,0,19.875,19.875038079015212,dropped_queue_full,,,
4771,0,0,19.879166666666666,19.879265530995326,dropped_queue_full,,,
4772,1,1,19.883333333333333,19.88337040899205,dropped_queue_full,,,
4773,2,1,19.8875,19.88763704401208,completed,19.9452754019876,57.77540198760178,34.29926300048828
4774,3,1,19.891666666666666,19.892307125992374,completed,19.95481157899485,63.14491232818398,34.34479904174805
4775,0,1,19.895833333333332,19.89695092799957,completed,19.964344628999243,68.51129566591041,34.32806396484375
4776,1,0,19.9,19.90167798899347,dropped_queue_full,,,
4777,2,0,19.904166666666665,19.904218465002486,dropped_queue_full,,,
4778,3,0,19.90833333333333,19.90842399399844,dropped_queue_full,,,
4779,0,0,19.9125,19.912540193996392,dropped_queue_full,,,
4780,1,1,19.916666666666668,19.91674064399558,completed,19.971037142997375,54.37047633070691,34.30470275878906
4781,2,1,19.920833333333334,19.921430532995146,completed,19.979754333005985,58.920999672650964,34.25628662109375
4782,3,1,19.925,19.926798902015435,completed,19.988131046993658,63.131046993657236,34.28054428100586
4783,0,1,19.929166666666667,19.931432404002408,completed,19.998304553999333,69.13788733266557,34.218528747558594
4784,1,0,19.933333333333334,19.936209690000396,dropped_queue_full,,,
4785,2,0,19.9375,19.937576246011304,dropped_queue_full,,,
4786,3,0,19.941666666666666,19.941793177014915,dropped_queue_full,,,
4787,0,0,19.945833333333333,19.945910428999923,dropped_queue_full,,,
4788,1,1,19.95,19.950107853015652,completed,20.00534622199484,55.34622199484218,34.147552490234375
4789,2,1,19.954166666666666,19.954803994012764,completed,20.014010712009622,59.844045342956065,34.17145538330078
4790,3,1,19.958333333333332,19.959697481011972,completed,20.022327290993417,63.99395766008453,34.19731140136719
4791,0,1,19.9625,19.964339319005376,completed,20.031061352987308,68.56135298730948,34.190975189208984
4792,1,0,19.966666666666665,19.96896433501388,dropped_queue_full,,,
4793,2,0,19.97083333333333,19.970871769008227,dropped_queue_full,,,
4794,3,0,19.975,19.97505451500183,dropped_queue_full,,,
4795,0,0,19.979166666666668,19.97926959299366,dropped_queue_full,,,
4796,1,1,19.983333333333334,19.983478659007233,completed,20.039487000001827,56.153666668492974,34.032447814941406
4797,2,1,19.9875,19.988123301998712,completed,20.039967632998014,52.46763299801316,25.924959182739258
4798,3,1,19.991666666666667,19.99280098901363,completed,20.040289154014317,48.62248734765018,17.8538875579834
4799,0,1,19.995833333333334,19.99829884301289,completed,20.0406092320045,44.77589867116549,9.440159797668457
