frame,lane,variant,arrival_s,submission_s,status,completion_s,arrival_to_completion_ms,gpu_pipeline_ms
0,3,0,0.0,6.110058166086674e-07,completed,0.02359343200805597,23.59343200805597,19.370176315307617
1,0,0,0.004166666666666667,0.00491517799673602,completed,0.028267201007110998,24.100534340444334,19.69411277770996
2,1,0,0.008333333333333333,0.009585039020748809,completed,0.032955768023384735,24.622434690051403,20.08176040649414
3,2,0,0.0125,0.014250262000132352,completed,0.03767612500814721,25.17612500814721,20.42780876159668
4,3,1,0.016666666666666666,0.018923791009001434,completed,0.042325528018409386,25.65886135174272,20.084896087646484
5,0,1,0.020833333333333332,0.023585597024066374,completed,0.042313956015277654,21.480622681944322,15.660351753234863
6,1,1,0.025,0.028261921019293368,completed,0.04698381701018661,21.983817010186613,15.49897575378418
7,2,1,0.029166666666666667,0.03294937501777895,completed,0.051657506002811715,22.490839336145047,15.519359588623047
8,3,0,0.03333333333333333,0.037669142009690404,dropped_dispatch_late,,,
9,0,0,0.0375,0.03768443100852892,completed,0.06117020800593309,23.67020800593309,20.265247344970703
10,1,0,0.041666666666666664,0.042308536008931696,completed,0.07051295699784532,28.846290331178658,20.23302459716797
11,2,0,0.04583333333333333,0.046977385005448014,completed,0.07520100299734622,29.367669664012894,20.35443115234375
12,3,1,0.05,0.05165046302136034,completed,0.07984993502032012,29.849935020320114,24.257823944091797
13,0,1,0.05416666666666667,0.056310876010684296,completed,0.08453787001781166,30.371203351144988,20.421823501586914
14,1,1,0.058333333333333334,0.061164718004874885,completed,0.08454756901483051,26.21423568149718,15.862336158752441
15,2,1,0.0625,0.065826674021082,completed,0.08942355200997554,26.923552009975538,15.809408187866211
16,3,0,0.06666666666666667,0.07050649399752729,completed,0.09874506000778638,32.078393341119714,20.6180477142334
17,0,0,0.07083333333333333,0.07519394901464693,dropped_dispatch_late,,,
18,1,0,0.075,0.07520908801234327,completed,0.10344579099910334,28.44579099910334,20.52787208557129
19,2,0,0.07916666666666666,0.07984243999817409,completed,0.10839865001617,29.23198334950333,20.355327606201172
20,3,1,0.08333333333333333,0.0845323899993673,completed,0.11305595701560378,29.722623682270452,15.629823684692383
21,0,1,0.0875,0.08941699902061373,completed,0.11770836601499468,30.208366014994688,28.055295944213867
22,1,1,0.09166666666666666,0.0941017490113154,completed,0.12239264501840807,30.725978351741414,15.696352005004883
23,2,1,0.09583333333333333,0.09873747601523064,completed,0.13174180602072738,35.90847268739405,20.566303253173828
24,3,0,0.1,0.10343920800369233,completed,0.1363945750053972,36.39457500539719,20.522560119628906
25,0,0,0.10416666666666667,0.1083915060153231,dropped_dispatch_late,,,
26,1,0,0.10833333333333334,0.10840699600521475,completed,0.14108724999823608,32.75391666490274,20.421375274658203
27,2,0,0.1125,0.11304793201270513,completed,0.14575583901023492,33.25583901023492,15.552160263061523
28,3,1,0.11666666666666667,0.11770294600864872,completed,0.15044889401178807,33.7822273451214,15.622624397277832
29,0,1,0.12083333333333333,0.12238720399909653,completed,0.1551040180202108,34.27068468687745,31.40822410583496
30,1,1,0.125,0.12706838702433743,completed,0.15974973401171155,34.74973401171155,20.36569595336914
31,2,1,0.12916666666666665,0.13173467200249434,completed,0.16442660801112652,35.25994134445987,20.357280731201172
32,3,0,0.13333333333333333,0.13638690000516362,completed,0.16941308102104813,36.0797476877148,17.569215774536133
33,0,0,0.1375,0.14108069700887427,completed,0.17443652500514872,36.93652500514871,20.230911254882812
34,1,0,0.14166666666666666,0.14574872501543723,completed,0.18399689701618627,42.3302303495196,20.217599868774414
35,2,0,0.14583333333333334,0.15044139002566226,dropped_dispatch_late,,,
36,3,1,0.15,0.1504566390067339,completed,0.18868366102105938,38.683661021059386,15.336511611938477
37,0,1,0.15416666666666667,0.15509862801991403,completed,0.19336626600124873,39.19959933458206,15.55942440032959
38,1,1,0.15833333333333333,0.15974326099967584,completed,0.19803905300796032,39.70571967462699,15.665887832641602
39,2,1,0.1625,0.1644188740174286,completed,0.20477354701142758,42.273547011427574,35.83430480957031
40,3,0,0.16666666666666666,0.16907847599941306,dropped_queue_full,,,
41,0,0,0.17083333333333334,0.17096105200471357,dropped_queue_full,,,
42,1,0,0.175,0.17507195202051662,dropped_queue_full,,,
43,2,0,0.17916666666666667,0.1792751470056828,completed,0.21024143500835635,31.07476834168968,6.062655925750732
44,3,1,0.18333333333333332,0.1839905750239268,completed,0.2102506220107898,26.91728867745649,21.938655853271484
45,0,1,0.1875,0.1886761260102503,completed,0.2149499100050889,27.449910005088896,21.708383560180664
46,1,1,0.19166666666666665,0.1933609560073819,completed,0.22434592002537102,32.679253358704365,26.2508487701416
47,2,1,0.19583333333333333,0.1980324310134165,dropped_queue_full,,,
48,3,0,0.2,0.20010512802400626,completed,0.22904140001628548,29.04140001628547,20.441312789916992
49,0,0,0.20416666666666666,0.20476631302153692,completed,0.23372290399856865,29.55623733190199,20.470720291137695
50,1,0,0.20833333333333334,0.21023421100107953,completed,0.23837135400390252,30.038020670569182,15.703200340270996
51,2,0,0.2125,0.2149445490213111,completed,0.2432695600145962,30.769560014596216,27.937408447265625
52,3,1,0.21666666666666667,0.21964925702195615,completed,0.2479392410023138,31.272574335647118,16.025760650634766
53,0,1,0.22083333333333333,0.2243396280100569,completed,0.2573522629973013,36.51892966396797,20.625024795532227
54,1,1,0.225,0.22903365502133965,completed,0.2620378240244463,37.0378240244463,20.73619270324707
55,2,1,0.22916666666666666,0.23371782401227392,dropped_dispatch_late,,,
56,3,0,0.23333333333333334,0.23373278201324865,completed,0.2667023859976325,33.36905266429918,20.421728134155273
57,0,0,0.2375,0.23836459100130014,completed,0.2713809940032661,33.88099400326611,15.726143836975098
58,1,0,0.24166666666666667,0.24326210501021706,completed,0.27604432302177884,34.377656355112165,15.688032150268555
59,2,0,0.24583333333333332,0.24793202700675465,completed,0.2807248950120993,34.891561678765974,31.358623504638672
60,3,1,0.25,0.2526371359999757,completed,0.2807340419967659,30.734041996765882,15.663328170776367
61,0,1,0.25416666666666665,0.25734678300796077,completed,0.29014310700586066,35.976440339194006,20.767520904541016
62,1,1,0.2583333333333333,0.26203104201704264,completed,0.29531253801542334,36.97920468209004,20.68716812133789
63,2,1,0.2625,0.26669471099739894,dropped_dispatch_late,,,
64,3,0,0.26666666666666666,0.2667102310224436,completed,0.30080801801523194,34.14135134856527,20.558176040649414
65,0,0,0.2708333333333333,0.2713755040022079,completed,0.30591868702322245,35.08535368988913,15.638272285461426
66,1,0,0.275,0.27603785099927336,completed,0.3131353070202749,38.1353070202749,15.734911918640137
67,2,0,0.2791666666666667,0.2807175210036803,completed,0.31643934300518595,37.272676338519275,35.3587532043457
68,3,1,0.2833333333333333,0.2854331200069282,completed,0.32147437901585363,38.1410456825203,20.610368728637695
69,0,1,0.2875,0.29013770702295005,completed,0.3308083910087589,43.30839100875894,20.586463928222656
70,1,1,0.2916666666666667,0.29481976199895144,dropped_queue_full,,,
71,2,1,0.29583333333333334,0.29594929801533,completed,0.33548634801991284,39.6530146865795,15.712672233581543
72,3,0,0.3,0.3006323640001938,dropped_queue_full,,,
73,0,0,0.30416666666666664,0.30427080602385104,dropped_queue_full,,,
74,1,0,0.30833333333333335,0.3084313400031533,completed,0.3401756160019431,31.842282668609776,25.909120559692383
75,2,0,0.3125,0.3131288340082392,dropped_queue_full,,,
76,3,1,0.31666666666666665,0.3167580290173646,completed,0.3449694730225019,28.302806355835266,20.756223678588867
77,0,1,0.3208333333333333,0.3214662530226633,completed,0.3497384430083912,28.905109675057883,20.73632049560547
78,1,1,0.325,0.32617134202155285,completed,0.35444718901999295,29.447189019992937,15.84556770324707
79,2,1,0.32916666666666666,0.3308029310137499,completed,0.3591628970170859,29.99623035041926,25.782527923583984
80,3,0,0.3333333333333333,0.33547903402359225,completed,0.3638822130160406,30.54887968270731,20.81439971923828
81,0,0,0.3375,0.3401688930171076,completed,0.3638708410144318,26.370841014431768,16.05251121520996
82,1,0,0.3416666666666667,0.3449617990117986,completed,0.37789188700844534,36.225220341778666,20.366880416870117
83,2,0,0.3458333333333333,0.34973313301452436,completed,0.3825611479987856,36.72781466545227,20.584575653076172
84,3,1,0.35,0.3544406960136257,dropped_dispatch_late,,,
85,0,1,0.3541666666666667,0.3544559950241819,completed,0.3872426410089247,33.07597434225801,20.487903594970703
86,1,1,0.35833333333333334,0.3591558340121992,completed,0.39189495000755414,33.56161667422081,15.686688423156738
87,2,1,0.3625,0.3638652500230819,completed,0.39656801702221856,34.06801702221857,15.667679786682129
88,3,0,0.36666666666666664,0.36856028001056984,completed,0.40131065700552426,34.64399033885762,30.850528717041016
89,0,0,0.37083333333333335,0.3732391990197357,completed,0.4060022100165952,35.16887668326185,20.487455368041992
90,1,0,0.375,0.37788563600042835,completed,0.4060200540116057,31.02005401160568,15.865663528442383
91,2,0,0.37916666666666665,0.3825542350241449,completed,0.4155984900135081,36.431823346841476,20.515296936035156
92,3,1,0.3833333333333333,0.3872370310127735,completed,0.4206269130227156,37.2935796893823,20.7478084564209
93,0,1,0.3875,0.39188859800924547,dropped_dispatch_late,,,
94,1,1,0.39166666666666666,0.3919036360166501,completed,0.4261721470102202,34.50548034355355,20.616832733154297
95,2,1,0.3958333333333333,0.3965610740124248,completed,0.43122930501704104,35.39597168370773,15.66147232055664
96,3,0,0.4,0.40130329300882295,completed,0.43814608501270413,38.14608501270411,15.719903945922852
97,0,0,0.4041666666666667,0.4059967090142891,completed,0.44143582400283776,37.26915733617109,35.01504135131836
98,1,0,0.4083333333333333,0.41091701699770056,completed,0.45107409500633366,42.740761673000335,20.553695678710938
99,2,0,0.4125,0.4155913370195776,completed,0.45590648500365205,43.40648500365207,20.515840530395508
100,3,1,0.4166666666666667,0.42029222700512037,dropped_queue_full,,,
101,0,1,0.42083333333333334,0.42094704101327807,completed,0.4605768680048641,39.743534671530746,15.679231643676758
102,1,1,0.425,0.4256732000212651,dropped_queue_full,,,
103,2,1,0.42916666666666664,0.4291691410180647,dropped_queue_full,,,
104,3,0,0.43333333333333335,0.43342866300372407,completed,0.46526431301026605,31.9309796769327,25.753215789794922
105,0,0,0.4375,0.43813839001813903,dropped_queue_full,,,
106,1,0,0.44166666666666665,0.4417554220126476,completed,0.46992962501826696,28.26295835160031,20.483840942382812
107,2,0,0.4458333333333333,0.4464124189980794,completed,0.4745652620040346,28.73192867070129,20.548032760620117
108,3,1,0.45,0.4510675519995857,completed,0.47923267900478095,29.232679004780938,15.613375663757324
109,0,1,0.45416666666666666,0.4558994120161515,completed,0.4839398309995886,29.77316433292193,25.688640594482422
110,1,1,0.4583333333333333,0.4605714470089879,completed,0.4886675630114041,30.334229678070812,20.653247833251953
111,2,1,0.46249999999999997,0.46525681801722385,completed,0.4886770410230383,26.17704102303836,16.0897274017334
112,3,0,0.4666666666666667,0.4699235040170606,completed,0.5028474810242187,36.18081435755205,20.378847122192383
113,0,0,0.4708333333333333,0.474557948007714,completed,0.5075446340197232,36.71130068638983,20.435455322265625
114,1,0,0.475,0.47922501401626505,dropped_dispatch_late,,,
115,2,0,0.4791666666666667,0.4792417860007845,completed,0.5124517260119319,33.28505934526521,20.407520294189453
116,3,1,0.48333333333333334,0.4839344610227272,completed,0.5171319380169734,33.7986046836401,15.48089599609375
117,0,1,0.4875,0.48866077000275254,completed,0.5218249530007597,34.32495300075972,15.724063873291016
118,1,1,0.49166666666666664,0.49342558201169595,completed,0.5264982010121457,34.831534345479085,30.85100746154785
119,2,1,0.49583333333333335,0.4981254800222814,completed,0.5312085290206596,35.375195687326276,20.538528442382812
120,3,0,0.5,0.5028397360001691,completed,0.5312180379987694,31.218037998769432,15.962016105651855
121,0,0,0.5041666666666667,0.5075392240250949,completed,0.5406104510184377,36.44378435177109,20.628320693969727
122,1,0,0.5083333333333333,0.512444703024812,completed,0.5454794810211752,37.14614768784186,20.825439453125
123,2,0,0.5125,0.5171243330114521,dropped_dispatch_late,,,
124,3,1,0.5166666666666666,0.5171398430247791,completed,0.550964030000614,34.297363333947395,20.51568031311035
125,0,1,0.5208333333333334,0.5218197330250405,completed,0.5563317470077891,35.49841367445572,15.791232109069824
126,1,1,0.525,0.5264917090244126,completed,0.5630744660156779,38.07446601567788,15.706560134887695
127,2,1,0.5291666666666667,0.5312010950001422,completed,0.5665450500091538,37.37838334248711,35.03462219238281
128,3,0,0.5333333333333333,0.5359239880053792,completed,0.5760631420125719,42.72980867923859,20.64192008972168
129,0,0,0.5375,0.5406048500153702,completed,0.5807057820202317,43.20578202023173,20.627328872680664
130,1,0,0.5416666666666666,0.5453050390060525,dropped_queue_full,,,
131,2,0,0.5458333333333333,0.5459597930021118,completed,0.5854079240234569,39.57459069012359,15.857151985168457
132,3,1,0.55,0.5506292840000242,dropped_queue_full,,,
133,0,1,0.5541666666666667,0.5542709320143331,dropped_queue_full,,,
134,1,1,0.5583333333333333,0.5583863600040786,completed,0.5900643200147897,31.73098668145635,26.0133113861084
135,2,1,0.5625,0.5630681239999831,dropped_queue_full,,,
136,3,0,0.5666666666666667,0.5667065370071214,completed,0.5947413660178427,28.074699351176015,20.901216506958008
137,0,0,0.5708333333333333,0.5713797750067897,completed,0.5994512129982468,28.61787966491347,20.67977523803711
138,1,0,0.575,0.5760554670123383,completed,0.6041397000080906,29.139700008090628,15.882304191589355
139,2,0,0.5791666666666666,0.5807004710077308,completed,0.6088173660100438,29.650699343377163,25.810400009155273
140,3,1,0.5833333333333334,0.5854009010072332,completed,0.6137134980235714,30.380164690238075,20.85590362548828
141,0,1,0.5875,0.590057658002479,completed,0.6230352870188653,35.535287018865326,20.866079330444336
142,1,1,0.5916666666666667,0.5947335610107984,completed,0.6230455160257407,31.37884935907398,15.853599548339844
143,2,1,0.5958333333333333,0.5994459530047607,completed,0.632373587024631,36.54025369129765,20.662399291992188
144,3,0,0.6,0.6041332379973028,completed,0.6370707400201354,37.07074002013544,20.675296783447266
145,0,0,0.6041666666666666,0.6088100830093026,dropped_dispatch_late,,,
146,1,0,0.6083333333333333,0.6090424840222113,completed,0.6417468040017411,33.41347066840783,20.65830421447754
147,2,0,0.6125,0.6137054620194249,completed,0.6464368640154134,33.936864015413406,15.913056373596191
148,3,1,0.6166666666666667,0.6183633510081563,completed,0.6511239480169024,34.45728135023573,16.05731201171875
149,0,1,0.6208333333333333,0.6230298660229892,completed,0.6604233340185601,39.59000068522678,32.58940887451172
150,1,1,0.625,0.6277078630228061,completed,0.661235708015738,36.235708015738055,20.891679763793945
151,2,1,0.6291666666666667,0.6323664030060172,completed,0.66659310500836,37.42643834169335,21.113567352294922
152,3,0,0.6333333333333333,0.6370630760211498,completed,0.6756687970191706,42.3354636858373,21.03660774230957
153,0,0,0.6375,0.6417403310188092,dropped_dispatch_late,,,
154,1,0,0.6416666666666666,0.6417556510132272,completed,0.680574707017513,38.908040350846385,16.138944625854492
155,2,0,0.6458333333333334,0.6464298299979419,completed,0.6852437670168001,39.41043368346675,15.957792282104492
156,3,1,0.65,0.6511160530208144,completed,0.6898906850256026,39.89068502560256,16.080543518066406
157,0,1,0.6541666666666667,0.6557871270051692,completed,0.6964473710104357,42.280704343769074,37.186622619628906
158,1,1,0.6583333333333333,0.6604179740243126,dropped_queue_full,,,
159,2,1,0.6625,0.6626404660055414,dropped_queue_full,,,
160,3,0,0.6666666666666666,0.6667539210175164,dropped_queue_full,,,
161,0,0,0.6708333333333333,0.6709589190140832,completed,0.7011156690132339,30.282335679900573,6.122655868530273
162,1,0,0.675,0.6756609720177948,completed,0.7011255780234933,26.125578023493247,21.990976333618164
163,2,0,0.6791666666666667,0.6805682039994281,completed,0.7057529590092599,26.586292342593243,22.1693115234375
164,3,1,0.6833333333333333,0.685236673016334,completed,0.7153576150012668,32.02428166793347,27.039743423461914
165,0,1,0.6875,0.6898826390097383,dropped_queue_full,,,
166,1,1,0.6916666666666667,0.6917566600022838,completed,0.7246685940190218,33.00192735235519,20.97315216064453
167,2,1,0.6958333333333333,0.6964418900024612,completed,0.7293169540062081,33.48362067287481,20.728479385375977
168,3,0,0.7,0.7011101590178441,completed,0.7340151300013531,34.01513000135314,15.86899185180664
169,0,0,0.7041666666666666,0.7057463260134682,completed,0.7386487120238598,34.482045357193236,30.303455352783203
170,1,0,0.7083333333333334,0.7104384600243066,completed,0.7433457860024646,35.01245266913122,20.792512893676758
171,2,0,0.7125,0.7153499110136181,completed,0.7433552840084303,30.855284008430296,16.125408172607422
172,3,1,0.7166666666666667,0.7200172680022661,completed,0.7526766619994305,36.009995332763836,20.738208770751953
173,0,1,0.7208333333333333,0.7246620510122739,completed,0.7573294510075357,36.49611767420235,20.856063842773438
174,1,1,0.725,0.7293100310198497,dropped_dispatch_late,,,
175,2,1,0.7291666666666666,0.7293250400107354,completed,0.7666671800252516,37.50051335858495,20.755359649658203
176,3,0,0.7333333333333333,0.7339992500201333,completed,0.7713475320197176,38.01419868638434,15.875904083251953
177,0,0,0.7375,0.7386434320069384,completed,0.7732646040094551,35.76460400945503,15.89686393737793
178,1,0,0.7416666666666667,0.7433393730025273,completed,0.7785913330153562,36.92466634868951,34.95171356201172
179,2,0,0.7458333333333333,0.7480138840037398,completed,0.7881441409990657,42.31080766573236,20.840063095092773
180,3,1,0.75,0.7526687369972933,completed,0.7927974110061768,42.797411006176844,20.866239547729492
181,0,1,0.7541666666666667,0.7573239000048488,completed,0.7974475750233978,43.28090835673115,20.902496337890625
182,1,1,0.7583333333333333,0.7620180680241901,completed,0.8021164450037759,43.78311167044258,20.82294464111328
183,2,1,0.7625,0.7666600170196034,completed,0.8067812870140187,44.28128701401879,20.850528717041016
184,3,0,0.7666666666666666,0.7713399270141963,dropped_dispatch_late,,,
185,0,0,0.7708333333333334,0.7713555570226163,dropped_queue_full,,,
186,1,0,0.775,0.7751136959996074,dropped_queue_full,,,
187,2,0,0.7791666666666667,0.7792252369981725,dropped_queue_full,,,
188,3,1,0.7833333333333333,0.7834248660074081,completed,0.8114498260256369,28.11649269230354,20.75801658630371
189,0,1,0.7875,0.7881370070099365,completed,0.8163600040134043,28.86000401340427,20.790719985961914
190,1,1,0.7916666666666666,0.792789666011231,completed,0.8210810630116612,29.414396344994543,20.870880126953125
191,2,1,0.7958333333333333,0.7974420850223396,completed,0.830450332025066,34.61699869173274,20.85433578491211
192,3,0,0.8,0.8021098420140333,completed,0.8351515830145217,35.151583014521705,20.902463912963867
193,0,0,0.8041666666666667,0.8067740330006927,completed,0.8351399610110093,30.973294344342595,16.243711471557617
194,1,0,0.8083333333333333,0.8114420210185926,completed,0.8444738730031531,36.14053966981978,20.891679763793945
195,2,0,0.8125,0.816354634007439,completed,0.8491643040033523,36.6643040033523,20.82512092590332
196,3,1,0.8166666666666667,0.8210743200033903,dropped_dispatch_late,,,
197,0,1,0.8208333333333333,0.8210897990211379,completed,0.8538628900132608,33.02955667992747,20.764095306396484
198,1,1,0.825,0.8257370680221356,completed,0.8585494630096946,33.549463009694634,15.828800201416016
199,2,1,0.8291666666666666,0.8304430080170278,completed,0.8632247850182466,34.05811835158001,15.830592155456543
200,3,0,0.8333333333333334,0.835134551016381,completed,0.8678892960015219,34.5559626681885,32.515647888183594
201,0,0,0.8375,0.8398080690240022,completed,0.8772045530204196,39.70455302041953,20.51171112060547
202,1,0,0.8416666666666667,0.8444671500183176,completed,0.8781799060234334,36.51323935676676,20.56515121459961
203,2,0,0.8458333333333333,0.8491573000210337,completed,0.8837980090174824,37.96467568414907,20.700895309448242
204,3,1,0.85,0.8538575400016271,completed,0.8923024650139268,42.30246501392687,20.74166488647461
205,0,1,0.8541666666666666,0.8585432710242458,dropped_dispatch_late,,,
206,1,1,0.8583333333333333,0.8585584600223228,completed,0.8970350860035978,38.70175267026455,15.927807807922363
207,2,1,0.8624999999999999,0.8632177210238297,completed,0.901698244997533,39.1982449975331,15.775808334350586
208,3,0,0.8666666666666667,0.8678814410232008,completed,0.9063693479984067,39.70268133174004,15.699775695800781
209,0,0,0.8708333333333333,0.8725451810169034,completed,0.9131196320231538,42.28629868982048,36.461822509765625
210,1,0,0.875,0.8771991020184942,dropped_queue_full,,,
211,2,0,0.8791666666666667,0.879287360003218,dropped_queue_full,,,
212,3,1,0.8833333333333333,0.883473773021251,dropped_queue_full,,,
213,0,1,0.8875,0.8875871970085427,completed,0.9180213240033481,30.52132400334817,6.004767894744873
214,1,1,0.8916666666666666,0.8922945200174581,completed,0.9180311530071776,26.36448634051103,21.862367630004883
215,2,1,0.8958333333333334,0.8970286630210467,completed,0.9227210020180792,26.88766868474579,21.337888717651367
216,3,0,0.9,0.9016907300101593,completed,0.9321163510030601,32.116351003060096,26.30713653564453
217,0,0,0.9041666666666667,0.9063617540232372,dropped_queue_full,,,
218,1,0,0.9083333333333333,0.9084344720176887,completed,0.9367621070123278,28.428773678994435,20.44220733642578
219,2,0,0.9125,0.9131142020050902,completed,0.9460558630235028,33.55586302350277,20.424928665161133
220,3,1,0.9166666666666666,0.9180158440140076,completed,0.9506997849966865,34.033118330019875,15.750656127929688
221,0,1,0.9208333333333333,0.9227144900069106,completed,0.9553483760100789,34.51504267674566,29.1026554107666
222,1,1,0.9249999999999999,0.9274507380032446,completed,0.9600251610099804,35.02516100998043,20.541919708251953
223,2,1,0.9291666666666667,0.932108536013402,completed,0.960034899006132,30.86823233946534,15.920255661010742
224,3,0,0.9333333333333333,0.936755554022966,completed,0.9693588420050219,36.02550867168852,20.40300750732422
225,0,0,0.9375,0.9413939060177654,completed,0.9739974240073934,36.49742400739342,20.48908805847168
226,1,0,0.9416666666666667,0.9460485489980783,dropped_dispatch_late,,,
227,2,0,0.9458333333333333,0.9460643190250266,completed,0.9786769240163267,32.843590682993366,20.45020866394043
228,3,1,0.95,0.9506921300198883,completed,0.9834532079985365,33.45320799853657,15.690943717956543
229,0,1,0.9541666666666666,0.9553430660162121,completed,0.9885492490138859,34.38258234721925,15.698304176330566
230,1,1,0.9583333333333334,0.9600181470159441,completed,0.9935942830052227,35.26094967188931,33.33180618286133
231,2,1,0.9625,0.964695754024433,completed,1.000672210007906,38.17221000790594,20.482336044311523
232,3,0,0.9666666666666667,0.9693512580124661,completed,1.0039642130141146,37.29754634744798,20.429567337036133
233,0,0,0.9708333333333333,0.9739921040018089,completed,1.013600801001303,42.76746766796957,20.42470359802246
234,1,0,0.975,0.9786698110110592,completed,1.0185028730193153,43.502873019315324,20.46758460998535
235,2,0,0.9791666666666666,0.9834453230141662,dropped_dispatch_late,,,
236,3,1,0.9833333333333333,0.9834612030244898,completed,1.0232266469975002,39.89331366416693,15.591103553771973
237,0,1,0.9874999999999999,0.9882157350075431,dropped_queue_full,,,
238,1,1,0.9916666666666667,0.9916947949968744,dropped_queue_full,,,
239,2,1,0.9958333333333333,0.9959559400158469,completed,1.028046704013832,32.213370680498564,25.620159149169922
240,3,0,1.0,1.0006647950212937,dropped_queue_full,,,
241,0,0,1.0041666666666667,1.0042831790051423,completed,1.0327126880001742,28.54602133350759,20.705215454101562
242,1,0,1.0083333333333333,1.0089524500072002,completed,1.0374059640162159,29.072630682882572,20.64681625366211
243,2,0,1.0125,1.013595531025203,completed,1.0420701749972068,29.57017499720682,15.763296127319336
244,3,1,1.0166666666666666,1.0184961300110444,completed,1.0467984070128296,30.13174034616295,25.836095809936523
245,0,1,1.0208333333333333,1.023218792019179,completed,1.0514562460011803,30.622912667847004,20.762624740600586
246,1,1,1.025,1.0280395500012673,completed,1.0514657940075267,26.4657940075268,16.01638412475586
247,2,1,1.0291666666666666,1.0327070880157407,completed,1.0654413040028885,36.274637336221936,17.558591842651367
248,3,0,1.0333333333333332,1.0373994920228142,completed,1.0701516730186995,36.8183396853663,20.343807220458984
249,0,0,1.0375,1.0420627410057932,dropped_dispatch_late,,,
250,1,0,1.0416666666666667,1.0420786710164975,completed,1.0751831310044508,33.5164643377841,20.334943771362305
251,2,0,1.0458333333333334,1.0467908029968385,completed,1.07986470501055,34.031371677216704,15.669759750366211
252,3,1,1.05,1.0514505750034004,completed,1.0845613270066679,34.56132700666781,15.663904190063477
253,0,1,1.0541666666666667,1.0560857010132167,completed,1.0894941780134104,35.32751134674372,30.81929588317871
254,1,1,1.0583333333333333,1.0607314470107667,completed,1.0895032760163303,31.169942682996997,15.781344413757324
255,2,1,1.0625,1.0654338000167627,completed,1.0988158670079429,36.31586700794287,20.701824188232422
256,3,0,1.0666666666666667,1.0701437079987954,completed,1.1035005270096008,36.83386034293412,20.688480377197266
257,0,0,1.0708333333333333,1.0751762580184732,dropped_dispatch_late,,,
258,1,0,1.075,1.0751923190255184,completed,1.108203912008321,33.203912008320955,20.490816116333008
259,2,0,1.0791666666666666,1.079857371019898,completed,1.1134457500011194,34.27908333445284,15.490943908691406
260,3,1,1.0833333333333333,1.0845535520056728,completed,1.118387969007017,35.05463567368383,15.482208251953125
261,0,1,1.0875,1.0894888180191629,completed,1.1234358390211128,35.935839021112855,33.729984283447266
262,1,1,1.0916666666666666,1.0941346239997074,completed,1.1297027340042405,38.03606733757392,20.3341121673584
263,2,1,1.0958333333333332,1.0988087840087246,completed,1.1343719750002492,38.53864166691601,20.41116714477539
264,3,0,1.1,1.1034927120199427,completed,1.1390353340248112,39.03533402481108,20.551424026489258
265,0,0,1.1041666666666667,1.1081973000254948,completed,1.1483432259992696,44.17655933260289,20.539871215820312
266,1,0,1.1083333333333334,1.1129500580136664,dropped_dispatch_late,,,
267,2,0,1.1125,1.1129585250164382,dropped_queue_full,,,
268,3,1,1.1166666666666667,1.1167986900254618,dropped_queue_full,,,
269,0,1,1.1208333333333333,1.120901854999829,dropped_queue_full,,,
270,1,1,1.125,1.1250115919974633,completed,1.1529954140132759,27.995414013275877,20.58140754699707
271,2,1,1.1291666666666667,1.1296963519998826,completed,1.1576603570138104,28.493690347143776,20.512800216674805
272,3,0,1.1333333333333333,1.1343648510228377,completed,1.1623347670247313,29.00143369139796,20.429792404174805
273,0,0,1.1375,1.1390276390011422,completed,1.1669894790102262,29.489479010226248,20.404895782470703
274,1,0,1.1416666666666666,1.1436987229972146,completed,1.1716511450067628,29.98447834009621,20.4586238861084
275,2,0,1.1458333333333333,1.1483378160046414,completed,1.1763452630257234,30.51192969239014,20.532960891723633
276,3,1,1.15,1.1529888420191128,completed,1.1763551020121668,26.355102012166842,15.935263633728027
277,0,1,1.1541666666666666,1.1576532530016266,completed,1.1810217070160434,26.8550403493768,15.897215843200684
278,1,1,1.1583333333333332,1.1623267920222133,completed,1.195203499024501,36.870165691167855,20.826784133911133
279,2,1,1.1625,1.1669840590038802,dropped_dispatch_late,,,
280,3,0,1.1666666666666667,1.1669991580129135,completed,1.1998841510212515,33.21748435458471,20.60550308227539
281,0,0,1.1708333333333334,1.1716447030194104,completed,1.2045484319969546,33.71509866362121,20.67184066772461
282,1,0,1.175,1.1763379590120167,completed,1.2092275910254102,34.22759102541018,15.791775703430176
283,2,0,1.1791666666666667,1.1810159260057844,completed,1.2138936950068455,34.72702834017882,30.560224533081055
284,3,1,1.1833333333333333,1.185665629018331,completed,1.2191591990122106,35.82586567887724,20.591999053955078
285,0,1,1.1875,1.1904422140214592,completed,1.2191473160055466,31.6473160055466,15.91427230834961
286,1,1,1.1916666666666667,1.1951969960064162,completed,1.2284560000116471,36.78933334498047,20.531904220581055
287,2,1,1.1958333333333333,1.1998768070188817,completed,1.2331006030144636,37.26726968113026,20.53206443786621
288,3,0,1.2,1.2045430010184646,dropped_dispatch_late,,,
289,0,0,1.2041666666666666,1.2045583310246002,completed,1.2381772079970688,34.010541330402155,20.53571128845215
290,1,0,1.2083333333333333,1.2092214490112383,completed,1.2432331530144438,34.89981968111056,15.643487930297852
291,2,0,1.2125,1.213886701996671,completed,1.248279449006077,35.77944900607699,15.679231643676758
292,3,1,1.2166666666666666,1.2191420460003428,completed,1.2546658720239066,37.999205357239994,34.1242561340332
293,0,1,1.2208333333333332,1.2237800669972785,completed,1.2592999050102662,38.466571676933015,20.529823303222656
294,1,1,1.225,1.2284494880004786,completed,1.26396479801042,38.96479801041997,20.69331169128418
295,2,1,1.2291666666666667,1.2330931890173815,completed,1.2732796130003408,44.11294633367402,20.469919204711914
296,3,0,1.2333333333333334,1.2377257700136397,dropped_dispatch_late,,,
297,0,0,1.2375,1.237734326015925,dropped_queue_full,,,
298,1,0,1.2416666666666667,1.2418033270223532,dropped_queue_full,,,
299,2,0,1.2458333333333333,1.2459024139971007,dropped_queue_full,,,
300,3,1,1.25,1.2500132830173243,completed,1.2779546750243753,27.95467502437532,20.465856552124023
301,0,1,1.2541666666666667,1.2546580670168623,completed,1.2826253579987679,28.458691332101218,20.428991317749023
302,1,1,1.2583333333333333,1.2592945049982518,completed,1.2873251160199288,28.991782686595524,20.390592575073242
303,2,1,1.2625,1.2639582350093406,completed,1.292180410004221,29.680410004220946,20.602720260620117
304,3,0,1.2666666666666666,1.2685964060074184,completed,1.2968047150061466,30.138048339479973,20.425312042236328
305,0,0,1.2708333333333333,1.2732724900124595,completed,1.3014752180024516,30.641884669118326,20.489728927612305
306,1,0,1.275,1.2779470200184733,completed,1.3014846660080366,26.484666008036672,15.713600158691406
307,2,0,1.2791666666666666,1.2826200780109502,completed,1.306124330003513,26.95766333684646,15.732640266418457
308,3,1,1.2833333333333332,1.2873183629999403,completed,1.320340878010029,37.00754467669576,20.796192169189453
309,0,1,1.2875,1.2921731960086618,dropped_dispatch_late,,,
310,1,1,1.2916666666666667,1.292188896011794,completed,1.3250021030253265,33.33543635865976,20.659231185913086
311,2,1,1.2958333333333334,1.296796800015727,completed,1.3296938160201535,33.86048268682007,20.390560150146484
312,3,0,1.3,1.3014698370243423,completed,1.3343654310156126,34.365431015612515,15.595935821533203
313,0,0,1.3041666666666667,1.3061179180222098,completed,1.339018931001192,34.85226433452526,30.00739288330078
314,1,0,1.3083333333333333,1.3107787720218766,completed,1.3436941929976456,35.36085966431224,20.513856887817383
315,2,0,1.3125,1.3154421510116663,completed,1.3437041120196227,31.2041120196227,15.919168472290039
316,3,1,1.3166666666666667,1.3203329730022233,completed,1.3529864459997043,36.31977933303765,20.411136627197266
317,0,1,1.3208333333333333,1.3249956410145387,completed,1.3576698230172042,36.83648968387088,20.476640701293945
318,1,1,1.325,1.3296863620053045,dropped_dispatch_late,,,
319,2,1,1.3291666666666666,1.3297018209996168,completed,1.3670315180206671,37.86485135400053,20.361759185791016
320,3,0,1.3333333333333333,1.334357556013856,completed,1.367529163020663,34.195829687329706,15.578432083129883
321,0,0,1.3375,1.339013461023569,completed,1.3726985140237957,35.19851402379581,15.601408004760742
322,1,0,1.3416666666666666,1.3436876000196207,completed,1.3777495690155774,36.08290234891087,33.858943939208984
323,2,0,1.3458333333333332,1.3483367130102124,completed,1.383864937000908,38.03160366757474,20.398944854736328
324,3,1,1.35,1.3529790519969538,completed,1.388530811003875,38.5308110038749,20.3789119720459
325,0,1,1.3541666666666667,1.3576643530104775,completed,1.3931979770131875,39.03131034652074,20.431488037109375
326,1,1,1.3583333333333334,1.3623731780098751,completed,1.4027732380200177,44.43990468668435,20.447744369506836
327,2,1,1.3625,1.3670241340005305,dropped_dispatch_late,,,
328,3,0,1.3666666666666667,1.367039864009712,dropped_queue_full,,,
329,0,0,1.3708333333333333,1.3709555420209654,dropped_queue_full,,,
330,1,0,1.375,1.3750632060109638,dropped_queue_full,,,
331,2,0,1.3791666666666667,1.3791672330116853,completed,1.4074227010132745,28.25603434660784,20.518943786621094
332,3,1,1.3833333333333333,1.3838580840092618,completed,1.4120846570003778,28.75132366704447,20.551807403564453
333,0,1,1.3875,1.3885231360036414,completed,1.4167207140126266,29.2207140126266,20.549856185913086
334,1,1,1.3916666666666666,1.3931925170181785,completed,1.4215953950188123,29.92872835214566,20.461856842041016
335,2,1,1.3958333333333333,1.3981103700061794,completed,1.4262993810116313,30.466047678298082,20.421119689941406
336,3,0,1.4,1.4027669760107528,completed,1.4263087990111671,26.308799011167228,15.814016342163086
337,0,0,1.4041666666666666,1.4074155270063784,completed,1.4310035780072212,26.836911340554657,15.859359741210938
338,1,0,1.4083333333333332,1.4120770230074413,completed,1.4403163700189907,31.983036685657495,20.810367584228516
339,2,0,1.4125,1.416715274011949,dropped_dispatch_late,,,
340,3,1,1.4166666666666667,1.4169355630001519,completed,1.4496391210122965,32.972454345629785,20.649248123168945
341,0,1,1.4208333333333334,1.4215889729966875,completed,1.4542752380075399,33.44190467420649,20.609600067138672
342,1,1,1.425,1.426292378018843,completed,1.458951552020153,33.95155202015299,15.791680335998535
343,2,1,1.4291666666666667,1.4309983080020174,completed,1.4636259320250247,34.45926535835797,29.786943435668945
344,3,0,1.4333333333333333,1.4356613470008597,completed,1.4683023160032462,34.96898266991288,20.63465690612793
345,0,0,1.4375,1.4403097380127292,completed,1.4682908640243113,30.790864024311304,16.076831817626953
346,1,0,1.4416666666666667,1.444967927003745,completed,1.4776591020054184,35.99243533875174,20.780832290649414
347,2,0,1.4458333333333333,1.449631966999732,completed,1.482301180018112,36.46784668477876,20.77552032470703
348,3,1,1.45,1.4542700690217316,dropped_dispatch_late,,,
349,0,1,1.4541666666666666,1.4542848970158957,completed,1.4916048750164919,37.43820834982525,20.655136108398438
350,1,1,1.4583333333333333,1.4589452200161759,completed,1.496475949010346,38.14261567701283,15.702848434448242
351,2,1,1.4625,1.4636189390148502,completed,1.4979706480226014,35.470648022601466,15.861824035644531
352,3,0,1.4666666666666666,1.4682852140103932,completed,1.5028589650173672,36.19229835070059,34.37171173095703
353,0,0,1.4708333333333332,1.4729790810088161,completed,1.5084879890200682,37.65465568673498,20.64588737487793
354,1,0,1.475,1.4776525890047196,completed,1.5178641710081138,42.864171008113686,20.65318489074707
355,2,0,1.4791666666666667,1.4822939069999848,completed,1.5227638590149581,43.5971923482914,20.56831932067871
356,3,1,1.4833333333333334,1.4869648599997163,completed,1.5274344019999262,44.1010686665928,20.611360549926758
357,0,1,1.4875,1.4915994150214829,completed,1.5321091430087108,44.609143008710774,20.556127548217773
358,1,1,1.4916666666666667,1.4964694060035981,dropped_dispatch_late,,,
359,2,1,1.4958333333333333,1.4964851760014426,dropped_queue_full,,,
360,3,0,1.5,1.50001039300696,dropped_queue_full,,,
361,0,0,1.5041666666666667,1.504272160003893,dropped_queue_full,,,
362,1,0,1.5083333333333333,1.5084835900051985,completed,1.5368118570186198,28.478523685286472,20.523967742919922
363,2,0,1.5125,1.5131986780033913,completed,1.5414936110028066,28.993611002806617,20.57267189025879
364,3,1,1.5166666666666666,1.5178577490150928,completed,1.5461687619972508,29.502095330584233,20.56559944152832
365,0,1,1.5208333333333333,1.5227567260153592,completed,1.5508331330202054,29.999799686872166,20.547679901123047
366,1,1,1.525,1.5274264970212243,completed,1.5555002100009006,30.50021000090064,20.573728561401367
367,2,1,1.5291666666666666,1.5321037320245523,completed,1.555509997997433,26.343331330766382,15.748607635498047
368,3,0,1.5333333333333332,1.5368051940167788,completed,1.560161444998812,26.828111665478716,15.775744438171387
369,0,0,1.5375,1.5414863670011982,completed,1.5741417340177577,36.641734017757614,20.555200576782227
370,1,0,1.5416666666666667,1.546161147998646,dropped_dispatch_late,,,
371,2,0,1.5458333333333334,1.546176768024452,completed,1.578790335013764,32.95700168043059,20.535295486450195
372,3,1,1.55,1.5508276730251964,completed,1.5834595750202425,33.45957502024244,20.60700798034668
373,0,1,1.5541666666666667,1.5554936570115387,completed,1.5881187870108988,33.952120344232114,15.893312454223633
374,1,1,1.5583333333333333,1.5601541310024913,completed,1.5928059610014316,34.47262766809822,31.17487907409668
375,2,1,1.5625,1.5647946070239414,completed,1.59759720301372,35.09720301371999,20.818496704101562
376,3,0,1.5666666666666667,1.5694759199977852,completed,1.5976067510200664,30.94008435339979,16.18783950805664
377,0,0,1.5708333333333333,1.5741360929969233,completed,1.6076937740144785,36.86044068114525,21.056991577148438
378,1,0,1.575,1.5787831010238733,completed,1.6172489960154053,42.248996015405325,20.994976043701172
379,2,0,1.5791666666666666,1.5834519610216375,dropped_dispatch_late,,,
380,3,1,1.5833333333333333,1.5834675000223797,completed,1.6182848240132444,34.9514906799111,20.76268768310547
381,0,1,1.5875,1.5881134259980172,completed,1.6256180150085129,38.11801500851297,15.757792472839355
382,1,1,1.5916666666666666,1.5927996690152213,completed,1.630315940012224,38.649273345557454,15.77843189239502
383,2,1,1.5958333333333332,1.5975901000201702,completed,1.638138712005457,42.305378672123695,36.07622528076172
384,3,0,1.6,1.6023943060135935,completed,1.642816658015363,42.81665801536283,20.590335845947266
385,0,0,1.6041666666666667,1.607044700998813,dropped_queue_full,,,
386,1,0,1.6083333333333334,1.6084872409992386,dropped_queue_full,,,
387,2,0,1.6125,1.6125861780019477,completed,1.6474869009980466,34.98690099804658,10.937472343444824
388,3,1,1.6166666666666667,1.6172426039993297,dropped_queue_full,,,
389,0,1,1.6208333333333333,1.6209557780239265,completed,1.6474759600241669,26.642626690833502,21.550207138061523
390,1,1,1.625,1.625612595002167,completed,1.6567658880085219,31.76588800852187,26.59040069580078
391,2,1,1.6291666666666667,1.630309408006724,dropped_queue_full,,,
392,3,0,1.6333333333333333,1.6334834580193274,completed,1.6614322930108756,28.09895967754228,21.484224319458008
393,0,0,1.6375,1.6381315780163277,completed,1.6707295560045168,33.22955600451682,20.825279235839844
394,1,0,1.6416666666666666,1.6428088340035174,completed,1.67542930401396,33.762637347293456,15.720319747924805
395,2,0,1.6458333333333333,1.6474704590218607,completed,1.6801135030109435,34.280169677610274,28.716575622558594
396,3,1,1.65,1.6521239100256935,completed,1.6847722730017267,34.7722730017268,21.01081657409668
397,0,1,1.6541666666666666,1.6567593160143588,completed,1.6894093830196653,35.24271635299869,20.744415283203125
398,1,1,1.6583333333333332,1.6614243480144069,completed,1.6894189510203432,31.085617687010014,16.118112564086914
399,2,1,1.6624999999999999,1.6660804240091238,completed,1.6987175359972753,36.2175359972754,20.785247802734375
400,3,0,1.6666666666666667,1.670723995019216,completed,1.7034007930196822,36.73412635301543,20.797727584838867
401,0,0,1.6708333333333334,1.675422892003553,dropped_dispatch_late,,,
402,1,0,1.675,1.6754383610095829,completed,1.7127133540052455,37.71335400524545,20.659711837768555
403,2,0,1.6791666666666667,1.680106148996856,completed,1.7133385620254558,34.17189535878906,15.729408264160156
404,3,1,1.6833333333333333,1.684764928999357,completed,1.7184531380189583,35.11980468562492,15.767168045043945
405,0,1,1.6875,1.689404443022795,completed,1.7236470250063576,36.14702500635758,33.980384826660156
406,1,1,1.6916666666666667,1.6940624220005702,completed,1.7297530150099192,38.08634834325253,20.691743850708008
407,2,1,1.6958333333333333,1.6987105020089075,completed,1.734417496016249,38.58416268291576,20.699968338012695
408,3,0,1.7,1.7033931680198293,completed,1.7436864449991845,43.6864449991845,20.738752365112305
409,0,0,1.7041666666666666,1.7080460470169783,completed,1.748371155001223,44.20448833455648,20.71990394592285
410,1,0,1.7083333333333333,1.7127067020046525,dropped_dispatch_late,,,
411,2,0,1.7125,1.7127226020093076,dropped_queue_full,,,
412,3,1,1.7166666666666666,1.7167985450068954,dropped_queue_full,,,
413,0,1,1.7208333333333332,1.7209560229966883,dropped_queue_full,,,
414,1,1,1.7249999999999999,1.7250710910011549,completed,1.7532903700193856,28.290370019385726,20.653600692749023
415,2,1,1.7291666666666667,1.7297465029987507,completed,1.7579666040255688,28.79993735890207,20.844703674316406
416,3,0,1.7333333333333334,1.7344101520138793,completed,1.7626689769967925,29.335643663459088,20.814144134521484
417,0,0,1.7375,1.7390441260067746,completed,1.7673341500048991,29.834150004899087,20.897855758666992
418,1,0,1.7416666666666667,1.7436785400204826,completed,1.771996998024406,30.330331357739215,21.001535415649414
419,2,0,1.7458333333333333,1.7483658650016878,completed,1.7720138099975884,26.180476664255046,16.15180778503418
420,3,1,1.75,1.7532839180203155,completed,1.7766624110226985,26.662411022698507,16.048383712768555
421,0,1,1.7541666666666667,1.7579595700080972,completed,1.7907160390168428,36.54937235017619,20.841215133666992
422,1,1,1.7583333333333333,1.7626610920124222,dropped_dispatch_late,,,
423,2,1,1.7625,1.7626769019989297,completed,1.7954202860128134,32.92028601281349,20.74390411376953
424,3,0,1.7666666666666666,1.7673287890211213,completed,1.8001083920244128,33.441725357746144,20.64735984802246
425,0,0,1.7708333333333333,1.7719902050157543,completed,1.8047653390094638,33.93200567613053,15.925024032592773
426,1,0,1.775,1.7766549170191865,completed,1.8094543570186943,34.45435701869437,30.880640029907227
427,2,0,1.7791666666666666,1.7813095590099692,completed,1.8141444270149805,34.9777603483139,20.937824249267578
428,3,1,1.7833333333333332,1.7859983170055784,completed,1.8141541860240977,30.82085269076451,16.240447998046875
429,0,1,1.7874999999999999,1.7907106290222146,completed,1.823740527004702,36.24052700470215,20.892127990722656
430,1,1,1.7916666666666667,1.7954132330196444,completed,1.8289277419971768,37.26107533051004,20.91379165649414
431,2,1,1.7958333333333334,1.8001008080027532,dropped_dispatch_late,,,
432,3,0,1.8,1.8001165780005977,completed,1.834405016998062,34.40501699806187,20.664735794067383
433,0,0,1.8041666666666667,1.8047599389974494,completed,1.8395416950224899,35.375028355823176,15.709312438964844
434,1,0,1.8083333333333333,1.809447995008668,completed,1.8464383370010182,38.105003667684876,15.735584259033203
435,2,0,1.8125,1.8141372130194213,completed,1.849751642002957,37.25164200295694,35.30275344848633
436,3,1,1.8166666666666667,1.8188415500044357,completed,1.8596754540049005,43.00878733823388,20.45680046081543
437,0,1,1.8208333333333333,1.8237346160167363,completed,1.8643726380250882,43.539304691754936,20.624576568603516
438,1,1,1.825,1.8284361179976258,dropped_queue_full,,,
439,2,1,1.8291666666666666,1.8292492220061831,completed,1.8690515970229171,39.884930356250514,15.801983833312988
440,3,0,1.8333333333333333,1.8339135930000339,dropped_queue_full,,,
441,0,0,1.8375,1.83764059402165,dropped_queue_full,,,
442,1,0,1.8416666666666666,1.8417461330245715,completed,1.8737124309991486,32.04576433248207,25.78348731994629
443,2,0,1.8458333333333332,1.8464319950144272,dropped_queue_full,,,
444,3,1,1.8499999999999999,1.8500719900184777,completed,1.8784073800197802,28.407380019780383,20.723039627075195
445,0,1,1.8541666666666667,1.8549531130120158,completed,1.8830564620147925,28.889795348125745,20.69398307800293
446,1,1,1.8583333333333334,1.8596676489978563,completed,1.8877492070023436,29.415873669010217,15.77513599395752
447,2,1,1.8625,1.8643671669997275,completed,1.8924864570144564,29.98645701445635,25.75699234008789
448,3,0,1.8666666666666667,1.8690444530220702,completed,1.8972052810131572,30.538614346490522,20.78656005859375
449,0,0,1.8708333333333333,1.873705878999317,completed,1.8971942400094122,26.36090667607882,16.027711868286133
450,1,0,1.875,1.8783995550184045,completed,1.9112226110009942,36.22261100099422,20.51478385925293
451,2,0,1.8791666666666667,1.8830512020213064,completed,1.91588438701001,36.71772034334331,20.47715187072754
452,3,1,1.8833333333333333,1.8877427150146104,dropped_dispatch_late,,,
453,0,1,1.8875,1.887757924007019,completed,1.9205562720017042,33.056272001704244,20.355712890625
454,1,1,1.8916666666666666,1.8924793930200394,completed,1.9254811880236957,33.814521357029115,15.623456001281738
455,2,1,1.8958333333333333,1.8971886500075925,completed,1.930244738003239,34.41140466990578,15.63548755645752
456,3,0,1.9,1.9018725280184299,completed,1.9349293170089368,34.92931700893686,31.060895919799805
457,0,0,1.9041666666666666,1.9065134040138219,completed,1.9395816960022785,35.41502933561191,20.52876853942871
458,1,0,1.9083333333333332,1.9112159880169202,completed,1.939591244008625,31.25791067529171,15.809632301330566
459,2,0,1.9124999999999999,1.9158774340176024,completed,1.9489388320071157,36.43883200711584,20.699583053588867
460,3,1,1.9166666666666667,1.920550852024462,completed,1.9539018600189593,37.23519335229253,20.678112030029297
461,0,1,1.9208333333333334,1.9254746660008095,dropped_dispatch_late,,,
462,1,1,1.925,1.9254904460103717,completed,1.9596561020007357,34.65610200073566,20.594112396240234
463,2,1,1.9291666666666667,1.9302377350104507,completed,1.9647024180158041,35.53575134913744,15.614144325256348
464,3,0,1.9333333333333333,1.9349218030110933,completed,1.9714405490085483,38.10721567521491,15.738112449645996
465,0,0,1.9375,1.9395763050124515,completed,1.9750168030150235,37.51680301502347,35.13129425048828
466,1,0,1.9416666666666667,1.9442742000101134,completed,1.9843475390225649,42.68087235589824,20.61471939086914
467,2,0,1.9458333333333333,1.9489319490094204,completed,1.9890210680023301,43.18773466899684,20.554079055786133
468,3,1,1.95,1.953724854014581,dropped_queue_full,,,
469,0,1,1.9541666666666666,1.954211017000489,completed,1.9936918910243548,39.52522435768824,15.700736045837402
470,1,1,1.9583333333333333,1.9588785850210115,dropped_queue_full,,,
471,2,1,1.9625,1.9626429960189853,dropped_queue_full,,,
472,3,0,1.9666666666666666,1.9667434960138053,completed,1.9983918300131336,31.72516334646702,25.702688217163086
473,0,0,1.9708333333333332,1.9714327740075532,dropped_queue_full,,,
474,1,0,1.9749999999999999,1.9750105810235254,completed,2.0030926800100133,28.092680010013417,20.43574333190918
475,2,0,1.9791666666666667,1.9796738000004552,completed,2.0077814270043746,28.61476033770782,20.67081642150879
476,3,1,1.9833333333333334,1.9843408559972886,completed,2.0124538440140896,29.120510680756162,15.765376091003418
477,0,1,1.9875,1.9890138740011025,completed,2.017249354015803,29.749354015802922,25.619808197021484
478,1,1,1.9916666666666667,1.9936865610070527,completed,2.021929375012405,30.26270834573852,20.695039749145508
479,2,1,1.9958333333333333,1.998384385020472,completed,2.031510797009105,35.67746367577151,20.659168243408203
480,3,0,2.0,2.00308610801585,completed,2.03152024501469,31.520245014689863,15.635711669921875
481,0,0,2.0041666666666664,2.0077741440036334,completed,2.0409566220187116,36.78995535204521,20.51036834716797
482,1,0,2.0083333333333333,2.0124462190142367,completed,2.0456191490229685,37.285815689635186,20.481536865234375
483,2,0,2.0125,2.0172440040041693,dropped_dispatch_late,,,
484,3,1,2.0166666666666666,2.0172593330207746,completed,2.050292818021262,33.62615135459546,20.38502311706543
485,0,1,2.0208333333333335,2.021922651998466,completed,2.055088788998546,34.255455665212594,15.387711524963379
486,1,1,2.025,2.026827009016415,completed,2.059968950023176,34.968950023176234,15.522272109985352
487,2,1,2.029166666666667,2.0315035230014473,completed,2.0646421179990284,35.47545133236163,31.323488235473633
488,3,0,2.033333333333333,2.0362788250204176,completed,2.0646514359978028,31.31810266446955,15.545503616333008
489,0,0,2.0375,2.040951061004307,completed,2.0741400320257526,36.640032025752504,20.513919830322266
490,1,0,2.0416666666666665,2.045612547022756,completed,2.078826876007952,37.16020934128528,20.478559494018555
491,2,0,2.0458333333333334,2.0502847530005965,dropped_dispatch_late,,,
492,3,1,2.05,2.050300643022638,completed,2.084120111016091,34.12011101609114,20.32646369934082
493,0,1,2.0541666666666667,2.0550834790046792,completed,2.089178571011871,35.0119043452044,15.464639663696289
494,1,1,2.058333333333333,2.05996250800672,completed,2.0942250880179927,35.891754684659546,15.48624038696289
495,2,1,2.0625,2.0646348840091377,completed,2.1006621770211495,38.162177021149546,34.50556945800781
496,3,0,2.0666666666666664,2.069443640008103,completed,2.10537663300056,38.709966333893675,20.17043113708496
497,0,0,2.0708333333333333,2.074134722002782,completed,2.1101887650147546,39.35543168142131,20.3832950592041
498,1,0,2.075,2.078819732007105,completed,2.1148823520052247,39.8823520052245,20.34396743774414
499,2,0,2.0791666666666666,2.083464997005649,dropped_dispatch_late,,,
500,3,1,2.0833333333333335,2.0834731119975913,dropped_queue_full,,,
501,0,1,2.0875,2.0875960950215813,dropped_queue_full,,,
502,1,1,2.091666666666667,2.091703267011326,dropped_queue_full,,,
503,2,1,2.095833333333333,2.0959587219986133,completed,2.124287479004124,28.454145670790965,20.402111053466797
504,3,0,2.1,2.100655143003678,completed,2.1292321530054323,29.23215300543225,20.588224411010742
505,0,0,2.1041666666666665,2.1053691190027166,completed,2.1339004010078497,29.733734341183204,20.61369514465332
506,1,0,2.1083333333333334,2.110183295008028,completed,2.13856407100684,30.230737673506702,20.680896759033203
507,2,0,2.1125,2.114875989005668,completed,2.1385736690135673,26.073669013567446,15.896736145019531
508,3,1,2.1166666666666667,2.1195538760221098,completed,2.143259341013618,26.592674346951117,15.734720230102539
509,0,1,2.120833333333333,2.1242803350032773,completed,2.1526007070206106,31.767373687277445,20.516864776611328
510,1,1,2.125,2.1292245180229656,dropped_dispatch_late,,,
511,2,1,2.1291666666666664,2.1292399869998917,completed,2.157311977003701,28.1453103370346,20.404287338256836
512,3,0,2.1333333333333333,2.1338949410128407,completed,2.161970326997107,28.63699366377359,20.38800048828125
513,0,0,2.1375,2.1385575580061413,completed,2.171496223018039,33.99622301803884,15.58403205871582
514,1,0,2.1416666666666666,2.143251967005199,completed,2.1761810930038337,34.51442633716706,28.347936630249023
515,2,0,2.1458333333333335,2.14794430101756,completed,2.180857997998828,35.02466466549458,20.42380714416504
516,3,1,2.15,2.1525952860247344,completed,2.1855897979985457,35.58979799854578,20.643423080444336
517,0,1,2.154166666666667,2.1573044530232437,completed,2.1855784360086545,31.41176934198775,15.941375732421875
518,1,1,2.158333333333333,2.1619624120066874,completed,2.1949219960079063,36.58866267457306,20.53398323059082
519,2,1,2.1625,2.1666159120213706,completed,2.199595214013243,37.09521401324301,20.522783279418945
520,3,0,2.1666666666666665,2.1714905429980718,dropped_dispatch_late,,,
521,0,0,2.1708333333333334,2.17150656299782,completed,2.2042757160088513,33.44238267551791,20.41551971435547
522,1,0,2.175,2.176174541004002,completed,2.2089514789986424,33.95147899864259,15.6245756149292
523,2,0,2.1791666666666667,2.180850905016996,completed,2.2136521790234838,34.48551235681707,15.69161605834961
524,3,1,2.183333333333333,2.185573046008358,completed,2.223047558014514,39.714224681180795,32.62947082519531
525,0,1,2.1875,2.1902557520079426,completed,2.223857126024086,36.35712602408603,20.38969612121582
526,1,1,2.1916666666666664,2.1949155339971185,completed,2.228807189007057,37.14052234039045,20.396448135375977
527,2,1,2.1958333333333333,2.1995879300229717,completed,2.2381990410212893,42.365707687956004,20.306623458862305
528,3,0,2.2,2.2042703659972176,dropped_dispatch_late,,,
529,0,0,2.2041666666666666,2.204285885003628,completed,2.2428504480049014,38.6837813382348,15.600543975830078
530,1,0,2.2083333333333335,2.2089452970249113,completed,2.2475344260165,39.201092683166735,15.573920249938965
531,2,0,2.2125,2.2136448050150648,completed,2.25230536001618,39.80536001618029,15.70019245147705
532,3,1,2.216666666666667,2.2183695410203654,completed,2.258891672012396,42.22500534572937,36.134849548339844
533,0,1,2.220833333333333,2.2230397130188067,dropped_queue_full,,,
534,1,1,2.225,2.225013031013077,dropped_queue_full,,,
535,2,1,2.2291666666666665,2.2292848869983573,dropped_queue_full,,,
536,3,0,2.2333333333333334,2.233483183023054,completed,2.2635538590257056,30.220525692372213,5.990752220153809
537,0,0,2.2375,2.2381919379986357,completed,2.2635422970051877,26.042297005187898,21.362592697143555
538,1,0,2.2416666666666667,2.242845118016703,completed,2.2682138020172715,26.547135350604822,21.582304000854492
539,2,0,2.245833333333333,2.247527854022337,completed,2.2774947530124336,31.661419679100522,26.135711669921875
540,3,1,2.25,2.252298146020621,dropped_queue_full,,,
541,0,1,2.2541666666666664,2.2541689799982123,completed,2.28215396500309,27.98729833642355,20.570144653320312
542,1,1,2.2583333333333333,2.258883747010259,completed,2.2868542940123007,28.520960678967366,20.306079864501953
543,2,1,2.2625,2.2635367970215157,completed,2.296413764997851,33.913764997850926,15.818719863891602
544,3,0,2.2666666666666666,2.2682071790040936,completed,2.3010983240092173,34.431657342550714,28.579679489135742
545,0,0,2.2708333333333335,2.272848877008073,completed,2.305762333999155,34.929000665821604,20.42095947265625
546,1,0,2.275,2.277487800020026,completed,2.3104184200055897,35.41842000558981,20.41312026977539
547,2,0,2.279166666666667,2.2821486340253614,completed,2.3104278079990763,31.261141332409537,15.614432334899902
548,3,1,2.283333333333333,2.2868478120071813,completed,2.3197654570103623,36.43212367702908,20.24812889099121
549,0,1,2.2875,2.2916462070134003,completed,2.324446139013162,36.9461390131618,20.31657600402832
550,1,1,2.2916666666666665,2.2964061200036667,dropped_dispatch_late,,,
551,2,1,2.2958333333333334,2.2964222410228103,completed,2.3293602040212136,33.526870687880184,20.203744888305664
552,3,0,2.3,2.3010904690017924,completed,2.3340010510000866,34.00105100008677,15.46668815612793
553,0,0,2.3041666666666667,2.305757074005669,completed,2.338684176997049,34.51751033038208,15.496447563171387
554,1,0,2.308333333333333,2.310411747021135,completed,2.343360211001709,35.026877668375974,32.73369598388672
555,2,0,2.3125,2.3150685540167615,completed,2.348511165997479,36.01116599747911,20.186336517333984
556,3,1,2.3166666666666664,2.319757771998411,completed,2.3536516920139547,36.985025347288314,20.52841567993164
557,0,1,2.3208333333333333,2.3244407690071966,completed,2.3631881390174385,42.354805684105216,20.39347267150879
558,1,1,2.325,2.329353371023899,dropped_dispatch_late,,,
559,2,1,2.3291666666666666,2.329368841019459,completed,2.367853561998345,38.68689533167835,15.696736335754395
560,3,0,2.3333333333333335,2.333993536012713,completed,2.372540866024792,39.20753269145871,15.472800254821777
561,0,0,2.3375,2.3386785770126153,completed,2.377226608019555,39.72660801955507,15.624992370605469
562,1,0,2.341666666666667,2.343353547999868,completed,2.383960391016444,42.293724349777406,36.06159973144531
563,2,0,2.345833333333333,2.348018700024113,dropped_queue_full,,,
564,3,1,2.35,2.3500938830256928,dropped_queue_full,,,
565,0,1,2.3541666666666665,2.3542866180068813,dropped_queue_full,,,
566,1,1,2.3583333333333334,2.3584833210043143,completed,2.388618971017422,30.285637684088762,6.019999980926514
567,2,1,2.3625,2.363182728004176,completed,2.3886283180036116,26.128318003611817,21.647104263305664
568,3,0,2.3666666666666667,2.367846378008835,completed,2.3933229870162904,26.65632034962373,21.76313591003418
569,0,0,2.370833333333333,2.3725330820016097,completed,2.4028619790042285,32.02864567089536,26.262304306030273
570,1,0,2.375,2.377221148024546,dropped_queue_full,,,
571,2,0,2.3791666666666664,2.3792764420213643,completed,2.407520689012017,28.35402234535067,20.62156867980957
572,3,1,2.3833333333333333,2.3839537680032663,completed,2.4121804010064807,28.847067673147375,20.43382453918457
573,0,1,2.3875,2.388612839014968,completed,2.4168486700218637,29.348670021863477,15.606975555419922
574,1,1,2.3916666666666666,2.3933157730207313,completed,2.426153847016394,34.48718034972753,28.48214340209961
575,2,1,2.3958333333333335,2.3982121950248256,completed,2.4310621920158155,35.22885868248204,20.437536239624023
576,3,0,2.4,2.4028565180196892,completed,2.4310712490114383,31.07124901143843,15.866815567016602
577,0,0,2.404166666666667,2.407513195008505,completed,2.440435579017503,36.2689123508364,20.46329689025879
578,1,0,2.408333333333333,2.412172495998675,completed,2.4450934580236208,36.760124690287554,20.523008346557617
579,2,0,2.4125,2.416843309008982,dropped_dispatch_late,,,
580,3,1,2.4166666666666665,2.416858538024826,completed,2.4497731080045924,33.106441337925844,20.413375854492188
581,0,1,2.4208333333333334,2.4214972410118207,completed,2.4544332310033496,33.599897670016254,15.552032470703125
582,1,1,2.425,2.4261447500030044,completed,2.4590947670221794,34.09476702217962,15.570752143859863
583,2,1,2.4291666666666667,2.4310548680077773,completed,2.46379485502257,34.62818835590342,32.01744079589844
584,3,0,2.433333333333333,2.435778722021496,completed,2.4731392670073546,39.80593367402152,20.326335906982422
585,0,0,2.4375,2.4404301390168257,completed,2.4739482139993925,36.448213999392465,20.448928833007812
586,1,0,2.4416666666666664,2.445086955005536,completed,2.479123466007877,37.45679934121071,20.54400062561035
587,2,0,2.4458333333333333,2.4497655130107887,completed,2.488117602013517,42.28426868018387,20.591167449951172
588,3,1,2.45,2.454427910997765,dropped_dispatch_late,,,
589,0,1,2.4541666666666666,2.4544430790119804,completed,2.4927435200079344,38.576853341267814,15.77836799621582
590,1,1,2.4583333333333335,2.4590883140044753,completed,2.49757889600005,39.24556266671652,15.518207550048828
591,2,1,2.4625,2.463787411019439,completed,2.5022259750112426,39.72597501124264,15.888704299926758
592,3,0,2.466666666666667,2.4684839230030775,completed,2.508882360009011,42.215693342344096,36.22819137573242
593,0,0,2.470833333333333,2.4731314930249937,dropped_queue_full,,,
594,1,0,2.475,2.4750106830033474,dropped_queue_full,,,
595,2,0,2.4791666666666665,2.4792848320212215,dropped_queue_full,,,
596,3,1,2.4833333333333334,2.483379851997597,completed,2.5134904340084177,30.15710067508426,5.971680164337158
597,0,1,2.4875,2.4881103890074883,completed,2.5134789220173843,25.978922017384498,21.597631454467773
598,1,1,2.4916666666666667,2.4927382500027306,completed,2.518089040007908,26.4223733412412,21.652767181396484
599,2,1,2.495833333333333,2.4975726850098,completed,2.527275432017632,31.442098684298703,26.311872482299805
600,3,0,2.5,2.502219011017587,dropped_queue_full,,,
601,0,0,2.5041666666666664,2.504276210005628,completed,2.536697963019833,32.53129635316654,20.76268768310547
602,1,0,2.5083333333333333,2.5088749160058796,completed,2.5413440490083303,33.01071567499703,20.7938232421875
603,2,0,2.5125,2.5134736220061313,completed,2.5459407310117967,33.440731011796565,15.997407913208008
604,3,1,2.5166666666666666,2.51808257799712,completed,2.5505399990070146,33.87333234034795,29.530879974365234
605,0,1,2.5208333333333335,2.5226827670121565,completed,2.555130460008513,34.2971266751797,20.777311325073242
606,1,1,2.525,2.5272681380156428,completed,2.559735137008829,34.73513700882913,20.727712631225586
607,2,1,2.529166666666667,2.532081052020658,completed,2.5597445750026964,30.57790833602958,16.010976791381836
608,3,0,2.533333333333333,2.536692612018669,completed,2.5689575470169075,35.62421368357427,20.710336685180664
609,0,0,2.5375,2.541337607020978,completed,2.5741759610245936,36.67596102459348,20.77654457092285
610,1,0,2.5416666666666665,2.5459333269973285,dropped_dispatch_late,,,
611,2,0,2.5458333333333334,2.5459491270012222,completed,2.579753938014619,33.92060468128566,20.732864379882812
612,3,1,2.55,2.5505326249985956,completed,2.5846802160085645,34.680216008564635,15.863712310791016
613,0,1,2.5541666666666667,2.5551251290016808,completed,2.5922743730188813,38.107706352214606,15.937631607055664
614,1,1,2.558333333333333,2.559728444000939,completed,2.5954349180101417,37.10158467680857,35.35468673706055
615,2,1,2.5625,2.5643357570224907,completed,2.6046357470040675,42.135747004067525,20.90662384033203
616,3,0,2.5666666666666664,2.568949913023971,completed,2.609271574008744,42.60490734207778,21.122272491455078
617,0,0,2.5708333333333333,2.5735649800044484,dropped_queue_full,,,
618,1,0,2.575,2.575128320022486,completed,2.6138572150084656,38.857215008465396,16.08367919921875
619,2,0,2.5791666666666666,2.579747005016543,completed,2.618466622021515,39.299955354848315,15.984319686889648
620,3,1,2.5833333333333335,2.5843462820048444,dropped_queue_full,,,
621,0,1,2.5875,2.5876411909994204,completed,2.623061170015717,35.56117001571701,31.617023468017578
622,1,1,2.591666666666667,2.592268883017823,dropped_queue_full,,,
623,2,1,2.595833333333333,2.595912295015296,dropped_queue_full,,,
624,3,0,2.6,2.6000099290104117,completed,2.627651892020367,27.651892020366997,21.184064865112305
625,0,0,2.6041666666666665,2.604628473025514,completed,2.637077418010449,32.91075134378252,11.022239685058594
626,1,0,2.6083333333333334,2.609263799007749,completed,2.6416510260023642,33.31769266903084,26.470783233642578
627,2,0,2.6125,2.613850893016206,completed,2.6462394530244637,33.739453024463906,26.521472930908203
628,3,1,2.6166666666666667,2.618459609017009,completed,2.6508287920150906,34.162125348423885,21.17705535888672
629,0,1,2.620833333333333,2.623055820004083,completed,2.65544848801801,34.61515468467668,20.69753646850586
630,1,1,2.625,2.627643876010552,completed,2.6600424050120637,35.04240501206368,20.69424057006836
631,2,1,2.6291666666666664,2.632464915019227,completed,2.6600518530176487,30.885186350982252,15.930912017822266
632,3,0,2.6333333333333333,2.6370720970153343,completed,2.6694218040211126,36.08847068777932,20.771039962768555
633,0,0,2.6375,2.641644534014631,completed,2.674908156011952,37.40815601195191,20.672544479370117
634,1,0,2.6416666666666666,2.64623235000181,dropped_dispatch_late,,,
635,2,0,2.6458333333333335,2.6462478290195577,completed,2.680492124025477,34.65879069214361,20.714815139770508
636,3,1,2.65,2.650821267015999,completed,2.6880899380194023,38.08993801940241,15.873472213745117
637,0,1,2.654166666666667,2.655443138006376,completed,2.692676051025046,38.50938435837925,15.920576095581055
638,1,1,2.658333333333333,2.6600358830182813,completed,2.700681860005716,42.34852667238265,35.75721740722656
639,2,1,2.6625,2.66463255501003,completed,2.705276679014787,42.77667901478699,20.82454490661621
640,3,0,2.6666666666666665,2.6692452980205417,dropped_queue_full,,,
641,0,0,2.6708333333333334,2.6709589940146543,dropped_queue_full,,,
642,1,0,2.675,2.675070334022166,completed,2.7098675900197122,34.8675900197124,11.06544017791748
643,2,0,2.6791666666666667,2.679699708998669,dropped_queue_full,,,
644,3,1,2.683333333333333,2.6834825850091875,completed,2.7098772580211516,26.54392468781852,22.037248611450195
645,0,1,2.6875,2.6880825539992657,completed,2.7191337030089926,31.633703008992597,26.631519317626953
646,1,1,2.6916666666666664,2.692670721007744,dropped_queue_full,,,
647,2,1,2.6958333333333333,2.6958485580107663,completed,2.723739794018911,27.906460685577894,21.383520126342773
648,3,0,2.7,2.700675548025174,completed,2.7331604010250885,33.160401025088326,20.875200271606445
649,0,0,2.7041666666666666,2.70526961502037,completed,2.7377575440041255,33.59087733745891,15.823488235473633
650,1,0,2.7083333333333335,2.709861258015735,completed,2.742371650005225,34.03831667189161,28.696575164794922
651,2,0,2.7125,2.7144901920109987,completed,2.7469195590238087,34.41955902380877,20.81564712524414
652,3,1,2.716666666666667,2.719128343014745,completed,2.751538654003525,34.87198733685837,20.387231826782227
653,0,1,2.720833333333333,2.723732620012015,completed,2.751527333020931,30.693999687597895,15.786656379699707
654,1,1,2.725,2.7283318570116535,completed,2.760758770018583,35.75877001858308,20.705663681030273
655,2,1,2.7291666666666665,2.7331530970113818,completed,2.765356114017777,36.18944735111063,20.781919479370117
656,3,0,2.7333333333333334,2.737752094020834,dropped_dispatch_late,,,
657,0,0,2.7375,2.737767523009097,completed,2.774551753012929,37.05175301292929,20.83078384399414
658,1,0,2.7416666666666667,2.742365156998858,completed,2.779139980004402,37.47331333773518,15.712448120117188
659,2,0,2.745833333333333,2.7469126360083465,completed,2.78377215002547,37.93881669213705,15.830975532531738
660,3,1,2.75,2.7515220130153466,completed,2.7858075560070574,35.80755600705743,33.972991943359375
661,0,1,2.7541666666666664,2.7561675680044573,completed,2.7913315409969073,37.16487433024085,20.69526481628418
662,1,1,2.7583333333333333,2.760752397996839,completed,2.8005133740080055,42.180040674672185,20.679359436035156
663,2,1,2.7625,2.7653489710064605,completed,2.8051266680122353,42.626668012235136,20.727039337158203
664,3,0,2.7666666666666666,2.769959048018791,completed,2.8097177000017837,43.05103333511706,20.774303436279297
665,0,0,2.7708333333333335,2.774546333006583,completed,2.814502520021051,43.66918668771768,20.846752166748047
666,1,0,2.775,2.7791334880166687,completed,2.819104973023059,44.10497302305893,20.846303939819336
667,2,0,2.779166666666667,2.7837650860019494,dropped_dispatch_late,,,
668,3,1,2.783333333333333,2.783780536003178,dropped_queue_full,,,
669,0,1,2.7875,2.7875447170226835,dropped_queue_full,,,
670,1,1,2.7916666666666665,2.7918080860108603,dropped_queue_full,,,
671,2,1,2.7958333333333334,2.7959004500007723,completed,2.8237340670020785,27.900733668745126,20.81622314453125
672,3,0,2.8,2.80050714200479,completed,2.8283427720016334,28.342772001633598,20.791584014892578
673,0,0,2.8041666666666667,2.8051196850137785,completed,2.8331877870077733,29.0211203411066,20.591840744018555
674,1,0,2.808333333333333,2.8097100050072186,completed,2.842348349018721,34.01501568538778,20.566783905029297
675,2,0,2.8125,2.814497220009798,completed,2.846929462015396,34.429462015395984,20.58563232421875
676,3,1,2.8166666666666664,2.8190987310081255,completed,2.851522498007398,34.85583134073167,20.767967224121094
677,0,1,2.8208333333333333,2.8237269240198657,completed,2.8515111860178877,30.677852684554363,15.91926383972168
678,1,1,2.825,2.8283352779981215,completed,2.8607231370115187,35.723137011518524,20.600160598754883
679,2,1,2.8291666666666666,2.833182467002189,completed,2.8653350680251606,36.16840135849397,20.54025650024414
680,3,0,2.8333333333333335,2.8377676870150026,dropped_dispatch_late,,,
681,0,0,2.8375,2.8377755920228083,completed,2.869923074002145,32.42307400214494,20.411680221557617
682,1,0,2.841666666666667,2.842342007003026,completed,2.8791012710134964,37.43460434682966,15.667327880859375
683,2,0,2.845833333333333,2.8469226690067444,completed,2.8837384800135624,37.90514668022915,15.77337646484375
684,3,1,2.85,2.8515058460179716,completed,2.884866742999293,34.866742999292825,33.137088775634766
685,0,1,2.8541666666666665,2.856126113998471,completed,2.8903849970083684,36.21833034170186,20.57744026184082
686,1,1,2.8583333333333334,2.8607168450253084,completed,2.8954359120107256,37.102578677392195,20.561471939086914
687,2,1,2.8625,2.865327885025181,completed,2.9052361200156156,42.736120015615775,20.584640502929688
688,3,0,2.8666666666666667,2.869917764008278,completed,2.9098345760139637,43.16790934729697,20.664831161499023
689,0,0,2.870833333333333,2.8744988969992846,completed,2.9146358170255553,43.80248369222217,20.52614402770996
690,1,0,2.875,2.8790950590046123,completed,2.919225476012798,44.225476012798026,20.54025650024414
691,2,0,2.8791666666666664,2.8837314170086756,dropped_dispatch_late,,,
692,3,1,2.8833333333333333,2.8837468560086563,dropped_queue_full,,,
693,0,1,2.8875,2.88753416101099,dropped_queue_full,,,
694,1,1,2.8916666666666666,2.8918028800108004,dropped_queue_full,,,
695,2,1,2.8958333333333335,2.8959134190226905,completed,2.923848970007384,28.015636674050715,20.550783157348633
696,3,0,2.9,2.900556149019394,completed,2.928471912018722,28.471912018722012,20.719263076782227
697,0,0,2.904166666666667,2.905229096999392,completed,2.9333780930028297,29.211426336162916,20.715808868408203
698,1,0,2.908333333333333,2.9098270219983533,completed,2.9380582340236288,29.72490069029554,20.675296783447266
699,2,0,2.9125,2.914630407001823,completed,2.9426791020086966,30.179102008696557,20.7142391204834
700,3,1,2.9166666666666665,2.9192192339978646,completed,2.942688059003558,26.02139233689149,15.858336448669434
701,0,1,2.9208333333333334,2.9238419360190164,completed,2.9564536300022155,35.62029666888211,20.56937599182129
702,1,1,2.925,2.92846433800878,completed,2.9610383000108413,36.03830001084152,20.6646728515625
703,2,1,2.9291666666666667,2.933372802013764,dropped_dispatch_late,,,
704,3,0,2.933333333333333,2.933387771015987,completed,2.96568864400615,32.355310672816714,20.45471954345703
705,0,0,2.9375,2.938051962002646,completed,2.970314963022247,32.81496302224696,15.776127815246582
706,1,0,2.9416666666666664,2.942671898024855,completed,2.97495597001398,33.28930334731339,15.64515209197998
707,2,0,2.9458333333333333,2.9472870460012928,completed,2.979561398999067,33.72806566573372,31.243104934692383
708,3,1,2.95,2.95187842802261,completed,2.984197697020136,34.19769702013564,20.530975341796875
709,0,1,2.9541666666666666,2.9564482200075872,completed,2.9891227030020673,34.956036335400675,20.49283218383789
710,1,1,2.9583333333333335,2.961031807004474,completed,2.996422601019731,38.08926768639731,20.553855895996094
711,2,1,2.9625,2.9656811300083064,completed,2.9994370980130043,36.93709801300437,20.543167114257812
712,3,0,2.966666666666667,2.9703095330041833,completed,3.0088138910068665,42.147224340199685,20.68217658996582
713,0,0,2.970833333333333,2.974949618015671,completed,3.0134624220081605,42.62908867482729,20.532543182373047
714,1,0,2.975,2.979554536024807,dropped_dispatch_late,,,
715,2,0,2.9791666666666665,2.9795697850058787,completed,3.018301345000509,39.13467833384266,15.682208061218262
716,3,1,2.9833333333333334,2.9841899020248093,completed,3.0229187170043588,39.585383671025376,15.580127716064453
717,0,1,2.9875,2.988788408023538,dropped_queue_full,,,
718,1,1,2.9916666666666667,2.991798386006849,completed,3.027556718006963,35.89005134029621,31.1046085357666
719,2,1,2.995833333333333,2.9964162090036552,dropped_queue_full,,,
720,3,0,3.0,3.000071623013355,dropped_queue_full,,,
721,0,0,3.0041666666666664,3.0041673540254124,completed,3.0322034350247122,28.036768358045805,20.622112274169922
722,1,0,3.0083333333333333,3.00880617601797,completed,3.0370722450024914,28.738911669158096,10.962495803833008
723,2,0,3.0125,3.013457182009006,completed,3.041689446021337,29.189446021336884,26.084415435791016
724,3,1,3.0166666666666666,3.0182945620035753,completed,3.050887039018562,34.220372351895456,26.304319381713867
725,0,1,3.0208333333333335,3.022911042004125,completed,3.0555358810233884,34.70254769005487,21.095232009887695
726,1,1,3.025,3.027550215017982,completed,3.055544748000102,30.544748000102206,15.780991554260254
727,2,1,3.029166666666667,3.0321981250017416,completed,3.0647865850187372,35.61991835207046,20.622304916381836
728,3,0,3.033333333333333,3.0370657820021734,completed,3.069392545003211,36.05921166987791,20.60745620727539
729,0,0,3.0375,3.041682233015308,dropped_dispatch_late,,,
730,1,0,3.0416666666666665,3.041697902022861,completed,3.07399790402269,32.331237356023394,20.462688446044922
731,2,0,3.0458333333333334,3.0462735750188585,completed,3.0786081819969695,32.774848663636114,15.610336303710938
732,3,1,3.05,3.0508794850029517,completed,3.083188864024123,33.188864024123355,15.700575828552246
733,0,1,3.0541666666666667,3.0555304610170424,completed,3.0882690860016737,34.10241933500701,32.480384826660156
734,1,1,3.058333333333333,3.0601836400164757,completed,3.0936479240190238,35.314590685690646,20.473791122436523
735,2,1,3.0625,3.064779181004269,completed,3.0985413099988364,36.04130999883637,20.454208374023438
736,3,0,3.0666666666666664,3.069385021022754,completed,3.104742952011293,38.07628534462637,20.471616744995117
737,0,0,3.0708333333333333,3.0739915120066144,completed,3.109393346006982,38.56001267364873,20.50534439086914
738,1,0,3.075,3.0786011290038005,completed,3.1189182510133833,43.91825101338309,20.485567092895508
739,2,0,3.0791666666666666,3.083181060006609,completed,3.1235148330160882,44.348166349421625,20.50079917907715
740,3,1,3.0833333333333335,3.087767132004956,dropped_dispatch_late,,,
741,0,1,3.0875,3.087774937012,dropped_queue_full,,,
742,1,1,3.091666666666667,3.091744107019622,dropped_queue_full,,,
743,2,1,3.095833333333333,3.095857962005539,dropped_queue_full,,,
744,3,0,3.1,3.100115060020471,completed,3.1281604490068275,28.16044900682746,20.535104751586914
745,0,0,3.1041666666666665,3.10473532701144,completed,3.132755138009088,28.588471342421595,20.532608032226562
746,1,0,3.1083333333333334,3.109387976001017,completed,3.1379687120206654,29.635378687332015,20.529888153076172
747,2,0,3.1125,3.1139902590075508,completed,3.142608135996852,30.108135996852248,20.53126335144043
748,3,1,3.1166666666666667,3.11891175902565,completed,3.1472535010252614,30.58683435859466,20.5927677154541
749,0,1,3.120833333333333,3.1235077300225385,completed,3.1472422490187455,26.40891568541237,15.815936088562012
750,1,1,3.125,3.1281529040134046,completed,3.151873017020989,26.87301702098921,15.76307201385498
751,2,1,3.1291666666666664,3.132749887998216,completed,3.1611583560006693,31.99168933400287,20.56070327758789
752,3,0,3.1333333333333333,3.1379622200038284,dropped_dispatch_late,,,
753,0,0,3.1375,3.1379778690170497,completed,3.1704016260046046,32.901626004604445,20.514591217041016
754,1,0,3.1416666666666666,3.1426011820149142,completed,3.1749920770234894,33.32541035682279,20.514400482177734
755,2,0,3.1458333333333335,3.1472368590184487,completed,3.179632733023027,33.79939968969347,15.717184066772461
756,3,1,3.15,3.1518667050113436,completed,3.1842527500120923,34.25275001209238,29.62704086303711
757,0,1,3.154166666666667,3.1564993660140317,completed,3.1888725660101045,34.70589934343771,20.62188720703125
758,1,1,3.158333333333333,3.1611510619986802,completed,3.1934748790226877,35.14154568935446,20.621952056884766
759,2,1,3.1625,3.1658193110197317,completed,3.1934846180083696,30.98461800836949,15.955072402954102
760,3,0,3.1666666666666665,3.170396426023217,completed,3.2026931919972412,36.026525330574714,20.531648635864258
761,0,0,3.1708333333333334,3.174985685007414,completed,3.2076429650187492,36.809631685415845,20.543712615966797
762,1,0,3.175,3.1796258500253316,dropped_dispatch_late,,,
763,2,0,3.1791666666666667,3.1796414090204053,completed,3.2132296380004846,34.062971333817856,20.476287841796875
764,3,1,3.183333333333333,3.1842456060112454,completed,3.2181221430073492,34.78880967401609,15.547327995300293
765,0,1,3.1875,3.1888675870141014,completed,3.2255407060147263,38.04070601472631,15.56704044342041
766,1,1,3.1916666666666664,3.193468407000182,completed,3.228396271006204,36.72960433953776,34.67567825317383
767,2,1,3.1958333333333333,3.198100006004097,completed,3.2338053270068485,37.97199367351523,20.461759567260742
768,3,0,3.2,3.202685457014013,completed,3.2432304520043544,43.23045200435427,20.47667121887207
769,0,0,3.2041666666666666,3.2073095719970297,dropped_queue_full,,,
770,1,0,3.2083333333333335,3.208438717003446,completed,3.247800614015432,39.46728068209859,15.62940788269043
771,2,0,3.2125,3.2130530530121177,dropped_queue_full,,,
772,3,1,3.216666666666667,3.2166937090223655,dropped_queue_full,,,
773,0,1,3.220833333333333,3.220869342010701,completed,3.2524159919994418,31.582658666108543,25.70502471923828
774,1,1,3.225,3.2255351160129067,dropped_queue_full,,,
775,2,1,3.2291666666666665,3.229169138998259,completed,3.2570293669996317,27.86270033296523,20.339839935302734
776,3,0,3.2333333333333334,3.2337980730226263,completed,3.2616201380151324,28.286804681799005,20.398752212524414
777,0,0,3.2375,3.238625434023561,completed,3.2662306370039005,28.73063700390066,15.715519905090332
778,1,0,3.2416666666666667,3.2432225270022172,completed,3.270812241011299,29.145574344632497,25.601215362548828
779,2,0,3.245833333333333,3.2477937910007313,completed,3.2753873220062815,29.55398867294834,20.68492889404297
780,3,1,3.25,3.2524108230136335,completed,3.284539719024906,34.539719024905935,20.702688217163086
781,0,1,3.2541666666666664,3.257022053003311,completed,3.289164886024082,34.99821935741565,20.433183670043945
782,1,1,3.2583333333333333,3.261612153000897,completed,3.2891745640081353,30.841230674802045,15.80128002166748
783,2,1,3.2624999999999997,3.266225236002356,completed,3.2983810740115587,35.88107401155894,20.364864349365234
784,3,0,3.2666666666666666,3.270805949025089,completed,3.3029551040090155,36.28843734234888,20.591808319091797
785,0,0,3.2708333333333335,3.2753800280042924,dropped_dispatch_late,,,
786,1,0,3.275,3.2753957280074246,completed,3.307576623017667,32.57662301766695,20.449024200439453
787,2,0,3.279166666666667,3.279948837996926,completed,3.3121772530139424,33.010586347275606,15.599200248718262
788,3,1,3.283333333333333,3.2845322450157255,completed,3.3167681850027293,33.43485166939608,15.7008638381958
789,0,1,3.2875,3.289159466017736,completed,3.3216851559991483,34.18515599914818,32.25030517578125
790,1,1,3.2916666666666665,3.293763382011093,completed,3.3270723700115923,35.40570334492577,20.429344177246094
791,2,1,3.2958333333333334,3.2983738699986134,completed,3.3341546849987935,38.321351665460135,20.42451286315918
792,3,0,3.3,3.302947309013689,completed,3.337231450015679,37.23145001567918,20.46121597290039
793,0,0,3.3041666666666667,3.307570281001972,completed,3.3421789389976766,38.012272331009896,20.45039939880371
794,1,0,3.308333333333333,3.3121702299977187,completed,3.3513825430127326,43.04920967939951,20.403039932250977
795,2,0,3.3125,3.316760330024408,dropped_dispatch_late,,,
796,3,1,3.3166666666666664,3.3167760200158227,completed,3.355961743014632,39.29507634796536,15.557472229003906
797,0,1,3.3208333333333333,3.3213517520052847,dropped_queue_full,,,
798,1,1,3.3249999999999997,3.3250111540255602,dropped_queue_full,,,
799,2,1,3.3291666666666666,3.3292711670219433,completed,3.3605787139968015,31.412047330134918,25.805599212646484
800,3,0,3.3333333333333335,3.3341476510104258,dropped_queue_full,,,
801,0,0,3.3375,3.3375502450217027,completed,3.3651951040083077,27.69510400830777,20.59177589416504
802,1,0,3.341666666666667,3.3421735580195673,completed,3.369812926015584,28.146259348917013,20.41948890686035
803,2,0,3.345833333333333,3.3467866819992196,completed,3.374407715018606,28.5743816852726,15.581536293029785
804,3,1,3.35,3.3513761410140432,completed,3.379013425001176,29.013425001175985,25.603200912475586
805,0,1,3.3541666666666665,3.355954118014779,completed,3.3882538890175056,34.087222350839056,20.6529598236084
806,1,1,3.3583333333333334,3.3605716100137215,completed,3.3928483780182432,34.515044684909846,20.64726448059082
807,2,1,3.3625,3.3651896830124315,completed,3.397512508003274,35.01250800327416,20.424192428588867
808,3,0,3.3666666666666667,3.369806544011226,completed,3.3975220459979028,30.855379331236055,15.8439359664917
809,0,0,3.370833333333333,3.374400451022666,completed,3.406746420019772,35.913086686438774,20.340639114379883
810,1,0,3.375,3.378997444000561,completed,3.411334156000521,36.334156000521034,20.46463966369629
811,2,0,3.3791666666666664,3.3836351850186475,dropped_dispatch_late,,,
812,3,1,3.3833333333333333,3.3836432000098284,completed,3.415916060010204,32.58272667687079,20.401216506958008
813,0,1,3.3874999999999997,3.3882488800154533,completed,3.4205019120126963,33.001912012696536,15.682463645935059
814,1,1,3.3916666666666666,3.392842016008217,completed,3.4253865120117553,33.71984534508865,15.742815971374512
815,2,1,3.3958333333333335,3.3975052850146312,completed,3.4304423270223197,34.608993688986175,32.71564865112305
816,3,0,3.4,3.402145059022587,completed,3.4358982510166243,35.89825101662436,20.559072494506836
817,0,0,3.404166666666667,3.406741391023388,completed,3.44236745100352,38.20078433685303,20.740543365478516
818,1,0,3.408333333333333,3.411327694018837,completed,3.4469474120123778,38.61407867904454,20.769023895263672
819,2,0,3.4125,3.415908646013122,completed,3.451597897015745,39.097897015744735,20.794912338256836
820,3,1,3.4166666666666665,3.420496662001824,completed,3.4608330110204406,44.16634435377409,20.676639556884766
821,0,1,3.4208333333333334,3.4252074820105918,dropped_dispatch_late,,,
822,1,1,3.425,3.4252157070150133,dropped_queue_full,,,
823,2,1,3.4291666666666667,3.429169417999219,dropped_queue_full,,,
824,3,0,3.433333333333333,3.4334307039971463,dropped_queue_full,,,
825,0,0,3.4375,3.4375872500240803,completed,3.4654684670094866,27.96846700948663,20.606016159057617
826,1,0,3.4416666666666664,3.4423619310255162,completed,3.4700869110238273,28.42024435716084,20.662879943847656
827,2,0,3.4458333333333333,3.446941069996683,completed,3.474670638999669,28.837305666335578,20.700639724731445
828,3,1,3.4499999999999997,3.451590513024712,completed,3.4793388370017055,29.33883700170581,20.59231948852539
829,0,1,3.4541666666666666,3.4562492429977283,completed,3.4839888910064474,29.822224339780767,20.570655822753906
830,1,1,3.4583333333333335,3.4608252760081086,completed,3.4886842610139865,30.35092768065306,20.493568420410156
831,2,1,3.4625,3.465463066997472,completed,3.488693809020333,26.19380902033308,15.840800285339355
832,3,0,3.466666666666667,3.470080619008513,completed,3.4933434020204004,26.676735353733605,15.779583930969238
833,0,0,3.470833333333333,3.4746634350158274,completed,3.507130544021493,36.29721068815961,20.51798439025879
834,1,0,3.475,3.479331242997432,dropped_dispatch_late,,,
835,2,0,3.4791666666666665,3.4793465020193253,completed,3.511777432024246,32.61076535757957,20.5380802154541
836,3,1,3.4833333333333334,3.4839836910250597,completed,3.516360068024369,33.026734691035564,20.514432907104492
837,0,1,3.4875,3.4886778390209656,completed,3.521001195011195,33.50119501119497,15.800000190734863
838,1,1,3.4916666666666667,3.493336179002654,completed,3.5256937500089407,34.027083342274,30.60163116455078
839,2,1,3.495833333333333,3.4979516270104796,completed,3.5302848319988698,34.45149866553665,20.557119369506836
840,3,0,3.5,3.5025402739993297,completed,3.5349283030082006,34.9283030082006,20.572608947753906
841,0,0,3.5041666666666664,3.507125114003429,completed,3.5400562950235326,35.889628356866154,15.89731216430664
842,1,0,3.5083333333333333,3.5117705690208822,completed,3.5448236009979155,36.49026766458219,20.494464874267578
843,2,0,3.5124999999999997,3.5163524740200955,completed,3.554693001002306,42.19300100230639,20.51862335205078
844,3,1,3.5166666666666666,3.5209958150226157,dropped_dispatch_late,,,
845,0,1,3.5208333333333335,3.521020041021984,completed,3.555809732002672,34.97639866933832,20.543071746826172
846,1,1,3.525,3.5256872570025735,completed,3.563062411005376,38.06241100537599,15.829407691955566
847,2,1,3.529166666666667,3.530278119025752,completed,3.5676829279982485,38.5162613315817,15.886143684387207
848,3,0,3.533333333333333,3.5349204480007757,completed,3.5754661840037443,42.13285067041106,35.8092155456543
849,0,0,3.5375,3.540050975017948,completed,3.580101891013328,42.6018910133279,20.57356834411621
850,1,0,3.5416666666666665,3.544646715017734,dropped_queue_full,,,
851,2,0,3.5458333333333334,3.5459342710091732,dropped_queue_full,,,
852,3,1,3.55,3.550116907019401,completed,3.584723962005228,34.72396200522798,10.831232070922852
853,0,1,3.5541666666666667,3.554685937007889,dropped_queue_full,,,
854,1,1,3.558333333333333,3.558482720021857,completed,3.5847135220246855,26.38018869135239,21.703231811523438
855,2,1,3.5625,3.563056058017537,completed,3.5938520330237225,31.35203302372247,26.086944580078125
856,3,0,3.5666666666666664,3.567675935017178,dropped_queue_full,,,
857,0,0,3.5708333333333333,3.570852480013855,completed,3.5984217140066903,27.588380673357005,21.16339111328125
858,1,0,3.5749999999999997,3.5754588510026224,completed,3.6076155500195455,32.61555001954575,20.787296295166016
859,2,0,3.5791666666666666,3.580096581019461,completed,3.612206612015143,33.03994534847643,15.88003158569336
860,3,1,3.5833333333333335,3.5847073000040837,completed,3.616835656022886,33.50232268955233,28.65376091003418
861,0,1,3.5875,3.5892965590173844,completed,3.6214623550185934,33.962355018593456,20.939424514770508
862,1,1,3.591666666666667,3.593845160008641,completed,3.6260800680029206,34.41340133625381,20.739967346191406
863,2,1,3.595833333333333,3.5984166040143464,completed,3.630757163016824,34.92382968349084,20.69808006286621
864,3,0,3.6,3.6030140080256388,completed,3.6307664810155984,30.766481015598313,16.165504455566406
865,0,0,3.6041666666666665,3.6076090980204754,completed,3.6403391460189596,36.17247935229307,20.92963218688965
866,1,0,3.6083333333333334,3.61219947799691,completed,3.645373761013616,37.040427680282484,20.806623458862305
867,2,0,3.6125,3.6168279310222715,dropped_dispatch_late,,,
868,3,1,3.6166666666666667,3.6168445729999803,completed,3.6508060210035183,34.139354336851554,20.723487854003906
869,0,1,3.620833333333333,3.621457155008102,completed,3.6558576880197506,35.02435468641751,15.86240005493164
870,1,1,3.625,3.6260736960102804,completed,3.663105045998236,38.105045998236164,15.99824047088623
871,2,1,3.6291666666666664,3.6307501700066496,completed,3.666593633010052,37.426966343385715,35.49193572998047
872,3,0,3.6333333333333333,3.635362362023443,completed,3.675902027025586,42.568693692252694,20.906047821044922
873,0,0,3.6374999999999997,3.6403336560179014,completed,3.680498419009382,42.998419009382175,20.943008422851562
874,1,0,3.6416666666666666,3.6450412190170027,dropped_queue_full,,,
875,2,0,3.6458333333333335,3.645852540008491,completed,3.6850899920100346,39.256658676701136,15.968799591064453
876,3,1,3.65,3.650471215019934,dropped_queue_full,,,
877,0,1,3.654166666666667,3.65427173502394,dropped_queue_full,,,
878,1,1,3.658333333333333,3.658484348008642,completed,3.689680372015573,31.34703868223987,26.03673553466797
879,2,1,3.6625,3.663098664022982,dropped_queue_full,,,
880,3,0,3.6666666666666665,3.66675446901354,completed,3.6943678870156873,27.701220349020783,21.013343811035156
881,0,0,3.6708333333333334,3.6713320550043136,completed,3.6989690080226865,28.135674689353074,20.986528396606445
882,1,0,3.675,3.6758943420136347,completed,3.7081905369996093,33.1905369996095,15.973152160644531
883,2,0,3.6791666666666667,3.6804930180078372,completed,3.7127899840124883,33.623317345821576,26.03651237487793
884,3,1,3.683333333333333,3.68508283799747,completed,3.717398870008765,34.06553667543166,20.95052719116211
885,0,1,3.6875,3.689674070017645,completed,3.722018366010161,34.51836601016112,20.94473648071289
886,1,1,3.6916666666666664,3.6943601120146923,completed,3.7266641220194288,34.99745535276233,20.676416397094727
887,2,1,3.6958333333333333,3.6989637880178634,completed,3.726673719997052,30.8403866637188,16.011903762817383
888,3,0,3.6999999999999997,3.7035746879992075,completed,3.7358787170087453,35.87871700874557,20.729440689086914
889,0,0,3.7041666666666666,3.708184164017439,completed,3.740773446013918,36.60677934725154,20.752607345581055
890,1,0,3.7083333333333335,3.712782791000791,dropped_dispatch_late,,,
891,2,0,3.7125,3.7127983900136314,completed,3.750204962998396,37.70496299839587,20.683935165405273
892,3,1,3.716666666666667,3.717391195008531,completed,3.7507034800073598,34.03681334069297,15.703136444091797
893,0,1,3.720833333333333,3.722012865007855,completed,3.7559131770103704,35.0798436770372,15.721216201782227
894,1,1,3.725,3.72665768902516,completed,3.7611197380174417,36.11973801744162,34.140254974365234
895,2,1,3.7291666666666665,3.7312971930077765,completed,3.767193096020492,38.02642935382528,20.569568634033203
896,3,0,3.7333333333333334,3.73587102201418,completed,3.7717886560130864,38.455322679753046,20.57257652282715
897,0,0,3.7375,3.7407681760087144,completed,3.7810359639988746,43.53596399887483,20.58857536315918
898,1,0,3.7416666666666667,3.7455059360072482,completed,3.7856347910128534,43.968124346186684,20.550752639770508
899,2,0,3.745833333333333,3.7501979299995583,dropped_dispatch_late,,,
900,3,1,3.75,3.7502134189999197,dropped_queue_full,,,
901,0,1,3.7541666666666664,3.754169574996922,dropped_queue_full,,,
902,1,1,3.7583333333333333,3.7584291270177346,dropped_queue_full,,,
903,2,1,3.7624999999999997,3.762545146018965,completed,3.7902605880226474,27.760588022647692,20.583999633789062
904,3,0,3.7666666666666666,3.767185953009175,completed,3.7948405390197877,28.173872353121077,20.55286407470703
905,0,0,3.7708333333333335,3.7717810920148622,completed,3.799446960008936,28.61362667560252,20.618335723876953
906,1,0,3.775,3.7763735670014285,completed,3.804087927012006,29.08792701200591,20.64646339416504
907,2,0,3.779166666666667,3.7810303430014756,completed,3.808671745005995,29.50507833932825,20.66307258605957
908,3,1,3.783333333333333,3.785628348006867,completed,3.813274669024395,29.94133569106161,20.676000595092773
909,0,1,3.7875,3.7902534450113308,completed,3.822481559996959,34.98155999695874,20.695167541503906
910,1,1,3.7916666666666665,3.7948328140191734,completed,3.8224912690056954,30.82460233902884,15.867327690124512
911,2,1,3.7958333333333334,3.7994415200082585,completed,3.8316679320123512,35.83459867901784,20.668960571289062
912,3,0,3.8,3.804081465001218,completed,3.8362775790155865,36.2775790155867,20.630495071411133
913,0,0,3.8041666666666667,3.8086649519973435,dropped_dispatch_late,,,
914,1,0,3.808333333333333,3.8086799000157043,completed,3.8411685910250526,32.83525769171946,20.567392349243164
915,2,0,3.8125,3.813267015008023,completed,3.8457407870155293,33.24078701552935,15.646207809448242
916,3,1,3.8166666666666664,3.817895137006417,completed,3.8503338620066643,33.667195339997846,15.688384056091309
917,0,1,3.8208333333333333,3.822476010012906,completed,3.854898243007483,34.06490967414966,32.038944244384766
918,1,1,3.8249999999999997,3.8270794350246433,completed,3.859781400009524,34.78140000952435,20.442176818847656
919,2,1,3.8291666666666666,3.831661119009368,completed,3.8672720300091896,38.10536334252301,20.575103759765625
920,3,0,3.8333333333333335,3.8362699540157337,completed,3.870279704016866,36.94637068353268,20.574207305908203
921,0,0,3.8375,3.84116215800168,completed,3.879693348018918,42.19334801891827,20.63270378112793
922,1,0,3.841666666666667,3.8457340440072585,completed,3.8843008810072206,42.63421434055381,20.85785675048828
923,2,0,3.845833333333333,3.850326418003533,dropped_dispatch_late,,,
924,3,1,3.85,3.850342048011953,completed,3.888899968005717,38.899968005716715,15.756447792053223
925,0,1,3.8541666666666665,3.854892973002279,completed,3.8934989249974024,39.33225833073584,15.710783958435059
926,1,1,3.8583333333333334,3.8594474160054233,dropped_queue_full,,,
927,2,1,3.8625,3.8625402510224376,completed,3.8980960480112117,35.596048011211856,31.125280380249023
928,3,0,3.8666666666666667,3.8672651270171627,dropped_queue_full,,,
929,0,0,3.870833333333333,3.8709142290172167,dropped_queue_full,,,
930,1,0,3.875,3.8750090390094556,completed,3.9026821200095583,27.682120009558275,20.80748748779297
931,2,0,3.8791666666666664,3.8796880380250514,completed,3.911864064022666,32.69739735599941,10.911040306091309
932,3,1,3.8833333333333333,3.8842945189971942,completed,3.91649137402419,33.15804069085671,26.231647491455078
933,0,1,3.8874999999999997,3.888892664021114,completed,3.9211197970143985,33.61979701439877,26.237279891967773
934,1,1,3.8916666666666666,3.8934937250160147,completed,3.9257274210103787,34.06075434371214,20.97612762451172
935,2,1,3.8958333333333335,3.8980890750244725,completed,3.930345113010844,34.51177967751073,20.413728713989258
936,3,0,3.9,3.9026759790140204,completed,3.9349714319978375,34.971431997837584,20.417919158935547
937,0,0,3.904166666666667,3.907245069014607,completed,3.9349596289976034,30.792962330936646,15.798080444335938
938,1,0,3.908333333333333,3.9118571410072036,completed,3.9444675120175816,36.1341786842484,20.47113609313965
939,2,0,3.9125,3.9164837900025304,completed,3.9490852340240963,36.585234024096195,20.50339126586914
940,3,1,3.9166666666666665,3.9211146580055356,dropped_dispatch_late,,,
941,0,1,3.9208333333333334,3.9211351060075685,completed,3.9582597539993003,37.42642066596691,20.44476890563965
942,1,1,3.925,3.925721058010822,completed,3.9628516670200042,37.85166702000442,15.721247673034668
943,2,1,3.9291666666666667,3.9303384800150525,completed,3.96465087501565,35.484208348983245,15.730208396911621
944,3,0,3.933333333333333,3.934954349009786,completed,3.9696490300120786,36.315696678745454,34.37171173095703
945,0,0,3.9375,3.9395989830081817,completed,3.975016187003348,37.51618700334802,20.523136138916016
946,1,0,3.9416666666666664,3.944461190025322,completed,3.9842784920183476,42.611825351681176,20.582239151000977
947,2,0,3.9458333333333333,3.949078081001062,completed,3.988887468003668,43.05413467033459,20.379680633544922
948,3,1,3.9499999999999997,3.9536799030029215,completed,3.9934941100073047,43.49411000730497,20.624448776245117
949,0,1,3.9541666666666666,3.9582544840232003,completed,3.9980778580065817,43.91119133991506,20.631263732910156
950,1,1,3.9583333333333335,3.962845265021315,dropped_dispatch_late,,,
951,2,1,3.9625,3.9628605140023865,dropped_queue_full,,,
952,3,0,3.966666666666667,3.9667969520087354,dropped_queue_full,,,
953,0,0,3.970833333333333,3.9709127810201608,dropped_queue_full,,,
954,1,0,3.975,3.9750115380156785,completed,4.002684289007448,27.68428900744757,20.828767776489258
955,2,0,3.9791666666666665,3.9796593070204835,completed,4.007275351003045,28.108684336378698,20.845184326171875
956,3,1,3.9833333333333334,3.9842725610069465,completed,4.011891821020981,28.558487687647904,20.772768020629883
957,0,1,3.9875,3.9888804950169288,completed,4.021130581997568,33.630581997567965,20.72368049621582
958,1,1,3.9916666666666667,3.993486475024838,completed,4.025821193004958,34.15452633829163,20.727584838867188
959,2,1,3.995833333333333,3.9980724780180026,completed,4.0304260610137135,34.59272768038035,20.67910385131836
960,3,0,4.0,4.002677926997421,completed,4.035050045000389,35.05004500038922,20.680095672607422
961,0,0,4.004166666666666,4.007268367015058,completed,4.035038403002545,30.871736335878808,15.976896286010742
962,1,0,4.008333333333333,4.011884246021509,completed,4.0445112790039275,36.177945670594625,20.497631072998047
963,2,0,4.0125,4.016505155013874,completed,4.049178095010575,36.67809501057473,20.542112350463867
964,3,1,4.016666666666667,4.02112506100093,dropped_dispatch_late,,,
965,0,1,4.020833333333333,4.021140421013115,completed,4.053787101001944,32.953767668611356,20.448959350585938
966,1,1,4.025,4.02581489100703,completed,4.058420002023922,33.420002023921924,15.725279808044434
967,2,1,4.029166666666667,4.030418847018154,completed,4.06350679602474,34.34012935807296,15.726304054260254
968,3,0,4.033333333333333,4.035033153020777,completed,4.068493299011607,35.15996567827351,33.13897705078125
969,0,0,4.0375,4.039644724020036,completed,4.075526569999056,38.02656999905629,20.526880264282227
970,1,0,4.041666666666667,4.044504957011668,completed,4.079017983021913,37.351316355246134,20.603008270263672
971,2,0,4.045833333333333,4.049170790996868,completed,4.088426377013093,42.59304367975947,20.55526351928711
972,3,1,4.05,4.053781711001648,completed,4.093047987000318,43.04798700031842,20.594623565673828
973,0,1,4.054166666666666,4.058413560007466,dropped_dispatch_late,,,
974,1,1,4.058333333333334,4.058428899006685,completed,4.097635141020874,39.30180768753999,15.731424331665039
975,2,1,4.0625,4.063014451006893,dropped_queue_full,,,
976,3,0,4.066666666666666,4.066798429004848,dropped_queue_full,,,
977,0,0,4.070833333333333,4.070862400025362,completed,4.102221353008645,31.388019675311796,25.68956756591797
978,1,0,4.075,4.075521350023337,dropped_queue_full,,,
979,2,0,4.079166666666667,4.079180051019648,completed,4.106819869019091,27.653202352424522,20.725055694580078
980,3,1,4.083333333333333,4.083817400998669,completed,4.111450056021567,28.116722688234397,20.901248931884766
981,0,1,4.0875,4.088419313018676,completed,4.116035938001005,28.535938001004624,15.914336204528809
982,1,1,4.091666666666667,4.09304025201709,completed,4.125250934012001,33.584267345334595,25.840927124023438
983,2,1,4.095833333333333,4.097628839022946,completed,4.129882142005954,34.04880867262072,20.939136505126953
984,3,0,4.1,4.102216052997392,completed,4.134554278018186,34.554278018186224,20.79408073425293
985,0,0,4.104166666666667,4.10681296599796,completed,4.139154096017592,34.98742935092469,20.575040817260742
986,1,0,4.108333333333333,4.111442742025247,completed,4.139163494022796,30.830160689462538,15.911392211914062
987,2,0,4.1125,4.116030638018856,completed,4.149102596013108,36.602596013108446,20.49750328063965
988,3,1,4.116666666666666,4.120637219020864,completed,4.153703096002573,37.036429335906895,20.752063751220703
989,0,1,4.120833333333334,4.125244562019361,dropped_dispatch_late,,,
990,1,1,4.125,4.125260031025391,completed,4.158290871011559,33.29087101155892,20.578752517700195
991,2,1,4.129166666666666,4.129875548998825,completed,4.1629037340171635,33.737067350497085,15.574272155761719
992,3,0,4.133333333333333,4.134546433022479,completed,4.167816497007152,34.483163673819206,15.673248291015625
993,0,0,4.1375,4.13914881600067,completed,4.172856713004876,35.35671300487575,33.384769439697266
994,1,0,4.141666666666667,4.143739437015029,completed,4.179634098021779,37.9674313551126,20.425216674804688
995,2,0,4.145833333333333,4.149095632019453,completed,4.183119850000367,37.28651666703353,20.40287971496582
996,3,1,4.15,4.1536954610201064,completed,4.192586274002679,42.58627400267834,20.452064514160156
997,0,1,4.154166666666667,4.158284018019913,completed,4.197168318001786,43.00165133511946,20.445791244506836
998,1,1,4.158333333333333,4.162896521011135,dropped_dispatch_late,,,
999,2,1,4.1625,4.16291234100936,completed,4.201755503017921,39.255503017921356,15.779999732971191
1000,3,0,4.166666666666667,4.167639721010346,dropped_queue_full,,,
1001,0,0,4.170833333333333,4.170955280016642,dropped_queue_full,,,
1002,1,0,4.175,4.175060359004419,completed,4.206422890012618,31.422890012618332,25.683488845825195
1003,2,0,4.179166666666666,4.179627796023851,dropped_queue_full,,,
1004,3,1,4.183333333333334,4.183439487009309,completed,4.211000556009822,27.667222676488024,20.78313636779785
1005,0,1,4.1875,4.1880226640205365,completed,4.215562282013707,28.062282013706863,20.81622314453125
1006,1,1,4.191666666666666,4.192578399000922,completed,4.220142263016896,28.475596350229893,15.83296012878418
1007,2,1,4.195833333333333,4.19716297800187,completed,4.229340106016025,33.50677268269209,25.73103904724121
1008,3,0,4.2,4.201748349005356,completed,4.233987565006828,33.98756500682776,20.808799743652344
1009,0,0,4.204166666666667,4.206416558008641,completed,4.238635205023456,34.46853835678976,20.80748748779297
1010,1,0,4.208333333333333,4.210992931999499,completed,4.243267996003851,34.93466267051826,20.56425666809082
1011,2,0,4.2125,4.21555697201984,completed,4.2432775140041485,30.777514004148188,15.98960018157959
1012,3,1,4.216666666666667,4.2201358010061085,completed,4.25267164001707,36.00497335040309,20.4303035736084
1013,0,1,4.220833333333333,4.224732622998999,completed,4.257263424020493,36.43009068716019,20.511199951171875
1014,1,1,4.225,4.229333082999801,dropped_dispatch_late,,,
1015,2,1,4.229166666666667,4.22934874301427,completed,4.261851329007186,32.68466234051903,20.441791534423828
1016,3,0,4.233333333333333,4.2339798510074615,completed,4.271238052024273,37.90471869093981,15.66256046295166
1017,0,0,4.2375,4.238629935018253,completed,4.271735296002589,34.235296002589344,15.71190357208252
1018,1,0,4.241666666666666,4.2432615630095825,completed,4.276913043024251,35.246376357584985,33.35747146606445
1019,2,0,4.245833333333334,4.2478615720174275,completed,4.282381201017415,36.54786768408158,20.588991165161133
1020,3,1,4.25,4.252663976018084,completed,4.288091980008176,38.0919800081756,20.589632034301758
1021,0,1,4.254166666666666,4.257258063007612,completed,4.292672992014559,38.506325347892556,20.583072662353516
1022,1,1,4.258333333333333,4.261844096006826,completed,4.3018812960071955,43.54796267386263,20.510623931884766
1023,2,1,4.2625,4.266420790023403,completed,4.3064894000126515,43.98940001265128,20.45292854309082
1024,3,0,4.266666666666667,4.271230237005511,dropped_dispatch_late,,,
1025,0,0,4.270833333333333,4.2712465380027425,dropped_queue_full,,,
1026,1,0,4.275,4.275010178011144,dropped_queue_full,,,
1027,2,0,4.279166666666667,4.279269610007759,dropped_queue_full,,,
1028,3,1,4.283333333333333,4.283482102007838,completed,4.311118244018871,27.784910685538122,20.44883155822754
1029,0,1,4.2875,4.28808423501323,completed,4.315711108996766,28.211108996766043,20.464351654052734
1030,1,1,4.291666666666667,4.292667661997257,completed,4.320297441998264,28.63077533159686,20.54230308532715
1031,2,1,4.295833333333333,4.297227435017703,completed,4.324906869005645,29.0735356723113,20.511743545532227
1032,3,0,4.3,4.301875133998692,completed,4.32949937300873,29.499373008730068,20.482336044311523
1033,0,0,4.304166666666666,4.306481595005607,completed,4.33410589399864,29.939227331973406,20.577056884765625
1034,1,0,4.308333333333334,4.311110629001632,completed,4.3433204400062095,34.98710667287597,20.524255752563477
1035,2,0,4.3125,4.315705729008187,completed,4.343330058007268,30.830058007268235,15.789312362670898
1036,3,1,4.316666666666666,4.320291089999955,completed,4.352791923010955,36.1252563442882,20.55753517150879
1037,0,1,4.320833333333333,4.3248997750051785,completed,4.357374819024699,36.54148569136595,20.564607620239258
1038,1,1,4.325,4.329491729004076,dropped_dispatch_late,,,
1039,2,1,4.329166666666667,4.329507328016916,completed,4.361946875025751,32.78020835908446,20.530656814575195
1040,3,0,4.333333333333333,4.3341004039975815,completed,4.3665338389982935,33.20050566496047,15.746272087097168
1041,0,0,4.3375,4.338693910016445,completed,4.371160499023972,33.660499023971724,15.80953598022461
1042,1,0,4.341666666666667,4.343313867022516,completed,4.375959966011578,34.29329934491143,31.983455657958984
1043,2,0,4.345833333333333,4.347961827006657,completed,4.381019037013175,35.18570367984175,20.687231063842773
1044,3,1,4.35,4.352784087997861,completed,4.388011281000217,38.01128100021778,20.70047950744629
1045,0,1,4.354166666666667,4.357369459001347,completed,4.391176233009901,37.009566343233935,20.705503463745117
1046,1,1,4.358333333333333,4.361939661001088,completed,4.400506058009341,42.17272467600797,20.567840576171875
1047,2,1,4.3625,4.366526004014304,completed,4.405136745015625,42.63674501562509,20.51638412475586
1048,3,0,4.366666666666666,4.371155148022808,dropped_dispatch_late,,,
1049,0,0,4.370833333333334,4.3711704070155974,completed,4.409754246997181,38.920913663847756,15.751839637756348
1050,1,0,4.375,4.375953484006459,completed,4.414348364021862,39.348364021861926,15.67625617980957
1051,2,0,4.379166666666666,4.380540348007344,dropped_queue_full,,,
1052,3,1,4.383333333333333,4.383388859016122,completed,4.418948624021141,35.615290687808,31.211936950683594
1053,0,1,4.3875,4.387996302015381,dropped_queue_full,,,
1054,1,1,4.391666666666667,4.3918110390077345,dropped_queue_full,,,
1055,2,1,4.395833333333333,4.395901709998725,completed,4.423543383018114,27.710049684780635,20.66089630126953
1056,3,0,4.4,4.400499806011794,completed,4.42812851301278,28.12851301277952,10.781375885009766
1057,0,0,4.404166666666667,4.405129531020066,completed,4.437271993025206,33.105326358539244,25.990079879760742
1058,1,0,4.408333333333333,4.4097490569984075,completed,4.4418406629993115,33.50732966597825,26.14646339416504
1059,2,0,4.4125,4.4143421220069285,completed,4.44644348701695,33.94348701695016,20.783872604370117
1060,3,1,4.416666666666667,4.418940978997853,completed,4.451038977014832,34.372310348165236,20.17977523803711
1061,0,1,4.420833333333333,4.423536339018028,completed,4.455868442018982,35.03510868564863,20.32271957397461
1062,1,1,4.425,4.428121119010029,completed,4.455877820000751,30.87782000075112,15.625823974609375
1063,2,1,4.429166666666666,4.432692794012837,completed,4.465103786002146,35.93711933547983,20.4334716796875
1064,3,0,4.433333333333334,4.43726649301243,completed,4.469685912015848,36.35257868251429,20.43507194519043
1065,0,0,4.4375,4.441834140015999,dropped_dispatch_late,,,
1066,1,0,4.441666666666666,4.441849519003881,completed,4.479043708997779,37.377042331112165,20.513216018676758
1067,2,0,4.445833333333333,4.446436293015722,completed,4.483663165010512,37.829831677179016,15.761119842529297
1068,3,1,4.45,4.451031333010178,completed,4.4851078990031965,35.10789900319633,15.851648330688477
1069,0,1,4.454166666666667,4.4558627610094845,completed,4.49011868800153,35.95202133486364,34.0643196105957
1070,1,1,4.458333333333333,4.460470174002694,completed,4.495647822011961,37.31448867862763,20.59916877746582
1071,2,1,4.4625,4.465096653002547,completed,4.500579571002163,38.07957100216264,20.589792251586914
1072,3,0,4.466666666666667,4.469678446999751,completed,4.509745094022946,43.07842735627965,20.708160400390625
1073,0,0,4.470833333333333,4.47424816901912,completed,4.514332879014546,43.49954568121284,20.712064743041992
1074,1,0,4.475,4.479037106008036,completed,4.518925564014353,43.92556401435321,20.757984161376953
1075,2,0,4.479166666666667,4.483656121010426,dropped_dispatch_late,,,
1076,3,1,4.483333333333333,4.483671510010026,dropped_queue_full,,,
1077,0,1,4.4875,4.487587901006918,dropped_queue_full,,,
1078,1,1,4.491666666666666,4.491698941012146,dropped_queue_full,,,
1079,2,1,4.495833333333334,4.495966037007747,completed,4.523530742997536,27.697409664202866,20.7326717376709
1080,3,0,4.5,4.500572657998418,completed,4.528104552009609,28.104552009608597,20.7193603515625
1081,0,0,4.504166666666666,4.50517103401944,completed,4.532675474998541,28.508808331874747,20.692256927490234
1082,1,0,4.508333333333333,4.509737289015902,completed,4.537344605021644,29.011271688311524,20.651872634887695
1083,2,0,4.5125,4.514327449025586,completed,4.546497173025273,33.99717302527261,20.743328094482422
1084,3,1,4.516666666666667,4.518919422000181,completed,4.5510935850034,34.426918336733614,20.743072509765625
1085,0,1,4.520833333333333,4.523523217998445,completed,4.555944150022697,35.110816689363666,20.731584548950195
1086,1,1,4.525,4.528096837020712,completed,4.555953778006369,30.953778006368893,15.924320220947266
1087,2,1,4.529166666666667,4.532670184999006,completed,4.56514132200391,35.97465533724353,20.64240074157715
1088,3,0,4.533333333333333,4.537338132999139,completed,4.5697274550038856,36.39412167055234,20.676191329956055
1089,0,0,4.5375,4.5419069830095395,dropped_dispatch_late,,,
1090,1,0,4.541666666666667,4.541914908011677,completed,4.574309670017101,32.64300335043391,20.604095458984375
1091,2,0,4.545833333333333,4.546489939006278,completed,4.579107644007308,33.274310673975016,15.839296340942383
1092,3,1,4.55,4.551085920014884,completed,4.584336358006112,34.336358006112455,15.919391632080078
1093,0,1,4.554166666666666,4.555938628996955,completed,4.589540394023061,35.37372735639455,33.35318374633789
1094,1,1,4.558333333333334,4.56053887901362,completed,4.59501551502035,36.682181687016424,20.761024475097656
1095,2,1,4.5625,4.5651340580079705,completed,4.6006015070015565,38.101507001556456,20.94153594970703
1096,3,0,4.566666666666666,4.56971963000251,completed,4.609773461997975,43.106795331308234,20.965087890625
1097,0,0,4.570833333333333,4.574303237022832,completed,4.614375344011933,43.54201067859975,20.91289520263672
1098,1,0,4.575,4.579100321017904,completed,4.618969311006367,43.96931100636703,20.86796760559082
1099,2,0,4.579166666666667,4.58368944900576,dropped_dispatch_late,,,
1100,3,1,4.583333333333333,4.583697463996941,dropped_queue_full,,,
1101,0,1,4.5875,4.587639493023744,dropped_queue_full,,,
1102,1,1,4.591666666666667,4.5917431190027855,dropped_queue_full,,,
1103,2,1,4.595833333333333,4.595964729000116,completed,4.623651025001891,27.817691668557742,20.756799697875977
1104,3,0,4.6,4.600594543997431,completed,4.62830317299813,28.303172998130677,20.69375991821289
1105,0,0,4.604166666666667,4.60519574501086,completed,4.632922449003672,28.755782337005265,20.737823486328125
1106,1,0,4.608333333333333,4.60976568699698,completed,4.637549409002531,29.216075669197927,20.771968841552734
1107,2,0,4.6125,4.614369732997147,completed,4.642179475020384,29.679475020384594,20.708192825317383
1108,3,1,4.616666666666666,4.618962839012966,completed,4.651397627021652,34.73096035498546,20.823455810546875
1109,0,1,4.620833333333334,4.623643782018917,completed,4.6513863150030375,30.552981669703883,16.002559661865234
1110,1,1,4.625,4.628295218019048,completed,4.660831048007822,35.831048007821664,20.74390411376953
1111,2,1,4.629166666666666,4.6329170590033755,completed,4.665455022011884,36.28835534521713,20.669055938720703
1112,3,0,4.633333333333333,4.637542917014798,dropped_dispatch_late,,,
1113,0,0,4.6375,4.637558506015921,completed,4.670077253016643,32.57725301664305,20.53398323059082
1114,1,0,4.641666666666667,4.642171900020912,completed,4.674673715024255,33.00704835758861,15.705887794494629
1115,2,0,4.645833333333333,4.646776959009003,completed,4.679483102023369,33.649768690035664,15.761759757995605
1116,3,1,4.65,4.6513808550080284,completed,4.6840945330040995,34.09453300409915,32.08281707763672
1117,0,1,4.654166666666667,4.656236530019669,completed,4.689177489024587,35.01082235792019,20.772480010986328
1118,1,1,4.658333333333333,4.660824516002322,completed,4.6963761640072335,38.04283067390024,20.802879333496094
1119,2,1,4.6625,4.665447939012665,completed,4.699859562009806,37.35956200980617,21.03513526916504
1120,3,0,4.666666666666667,4.67007187299896,completed,4.7089090940135065,42.242427346839584,20.847007751464844
1121,0,0,4.670833333333333,4.67466724300175,completed,4.713523811020423,42.690477687089334,20.850976943969727
1122,1,0,4.675,4.6794760190241504,dropped_dispatch_late,,,
1123,2,0,4.679166666666666,4.679491438000696,completed,4.718152262998046,38.9855963313801,15.836000442504883
1124,3,1,4.683333333333334,4.684086927998578,completed,4.722758264018921,39.42493068558761,15.697855949401855
1125,0,1,4.6875,4.688681136001833,dropped_queue_full,,,
1126,1,1,4.691666666666666,4.691705582023133,completed,4.727379142015707,35.71247534904032,31.329408645629883
1127,2,1,4.695833333333333,4.696369652025169,dropped_queue_full,,,
1128,3,0,4.7,4.700010819011368,dropped_queue_full,,,
1129,0,0,4.704166666666667,4.704270732006989,completed,4.731975955015514,27.80928834884744,20.949216842651367
1130,1,0,4.708333333333333,4.7089013190125115,completed,4.741251446015667,32.91811268233413,11.039615631103516
1131,2,0,4.7125,4.713518631004263,completed,4.745867585006636,33.36758500663528,26.18297576904297
1132,3,1,4.716666666666667,4.718145079998067,completed,4.750487402023282,33.82073535661512,26.43168067932129
1133,0,1,4.720833333333333,4.722750639019068,completed,4.755071150022559,34.23781668922565,21.195039749145508
1134,1,1,4.725,4.727372690016637,completed,4.759897198004182,34.89719800418278,20.654239654541016
1135,2,1,4.729166666666667,4.731970805005403,completed,4.759906696010148,30.74002934348119,15.973247528076172
1136,3,0,4.733333333333333,4.736610930005554,completed,4.769082206999883,35.74887366654966,20.613279342651367
1137,0,0,4.7375,4.741245174023788,completed,4.773703466024017,36.20346602401714,20.63337516784668
1138,1,0,4.741666666666666,4.745860372000607,dropped_dispatch_late,,,
1139,2,0,4.745833333333334,4.745876112021506,completed,4.783114816003945,37.281482670611155,20.707136154174805
1140,3,1,4.75,4.750479717011331,completed,4.7877033530094195,37.703353009419516,15.852383613586426
1141,0,1,4.754166666666666,4.755065750010544,completed,4.789283945021452,35.11727835478595,15.90009593963623
1142,1,1,4.758333333333333,4.75989075601683,completed,4.794487631006632,36.15429767329914,34.37712097167969
1143,2,1,4.7625,4.764473011018708,completed,4.799962251010584,37.462251010583536,20.73529624938965
1144,3,0,4.766666666666667,4.769074493000517,completed,4.809358752012486,42.69208534581903,20.77734375
1145,0,0,4.770833333333333,4.773698176024482,completed,4.813970604009228,43.13727067589479,20.784927368164062
1146,1,0,4.775,4.7784416880167555,completed,4.818601170001784,43.601170001783984,20.77190399169922
1147,2,0,4.779166666666667,4.783107953000581,completed,4.823191982024582,44.02531535791532,20.802528381347656
1148,3,1,4.783333333333333,4.78769576799823,dropped_dispatch_late,,,
1149,0,1,4.7875,4.787711127020884,dropped_queue_full,,,
1150,1,1,4.791666666666667,4.791798362013651,dropped_queue_full,,,
1151,2,1,4.795833333333333,4.795909312000731,dropped_queue_full,,,
1152,3,0,4.8,4.800122385000577,completed,4.827795718010748,27.795718010747983,20.68377685546875
1153,0,0,4.804166666666666,4.804719449020922,completed,4.832399584003724,28.232917337057906,20.702688217163086
1154,1,0,4.808333333333334,4.8093508669990115,completed,4.83701111501432,28.67778168098667,20.6843204498291
1155,2,0,4.8125,4.813965644018026,completed,4.841631923016394,29.131923016393557,20.566335678100586
1156,3,1,4.816666666666666,4.8185946680023335,completed,4.85087610501796,34.20943835129364,20.547935485839844
1157,0,1,4.820833333333333,4.823184919019695,completed,4.855447679001372,34.61434566803945,20.574207305908203
1158,1,1,4.825,4.827787882997654,completed,4.860335114004556,35.33511400455591,20.607999801635742
1159,2,1,4.829166666666667,4.832394083001418,completed,4.8603451030212454,31.178436354578842,15.857024192810059
1160,3,0,4.833333333333333,4.83699731802335,completed,4.869527077011298,36.19374367796535,20.59212875366211
1161,0,0,4.8375,4.8416246290144045,completed,4.874115462996997,36.615462996996584,20.665279388427734
1162,1,0,4.841666666666667,4.846266598004149,dropped_dispatch_late,,,
1163,2,0,4.845833333333333,4.846274603012716,completed,4.878743364999536,32.91003166620321,20.505823135375977
1164,3,1,4.85,4.85086852000677,completed,4.883567009004764,33.567009004764614,15.758496284484863
1165,0,1,4.854166666666667,4.855442279018462,completed,4.888560285005951,34.39361833928434,15.76636791229248
1166,1,1,4.858333333333333,4.860328652022872,completed,4.893435906997183,35.102573663849945,32.877567291259766
1167,2,1,4.8625,4.86491955400561,completed,4.900565381016349,38.0653810163496,20.578943252563477
1168,3,0,4.866666666666666,4.869519162020879,completed,4.904017149005085,37.35048233841898,20.54524803161621
1169,0,0,4.870833333333334,4.874109983007656,completed,4.913358575024176,42.52524169084282,20.547679901123047
1170,1,0,4.875,4.878736161015695,completed,4.917989933019271,42.98993301927112,20.61235237121582
1171,2,0,4.879166666666666,4.883559635025449,dropped_dispatch_late,,,
1172,3,1,4.883333333333333,4.883574623003369,completed,4.922604510007659,39.271176674326114,15.658559799194336
1173,0,1,4.8875,4.888227351999376,dropped_queue_full,,,
1174,1,1,4.891666666666667,4.891693768004188,dropped_queue_full,,,
1175,2,1,4.895833333333333,4.895955233019777,completed,4.927189791022101,31.35645768876838,25.643199920654297
1176,3,0,4.9,4.900558458000887,dropped_queue_full,,,
1177,0,0,4.904166666666667,4.904178255004808,completed,4.9317870950035285,27.620428336861735,20.680095672607422
1178,1,0,4.908333333333333,4.908772533002775,completed,4.936403785017319,28.07045168398581,20.828575134277344
1179,2,0,4.9125,4.913353335025022,completed,4.9410255850234535,28.525585023453814,15.932640075683594
1180,3,1,4.916666666666667,4.917983321007341,completed,4.9503115260158665,33.644859349199585,25.916383743286133
1181,0,1,4.920833333333333,4.922596655000234,completed,4.954933807021007,34.10047368767355,20.912063598632812
1182,1,1,4.925,4.9271828180062585,completed,4.959581978007918,34.5819780079184,20.911903381347656
1183,2,1,4.929166666666666,4.931781805003993,completed,4.964425319019938,35.258652353271636,20.625215530395508
1184,3,0,4.933333333333334,4.936397313023917,completed,4.964434966997942,31.101633664608386,15.986944198608398
1185,0,0,4.9375,4.941017981007462,completed,4.973614135000389,36.11413500038907,20.47439956665039
1186,1,0,4.941666666666666,4.945621516002575,completed,4.978229563013883,36.56289634721688,20.55356788635254
1187,2,0,4.945833333333333,4.950303882011212,dropped_dispatch_late,,,
1188,3,1,4.95,4.950319561001379,completed,4.982907240017084,32.90724001708423,20.412351608276367
1189,0,1,4.954166666666667,4.954928698018193,completed,4.987642035004683,33.47536833801623,15.788895606994629
1190,1,1,4.958333333333333,4.959575665998273,completed,4.9927603880059905,34.4270546726575,15.725600242614746
1191,2,1,4.9625,4.96441820502514,completed,4.997965216025477,35.46521602547692,33.20502471923828
1192,3,0,4.966666666666667,4.969032281020191,completed,5.0045883580169175,37.9216913502507,20.458751678466797
1193,0,0,4.970833333333333,4.973608483996941,completed,5.0083316800009925,37.49834666765928,20.679519653320312
1194,1,0,4.975,4.97822348200134,completed,5.017709445004584,42.70944500458462,20.497215270996094
1195,2,0,4.979166666666667,4.982899074006127,completed,5.02233142501791,43.164758351243115,20.539520263671875
1196,3,1,4.983333333333333,4.987636574020144,dropped_dispatch_late,,,
1197,0,1,4.9875,4.98765233400627,completed,5.026984896016074,39.48489601607452,15.68723201751709
1198,1,1,4.991666666666666,4.992267502006143,dropped_queue_full,,,
1199,2,1,4.995833333333334,4.995902827999089,dropped_queue_full,,,
1200,3,0,5.0,5.000009970011888,completed,5.031582449999405,31.58244999940507,25.949535369873047
1201,0,0,5.004166666666666,5.004580884007737,dropped_queue_full,,,
1202,1,0,5.008333333333333,5.008493818022544,completed,5.036194331012666,27.860997679333366,20.770111083984375
1203,2,0,5.0125,5.013086312013911,completed,5.040791555016767,28.291555016767056,20.76361656188965
1204,3,1,5.016666666666667,5.017703023011563,completed,5.045450025005266,28.783358338599463,15.657343864440918
1205,0,1,5.020833333333333,5.022324302000925,completed,5.050078107014997,29.244773681663894,25.60585594177246
1206,1,1,5.025,5.026979626010871,completed,5.05932568499702,34.325684997019934,20.695871353149414
1207,2,1,5.029166666666667,5.031574906024616,completed,5.063937667000573,34.77100033390634,20.699359893798828
1208,3,0,5.033333333333333,5.0361879790143576,completed,5.063947034010198,30.613700676864752,15.714879989624023
1209,0,0,5.0375,5.040784031007206,completed,5.073478021018673,35.97802101867309,20.692832946777344
1210,1,0,5.041666666666667,5.045442300004652,completed,5.0780823480163235,36.41568134965656,20.776479721069336
1211,2,0,5.045833333333333,5.050072687008651,dropped_dispatch_late,,,
1212,3,1,5.05,5.050087815005099,completed,5.082683569024084,32.68356902408431,20.674175262451172
1213,0,1,5.054166666666666,5.054689247015631,completed,5.087344764004229,33.178097337562384,15.800671577453613
1214,1,1,5.058333333333334,5.059318932006136,completed,5.092278146010358,33.944812677024316,15.840383529663086
1215,2,1,5.0625,5.063930413016351,completed,5.097082844004035,34.582844004034996,32.67475128173828
1216,3,0,5.066666666666666,5.068892510025762,completed,5.10238622900215,35.719562335483346,20.610143661499023
1217,0,0,5.070833333333333,5.073472631018376,completed,5.1088861770113,38.05284367796702,20.695327758789062
1218,1,0,5.075,5.078075886005536,completed,5.1126476430217735,37.64764302177337,20.532608032226562
1219,2,0,5.079166666666667,5.082676315010758,completed,5.121897575008916,42.73090834224913,20.565216064453125
1220,3,1,5.083333333333333,5.0873394640220795,completed,5.126530978013761,43.197644680428304,20.3654727935791
1221,0,1,5.0875,5.092271533998428,dropped_dispatch_late,,,
1222,1,1,5.091666666666667,5.0922874140087515,completed,5.131234683998628,39.5680173319608,15.66972827911377
1223,2,1,5.095833333333333,5.0969077910122,dropped_queue_full,,,
1224,3,0,5.1,5.1000108160078526,dropped_queue_full,,,
1225,0,0,5.104166666666667,5.104270288022235,completed,5.135899536020588,31.732869353921167,25.695968627929688
1226,1,0,5.108333333333333,5.108880726998905,dropped_queue_full,,,
1227,2,0,5.1125,5.112641301006079,completed,5.140529822005192,28.029822005191996,20.684032440185547
1228,3,1,5.116666666666666,5.117293459014036,completed,5.14515036001103,28.483693344363736,20.720287322998047
1229,0,1,5.120833333333334,5.121890362002887,completed,5.1497502679994795,28.916934666145977,15.74563217163086
1230,1,1,5.125,5.126523243001429,completed,5.154364154004725,29.364154004724696,25.737024307250977
1231,2,1,5.129166666666666,5.131228291022126,completed,5.1635859530069865,34.4192863403201,20.672576904296875
1232,3,0,5.133333333333333,5.135894246021053,completed,5.168226809008047,34.893475674714125,20.85327911376953
1233,0,0,5.1375,5.1405228590010665,completed,5.168215837999014,30.715837999014006,15.860960006713867
1234,1,0,5.141666666666667,5.145142595021753,completed,5.1781550900195725,36.48842335290592,20.58527946472168
1235,2,0,5.145833333333333,5.149744898022618,completed,5.1827476150065195,36.914281673186444,20.569120407104492
1236,3,1,5.15,5.154357631021412,dropped_dispatch_late,,,
1237,0,1,5.154166666666667,5.154373221012065,completed,5.187357893009903,33.191226343236124,20.357120513916016
1238,1,1,5.158333333333333,5.15895587700652,completed,5.192178541008616,33.84520767528265,15.536128044128418
1239,2,1,5.1625,5.163578909006901,completed,5.196783510007663,34.283510007663054,15.58784008026123
1240,3,0,5.166666666666667,5.168210468022153,completed,5.201400681020459,34.7340143537922,31.657920837402344
1241,0,0,5.170833333333333,5.173547567013884,completed,5.210637909010984,39.80457567765061,20.347007751464844
1242,1,0,5.175,5.178148277016589,completed,5.211293825006578,36.293825006578295,20.425439834594727
1243,2,0,5.179166666666666,5.182740301010199,completed,5.216442536999239,37.2758703325724,20.409439086914062
1244,3,1,5.183333333333334,5.187352442997508,completed,5.225549858005252,42.216524671918165,20.442527770996094
1245,0,1,5.1875,5.192172049020883,dropped_dispatch_late,,,
1246,1,1,5.191666666666666,5.1921875679981895,completed,5.230127164017176,38.460497350509826,15.531135559082031
1247,2,1,5.195833333333333,5.196776526019676,completed,5.234751579002477,38.91824566914437,15.429823875427246
1248,3,0,5.2,5.201392836024752,completed,5.2394005010137334,39.40050101373327,15.662336349487305
1249,0,0,5.204166666666667,5.206003034021705,completed,5.2463416370155755,42.174970348908936,35.848384857177734
1250,1,0,5.208333333333333,5.210632499016356,dropped_queue_full,,,
1251,2,0,5.2125,5.212559389998205,dropped_queue_full,,,
1252,3,1,5.216666666666667,5.216760220006108,dropped_queue_full,,,
1253,0,1,5.220833333333333,5.22095601100591,completed,5.250938290002523,30.104956669189775,5.935520172119141
1254,1,1,5.225,5.225542152998969,completed,5.250948108005105,25.94810800510494,21.549535751342773
1255,2,1,5.229166666666667,5.23012088201358,completed,5.255579707009019,26.413040342352367,21.596128463745117
1256,3,0,5.233333333333333,5.234744295012206,completed,5.264761931000976,31.4285976676425,26.335872650146484
1257,0,0,5.2375,5.239392696006689,dropped_queue_full,,,
1258,1,0,5.241666666666666,5.241748682019534,completed,5.269389512017369,27.722845350703018,20.598175048828125
1259,2,0,5.245833333333334,5.2463362970156595,completed,5.274243944004411,28.410610671077308,20.34614372253418
1260,3,1,5.25,5.250932839000598,completed,5.283540465024998,33.54046502499841,15.75830364227295
1261,0,1,5.254166666666666,5.255573074013228,completed,5.288108273001853,33.94160633518695,28.763423919677734
1262,1,1,5.258333333333333,5.260174105002079,completed,5.2929165580135304,34.58322468019759,20.581247329711914
1263,2,1,5.2625,5.264754226023797,completed,5.297507088020211,35.00708802021091,20.652639389038086
1264,3,0,5.266666666666667,5.269382779020816,completed,5.297516426013317,30.84975934665035,15.938079833984375
1265,0,0,5.270833333333333,5.2742367110040504,completed,5.306702567002503,35.869233669170164,20.630271911621094
1266,1,0,5.275,5.278930467000464,completed,5.311320720997173,36.320720997172984,20.664255142211914
1267,2,0,5.279166666666667,5.283533272013301,dropped_dispatch_late,,,
1268,3,1,5.283333333333333,5.283548310020706,completed,5.320515288010938,37.18195467760488,20.523456573486328
1269,0,1,5.2875,5.2881034040183295,completed,5.325127821008209,37.627821008209494,15.803872108459473
1270,1,1,5.291666666666667,5.292910265998216,completed,5.326889807998668,35.22314133200144,15.864224433898926
1271,2,1,5.295833333333333,5.2974998140125535,completed,5.331857686018338,36.024352685005034,34.05094528198242
1272,3,0,5.3,5.302111465018243,completed,5.337069066008553,37.06906600855309,20.7159366607666
1273,0,0,5.304166666666666,5.306697246996919,completed,5.342219871003181,38.05320433651449,20.72902488708496
1274,1,0,5.308333333333334,5.311314238002524,completed,5.351454094023211,43.12076068987736,20.592927932739258
1275,2,0,5.3125,5.315918876003707,completed,5.356065033003688,43.56503300368786,20.553728103637695
1276,3,1,5.316666666666666,5.320507744007045,completed,5.360681143007241,44.01447634057476,20.630111694335938
1277,0,1,5.320833333333333,5.325122470007045,dropped_dispatch_late,,,
1278,1,1,5.325,5.325137870007893,dropped_queue_full,,,
1279,2,1,5.329166666666667,5.329168046009727,dropped_queue_full,,,
1280,3,0,5.333333333333333,5.333428359997924,dropped_queue_full,,,
1281,0,0,5.3375,5.337544118025107,completed,5.365280038997298,27.78003899729775,20.610048294067383
1282,1,0,5.341666666666667,5.342214641015744,completed,5.369946254009847,28.279587343179813,20.590688705444336
1283,2,0,5.345833333333333,5.346871358022327,completed,5.374805345025379,28.972011692045996,20.5927677154541
1284,3,1,5.35,5.351447441003984,completed,5.379426694998983,29.42669499898365,20.602848052978516
1285,0,1,5.354166666666667,5.356057860015426,completed,5.384069284016732,29.902617350065164,20.621183395385742
1286,1,1,5.358333333333333,5.360673518007388,completed,5.393305080011487,34.971746678153615,20.62816047668457
1287,2,1,5.3625,5.365274579002289,completed,5.393315009016078,30.815009016078143,16.00444793701172
1288,3,0,5.366666666666666,5.369939661002718,completed,5.402582434006035,35.915767339369076,20.631935119628906
1289,0,0,5.370833333333334,5.374798372009536,completed,5.407173997024074,36.34066369074063,20.658367156982422
1290,1,0,5.375,5.37941901999875,dropped_dispatch_late,,,
1291,2,0,5.379166666666666,5.379434690024937,completed,5.411779286019737,32.61261935307047,20.575904846191406
1292,3,1,5.383333333333333,5.3840638140100054,completed,5.41639413300436,33.06079967102704,15.71571159362793
1293,0,1,5.3875,5.38863034901442,completed,5.421024239010876,33.52423901087587,15.777536392211914
1294,1,1,5.391666666666667,5.3932985170104075,completed,5.425655748025747,33.98908135908041,31.95212745666504
1295,2,1,5.395833333333333,5.397987435018877,completed,5.430929266003659,35.09593267032596,20.671039581298828
1296,3,0,5.4,5.402574920008192,completed,5.43827575200703,38.275752007029595,20.81939125061035
1297,0,0,5.404166666666667,5.407168627018109,completed,5.441278577025514,37.11191035884731,20.829952239990234
1298,1,0,5.408333333333333,5.4117725230171345,completed,5.45069557701936,42.3622436860267,20.780384063720703
1299,2,0,5.4125,5.416386858996702,completed,5.45538116802345,42.881168023450655,20.746496200561523
1300,3,1,5.416666666666667,5.421018709021155,dropped_dispatch_late,,,
1301,0,1,5.420833333333333,5.421034569008043,completed,5.460065097024199,39.23176369086523,15.854656219482422
1302,1,1,5.425,5.425649316021008,completed,5.4647214730212,39.721473021200104,15.732224464416504
1303,2,1,5.429166666666666,5.43027969202376,dropped_queue_full,,,
1304,3,0,5.433333333333334,5.433482176013058,completed,5.4693775580090005,36.044224675666925,31.303071975708008
1305,0,0,5.4375,5.43826794801862,dropped_queue_full,,,
1306,1,0,5.441666666666666,5.441756685002474,dropped_queue_full,,,
1307,2,0,5.445833333333333,5.445898022997426,completed,5.474045366019709,28.212032686376176,20.75654411315918
1308,3,1,5.45,5.45068901401828,completed,5.478965372021776,28.965372021775515,10.897503852844238
1309,0,1,5.454166666666667,5.455374035023851,completed,5.483705347025534,29.53868035886753,26.071264266967773
1310,1,1,5.458333333333333,5.460059725999599,completed,5.493113761011045,34.78042767771239,26.27471923828125
1311,2,1,5.4625,5.464715080015594,completed,5.4978216040181,35.32160401809925,20.928800582885742
1312,3,0,5.466666666666667,5.469369553000433,completed,5.497831042011967,31.164375345300144,15.757247924804688
1313,0,0,5.470833333333333,5.474038122018101,completed,5.50735818099929,36.52484766595698,20.60348892211914
1314,1,0,5.475,5.478957507002633,completed,5.5119975550042,36.99755500420032,20.57097625732422
1315,2,0,5.479166666666667,5.483700217009755,dropped_dispatch_late,,,
1316,3,1,5.483333333333333,5.483714975009207,completed,5.516688096016878,33.35476268354487,20.485408782958984
1317,0,1,5.4875,5.488392280996777,completed,5.5213351040147245,33.83510401472467,15.8406400680542
1318,1,1,5.491666666666666,5.493107328016777,completed,5.526024082006188,34.35741533952186,15.92086410522461
1319,2,1,5.495833333333334,5.497814411006402,completed,5.530691388004925,34.85805467159153,32.60918426513672
1320,3,0,5.5,5.5027119150036015,completed,5.536018929007696,36.01892900769599,20.773311614990234
1321,0,0,5.504166666666666,5.507352840999374,completed,5.541226953006117,37.06028633945024,20.797119140625
1322,1,0,5.508333333333333,5.511991063016467,completed,5.550617763015907,42.2844296825744,20.78441619873047
1323,2,0,5.5125,5.51668053100002,dropped_dispatch_late,,,
1324,3,1,5.516666666666667,5.516695841011824,completed,5.555240385001525,38.573718334858675,15.703712463378906
1325,0,1,5.520833333333333,5.521329654002329,completed,5.559883666021051,39.05033268771785,15.857024192810059
1326,1,1,5.525,5.526017148018582,completed,5.564525304012932,39.52530401293153,15.661439895629883
1327,2,1,5.529166666666667,5.530683634016896,completed,5.57136997699854,42.203310331872856,36.46051025390625
1328,3,0,5.533333333333333,5.535360348003451,dropped_queue_full,,,
1329,0,0,5.5375,5.537601396004902,dropped_queue_full,,,
1330,1,0,5.541666666666667,5.54174154100474,dropped_queue_full,,,
1331,2,0,5.545833333333333,5.545855246018618,completed,5.575963454000885,30.130120667551274,6.049280166625977
1332,3,1,5.55,5.550610639998922,completed,5.575973052007612,25.97305200761202,22.012928009033203
1333,0,1,5.554166666666666,5.555232440005057,completed,5.580859285022598,26.692618355931508,21.563167572021484
1334,1,1,5.558333333333334,5.559878156025661,completed,5.59009534100187,31.76200766853654,26.641855239868164
1335,2,1,5.5625,5.564518611005042,dropped_queue_full,,,
1336,3,0,5.566666666666666,5.566751153004589,completed,5.5947027229995,28.03605633283368,20.576671600341797
1337,0,0,5.570833333333333,5.571362443006365,completed,5.60426364702289,33.43031368955707,20.588096618652344
1338,1,0,5.575,5.575956159998896,completed,5.6088797060074285,33.87970600742829,15.846495628356934
1339,2,0,5.579166666666667,5.580853784020292,completed,5.613507116999244,34.34045033257771,28.953407287597656
1340,3,1,5.583333333333333,5.585478179011261,completed,5.618155738018686,34.822404685352915,20.590911865234375
1341,0,1,5.5875,5.590088868018938,completed,5.618144136009505,30.644136009504663,16.005279541015625
1342,1,1,5.591666666666667,5.594694858009461,completed,5.6273796610184945,35.71299435182773,20.71164894104004
1343,2,1,5.595833333333333,5.599334232014371,completed,5.631978748016991,36.145414683657506,20.686847686767578
1344,3,0,5.6,5.604258136008866,dropped_dispatch_late,,,
1345,0,0,5.604166666666667,5.604273586010095,completed,5.636605286999838,32.438620333171464,20.61471939086914
1346,1,0,5.608333333333333,5.608873424003832,completed,5.645792841998627,37.45950866529402,15.868703842163086
1347,2,0,5.6125,5.613500214007217,completed,5.650407789013116,37.90778901311587,15.934752464294434
1348,3,1,5.616666666666666,5.618138756020926,completed,5.651970247010468,35.30358034380132,33.60038375854492
1349,0,1,5.620833333333334,5.622780354024144,completed,5.657172801002162,36.33946766882801,20.580671310424805
1350,1,1,5.625,5.627373549999902,completed,5.667202384007396,42.20238400739618,20.73206329345703
1351,2,1,5.629166666666666,5.631971845024964,completed,5.67179597102222,42.6293043555539,20.474143981933594
1352,3,0,5.633333333333333,5.636599787016166,completed,5.676422750024358,43.08941669102495,20.675840377807617
1353,0,0,5.6375,5.641196009004489,completed,5.681302441022126,43.80244102212583,20.674144744873047
1354,1,0,5.641666666666667,5.645786278997548,completed,5.685921165015316,44.25449834864903,20.737503051757812
1355,2,0,5.645833333333333,5.650400735001313,dropped_dispatch_late,,,
1356,3,1,5.65,5.650416235002922,dropped_queue_full,,,
1357,0,1,5.654166666666667,5.654167911998229,dropped_queue_full,,,
1358,1,1,5.658333333333333,5.658438014012063,dropped_queue_full,,,
1359,2,1,5.6625,5.662534336006502,completed,5.690521034004632,28.02103400463274,20.988832473754883
1360,3,0,5.666666666666667,5.667195882007945,completed,5.695143465010915,28.47679834424799,20.997440338134766
1361,0,0,5.670833333333333,5.6717889069986995,completed,5.69977992301574,28.946589682406376,21.017759323120117
1362,1,0,5.675,5.676415216003079,completed,5.704623324010754,29.62332401075418,20.99260711669922
1363,2,0,5.679166666666666,5.681297119997907,completed,5.713837659015553,34.67099234888682,20.74185562133789
1364,3,1,5.683333333333334,5.68591461199685,completed,5.718461032025516,35.12769869218246,20.784767150878906
1365,0,1,5.6875,5.690513840003405,completed,5.7184495410183445,30.949541018344462,15.954015731811523
1366,1,1,5.691666666666666,5.695135570014827,completed,5.727662362012779,35.99569534611291,20.814815521240234
1367,2,1,5.695833333333333,5.699774613021873,completed,5.7322547570220195,36.421423688686616,20.925119400024414
1368,3,0,5.7,5.704616531002102,dropped_dispatch_late,,,
1369,0,0,5.704166666666667,5.704632221022621,completed,5.736848844011547,32.68217734488044,20.70867156982422
1370,1,0,5.708333333333333,5.709239864023402,completed,5.741465665021678,33.132331688345396,15.71065616607666
1371,2,0,5.7125,5.713830476015573,completed,5.7465663050243165,34.06630502431618,15.719167709350586
1372,3,1,5.716666666666667,5.718444170022849,completed,5.751755293022143,35.08862635547594,33.04492950439453
1373,0,1,5.720833333333333,5.723044750018744,completed,5.756959880003706,36.126546670372406,20.67670440673828
1374,1,1,5.725,5.727656151022529,completed,5.762984706001589,37.98470600158943,20.757919311523438
1375,2,1,5.729166666666667,5.7322477840061765,completed,5.767648095003096,38.481428336429424,20.520448684692383
1376,3,0,5.733333333333333,5.736843755003065,completed,5.7769449570041616,43.61162367082816,20.56732749938965
1377,0,0,5.7375,5.741459042998031,completed,5.78179686400108,44.29686400108057,20.543296813964844
1378,1,0,5.741666666666666,5.746071966015734,dropped_dispatch_late,,,
1379,2,0,5.745833333333334,5.746080252021784,dropped_queue_full,,,
1380,3,1,5.75,5.750011209020158,dropped_queue_full,,,
1381,0,1,5.754166666666666,5.754270721023204,dropped_queue_full,,,
1382,1,1,5.758333333333333,5.758382893021917,completed,5.786429275001865,28.09594166853202,20.456064224243164
1383,2,1,5.7625,5.762978534010472,completed,5.791092874016613,28.59287401661259,20.463071823120117
1384,3,0,5.766666666666667,5.7676413120061625,completed,5.795697512017796,29.03084535112921,20.53708839416504
1385,0,0,5.770833333333333,5.772317546012346,completed,5.800299994996749,29.466661663415827,20.52739143371582
1386,1,0,5.775,5.776937362010358,completed,5.805079275014577,30.079275014577078,20.669376373291016
1387,2,0,5.779166666666667,5.781791664019693,completed,5.809801456023706,30.634789357039338,20.71183967590332
1388,3,1,5.783333333333333,5.7864228220132645,completed,5.809810783015564,26.47744968223087,15.91859245300293
1389,0,1,5.7875,5.791085731005296,completed,5.814422675000969,26.922675000969676,15.709216117858887
1390,1,1,5.791666666666667,5.795689657010371,completed,5.828207081998698,36.54041533203145,20.508575439453125
1391,2,1,5.795833333333333,5.800294635002501,dropped_dispatch_late,,,
1392,3,0,5.8,5.80031013401458,completed,5.832811649015639,32.811649015639155,20.42470359802246
1393,0,0,5.804166666666666,5.80507302301703,completed,5.8374041939969175,33.237527330251204,20.598560333251953
1394,1,0,5.808333333333334,5.80979404199752,completed,5.842012268025428,33.67893469209449,15.764320373535156
1395,2,0,5.8125,5.814417273999425,completed,5.84668000502279,34.18000502279028,30.544384002685547
1396,3,1,5.816666666666666,5.8190247470047325,completed,5.851313758001197,34.6470913345307,20.762048721313477
1397,0,1,5.820833333333333,5.823610669001937,completed,5.855876777000958,35.04344366762524,20.852800369262695
1398,1,1,5.825,5.828200629010098,completed,5.861019667005166,36.019667005166234,20.664287567138672
1399,2,1,5.829166666666667,5.832804205012508,completed,5.866332430014154,37.165763347487335,20.917184829711914
1400,3,0,5.833333333333333,5.837398864008719,completed,5.875547326024389,42.21399269105586,20.64899253845215
1401,0,0,5.8375,5.841998190997401,dropped_dispatch_late,,,
1402,1,0,5.841666666666667,5.842021585005568,completed,5.8802158150065225,38.54914833985568,15.851967811584473
1403,2,0,5.845833333333333,5.846673052001279,completed,5.885121594998054,39.28826166472099,15.523072242736816
1404,3,1,5.85,5.851306104013929,completed,5.889738966012374,39.73896601237392,15.827808380126953
1405,0,1,5.854166666666667,5.855871387000661,completed,5.896460935997311,42.29426933064406,36.29951858520508
1406,1,1,5.858333333333333,5.860529505996965,dropped_queue_full,,,
1407,2,1,5.8625,5.862600991007639,dropped_queue_full,,,
1408,3,0,5.866666666666666,5.866808184015099,dropped_queue_full,,,
1409,0,0,5.870833333333334,5.870904285024153,completed,5.901075222005602,30.241888672268402,6.013376235961914
1410,1,0,5.875,5.875539601023775,completed,5.90108479000628,26.084790006279945,21.695968627929688
1411,2,0,5.879166666666666,5.880209332011873,completed,5.90577310702065,26.60644035398363,21.846303939819336
1412,3,1,5.883333333333333,5.885114641016116,completed,5.9151388090103865,31.805475677053607,26.554847717285156
1413,0,1,5.8875,5.889731111004949,dropped_queue_full,,,
1414,1,1,5.891666666666667,5.891799791017547,completed,5.919794734014431,28.128067347764407,20.76870346069336
1415,2,1,5.895833333333333,5.896455426001921,completed,5.928992027009372,33.15869367603863,20.55891227722168
1416,3,0,5.9,5.901069851999637,completed,5.933631010004319,33.631010004318895,15.866623878479004
1417,0,0,5.904166666666667,5.905766584997764,completed,5.938211682019755,34.04501535308846,29.028095245361328
1418,1,0,5.908333333333333,5.910420536005404,completed,5.942775742005324,34.442408671990776,20.55353546142578
1419,2,0,5.9125,5.91513182601193,completed,5.947430135012837,34.93013501283748,20.840639114379883
1420,3,1,5.916666666666667,5.919787932012696,completed,5.947439062001649,30.772395334982328,16.001888275146484
1421,0,1,5.920833333333333,5.924391507025575,completed,5.956674256012775,35.84092267944161,20.53980827331543
1422,1,1,5.925,5.928984994010534,completed,5.961264937010128,36.26493701012823,20.607519149780273
1423,2,1,5.929166666666666,5.9336235460068565,dropped_dispatch_late,,,
1424,3,0,5.933333333333334,5.933638965012506,completed,5.970573241007514,37.23990767418073,20.33635139465332
1425,0,0,5.9375,5.938206272025127,completed,5.975201713008573,37.70171300857328,15.600576400756836
1426,1,0,5.941666666666666,5.942769540997688,completed,5.976967779017286,35.301112350619945,15.697440147399902
1427,2,0,5.945833333333333,5.947422841010848,completed,5.981954572023824,36.121238690491,34.259647369384766
1428,3,1,5.95,5.952065901015885,completed,5.987174709007377,37.17470900737663,20.532384872436523
1429,0,1,5.954166666666667,5.956669026025338,completed,5.992304523999337,38.1378573326705,20.740224838256836
1430,1,1,5.958333333333333,5.961258254013956,completed,6.0015310020244215,43.19766869108843,20.592927932739258
1431,2,1,5.9625,5.96596666899859,completed,6.006155528011732,43.65552801173145,20.543296813964844
1432,3,0,5.966666666666667,5.970565456023905,completed,6.0107861750002485,44.11950833358169,20.6213436126709
1433,0,0,5.970833333333333,5.975196353014326,dropped_dispatch_late,,,
1434,1,0,5.975,5.975211562006734,dropped_queue_full,,,
1435,2,0,5.979166666666667,5.979167708021123,dropped_queue_full,,,
1436,3,1,5.983333333333333,5.983378898003139,dropped_queue_full,,,
1437,0,1,5.9875,5.987650602997746,completed,6.0155973250220995,28.097325022099717,20.6661434173584
1438,1,1,5.991666666666666,5.992299274017569,completed,6.020236819022102,28.57015235543603,20.670207977294922
1439,2,1,5.995833333333334,5.9969120980240405,completed,6.024866103020031,29.032769686697435,20.677919387817383
1440,3,0,6.0,6.001524118997622,completed,6.029462906008121,29.462906008120626,20.742015838623047
1441,0,0,6.004166666666666,6.006148214015411,completed,6.034080318000633,29.91365133396684,20.660064697265625
1442,1,0,6.008333333333333,6.01077831001021,completed,6.043275777017698,34.94244368436483,20.65990447998047
1443,2,0,6.0125,6.0155917440133635,completed,6.04328564502066,30.785645020659835,16.00182342529297
1444,3,1,6.016666666666667,6.02023062700755,completed,6.052543733007042,35.87706634037513,20.476415634155273
1445,0,1,6.020833333333333,6.024859120021574,completed,6.05724783000187,36.41449666853713,20.563488006591797
1446,1,1,6.025,6.029455411015078,dropped_dispatch_late,,,
1447,2,1,6.029166666666667,6.029470630019205,completed,6.0619065900100395,32.73992334337272,20.484256744384766
1448,3,0,6.033333333333333,6.034074716997566,completed,6.066513632016722,33.1802986833889,15.604255676269531
1449,0,0,6.0375,6.038665258005494,completed,6.071137396007543,33.637396007543785,15.622015953063965
1450,1,0,6.041666666666667,6.043269414018141,completed,6.075772011012305,34.10534434563761,31.921184539794922
1451,2,0,6.045833333333333,6.047917364019668,completed,6.080809220002266,34.975886668932255,20.476383209228516
1452,3,1,6.05,6.052535577997332,completed,6.088685283000814,38.685283000813975,20.531455993652344
1453,0,1,6.054166666666666,6.057242590002716,completed,6.091073679999681,36.90701333301494,20.561824798583984
1454,1,1,6.058333333333334,6.0618997670244426,completed,6.100529444025597,42.196110692263034,20.58095932006836
1455,2,1,6.0625,6.066506108007161,completed,6.105125485017197,42.62548501719721,20.49193572998047
1456,3,0,6.066666666666666,6.071131866017822,dropped_dispatch_late,,,
1457,0,0,6.070833333333333,6.071147235023091,completed,6.109734701021807,38.90136768847441,15.759615898132324
1458,1,0,6.075,6.075765459012473,completed,6.1143252220063005,39.32522200630029,15.589599609375
1459,2,0,6.079166666666667,6.080384683999,dropped_queue_full,,,
1460,3,1,6.083333333333333,6.083484262024285,completed,6.119148565019714,35.81523168638068,31.220352172851562
1461,0,1,6.0875,6.0886773980164435,dropped_queue_full,,,
1462,1,1,6.091666666666667,6.091708206018666,dropped_queue_full,,,
1463,2,1,6.095833333333333,6.095901652006432,completed,6.123749204998603,27.915871665269876,20.705087661743164
1464,3,0,6.1,6.100523141998565,completed,6.128434115002165,28.434115002164972,10.825728416442871
1465,0,0,6.104166666666667,6.105118392006261,completed,6.133110810013022,28.94414334635531,25.99456024169922
1466,1,0,6.108333333333333,6.109729351010174,completed,6.142343530023936,34.01019669060279,26.25859260559082
1467,2,0,6.1125,6.114318840001943,completed,6.146962515020277,34.46251502027753,20.972320556640625
1468,3,1,6.116666666666666,6.119140980998054,completed,6.1516231290006544,34.95646233398819,20.522207260131836
1469,0,1,6.120833333333334,6.12374193200958,completed,6.151611446024617,30.77811269128361,15.91379165649414
1470,1,1,6.125,6.128426271025091,completed,6.160852822999004,35.852822999004275,20.442176818847656
1471,2,1,6.129166666666666,6.133105320011964,completed,6.165499731025193,36.33306435852646,20.47942352294922
1472,3,0,6.133333333333333,6.137707903020782,dropped_dispatch_late,,,
1473,0,0,6.1375,6.137715857999865,completed,6.1701637509977445,32.66375099774432,20.430784225463867
1474,1,0,6.141666666666667,6.1423369370168075,completed,6.174763279006584,33.09661233991701,15.59721565246582
1475,2,0,6.145833333333333,6.146955311007332,completed,6.179879388015252,34.04605468191857,15.696991920471191
1476,3,1,6.15,6.151606066006934,completed,6.184914363024291,34.914363024290296,33.09859085083008
1477,0,1,6.154166666666667,6.1562380060204305,completed,6.190434891002951,36.268224336284405,20.577951431274414
1478,1,1,6.158333333333333,6.160846090002451,completed,6.196331263025058,37.99792969172522,20.614015579223633
1479,2,1,6.1625,6.165492226020433,completed,6.200964785006363,38.4647850063633,20.657663345336914
1480,3,0,6.166666666666667,6.170158010005252,completed,6.205585734016495,38.91906734982786,20.49795150756836
1481,0,0,6.170833333333333,6.174756635999074,completed,6.214769270009128,43.935936675794984,20.55388832092285
1482,1,0,6.175,6.179383035021601,dropped_dispatch_late,,,
1483,2,0,6.179166666666666,6.179390940000303,dropped_queue_full,,,
1484,3,1,6.183333333333334,6.183483155007707,dropped_queue_full,,,
1485,0,1,6.1875,6.187586259009549,dropped_queue_full,,,
1486,1,1,6.191666666666666,6.191699223010801,completed,6.219632619002368,27.96595233570187,20.50383949279785
1487,2,1,6.195833333333333,6.196324960998027,completed,6.224257756024599,28.424422691266216,20.49737548828125
1488,3,0,6.2,6.200957341003232,completed,6.228845381003339,28.845381003338666,20.524511337280273
1489,0,0,6.204166666666667,6.205578018998494,completed,6.233489033009391,29.32236634272467,20.473344802856445
1490,1,0,6.208333333333333,6.210190091020195,completed,6.238137153006392,29.803819673058563,20.432064056396484
1491,2,0,6.2125,6.214763990021311,completed,6.242763772024773,30.263772024772706,20.445280075073242
1492,3,1,6.216666666666667,6.219626097008586,completed,6.242773150006542,26.106483339875197,15.843615531921387
1493,0,1,6.220833333333333,6.224250763014425,completed,6.252033593016677,31.20025968334339,15.67859172821045
1494,1,1,6.225,6.228837625996675,completed,6.261206318013137,36.20631801313756,20.471904754638672
1495,2,1,6.229166666666667,6.233483693009475,dropped_dispatch_late,,,
1496,3,0,6.233333333333333,6.233498831017641,completed,6.265801408007974,32.46807467464041,20.339712142944336
1497,0,0,6.2375,6.238130540004931,completed,6.270454347017221,32.95434701722133,20.49603271484375
1498,1,0,6.241666666666666,6.242756529012695,completed,6.2750877100043,33.42104333763363,15.743712425231934
1499,2,0,6.245833333333334,6.2474156000243966,completed,6.279716804012423,33.88347067908981,30.702783584594727
1500,3,1,6.25,6.252028201997746,completed,6.284314368007472,34.314368007471785,20.740127563476562
1501,0,1,6.254166666666666,6.2566129120241385,completed,6.289235486998223,35.06882033155634,20.614015579223633
1502,1,1,6.258333333333333,6.261199746018974,completed,6.289245185005711,30.911851672378532,15.920928001403809
1503,2,1,6.2625,6.265793914004462,completed,6.2991769930231385,36.676993023138316,20.560895919799805
1504,3,0,6.266666666666667,6.270449037023354,completed,6.3088104340131395,42.14376734647285,20.655424118041992
1505,0,0,6.270833333333333,6.275081366999075,dropped_dispatch_late,,,
1506,1,0,6.275,6.275096576020587,completed,6.309936974023003,34.936974023002776,20.672800064086914
1507,2,0,6.279166666666667,6.279709810012719,completed,6.318000122002559,38.833455335892,15.730815887451172
1508,3,1,6.283333333333333,6.284306433022721,completed,6.322981936013093,39.64860267976,15.801983833312988
1509,0,1,6.2875,6.289229946007254,completed,6.329606591025367,42.106591025367734,35.84294509887695
1510,1,1,6.291666666666667,6.293832470022608,completed,6.334208484011469,42.541817344802446,20.57097625732422
1511,2,1,6.295833333333333,6.298393464006949,dropped_queue_full,,,
1512,3,0,6.3,6.3001279500022065,dropped_queue_full,,,
1513,0,0,6.304166666666666,6.30416865600273,completed,6.338792693015421,34.62602634875456,10.892127990722656
1514,1,0,6.308333333333334,6.308802739018574,dropped_queue_full,,,
1515,2,0,6.3125,6.312586898013251,completed,6.338803343009204,26.303343009203672,21.6080322265625
1516,3,1,6.316666666666666,6.317992127005709,completed,6.348088352009654,31.421685342987615,26.194719314575195
1517,0,1,6.320833333333333,6.3229741110117175,dropped_queue_full,,,
1518,1,1,6.325,6.325010780012235,completed,6.352710322011262,27.710322011262,20.880640029907227
1519,2,1,6.329166666666667,6.329601121018641,completed,6.357532904017717,28.36623735105004,20.54185676574707
1520,3,0,6.333333333333333,6.334202282014303,completed,6.366717593016801,33.384259683468365,15.638400077819824
1521,0,0,6.3375,6.338787272019545,completed,6.3713309570157435,33.830957015743124,28.46847915649414
1522,1,0,6.341666666666667,6.343467524013249,completed,6.375940223020734,34.27355635406748,20.83616065979004
1523,2,0,6.345833333333333,6.3480809180182405,completed,6.380619783012662,34.78644967932887,20.51318359375
1524,3,1,6.35,6.352703940006904,completed,6.380628871003864,30.62887100386469,15.861599922180176
1525,0,1,6.354166666666667,6.3575257810007315,completed,6.3901369330124,35.97026634573286,20.474592208862305
1526,1,1,6.358333333333333,6.3621321720129345,completed,6.394745108002098,36.411774668764885,20.49830436706543
1527,2,1,6.3625,6.3667099680169486,dropped_dispatch_late,,,
1528,3,0,6.366666666666666,6.36672545800684,completed,6.39935450500343,32.6878383367637,20.454368591308594
1529,0,0,6.370833333333334,6.37132568701054,completed,6.408572276006453,37.73894267311917,15.797408103942871
1530,1,0,6.375,6.375933821022045,completed,6.409229214012157,34.22921401215717,15.895263671875
1531,2,0,6.379166666666666,6.380612690001726,completed,6.414544231025502,35.377564358835656,33.58099365234375
1532,3,1,6.383333333333333,6.3852691360225435,completed,6.419749499997124,36.416166663791216,20.645536422729492
1533,0,1,6.3875,6.390131623018533,completed,6.425489344022935,37.98934402293508,20.69251251220703
1534,1,1,6.391666666666667,6.394738385017263,completed,6.430126684019342,38.46001735267546,20.619680404663086
1535,2,1,6.395833333333333,6.3993469400156755,completed,6.439353693014709,43.52035968137624,20.65727996826172
1536,3,0,6.4,6.403977025998756,completed,6.4439711950253695,43.97119502536917,20.59004783630371
1537,0,0,6.404166666666667,6.408566694997717,dropped_dispatch_late,,,
1538,1,0,6.408333333333333,6.4085821350163314,dropped_queue_full,,,
1539,2,0,6.4125,6.4126427390147,dropped_queue_full,,,
1540,3,1,6.416666666666667,6.416743509005755,dropped_queue_full,,,
1541,0,1,6.420833333333333,6.4208550000039395,completed,6.448605548997875,27.77221566454191,20.755104064941406
1542,1,1,6.425,6.425484033999965,completed,6.4533162279985845,28.316227998584687,20.765663146972656
1543,2,1,6.429166666666666,6.430120121018263,completed,6.458061743003782,28.895076337115633,20.732511520385742
1544,3,0,6.433333333333334,6.4347223340009805,completed,6.462741082999855,29.40774966652171,20.644479751586914
1545,0,0,6.4375,6.439346459024819,completed,6.467334979999578,29.834979999577627,20.690271377563477
1546,1,0,6.441666666666666,6.443963490019087,completed,6.47192593102227,30.25926435560322,20.48908805847168
1547,2,0,6.445833333333333,6.448600319010438,completed,6.476527113001794,30.693779668460763,15.794783592224121
1548,3,1,6.45,6.453309836011613,completed,6.485779409005772,35.779409005772145,19.9715518951416
1549,0,1,6.454166666666667,6.458054609014653,completed,6.490659390023211,36.49272335654441,20.433536529541016
1550,1,1,6.458333333333333,6.4627335680124816,dropped_dispatch_late,,,
1551,2,1,6.4624999999999995,6.4627490080019925,completed,6.495286079996731,32.786079996731665,20.409343719482422
1552,3,0,6.466666666666667,6.4673297200060915,completed,6.499887531012064,33.22086434539706,15.651391983032227
1553,0,0,6.470833333333333,6.4719191690091975,completed,6.504508660000283,33.675326666950056,15.722944259643555
1554,1,0,6.475,6.476520550000714,completed,6.509127575001912,34.12757500191255,31.19865608215332
1555,2,0,6.479166666666667,6.48112150101224,completed,6.513725370023167,34.5587033564998,20.46393585205078
1556,3,1,6.483333333333333,6.485771765001118,completed,6.518334776017582,35.00144268424865,20.58073616027832
1557,0,1,6.4875,6.490654060005909,completed,6.523752378008794,36.25237800879422,20.5982723236084
1558,1,1,6.491666666666666,6.495278916001553,completed,6.528962196025532,37.29552935886549,20.883647918701172
1559,2,1,6.495833333333334,6.499879656010307,completed,6.537969878001604,42.13654466827066,20.805824279785156
1560,3,0,6.5,6.504503210016992,dropped_dispatch_late,,,
1561,0,0,6.504166666666666,6.504518278001342,completed,6.542641542997444,38.47487633077762,15.936544418334961
1562,1,0,6.508333333333333,6.5091212230036035,completed,6.547255338024115,38.92200469078233,15.645440101623535
1563,2,0,6.5125,6.513718286005314,completed,6.551877559017157,39.377559017157004,15.746848106384277
1564,3,1,6.516666666666667,6.518327012017835,completed,6.558883008023258,42.21634135659169,36.43961715698242
1565,0,1,6.520833333333333,6.522946978016989,dropped_queue_full,,,
1566,1,1,6.5249999999999995,6.525010569021106,dropped_queue_full,,,
1567,2,1,6.529166666666667,6.529281572002219,dropped_queue_full,,,
1568,3,0,6.533333333333333,6.533377724001184,completed,6.56370919602341,30.37586269007697,6.176000118255615
1569,0,0,6.5375,6.537962895003147,completed,6.563697193021653,26.197193021653575,21.6691837310791
1570,1,0,6.541666666666667,6.54263635299867,completed,6.568304284999613,26.637618332945756,21.617055892944336
1571,2,0,6.545833333333333,6.547248906019377,completed,6.577468695002608,31.63536166927461,26.331872940063477
1572,3,1,6.55,6.55187052601832,dropped_queue_full,,,
1573,0,1,6.554166666666666,6.554231070011156,completed,6.586642233014572,32.47556634790616,20.476224899291992
1574,1,1,6.558333333333334,6.558875453018118,completed,6.591478310001548,33.14497666821481,20.503360748291016
1575,2,1,6.5625,6.563691953022499,completed,6.596116171014728,33.616171014728025,15.756863594055176
1576,3,0,6.566666666666666,6.568298184021842,completed,6.600738402019488,34.071735352821264,28.77779197692871
1577,0,0,6.570833333333333,6.572890979005024,completed,6.605339964007726,34.50663067439308,20.38819122314453
1578,1,0,6.575,6.577461752021918,completed,6.609954059007578,34.95405900757742,20.372575759887695
1579,2,0,6.579166666666667,6.582064657006413,completed,6.609963668015553,30.797001348886077,15.692319869995117
1580,3,1,6.583333333333333,6.586636952997651,completed,6.6192182390077505,35.88490567441749,20.533599853515625
1581,0,1,6.5874999999999995,6.591471487015951,completed,6.623801316018216,36.301316018216845,20.52128028869629
1582,1,1,6.591666666666667,6.5961090170021635,dropped_dispatch_late,,,
1583,2,1,6.595833333333333,6.596124386007432,completed,6.633025319024455,37.19198569112159,20.425535202026367
1584,3,0,6.6,6.600730858015595,completed,6.637648221018026,37.64822101802601,15.603391647338867
1585,0,0,6.604166666666667,6.605334644002141,completed,6.639252048014896,35.08538134822903,15.650879859924316
1586,1,0,6.608333333333333,6.609947146003833,completed,6.6442765230021905,35.94318966885712,34.005760192871094
1587,2,0,6.6125,6.6146334290097,completed,6.649487893009791,36.98789300979133,20.54435157775879
1588,3,1,6.616666666666666,6.619210775010288,completed,6.654761241021333,38.09457435466701,20.626367568969727
1589,0,1,6.620833333333334,6.623795945022721,completed,6.663983060017927,43.14972668459305,20.591264724731445
1590,1,1,6.625,6.628414670005441,completed,6.668735709012253,43.73570901225321,20.584863662719727
1591,2,1,6.629166666666666,6.63301803500508,completed,6.673484451021068,44.31778435440137,20.779455184936523
1592,3,0,6.633333333333333,6.637640786997508,dropped_dispatch_late,,,
1593,0,0,6.6375,6.637657308019698,dropped_queue_full,,,
1594,1,0,6.641666666666667,6.641743681015214,dropped_queue_full,,,
1595,2,0,6.645833333333333,6.645854700997006,dropped_queue_full,,,
1596,3,1,6.6499999999999995,6.650121467013378,completed,6.678098837001016,28.098837001016896,20.79952049255371
1597,0,1,6.654166666666667,6.654753377020825,completed,6.682701380021172,28.53471335450486,20.77462387084961
1598,1,1,6.658333333333333,6.659377461008262,completed,6.687300067016622,28.966733683288837,20.74617576599121
1599,2,1,6.6625,6.663977680000244,completed,6.692153617012082,29.653617012082023,20.55513572692871
1600,3,0,6.666666666666667,6.668729107012041,completed,6.696751512004994,30.084845338326893,20.732576370239258
1601,0,0,6.670833333333333,6.673477336997166,completed,6.706002416001866,35.16908266853225,20.651647567749023
1602,1,0,6.675,6.678091082023457,completed,6.706021152000176,31.021152000175967,15.956159591674805
1603,2,0,6.679166666666666,6.682696119998582,completed,6.715241468016757,36.074801350090446,20.667295455932617
1604,3,1,6.683333333333334,6.687293885013787,completed,6.719845926010748,36.5125926774148,20.7379207611084
1605,0,1,6.6875,6.692146594024962,dropped_dispatch_late,,,
1606,1,1,6.691666666666666,6.692162154009566,completed,6.724450413021259,32.78374635459258,20.599071502685547
1607,2,1,6.695833333333333,6.696743717009667,completed,6.729028900997946,33.19556766461318,15.60972785949707
1608,3,0,6.7,6.701369604998035,completed,6.733623159001581,33.62315900158119,15.700480461120605
1609,0,0,6.704166666666667,6.705996926000807,completed,6.738264707004419,34.09804033775199,31.761568069458008
1610,1,0,6.708333333333333,6.71064956500777,completed,6.743497707997449,35.164374664115705,20.627552032470703
1611,2,0,6.7124999999999995,6.715234355011489,completed,6.750487987999804,37.98798799980485,20.61414337158203
1612,3,1,6.716666666666667,6.719838390999939,completed,6.753648903017165,36.982236350498354,20.617952346801758
1613,0,1,6.720833333333333,6.724444181018043,completed,6.763107091013808,42.27375768047459,20.67398452758789
1614,1,1,6.725,6.729021577019012,completed,6.767709734005621,42.70973400562106,20.645376205444336
1615,2,1,6.729166666666667,6.733615745004499,dropped_dispatch_late,,,
1616,3,0,6.733333333333333,6.733630974020343,completed,6.772461912012659,39.12857867932562,15.732704162597656
1617,0,0,6.7375,6.73825921601383,completed,6.777276018023258,39.77601802325825,15.737471580505371
1618,1,0,6.741666666666666,6.742879373021424,dropped_queue_full,,,
1619,2,0,6.745833333333334,6.745866488025058,completed,6.781897327018669,36.063993685335305,31.409215927124023
1620,3,1,6.75,6.7504809540114366,dropped_queue_full,,,
1621,0,1,6.754166666666666,6.754282316018362,dropped_queue_full,,,
1622,1,1,6.758333333333333,6.758481794007821,completed,6.78649684501579,28.163511682457454,20.83318328857422
1623,2,1,6.7625,6.763102041004458,completed,6.791098708024947,28.598708024946795,10.993696212768555
1624,3,0,6.766666666666667,6.767703462013742,completed,6.800539843010483,33.8731763438167,26.424991607666016
1625,0,0,6.770833333333333,6.772453987010522,completed,6.805152676010039,34.319342676705666,26.453216552734375
1626,1,0,6.7749999999999995,6.777270477003185,completed,6.809740362019511,34.74036201951147,21.14374351501465
1627,2,0,6.779166666666667,6.781889913021587,completed,6.809749890002422,30.58322333575525,15.869152069091797
1628,3,1,6.783333333333333,6.786490553000476,completed,6.8189565500069875,35.62321667365431,20.736896514892578
1629,0,1,6.7875,6.791091624007095,completed,6.82354334401316,36.04334401316045,20.758047103881836
1630,1,1,6.791666666666667,6.795930046006106,dropped_dispatch_late,,,
1631,2,1,6.795833333333333,6.795938160998048,completed,6.828140287019778,32.30695368644465,20.630847930908203
1632,3,0,6.8,6.800532660010504,completed,6.837296542013064,37.296542013064204,15.690688133239746
1633,0,0,6.804166666666666,6.805147396022221,completed,6.841874559002463,37.70789233579652,15.6845121383667
1634,1,0,6.808333333333334,6.809733879024861,completed,6.843132027017418,34.798693684084725,33.18796920776367
1635,2,0,6.8125,6.814366410020739,completed,6.848645532008959,36.14553200895898,20.58505630493164
1636,3,1,6.816666666666666,6.81894886601367,completed,6.8536464520148,36.97978534813373,20.640352249145508
1637,0,1,6.820833333333333,6.8235382240090985,completed,6.858888561022468,38.05522768913505,20.714975357055664
1638,1,1,6.825,6.828133483999409,completed,6.868168640998192,43.168640998191954,20.773183822631836
1639,2,1,6.829166666666667,6.8327149680117145,completed,6.872760865022428,43.594198355761726,20.798208236694336
1640,3,0,6.833333333333333,6.83728894701926,completed,6.877560493012425,44.22715967909152,20.762720108032227
1641,0,0,6.8374999999999995,6.841869208001299,dropped_dispatch_late,,,
1642,1,0,6.841666666666667,6.841884668014245,dropped_queue_full,,,
1643,2,0,6.845833333333333,6.845955040014815,dropped_queue_full,,,
1644,3,1,6.85,6.850068074010778,dropped_queue_full,,,
1645,0,1,6.854166666666667,6.854279774997849,completed,6.88219757200568,28.030905339012868,20.91379165649414
1646,1,1,6.858333333333333,6.858883441018406,completed,6.88683866901556,28.505335682226907,20.708831787109375
1647,2,1,6.8625,6.863504750013817,completed,6.89144208401558,28.942084015580072,20.765535354614258
1648,3,0,6.866666666666666,6.86816224802169,completed,6.896306936017936,29.640269351269843,20.650976181030273
1649,0,0,6.870833333333334,6.872753791016294,completed,6.900906314025633,30.072980692299467,20.637855529785156
1650,1,0,6.875,6.87755276801181,completed,6.910110279015498,35.110279015498236,20.82054328918457
1651,2,0,6.879166666666666,6.8821922420174815,completed,6.910119667008985,30.953000342318404,15.963680267333984
1652,3,1,6.883333333333333,6.886832176009193,completed,6.919350944022881,36.01761068954801,20.64259147644043
1653,0,1,6.8875,6.89143498102203,completed,6.923980478022713,36.48047802271304,20.69158363342285
1654,1,1,6.891666666666667,6.896299512009136,dropped_dispatch_late,,,
1655,2,1,6.895833333333333,6.896314871002687,completed,6.928613410011167,32.78007667783367,20.56608009338379
1656,3,0,6.8999999999999995,6.900900943001034,completed,6.933255669020582,33.25566902058252,15.70524787902832
1657,0,0,6.904166666666667,6.905505040020216,completed,6.937929298001109,33.762631334441906,15.67843246459961
1658,1,0,6.908333333333333,6.910103857022477,completed,6.94256126700202,34.227933668686816,32.107295989990234
1659,2,0,6.9125,6.914739523024764,completed,6.947960024001077,35.46002400107717,20.504512786865234
1660,3,1,6.916666666666667,6.919343449000735,completed,6.9546521770244,37.9855103577329,20.48944091796875
1661,0,1,6.920833333333333,6.9239750080159865,completed,6.9581205360009335,37.287202667600106,20.585439682006836
1662,1,1,6.925,6.928606537025189,completed,6.967352214007406,42.35221400740574,20.572032928466797
1663,2,1,6.929166666666666,6.933248285000445,completed,6.971971860009944,42.805193343277814,20.516128540039062
1664,3,0,6.933333333333334,6.937924018013291,dropped_dispatch_late,,,
1665,0,0,6.9375,6.937939046008978,completed,6.97677650701371,39.276507013710216,15.684479713439941
1666,1,0,6.941666666666666,6.942554553999798,completed,6.981353322014911,39.68665534824467,15.751392364501953
1667,2,0,6.945833333333333,6.94715214901953,dropped_queue_full,,,
1668,3,1,6.95,6.950009927997598,completed,6.9859715460042935,35.97154600429331,31.229055404663086
1669,0,1,6.954166666666667,6.954644281999208,dropped_queue_full,,,
1670,1,1,6.958333333333333,6.958440033020452,dropped_queue_full,,,
1671,2,1,6.9624999999999995,6.962641464022454,completed,6.990584850020241,28.084850020241525,20.639551162719727
1672,3,0,6.966666666666667,6.967345812008716,completed,6.995247027021833,28.58036035516598,10.79475212097168
1673,0,0,6.970833333333333,6.97196475599776,completed,7.000100717006717,29.267383673383662,26.030912399291992
1674,1,0,6.975,6.976771057001315,completed,7.009272782015614,34.27278201561457,26.06515121459961
1675,2,0,6.979166666666667,6.981347120017745,completed,7.013866499008145,34.69983234147822,20.980512619018555
1676,3,1,6.983333333333333,6.985963661019923,completed,7.013875957025448,30.542623692114468,15.718720436096191
1677,0,1,6.9875,6.990578087017639,completed,7.0230513980204705,35.55139802047069,20.483295440673828
1678,1,1,6.991666666666666,6.995239442010643,completed,7.027742589998525,36.075923331858384,20.47711944580078
1679,2,1,6.995833333333334,7.000095307012089,dropped_dispatch_late,,,
1680,3,0,7.0,7.000110296008643,completed,7.032499356020708,32.49935602070764,20.319263458251953
1681,0,0,7.004166666666666,7.004681359016104,completed,7.0371047660009935,32.93809933432712,15.468768119812012
1682,1,0,7.008333333333333,7.009266178996768,completed,7.041696649015648,33.36331568231543,15.581439971923828
1683,2,0,7.0125,7.013859225000488,completed,7.046788211999228,34.28821199922805,32.6096305847168
1684,3,1,7.016666666666667,7.018459214014001,completed,7.05191293702228,35.24627035561334,20.419519424438477
1685,0,1,7.020833333333333,7.0230462180043105,completed,7.058909509010846,38.07617567751276,20.57980728149414
1686,1,1,7.0249999999999995,7.027736128016841,completed,7.0622273920162115,37.22739201621206,20.572416305541992
1687,2,1,7.029166666666667,7.032491632009624,completed,7.071849261003081,42.68259433641397,20.54630470275879
1688,3,0,7.033333333333333,7.037099395005498,completed,7.076666252018185,43.33291868485212,20.47235107421875
1689,0,0,7.0375,7.041690197016578,dropped_dispatch_late,,,
1690,1,0,7.041666666666667,7.041705556010129,completed,7.081346574006602,39.679907339935205,15.821599960327148
1691,2,0,7.045833333333333,7.046297168999445,dropped_queue_full,,,
1692,3,1,7.05,7.050010303006275,dropped_queue_full,,,
1693,0,1,7.054166666666666,7.0542708370194305,completed,7.08598221000284,31.815543336173313,25.93324851989746
1694,1,1,7.058333333333334,7.058904029021505,dropped_queue_full,,,
1695,2,1,7.0625,7.062546679022489,completed,7.0906011250044685,28.101125004468486,20.80086326599121
1696,3,0,7.066666666666666,7.06725073501002,completed,7.095231461018557,28.5647943518903,20.875648498535156
1697,0,0,7.070833333333333,7.071841807017336,completed,7.099886244017398,29.052910684065125,15.880415916442871
1698,1,0,7.075,7.076658548001433,completed,7.105273499008035,30.27349900803511,25.80352020263672
1699,2,0,7.079166666666667,7.081340202013962,completed,7.109933852014365,30.767185347698067,20.91823959350586
1700,3,1,7.083333333333333,7.085976820002543,completed,7.114538951020222,31.20561768688912,20.713375091552734
1701,0,1,7.0874999999999995,7.090593921020627,completed,7.119142877025297,31.642877025297445,15.801759719848633
1702,1,1,7.091666666666667,7.095223967015045,completed,7.128412777004996,36.74611033832953,18.18764877319336
1703,2,1,7.095833333333333,7.099880984023912,completed,7.133039125998039,37.205792664705584,20.520992279052734
1704,3,0,7.1,7.105267086008098,dropped_dispatch_late,,,
1705,0,0,7.104166666666667,7.105282525997609,completed,7.1376666970027145,33.50003033604754,20.515039443969727
1706,1,0,7.108333333333333,7.109926087025087,completed,7.142277787002968,33.94445366963428,15.729920387268066
1707,2,0,7.1125,7.114530985010788,completed,7.146872095006984,34.372095006983905,15.833184242248535
1708,3,1,7.116666666666666,7.119137396017322,completed,7.151476162020117,34.80949535345079,31.6212158203125
1709,0,1,7.120833333333334,7.12376568900072,completed,7.156397581013152,35.564247679818806,15.829279899597168
1710,1,1,7.125,7.128406235016882,completed,7.1615970990096685,36.597099009668455,20.625696182250977
1711,2,1,7.129166666666666,7.133031822013436,completed,7.1667532340215985,37.58656735493204,20.55356788635254
1712,3,0,7.133333333333333,7.137661017011851,dropped_dispatch_late,,,
1713,0,0,7.1375,7.137676776008448,completed,7.1760429220157675,38.54292201576737,15.838784217834473
1714,1,0,7.141666666666667,7.142271465010708,completed,7.180824545997893,39.15787933122683,15.633088111877441
1715,2,0,7.145833333333333,7.146865101996809,completed,7.185434875020292,39.60154168695862,15.754752159118652
1716,3,1,7.1499999999999995,7.151468217023648,completed,7.187491482007317,37.49148200731778,35.849281311035156
1717,0,1,7.154166666666667,7.156065450020833,dropped_queue_full,,,
1718,1,1,7.158333333333333,7.15843367902562,dropped_queue_full,,,
1719,2,1,7.1625,7.1625480860238895,dropped_queue_full,,,
1720,3,0,7.166666666666667,7.166747634008061,completed,7.196917769004358,30.251102337691016,5.9967360496521
1721,0,0,7.170833333333333,7.17140642402228,completed,7.196905996999703,26.072663666369955,21.51763153076172
1722,1,0,7.175,7.176037352008279,completed,7.201518740010215,26.518740010215147,21.478303909301758
1723,2,0,7.179166666666666,7.180818334018113,completed,7.210978250019252,31.811583352586048,26.216352462768555
1724,3,1,7.183333333333334,7.1854279410035815,dropped_queue_full,,,
1725,0,1,7.1875,7.187651926011313,completed,7.215541990008205,28.041990008205175,20.56835174560547
1726,1,1,7.191666666666666,7.1922514339967165,completed,7.220164702011971,28.498035345304373,20.50966453552246
1727,2,1,7.195833333333333,7.196900466020452,completed,7.229343189013889,33.5098556805562,15.741120338439941
1728,3,0,7.2,7.201512337021995,completed,7.23394425000879,33.944250008789645,27.82364845275879
1729,0,0,7.204166666666667,7.2063561100221705,completed,7.238552463997621,34.38579733095448,20.446048736572266
1730,1,0,7.208333333333333,7.210971257009078,completed,7.243173012015177,34.8396786818439,20.49033546447754
1731,2,0,7.2124999999999995,7.215536720003001,completed,7.243182600010186,30.682600010186967,15.779871940612793
1732,3,1,7.216666666666667,7.22015820001252,completed,7.2523665170010645,35.69985033439771,20.495487213134766
1733,0,1,7.220833333333333,7.22473872199771,completed,7.256959303020267,36.1259696869336,20.468000411987305
1734,1,1,7.225,7.229335955023998,dropped_dispatch_late,,,
1735,2,1,7.229166666666667,7.2293516650097445,completed,7.261567196022952,32.40052935628501,20.44371223449707
1736,3,0,7.233333333333333,7.233936746022664,completed,7.270791059010662,37.457725677328746,15.755711555480957
1737,0,0,7.2375,7.238547114015091,completed,7.275424251012737,37.92425101273711,15.787424087524414
1738,1,0,7.241666666666666,7.243166490021395,completed,7.276871100009885,35.20443334321843,33.40092849731445
1739,2,0,7.245833333333334,7.24778091601911,completed,7.282226223003818,36.39288967048415,20.646591186523438
1740,3,1,7.25,7.252359043020988,completed,7.287120651017176,37.12065101717599,20.69772720336914
1741,0,1,7.254166666666666,7.256954283016967,completed,7.29679535102332,42.62868435665368,20.657184600830078
1742,1,1,7.258333333333333,7.261559831997147,completed,7.301448170008371,43.11483667503779,20.671424865722656
1743,2,1,7.2625,7.266162556014024,completed,7.30605469099828,43.55469099828024,20.63222312927246
1744,3,0,7.266666666666667,7.270783123996807,completed,7.3109230200061575,44.25635333949085,20.802656173706055
1745,0,0,7.270833333333333,7.2754188510007225,dropped_dispatch_late,,,
1746,1,0,7.2749999999999995,7.275434160022996,dropped_queue_full,,,
1747,2,0,7.279166666666667,7.279217427014373,dropped_queue_full,,,
1748,3,1,7.283333333333333,7.283483011007775,dropped_queue_full,,,
1749,0,1,7.2875,7.287596365000354,completed,7.315551161998883,28.051161998883245,20.62601661682129
1750,1,1,7.291666666666667,7.292222674004734,completed,7.32016250200104,28.49583533437272,20.620864868164062
1751,2,1,7.295833333333333,7.296789900021395,completed,7.324752242013346,28.91890868001301,20.699264526367188
1752,3,0,7.3,7.301441778021399,completed,7.329331361019285,29.331361019285573,20.704256057739258
1753,0,0,7.304166666666666,7.306047848018352,completed,7.338486613007262,34.3199463405961,20.68627166748047
1754,1,0,7.308333333333334,7.310915135021787,completed,7.3430781260249205,34.74479269158692,20.65667152404785
1755,2,0,7.3125,7.315545821998967,completed,7.343088275025366,30.588275025365874,15.899776458740234
1756,3,1,7.316666666666666,7.3201557290158235,completed,7.352342987025622,35.67632035895585,20.540895462036133
1757,0,1,7.320833333333333,7.32474506800645,completed,7.356930642010411,36.09730867707839,20.617216110229492
1758,1,1,7.325,7.329323395999381,dropped_dispatch_late,,,
1759,2,1,7.329166666666667,7.329339105024701,completed,7.361520392005332,32.35372533866521,20.606111526489258
1760,3,0,7.333333333333333,7.33390394700109,completed,7.3661366809974425,32.80334766410942,15.715744018554688
1761,0,0,7.3374999999999995,7.338481153012253,completed,7.375331639021169,37.83163902116993,15.747072219848633
1762,1,0,7.341666666666667,7.343071454000892,completed,7.375830667006085,34.16400033941791,32.52272033691406
1763,2,0,7.345833333333333,7.347686571010854,completed,7.381173758010846,35.34042467751242,20.536447525024414
1764,3,1,7.35,7.352332606998971,completed,7.386068156018155,36.06815601815505,20.616992950439453
1765,0,1,7.354166666666667,7.356925362022594,completed,7.39231729801395,38.150631347282804,20.546079635620117
1766,1,1,7.358333333333333,7.361513228010153,completed,7.396940140024526,38.60680669119265,20.503616333007812
1767,2,1,7.3625,7.3661289070150815,completed,7.406099420011742,43.59942001174222,20.513408660888672
1768,3,0,7.366666666666666,7.370739195001079,completed,7.410942361020716,44.275694354049655,20.702880859375
1769,0,0,7.370833333333334,7.375326189008774,dropped_dispatch_late,,,
1770,1,0,7.375,7.375341839011526,dropped_queue_full,,,
1771,2,0,7.379166666666666,7.379271304002032,dropped_queue_full,,,
1772,3,1,7.383333333333333,7.3833863510226365,dropped_queue_full,,,
1773,0,1,7.3875,7.387640672997804,completed,7.415563189017121,28.06318901712057,20.715423583984375
1774,1,1,7.391666666666667,7.392312088020844,completed,7.420216539001558,28.54987233489137,20.717824935913086
1775,2,1,7.395833333333333,7.396933678013738,completed,7.42485287701129,29.019543677956783,20.704896926879883
1776,3,0,7.3999999999999995,7.401534799020737,completed,7.429474166012369,29.47416601236963,20.558624267578125
1777,0,0,7.404166666666667,7.4060921060154215,completed,7.434096668002894,29.930001336227363,20.56844711303711
1778,1,0,7.408333333333333,7.410934434999945,completed,7.4386896830110345,30.35634967770129,20.587615966796875
1779,2,0,7.4125,7.415557869011536,completed,7.438699432008434,26.199432008434442,15.810624122619629
1780,3,1,7.416666666666667,7.420210127020255,completed,7.452473208017182,35.80654135051464,15.840224266052246
1781,0,1,7.420833333333333,7.424845653004013,completed,7.457119786005933,36.286452672599445,20.54662322998047
1782,1,1,7.425,7.429466532019433,dropped_dispatch_late,,,
1783,2,1,7.429166666666666,7.429482111008838,completed,7.461728171008872,32.561504342205616,20.536575317382812
1784,3,0,7.433333333333334,7.434091308008647,completed,7.466340323007898,33.006989674564835,15.88646411895752
1785,0,0,7.4375,7.438683141022921,completed,7.4709498890151735,33.44988901517354,15.953248023986816
1786,1,0,7.441666666666666,7.443289111019112,completed,7.475545299006626,33.87863233995958,31.38947105407715
1787,2,0,7.445833333333333,7.447863331006374,completed,7.480147902999306,34.31456966597324,20.73961639404297
1788,3,1,7.45,7.452465424023103,completed,7.489515339024365,39.51533902436477,20.977407455444336
1789,0,1,7.454166666666667,7.4571144960063975,completed,7.490963009011466,36.79634234479945,20.849536895751953
1790,1,1,7.458333333333333,7.461721157014836,completed,7.495963629015023,37.63029568168985,20.94486427307129
1791,2,1,7.4624999999999995,7.466332638025051,completed,7.5046806190221105,42.18061902211101,20.7957763671875
1792,3,0,7.466666666666667,7.4709445490152575,dropped_dispatch_late,,,
1793,0,0,7.470833333333333,7.4709594279993325,completed,7.50930085600703,38.46752267369702,15.775967597961426
1794,1,0,7.475,7.475538867001887,completed,7.514135190023808,39.135190023808164,15.624608039855957
1795,2,0,7.479166666666667,7.480140529019991,completed,7.518716574006248,39.5499073395813,15.794048309326172
1796,3,1,7.483333333333333,7.484794651012635,completed,7.52552758299862,42.194249665286954,36.46150588989258
1797,0,1,7.4875,7.489507434016559,dropped_queue_full,,,
1798,1,1,7.491666666666666,7.491756356001133,dropped_queue_full,,,
1799,2,1,7.495833333333334,7.495958590006921,dropped_queue_full,,,
1800,3,0,7.5,7.500061304017436,completed,7.5301689710177016,30.16897101770155,5.921696186065674
1801,0,0,7.504166666666666,7.5046736060176045,completed,7.530157479021,25.990812354333315,21.358783721923828
1802,1,0,7.508333333333333,7.509295556024881,completed,7.534791170997778,26.457837664445094,21.516639709472656
1803,2,0,7.5125,7.514128848008113,completed,7.54395165402093,31.45165402092953,26.07923126220703
1804,3,1,7.516666666666667,7.518709611002123,dropped_queue_full,,,
1805,0,1,7.520833333333333,7.520907205005642,completed,7.5531353810220025,32.30204768866951,20.50796890258789
1806,1,1,7.5249999999999995,7.525519807997625,completed,7.557712216017535,32.71221601753549,20.320415496826172
1807,2,1,7.529166666666667,7.53015229900484,completed,7.562325480015716,33.1588133490488,15.768351554870605
1808,3,0,7.533333333333333,7.534784829011187,completed,7.56693891400937,33.605580676036695,29.163455963134766
1809,0,0,7.5375,7.5393795980198774,completed,7.5715943580144085,34.094358014408854,20.583999633789062
1810,1,0,7.541666666666667,7.543944430013653,completed,7.576193455024622,34.52678835795542,20.676416397094727
1811,2,0,7.545833333333333,7.5485237700049765,completed,7.580883635004284,35.05030167095047,20.669727325439453
1812,3,1,7.55,7.55312997099827,completed,7.580892662022961,30.89266202296148,15.880064010620117
1813,0,1,7.554166666666666,7.557705863000592,completed,7.5904314939980395,36.26482733137326,20.67932891845703
1814,1,1,7.558333333333334,7.562318386015249,completed,7.595434949005721,37.10161567238757,20.673728942871094
1815,2,1,7.5625,7.566931289009517,dropped_dispatch_late,,,
1816,3,0,7.566666666666666,7.566946638020454,completed,7.600890934001654,34.22426733498796,20.517663955688477
1817,0,0,7.570833333333333,7.571589027997106,completed,7.608776685025077,37.94335169174445,15.638079643249512
1818,1,0,7.575,7.576187043014215,completed,7.613370412000222,38.370412000221954,15.567008018493652
1819,2,0,7.579166666666667,7.580876412015641,completed,7.616436657001032,37.269990334364955,35.3072624206543
1820,3,1,7.583333333333333,7.585497470019618,completed,7.62594405800337,42.61072467003668,20.521312713623047
1821,0,1,7.5874999999999995,7.590097840002272,dropped_queue_full,,,
1822,1,1,7.591666666666667,7.591812066006241,dropped_queue_full,,,
1823,2,1,7.595833333333333,7.595911514014006,completed,7.630541521997657,34.70818866432346,10.76585578918457
1824,3,0,7.6,7.600556929013692,dropped_queue_full,,,
1825,0,0,7.604166666666667,7.6041677790053654,completed,7.630530832015211,26.3641653485438,21.334144592285156
1826,1,0,7.608333333333333,7.6087715350149665,completed,7.639732834009919,31.399500676585923,25.969440460205078
1827,2,0,7.6125,7.6133640500193,dropped_queue_full,,,
1828,3,1,7.616666666666666,7.616756064002402,completed,7.6443359780241735,27.669311357507276,20.944095611572266
1829,0,1,7.620833333333334,7.621363256010227,completed,7.648924766021082,28.091432687748608,20.355615615844727
1830,1,1,7.625,7.6259363740100525,completed,7.653557076002471,28.55707600247115,15.598272323608398
1831,2,1,7.629166666666666,7.630525642016437,completed,7.66278512700228,33.618460335613776,27.576416015625
1832,3,0,7.633333333333333,7.635141110018594,completed,7.667390807007905,34.057473674572236,20.69536018371582
1833,0,0,7.6375,7.639726542023709,completed,7.672059646021808,34.55964602180739,20.48147201538086
1834,1,0,7.641666666666667,7.6443282940017525,completed,7.676679743017303,35.01307635063622,20.482208251953125
1835,2,0,7.645833333333333,7.648919716011733,completed,7.6766894519969355,30.856118663602494,15.713151931762695
1836,3,1,7.6499999999999995,7.653550693998113,completed,7.685939023009269,35.9390230092691,20.54764747619629
1837,0,1,7.654166666666667,7.6581995760207064,completed,7.690585150005063,36.41848333839626,20.576799392700195
1838,1,1,7.658333333333333,7.662778084020829,dropped_dispatch_late,,,
1839,2,1,7.6625,7.662793804018293,completed,7.695394817012129,32.89481701212971,20.677536010742188
1840,3,0,7.666666666666667,7.667383393010823,completed,7.700063306023367,33.39663935669979,15.878975868225098
1841,0,0,7.670833333333333,7.67205420602113,completed,7.705493873014348,34.660539681014235,15.87343978881836
1842,1,0,7.675,7.6766731410170905,completed,7.710700824012747,35.70082401274721,33.6794548034668
1843,2,0,7.679166666666666,7.681359664013144,completed,7.717239556019194,38.07288935252817,20.681087493896484
1844,3,1,7.683333333333334,7.685931439016713,completed,7.720806352008367,37.47301867503339,20.73219108581543
1845,0,1,7.6875,7.690578527020989,completed,7.730207392014563,42.707392014563084,20.67286491394043
1846,1,1,7.691666666666666,7.6953877129999455,completed,7.734793424024247,43.1267573575802,20.59939193725586
1847,2,1,7.695833333333333,7.7000555010163225,dropped_dispatch_late,,,
1848,3,0,7.7,7.700071380997542,completed,7.739394956006436,39.3949560064355,15.608575820922852
1849,0,0,7.704166666666667,7.704680146998726,dropped_queue_full,,,
1850,1,0,7.708333333333333,7.708482570014894,dropped_queue_full,,,
1851,2,0,7.7124999999999995,7.7125851640012115,completed,7.744039089011494,31.539089011494603,25.515615463256836
1852,3,1,7.716666666666667,7.717232042021351,dropped_queue_full,,,
1853,0,1,7.720833333333333,7.720967368019046,completed,7.7487106030166615,27.877269683328265,20.515199661254883
1854,1,1,7.725,7.7255714049970265,completed,7.753327584010549,28.327584010549245,20.44607925415039
1855,2,1,7.729166666666667,7.730201982019935,completed,7.757976827007951,28.810160341284252,15.665120124816895
1856,3,0,7.733333333333333,7.73478690200136,completed,7.762572337000165,29.239003666831742,25.551231384277344
1857,0,0,7.7375,7.739387301000534,completed,7.771829042001627,34.32904200162756,20.60416030883789
1858,1,0,7.741666666666666,7.744031915004598,completed,7.776469137024833,34.80247035816664,20.655519485473633
1859,2,0,7.745833333333334,7.748705494013848,completed,7.776478585001314,30.64525166798049,15.863200187683105
1860,3,1,7.75,7.753321121999761,completed,7.785736984020332,35.736984020331874,20.691871643066406
1861,0,1,7.754166666666666,7.757969844009494,completed,7.790332855016459,36.16618834979235,20.71116828918457
1862,1,1,7.758333333333333,7.762564372009365,dropped_dispatch_late,,,
1863,2,1,7.7625,7.762580693000928,completed,7.794910852011526,32.410852011525826,20.707040786743164
1864,3,0,7.766666666666667,7.767191743012518,completed,7.799503998016007,32.83733134934064,15.865440368652344
1865,0,0,7.770833333333333,7.77182368200738,completed,7.804470342001878,33.63700866854469,15.722463607788086
1866,1,0,7.7749999999999995,7.776462555018952,completed,7.809597372019198,34.597372019198325,32.81990432739258
1867,2,0,7.779166666666667,7.781075398001121,completed,7.814961192023475,35.79452535680794,20.67046356201172
1868,3,1,7.783333333333333,7.785729449999053,completed,7.821349969017319,38.016635683986166,20.693248748779297
1869,0,1,7.7875,7.790327465016162,completed,7.8262456899974495,38.74568999744987,20.67375946044922
1870,1,1,7.791666666666667,7.79490367800463,completed,7.830851470003836,39.184803337168894,20.552640914916992
1871,2,1,7.795833333333333,7.799496113002533,completed,7.840060885006096,44.22755167276282,20.605823516845703
1872,3,0,7.8,7.8042924650071654,dropped_dispatch_late,,,
1873,0,0,7.804166666666666,7.8043007100059185,dropped_queue_full,,,
1874,1,0,7.808333333333334,7.808483326021815,dropped_queue_full,,,
1875,2,0,7.8125,7.812586070009274,dropped_queue_full,,,
1876,3,1,7.816666666666666,7.816697621019557,completed,7.844733031000942,28.066364334275562,20.50480079650879
1877,0,1,7.820833333333333,7.821341964008752,completed,7.8493502229976,28.516889664267353,20.544767379760742
1878,1,1,7.825,7.82624031000887,completed,7.854048799024895,29.048799024894656,20.705631256103516
1879,2,1,7.829166666666667,7.8308450170152355,completed,7.8586868600104935,29.52019334382694,20.65305519104004
1880,3,0,7.833333333333333,7.835470104007982,completed,7.8632916980131995,29.958364679866456,20.656959533691406
1881,0,0,7.8374999999999995,7.8400534609972965,completed,7.867897447024006,30.39744702400693,20.68886375427246
1882,1,0,7.841666666666667,7.844725447008386,completed,7.867907086008927,26.24041934226007,15.873824119567871
1883,2,0,7.845833333333333,7.8493449530215,completed,7.872510490997229,26.677157663895557,15.728287696838379
1884,3,1,7.85,7.854042226012098,completed,7.886376973998267,36.37697399826756,20.515424728393555
1885,0,1,7.854166666666667,7.858679796016077,dropped_dispatch_late,,,
1886,1,1,7.858333333333333,7.858695136004826,completed,7.890997832000721,32.66449866738785,20.450271606445312
1887,2,1,7.8625,7.863284043007297,completed,7.8956542880041525,33.154288004152654,20.486591339111328
1888,3,0,7.866666666666666,7.867892077018041,completed,7.900330071017379,33.66340435071269,15.705696105957031
1889,0,0,7.870833333333334,7.872503818012774,completed,7.905167581018759,34.33424768542537,30.436927795410156
1890,1,0,7.875,7.877101743011735,completed,7.9097623100096826,34.76231000968255,20.6562557220459
1891,2,0,7.879166666666666,7.881677386001684,completed,7.914384500996675,35.21783433000891,20.65340805053711
1892,3,1,7.883333333333333,7.886369298998034,completed,7.914393999002641,31.060665669308207,16.02694320678711
1893,0,1,7.8875,7.890991470019799,completed,7.924182804999873,36.682804999872864,20.886432647705078
1894,1,1,7.891666666666667,7.8956471150158904,completed,7.93386823500623,42.201568339563345,20.830623626708984
1895,2,1,7.895833333333333,7.900322457018774,dropped_dispatch_late,,,
1896,3,0,7.8999999999999995,7.900338016013848,completed,7.934973905008519,34.9739050085196,20.64566421508789
1897,0,0,7.904166666666667,7.905162371025654,completed,7.942293321015313,38.12665434864648,15.658623695373535
1898,1,0,7.908333333333333,7.909755818021949,completed,7.946898499008967,38.565165675633395,15.714816093444824
1899,2,0,7.9125,7.914377157023409,completed,7.954654694010969,42.15469401096961,35.74911880493164
1900,3,1,7.916666666666667,7.91896920101135,completed,7.959258259012131,42.59159234546406,20.552608489990234
1901,0,1,7.920833333333333,7.923584579024464,dropped_queue_full,,,
1902,1,1,7.925,7.925135435012635,dropped_queue_full,,,
1903,2,1,7.929166666666666,7.929168396018213,completed,7.963989558018511,34.82289135184491,10.930944442749023
1904,3,0,7.933333333333334,7.933861903002253,dropped_queue_full,,,
1905,0,0,7.9375,7.9376403510104865,completed,7.963978587009478,26.47858700947836,21.595808029174805
1906,1,0,7.941666666666666,7.942287920013769,completed,7.973231235024286,31.564568357620004,26.28838348388672
1907,2,0,7.945833333333333,7.946892267005751,dropped_queue_full,,,
1908,3,1,7.95,7.950060236005811,completed,7.977906266023638,27.90626602363755,21.092287063598633
1909,0,1,7.954166666666667,7.9546479410200845,completed,7.982517696014838,28.351029348171686,20.5996150970459
1910,1,1,7.958333333333333,7.959250505024102,completed,7.9917332339973655,33.39990066403242,15.647104263305664
1911,2,1,7.9624999999999995,7.963973136997083,completed,7.996363700018264,33.863700018264886,28.405183792114258
1912,3,0,7.966666666666667,7.968613051023567,completed,8.000989368010778,34.322701344111195,20.69388771057129
1913,0,0,7.970833333333333,7.9732247320062015,completed,8.005837468022946,35.00413468961305,20.36777687072754
1914,1,0,7.975,7.977898711018497,completed,8.005847396998433,30.84739699843375,15.69923210144043
1915,2,0,7.979166666666667,7.982512677001068,completed,8.015117407019716,35.95074035304879,20.3623046875
1916,3,1,7.983333333333333,7.987142583006062,completed,8.01972533101798,36.39199768464696,20.63587188720703
1917,0,1,7.9875,7.991726851003477,dropped_dispatch_late,,,
1918,1,1,7.991666666666666,7.991742441023234,completed,8.024341901997104,32.675235330438035,20.614656448364258
1919,2,1,7.995833333333334,7.996356807008851,completed,8.029211533023044,33.3781996897109,15.689087867736816
1920,3,0,8.0,8.000982063997071,completed,8.034177816996817,34.177816996816546,15.71014404296875
1921,0,0,8.004166666666666,8.005832328024553,completed,8.039385039999615,35.21837333294897,33.204383850097656
1922,1,0,8.008333333333333,8.010462264006492,completed,8.046397912024986,38.06457869165314,20.515743255615234
1923,2,0,8.0125,8.01511039401521,completed,8.049701017007465,37.20101700746525,20.511871337890625
1924,3,1,8.016666666666666,8.019717415998457,completed,8.059231152001303,42.56448533463697,20.606111526489258
1925,0,1,8.020833333333334,8.02433506899979,completed,8.06387456401717,43.04123068383525,20.5743350982666
1926,1,1,8.025,8.029204229009338,dropped_dispatch_late,,,
1927,2,1,8.029166666666667,8.029220188996987,completed,8.06852746300865,39.36079634198286,15.854432106018066
1928,3,0,8.033333333333333,8.033838372997707,dropped_queue_full,,,
1929,0,0,8.0375,8.037641327013262,dropped_queue_full,,,
1930,1,0,8.041666666666666,8.041742839006474,completed,8.073132821999025,31.466155332358525,25.77961540222168
1931,2,0,8.045833333333333,8.046391670010053,dropped_queue_full,,,
1932,3,1,8.05,8.050010024016956,completed,8.077764321002178,27.764321002177184,20.773216247558594
1933,0,1,8.054166666666667,8.054638718022034,completed,8.082363718014676,28.197051348008983,20.786880493164062
1934,1,1,8.058333333333334,8.059223538002698,completed,8.08702269900823,28.68936567489655,15.741024017333984
1935,2,1,8.0625,8.063869314006297,completed,8.091671219997806,29.171219997806475,25.643423080444336
1936,3,0,8.066666666666666,8.068520319007803,completed,8.100870246009436,34.203579342769075,20.753055572509766
1937,0,0,8.070833333333333,8.073126570001477,completed,8.10551686299732,34.68352966398669,20.737760543823242
1938,1,0,8.075,8.077756496000802,completed,8.110387175023789,35.3871750237893,20.593503952026367
1939,2,0,8.079166666666666,8.08235845802119,completed,8.110396984004183,31.23031733751702,15.9967679977417
1940,3,1,8.083333333333334,8.087015926023014,completed,8.11963954300154,36.30620966820608,20.49648094177246
1941,0,1,8.0875,8.091664046020014,completed,8.124262335011736,36.7623350117352,20.574399948120117
1942,1,1,8.091666666666667,8.096289694018196,dropped_dispatch_late,,,
1943,2,1,8.095833333333333,8.096297639014665,completed,8.12887441701605,33.04108368271663,20.427135467529297
1944,3,0,8.1,8.100862591003533,completed,8.134356922004372,34.35692200437224,15.596863746643066
1945,0,0,8.104166666666666,8.105511633009883,completed,8.139104471018072,34.93780435140614,15.700480461120605
1946,1,0,8.108333333333333,8.11038082302548,completed,8.14378027402563,35.4469406922977,32.87974548339844
1947,2,0,8.1125,8.115011531015625,completed,8.152989438996883,40.4894389968824,20.65999984741211
1948,3,1,8.116666666666667,8.119631838024361,completed,8.153957528003957,37.29086133728998,20.743328094482422
1949,0,1,8.120833333333334,8.12425699501182,completed,8.15912201901665,38.288685683316004,20.745792388916016
1950,1,1,8.125,8.12886756300577,completed,8.167262914997991,42.262914997991174,20.663103103637695
1951,2,1,8.129166666666666,8.134349216998089,dropped_dispatch_late,,,
1952,3,0,8.133333333333333,8.134364917001221,completed,8.171855640015565,38.522306682232,15.692992210388184
1953,0,0,8.1375,8.13909909100039,completed,8.176477560016792,38.97756001679298,15.641375541687012
1954,1,0,8.141666666666666,8.143773281015456,completed,8.181130078999558,39.463412332892744,15.736703872680664
1955,2,0,8.145833333333334,8.14839392900467,completed,8.188082777021918,42.24944368858452,36.12150573730469
1956,3,1,8.15,8.152982125000563,dropped_queue_full,,,
1957,0,1,8.154166666666667,8.15427643401199,dropped_queue_full,,,
1958,1,1,8.158333333333333,8.158482995000668,dropped_queue_full,,,
1959,2,1,8.1625,8.16258877501241,completed,8.19267740601208,30.177406012080965,6.018752098083496
1960,3,0,8.166666666666666,8.16725673302426,completed,8.192686633003177,26.019966336511047,21.739423751831055
1961,0,0,8.170833333333333,8.171847584017087,completed,8.197279318002984,26.445984669651423,21.54431915283203
1962,1,0,8.175,8.176472129998729,completed,8.211244247999275,36.24424799927439,26.299232482910156
1963,2,0,8.179166666666667,8.18112377700163,dropped_queue_full,,,
1964,3,1,8.183333333333334,8.183482988999458,completed,8.21590033301618,32.56699968284593,20.44416046142578
1965,0,1,8.1875,8.188075684010983,completed,8.220539296016796,33.03929601679556,20.367040634155273
1966,1,1,8.191666666666666,8.192670453019673,completed,8.22517486201832,33.50819535165428,15.625791549682617
1967,2,1,8.195833333333333,8.197273918020073,completed,8.229779029003112,33.945695669778786,29.82841682434082
1968,3,0,8.2,8.201851634017657,completed,8.234638451016508,34.63845101650875,20.362720489501953
1969,0,0,8.204166666666666,8.206452605023514,completed,8.239244131022133,35.077464355467214,20.577407836914062
1970,1,0,8.208333333333334,8.21123781602364,completed,8.239254130021436,30.920796688102214,15.852288246154785
1971,2,0,8.2125,8.215892498003086,completed,8.248449007020099,35.94900702009873,20.69215965270996
1972,3,1,8.216666666666667,8.220533986022929,completed,8.253390625002794,36.72395833612718,20.570240020751953
1973,0,1,8.220833333333333,8.225168290024158,dropped_dispatch_late,,,
1974,1,1,8.225,8.22518361901166,completed,8.259112826024648,34.11282602464816,20.54947280883789
1975,2,1,8.229166666666666,8.229771896003513,completed,8.264016682020156,34.85001535348964,15.666144371032715
1976,3,0,8.233333333333333,8.234630816004938,completed,8.27130332501838,37.96999168504733,15.748255729675293
1977,0,0,8.2375,8.239238600013778,completed,8.274436647014227,36.936647014226054,34.916481018066406
1978,1,0,8.241666666666667,8.24383581301663,completed,8.284285908011952,42.619241345285275,20.615039825439453
1979,2,0,8.245833333333334,8.248442014009925,completed,8.288922717008973,43.08938367563897,20.879520416259766
1980,3,1,8.25,8.253055599023355,dropped_queue_full,,,
1981,0,1,8.254166666666666,8.254173152003204,completed,8.293527505011298,39.36083834463133,15.945088386535645
1982,1,1,8.258333333333333,8.25877888101968,dropped_queue_full,,,
1983,2,1,8.2625,8.262587156001246,dropped_queue_full,,,
1984,3,0,8.266666666666666,8.2667003700044,completed,8.298128816008102,31.46214934143643,26.078079223632812
1985,0,0,8.270833333333334,8.27129577001324,dropped_queue_full,,,
1986,1,0,8.275,8.275072535005165,completed,8.302730588009581,27.730588009580615,20.761472702026367
1987,2,0,8.279166666666667,8.279662265005754,completed,8.3073195060133,28.152839346633485,20.676607131958008
1988,3,1,8.283333333333333,8.284279486018931,completed,8.311894837999716,28.561504666383186,15.74783992767334
1989,0,1,8.2875,8.288915523007745,completed,8.316509505006252,29.009505006252212,25.70044708251953
1990,1,1,8.291666666666666,8.293522335006855,completed,8.325863133999519,34.196467332852976,20.73107147216797
1991,2,1,8.295833333333333,8.29812119199778,completed,8.33062591199996,34.792578666626994,20.738431930541992
1992,3,0,8.3,8.302724146022229,completed,8.335493980004685,35.49398000468429,20.403072357177734
1993,0,0,8.304166666666667,8.307312864024425,completed,8.335475205007242,31.3085383405749,15.846816062927246
1994,1,0,8.308333333333334,8.311886923009297,completed,8.344675653002923,36.342319669589784,20.770143508911133
1995,2,0,8.3125,8.316504084010376,completed,8.349271895014681,36.77189501468092,20.773887634277344
1996,3,1,8.316666666666666,8.32111603600788,dropped_dispatch_late,,,
1997,0,1,8.320833333333333,8.321124100999441,completed,8.353883105010027,33.049771676694206,20.72127914428711
1998,1,1,8.325,8.32585632102564,completed,8.358502791001229,33.502791001229326,15.841407775878906
1999,2,1,8.329166666666666,8.330619059008313,completed,8.363759357016534,34.592690349867894,15.962464332580566
2000,3,0,8.333333333333334,8.335469935002038,completed,8.368651301017962,35.31796768462847,32.970558166503906
2001,0,0,8.3375,8.340079742018133,completed,8.375492457009386,37.992457009385916,20.756383895874023
2002,1,0,8.341666666666667,8.34466924102162,completed,8.379121201025555,37.454534358888125,20.534912109375
2003,2,0,8.345833333333333,8.349264871998457,completed,8.388454462023219,42.62112868988588,20.502784729003906
2004,3,1,8.35,8.35387779501616,completed,8.393047757999739,43.047757999739034,20.495328903198242
2005,0,1,8.354166666666666,8.358496179018402,dropped_dispatch_late,,,
2006,1,1,8.358333333333333,8.358511508005904,completed,8.39765248601907,39.319152685736825,15.704768180847168
2007,2,1,8.3625,8.363109793019248,dropped_queue_full,,,
2008,3,0,8.366666666666667,8.366744358005235,dropped_queue_full,,,
2009,0,0,8.370833333333334,8.370861039002193,completed,8.40223041200079,31.397078667456668,25.701440811157227
2010,1,0,8.375,8.375487106997753,dropped_queue_full,,,
2011,2,0,8.379166666666666,8.379282347013941,completed,8.40681929999846,27.652633331793908,20.71548843383789
2012,3,1,8.383333333333333,8.383880813024007,completed,8.411390244000359,28.056910667025647,20.776607513427734
2013,0,1,8.3875,8.388447318022372,completed,8.415966316999402,28.466316999402608,15.842592239379883
2014,1,1,8.391666666666666,8.393040193011984,completed,8.425300208997214,33.633542330548494,25.78972816467285
2015,2,1,8.395833333333334,8.397646123019513,completed,8.43014316901099,34.30983567765544,20.738399505615234
2016,3,0,8.4,8.40222514202469,completed,8.434806869016029,34.806869016028585,20.93142318725586
2017,0,0,8.404166666666667,8.406812257017009,completed,8.439676420006435,35.50975333976858,20.56972885131836
2018,1,0,8.408333333333333,8.411383049999131,completed,8.439685878023738,31.352544690404827,15.901311874389648
2019,2,0,8.4125,8.415960887010442,completed,8.448857312003383,36.35731200338377,20.545503616333008
2020,3,1,8.416666666666666,8.420600270008435,completed,8.453462270001182,36.79560333451626,20.5949764251709
2021,0,1,8.420833333333333,8.425293797015911,dropped_dispatch_late,,,
2022,1,1,8.425,8.425309726997511,completed,8.45804627801408,33.04627801407989,20.57334327697754
2023,2,1,8.429166666666667,8.430136186012533,completed,8.462677727016853,33.51106035018603,15.66256046295166
2024,3,0,8.433333333333334,8.434799395006848,completed,8.467788255016785,34.454921683451545,15.778816223144531
2025,0,0,8.4375,8.43967121001333,completed,8.473119904025225,35.61990402522497,33.09331130981445
2026,1,0,8.441666666666666,8.444278152019251,completed,8.479606717010029,37.94005034336223,20.649919509887695
2027,2,0,8.445833333333333,8.448850248008966,completed,8.483416886010673,37.58355267734004,20.627103805541992
2028,3,1,8.45,8.453454665024765,completed,8.492907926003681,42.907926003682206,20.66655921936035
2029,0,1,8.454166666666666,8.458039756020298,completed,8.497571917017922,43.405250351256086,20.560319900512695
2030,1,1,8.458333333333334,8.46267067300505,dropped_dispatch_late,,,
2031,2,1,8.4625,8.462686083017616,completed,8.502292745019076,39.79274501907604,15.814047813415527
2032,3,0,8.466666666666667,8.467294487025356,dropped_queue_full,,,
2033,0,0,8.470833333333333,8.470901168999262,dropped_queue_full,,,
2034,1,0,8.475,8.475010195019422,completed,8.506977144017583,31.977144017583115,25.75142478942871
2035,2,0,8.479166666666666,8.47960023500491,dropped_queue_full,,,
2036,3,1,8.483333333333333,8.483406757004559,completed,8.511672434018692,28.339100685359497,20.79520034790039
2037,0,1,8.4875,8.48819914102205,completed,8.51635669299867,28.85669299866933,20.830368041992188
2038,1,1,8.491666666666667,8.492900131997885,completed,8.521039459010353,29.37279234368617,15.870047569274902
2039,2,1,8.495833333333334,8.497566466015996,completed,8.525687649002066,29.854315668732312,25.820480346679688
2040,3,0,8.5,8.502285531023517,completed,8.535251138004242,35.25113800424151,20.84444808959961
2041,0,0,8.504166666666666,8.50697090200265,completed,8.535239676013589,31.073009346922476,16.09894371032715
2042,1,0,8.508333333333333,8.511664679012029,completed,8.544909386022482,36.57605268914921,20.465919494628906
2043,2,0,8.5125,8.51635129301576,completed,8.549575420009205,37.07542000920583,20.4836483001709
2044,3,1,8.516666666666666,8.521032686025137,dropped_dispatch_late,,,
2045,0,1,8.520833333333334,8.521048576018075,completed,8.554253606998827,33.42027366549338,20.35558319091797
2046,1,1,8.525,8.525680426013423,completed,8.558905946003506,33.905946003505605,15.633024215698242
2047,2,1,8.529166666666667,8.530364995007403,completed,8.563571499020327,34.4048323536601,15.650848388671875
2048,3,0,8.533333333333333,8.53523426601896,completed,8.56825070802006,34.91737468672618,31.247968673706055
2049,0,0,8.5375,8.540216911002062,completed,8.568239347019698,30.739347019698826,15.864224433898926
2050,1,0,8.541666666666666,8.544902823021403,completed,8.577638002025196,35.971335358530254,20.734304428100586
2051,2,0,8.545833333333333,8.54956837699865,completed,8.582633021025686,36.79968769235309,20.704736709594727
2052,3,1,8.55,8.554248337022727,dropped_dispatch_late,,,
2053,0,1,8.554166666666667,8.554263626021566,completed,8.588176121003926,34.00945433725866,20.445632934570312
2054,1,1,8.558333333333334,8.558899523020955,completed,8.593307049013674,34.97371568034069,15.57817554473877
2055,2,1,8.5625,8.563564245007,completed,8.600636423012475,38.13642301247455,15.596416473388672
2056,3,0,8.566666666666666,8.568233916012105,completed,8.603492738999194,36.826072332527104,35.047359466552734
2057,0,0,8.570833333333333,8.572922874009237,completed,8.613174021011218,42.34068767788557,20.665727615356445
2058,1,0,8.575,8.5776314290124,completed,8.617872316011926,42.87231601192687,20.582048416137695
2059,2,0,8.579166666666666,8.5822993570182,dropped_queue_full,,,
2060,3,1,8.583333333333334,8.583427150006173,completed,8.622551185020711,39.21785168737735,15.779328346252441
2061,0,1,8.5875,8.588170962000731,completed,8.627215596003225,39.71559600322472,15.831456184387207
2062,1,1,8.591666666666667,8.592815234005684,dropped_queue_full,,,
2063,2,1,8.595833333333333,8.595956622011727,completed,8.63187870499678,36.045371663446346,31.406591415405273
2064,3,0,8.6,8.600629139022203,dropped_queue_full,,,
2065,0,0,8.604166666666666,8.604284704022575,dropped_queue_full,,,
2066,1,0,8.608333333333333,8.60848318002536,completed,8.63674010001705,28.406766683717777,20.863840103149414
2067,2,0,8.6125,8.61316869102302,completed,8.64168968301965,29.189683019648527,10.987232208251953
2068,3,1,8.616666666666667,8.617865784006426,completed,8.646371989016188,29.70532234952117,26.289791107177734
2069,0,1,8.620833333333334,8.62254361101077,completed,8.655763690010644,34.930356677310925,26.321632385253906
2070,1,1,8.625,8.62721030600369,completed,8.655773439008044,30.77343900804408,16.28531265258789
2071,2,1,8.629166666666666,8.631871541001601,completed,8.665070781018585,35.90411435191854,20.513023376464844
2072,3,0,8.633333333333333,8.636733848019503,completed,8.669734772003721,36.401438670388586,20.51263999938965
2073,0,0,8.6375,8.641682510002283,dropped_dispatch_late,,,
2074,1,0,8.641666666666666,8.641698410006939,completed,8.674392310000258,32.72564333359185,20.45136070251465
2075,2,0,8.645833333333334,8.646364364016335,completed,8.679087269003503,33.2539356701691,15.654751777648926
2076,3,1,8.65,8.651046469021821,completed,8.683750477997819,33.75047799781861,15.714912414550781
2077,0,1,8.654166666666667,8.65575832000468,completed,8.688430589012569,34.26392234590203,31.58847999572754
2078,1,1,8.658333333333333,8.660435395024251,completed,8.693074581009569,34.74124767623543,20.652063369750977
2079,2,1,8.6625,8.665063718013698,completed,8.702375200024107,39.875200024107826,20.67897605895996
2080,3,0,8.666666666666666,8.669727107015206,completed,8.70333795901388,36.671292347213225,20.71824073791504
2081,0,0,8.670833333333333,8.674385796999559,completed,8.708489115000702,37.655781667369936,20.775583267211914
2082,1,0,8.675,8.679079975001514,completed,8.717305854021106,42.305854021105205,20.788543701171875
2083,2,0,8.679166666666667,8.683742433000589,dropped_dispatch_late,,,
2084,3,1,8.683333333333334,8.683758173021488,completed,8.722017606021836,38.68427268850283,15.726880073547363
2085,0,1,8.6875,8.688425169006223,completed,8.726701053004945,39.2010530049447,15.895296096801758
2086,1,1,8.691666666666666,8.693067808024352,completed,8.73136510301265,39.69843634598291,15.728192329406738
2087,2,1,8.695833333333333,8.697717632021522,completed,8.738113123021321,42.27978968798851,36.41971206665039
2088,3,0,8.7,8.70236792601645,dropped_queue_full,,,
2089,0,0,8.704166666666666,8.704287672997452,dropped_queue_full,,,
2090,1,0,8.708333333333334,8.70848434601794,dropped_queue_full,,,
2091,2,0,8.7125,8.712590366019867,completed,8.743072875018697,30.572875018696877,6.026336193084717
2092,3,1,8.716666666666667,8.717299212003127,completed,8.743082373024663,26.41570635799617,22.01759910583496
2093,0,1,8.720833333333333,8.722002537018852,completed,8.747823600017,26.990266683666775,21.509567260742188
2094,1,1,8.725,8.726696074008942,completed,8.757329549000133,32.329549000133184,26.474559783935547
2095,2,1,8.729166666666666,8.73135857100715,dropped_queue_full,,,
2096,3,0,8.733333333333333,8.733435055997688,completed,8.762109580013203,28.77624667987,20.482208251953125
2097,0,0,8.7375,8.738106060016435,completed,8.771391834015958,33.8918340159573,20.471647262573242
2098,1,0,8.741666666666667,8.74306584201986,completed,8.776044954021927,34.37828735525983,15.76425552368164
2099,2,0,8.745833333333334,8.747818250005366,completed,8.780687532998854,34.854199665520724,29.170303344726562
2100,3,1,8.75,8.75251322000986,completed,8.780696791014634,30.696791014634073,15.723103523254395
2101,0,1,8.754166666666666,8.757323147001443,completed,8.790076190023683,35.90952335701658,20.781248092651367
2102,1,1,8.758333333333333,8.76210187500692,completed,8.794751681998605,36.41834866527205,20.572416305541992
2103,2,1,8.7625,8.766744966007536,dropped_dispatch_late,,,
2104,3,0,8.766666666666666,8.766752891009673,completed,8.799414670007536,32.74800334087047,20.462976455688477
2105,0,0,8.770833333333334,8.77138631400885,completed,8.804062278999481,33.228945666147425,15.625439643859863
2106,1,0,8.775,8.77603843100951,completed,8.808880994009087,33.88099400908651,15.898015975952148
2107,2,0,8.779166666666667,8.780680399999255,completed,8.814070703025209,34.904036358542,33.05625534057617
2108,3,1,8.783333333333333,8.785372544021811,completed,8.819119274005061,35.7859406717278,20.707103729248047
2109,0,1,8.7875,8.790070899005514,completed,8.82557668100344,38.07668100344053,20.947328567504883
2110,1,1,8.791666666666666,8.794745440012775,completed,8.83035001900862,38.683352341953636,20.676223754882812
2111,2,1,8.795833333333333,8.799406825011829,completed,8.835022486018715,39.18915268538292,20.71196746826172
2112,3,0,8.8,8.80405669900938,completed,8.84460352701717,44.60352701716985,20.70457649230957
2113,0,0,8.804166666666667,8.80870246500126,dropped_dispatch_late,,,
2114,1,0,8.808333333333334,8.808710509998491,dropped_queue_full,,,
2115,2,0,8.8125,8.812640977004776,dropped_queue_full,,,
2116,3,1,8.816666666666666,8.81674447201658,dropped_queue_full,,,
2117,0,1,8.820833333333333,8.82085900902166,completed,8.84925783899962,28.424505666286848,20.583839416503906
2118,1,1,8.825,8.82557125101448,completed,8.853926798998145,28.926798998146097,20.825952529907227
2119,2,1,8.829166666666666,8.830343597015599,completed,8.858593014010694,29.42634734402816,20.8035831451416
2120,3,0,8.833333333333334,8.83501520199934,completed,8.863286339998012,29.953006664678483,20.652576446533203
2121,0,0,8.8375,8.839690654014703,completed,8.867946762999054,30.44676299905369,20.647167205810547
2122,1,0,8.841666666666667,8.844595702015795,completed,8.867956171015976,26.28950434930921,15.773088455200195
2123,2,0,8.845833333333333,8.849252319021616,completed,8.872599933005404,26.766599672070512,15.80297565460205
2124,3,1,8.85,8.853920637018746,completed,8.881894290010678,31.894290010678006,20.784000396728516
2125,0,1,8.854166666666666,8.858586191025097,dropped_dispatch_late,,,
2126,1,1,8.858333333333333,8.858601259009447,completed,8.891221980011323,32.88864667799096,20.798688888549805
2127,2,1,8.8625,8.863278916018317,completed,8.895896330010146,33.39633001014519,20.525920867919922
2128,3,0,8.866666666666667,8.867941333010094,completed,8.900591559999157,33.9248933324896,15.85267162322998
2129,0,0,8.870833333333334,8.872593451000284,completed,8.9052605300094,34.42719667606653,29.93440055847168
2130,1,0,8.875,8.877248114004033,completed,8.910087700001895,35.08770000189543,20.668672561645508
2131,2,0,8.879166666666666,8.881886435003253,completed,8.910097599000437,30.930932333770755,16.044544219970703
2132,3,1,8.883333333333333,8.886548823007615,completed,8.919562139024492,36.228805691159494,20.58438491821289
2133,0,1,8.8875,8.891215698007727,completed,8.924234616017202,36.734616017202626,20.59974479675293
2134,1,1,8.891666666666666,8.895889086998068,dropped_dispatch_late,,,
2135,2,1,8.895833333333334,8.89590467599919,completed,8.933711139019579,37.87780568624477,20.537343978881836
2136,3,0,8.9,8.900583734997781,completed,8.93418076101807,34.180761018069106,15.737055778503418
2137,0,0,8.904166666666667,8.905255060002673,completed,8.939384176017484,35.21750935081691,15.79967975616455
2138,1,0,8.908333333333333,8.910081068024738,completed,8.94469873199705,36.36539866371713,34.27939224243164
2139,2,0,8.9125,8.914893820998259,completed,8.950672752020182,38.17275202018244,20.69353675842285
2140,3,1,8.916666666666666,8.919554495019838,completed,8.955343545007054,38.67687834038769,20.675039291381836
2141,0,1,8.920833333333333,8.924229105003178,completed,8.964795050007524,43.961716674191464,20.72368049621582
2142,1,1,8.925,8.92892878400744,completed,8.969503034022637,44.503034022636,20.650272369384766
2143,2,1,8.929166666666667,8.933704025024781,dropped_dispatch_late,,,
2144,3,0,8.933333333333334,8.93372006600839,dropped_queue_full,,,
2145,0,0,8.9375,8.937642297009006,dropped_queue_full,,,
2146,1,0,8.941666666666666,8.941695247020107,dropped_queue_full,,,
2147,2,0,8.945833333333333,8.945956792013021,completed,8.974309545010328,28.476211676995433,20.612287521362305
2148,3,1,8.95,8.950665518001188,completed,8.979063887003576,29.063887003577094,20.610815048217773
2149,0,1,8.954166666666666,8.955335880018538,completed,8.98369220001041,29.52553334374386,20.633472442626953
2150,1,1,8.958333333333334,8.9600222230074,completed,8.988377671019407,30.044337686073064,20.699392318725586
2151,2,1,8.9625,8.964789429999655,completed,8.99303598102415,30.53598102414945,20.683135986328125
2152,3,0,8.966666666666667,8.969496552017517,completed,8.99304532801034,26.378661343672505,16.016416549682617
2153,0,0,8.970833333333333,8.974302351998631,completed,8.997702526015928,26.8691926825948,15.745599746704102
2154,1,0,8.975,8.979056183015928,completed,9.007102453004336,32.10245300433634,20.661312103271484
2155,2,0,8.979166666666666,8.983686880004825,dropped_dispatch_late,,,
2156,3,1,8.983333333333333,8.983702138997614,completed,9.016620074020466,33.28674068713333,20.475168228149414
2157,0,1,8.9875,8.9883709679998,completed,9.021377391996793,33.87739199679274,20.468032836914062
2158,1,1,8.991666666666667,8.99302839601296,completed,9.026038217009045,34.37155034237804,15.77660846710205
2159,2,1,8.995833333333334,8.997697156009963,completed,9.030694542016136,34.86120868280196,30.091136932373047
2160,3,0,9.0,9.002385452011367,completed,9.035374733008211,35.37473300821148,20.5250244140625
2161,0,0,9.004166666666666,9.007095781009411,completed,9.035363262024475,31.19659535780883,15.922207832336426
2162,1,0,9.008333333333333,9.011938720999751,completed,9.045806631009327,37.47329767599439,20.41980743408203
2163,2,0,9.0125,9.016612470004475,completed,9.05047228501644,37.972285016440566,20.452640533447266
2164,3,1,9.016666666666666,9.021371962007834,dropped_dispatch_late,,,
2165,0,1,9.020833333333334,9.02138715100591,completed,9.055114283022704,34.28094968936968,20.450592041015625
2166,1,1,9.025,9.026031684014015,completed,9.059874176018639,34.87417601863818,15.64572811126709
2167,2,1,9.029166666666667,9.030687559017679,completed,9.06453797602444,35.37130935777277,15.763551712036133
2168,3,0,9.033333333333333,9.035357911023311,completed,9.069529950007563,36.19661667423024,29.37343978881836
2169,0,0,9.0375,9.040087587025482,completed,9.075016482005594,37.51648200559465,20.59382438659668
2170,1,0,9.041666666666666,9.045800049003446,completed,9.08398291602498,42.31624935831313,20.64182472229004
2171,2,0,9.045833333333333,9.050465121021261,dropped_dispatch_late,,,
2172,3,1,9.05,9.050480661011534,completed,9.088654451014008,38.65445101400766,15.538080215454102
2173,0,1,9.054166666666667,9.055108863016358,completed,9.093325996014755,39.15932934808808,15.627391815185547
2174,1,1,9.058333333333334,9.059867564006709,completed,9.097970199014526,39.63686568119229,15.525888442993164
2175,2,1,9.0625,9.06453039200278,completed,9.10469118700712,42.19118700711988,36.115936279296875
2176,3,0,9.066666666666666,9.069195254007354,dropped_queue_full,,,
2177,0,0,9.070833333333333,9.070956850016955,dropped_queue_full,,,
2178,1,0,9.075,9.075010471016867,dropped_queue_full,,,
2179,2,0,9.079166666666666,9.07927142601693,completed,9.109370256017428,30.203589350762172,6.0306878089904785
2180,3,1,9.083333333333334,9.083976615016581,completed,9.109379273024388,26.045939691053732,22.017759323120117
2181,0,1,9.0875,9.088646616000915,completed,9.114048974006437,26.54897400643641,21.310848236083984
2182,1,1,9.091666666666667,9.093320325016975,completed,9.12362195001333,31.95528334666342,26.35785675048828
2183,2,1,9.095833333333333,9.097963767009787,dropped_queue_full,,,
2184,3,0,9.1,9.10000993401627,completed,9.128268989006756,28.26898900675623,20.335647583007812
2185,0,0,9.104166666666666,9.104684143007034,completed,9.132957424997585,28.79075833091882,20.292543411254883
2186,1,0,9.108333333333333,9.109362912015058,completed,9.142301657004282,33.968323670949374,15.521856307983398
2187,2,0,9.1125,9.11404350399971,completed,9.14723094101646,34.73094101645913,28.56902313232422
2188,3,1,9.116666666666667,9.11884696900961,completed,9.151926421996905,35.2597553302374,20.16217613220215
2189,0,1,9.120833333333334,9.123615488002542,completed,9.15191068200511,31.077348671775695,15.652416229248047
2190,1,1,9.125,9.128261384001235,completed,9.161267678020522,36.267678020522,20.53264045715332
2191,2,1,9.129166666666666,9.132952045009006,completed,9.165912712021964,36.74604535529724,20.68979263305664
2192,3,0,9.133333333333333,9.137609633005923,dropped_dispatch_late,,,
2193,0,0,9.1375,9.13761784901726,completed,9.170565040025394,33.06504002539512,20.60633659362793
2194,1,0,9.141666666666666,9.142295255005592,completed,9.175231415021699,33.5647483550332,15.763615608215332
2195,2,0,9.145833333333334,9.147223998006666,completed,9.179904863005504,34.07152967217009,15.83078384399414
2196,3,1,9.15,9.15190530201653,completed,9.184799211012432,34.799211012431996,32.6993293762207
2197,0,1,9.154166666666667,9.156589179998264,completed,9.192344305018196,38.1776383515291,20.839744567871094
2198,1,1,9.158333333333333,9.161261386005208,completed,9.195489350007847,37.15601667451374,20.924768447875977
2199,2,1,9.1625,9.16590573900612,completed,9.204684849013574,42.18484901357478,20.897375106811523
2200,3,0,9.166666666666666,9.170559710008092,completed,9.209364189009648,42.69752234298174,20.828384399414062
2201,0,0,9.170833333333333,9.175224883016199,dropped_dispatch_late,,,
2202,1,0,9.175,9.175240252021467,completed,9.214026055007707,39.02605500770662,15.813664436340332
2203,2,0,9.179166666666667,9.179897760011954,completed,9.218720403005136,39.55373633846904,15.603232383728027
2204,3,1,9.183333333333334,9.18462260600063,dropped_queue_full,,,
2205,0,1,9.1875,9.187641291006003,completed,9.223529809998581,36.029809998581186,31.3143367767334
2206,1,1,9.191666666666666,9.19233888501185,dropped_queue_full,,,
2207,2,1,9.195833333333333,9.1959667870251,dropped_queue_full,,,
2208,3,0,9.2,9.200009687017882,completed,9.228298218018608,28.29821801860888,20.723936080932617
2209,0,0,9.204166666666666,9.204677866015118,completed,9.233028364018537,28.861697351871385,10.815391540527344
2210,1,0,9.208333333333334,9.209356414008653,completed,9.237676024000393,29.3426906670593,26.048479080200195
2211,2,0,9.2125,9.214019332022872,completed,9.247298344009323,34.79834400932269,26.331680297851562
2212,3,1,9.216666666666667,9.218713299022056,completed,9.25197774299886,35.31107633219399,21.270463943481445
2213,0,1,9.220833333333333,9.223524269007612,completed,9.251966372015886,31.133038682552794,15.948896408081055
2214,1,1,9.225,9.228290283004753,completed,9.261391206004191,36.391206004191545,20.834976196289062
2215,2,1,9.229166666666666,9.233022644009907,completed,9.266043103998527,36.876437331860856,20.816511154174805
2216,3,0,9.233333333333333,9.237669460999314,dropped_dispatch_late,,,
2217,0,0,9.2375,9.237685141008114,completed,9.270724317000713,33.22431700071249,20.670047760009766
2218,1,0,9.241666666666667,9.242351626016898,completed,9.275444404018344,33.77773735167722,15.782815933227539
2219,2,0,9.245833333333334,9.24729153100634,completed,9.28017340801307,34.34007467973643,15.756511688232422
2220,3,1,9.25,9.25196084100753,completed,9.28487744400627,34.8774440062698,32.62393569946289
2221,0,1,9.254166666666666,9.256683112005703,completed,9.294233328022528,40.06666135586201,20.64499282836914
2222,1,1,9.258333333333333,9.261384594021365,completed,9.29533825701219,37.00492367885744,20.714752197265625
2223,2,1,9.2625,9.266036081011407,completed,9.300543766003102,38.043766003102775,20.735488891601562
2224,3,0,9.266666666666666,9.270718907006085,completed,9.3089733600209,42.306693354234426,20.82655906677246
2225,0,0,9.270833333333334,9.275437982025323,dropped_dispatch_late,,,
2226,1,0,9.275,9.275453411013586,completed,9.31368487101281,38.68487101281026,15.91868782043457
2227,2,0,9.279166666666667,9.280165022006258,completed,9.318365603015991,39.19893634932414,15.678720474243164
2228,3,1,9.283333333333333,9.284869650000473,completed,9.323101180023514,39.76784669018052,15.711039543151855
2229,0,1,9.2875,9.289568206004333,completed,9.329895968025085,42.39596802508494,36.30767822265625
2230,1,1,9.291666666666666,9.294227908016182,dropped_queue_full,,,
2231,2,1,9.295833333333333,9.295972883002833,dropped_queue_full,,,
2232,3,0,9.3,9.300060228008078,dropped_queue_full,,,
2233,0,0,9.304166666666667,9.30427392301499,completed,9.334571631014114,30.404964347447105,6.047552108764648
2234,1,0,9.308333333333334,9.30896499400842,completed,9.334581289003836,26.24795567050242,21.695199966430664
2235,2,0,9.3125,9.313678389007691,completed,9.339243706024718,26.74370602471754,21.901472091674805
2236,3,1,9.316666666666666,9.318358470016392,completed,9.348871837020852,32.20517035418524,26.731584548950195
2237,0,1,9.320833333333333,9.323093465005513,dropped_queue_full,,,
2238,1,1,9.325,9.325010326021584,completed,9.358314516022801,33.31451602280211,20.780479431152344
2239,2,1,9.329166666666666,9.32989056801307,completed,9.363046325015603,33.879658348936914,20.51513671875
2240,3,0,9.333333333333334,9.334566220000852,completed,9.367755701998249,34.42236866491477,15.701312065124512
2241,0,0,9.3375,9.339237254025647,completed,9.372411696997005,34.91169699700514,29.950464248657227
2242,1,0,9.341666666666667,9.34394324402092,completed,9.3770948840247,35.428217358033365,20.59187126159668
2243,2,0,9.345833333333333,9.348864302999573,completed,9.377104542014422,31.27120868108868,15.97590446472168
2244,3,1,9.35,9.353566575999139,completed,9.386463982023997,36.46398202399759,20.636768341064453
2245,0,1,9.354166666666666,9.358308032999048,completed,9.391160896018846,36.994229352179886,20.660192489624023
2246,1,1,9.358333333333333,9.363038891024189,dropped_dispatch_late,,,
2247,2,1,9.3625,9.363054661022034,completed,9.395862967998255,33.362967998254334,20.54425621032715
2248,3,0,9.366666666666667,9.367748126998777,completed,9.400809686019784,34.1430193531167,15.636639595031738
2249,0,0,9.370833333333334,9.372406337002758,completed,9.406016187014757,35.182853681423154,15.662303924560547
2250,1,0,9.375,9.377088471024763,completed,9.413167021004483,38.167021004483104,33.80992126464844
2251,2,0,9.379166666666666,9.381772640015697,completed,9.416648856014945,37.48218934827818,20.52876853942871
2252,3,1,9.383333333333333,9.3864564980031,completed,9.426156829023967,42.823495690633706,20.55743980407715
2253,0,1,9.3875,9.391155555000296,completed,9.43104720901465,43.547209014651145,20.52614402770996
2254,1,1,9.391666666666666,9.395855945011135,dropped_dispatch_late,,,
2255,2,1,9.395833333333334,9.395871254004305,completed,9.435756154998671,39.92282166533734,15.742976188659668
2256,3,0,9.4,9.400633731012931,dropped_queue_full,,,
2257,0,0,9.404166666666667,9.404271663021063,dropped_queue_full,,,
2258,1,0,9.408333333333333,9.40841395201278,completed,9.440456935000839,32.1236016675055,26.13088035583496
2259,2,0,9.4125,9.413160588999745,dropped_queue_full,,,
2260,3,1,9.416666666666666,9.416810663009528,completed,9.445187322009588,28.520655342921586,20.96531105041504
2261,0,1,9.420833333333333,9.421480495017022,completed,9.450127687014174,29.294353680841212,20.996992111206055
2262,1,1,9.425,9.426148924016161,completed,9.454878873017151,29.878873017150198,15.947967529296875
2263,2,1,9.429166666666667,9.431041759002255,completed,9.459543545002816,30.376878336149105,25.882144927978516
2264,3,0,9.433333333333334,9.435748960997444,completed,9.459552843007259,26.2195096739255,16.205663681030273
2265,0,0,9.4375,9.440449872025056,completed,9.464232773025287,26.732773025287315,16.013952255249023
2266,1,0,9.441666666666666,9.445179327012738,completed,9.478261484007817,36.59481734115033,20.703744888305664
2267,2,0,9.445833333333333,9.450122197013116,dropped_dispatch_late,,,
2268,3,1,9.45,9.450138408021303,completed,9.4829539990169,32.953999016900326,20.616575241088867
2269,0,1,9.454166666666666,9.454871980007738,completed,9.487661792023573,33.49512535690735,20.79974365234375
2270,1,1,9.458333333333334,9.459536271024263,completed,9.492382270022063,34.04893668872866,15.904800415039062
2271,2,1,9.4625,9.464227183023468,completed,9.497108659008518,34.608659008517506,30.8887996673584
2272,3,0,9.466666666666667,9.468903166009113,completed,9.501825049024774,35.15838235810698,20.808128356933594
2273,0,0,9.470833333333333,9.473591001005843,completed,9.501814068004023,30.98073467069007,16.03436851501465
2274,1,0,9.475,9.478254902001936,completed,9.511231980024604,36.23198002460448,20.740575790405273
2275,2,0,9.479166666666666,9.482946775009623,completed,9.516256814997178,37.0901483305115,20.70204734802246
2276,3,1,9.483333333333333,9.487656322016846,dropped_dispatch_late,,,
2277,0,1,9.4875,9.487671451002825,completed,9.52174004202243,34.240042022428696,20.568063735961914
2278,1,1,9.491666666666667,9.492375557019841,completed,9.527070469019236,35.4038023525689,15.67728042602539
2279,2,1,9.495833333333334,9.497101635002764,completed,9.534184584015748,38.35125068241396,15.803104400634766
2280,3,0,9.5,9.501808808010537,completed,9.537491165014217,37.491165014216676,35.35366439819336
2281,0,0,9.504166666666666,9.506528434023494,completed,9.54707804802456,42.911381357892964,20.71843147277832
2282,1,0,9.508333333333333,9.51122555701295,completed,9.552001030009706,43.667696676372714,20.691936492919922
2283,2,0,9.5125,9.515922190010315,dropped_queue_full,,,
2284,3,1,9.516666666666666,9.516736165998736,completed,9.556643329007784,39.976662341118185,15.696000099182129
2285,0,1,9.520833333333334,9.521406479005236,dropped_queue_full,,,
2286,1,1,9.525,9.525010325014591,dropped_queue_full,,,
2287,2,1,9.529166666666667,9.52927225100575,completed,9.561288875003811,32.12220833714419,26.102720260620117
2288,3,0,9.533333333333333,9.53417747002095,dropped_queue_full,,,
2289,0,0,9.5375,9.537652011000318,completed,9.565937636012677,28.43763601267746,20.76620864868164
2290,1,0,9.541666666666666,9.542380003025755,completed,9.570583902997896,28.91723633123,20.60710334777832
2291,2,0,9.545833333333333,9.547072587010916,completed,9.575264325016178,29.430991682845686,15.708479881286621
2292,3,1,9.55,9.551994498004206,completed,9.579951329011237,29.95132901123654,25.902687072753906
2293,0,1,9.554166666666667,9.55663573500351,completed,9.58465167801478,30.485011348112323,20.897184371948242
2294,1,1,9.558333333333334,9.561281771020731,completed,9.589298956998391,30.965623665057507,16.07244873046875
2295,2,1,9.5625,9.565932206023717,completed,9.598605687002419,36.10568700241856,20.5097599029541
2296,3,0,9.566666666666666,9.570577190024778,completed,9.60327099999995,36.60433333328328,20.522720336914062
2297,0,0,9.570833333333333,9.575251009024214,dropped_dispatch_late,,,
2298,1,0,9.575,9.575272700021742,completed,9.607918329013046,32.91832901304659,20.380767822265625
2299,2,0,9.579166666666666,9.579943584016291,completed,9.612610122014303,33.44345534763704,15.684896469116211
2300,3,1,9.583333333333334,9.584646538016386,completed,9.617311624024296,33.978290690962254,15.696576118469238
2301,0,1,9.5875,9.589293326018378,completed,9.621977768023498,34.477768023498,31.368928909301758
2302,1,1,9.591666666666667,9.593949922011234,completed,9.626694528997177,35.02786233051047,20.610559463500977
2303,2,1,9.595833333333333,9.598598203010624,completed,9.626703686022665,30.870352689332137,15.830143928527832
2304,3,0,9.6,9.603263365017483,completed,9.636608822998824,36.60882299882395,20.721920013427734
2305,0,0,9.604166666666666,9.607911766011966,completed,9.641753086005338,37.58641933867146,20.690431594848633
2306,1,0,9.608333333333333,9.612603018002119,dropped_dispatch_late,,,
2307,2,0,9.6125,9.612618678016588,completed,9.647552584006917,35.05258400691602,20.60028839111328
2308,3,1,9.616666666666667,9.617304089013487,completed,9.654775385017274,38.10871835060681,15.656512260437012
2309,0,1,9.620833333333334,9.621972398017533,completed,9.659491705009714,38.6583716763802,15.75551986694336
2310,1,1,9.625,9.626687636016868,completed,9.667336167010944,42.33616701094434,35.83763122558594
2311,2,1,9.629166666666666,9.631399026024155,completed,9.671988856018288,42.82218935162163,20.58255958557129
2312,3,0,9.633333333333333,9.636273787007667,dropped_queue_full,,,
2313,0,0,9.6375,9.637560201023007,dropped_queue_full,,,
2314,1,0,9.641666666666666,9.641746894019889,completed,9.67670233102399,35.035664357323526,10.87059211730957
2315,2,0,9.645833333333334,9.646474145003594,dropped_queue_full,,,
2316,3,1,9.65,9.650060718005989,completed,9.676712600019528,26.712600019527244,21.578079223632812
2317,0,1,9.654166666666667,9.654767831001664,completed,9.68614282499766,31.976158330992988,26.027231216430664
2318,1,1,9.658333333333333,9.659486285003368,dropped_queue_full,,,
2319,2,1,9.6625,9.662641397997504,completed,9.690813688008348,28.31368800834788,20.79395294189453
2320,3,0,9.666666666666666,9.667329535004683,completed,9.695566598005826,28.89993133915958,20.462207794189453
2321,0,0,9.670833333333333,9.671981632011011,completed,9.700235818017973,29.40248468464013,15.646240234375
2322,1,0,9.675,9.676695747999474,completed,9.70494634701754,29.946347017538955,27.904287338256836
2323,2,0,9.679166666666667,9.681376039021416,completed,9.714301429019542,35.13476235287527,20.801023483276367
2324,3,1,9.683333333333334,9.68613720400026,completed,9.714311026997166,30.977693663832184,15.695648193359375
2325,0,1,9.6875,9.690806375001557,completed,9.723743196023861,36.243196023860946,20.605152130126953
2326,1,1,9.691666666666666,9.69555885301088,completed,9.728467210021336,36.8005433546692,20.669727325439453
2327,2,1,9.695833333333333,9.700230298010865,dropped_dispatch_late,,,
2328,3,0,9.7,9.700245576997986,completed,9.733221933012828,33.22193301282894,20.58847999572754
2329,0,0,9.704166666666666,9.704939284012653,completed,9.738094931002706,33.92826433604057,15.683967590332031
2330,1,0,9.708333333333334,9.70959867502097,completed,9.74280371601344,34.47038268010694,15.758463859558105
2331,2,0,9.7125,9.714293604018167,completed,9.747501340025337,35.00134002533706,32.176063537597656
2332,3,1,9.716666666666667,9.718983894999838,completed,9.752521317015635,35.854650348968065,20.533151626586914
2333,0,1,9.720833333333333,9.723737766005797,completed,9.752509274025215,31.67594069188162,15.994912147521973
2334,1,1,9.725,9.728460728016216,completed,9.762410143011948,37.41014301194845,20.75606346130371
2335,2,1,9.729166666666666,9.733214509004029,completed,9.771462771022925,42.29610435625908,20.710079193115234
2336,3,0,9.733333333333333,9.7380894300004,dropped_dispatch_late,,,
2337,0,0,9.7375,9.7381051700213,completed,9.773174844012829,35.67484401282783,20.64896011352539
2338,1,0,9.741666666666667,9.742797144019278,completed,9.779807714017807,38.141047351139434,15.67039966583252
2339,2,0,9.745833333333334,9.747494256997015,completed,9.784475181018934,38.641847685600084,15.775487899780273
2340,3,1,9.75,9.752503834024537,completed,9.792347075999714,42.347075999714434,35.7158088684082
2341,0,1,9.754166666666666,9.757195597019745,completed,9.797038649005117,42.871982338450465,20.59404754638672
2342,1,1,9.758333333333333,9.761918189004064,dropped_queue_full,,,
2343,2,1,9.7625,9.762573412997881,dropped_queue_full,,,
2344,3,0,9.766666666666666,9.766743846004829,completed,9.801760619011475,35.093952344809054,10.835200309753418
2345,0,0,9.770833333333334,9.771455377020175,dropped_queue_full,,,
2346,1,0,9.775,9.775072228017962,completed,9.801749919017311,26.74991901731083,21.39779281616211
2347,2,0,9.779166666666667,9.779801441996824,completed,9.811150548019214,31.983881352546817,25.950271606445312
2348,3,1,9.783333333333333,9.78446831801557,dropped_queue_full,,,
2349,0,1,9.7875,9.787642037001206,completed,9.815847781021148,28.34778102114832,20.788000106811523
2350,1,1,9.791666666666666,9.792339221021393,completed,9.820526329014683,28.859662348017068,20.64841651916504
2351,2,1,9.795833333333333,9.797033267997904,completed,9.829923872021027,34.090538687694405,15.766016006469727
2352,3,0,9.8,9.801743396004895,completed,9.834736425022129,34.73642502212826,28.787456512451172
2353,0,0,9.804166666666667,9.806488371017622,completed,9.839624000014737,35.45733334807011,20.925695419311523
2354,1,0,9.808333333333334,9.811143454018747,completed,9.839633398019942,31.300064686607953,15.928128242492676
2355,2,0,9.8125,9.815842481009895,completed,9.84905953501584,36.55953501584008,20.88387107849121
2356,3,1,9.816666666666666,9.820519817003515,completed,9.854024377011228,37.35771034456192,20.80780792236328
2357,0,1,9.820833333333333,9.825196792022325,dropped_dispatch_late,,,
2358,1,1,9.825,9.82520508801099,completed,9.858716751012253,33.716751012253354,20.708608627319336
2359,2,1,9.829166666666666,9.829916718008462,completed,9.863394297019113,34.227630352447136,15.68284797668457
2360,3,0,9.833333333333334,9.83472881000489,completed,9.868093084020074,34.75975068674053,15.745375633239746
2361,0,0,9.8375,9.839618509024149,completed,9.872761462000199,35.26146200019831,32.82777786254883
2362,1,0,9.841666666666667,9.844384033000097,completed,9.878081508999458,36.4148423327908,20.556032180786133
2363,2,0,9.845833333333333,9.849052471021423,completed,9.883123888022965,37.290554689631605,20.627519607543945
2364,3,1,9.85,9.854015690012602,completed,9.892366607004078,42.36660700407846,20.58403205871582
2365,0,1,9.854166666666666,9.858710429019993,dropped_dispatch_late,,,
2366,1,1,9.858333333333333,9.85872626901255,completed,9.897126259020297,38.79292568696435,15.685471534729004
2367,2,1,9.8625,9.863386893004645,completed,9.901785410009325,39.28541000932384,15.62992000579834
2368,3,0,9.866666666666667,9.868085469002835,completed,9.906474118004553,39.80745133788588,15.737600326538086
2369,0,0,9.870833333333334,9.872755782009335,completed,9.913088994013378,42.25566068004483,36.24931335449219
2370,1,0,9.875,9.877430923021166,dropped_queue_full,,,
2371,2,0,9.879166666666666,9.879168273997493,dropped_queue_full,,,
2372,3,1,9.883333333333333,9.883443115017144,dropped_queue_full,,,
2373,0,1,9.8875,9.88764096001978,completed,9.91773073200602,30.230732006021555,5.992767810821533
2374,1,1,9.891666666666666,9.892358692013659,completed,9.917740261007566,26.073594340900286,21.59119987487793
2375,2,1,9.895833333333334,9.897119637025753,completed,9.922386898018885,26.55356468555148,21.733535766601562
2376,3,0,9.9,9.901778147002915,completed,9.931786515022395,31.786515022394823,26.299583435058594
2377,0,0,9.904166666666667,9.906466433021706,dropped_queue_full,,,
2378,1,0,9.908333333333333,9.90838152100332,completed,9.936541769013274,28.208435679941246,20.51535987854004
2379,2,0,9.9125,9.913083434017608,completed,9.941295349010034,28.79534901003389,20.33830451965332
2380,3,1,9.916666666666666,9.917725292005343,completed,9.950721216009697,34.05454934303087,15.813376426696777
2381,0,1,9.920833333333333,9.922380194999278,completed,9.955696277000243,34.86294366691034,29.00281524658203
2382,1,1,9.925,9.9271358900005,completed,9.960386898019351,35.386898019350355,20.583616256713867
2383,2,1,9.929166666666667,9.931778860016493,completed,9.960396606998984,31.22994033231663,15.985024452209473
2384,3,0,9.933333333333334,9.936535206012195,completed,9.970053673023358,36.72033969002442,20.40323257446289
2385,0,0,9.9375,9.941288075002376,completed,9.974721510021482,37.22151002148166,20.53766441345215
2386,1,0,9.941666666666666,9.946031296014553,dropped_dispatch_late,,,
2387,2,0,9.945833333333333,9.946039522008505,completed,9.979484158015111,33.6508246817786,20.510112762451172
2388,3,1,9.95,9.950713171012467,completed,9.984170080017066,34.17008001706634,15.7359037399292
2389,0,1,9.954166666666666,9.955690897011664,completed,9.988865440012887,34.6987733462214,15.838208198547363
2390,1,1,9.958333333333334,9.960380425996846,completed,9.993568555015372,35.23522168203819,32.64857482910156
2391,2,1,9.9625,9.965297086018836,completed,9.998742654017406,36.24265401740523,20.567359924316406
2392,3,0,9.966666666666667,9.970045927999308,completed,10.003964283998357,37.29761733169035,20.745695114135742
2393,0,0,9.970833333333333,9.974716160009848,completed,10.013192484999308,42.35915166597515,20.65465545654297
2394,1,0,9.975,9.979477184999269,dropped_dispatch_late,,,
2395,2,0,9.979166666666666,9.979493025020929,completed,10.017886472021928,38.71980535526198,15.799327850341797
2396,3,1,9.983333333333333,9.98416274599731,completed,10.02255726599833,39.22393266499746,15.617919921875
2397,0,1,9.9875,9.988860090001253,completed,10.027445202023955,39.94520202395435,15.714112281799316
2398,1,1,9.991666666666667,9.993562012008624,completed,10.033868844999233,42.20217833256612,36.19353485107422
2399,2,1,9.995833333333334,9.998249487020075,dropped_queue_full,,,
2400,3,0,10.0,10.000009932002285,dropped_queue_full,,,
2401,0,0,10.004166666666666,10.004283851012588,dropped_queue_full,,,
2402,1,0,10.008333333333333,10.008485002006637,completed,10.03854932700051,30.215993667177088,6.010752201080322
2403,2,0,10.0125,10.013187094999012,completed,10.038558875006856,26.058875006857107,21.666784286499023
2404,3,1,10.016666666666666,10.017879318998894,completed,10.043267500004731,26.6008333380654,21.853759765625
2405,0,1,10.020833333333334,10.022549411020009,completed,10.05265156700625,31.818233672916918,26.408639907836914
2406,1,1,10.025,10.027439811005024,dropped_queue_full,,,
2407,2,1,10.029166666666667,10.029168656008551,completed,10.058190009003738,29.023342337071156,20.495071411132812
2408,3,0,10.033333333333333,10.03386222201516,completed,10.062843368999893,29.51003566655963,20.271488189697266
2409,0,0,10.0375,10.038543015019968,completed,10.067751283000689,30.251283000689355,15.726079940795898
2410,1,0,10.041666666666666,10.0432547860255,completed,10.072403972008033,30.73730534136665,28.948768615722656
2411,2,0,10.045833333333333,10.047972568019759,completed,10.07717067701742,31.337343684088026,15.917535781860352
2412,3,1,10.05,10.052646217023721,completed,10.086497656011488,36.49765601148758,20.774368286132812
2413,0,1,10.054166666666667,10.058183045999613,completed,10.091194449021714,37.02778235504667,20.688512802124023
2414,1,1,10.058333333333334,10.062835393997375,dropped_dispatch_late,,,
2415,2,1,10.0625,10.0628515650169,completed,10.095843902003253,33.34390200325288,20.519807815551758
2416,3,0,10.066666666666666,10.067745812004432,completed,10.100582003011368,33.915336344701785,15.71446418762207
2417,0,0,10.070833333333333,10.072397309006192,completed,10.105238940013805,34.405606680472545,15.806719779968262
2418,1,0,10.075,10.077164055022877,completed,10.110017658007564,35.017658007564734,31.735551834106445
2419,2,0,10.079166666666666,10.081813868018799,completed,10.110032366006635,30.86569933996941,15.92569637298584
2420,3,1,10.083333333333334,10.086490092013264,completed,10.119771147001302,36.437813667967944,20.779104232788086
2421,0,1,10.0875,10.091188978025457,completed,10.124907545017777,37.407545017776656,20.717727661132812
2422,1,1,10.091666666666667,10.095836788008455,dropped_dispatch_late,,,
2423,2,1,10.095833333333333,10.095852157013724,completed,10.130492255004356,34.65892167102247,20.578880310058594
2424,3,0,10.1,10.100574258016422,completed,10.138159570022253,38.159570022253675,15.619392395019531
2425,0,0,10.104166666666666,10.105233549023978,completed,10.142814644001191,38.64797733452541,15.725088119506836
2426,1,0,10.108333333333333,10.110002429020824,completed,10.145806257001823,37.47292366849031,35.566688537597656
2427,2,0,10.1125,10.114756481023505,completed,10.155381707998458,42.881707998457586,20.516128540039062
2428,3,1,10.116666666666667,10.119435349013656,dropped_queue_full,,,
2429,0,1,10.120833333333334,10.120880214002682,dropped_queue_full,,,
2430,1,1,10.125,10.12506935201236,completed,10.160282799013657,35.282799013657495,10.883232116699219
2431,2,1,10.129166666666666,10.129720007011201,dropped_queue_full,,,
2432,3,0,10.133333333333333,10.133483347017318,completed,10.160293389024446,26.960055691112927,21.584287643432617
2433,0,0,10.1375,10.13815162499668,completed,10.169826610013843,32.32661001384329,26.151840209960938
2434,1,0,10.141666666666666,10.142809494020185,dropped_queue_full,,,
2435,2,0,10.145833333333334,10.145967654010747,completed,10.174567977024708,28.734643691374018,20.905824661254883
2436,3,1,10.15,10.15068414399866,completed,10.179226175998338,29.22617599833721,20.5512638092041
2437,0,1,10.154166666666667,10.155374454014236,completed,10.183908400998916,29.741734332249692,15.674240112304688
2438,1,1,10.158333333333333,10.160276297014207,completed,10.188608240016038,30.274906682704383,27.50489616394043
2439,2,1,10.1625,10.164934536005603,completed,10.18861791800009,26.117918000091223,16.0380802154541
2440,3,0,10.166666666666666,10.169821019022493,completed,10.202567248023115,35.900581356449024,19.883487701416016
2441,0,0,10.170833333333333,10.174560723011382,completed,10.207246057019802,36.412723686469306,20.57164764404297
2442,1,0,10.175,10.179218712000875,dropped_dispatch_late,,,
2443,2,0,10.179166666666667,10.179234102019109,completed,10.211919976019999,32.75330935333187,20.52729606628418
2444,3,1,10.183333333333334,10.183903001016006,completed,10.216576402017381,33.24306868404747,15.417887687683105
2445,0,1,10.1875,10.188601707021007,completed,10.221308532025432,33.808532025432214,15.752608299255371
2446,1,1,10.191666666666666,10.193286888010334,completed,10.226001357019413,34.33469035274683,30.962400436401367
2447,2,1,10.195833333333333,10.197926883003674,completed,10.230702729022596,34.86939568926317,20.567392349243164
2448,3,0,10.2,10.202559644007124,completed,10.235358072008239,35.358072008239816,20.859647750854492
2449,0,0,10.204166666666666,10.207240707008168,completed,10.240000442019664,35.83377535299803,15.9716157913208
2450,1,0,10.208333333333334,10.211913013015874,completed,10.245309988997178,36.97665566384423,20.61190414428711
2451,2,0,10.2125,10.216568567004288,completed,10.254808263009181,42.30826300918089,20.605215072631836
2452,3,1,10.216666666666667,10.221303272002842,dropped_dispatch_late,,,
2453,0,1,10.220833333333333,10.221318571013398,completed,10.256156584015116,35.32325068178288,20.309120178222656
2454,1,1,10.225,10.22599457402248,completed,10.263216086023021,38.216086023021845,15.66044807434082
2455,2,1,10.229166666666666,10.230695725011174,completed,10.267957553005544,38.790886338878394,15.753824234008789
2456,3,0,10.233333333333333,10.235350278002443,completed,10.275653884018539,42.320550685206015,35.754112243652344
2457,0,0,10.2375,10.239995131996693,completed,10.280303798004752,42.803798004751314,20.546079635620117
2458,1,0,10.241666666666667,10.244658291019732,dropped_queue_full,,,
2459,2,0,10.245833333333334,10.245945736009162,dropped_queue_full,,,
2460,3,1,10.25,10.250117101008072,completed,10.284966466017067,34.96646601706743,10.793503761291504
2461,0,1,10.254166666666666,10.254800969007192,dropped_queue_full,,,
2462,1,1,10.258333333333333,10.2584831440181,completed,10.284955906012328,26.622572678995482,21.33683204650879
2463,2,1,10.2625,10.26320986400242,completed,10.29430024701287,31.800247012871097,25.829023361206055
2464,3,0,10.266666666666666,10.267949999019038,dropped_queue_full,,,
2465,0,0,10.270833333333334,10.270883732009679,completed,10.299044711020542,28.211377687208383,20.611040115356445
2466,1,0,10.275,10.275645929010352,completed,10.303727918013465,28.727918013464304,20.489599227905273
2467,2,0,10.279166666666667,10.280298357014544,completed,10.308381417999044,29.214751332377276,15.675711631774902
2468,3,1,10.283333333333333,10.284949613997014,completed,10.3176938490069,34.36051567356735,28.18819236755371
2469,0,1,10.2875,10.289615397021407,completed,10.32235264001065,34.852640010649694,20.865856170654297
2470,1,1,10.291666666666666,10.294293294020463,completed,10.32236251802533,30.695851358663262,15.859935760498047
2471,2,1,10.295833333333333,10.299039280012948,completed,10.331708243000321,35.874909666988586,20.70800018310547
2472,3,0,10.3,10.303721305012004,completed,10.336420535022626,36.42053502262499,20.699359893798828
2473,0,0,10.304166666666667,10.30837393400725,dropped_dispatch_late,,,
2474,1,0,10.308333333333334,10.308389794023242,completed,10.341068505018484,32.73517168515028,20.609088897705078
2475,2,0,10.3125,10.31304651100072,completed,10.345737876021303,33.23787602130324,15.74783992767334
2476,3,1,10.316666666666666,10.317686043999856,completed,10.350415321998298,33.74865533163174,15.809439659118652
2477,0,1,10.320833333333333,10.32234696901287,completed,10.355247131024953,34.41379769162012,32.6624641418457
2478,1,1,10.325,10.327012683002977,completed,10.360702955018496,35.70295501849685,20.625024795532227
2479,2,1,10.329166666666666,10.331701190007152,completed,10.367338341020513,38.17167435384761,20.580575942993164
2480,3,0,10.333333333333334,10.336413001001347,completed,10.370966593996854,37.63326066352057,20.67078399658203
2481,0,0,10.3375,10.34106213299674,completed,10.380309583008057,42.80958300805615,20.73263931274414
2482,1,0,10.341666666666667,10.345730711997021,completed,10.384981829003664,43.31516233699695,20.652448654174805
2483,2,0,10.345833333333333,10.350407487014309,dropped_dispatch_late,,,
2484,3,1,10.35,10.350423166004475,completed,10.389672290009912,39.67229000991246,15.804672241210938
2485,0,1,10.354166666666666,10.355073120008456,dropped_queue_full,,,
2486,1,1,10.358333333333333,10.358482477022335,dropped_queue_full,,,
2487,2,1,10.3625,10.36258597302367,completed,10.394342722021975,31.842722021973913,26.17487907409668
2488,3,0,10.366666666666667,10.367331408022437,dropped_queue_full,,,
2489,0,0,10.370833333333334,10.370959150022827,completed,10.39903336300631,28.200029672976967,20.895488739013672
2490,1,0,10.375,10.375613642012468,completed,10.40378825602238,28.788256022380665,20.69798469543457
2491,2,0,10.379166666666666,10.38030416300171,completed,10.408660432003671,29.493765337004874,15.804800033569336
2492,3,1,10.383333333333333,10.38497533701593,completed,10.413422930025263,30.0895966919299,25.89411163330078
2493,0,1,10.3875,10.389664204005385,completed,10.418129080004292,30.62908000429232,20.754240036010742
2494,1,1,10.391666666666666,10.394335789023899,completed,10.422817307000514,31.1506403338484,16.003904342651367
2495,2,1,10.395833333333334,10.399028073006775,completed,10.432186606019968,36.35327268663424,20.45564842224121
2496,3,0,10.4,10.403782125009457,completed,10.436864342016634,36.864342016633245,20.60883140563965
2497,0,0,10.404166666666667,10.408653189020697,dropped_dispatch_late,,,
2498,1,0,10.408333333333333,10.408668738004053,completed,10.441552268021042,33.21893468770831,20.613344192504883
2499,2,0,10.4125,10.4134151750186,completed,10.446231247013202,33.73124701320229,15.744064331054688
2500,3,1,10.416666666666666,10.418123299023136,completed,10.450924092001515,34.257425334848435,15.617440223693848
2501,0,1,10.420833333333333,10.422811886004638,completed,10.455581270012772,34.747936679439206,31.47702407836914
2502,1,1,10.425,10.427494242001558,completed,10.460527186020045,35.5271860200439,20.430208206176758
2503,2,1,10.429166666666667,10.43217944202479,completed,10.460536774015054,31.370107348386966,15.802495956420898
2504,3,0,10.433333333333334,10.436856437008828,completed,10.470093219017144,36.75988568381072,20.519519805908203
2505,0,0,10.4375,10.441545866022352,completed,10.47980606101919,42.306061019189656,20.52716827392578
2506,1,0,10.441666666666666,10.446224284009077,dropped_dispatch_late,,,
2507,2,0,10.445833333333333,10.446239643002627,completed,10.480933793005534,35.10045967220066,20.465856552124023
2508,3,1,10.45,10.450916518020676,completed,10.48815902901697,38.159029016970436,15.687904357910156
2509,0,1,10.454166666666666,10.455575870000757,completed,10.492812720010988,38.646053344322695,15.751104354858398
2510,1,1,10.458333333333334,10.460520693013677,completed,10.500595275021624,42.261941688289895,35.491905212402344
2511,2,1,10.4625,10.4652517909999,completed,10.505197888996918,42.6978889969174,20.584352493286133
2512,3,0,10.466666666666667,10.469916904025013,dropped_queue_full,,,
2513,0,0,10.470833333333333,10.470887768024113,dropped_queue_full,,,
2514,1,0,10.475,10.475117554015014,completed,10.509972579020541,34.97257902054152,10.934368133544922
2515,2,0,10.479166666666666,10.479800921020797,dropped_queue_full,,,
2516,3,1,10.483333333333333,10.483365823019994,completed,10.509982989024138,26.649655690805574,21.679712295532227
2517,0,1,10.4875,10.488151004014071,completed,10.519269912008895,31.769912008893897,26.186656951904297
2518,1,1,10.491666666666667,10.492807530012215,dropped_queue_full,,,
2519,2,1,10.495833333333334,10.49595633201534,completed,10.523876613005996,28.04327967266218,20.85327911376953
2520,3,0,10.5,10.500588933005929,completed,10.528526517009595,28.52651700959541,20.42803192138672
2521,0,0,10.504166666666666,10.505190535011934,completed,10.537747965019662,33.5812983529955,15.714719772338867
2522,1,0,10.508333333333333,10.509966147015803,completed,10.542354797013104,34.0214636797711,28.263519287109375
2523,2,0,10.5125,10.51468879901222,completed,10.546952752018115,34.45275201811526,20.74937629699707
2524,3,1,10.516666666666666,10.519264532020316,completed,10.551572709024185,34.906042357519595,20.517343521118164
2525,0,1,10.520833333333334,10.523869790020399,completed,10.551561097003287,30.72776366995278,15.851455688476562
2526,1,1,10.525,10.528518552018795,completed,10.561063890025252,36.06389002525212,20.575231552124023
2527,2,1,10.529166666666667,10.533158126025228,completed,10.565665351023199,36.49868435653225,20.78771209716797
2528,3,0,10.533333333333333,10.537742535001598,dropped_dispatch_late,,,
2529,0,0,10.5375,10.537757974001579,completed,10.570266522001475,32.76652200147545,20.660512924194336
2530,1,0,10.541666666666666,10.542348355025752,completed,10.579466470022453,37.79980335578692,15.718624114990234
2531,2,0,10.545833333333333,10.546945168025559,completed,10.580440931022167,34.6075976888347,15.821599960327148
2532,3,1,10.55,10.551555847021518,completed,10.585333385010017,35.33338501001637,33.56012725830078
2533,0,1,10.554166666666667,10.556186594010796,completed,10.590854554000543,36.68788733387629,20.5850887298584
2534,1,1,10.558333333333334,10.561057247017743,completed,10.596449433011003,38.11609967766927,20.503488540649414
2535,2,1,10.5625,10.565658488019835,completed,10.601068508025492,38.56850802549161,20.482431411743164
2536,3,0,10.566666666666666,10.570261022017803,completed,10.610240723006427,43.57405633976086,20.47475242614746
2537,0,0,10.570833333333333,10.574860339023871,completed,10.615079786017304,44.24645268397143,20.552703857421875
2538,1,0,10.575,10.579460138018476,dropped_dispatch_late,,,
2539,2,0,10.579166666666666,10.579475898004603,dropped_queue_full,,,
2540,3,1,10.583333333333334,10.583428998012096,dropped_queue_full,,,
2541,0,1,10.5875,10.58754354401026,dropped_queue_full,,,
2542,1,1,10.591666666666667,10.591799499001354,completed,10.619702247000532,28.03558033386544,20.663488388061523
2543,2,1,10.595833333333333,10.59644275001483,completed,10.624392468016595,28.559134683261433,20.62656021118164
2544,3,0,10.6,10.60106166501646,completed,10.62901423801668,29.01423801668024,20.820703506469727
2545,0,0,10.604166666666666,10.60565373901045,completed,10.633639795007184,29.473128340518073,20.713600158691406
2546,1,0,10.608333333333333,10.61023284800467,completed,10.63824789901264,29.914565679307614,20.631488800048828
2547,2,0,10.6125,10.61507438600529,completed,10.642859079001937,30.35907900193635,20.728736877441406
2548,3,1,10.616666666666667,10.619695274013793,completed,10.647499295009766,30.832628343098634,15.9486722946167
2549,0,1,10.620833333333334,10.62438542401651,completed,10.656767502019648,35.93416868631394,20.657184600830078
2550,1,1,10.625,10.628998668020358,completed,10.661670396017144,36.6703960171435,20.61769676208496
2551,2,1,10.629166666666666,10.63363455500803,dropped_dispatch_late,,,
2552,3,0,10.633333333333333,10.63364950401592,completed,10.666298939002445,32.96560566911211,20.391456604003906
2553,0,0,10.6375,10.63824147701962,completed,10.67089079201105,33.39079201105122,15.620287895202637
2554,1,0,10.641666666666666,10.642851465003332,completed,10.675518654024927,33.851987358261226,15.611552238464355
2555,2,0,10.645833333333334,10.647492261021398,completed,10.680109114997322,34.275781663987814,31.36070442199707
2556,3,1,10.65,10.652147154003615,completed,10.68472854999709,34.728549997089075,20.474592208862305
2557,0,1,10.654166666666667,10.656762132013682,completed,10.689316707022954,35.15004035628699,15.762751579284668
2558,1,1,10.658333333333333,10.661664144019596,completed,10.69475068000611,36.41734667277596,20.66409683227539
2559,2,1,10.6625,10.666291785018984,completed,10.699911504023476,37.41150402347593,20.627967834472656
2560,3,0,10.666666666666666,10.670885522005847,dropped_dispatch_late,,,
2561,0,0,10.670833333333333,10.67090062101488,completed,10.705649255018216,34.81592168488312,20.631519317626953
2562,1,0,10.675,10.675512102025095,completed,10.713133031997131,38.13303199713047,15.664352416992188
2563,2,0,10.679166666666667,10.680102112004533,completed,10.717989157012198,38.82249034553098,15.743424415588379
2564,3,1,10.683333333333334,10.68472076600301,completed,10.72080512699904,37.47179366570563,35.85433578491211
2565,0,1,10.6875,10.68931156702456,completed,10.73017239200999,42.67239200999029,20.52182388305664
2566,1,1,10.691666666666666,10.693936754018068,dropped_queue_full,,,
2567,2,1,10.695833333333333,10.695861971005797,dropped_queue_full,,,
2568,3,0,10.7,10.700072089006426,completed,10.734789594018366,34.7895940183669,10.726207733154297
2569,0,0,10.704166666666666,10.704714890016476,dropped_queue_full,,,
2570,1,0,10.708333333333334,10.708482307003578,completed,10.73477902400191,26.445690668575494,21.373760223388672
2571,2,0,10.7125,10.71312672001659,completed,10.743989802023862,31.489802023861202,25.689184188842773
2572,3,1,10.716666666666667,10.71798204400693,dropped_queue_full,,,
2573,0,1,10.720833333333333,10.720966182998382,completed,10.748629827023251,27.796493689917767,20.539487838745117
2574,1,1,10.725,10.725575660006143,completed,10.753253169998061,28.253169998061267,20.390335083007812
2575,2,1,10.729166666666666,10.730167032015743,completed,10.757852257025661,28.685590358994872,15.664799690246582
2576,3,0,10.733333333333333,10.73477286202251,completed,10.76277306501288,29.439731679547165,27.715776443481445
2577,0,0,10.7375,10.73937632702291,completed,10.771984974999214,34.48497499921288,20.880512237548828
2578,1,0,10.741666666666667,10.743982498010155,completed,10.776639468007488,34.972801340821036,20.63497543334961
2579,2,0,10.745833333333334,10.748624405998271,completed,10.776648946019122,30.815612685788807,15.95139217376709
2580,3,1,10.75,10.753246737003792,completed,10.7859524100204,35.95241002039984,20.530176162719727
2581,0,1,10.754166666666666,10.757845163025195,completed,10.790554473001976,36.387806335309136,20.56928062438965
2582,1,1,10.758333333333333,10.762765090010362,dropped_dispatch_late,,,
2583,2,1,10.7625,10.76278106000973,completed,10.795272185001522,32.77218500152301,20.585567474365234
2584,3,0,10.766666666666666,10.767403612000635,completed,10.799911909009097,33.245242342431425,15.78656005859375
2585,0,0,10.770833333333334,10.771979735000059,completed,10.804514843999641,33.68151066630709,15.853055953979492
2586,1,0,10.775,10.776632885012077,completed,10.80960848001996,34.6084800199602,32.69443130493164
2587,2,0,10.779166666666667,10.781277729023714,completed,10.815124069020385,35.95740235371814,20.602367401123047
2588,3,1,10.783333333333333,10.785944675008068,completed,10.821446710004238,38.1133766709052,20.63350486755371
2589,0,1,10.7875,10.79054929301492,completed,10.829688557016198,42.18855701619795,20.631807327270508
2590,1,1,10.791666666666666,10.7952649310173,completed,10.83432373299729,42.657066330624716,20.60633659362793
2591,2,1,10.795833333333333,10.799904365005204,completed,10.838914965017466,43.08163168413337,20.580448150634766
2592,3,0,10.8,10.804509392997716,dropped_dispatch_late,,,
2593,0,0,10.804166666666667,10.804524731996935,completed,10.843508582009235,39.34191534256826,15.72704029083252
2594,1,0,10.808333333333334,10.809116365009686,dropped_queue_full,,,
2595,2,0,10.8125,10.812585816020146,dropped_queue_full,,,
2596,3,1,10.816666666666666,10.81672534000245,completed,10.848136283020722,31.46961635405532,25.922624588012695
2597,0,1,10.820833333333333,10.821438865008531,dropped_queue_full,,,
2598,1,1,10.825,10.825061577023007,completed,10.852760929003125,27.760929003125767,20.945024490356445
2599,2,1,10.829166666666666,10.8296831670159,completed,10.857387408002978,28.22074133631247,20.460704803466797
2600,3,0,10.833333333333334,10.834317030006787,completed,10.86197974201059,28.646408677255764,15.704544067382812
2601,0,0,10.8375,10.83890771100414,completed,10.871476824017009,33.97682401700841,25.635360717773438
2602,1,0,10.841666666666667,10.843503392010462,completed,10.876098775013816,34.43210834714883,20.725343704223633
2603,2,0,10.845833333333333,10.848128748999443,completed,10.880671201011864,34.83786767853125,20.939104080200195
2604,3,1,10.85,10.852754276013002,completed,10.880680369009497,30.680369009497,15.874624252319336
2605,0,1,10.854166666666666,10.857380425004521,completed,10.88992607302498,35.75940635831465,20.629663467407227
2606,1,1,10.858333333333333,10.861971867008833,completed,10.89454952601227,36.216192678937276,20.59231948852539
2607,2,1,10.8625,10.866860795009416,dropped_dispatch_late,,,
2608,3,0,10.866666666666667,10.866868740005884,completed,10.899210211005993,32.54354433932605,20.365631103515625
2609,0,0,10.870833333333334,10.871471524005756,completed,10.903842480998719,33.00914766538554,15.80016040802002
2610,1,0,10.875,10.876092142018024,completed,10.90879167302046,33.79167302045971,15.680352210998535
2611,2,0,10.879166666666666,10.88066425800207,completed,10.914070101018297,34.903434351630125,33.058528900146484
2612,3,1,10.883333333333333,10.885286048025591,completed,10.919116778008174,35.78344467484129,20.528640747070312
2613,0,1,10.8875,10.88992071300163,completed,10.925450160022592,37.95016002259288,20.675552368164062
2614,1,1,10.891666666666666,10.89454328501597,completed,10.930076068005292,38.409401338626026,20.861984252929688
2615,2,1,10.895833333333334,10.899202796019381,completed,10.939414137013955,43.580803680621116,20.719711303710938
2616,3,0,10.9,10.903837000019848,completed,10.944060755020473,44.0607550204728,20.7491512298584
2617,0,0,10.904166666666667,10.908455163007602,dropped_dispatch_late,,,
2618,1,0,10.908333333333333,10.908463129017036,dropped_queue_full,,,
2619,2,0,10.9125,10.912641836999683,dropped_queue_full,,,
2620,3,1,10.916666666666666,10.916743649024284,dropped_queue_full,,,
2621,0,1,10.920833333333333,10.920851844013669,completed,10.948683056019945,27.849722686612566,20.776512145996094
2622,1,1,10.925,10.925444930006051,completed,10.95330934500089,28.30934500088844,20.472543716430664
2623,2,1,10.929166666666667,10.930069655005354,completed,10.95789917401271,28.73250734604227,20.712095260620117
2624,3,0,10.933333333333334,10.934742412006017,completed,10.962494344013976,29.161010680642363,20.541248321533203
2625,0,0,10.9375,10.939407294004923,completed,10.967372982006054,29.87298200605437,20.57187271118164
2626,1,0,10.941666666666666,10.94405067601474,completed,10.971987769007683,30.32110234101637,20.548511505126953
2627,2,0,10.945833333333333,10.948677826003404,completed,10.976647391013103,30.814057679769746,20.542144775390625
2628,3,1,10.95,10.953302863024874,completed,10.976656729006208,26.65672900620919,15.895968437194824
2629,0,1,10.954166666666666,10.957892271020683,completed,10.990501200023573,36.33453335690717,20.532672882080078
2630,1,1,10.958333333333334,10.96248664901941,completed,10.99511870200513,36.78536867179538,20.495359420776367
2631,2,1,10.9625,10.967367492004996,dropped_dispatch_late,,,
2632,3,0,10.966666666666667,10.967382941016695,completed,10.999753056006739,33.08638934007213,20.325952529907227
2633,0,0,10.970833333333333,10.971981317008613,completed,11.0043729020108,33.5395686774671,15.617471694946289
2634,1,0,10.975,10.976640298002167,completed,11.008995144016808,33.995144016808254,15.687456130981445
2635,2,0,10.979166666666666,10.981248512020102,completed,11.01360565199866,34.43898533199352,31.349760055541992
2636,3,1,10.983333333333333,10.98586624499876,completed,11.01824679900892,34.913465675588284,20.644960403442383
2637,0,1,10.9875,10.990495840000222,completed,11.023331008007517,35.831008007516374,20.0150089263916
2638,1,1,10.991666666666667,10.995112400007201,completed,11.028492654004367,36.82598733769993,20.689472198486328
2639,2,1,10.995833333333334,10.999745552020613,completed,11.033489306020783,37.65597268744969,20.45724868774414
2640,3,0,11.0,11.0043672620086,dropped_dispatch_late,,,
2641,0,0,11.004166666666666,11.004382740997244,completed,11.04279798999778,38.63132333111352,15.6878080368042
2642,1,0,11.008333333333333,11.008988740999484,completed,11.047440330003155,39.106996669822536,15.736767768859863
2643,2,0,11.0125,11.013598799007013,completed,11.052077549014939,39.577549014939706,16.029247283935547
2644,3,1,11.016666666666666,11.01823878401774,completed,11.05891647102544,42.24980435877512,36.19776153564453
2645,0,1,11.020833333333334,11.022832361020846,dropped_queue_full,,,
2646,1,1,11.025,11.02507161500398,dropped_queue_full,,,
2647,2,1,11.029166666666667,11.0292852090206,dropped_queue_full,,,
2648,3,0,11.033333333333333,11.033483154023997,completed,11.063508405000903,30.175071667569497,5.9647040367126465
2649,0,0,11.0375,11.03818248200696,completed,11.063497213006485,25.99721300648561,21.847103118896484
2650,1,0,11.041666666666666,11.0427926700213,completed,11.069036216009408,27.36954934274216,21.587520599365234
2651,2,0,11.045833333333333,11.047434018022614,completed,11.078289475000929,32.45614166759658,26.298431396484375
2652,3,1,11.05,11.052070456004003,dropped_queue_full,,,
2653,0,1,11.054166666666667,11.054275835020235,completed,11.082886739022797,28.720072356129833,20.463071823120117
2654,1,1,11.058333333333334,11.058908956998494,completed,11.087552091019461,29.21875768612736,20.48918342590332
2655,2,1,11.0625,11.063491913024336,completed,11.092230149020907,29.730149020906538,15.789440155029297
2656,3,0,11.066666666666666,11.069029613019666,completed,11.096833674004301,30.167007337635,27.627328872680664
2657,0,0,11.070833333333333,11.073693133017514,completed,11.101400229003048,30.56689566971471,15.819040298461914
2658,1,0,11.075,11.078282091009896,completed,11.110549591016024,35.54959101602506,19.485824584960938
2659,2,0,11.079166666666666,11.082881408015965,completed,11.115148247015895,35.9815803492296,20.57049560546875
2660,3,1,11.083333333333334,11.087545718997717,dropped_dispatch_late,,,
2661,0,1,11.0875,11.087560958025279,completed,11.119794564001495,32.29456400149466,20.532480239868164
2662,1,1,11.091666666666667,11.092222753999522,completed,11.124456410005223,32.78974333855622,15.720992088317871
2663,2,1,11.095833333333333,11.09682573901955,completed,11.129060186009156,33.22685267582237,15.762847900390625
2664,3,0,11.1,11.10139494901523,completed,11.133805751014734,33.80575101473404,32.079776763916016
2665,0,0,11.104166666666666,11.105964781017974,completed,11.13923858301132,35.071916344653786,20.656511306762695
2666,1,0,11.108333333333333,11.11054308799794,completed,11.14402307200362,35.68973867028724,20.631040573120117
2667,2,0,11.1125,11.11514120400534,completed,11.150729401997523,38.22940199752267,20.640832901000977
2668,3,1,11.116666666666667,11.119789414020488,completed,11.155470629018964,38.803962352297106,20.56048011779785
2669,0,1,11.120833333333334,11.124450008006534,completed,11.160175708006136,39.34237467280255,20.557151794433594
2670,1,1,11.125,11.129052992007928,completed,11.164843886013841,39.84388601384126,20.605215072631836
2671,2,1,11.129166666666666,11.133625820017187,dropped_dispatch_late,,,
2672,3,0,11.133333333333333,11.133633865014417,dropped_queue_full,,,
2673,0,0,11.1375,11.137587836012244,dropped_queue_full,,,
2674,1,0,11.141666666666666,11.141799297009129,dropped_queue_full,,,
2675,2,0,11.145833333333334,11.14592022600118,completed,11.174650135013508,28.816801680173754,20.649824142456055
2676,3,1,11.15,11.150722008023877,completed,11.179325197008438,29.325197008438053,20.630016326904297
2677,0,1,11.154166666666667,11.155463165021501,completed,11.183994417020585,29.827750353918603,20.601951599121094
2678,1,1,11.158333333333333,11.160170518007362,completed,11.188681712024845,30.348378691511968,20.66694450378418
2679,2,1,11.1625,11.164837504009483,completed,11.188691019022372,26.191019022371975,15.847071647644043
2680,3,0,11.166666666666666,11.169745007005986,completed,11.193395427020732,26.72876035406624,15.688384056091309
2681,0,0,11.170833333333333,11.17464294200181,completed,11.202743315021507,31.909981688174938,20.45395278930664
2682,1,0,11.175,11.179317561996868,dropped_dispatch_late,,,
2683,2,0,11.179166666666667,11.179332751024049,completed,11.207452421018388,28.285754351720982,20.45510482788086
2684,3,1,11.183333333333334,11.183989137003664,completed,11.212129587016534,28.79625368320049,20.440671920776367
2685,0,1,11.1875,11.188675119017716,completed,11.221458829997573,33.95882999757305,15.724320411682129
2686,1,1,11.191666666666666,11.193388203013455,completed,11.226171292015351,34.504625348684925,28.2906551361084
2687,2,1,11.195833333333333,11.198084814997856,completed,11.230848979001166,35.01564566783344,20.382495880126953
2688,3,0,11.2,11.20273784501478,completed,11.230858397000702,30.85839700070281,15.815168380737305
2689,0,0,11.204166666666666,11.207445188018028,completed,11.240192860015668,36.026193349002256,20.617759704589844
2690,1,0,11.208333333333334,11.2121219120163,completed,11.244830380019266,36.49704668593223,20.62268829345703
2691,2,0,11.2125,11.216775973996846,dropped_dispatch_late,,,
2692,3,1,11.216666666666667,11.216784319025464,completed,11.249485814012587,32.819147345920285,20.52351951599121
2693,0,1,11.220833333333333,11.221453369013034,completed,11.254168840008788,33.335506675454596,15.686752319335938
2694,1,1,11.225,11.226164849998895,completed,11.258842018025462,33.84201802546194,15.705632209777832
2695,2,1,11.229166666666666,11.230841875018086,completed,11.263849682,34.683015333333955,32.71807861328125
2696,3,0,11.233333333333333,11.235548426018795,completed,11.268970269011334,35.63693567800108,20.747455596923828
2697,0,0,11.2375,11.240187468996737,completed,11.275564606999978,38.06460699997771,20.60259246826172
2698,1,0,11.241666666666667,11.244824107998284,completed,11.283861419011373,42.19475234470593,20.835519790649414
2699,2,0,11.245833333333334,11.249478330020793,completed,11.288651098002447,42.817764669113245,20.844512939453125
2700,3,1,11.25,11.254163210018305,completed,11.293424244999187,43.42424499918707,20.672800064086914
2701,0,1,11.254166666666666,11.258835446002195,dropped_dispatch_late,,,
2702,1,1,11.258333333333333,11.258850925019942,completed,11.298077686020406,39.7443526870731,15.798368453979492
2703,2,1,11.2625,11.263514895021217,dropped_queue_full,,,
2704,3,0,11.266666666666666,11.266781130019808,dropped_queue_full,,,
2705,0,0,11.270833333333334,11.27086663202499,completed,11.302752437011804,31.919103678470506,25.952159881591797
2706,1,0,11.275,11.27555927701178,dropped_queue_full,,,
2707,2,0,11.279166666666667,11.279168183013098,completed,11.307417910022195,28.251243355528644,20.696800231933594
2708,3,1,11.283333333333333,11.283855426998343,completed,11.312090807012282,28.757473678949097,20.752031326293945
2709,0,1,11.2875,11.28864419501042,completed,11.31674056002521,29.240560025209916,15.766143798828125
2710,1,1,11.291666666666666,11.293416791013442,completed,11.321439337014453,29.77267034778741,25.65328025817871
2711,2,1,11.295833333333333,11.29807153402362,completed,11.330794239009265,34.96090567593235,20.685312271118164
2712,3,0,11.3,11.302747227018699,completed,11.330803596996702,30.803596996701543,16.103296279907227
2713,0,0,11.304166666666667,11.307410856010392,completed,11.340167045011185,36.00037834451797,20.512575149536133
2714,1,0,11.308333333333334,11.312083092023386,completed,11.344846624997444,36.51329166411088,20.68329620361328
2715,2,0,11.3125,11.31673538099858,dropped_dispatch_late,,,
2716,3,1,11.316666666666666,11.316750529018464,completed,11.349532377003925,32.86571033725849,20.43791961669922
2717,0,1,11.320833333333333,11.321432875003666,completed,11.354228618001798,33.39528466846531,15.726592063903809
2718,1,1,11.325,11.326117524004076,completed,11.358917506004218,33.91750600421872,15.568351745605469
2719,2,1,11.329166666666666,11.330786885024281,completed,11.363599861011608,34.43319434494185,31.998720169067383
2720,3,0,11.333333333333334,11.33547785601695,completed,11.368297606008127,34.964272674793406,20.56175994873047
2721,0,0,11.3375,11.340161705011269,completed,11.37359655200271,36.096552002709004,15.892576217651367
2722,1,0,11.341666666666667,11.344839932018658,completed,11.37849186200765,36.82519534098283,20.57200050354004
2723,2,0,11.345833333333333,11.349524692021077,completed,11.388158697023755,42.325363690421725,20.5216007232666
2724,3,1,11.35,11.354222887021024,dropped_dispatch_late,,,
2725,0,1,11.354166666666666,11.35423851700034,completed,11.393024570017587,38.85790335092132,15.904095649719238
2726,1,1,11.358333333333333,11.35891125400667,completed,11.397663723997539,39.330390664206405,15.865056037902832
2727,2,1,11.3625,11.36359277801239,completed,11.402369864023058,39.86986402305703,15.898752212524414
2728,3,0,11.366666666666667,11.368289610021748,completed,11.408996433019638,42.32976635297092,35.93859100341797
2729,0,0,11.370833333333334,11.373262608016375,dropped_queue_full,,,
2730,1,0,11.375,11.375009937008144,dropped_queue_full,,,
2731,2,0,11.379166666666666,11.37928491900675,dropped_queue_full,,,
2732,3,1,11.383333333333333,11.38348293400486,completed,11.41366587401717,30.33254068383684,6.016704082489014
2733,0,1,11.3875,11.388151523016859,completed,11.41365437200875,26.154372008750926,21.483295440673828
2734,1,1,11.391666666666666,11.393019170005573,completed,11.418376082001487,26.709415334821074,21.445024490356445
2735,2,1,11.395833333333334,11.397657421999611,completed,11.427716737001901,31.883403668567567,26.147136688232422
2736,3,0,11.4,11.402362499997253,dropped_queue_full,,,
2737,0,0,11.404166666666667,11.404276146000484,completed,11.432385626016185,28.218959349517903,20.469472885131836
2738,1,0,11.408333333333333,11.408988658018643,completed,11.437065026024356,28.73169269102327,20.443199157714844
2739,2,0,11.4125,11.413649102003546,completed,11.446470474009402,33.97047400940245,15.776191711425781
2740,3,1,11.416666666666666,11.418369379010983,completed,11.451199568022275,34.53290135560927,28.27084732055664
2741,0,1,11.420833333333333,11.42304248700384,completed,11.455868327000644,35.034993667311554,20.47782325744629
2742,1,1,11.425,11.427709603012772,completed,11.455877815023996,30.877815023995225,15.838432312011719
2743,2,1,11.429166666666667,11.432380106009077,completed,11.465217388002202,36.050721335534774,20.481184005737305
2744,3,0,11.433333333333334,11.437058464012807,completed,11.469899984018411,36.56665068507792,20.792224884033203
2745,0,0,11.4375,11.441770405013813,dropped_dispatch_late,,,
2746,1,0,11.441666666666666,11.44177841002238,completed,11.474837424000725,33.17075733405872,20.633920669555664
2747,2,0,11.445833333333333,11.446463501022663,completed,11.4795653160254,33.731982692067675,15.655167579650879
2748,3,1,11.45,11.451191863015993,completed,11.484251498011872,34.25149801187288,15.763615608215332
2749,0,1,11.454166666666666,11.455862917006016,completed,11.488921871001367,34.75520433470081,32.68364715576172
2750,1,1,11.458333333333334,11.460551915020915,completed,11.498470921011176,40.137587677842035,20.590015411376953
2751,2,1,11.4625,11.465210435009794,completed,11.499154209013795,36.654209013795125,20.57708740234375
2752,3,0,11.466666666666667,11.46989232901251,completed,11.504278585023712,37.61191835704558,20.522592544555664
2753,0,0,11.470833333333333,11.474830972001655,completed,11.513217326020822,42.383992687488714,20.51215934753418
2754,1,0,11.475,11.479558402003022,dropped_dispatch_late,,,
2755,2,0,11.479166666666666,11.479573732009158,completed,11.517966678016819,38.800011350152985,15.717503547668457
2756,3,1,11.483333333333333,11.484243894024985,completed,11.522596885013627,39.263551680294384,15.463040351867676
2757,0,1,11.4875,11.48891636999906,completed,11.52724442401086,39.74442401085909,15.59823989868164
2758,1,1,11.491666666666667,11.493813894019695,completed,11.533956264000153,42.28959733348603,35.93302536010742
2759,2,1,11.495833333333334,11.49846460900153,dropped_queue_full,,,
2760,3,0,11.5,11.500104224018287,dropped_queue_full,,,
2761,0,0,11.504166666666666,11.504272804013453,dropped_queue_full,,,
2762,1,0,11.508333333333333,11.50848368302104,completed,11.5386500210152,30.316687681867904,5.992608070373535
2763,2,0,11.5125,11.513211946003139,completed,11.538659570011077,26.15957001107816,21.54537582397461
2764,3,1,11.516666666666666,11.517959735007025,completed,11.54336130199954,26.694635332873418,21.72368049621582
2765,0,1,11.520833333333334,11.522589210013393,completed,11.552708759001689,31.875425668355106,26.348896026611328
2766,1,1,11.525,11.527239053015364,dropped_queue_full,,,
2767,2,1,11.529166666666667,11.529276785004186,completed,11.557373331015697,28.206664349029964,20.477344512939453
2768,3,0,11.533333333333333,11.53394993202528,completed,11.566653751011472,33.32041767813898,20.237728118896484
2769,0,0,11.5375,11.538643709005555,completed,11.571312061016215,33.81206101621537,15.5797758102417
2770,1,0,11.541666666666666,11.543354178022128,completed,11.576258037006482,34.59137033981641,28.92051124572754
2771,2,0,11.545833333333333,11.548061851004604,completed,11.580935692996718,35.102359663385485,20.550975799560547
2772,3,1,11.55,11.552703319001012,completed,11.585638006014051,35.638006014050205,20.5996150970459
2773,0,1,11.554166666666667,11.557365967018995,completed,11.585626845015213,31.460178348545753,15.935711860656738
2774,1,1,11.558333333333334,11.56201940702158,completed,11.594928165024612,36.59483169127853,20.611616134643555
2775,2,1,11.5625,11.566645826009335,completed,11.59957340999972,37.07340999972075,20.55686378479004
2776,3,0,11.566666666666666,11.571306590019958,dropped_dispatch_late,,,
2777,0,0,11.570833333333333,11.571561595017556,completed,11.604238722997252,33.40538966391904,20.507295608520508
2778,1,0,11.575,11.576251343998592,completed,11.609110438002972,34.11043800297264,15.596159934997559
2779,2,0,11.579166666666666,11.580928720009979,completed,11.614500057010446,35.333390343780025,15.698880195617676
2780,3,1,11.583333333333334,11.585621856007492,completed,11.621403752011247,38.070418677913054,33.49353790283203
2781,0,1,11.5875,11.590286307007773,completed,11.624543826997979,37.04382699797826,20.431392669677734
2782,1,1,11.591666666666667,11.594921693002107,completed,11.633956760022556,42.290093355889624,20.56928062438965
2783,2,1,11.595833333333333,11.599566487013362,completed,11.638608146022307,42.77481268897354,20.45680046081543
2784,3,0,11.6,11.60423335302039,dropped_dispatch_late,,,
2785,0,0,11.604166666666666,11.60424834099831,completed,11.64326605500537,39.09938833870363,15.731904029846191
2786,1,0,11.608333333333333,11.609103535010945,completed,11.647905659017852,39.57232568451907,15.60694408416748
2787,2,0,11.6125,11.613883936021011,dropped_queue_full,,,
2788,3,1,11.616666666666667,11.616712199000176,completed,11.652583295013756,35.91662834708842,31.121919631958008
2789,0,1,11.620833333333334,11.621396268019453,dropped_queue_full,,,
2790,1,1,11.625,11.62500974201248,dropped_queue_full,,,
2791,2,1,11.629166666666666,11.629269324999768,completed,11.657268686016323,28.102019349656615,20.636415481567383
2792,3,0,11.633333333333333,11.63395023701014,completed,11.661921275022905,28.58794168957246,10.85647964477539
2793,0,0,11.6375,11.638601153012132,completed,11.666570738016162,29.070738016162778,25.949024200439453
2794,1,0,11.641666666666666,11.643260845012264,completed,11.675890994025394,34.2243273587286,26.187807083129883
2795,2,0,11.645833333333334,11.647899247007445,completed,11.680823825008702,34.99049167536761,20.93168067932129
2796,3,1,11.65,11.65257555001881,completed,11.685510108014569,35.51010801456833,20.51398468017578
2797,0,1,11.654166666666667,11.657261593005387,completed,11.68549886601977,31.332199353103718,15.931072235107422
2798,1,1,11.658333333333333,11.661913670017384,completed,11.694837668008404,36.50433467507064,20.525279998779297
2799,2,1,11.6625,11.666565117018763,completed,11.69948610800202,36.9861080020204,20.614944458007812
2800,3,0,11.666666666666666,11.67123621099745,dropped_dispatch_late,,,
2801,0,0,11.670833333333333,11.671244507015217,completed,11.704136102023767,33.3027686904348,20.517696380615234
2802,1,0,11.675,11.675884241005406,completed,11.708784182003,33.78418200300004,15.615584373474121
2803,2,0,11.679166666666667,11.680816631007474,completed,11.713703968998743,34.53730233207608,15.699295997619629
2804,3,1,11.683333333333334,11.68549325602362,completed,11.718365403998177,35.03207066484393,32.693824768066406
2805,0,1,11.6875,11.690176923002582,completed,11.727739102003397,40.23910200339742,20.55232048034668
2806,1,1,11.691666666666666,11.694831336004427,completed,11.729017521021888,37.35085435522123,20.56230354309082
2807,2,1,11.695833333333333,11.699479235016042,completed,11.734229913010495,38.396579677161924,20.54630470275879
2808,3,0,11.7,11.70413063201704,completed,11.742200464999769,42.20046499976959,20.563711166381836
2809,0,0,11.704166666666666,11.708777409017785,dropped_dispatch_late,,,
2810,1,0,11.708333333333334,11.70879328000592,completed,11.746851320000133,38.51798666679862,15.743552207946777
2811,2,0,11.7125,11.713696995022474,completed,11.751530079025542,39.03007902554201,15.436832427978516
2812,3,1,11.716666666666667,11.718357439007377,completed,11.75629379801103,39.627131344362354,15.737279891967773
2813,0,1,11.720833333333333,11.723084830009611,completed,11.763230857002782,42.39752366944849,36.01532745361328
2814,1,1,11.725,11.72773374200915,dropped_queue_full,,,
2815,2,1,11.729166666666666,11.729179508023662,dropped_queue_full,,,
2816,3,0,11.733333333333333,11.733432358014397,dropped_queue_full,,,
2817,0,0,11.7375,11.737532777013257,completed,11.767922769999132,30.42276999913085,6.0260162353515625
2818,1,0,11.741666666666667,11.742193211015547,completed,11.767932529008249,26.26586234158168,21.599231719970703
2819,2,0,11.745833333333334,11.74684490801883,completed,11.772634762019152,26.80142868581825,21.56729507446289
2820,3,1,11.75,11.751522835023934,completed,11.782196787011344,32.196787011343986,26.41574478149414
2821,0,1,11.754166666666666,11.756286114017712,dropped_queue_full,,,
2822,1,1,11.758333333333333,11.758483669022098,completed,11.791569383000024,33.2360496666908,20.536479949951172
2823,2,1,11.7625,11.763225657021394,completed,11.796285352000268,33.78535200026889,20.511552810668945
2824,3,0,11.766666666666666,11.767917479999596,completed,11.800959151005372,34.292484338706686,15.73788833618164
2825,0,0,11.770833333333334,11.77262829002575,completed,11.805631727998843,34.79839466550949,29.58515167236328
2826,1,0,11.775,11.777274967025733,completed,11.810295708011836,35.29570801183546,20.532896041870117
2827,2,0,11.779166666666667,11.7821892730135,completed,11.810305126011372,31.138459344704827,15.959360122680664
2828,3,1,11.783333333333333,11.786859686020762,completed,11.819804491999093,36.47115866576023,20.561119079589844
2829,0,1,11.7875,11.791562901024008,completed,11.824491216015304,36.99121601530386,20.65920066833496
2830,1,1,11.791666666666666,11.796278148016427,dropped_dispatch_late,,,
2831,2,1,11.795833333333333,11.796293578023324,completed,11.829177358013112,33.344024679779594,20.577856063842773
2832,3,0,11.8,11.800951567012817,completed,11.83389627301949,33.89627301949005,15.68835163116455
2833,0,0,11.804166666666667,11.805626358021982,completed,11.839018354017753,34.851687351086014,15.686176300048828
2834,1,0,11.808333333333334,11.810289116023341,completed,11.846391411003424,38.058077670090285,33.63395309448242
2835,2,0,11.8125,11.815149950009072,completed,11.849544410011731,37.04441001173109,20.46976089477539
2836,3,1,11.816666666666666,11.819796758005396,completed,11.85895539901685,42.28873235018327,20.526304244995117
2837,0,1,11.820833333333333,11.824485926015768,completed,11.8636561690073,42.82283567396661,20.521535873413086
2838,1,1,11.825,11.829170014010742,dropped_dispatch_late,,,
2839,2,1,11.829166666666666,11.829185604001395,completed,11.868390834017191,39.22416735052536,15.674015998840332
2840,3,0,11.833333333333334,11.83388850800111,completed,11.873120830015978,39.78749668264392,15.606975555419922
2841,0,0,11.8375,11.83854653700837,dropped_queue_full,,,
2842,1,0,11.841666666666667,11.84170389501378,completed,11.877789118007058,36.12245134039149,31.226943969726562
2843,2,0,11.845833333333333,11.84638532900135,dropped_queue_full,,,
2844,3,1,11.85,11.850011468020966,dropped_queue_full,,,
2845,0,1,11.854166666666666,11.854271060001338,completed,11.882793886004947,28.62721933828105,20.834047317504883
2846,1,1,11.858333333333333,11.858947594009805,completed,11.887439471000107,29.1061376667745,10.928383827209473
2847,2,1,11.8625,11.863650759012671,completed,11.892109553009504,29.609553009503742,26.02764892578125
2848,3,0,11.866666666666667,11.868383218999952,completed,11.896816235006554,30.149568339886912,26.210912704467773
2849,0,0,11.870833333333334,11.873113135021413,completed,11.90622861601878,35.395282685446006,21.03104019165039
2850,1,0,11.875,11.877782426017802,completed,11.906238084018696,31.2380840186961,15.78598403930664
2851,2,0,11.879166666666666,11.882788515998982,completed,11.915793066000333,36.626399333666626,20.06608009338379
2852,3,1,11.883333333333333,11.887433059018804,completed,11.920476724015316,37.143390681983135,20.70649528503418
2853,0,1,11.8875,11.892102540004998,dropped_dispatch_late,,,
2854,1,1,11.891666666666666,11.892118170013418,completed,11.92519530802383,33.52864135716516,20.589248657226562
2855,2,1,11.895833333333334,11.896808160003275,completed,11.92986689202371,34.03355869037661,15.755776405334473
2856,3,0,11.9,11.901553504023468,completed,11.9346823010128,34.68230101279879,15.759967803955078
2857,0,0,11.904166666666667,11.906223536003381,completed,11.93939798901556,35.23132234889381,32.020416259765625
2858,1,0,11.908333333333333,11.910929256002419,completed,11.93940752701019,31.074193676856154,15.780159950256348
2859,2,0,11.9125,11.915785802004393,completed,11.948954494000645,36.45449400064571,20.623455047607422
2860,3,1,11.916666666666666,11.920469019009033,completed,11.95412469599978,37.458029333114595,20.630495071411133
2861,0,1,11.920833333333333,11.92518869502237,dropped_dispatch_late,,,
2862,1,1,11.925,11.925204375002068,completed,11.959778507007286,34.77850700728524,20.535776138305664
2863,2,1,11.929166666666667,11.92986006900901,completed,11.96737740302342,38.21073635675276,15.578592300415039
2864,3,0,11.933333333333334,11.934674155025277,completed,11.972100936021889,38.76760268855506,15.676223754882812
2865,0,0,11.9375,11.939392579020932,completed,11.975122155999998,37.62215599999763,35.38323211669922
2866,1,0,11.941666666666666,11.944120491010835,completed,11.985438164003426,43.77149733675978,20.495040893554688
2867,2,0,11.945833333333333,11.948778368998319,dropped_queue_full,,,
2868,3,1,11.95,11.950065034005092,dropped_queue_full,,,
2869,0,1,11.954166666666666,11.954285321000498,completed,11.990092305000871,35.9256383342057,10.866399765014648
2870,1,1,11.958333333333334,11.958971925021615,dropped_queue_full,,,
2871,2,1,11.9625,11.96259254301549,completed,11.99010297600762,27.602976007619517,21.47635269165039
2872,3,0,11.966666666666667,11.967370309022954,completed,11.999489989015274,32.823322348606965,26.052352905273438
2873,0,0,11.970833333333333,11.972093071002746,dropped_queue_full,,,
2874,1,0,11.975,11.975115774024744,completed,12.004176381014986,29.17638101498632,20.753631591796875
2875,2,0,11.979166666666666,11.979802648012992,completed,12.008928138006013,29.761471339346812,20.474464416503906
2876,3,1,11.983333333333333,11.985431691020494,completed,12.01364533000742,30.31199667408835,15.575648307800293
2877,0,1,11.9875,11.990086705016438,completed,12.01363377799862,26.133777998619934,22.01353645324707
2878,1,1,11.991666666666667,11.994848972011823,completed,12.01851956002065,26.852893353982665,15.913056373596191
2879,2,1,11.995833333333334,11.999482134007849,completed,12.027803797012893,31.970463679559913,20.348575592041016
2880,3,0,12.0,12.004169829015154,dropped_dispatch_late,,,
2881,0,0,12.004166666666666,12.004185449011857,completed,12.037135495018447,32.96882835178039,20.392736434936523
2882,1,0,12.008333333333333,12.008921085012844,completed,12.041799466009252,33.466132675918914,20.40559959411621
2883,2,0,12.0125,12.013628487999085,completed,12.046497800998623,33.99780099862326,15.745984077453613
2884,3,1,12.016666666666666,12.018513067014283,completed,12.051195596024627,34.52892935796115,29.487743377685547
2885,0,1,12.020833333333334,12.023157200019341,completed,12.055866028007586,35.03269467425163,20.528671264648438
2886,1,1,12.025,12.027796403010143,completed,12.05587558701518,30.875587015179562,15.932064056396484
2887,2,1,12.029166666666667,12.032459572015796,completed,12.065572969004279,36.40630233761222,20.67033576965332
2888,3,0,12.033333333333333,12.03712997501134,completed,12.07026141602546,36.92808269212655,20.78998374938965
2889,0,0,12.0375,12.041792992997216,dropped_dispatch_late,,,
2890,1,0,12.041666666666666,12.04180846302188,completed,12.074958369019441,33.29170235277523,20.636287689208984
2891,2,0,12.045833333333333,12.04649062801036,completed,12.080233150016284,34.39981668295111,15.73151969909668
2892,3,1,12.05,12.051187861012295,completed,12.085122739023063,35.12273902306262,15.82630443572998
2893,0,1,12.054166666666667,12.05586060800124,completed,12.09033038202324,36.16371535657237,34.11417770385742
2894,1,1,12.058333333333334,12.060845647996757,completed,12.09647649800172,38.143164668387186,20.636255264282227
2895,2,1,12.0625,12.065565976023208,completed,12.101157711003907,38.657711003907025,20.769695281982422
2896,3,0,12.066666666666666,12.07025380100822,completed,12.105825539008947,39.15887234228066,20.53536033630371
2897,0,0,12.070833333333333,12.074951526010409,completed,12.115162005007733,44.3286716743998,20.60371208190918
2898,1,0,12.075,12.079671282001073,dropped_dispatch_late,,,
2899,2,0,12.079166666666666,12.079679438000312,dropped_queue_full,,,
2900,3,1,12.083333333333334,12.083379928022623,dropped_queue_full,,,
2901,0,1,12.0875,12.087641764024738,dropped_queue_full,,,
2902,1,1,12.091666666666667,12.091752413020004,completed,12.12006348700379,28.39682033712343,20.600608825683594
2903,2,1,12.095833333333333,12.09646996500669,completed,12.124702921020798,28.86958768746517,20.62758445739746
2904,3,0,12.1,12.101150586997392,completed,12.129352153016953,29.352153016953153,20.679231643676758
2905,0,0,12.104166666666666,12.105818095005816,completed,12.13403676301823,29.8700963515639,20.673919677734375
2906,1,0,12.108333333333333,12.110480893024942,completed,12.138716032000957,30.382698667624553,20.689599990844727
2907,2,0,12.1125,12.11515650502406,completed,12.138725670025451,26.2256700254504,15.870016098022461
2908,3,1,12.116666666666667,12.120057095016818,completed,12.14338989101816,26.723224351492547,15.80463981628418
2909,0,1,12.120833333333334,12.124695917009376,completed,12.152767326013418,31.933992680084344,20.704639434814453
2910,1,1,12.125,12.129344428016338,dropped_dispatch_late,,,
2911,2,1,12.129166666666666,12.129360449005617,completed,12.162139571009902,32.972904343235854,20.643360137939453
2912,3,0,12.133333333333333,12.13403114202083,completed,12.16688835201785,33.555018684516824,20.566783905029297
2913,0,0,12.1375,12.138709389022551,completed,12.171549137012335,34.04913701233525,15.783552169799805
2914,1,0,12.141666666666666,12.143382647016551,completed,12.176264755020384,34.598088353718026,30.084287643432617
2915,2,0,12.145833333333334,12.148075783014065,completed,12.180948032008018,35.11469867468442,20.597183227539062
2916,3,1,12.15,12.152761946024839,completed,12.180957480013603,30.95748001360299,15.991968154907227
2917,0,1,12.154166666666667,12.157452576997457,completed,12.190566404024139,36.39973735747226,20.581375122070312
2918,1,1,12.158333333333333,12.162132507015485,completed,12.195253569021588,36.92023568825498,20.640287399291992
2919,2,1,12.1625,12.166880728007527,dropped_dispatch_late,,,
2920,3,0,12.166666666666666,12.166896247013938,completed,12.204572552000172,37.90588533350636,20.52227210998535
2921,0,0,12.170833333333333,12.171543806005502,completed,12.205069447023561,34.23611369022872,15.63584041595459
2922,1,0,12.175,12.176258072024211,completed,12.210383081022883,35.38308102288212,15.689023971557617
2923,2,0,12.179166666666667,12.18094094801927,completed,12.215593489003368,36.42682233670058,34.07289505004883
2924,3,1,12.183333333333334,12.185890291002579,completed,12.221582016005414,38.24868267208004,20.604032516479492
2925,0,1,12.1875,12.190561044000788,completed,12.226345586008392,38.845586008392274,20.7992000579834
2926,1,1,12.191666666666666,12.195246886025416,completed,12.235641776002012,43.97510933534576,20.82464027404785
2927,2,1,12.195833333333333,12.199918511003489,completed,12.240297561016632,44.464227683299384,20.559871673583984
2928,3,0,12.2,12.204564828018192,dropped_dispatch_late,,,
2929,0,0,12.204166666666666,12.20458068800508,dropped_queue_full,,,
2930,1,0,12.208333333333334,12.20848308200948,dropped_queue_full,,,
2931,2,0,12.2125,12.212585244997172,dropped_queue_full,,,
2932,3,1,12.216666666666667,12.21669865900185,completed,12.244954648020212,28.287981353544822,20.440767288208008
2933,0,1,12.220833333333333,12.221574271010468,completed,12.24960285902489,28.769525691556552,20.434528350830078
2934,1,1,12.225,12.226340516004711,completed,12.254281747009372,29.281747009372694,20.48089599609375
2935,2,1,12.229166666666666,12.230982154025696,completed,12.258965916000307,29.79924933364053,20.676416397094727
2936,3,0,12.233333333333333,12.23563546402147,completed,12.263661546021467,30.32821268813457,20.5447998046875
2937,0,0,12.2375,12.240290287008975,completed,12.2636503050162,26.150305016198416,15.846464157104492
2938,1,0,12.241666666666667,12.244946943013929,completed,12.268299798015505,26.633131348837935,15.835968017578125
2939,2,0,12.245833333333334,12.249597629008349,completed,12.282263776025502,36.43044269216844,20.596031188964844
2940,3,1,12.25,12.25427525502164,dropped_dispatch_late,,,
2941,0,1,12.254166666666666,12.254290494020097,completed,12.287174545024754,33.00787835808805,20.678367614746094
2942,1,1,12.258333333333333,12.25895877199946,completed,12.291904359997716,33.57102666438294,20.45756721496582
2943,2,1,12.2625,12.263644855003804,completed,12.296629868011223,34.12986801122386,15.682047843933105
2944,3,0,12.266666666666666,12.26829324499704,completed,12.301275343023008,34.608676356342016,30.157119750976562
2945,0,0,12.270833333333334,12.27293266900233,completed,12.305914135009516,35.080801676182105,20.583295822143555
2946,1,0,12.275,12.277611357014393,completed,12.305922922008904,30.922922008903342,15.902751922607422
2947,2,0,12.279166666666667,12.28225661200122,completed,12.315211608016398,36.04494134973102,20.507551193237305
2948,3,1,12.283333333333333,12.287169105024077,completed,12.320068044005893,36.734710672559956,20.696128845214844
2949,0,1,12.2875,12.291897868009983,dropped_dispatch_late,,,
2950,1,1,12.291666666666666,12.291913296998246,completed,12.32948187799775,37.81521133108434,20.667552947998047
2951,2,1,12.295833333333333,12.29662300500786,completed,12.330296886008,34.4635526746675,15.806528091430664
2952,3,0,12.3,12.301267618022393,completed,12.335491214005742,35.49121400574151,15.858688354492188
2953,0,0,12.304166666666667,12.30590898601804,completed,12.340541438024957,36.37477135828959,34.44611358642578
2954,1,0,12.308333333333334,12.310560973011889,completed,12.346503565000603,38.170231667269405,20.644031524658203
2955,2,0,12.3125,12.315204645012273,completed,12.351170670997817,38.67067099781707,20.66124725341797
2956,3,1,12.316666666666666,12.320060029014712,completed,12.360531945014372,43.86527834770604,20.62179183959961
2957,0,1,12.320833333333333,12.324760689021787,completed,12.36522381901159,44.39048567825665,20.62246322631836
2958,1,1,12.325,12.32947542599868,dropped_dispatch_late,,,
2959,2,1,12.329166666666666,12.329491076001432,dropped_queue_full,,,
2960,3,0,12.333333333333334,12.333428155019647,dropped_queue_full,,,
2961,0,0,12.3375,12.337543212022865,dropped_queue_full,,,
2962,1,0,12.341666666666667,12.341799058020115,completed,12.369906214007642,28.239547340975335,20.564191818237305
2963,2,0,12.345833333333333,12.34649688200443,completed,12.374573380016955,28.7400466836214,20.554048538208008
2964,3,1,12.35,12.351163477025693,completed,12.379253079998307,29.253079998307285,20.63007926940918
2965,0,1,12.354166666666666,12.355826876999345,completed,12.383932941011153,29.766274344487087,20.647104263305664
2966,1,1,12.358333333333333,12.360524100018665,completed,12.388912962022005,30.579628688672145,20.68217658996582
2967,2,1,12.3625,12.365218639024533,completed,12.388922470010584,26.42247001058351,16.0513916015625
2968,3,0,12.366666666666667,12.36989969102433,completed,12.393594305001898,26.927638335230597,15.817024230957031
2969,0,0,12.370833333333334,12.374566116021015,completed,12.402968894020887,32.13556068755352,20.715999603271484
2970,1,0,12.375,12.379245286021614,dropped_dispatch_late,,,
2971,2,0,12.379166666666666,12.379261226014933,completed,12.412323937023757,33.157270357090596,20.65020751953125
2972,3,1,12.383333333333333,12.383927490998758,completed,12.416977818007581,33.644484674248076,20.6297607421875
2973,0,1,12.3875,12.388906199019402,completed,12.421855705004418,34.35570500441898,15.775967597961426
2974,1,1,12.391666666666666,12.393586991005577,completed,12.426503805007087,34.83713834042135,30.19424057006836
2975,2,1,12.395833333333334,12.398284776019864,completed,12.431168076000176,35.334742666842445,20.626527786254883
2976,3,0,12.4,12.402963364002062,completed,12.43117763401824,31.17763401824014,15.997471809387207
2977,0,0,12.404166666666667,12.407660317025147,completed,12.440612738020718,36.44607135405131,20.61846351623535
2978,1,0,12.408333333333333,12.412316813017242,completed,12.445274604018778,36.941270685444394,20.711103439331055
2979,2,0,12.4125,12.416970113001298,dropped_dispatch_late,,,
2980,3,1,12.416666666666666,12.416985572024714,completed,12.454649324005004,37.982657338337944,20.510623931884766
2981,0,1,12.420833333333333,12.421850273996824,completed,12.455461507022846,34.628173689513986,15.579039573669434
2982,1,1,12.425,12.426497102016583,completed,12.460646126011852,35.646126011851464,15.61616039276123
2983,2,1,12.429166666666667,12.431160912004998,completed,12.465806199004874,36.63953233820649,34.371070861816406
2984,3,0,12.433333333333334,12.43591396100237,completed,12.471474528021645,38.14119468831123,20.480064392089844
2985,0,0,12.4375,12.440607327996986,completed,12.476188533008099,38.6885330080986,20.639135360717773
2986,1,0,12.441666666666666,12.445267932023853,completed,12.485550819023047,43.88415235638021,20.819839477539062
2987,2,0,12.445833333333333,12.449966408021282,completed,12.49048776802374,44.65443469040764,20.622783660888672
2988,3,1,12.45,12.454641509015346,dropped_dispatch_late,,,
2989,0,1,12.454166666666666,12.454657099005999,dropped_queue_full,,,
2990,1,1,12.458333333333334,12.45842857300886,dropped_queue_full,,,
2991,2,1,12.4625,12.462540234002518,dropped_queue_full,,,
2992,3,0,12.466666666666667,12.466756784997415,completed,12.495191413006978,28.524746340311324,20.67024040222168
2993,0,0,12.470833333333333,12.471466572023928,completed,12.499827501014806,28.994167681473115,20.665855407714844
2994,1,0,12.475,12.47618304201751,completed,12.504513593012234,29.51359301223455,20.649280548095703
2995,2,0,12.479166666666666,12.480830361018889,completed,12.509201018023305,30.034351356638567,20.910400390625
2996,3,1,12.483333333333333,12.4855445670255,completed,12.513866171007976,30.53283767464343,20.793472290039062
2997,0,1,12.4875,12.490480664011557,completed,12.513854889024515,26.354889024513994,16.048479080200195
2998,1,1,12.491666666666667,12.495183739025379,completed,12.518514922005124,26.84825533845725,15.948575973510742
2999,2,1,12.495833333333334,12.499822231009603,completed,12.532774732011603,36.94139867826962,20.596128463745117
3000,3,0,12.5,12.504507211007876,dropped_dispatch_late,,,
3001,0,0,12.504166666666666,12.50452236001729,completed,12.537462337000761,33.29567033409475,20.618112564086914
3002,1,0,12.508333333333333,12.50919383400469,completed,12.542214495013468,33.88116168013511,20.41276741027832
3003,2,0,12.5125,12.513849589013262,completed,12.546908643009374,34.40864300937463,15.699359893798828
3004,3,1,12.516666666666666,12.518508339999244,completed,12.551546293019783,34.87962635311703,30.445280075073242
3005,0,1,12.520833333333334,12.5232904140139,completed,12.55620735802222,35.37402468888651,20.542015075683594
3006,1,1,12.525,12.528077529015718,completed,12.5562168660108,31.21686601079965,15.859359741210938
3007,2,1,12.529166666666667,12.532767739001429,completed,12.565540659008548,36.37399234188088,20.611679077148438
3008,3,0,12.533333333333333,12.537457057012944,completed,12.570236600004137,36.90326667080335,20.651519775390625
3009,0,0,12.5375,12.542207973019686,dropped_dispatch_late,,,
3010,1,0,12.541666666666666,12.54222377302358,completed,12.579620667005656,37.95400033899021,20.513120651245117
3011,2,0,12.545833333333333,12.54690148899681,completed,12.580752938025398,34.919604692065676,15.65715217590332
3012,3,1,12.55,12.551538789004553,completed,12.586022880015662,36.02288001566123,15.825152397155762
3013,0,1,12.554166666666667,12.556201988016255,completed,12.591014461999293,36.847795332626276,34.59052658081055
3014,1,1,12.558333333333334,12.560870186018292,completed,12.596538837009575,38.20550367624165,20.677024841308594
3015,2,1,12.5625,12.5655335150077,completed,12.605876617017202,43.37661701720208,20.71513557434082
3016,3,0,12.566666666666666,12.570228794997092,completed,12.610595231002662,43.9285643359959,20.827903747558594
3017,0,0,12.570833333333333,12.574896863021422,completed,12.615329926018603,44.496592685270286,20.809375762939453
3018,1,0,12.575,12.579614245012635,dropped_dispatch_late,,,
3019,2,0,12.579166666666666,12.579629744024714,dropped_queue_full,,,
3020,3,1,12.583333333333334,12.583429804013576,dropped_queue_full,,,
3021,0,1,12.5875,12.587602951010922,dropped_queue_full,,,
3022,1,1,12.591666666666667,12.591806317010196,completed,12.62003303001984,28.36636335317344,20.865087509155273
3023,2,1,12.595833333333333,12.596532105002552,completed,12.62466460900032,28.8312756669864,20.70742416381836
3024,3,0,12.6,12.601223928009858,completed,12.629554629005725,29.55462900572492,20.72844886779785
3025,0,0,12.604166666666666,12.605870024010073,completed,12.634229981020326,30.06331435365972,20.726015090942383
3026,1,0,12.608333333333333,12.610587416013004,completed,12.638881317019695,30.54798368636291,20.718528747558594
3027,2,0,12.6125,12.615324565005722,completed,12.638890925998567,26.39092599856596,16.070175170898438
3028,3,1,12.616666666666667,12.620026428019628,completed,12.648252290004166,31.585623337498703,15.795647621154785
3029,0,1,12.620833333333334,12.624657576001482,completed,12.65764975201455,36.81641868121588,20.683712005615234
3030,1,1,12.625,12.62954682399868,dropped_dispatch_late,,,
3031,2,1,12.629166666666666,12.629563596012304,completed,12.662348870013375,33.182203346708405,20.52035140991211
3032,3,0,12.633333333333333,12.634224761015503,completed,12.667001929017715,33.668595684382296,20.47488021850586
3033,0,0,12.6375,12.638874805008527,completed,12.671657352999318,34.1573529993191,15.678112030029297
3034,1,0,12.641666666666666,12.643543224025052,completed,12.6763164740114,34.649807344734995,30.831104278564453
3035,2,0,12.645833333333334,12.648244825017173,completed,12.680967741005588,35.1344076722544,20.590560913085938
3036,3,1,12.65,12.652953611017438,completed,12.680977339012315,30.97733901231514,15.915743827819824
3037,0,1,12.654166666666667,12.657644543010974,completed,12.690584430005401,36.41776333873459,20.780319213867188
3038,1,1,12.658333333333333,12.6623419560201,completed,12.695616910001263,37.28357666792981,20.814559936523438
3039,2,1,12.6625,12.666994355007773,dropped_dispatch_late,,,
3040,3,0,12.666666666666666,12.667018180014566,completed,12.701159951015143,34.49328434847665,20.61667251586914
3041,0,0,12.670833333333333,12.671652093005832,completed,12.706173184007639,35.33985067430656,15.722175598144531
3042,1,0,12.675,12.676309902017238,completed,12.713074896018952,38.07489601895142,15.51427173614502
3043,2,0,12.679166666666667,12.68096057701041,completed,12.716386717016576,37.22005034990872,35.172607421875
3044,3,1,12.683333333333334,12.685657420021016,completed,12.72613428501063,42.800951677296695,20.377504348754883
3045,0,1,12.6875,12.6905788690201,completed,12.73079312601476,43.293126014759764,20.557279586791992
3046,1,1,12.691666666666666,12.695282304019202,dropped_queue_full,,,
3047,2,1,12.695833333333333,12.69593795001856,completed,12.735440665011993,39.60733167865982,15.78326416015625
3048,3,0,12.7,12.700667685014196,dropped_queue_full,,,
3049,0,0,12.704166666666666,12.704272422997747,dropped_queue_full,,,
3050,1,0,12.708333333333334,12.708384655998088,completed,12.740122289018473,31.78895568513873,26.013280868530273
3051,2,0,12.7125,12.713068544020643,dropped_queue_full,,,
3052,3,1,12.716666666666667,12.71670548300608,completed,12.744833269010996,28.16660234432966,20.813312530517578
3053,0,1,12.720833333333333,12.72141637300956,completed,12.749490465997951,28.65713266461789,20.616992950439453
3054,1,1,12.725,12.726126911002211,completed,12.75417133900919,29.171339009190334,15.764703750610352
3055,2,1,12.729166666666666,12.730787475011311,completed,12.759086787002161,29.92012033549507,25.89084815979004
3056,3,0,12.733333333333333,12.735433632013155,completed,12.763777708023554,30.44437469022121,20.920032501220703
3057,0,0,12.7375,12.740115887019783,completed,12.773134743998526,35.634743998524954,20.89641571044922
3058,1,0,12.741666666666667,12.744825614005094,completed,12.773144411999965,31.477745333297946,15.966143608093262
3059,2,0,12.745833333333334,12.749485246022232,completed,12.782521817018278,36.68848368494437,20.5963191986084
3060,3,1,12.75,12.75416477600811,completed,12.787207818997558,37.207818997558206,20.609792709350586
3061,0,1,12.754166666666666,12.75907950301189,dropped_dispatch_late,,,
3062,1,1,12.758333333333333,12.759095112007344,completed,12.792156080016866,33.82274668353347,20.480384826660156
3063,2,1,12.7625,12.763769883022178,completed,12.796838114009006,34.33811400900666,15.67955207824707
3064,3,0,12.766666666666666,12.768453110009432,completed,12.801526782015571,34.86011534890565,15.762592315673828
3065,0,0,12.770833333333334,12.773129123001127,completed,12.806201272003818,35.36793867048438,31.904159545898438
3066,1,0,12.775,12.777842397015775,completed,12.806210991024273,31.21099102427216,15.863455772399902
3067,2,0,12.779166666666667,12.782514613005333,completed,12.815810477011837,36.64381034517028,20.71196746826172
3068,3,1,12.783333333333333,12.787200054997811,completed,12.820967083011055,37.63374967772215,20.66851234436035
3069,0,1,12.7875,12.79214950700407,dropped_dispatch_late,,,
3070,1,1,12.791666666666666,12.792165658000158,completed,12.826636945013888,34.970278347222106,20.524831771850586
3071,2,1,12.795833333333333,12.796830760024022,completed,12.833864645013819,38.03131168048601,15.633536338806152
3072,3,0,12.8,12.801519137021387,completed,12.838530189008452,38.53018900845129,15.747808456420898
3073,0,0,12.804166666666667,12.806195742014097,completed,12.846358851005789,42.19218433912175,35.490272521972656
3074,1,0,12.808333333333334,12.810852168011479,completed,12.851052518002689,42.719184669355315,20.541248321533203
3075,2,0,12.8125,12.815476723015308,dropped_queue_full,,,
3076,3,1,12.816666666666666,12.816761513997335,dropped_queue_full,,,
3077,0,1,12.820833333333333,12.820959589007543,completed,12.855670902004931,34.83756867159826,10.836223602294922
3078,1,1,12.825,12.82567027801997,dropped_queue_full,,,
3079,2,1,12.829166666666666,12.829166791023454,completed,12.85568141200929,26.51474534262377,21.475616455078125
3080,3,0,12.833333333333334,12.833857502002502,completed,12.86528982501477,31.956491681436106,26.060447692871094
3081,0,0,12.8375,12.838522284000646,dropped_queue_full,,,
3082,1,0,12.841666666666667,12.841693207999924,completed,12.870037904998753,28.371238332086435,20.757600784301758
3083,2,0,12.845833333333333,12.846353411005111,completed,12.87468703702325,28.8537036899168,20.555871963500977
3084,3,1,12.85,12.851046106021386,completed,12.879358292004326,29.358292004326714,15.673952102661133
3085,0,1,12.854166666666666,12.855665451003006,completed,12.884028914006194,29.862247339528025,28.055679321289062
3086,1,1,12.858333333333333,12.860450652020518,completed,12.893590920022689,35.2575866893563,20.740480422973633
3087,2,1,12.862499999999999,12.86527435600874,completed,12.893600348004838,31.100348004839518,15.781344413757324
3088,3,0,12.866666666666667,12.870031272002961,completed,12.902948005998041,36.28133933137434,20.570432662963867
3089,0,0,12.870833333333334,12.874679924017983,completed,12.907590806018561,36.757472685227555,20.563583374023438
3090,1,0,12.875,12.87935033600661,dropped_dispatch_late,,,
3091,2,0,12.879166666666666,12.87936658700346,completed,12.912253915012116,33.08724834544918,20.385311126708984
3092,3,1,12.883333333333333,12.88402318401495,completed,12.91690857699723,33.57524366389697,15.576607704162598
3093,0,1,12.8875,12.88866153502022,completed,12.921565394004574,34.065394004574756,15.643263816833496
3094,1,1,12.891666666666666,12.89358419700875,completed,12.92623448400991,34.567817343244656,31.77859115600586
3095,2,1,12.895833333333334,12.898240132024512,completed,12.93561719902209,39.78386568875614,20.570432662963867
3096,3,0,12.9,12.902939899999183,completed,12.936113761999877,36.113761999876814,20.708415985107422
3097,0,0,12.904166666666667,12.907585476001259,completed,12.941329671011772,37.16300434510522,20.76620864868164
3098,1,0,12.908333333333333,12.91224703201442,completed,12.950574162998237,42.2408296649035,20.763519287109375
3099,2,0,12.9125,12.916901003016392,dropped_dispatch_late,,,
3100,3,1,12.916666666666666,12.91691608200199,completed,12.95526521501597,38.598548349304096,15.790464401245117
3101,0,1,12.920833333333333,12.921559973998228,completed,12.959901423018891,39.06808968555886,15.762175559997559
3102,1,1,12.924999999999999,12.926227912015747,completed,12.964793977007503,39.793977007503756,15.763808250427246
3103,2,1,12.929166666666667,12.930911048024427,completed,12.971384097007103,42.217430340436124,36.42067337036133
3104,3,0,12.933333333333334,12.935609965003096,dropped_queue_full,,,
3105,0,0,12.9375,12.937539962003939,dropped_queue_full,,,
3106,1,0,12.941666666666666,12.94180640700506,dropped_queue_full,,,
3107,2,0,12.945833333333333,12.945905644010054,completed,12.976053037011297,30.21970367796456,6.033919811248779
3108,3,1,12.95,12.950567701016553,completed,12.976062454021303,26.062454021303694,21.848896026611328
3109,0,1,12.954166666666666,12.955257671012077,completed,12.980707328999415,26.54066233274932,21.594816207885742
3110,1,1,12.958333333333334,12.959896083018975,completed,12.99003410700243,31.70077366909574,26.34921646118164
3111,2,1,12.9625,12.964787645003526,dropped_queue_full,,,
3112,3,0,12.966666666666667,12.966701030003605,completed,12.995468591019744,28.80192435307727,20.41187286376953
3113,0,0,12.970833333333333,12.971377013018355,completed,13.000177246023668,29.34391269033476,20.377344131469727
3114,1,0,12.975,12.976045693008928,completed,13.00487098301528,29.870983015280572,15.708255767822266
3115,2,0,12.979166666666666,12.980701848020544,completed,13.01419868299854,35.032016331873805,28.92848014831543
3116,3,1,12.983333333333333,12.985363815008895,completed,13.014208432025043,30.87509869171079,15.757311820983887
3117,0,1,12.987499999999999,12.990027565014316,completed,13.023531183018349,36.03118301835018,20.540159225463867
3118,1,1,12.991666666666667,12.995461167010944,completed,13.028308609005762,36.641942339095124,20.50886344909668
3119,2,1,12.995833333333334,13.000171835999936,dropped_dispatch_late,,,
3120,3,0,13.0,13.000187346013263,completed,13.033029086014722,33.02908601472154,20.314271926879883
3121,0,0,13.004166666666666,13.004864351009019,completed,13.037683489004849,33.516822338182095,15.644927978515625
3122,1,0,13.008333333333333,13.009577364020515,completed,13.04237824701704,34.04491368370799,15.714240074157715
3123,2,0,13.0125,13.014191219001077,completed,13.047057226009201,34.55722600920197,31.88912010192871
3124,3,1,13.016666666666666,13.018858927011024,completed,13.051724473014474,35.057806347808196,20.51568031311035
3125,0,1,13.020833333333334,13.023525582015282,completed,13.05672725700424,35.8939236709066,15.88054370880127
3126,1,1,13.025,13.028302317019552,completed,13.061751261004247,36.751261004246416,20.374048233032227
3127,2,1,13.029166666666667,13.03302143199835,completed,13.071422414010158,42.255747343491024,20.47395133972168
3128,3,0,13.033333333333333,13.037678229011362,dropped_dispatch_late,,,
3129,0,0,13.0375,13.037693808000768,completed,13.076263661001576,38.763661001576466,15.8156156539917
3130,1,0,13.041666666666666,13.04237171501154,completed,13.080945816007443,39.2791493407767,15.774208068847656
3131,2,0,13.045833333333333,13.047049772023456,completed,13.08560129001853,39.76795668519806,15.807040214538574
3132,3,1,13.049999999999999,13.051716437999858,completed,13.092323229997419,42.32322999741989,35.92732620239258
3133,0,1,13.054166666666667,13.056393132021185,dropped_queue_full,,,
3134,1,1,13.058333333333334,13.058435051003471,dropped_queue_full,,,
3135,2,1,13.0625,13.062543777021347,dropped_queue_full,,,
3136,3,0,13.066666666666666,13.066742193012033,completed,13.09720592602389,30.539259357222903,5.98960018157959
3137,0,0,13.070833333333333,13.071415409998735,completed,13.097194614005275,26.36128067194221,21.534048080444336
3138,1,0,13.075,13.07625835100771,completed,13.101846902020043,26.846902020043473,21.49795150756836
3139,2,0,13.079166666666666,13.08093973400537,completed,13.111316923022969,32.150256356302975,26.205055236816406
3140,3,1,13.083333333333334,13.085594126023352,dropped_queue_full,,,
3141,0,1,13.0875,13.087641104997601,completed,13.11598868801957,28.488688019569608,20.55276870727539
3142,1,1,13.091666666666667,13.092315355024766,completed,13.120688517024973,29.021850358306622,20.504287719726562
3143,2,1,13.095833333333333,13.097189314023126,completed,13.125352307019057,29.518973685723537,15.8023681640625
3144,3,0,13.1,13.101840440009255,completed,13.134656342008384,34.6563420083843,28.204191207885742
3145,0,0,13.104166666666666,13.10651436902117,completed,13.139324981020764,35.15831435409744,20.64409637451172
3146,1,0,13.108333333333333,13.111309649015311,completed,13.139334680017782,31.00134668444987,16.02239990234375
3147,2,0,13.112499999999999,13.115983288007556,completed,13.148726381012239,36.22638101223963,20.644672393798828
3148,3,1,13.116666666666667,13.12068206400727,completed,13.153422773000784,36.75610633411708,20.756128311157227
3149,0,1,13.120833333333334,13.125345093023498,dropped_dispatch_late,,,
3150,1,1,13.125,13.125360653008102,completed,13.158066244999645,33.06624499964528,20.617279052734375
3151,2,1,13.129166666666666,13.130018040013965,completed,13.162705418013502,33.53875134683548,15.691264152526855
3152,3,0,13.133333333333333,13.134648607025156,completed,13.167646654997952,34.31332166461942,15.796256065368652
3153,0,0,13.1375,13.13931950100232,completed,13.172298653022153,34.798653022154014,32.69340896606445
3154,1,0,13.141666666666666,13.14403738299734,completed,13.18165252302424,39.98585635757479,20.68524742126465
3155,2,0,13.145833333333334,13.148718787007965,completed,13.182621233019745,36.78789968641105,20.69977569580078
3156,3,1,13.15,13.153414688014891,completed,13.187965826014988,37.96582601498777,20.709535598754883
3157,0,1,13.154166666666667,13.158059552020859,completed,13.19642216101056,42.25549434389286,20.617664337158203
3158,1,1,13.158333333333333,13.162698535015807,dropped_dispatch_late,,,
3159,2,1,13.1625,13.162713744008215,completed,13.201324634021148,38.82463402114844,15.898880004882812
3160,3,0,13.166666666666666,13.167638960003387,completed,13.205962956009898,39.29628934323226,15.634016036987305
3161,0,0,13.170833333333333,13.172293132025516,completed,13.210585378023097,39.75204468976479,15.743328094482422
3162,1,0,13.174999999999999,13.176954618014861,completed,13.217361050017644,42.361050017644786,36.245601654052734
3163,2,0,13.179166666666667,13.181646150012966,dropped_queue_full,,,
3164,3,1,13.183333333333334,13.183412847021827,dropped_queue_full,,,
3165,0,1,13.1875,13.187640538002597,dropped_queue_full,,,
3166,1,1,13.191666666666666,13.191745777003234,completed,13.222071729018353,30.405062351686496,6.0120320320129395
3167,2,1,13.195833333333333,13.196416910999687,completed,13.222081637999509,26.24830466617567,21.70899200439453
3168,3,0,13.2,13.201317480998114,completed,13.226755637006136,26.755637006136368,21.89081573486328
3169,0,0,13.204166666666666,13.20595558200148,completed,13.23604766902281,31.881002356143995,26.470720291137695
3170,1,0,13.208333333333334,13.210580006998498,dropped_queue_full,,,
3171,2,0,13.2125,13.212640692014247,completed,13.245354821003275,32.85482100327464,20.6177921295166
3172,3,1,13.216666666666667,13.217354718013667,completed,13.250022468011593,33.35580134492666,20.358816146850586
3173,0,1,13.220833333333333,13.222064685018267,completed,13.254723307996755,33.88997466342225,15.75932788848877
3174,1,1,13.225,13.226748654007679,completed,13.259385946003022,34.38594600302203,29.496959686279297
3175,2,1,13.229166666666666,13.231388057000004,completed,13.264019098016433,34.85243134976734,20.47007942199707
3176,3,0,13.233333333333333,13.236041979020229,completed,13.264029237005161,30.695903671828617,15.86457633972168
3177,0,0,13.237499999999999,13.240683146024821,completed,13.273364952998236,35.86495299823689,20.4451847076416
3178,1,0,13.241666666666667,13.245348048018059,completed,13.27802325200173,36.356585335063585,20.542848587036133
3179,2,0,13.245833333333334,13.250014423014363,dropped_dispatch_late,,,
3180,3,1,13.25,13.25003042301978,completed,13.282663818012225,32.66381801222451,20.39731216430664
3181,0,1,13.254166666666666,13.254717978008557,completed,13.2877910080133,33.62434134663417,15.650015830993652
3182,1,1,13.258333333333333,13.259379243012518,completed,13.293069777020719,34.73644368738604,15.712672233581543
3183,2,1,13.2625,13.264002837007865,completed,13.298175525997067,35.67552599706758,33.83795166015625
3184,3,0,13.266666666666666,13.26870905800024,completed,13.304775384021923,38.10871735525723,20.441280364990234
3185,0,0,13.270833333333334,13.273359372018604,completed,13.309417603013571,38.584269680237426,20.467487335205078
3186,1,0,13.275,13.278016549011227,completed,13.314057398005389,39.05739800538832,20.51603126525879
3187,2,0,13.279166666666667,13.28265617400757,completed,13.323383174021728,44.21650735506155,20.55241584777832
3188,3,1,13.283333333333333,13.287612690008245,dropped_dispatch_late,,,
3189,0,1,13.2875,13.287620855000569,dropped_queue_full,,,
3190,1,1,13.291666666666666,13.2917981010105,dropped_queue_full,,,
3191,2,1,13.295833333333333,13.295902668003691,dropped_queue_full,,,
3192,3,0,13.299999999999999,13.300070877012331,completed,13.328097560006427,28.097560006427713,20.388927459716797
3193,0,0,13.304166666666667,13.304767800000263,completed,13.332748386019375,28.581719352708035,20.576223373413086
3194,1,0,13.308333333333334,13.309412213013275,completed,13.337419249000959,29.085915667625528,20.376224517822266
3195,2,0,13.3125,13.314050945016788,completed,13.342070896003861,29.57089600386098,20.423391342163086
3196,3,1,13.316666666666666,13.318706710007973,completed,13.346731901023304,30.06523435663766,20.431455612182617
3197,0,1,13.320833333333333,13.323375840001972,completed,13.351376434002304,30.54310066897159,20.46143913269043
3198,1,1,13.325,13.328089866001392,completed,13.351386323018232,26.38632301823307,15.735103607177734
3199,2,1,13.329166666666666,13.332743006001692,completed,13.356047708017286,26.881041350620194,15.685376167297363
3200,3,0,13.333333333333334,13.337412667024182,completed,13.365446013020119,32.11267968678477,20.750463485717773
3201,0,0,13.3375,13.342063782998594,dropped_dispatch_late,,,
3202,1,0,13.341666666666667,13.342079392023152,completed,13.374784654006362,33.117987339695176,20.76518440246582
3203,2,0,13.345833333333333,13.346724186005304,completed,13.379502827010583,33.66949367724992,20.638687133789062
3204,3,1,13.35,13.351370934018632,completed,13.384176646010019,34.17664601001924,15.892191886901855
3205,0,1,13.354166666666666,13.356041196006117,completed,13.388899128010962,34.732461344296084,30.076831817626953
3206,1,1,13.358333333333333,13.360756183014018,completed,13.39367239602143,35.339062688096945,20.760255813598633
3207,2,1,13.362499999999999,13.36543798801722,completed,13.39368184399791,31.181843997911685,16.116575241088867
3208,3,0,13.366666666666667,13.370123910019174,completed,13.403286570013734,36.61990334706644,20.74131202697754
3209,0,0,13.370833333333334,13.374778110999614,completed,13.407907920016441,37.074586683107924,20.776575088500977
3210,1,0,13.375,13.379495603003306,dropped_dispatch_late,,,
3211,2,0,13.379166666666666,13.379511293023825,completed,13.41301974101225,33.85307434558271,20.67945671081543
3212,3,1,13.383333333333333,13.384167689015158,completed,13.41807090700604,34.737573672707356,15.750080108642578
3213,0,1,13.3875,13.388893808005378,completed,13.423276286019245,35.77628601924587,15.805791854858398
3214,1,1,13.391666666666666,13.39366583302035,completed,13.429692714998964,38.0260483322985,34.442623138427734
3215,2,1,13.395833333333334,13.39837451800122,completed,13.434412230999442,38.57889766610789,20.671072006225586
3216,3,0,13.4,13.403279176010983,completed,13.43903917100397,39.03917100396903,20.67731285095215
3217,0,0,13.404166666666667,13.407902680017287,completed,13.448345110024093,44.178443357425934,20.735904693603516
3218,1,0,13.408333333333333,13.41256733101909,dropped_dispatch_late,,,
3219,2,0,13.4125,13.412575687019853,dropped_queue_full,,,
3220,3,1,13.416666666666666,13.416798890015343,dropped_queue_full,,,
3221,0,1,13.420833333333333,13.420901915000286,dropped_queue_full,,,
3222,1,1,13.424999999999999,13.4250117019983,completed,13.453056140016997,28.0561400169983,20.717056274414062
3223,2,1,13.429166666666667,13.429686303017661,completed,13.45769952100818,28.532854341513314,20.638879776000977
3224,3,0,13.433333333333334,13.43440494700917,completed,13.462367679021554,29.034345688220498,20.591903686523438
3225,0,0,13.4375,13.439031406014692,completed,13.467077727022115,29.57772702211514,20.58799934387207
3226,1,0,13.441666666666666,13.443665619997773,completed,13.471756806015037,30.09013934837057,20.617536544799805
3227,2,0,13.445833333333333,13.448339529015357,completed,13.47641173901502,30.57840568168757,20.62348747253418
3228,3,1,13.45,13.453049327014014,completed,13.476421047002077,26.421047002077813,15.9967679977417
3229,0,1,13.454166666666666,13.45769225701224,completed,13.481061142025283,26.894475358616887,15.76905632019043
3230,1,1,13.458333333333334,13.46235987401451,completed,13.49536203002208,37.0286966887452,20.752256393432617
3231,2,1,13.4625,13.467072497005574,dropped_dispatch_late,,,
3232,3,0,13.466666666666667,13.467087596014608,completed,13.500026862020604,33.36019535393753,20.624191284179688
3233,0,0,13.470833333333333,13.471750544005772,completed,13.504976916010492,34.143582677158335,20.564960479736328
3234,1,0,13.475,13.476404365006601,completed,13.50965574401198,34.655744011979905,15.70076847076416
3235,2,0,13.479166666666666,13.481055291020311,completed,13.514311950013507,35.14528334684108,30.523679733276367
3236,3,1,13.483333333333333,13.485791117011104,completed,13.514321017020848,30.987683687515144,15.729056358337402
3237,0,1,13.487499999999999,13.490488361014286,completed,13.523668164008996,36.168164008996584,20.77782440185547
3238,1,1,13.491666666666667,13.495355668012053,completed,13.528349628002616,36.682961335948505,20.828128814697266
3239,2,1,13.495833333333334,13.500019166996935,dropped_dispatch_late,,,
3240,3,0,13.5,13.500281546002952,completed,13.53778803802561,37.78803802561015,20.712543487548828
3241,0,0,13.504166666666666,13.50497155499761,completed,13.538128154003061,33.961487336394924,15.641695976257324
3242,1,0,13.508333333333333,13.50964918200043,completed,13.543489570001839,35.15623666850587,15.703136444091797
3243,2,0,13.5125,13.514304816024378,completed,13.54869785401388,36.197854013881425,34.03833770751953
3244,3,1,13.516666666666666,13.519015555008082,completed,13.554799065022962,38.13239835629645,20.535871505737305
3245,0,1,13.520833333333334,13.523662974010222,completed,13.559477212023921,38.643878690587385,20.673696517944336
3246,1,1,13.525,13.528343175014015,completed,13.564159127010498,39.15912701049784,20.62259292602539
3247,2,1,13.529166666666667,13.53303400700679,completed,13.573502917017322,44.33625035065525,20.714080810546875
3248,3,0,13.533333333333333,13.537780103011755,dropped_dispatch_late,,,
3249,0,0,13.5375,13.537796835007612,dropped_queue_full,,,
3250,1,0,13.541666666666666,13.541743973997654,dropped_queue_full,,,
3251,2,0,13.545833333333333,13.545858620025683,dropped_queue_full,,,
3252,3,1,13.549999999999999,13.550112872006139,completed,13.578226200013887,28.226200013888203,20.639968872070312
3253,0,1,13.554166666666667,13.554791190021206,completed,13.582850024016807,28.683357350139715,20.597759246826172
3254,1,1,13.558333333333334,13.559471932007,completed,13.587538662017323,29.205328683989507,20.588768005371094
3255,2,1,13.5625,13.564152494014706,completed,13.592338300019037,29.83830001903698,20.627552032470703
3256,3,0,13.566666666666666,13.568831062002573,completed,13.5971464739996,30.479807332934428,20.71980857849121
3257,0,0,13.570833333333333,13.573495794000337,completed,13.59713524300605,26.301909672717727,16.14143943786621
3258,1,0,13.575,13.57821843601414,completed,13.601831074018264,26.8310740182649,15.937472343444824
3259,2,0,13.579166666666666,13.58284517499851,completed,13.611550116998842,32.38345033217627,20.778303146362305
3260,3,1,13.583333333333334,13.587532158999238,dropped_dispatch_late,,,
3261,0,1,13.5875,13.587547418021131,completed,13.620921449997695,33.42144999769481,20.617151260375977
3262,1,1,13.591666666666667,13.592331086023478,completed,13.625577516009798,33.91084934313149,20.593151092529297
3263,2,1,13.595833333333333,13.597129872010555,completed,13.6302404240123,34.40709067896641,15.802495956420898
3264,3,0,13.6,13.601824551005848,completed,13.634922338009346,34.92233800934663,29.704864501953125
3265,0,0,13.604166666666666,13.606852443015669,completed,13.63491054601036,30.743879343694047,15.856736183166504
3266,1,0,13.608333333333333,13.611542883008951,completed,13.644289704010589,35.956370677256544,20.70569610595703
3267,2,0,13.612499999999999,13.616246940015117,completed,13.648998910008231,36.498910008232244,20.710912704467773
3268,3,1,13.616666666666667,13.62091596002574,dropped_dispatch_late,,,
3269,0,1,13.620833333333334,13.620931459008716,completed,13.653677939000772,32.84460566743874,20.662303924560547
3270,1,1,13.625,13.62557116401149,completed,13.658695431018714,33.69543101871386,15.80787181854248
3271,2,1,13.629166666666666,13.630233381001744,completed,13.663912201998755,34.745535332088906,15.88646411895752
3272,3,0,13.633333333333333,13.634904995007673,completed,13.669118863006588,35.78552967325521,33.956417083740234
3273,0,0,13.6375,13.63958609799738,completed,13.675551834021462,38.05183402146284,20.843456268310547
3274,1,0,13.641666666666666,13.644283241999801,completed,13.68026376501075,38.5970983440842,20.75276756286621
3275,2,0,13.645833333333334,13.648991877009394,completed,13.684961821010802,39.128487677468016,20.76598358154297
3276,3,1,13.65,13.653672248008661,completed,13.694544365018373,44.544365018373,20.632640838623047
3277,0,1,13.654166666666667,13.658358782005962,dropped_dispatch_late,,,
3278,1,1,13.658333333333333,13.6583667070081,dropped_queue_full,,,
3279,2,1,13.6625,13.66264057601802,dropped_queue_full,,,
3280,3,0,13.666666666666666,13.666742639004951,dropped_queue_full,,,
3281,0,0,13.670833333333333,13.670853659015847,completed,13.699252509017242,28.419175683909614,20.695711135864258
3282,1,0,13.674999999999999,13.67554666401702,completed,13.703953350021038,28.95335002103927,20.721471786499023
3283,2,0,13.679166666666667,13.680257273023017,completed,13.708897202013759,29.730535347091802,20.762367248535156
3284,3,1,13.683333333333334,13.684954666998237,completed,13.713605655997526,30.27232266419233,20.73481559753418
3285,0,1,13.6875,13.689629829023033,completed,13.718332125019515,30.832125019514933,20.655487060546875
3286,1,1,13.691666666666666,13.694536229013465,completed,13.718341764004435,26.67509733776896,15.96019172668457
3287,2,1,13.695833333333333,13.699246838019462,completed,13.723015002004104,27.181668670770875,15.840383529663086
3288,3,0,13.7,13.703946927009383,completed,13.732321973016951,32.321973016951944,20.743040084838867
3289,0,0,13.704166666666666,13.708890168025391,dropped_dispatch_late,,,
3290,1,0,13.708333333333334,13.708905608014902,completed,13.741624345013406,33.2910116800722,20.581632614135742
3291,2,0,13.7125,13.7135981520114,completed,13.746288145019207,33.788145019206794,20.38604736328125
3292,3,1,13.716666666666667,13.71832659500069,completed,13.750974768016022,34.308101349354914,15.663968086242676
3293,0,1,13.720833333333333,13.723001175007084,completed,13.755687621014658,34.85428768132515,29.245983123779297
3294,1,1,13.725,13.727653984999051,completed,13.760344517999329,35.34451799932903,20.592575073242188
3295,2,1,13.729166666666666,13.732314138003858,completed,13.760354026017012,31.187359350346,15.942912101745605
3296,3,0,13.733333333333333,13.736980032001156,completed,13.769763281015912,36.42994768257957,20.595232009887695
3297,0,0,13.737499999999999,13.74161790200742,completed,13.774392436025664,36.892436025665276,20.624319076538086
3298,1,0,13.741666666666667,13.746280941006262,dropped_dispatch_late,,,
3299,2,0,13.745833333333334,13.746296330005862,completed,13.779079229017952,33.24589568461889,20.588159561157227
3300,3,1,13.75,13.75096700299764,completed,13.783912501006853,33.912501006852835,15.6561918258667
3301,0,1,13.754166666666666,13.755682101007551,completed,13.789123291004216,34.95662433754987,15.694239616394043
3302,1,1,13.758333333333333,13.760337815008825,completed,13.794014683022397,35.68134968906378,33.47520065307617
3303,2,1,13.7625,13.765052943024784,completed,13.80058699901565,38.08699901565049,20.37843132019043
3304,3,0,13.766666666666666,13.76975557699916,completed,13.805259996006498,38.593329339832394,20.451040267944336
3305,0,0,13.770833333333334,13.774386975012021,completed,13.810162009001942,39.328675668608426,20.451295852661133
3306,1,0,13.775,13.779071865021251,completed,13.814794870006153,39.794870006153005,20.543424606323242
3307,2,0,13.779166666666667,13.783729073009454,dropped_dispatch_late,,,
3308,3,1,13.783333333333333,13.783737178018782,dropped_queue_full,,,
3309,0,1,13.7875,13.787534733011853,dropped_queue_full,,,
3310,1,1,13.791666666666666,13.791798563004704,dropped_queue_full,,,
3311,2,1,13.795833333333333,13.795910144021036,completed,13.824160882999422,28.327549666089524,20.54355239868164
3312,3,0,13.799999999999999,13.800580166018335,completed,13.82895922800526,28.959228005261295,20.512544631958008
3313,0,0,13.804166666666667,13.805252321006265,completed,13.833785327005899,29.61866033923144,20.68275260925293
3314,1,0,13.808333333333334,13.810156498017022,completed,13.838464266009396,30.130932676062372,20.781408309936523
3315,2,0,13.8125,13.81478826701641,completed,13.843127575004473,30.62757500447333,20.754592895507812
3316,3,1,13.816666666666666,13.819487535016378,completed,13.843137062998721,26.470396332054946,16.133983612060547
3317,0,1,13.820833333333333,13.82415367901558,completed,13.847808065998834,26.974732665500767,15.962047576904297
3318,1,1,13.825,13.828951534000225,completed,13.857242730009602,32.24273000960309,20.628704071044922
3319,2,1,13.829166666666666,13.833780037006363,dropped_dispatch_late,,,
3320,3,0,13.833333333333334,13.833795216021826,completed,13.866700868005864,33.3675346725304,20.56643295288086
3321,0,0,13.8375,13.838457803009078,completed,13.871403241006192,33.903241006191465,20.553855895996094
3322,1,0,13.841666666666667,13.843120450997958,completed,13.876081889000488,34.41522233382166,15.830207824707031
3323,2,0,13.845833333333333,13.847802736010635,completed,13.880741271015722,34.90793768238909,29.55232048034668
3324,3,1,13.85,13.852484811010072,completed,13.880749907024438,30.749907024437917,15.958975791931152
3325,0,1,13.854166666666666,13.857236367999576,completed,13.89008693501819,35.92026835152318,20.631263732910156
3326,1,1,13.858333333333333,13.861941827024566,completed,13.894760073017096,36.42673968376364,20.704191207885742
3327,2,1,13.862499999999999,13.86669333401369,dropped_dispatch_late,,,
3328,3,0,13.866666666666667,13.866708592016948,completed,13.899478908017045,32.81224135037775,20.534048080444336
3329,0,0,13.870833333333334,13.871397871000227,completed,13.904156794014852,33.323460681518924,15.734335899353027
3330,1,0,13.875,13.876075297011994,completed,13.90908257200499,34.08257200499065,15.730143547058105
3331,2,0,13.879166666666666,13.880734247999499,completed,13.914242515020305,35.07584835363886,33.22431945800781
3332,3,1,13.883333333333333,13.885410672024591,completed,13.919440890022088,36.10755668875498,20.45484733581543
3333,0,1,13.8875,13.890081615012605,completed,13.92554571799701,38.04571799701151,20.542240142822266
3334,1,1,13.891666666666666,13.894753571017645,completed,13.933967838005628,42.30117133896272,20.602975845336914
3335,2,1,13.895833333333334,13.899471383017953,completed,13.938789267005632,42.955933672297775,20.551807403564453
3336,3,0,13.9,13.904151124006603,completed,13.943458367022686,43.45836702268535,20.688447952270508
3337,0,0,13.904166666666667,13.908806878025644,dropped_dispatch_late,,,
3338,1,0,13.908333333333333,13.909077422023984,completed,13.948126846022205,39.79351268887221,15.913472175598145
3339,2,0,13.9125,13.913746703008655,dropped_queue_full,,,
3340,3,1,13.916666666666666,13.916745760012418,dropped_queue_full,,,
3341,0,1,13.920833333333333,13.920863353007007,completed,13.952824360021623,31.991026688290347,26.263839721679688
3342,1,1,13.924999999999999,13.925540488009574,dropped_queue_full,,,
3343,2,1,13.929166666666667,13.929168861010112,completed,13.957527966005728,28.36129933906051,21.006847381591797
3344,3,0,13.933333333333334,13.933961466012988,completed,13.962202927010367,28.869593677033123,20.802560806274414
3345,0,0,13.9375,13.938782234006794,completed,13.966896894999081,29.39689499908127,15.729727745056152
3346,1,0,13.941666666666666,13.943450683000265,completed,13.97630601900164,34.63935233497395,25.832351684570312
3347,2,0,13.945833333333333,13.948120704997564,completed,13.98096917802468,35.13584469134656,20.78144073486328
3348,3,1,13.95,13.952818840014515,completed,13.980978075007442,30.978075007443096,16.12735939025879
3349,0,1,13.954166666666666,13.957520682015456,completed,13.990348707011435,36.18204034476946,20.676448822021484
3350,1,1,13.958333333333334,13.96219529301743,completed,13.995037915010471,36.70458167713697,20.664064407348633
3351,2,1,13.9625,13.966891294025118,dropped_dispatch_late,,,
3352,3,0,13.966666666666667,13.966906633024337,completed,13.999738345009973,33.07167834330649,20.518400192260742
3353,0,0,13.970833333333333,13.971619546005968,completed,14.004447751009138,33.614417675805086,15.593952178955078
3354,1,0,13.975,13.97629956700257,completed,14.009181575005641,34.18157500564156,15.64303970336914
3355,2,0,13.979166666666666,13.980961854016641,completed,14.014694708021125,35.52804135445875,32.376190185546875
3356,3,1,13.983333333333333,13.985652756004129,completed,14.019389066001168,36.05573266783502,20.646623611450195
3357,0,1,13.987499999999999,13.990343297016807,completed,14.019377755001187,31.87775500118839,15.899680137634277
3358,1,1,13.991666666666667,13.99503128300421,completed,14.029339389002416,37.67272233574914,20.67804718017578
3359,2,1,13.995833333333334,13.999730820010882,completed,14.038420852011768,42.58751867843458,20.64841651916504
3360,3,0,14.0,14.004442331002792,dropped_dispatch_late,,,
3361,0,0,14.004166666666666,14.004457831004402,completed,14.040016142011154,35.84947534448801,20.41587257385254
3362,1,0,14.008333333333333,14.009175323008094,completed,14.04650183301419,38.16849968085734,15.47811222076416
3363,2,0,14.0125,14.014687534014229,completed,14.051171565020923,38.67156502092328,15.58460807800293
3364,3,1,14.016666666666666,14.019372194015887,completed,14.058870010019746,42.20334335307996,35.594017028808594
3365,0,1,14.020833333333334,14.02408084901981,completed,14.063530774001265,42.69744066793102,20.450815200805664
3366,1,1,14.025,14.028728659002809,dropped_queue_full,,,
3367,2,1,14.029166666666667,14.029173574002925,dropped_queue_full,,,
3368,3,0,14.033333333333333,14.033429139002692,completed,14.068411276006373,35.07794267303943,10.766464233398438
3369,0,0,14.0375,14.03841347800335,dropped_queue_full,,,
3370,1,0,14.041666666666666,14.041755817015655,completed,14.06840062502306,26.733958356393472,21.435232162475586
3371,2,0,14.045833333333333,14.046495490998495,completed,14.077813417010475,31.980083677142446,26.200767517089844
3372,3,1,14.049999999999999,14.051164311007597,dropped_queue_full,,,
3373,0,1,14.054166666666667,14.05417248600861,completed,14.082498347997898,28.331681331231096,20.929119110107422
3374,1,1,14.058333333333334,14.058862245001364,completed,14.087358000018867,29.024666685533163,20.67932891845703
3375,2,1,14.0625,14.063525324017974,completed,14.096886151004583,34.38615100458264,15.654687881469727
3376,3,0,14.066666666666666,14.068394103000173,completed,14.101574377011275,34.90771034460849,28.772287368774414
3377,0,0,14.070833333333333,14.073095274012303,completed,14.106201798014808,35.36846468147559,20.818143844604492
3378,1,0,14.075,14.077806244022213,completed,14.106211607024306,31.211607024307142,15.888256072998047
3379,2,0,14.079166666666666,14.08249314801651,completed,14.115876077004941,36.70941033827546,20.62678337097168
3380,3,1,14.083333333333334,14.087351357011357,completed,14.120599991001654,37.26665766832049,20.59574317932129
3381,0,1,14.0875,14.092119665001519,dropped_dispatch_late,,,
3382,1,1,14.091666666666667,14.092128031014,completed,14.125239495013375,33.57282834670805,20.442399978637695
3383,2,1,14.095833333333333,14.096879167016596,completed,14.129861866007559,34.02853267422579,15.64470386505127
3384,3,0,14.1,14.1015665520099,completed,14.134526387002552,34.52638700255228,15.720128059387207
3385,0,0,14.104166666666666,14.106196378008462,completed,14.139385118003702,35.21845133703572,32.61849594116211
3386,1,0,14.108333333333333,14.110954697011039,completed,14.144372031005332,36.03869767199974,15.728320121765137
3387,2,0,14.112499999999999,14.115868723019958,completed,14.149400655005593,36.90065500559392,20.41427230834961
3388,3,1,14.116666666666667,14.12059221600066,completed,14.158950106007978,42.28343934131118,20.419776916503906
3389,0,1,14.120833333333334,14.12523320299806,dropped_dispatch_late,,,
3390,1,1,14.125,14.125248482014285,completed,14.163542120018974,38.54212001897395,15.742143630981445
3391,2,1,14.129166666666666,14.12985489302082,completed,14.168125146010425,38.95847934375851,15.727392196655273
3392,3,0,14.133333333333333,14.134518512000795,completed,14.172748249024153,39.414915690819896,15.818047523498535
3393,0,0,14.1375,14.139379307016497,completed,14.179730433010263,42.23043301026408,35.9633903503418
3394,1,0,14.141666666666666,14.144033188000321,dropped_queue_full,,,
3395,2,0,14.145833333333334,14.145960519002983,dropped_queue_full,,,
3396,3,1,14.15,14.150015222025104,dropped_queue_full,,,
3397,0,1,14.154166666666667,14.154271849023644,completed,14.18436863500392,30.20196833725386,6.0398077964782715
3398,1,1,14.158333333333333,14.158942462003324,completed,14.18437822299893,26.044889665596926,21.743392944335938
3399,2,1,14.1625,14.163535808009328,completed,14.188999352016253,26.499352016253752,21.657503128051758
3400,3,0,14.166666666666666,14.168118033005157,completed,14.198208206013078,31.541539346411795,26.497695922851562
3401,0,0,14.170833333333333,14.17274065501988,dropped_queue_full,,,
3402,1,0,14.174999999999999,14.175116779020755,completed,14.202829736022977,27.829736022978224,20.577632904052734
3403,2,0,14.179166666666667,14.179725013003917,completed,14.21205566302524,32.88899635857234,20.572511672973633
3404,3,1,14.183333333333334,14.18436307401862,completed,14.216867053008173,33.53371967483909,15.727392196655273
3405,0,1,14.1875,14.18899232900003,completed,14.221515334007563,34.01533400756307,28.75324821472168
3406,1,1,14.191666666666666,14.193608608009527,completed,14.226107468013652,34.44080134698524,20.447872161865234
3407,2,1,14.195833333333333,14.198200632003136,completed,14.230705563008087,34.872229674753896,20.396223068237305
3408,3,0,14.2,14.202823284023907,completed,14.230714961013291,30.71496101329174,15.726143836975098
3409,0,0,14.204166666666666,14.207460964011261,completed,14.240096343011828,35.92967634516242,20.35456085205078
3410,1,0,14.208333333333334,14.212048348999815,completed,14.244689519022359,36.356185689024656,20.53398323059082
3411,2,0,14.2125,14.216859389009187,dropped_dispatch_late,,,
3412,3,1,14.216666666666667,14.216874988022028,completed,14.253828030021396,37.16136335472875,20.467103958129883
3413,0,1,14.220833333333333,14.22151008399669,completed,14.25845701401704,37.623680683706695,15.519647598266602
3414,1,1,14.225,14.2261009660142,completed,14.259745501010912,34.745501010911894,15.553695678710938
3415,2,1,14.229166666666666,14.23069863001001,completed,14.264646913012257,35.48024634559077,33.692928314208984
3416,3,0,14.233333333333333,14.235305631998926,completed,14.269859926018398,36.52659268506575,20.406944274902344
3417,0,0,14.237499999999999,14.240090892999433,completed,14.275629427022068,38.129427022068896,20.6496639251709
3418,1,0,14.241666666666667,14.24468300701119,completed,14.28482114901999,43.154482353322976,20.590816497802734
3419,2,0,14.245833333333334,14.249254141002893,completed,14.289410317025613,43.57698369227947,20.564640045166016
3420,3,1,14.25,14.253820345009444,completed,14.294037367013516,44.037367013515905,20.64214324951172
3421,0,1,14.254166666666666,14.258451724017505,dropped_dispatch_late,,,
3422,1,1,14.258333333333333,14.25846686202567,dropped_queue_full,,,
3423,2,1,14.2625,14.262586248019943,dropped_queue_full,,,
3424,3,0,14.266666666666666,14.266699222003808,dropped_queue_full,,,
3425,0,0,14.270833333333334,14.270956149004633,completed,14.298629680997692,27.796347664358123,20.589984893798828
3426,1,0,14.275,14.275624166999478,completed,14.303267000999767,28.267000999766978,20.56947135925293
3427,2,0,14.279166666666667,14.280226871022023,completed,14.307833135011606,28.666468344939133,20.542112350463867
3428,3,1,14.283333333333333,14.284814797021681,completed,14.31242883601226,29.09550267892591,20.601215362548828
3429,0,1,14.2875,14.28940331400372,completed,14.31725178900524,29.75178900524078,20.625919342041016
3430,1,1,14.291666666666666,14.294029422017047,completed,14.326389498019125,34.72283135245924,20.697856903076172
3431,2,1,14.295833333333333,14.298624340997776,completed,14.330999455007259,35.1661216739263,20.7608642578125
3432,3,0,14.299999999999999,14.303260589018464,completed,14.331017279007938,31.017279007938825,16.01590347290039
3433,0,0,14.304166666666667,14.307826242002193,completed,14.340256171009969,36.089504343301826,20.593088150024414
3434,1,0,14.308333333333334,14.312421442009509,completed,14.344853815011447,36.520481678113725,20.62873649597168
3435,2,0,14.3125,14.317246448015794,dropped_dispatch_late,,,
3436,3,1,14.316666666666666,14.317261938005686,completed,14.34965972500504,32.993058338373515,20.604511260986328
3437,0,1,14.320833333333333,14.321825197024737,completed,14.354254314006539,33.4209806732062,15.996992111206055
3438,1,1,14.325,14.326383056002669,completed,14.35884916302166,33.84916302166019,16.013952255249023
3439,2,1,14.329166666666666,14.330992362025427,completed,14.363926468009595,34.75980134292911,32.61750411987305
3440,3,0,14.333333333333334,14.335647957021138,completed,14.371436866000295,38.10353266696076,20.818496704101562
3441,0,0,14.3375,14.340250640001614,completed,14.37427640100941,36.776401009410264,20.838560104370117
3442,1,0,14.341666666666667,14.344847654021578,completed,14.383814040018478,42.14737335181162,20.673664093017578
3443,2,0,14.345833333333333,14.349652241013246,completed,14.388425190001726,42.591856668392936,20.6296329498291
3444,3,1,14.35,14.35424896402401,dropped_dispatch_late,,,
3445,0,1,14.354166666666666,14.35426421300508,completed,14.393043393007247,38.8767263405807,15.712960243225098
3446,1,1,14.358333333333333,14.358842721005203,completed,14.397634635010036,39.301301676703204,15.704256057739258
3447,2,1,14.362499999999999,14.363434945000336,dropped_queue_full,,,
3448,3,0,14.366666666666667,14.366745453997282,completed,14.40226432000054,35.597653333873325,31.231647491455078
3449,0,0,14.370833333333334,14.371429362014169,dropped_queue_full,,,
3450,1,0,14.375,14.375069868023274,dropped_queue_full,,,
3451,2,0,14.379166666666666,14.379166941012954,completed,14.40687401802279,27.70735135612412,20.863616943359375
3452,3,1,14.383333333333333,14.383807557023829,completed,14.411535824008752,28.2024906754188,10.776288032531738
3453,0,1,14.3875,14.388418086018646,completed,14.420976389024872,33.47638902487304,26.242080688476562
3454,1,1,14.391666666666666,14.393038043024717,completed,14.425584072014317,33.9174053476512,26.038463592529297
3455,2,1,14.395833333333334,14.397628103004536,completed,14.430165315017803,34.331981684468715,21.154239654541016
3456,3,0,14.4,14.40225672602537,completed,14.43483993600239,34.839936002390104,20.593088150024414
3457,0,0,14.404166666666667,14.406866944016656,completed,14.434828404017026,30.66173735035882,15.95417594909668
3458,1,0,14.408333333333333,14.411527819000185,completed,14.444083727023099,35.7503936897654,20.737375259399414
3459,2,0,14.4125,14.416136344021652,completed,14.448788253997918,36.288253997918574,20.65488052368164
3460,3,1,14.416666666666666,14.420970998005942,dropped_dispatch_late,,,
3461,0,1,14.420833333333333,14.420986267010449,completed,14.45353295802488,32.69962469154741,20.641536712646484
3462,1,1,14.424999999999999,14.425578071008204,completed,14.462708439008566,37.708439008566685,15.892895698547363
3463,2,1,14.429166666666667,14.430158382019727,completed,14.463654696010053,34.48802934338602,15.73084831237793
3464,3,0,14.433333333333334,14.434823244024301,completed,14.468855687009636,35.52235367630274,33.75369644165039
3465,0,0,14.4375,14.439455334009835,completed,14.474240487004863,36.7404870048631,20.661792755126953
3466,1,0,14.441666666666666,14.44407742502517,completed,14.480446076020598,38.77940935393198,20.713247299194336
3467,2,0,14.445833333333333,14.448781270999461,completed,14.485219613998197,39.38628066486416,20.903295516967773
3468,3,1,14.45,14.453527577017667,completed,14.489838689012686,39.8386890126865,20.817760467529297
3469,0,1,14.454166666666666,14.458119160000933,completed,14.499070978024974,44.904311358308746,20.76563262939453
3470,1,1,14.458333333333334,14.462702087010257,dropped_dispatch_late,,,
3471,2,1,14.4625,14.462717386020813,dropped_queue_full,,,
3472,3,0,14.466666666666667,14.466797377011972,dropped_queue_full,,,
3473,0,0,14.470833333333333,14.470901513006538,dropped_queue_full,,,
3474,1,0,14.475,14.475013916002354,completed,14.50369741700706,28.697417007061077,20.771392822265625
3475,2,0,14.479166666666666,14.480439443024807,completed,14.508291755017126,29.125088350459905,20.800960540771484
3476,3,1,14.483333333333333,14.485212801024318,completed,14.512897084001452,29.563750668119226,20.659839630126953
3477,0,1,14.487499999999999,14.489831205020892,completed,14.517536528001074,30.036528001074814,20.56399917602539
3478,1,1,14.491666666666667,14.49445542000467,completed,14.522395749023417,30.72908235674987,20.562463760375977
3479,2,1,14.495833333333334,14.499065538024297,completed,14.522405427997,26.572094663666945,15.745247840881348
3480,3,0,14.5,14.503691035002703,completed,14.52705117300502,27.051173005020246,15.885984420776367
3481,0,0,14.504166666666666,14.508284882002044,completed,14.540841902024113,36.67523535744621,20.79804801940918
3482,1,0,14.508333333333333,14.512889470002847,dropped_dispatch_late,,,
3483,2,0,14.5125,14.512904889008496,completed,14.54547432201798,32.97432201798145,20.692384719848633
3484,3,1,14.516666666666666,14.517531158024212,completed,14.55011116102105,33.44449435438435,20.543487548828125
3485,0,1,14.520833333333334,14.522389036021195,completed,14.554956496023806,34.12316269047189,15.891008377075195
3486,1,1,14.525,14.52704341901699,completed,14.559562957001617,34.56295700161682,30.535776138305664
3487,2,1,14.529166666666667,14.531651132012485,completed,14.564154841005802,34.98817433913537,20.671775817871094
3488,3,0,14.533333333333333,14.536267812014557,completed,14.564163938019192,30.83060468585863,16.08576011657715
3489,0,0,14.5375,14.540836692001903,completed,14.573685907002073,36.18590700207314,20.688255310058594
3490,1,0,14.541666666666666,14.54546687801485,completed,14.578908940020483,37.24227335381691,20.883167266845703
3491,2,0,14.545833333333333,14.550103617017157,dropped_dispatch_late,,,
3492,3,1,14.549999999999999,14.550118796003517,completed,14.584265606012195,34.265606012196415,20.6843204498291
3493,0,1,14.554166666666667,14.554951066005742,completed,14.59215032501379,37.98365834712314,15.860128402709961
3494,1,1,14.558333333333334,14.559556635009358,completed,14.596802823012695,38.469489679361146,15.661279678344727
3495,2,1,14.5625,14.564147666998906,completed,14.599963608023245,37.46360802324489,35.51545715332031
3496,3,0,14.566666666666666,14.568750702019315,completed,14.609341924020555,42.67525735388844,20.576927185058594
3497,0,0,14.570833333333333,14.573352804000024,dropped_queue_full,,,
3498,1,0,14.575,14.575116816005902,dropped_queue_full,,,
3499,2,0,14.579166666666666,14.57922847699956,completed,14.613941932999296,34.775266332630395,10.838303565979004
3500,3,1,14.583333333333334,14.583928145002574,dropped_queue_full,,,
3501,0,1,14.5875,14.58753266200074,completed,14.613931133004371,26.43113300437072,21.437408447265625
3502,1,1,14.591666666666667,14.592144794005435,completed,14.623457681009313,31.791014342646307,26.291872024536133
3503,2,1,14.595833333333333,14.596796742000151,dropped_queue_full,,,
3504,3,0,14.6,14.600124985008733,completed,14.628071536018979,28.07153601897916,21.290624618530273
3505,0,0,14.604166666666666,14.604732378007611,completed,14.63267831801204,28.511651345374034,20.669696807861328
3506,1,0,14.608333333333333,14.609334050008329,completed,14.637300128000788,28.966794667455886,15.728896141052246
3507,2,0,14.612499999999999,14.613925953017315,completed,14.64648877401487,33.98877401487077,28.042015075683594
3508,3,1,14.616666666666667,14.618576157023199,completed,14.65111316900584,34.446502339172014,20.91449546813965
3509,0,1,14.620833333333334,14.623451218008995,completed,14.655943225021474,35.10989168814049,20.67900848388672
3510,1,1,14.625,14.628063811018365,completed,14.655952733010054,30.952733010053635,16.019807815551758
3511,2,1,14.629166666666666,14.632673028012505,completed,14.665177017013775,36.010350347108755,20.745887756347656
3512,3,0,14.633333333333333,14.637293616018724,completed,14.669761977012968,36.42864367963483,20.87887954711914
3513,0,0,14.6375,14.6418788760202,dropped_dispatch_late,,,
3514,1,0,14.641666666666666,14.641886922006961,completed,14.674370521999663,32.70385533299702,20.75503921508789
3515,2,0,14.645833333333334,14.646481700008735,completed,14.678961484023603,33.128150690268754,15.743935585021973
3516,3,1,14.65,14.651105535012903,completed,14.684156333009014,34.15633300901355,15.742912292480469
3517,0,1,14.654166666666667,14.655937735020416,completed,14.689331284025684,35.164617359017214,33.17961502075195
3518,1,1,14.658333333333333,14.660561769007472,completed,14.694856540008914,36.52320667558051,20.654239654541016
3519,2,1,14.6625,14.665170174004743,completed,14.700583830999676,38.08383099967649,20.824031829833984
3520,3,0,14.666666666666666,14.669754393020412,completed,14.705217403010465,38.55073634379913,20.69817543029785
3521,0,0,14.670833333333333,14.674364210019121,completed,14.714414756017504,43.581422684171756,20.64899253845215
3522,1,0,14.674999999999999,14.678954160015564,completed,14.719038209004793,44.03820900479438,20.684255599975586
3523,2,0,14.679166666666667,14.683659469010308,dropped_dispatch_late,,,
3524,3,1,14.683333333333334,14.683667324017733,dropped_queue_full,,,
3525,0,1,14.6875,14.68758692999836,dropped_queue_full,,,
3526,1,1,14.691666666666666,14.691700944997137,dropped_queue_full,,,
3527,2,1,14.695833333333333,14.695955909002805,completed,14.723911617009435,28.07828367610199,20.549823760986328
3528,3,0,14.7,14.700576747010928,completed,14.72854542999994,28.545429999940808,20.483200073242188
3529,0,0,14.704166666666666,14.70521030999953,completed,14.733152372005861,28.985705339195533,20.529151916503906
3530,1,0,14.708333333333334,14.709807914012345,completed,14.737742723023985,29.409389690650656,20.464319229125977
3531,2,0,14.7125,14.714409506006632,completed,14.742339706019266,29.839706019265222,20.421119689941406
3532,3,1,14.716666666666667,14.719031576998532,completed,14.746959703014,30.293036347332603,20.707136154174805
3533,0,1,14.720833333333333,14.723904444021173,completed,14.746947890002048,26.114556668714428,15.935744285583496
3534,1,1,14.725,14.728537896007765,completed,14.761068406020058,36.068406020058674,20.605024337768555
3535,2,1,14.729166666666666,14.733147112012375,completed,14.765681489021517,36.51482235485126,20.73801612854004
3536,3,0,14.733333333333333,14.737736311013578,dropped_dispatch_late,,,
3537,0,0,14.737499999999999,14.737751570006367,completed,14.770278252020944,32.778252020944976,20.527936935424805
3538,1,0,14.741666666666667,14.74233277302119,completed,14.774878221011022,33.211554344354965,15.758912086486816
3539,2,0,14.745833333333334,14.74694250000175,completed,14.779503097000998,33.66976366766394,15.773088455200195
3540,3,1,14.75,14.751609045022633,completed,14.784127752005588,34.12775200558826,31.17411231994629
3541,0,1,14.754166666666666,14.756353097996907,completed,14.788952719012741,34.78605234607457,20.48956871032715
3542,1,1,14.758333333333333,14.76106194301974,completed,14.79445959001896,36.126256685626856,20.613311767578125
3543,2,1,14.7625,14.765674606023822,completed,14.794470381020801,31.970381020801852,15.729791641235352
3544,3,0,14.766666666666666,14.770272872003261,completed,14.803872040996794,37.20537433012794,20.714752197265625
3545,0,0,14.770833333333334,14.774871849018382,completed,14.813074634002987,42.24130066965337,20.724639892578125
3546,1,0,14.775,14.779495432012482,dropped_dispatch_late,,,
3547,2,0,14.779166666666667,14.779511813016143,completed,14.81465309302439,35.48642635772303,20.655872344970703
3548,3,1,14.783333333333333,14.784120308002457,completed,14.819742922001751,36.409588668417925,15.640543937683105
3549,0,1,14.7875,14.788946637010667,completed,14.825528714020038,38.02871402003838,15.753952026367188
3550,1,1,14.791666666666666,14.794452387024648,completed,14.833814414014341,42.147747347675235,35.36345672607422
3551,2,1,14.795833333333333,14.799250021023909,completed,14.8384082710254,42.574937692068104,20.70854377746582
3552,3,0,14.799999999999999,14.803864126006374,completed,14.842999383021379,42.999383021379955,20.663360595703125
3553,0,0,14.804166666666667,14.808473002020037,dropped_dispatch_late,,,
3554,1,0,14.808333333333334,14.808480967010837,completed,14.847617196006468,39.283862673133996,15.799424171447754
3555,2,0,14.8125,14.81306919400231,dropped_queue_full,,,
3556,3,1,14.816666666666666,14.816705652017845,dropped_queue_full,,,
3557,0,1,14.820833333333333,14.820851859025424,completed,14.852215341001283,31.382007667950518,25.941408157348633
3558,1,1,14.825,14.825523753999732,dropped_queue_full,,,
3559,2,1,14.829166666666666,14.82916851801565,completed,14.856807435018709,27.64076835204321,20.58684730529785
3560,3,0,14.833333333333334,14.833808052004315,completed,14.861405520001426,28.072186668092414,20.796384811401367
3561,0,0,14.8375,14.838401258020895,completed,14.870639432017924,33.13943201792391,15.99068832397461
3562,1,0,14.841666666666667,14.842991939018248,completed,14.87522574502509,33.55907835842409,25.966304779052734
3563,2,0,14.845833333333333,14.84761094400892,completed,14.879814803018235,33.981469684901455,21.04377555847168
3564,3,1,14.85,14.852210292010568,completed,14.884427727025468,34.42772702546826,21.068607330322266
3565,0,1,14.854166666666666,14.856800292007392,completed,14.889078572014114,34.911905347447814,20.882335662841797
3566,1,1,14.858333333333333,14.86139793600887,completed,14.88908799001365,30.754656680317183,16.186399459838867
3567,2,1,14.862499999999999,14.866026168019744,completed,14.898507033998612,36.00703399861338,20.89129638671875
3568,3,0,14.866666666666667,14.870634212013101,completed,14.903791022021323,37.1243553546563,21.00281524658203
3569,0,0,14.870833333333334,14.875219342997298,dropped_dispatch_late,,,
3570,1,0,14.875,14.875234512001043,completed,14.909496922016842,34.49692201684229,20.892959594726562
3571,2,0,14.879166666666666,14.87980768000125,completed,14.91454229701776,35.375630351094145,15.813632011413574
3572,3,1,14.883333333333333,14.884420042013517,completed,14.921364727022592,38.03139368925912,15.842304229736328
3573,0,1,14.8875,14.889073132013436,completed,14.924911806010641,37.41180601064187,35.478145599365234
3574,1,1,14.891666666666666,14.893694090016652,completed,14.934909579023952,43.242912357285945,20.69798469543457
3575,2,1,14.895833333333334,14.898499960021582,completed,14.939575824013446,43.7424906801116,20.647199630737305
3576,3,0,14.9,14.903140656009782,dropped_queue_full,,,
3577,0,0,14.904166666666667,14.904270072001964,completed,14.944168048008578,40.00138134191111,15.821663856506348
3578,1,0,14.908333333333333,14.908862456009956,dropped_queue_full,,,
3579,2,0,14.9125,14.912640383001417,dropped_queue_full,,,
3580,3,1,14.916666666666666,14.916747014998691,completed,14.948771994007984,32.1053273413181,25.89321517944336
3581,0,1,14.920833333333333,14.9213571230066,dropped_queue_full,,,
3582,1,1,14.924999999999999,14.925075447012205,completed,14.953372334013693,28.3723340136941,20.536287307739258
3583,2,1,14.929166666666667,14.93022605200531,completed,14.95804128301097,28.87461634430366,20.776159286499023
3584,3,0,14.933333333333334,14.934903117013164,completed,14.962630722002359,29.297388669025537,15.877152442932129
3585,0,0,14.9375,14.939568820002023,completed,14.967302688019117,29.80268801911734,25.804319381713867
3586,1,0,14.941666666666666,14.944162668019999,completed,14.971943975018803,30.2773083521366,20.88697624206543
3587,2,0,14.945833333333333,14.948764610016951,completed,14.976599829999031,30.76649666569864,16.03276824951172
3588,3,1,14.95,14.953365831024712,completed,14.985795279004378,35.795279004378955,20.511871337890625
3589,0,1,14.954166666666666,14.958034310024232,completed,14.990383605007082,36.216938340416505,20.64044761657715
3590,1,1,14.958333333333334,14.962623168015853,dropped_dispatch_late,,,
3591,2,1,14.9625,14.962638757016975,completed,14.99497723201057,32.47723201056907,20.61574363708496
3592,3,0,14.966666666666667,14.967297246999806,completed,14.999563204008155,32.896537341487786,15.495360374450684
3593,0,0,14.970833333333333,14.971927864011377,completed,15.004291567020118,33.45823368678502,15.7838716506958
3594,1,0,14.975,14.97659348801244,completed,15.009062390017789,34.06239001778921,31.631391525268555
3595,2,0,14.979166666666666,14.981185181008186,completed,15.013673620996997,34.506954330330686,20.56275177001953
3596,3,1,14.983333333333333,14.985787473997334,completed,15.02282902301522,39.495689681887214,20.58028793334961
3597,0,1,14.987499999999999,14.990378436021274,completed,15.024174710008083,36.67471000808398,20.587968826293945
3598,1,1,14.991666666666667,14.994970109022688,completed,15.029226095997728,37.55942933106127,20.654720306396484
3599,2,1,14.995833333333334,14.99955567001598,completed,15.038091979018645,42.25864568531179,20.563392639160156
3600,3,0,15.0,15.004286117007723,dropped_dispatch_late,,,
3601,0,0,15.004166666666666,15.00430127501022,completed,15.04271858802531,38.551921358642716,15.765952110290527
3602,1,0,15.008333333333333,15.009055437025381,completed,15.047369553998578,39.03622066524548,15.546175956726074
3603,2,0,15.0125,15.013666427024873,completed,15.05198172602104,39.48172602104094,15.612064361572266
3604,3,1,15.016666666666666,15.018251507019158,completed,15.058816650998779,42.14998433211292,36.3098258972168
3605,0,1,15.020833333333334,15.022821459016996,dropped_queue_full,,,
3606,1,1,15.025,15.025126198015641,dropped_queue_full,,,
3607,2,1,15.029166666666667,15.029220345022622,dropped_queue_full,,,
3608,3,0,15.033333333333333,15.033428109018132,completed,15.063416268996662,30.082935663328314,5.941792011260986
3609,0,0,15.0375,15.038084906002041,completed,15.063404977001483,25.904977001482976,21.334592819213867
3610,1,0,15.041666666666666,15.042713338014437,completed,15.068014624004718,26.34795733805184,21.368896484375
3611,2,0,15.045833333333333,15.047363212011987,completed,15.077188282011775,31.354948678442796,26.0850887298584
3612,3,1,15.049999999999999,15.051974653004436,dropped_queue_full,,,
3613,0,1,15.054166666666667,15.054167989001144,completed,15.086418988008518,32.25232134185063,20.44918441772461
3614,1,1,15.058333333333334,15.058809125999687,completed,15.091029205999803,32.69587266646923,20.40435218811035
3615,2,1,15.0625,15.063399707025383,completed,15.095597785024438,33.09778502443805,15.694016456604004
3616,3,0,15.066666666666666,15.068000578001374,completed,15.100201601017034,33.53493435036725,29.129663467407227
3617,0,0,15.070833333333333,15.07257884502178,completed,15.104782955022529,33.94962168919591,20.634719848632812
3618,1,0,15.075,15.077181219006889,completed,15.109610536019318,34.610536019318516,20.68524742126465
3619,2,0,15.079166666666666,15.081793000019388,completed,15.114247565012192,35.080898345526634,20.698976516723633
3620,3,1,15.083333333333334,15.086413828015793,completed,15.11425640201196,30.92306867862682,15.835904121398926
3621,0,1,15.0875,15.091022774024168,completed,15.123527535004541,36.02753500454092,20.577375411987305
3622,1,1,15.091666666666667,15.09559062201879,completed,15.128542421996826,36.87575533015952,20.563264846801758
3623,2,1,15.095833333333333,15.10019395701238,dropped_dispatch_late,,,
3624,3,0,15.1,15.100209436001023,completed,15.133945286012022,33.94528601202218,20.423200607299805
3625,0,0,15.104166666666666,15.104777965025278,completed,15.139385170012247,35.21850334558074,15.590527534484863
3626,1,0,15.108333333333333,15.109604363999097,completed,15.146366994013079,38.033660679746006,15.590368270874023
3627,2,0,15.112499999999999,15.114240502007306,completed,15.149543178005842,37.04317800584356,34.96607971191406
3628,3,1,15.116666666666667,15.118893300998025,completed,15.15463572202134,37.96905535467232,20.698015213012695
3629,0,1,15.120833333333334,15.123521944013191,completed,15.16384027802269,43.006944689356175,20.552223205566406
3630,1,1,15.125,15.128366838005604,dropped_queue_full,,,
3631,2,1,15.129166666666666,15.129172237997409,completed,15.168464793998282,39.29812733161597,15.783424377441406
3632,3,0,15.133333333333333,15.133769562002271,dropped_queue_full,,,
3633,0,0,15.1375,15.137640405009734,dropped_queue_full,,,
3634,1,0,15.141666666666666,15.141742238018196,completed,15.173055835999548,31.389169332882716,25.94054412841797
3635,2,0,15.145833333333334,15.146360712009482,dropped_queue_full,,,
3636,3,1,15.15,15.150010265002493,completed,15.177646356023615,27.64635602361487,20.78428840637207
3637,0,1,15.154166666666667,15.154627867013915,completed,15.182238300010795,28.07163334412799,20.612703323364258
3638,1,1,15.158333333333333,15.159263333014678,completed,15.186874147009803,28.540813676469767,15.865887641906738
3639,2,1,15.1625,15.163834888022393,completed,15.19150743901264,29.00743901263958,25.821887969970703
3640,3,0,15.166666666666666,15.168457951018354,completed,15.20076755102491,34.10088435824399,20.844160079956055
3641,0,0,15.170833333333333,15.173049343022285,completed,15.205354104022263,34.520770688930114,20.81702423095703
3642,1,0,15.174999999999999,15.17763874202501,completed,15.209948572010035,34.94857201003576,20.604480743408203
3643,2,0,15.179166666666667,15.18223289999878,completed,15.209958129998995,30.79146333232785,16.011808395385742
3644,3,1,15.183333333333334,15.186867504002294,completed,15.219171122997068,35.8377896637343,20.5546875
3645,0,1,15.1875,15.191499995009508,completed,15.223774147016229,36.27414701622911,20.612224578857422
3646,1,1,15.191666666666666,15.196174384996993,dropped_dispatch_late,,,
3647,2,1,15.195833333333333,15.196182790998137,completed,15.228679396008374,32.84606267504131,20.532991409301758
3648,3,0,15.2,15.200759335013572,completed,15.233285557013005,33.28555701300573,15.762304306030273
3649,0,0,15.204166666666666,15.205349074007245,completed,15.2383417020028,34.17503533613342,15.789152145385742
3650,1,0,15.208333333333334,15.209942210000008,completed,15.243543374002911,35.210040669577225,33.25187301635742
3651,2,0,15.2125,15.214569800999016,completed,15.248909778019879,36.40977801987866,20.59996795654297
3652,3,1,15.216666666666667,15.219163719011704,completed,15.254780852003023,38.11418533635624,20.65385627746582
3653,0,1,15.220833333333333,15.223768847004976,completed,15.259411689010449,38.57835567711554,20.646591186523438
3654,1,1,15.225,15.228672283003107,completed,15.268671751022339,43.67175102233922,20.597152709960938
3655,2,1,15.229166666666666,15.233277962019201,completed,15.273267201002454,44.10053433578831,20.542400360107422
3656,3,0,15.233333333333333,15.237870517012198,dropped_dispatch_late,,,
3657,0,0,15.237499999999999,15.237878392013954,dropped_queue_full,,,
3658,1,0,15.241666666666667,15.241798780014506,dropped_queue_full,,,
3659,2,0,15.245833333333334,15.245900802023243,dropped_queue_full,,,
3660,3,1,15.25,15.250068821012974,completed,15.277879443019629,27.879443019628525,20.49510383605957
3661,0,1,15.254166666666666,15.254773047025083,completed,15.282540358020924,28.373691354257602,20.554880142211914
3662,1,1,15.258333333333333,15.259406409022631,completed,15.28716863002046,28.835296687127254,20.569215774536133
3663,2,1,15.2625,15.26404525199905,completed,15.291778478014749,29.278478014749254,20.566368103027344
3664,3,0,15.266666666666666,15.2686653190176,completed,15.296391071024118,29.724404357452272,20.53945541381836
3665,0,0,15.270833333333334,15.27325995801948,completed,15.301054009003565,30.22067567023079,20.586048126220703
3666,1,0,15.275,15.27787160902517,completed,15.301063487015199,26.06348701519856,15.814528465270996
3667,2,0,15.279166666666667,15.282535429025302,completed,15.314777941006469,35.611274339801824,20.374271392822266
3668,3,1,15.283333333333333,15.287161998014199,completed,15.319369664008263,36.036330674930284,20.604352951049805
3669,0,1,15.2875,15.291771525022341,dropped_dispatch_late,,,
3670,1,1,15.291666666666666,15.291786843998125,completed,15.323953773011453,32.287106344787375,20.499263763427734
3671,2,1,15.295833333333333,15.296383756998694,completed,15.328823674004525,32.99034067119244,15.710304260253906
3672,3,0,15.299999999999999,15.301048318011453,completed,15.333454983017873,33.454983017874085,15.559871673583984
3673,0,0,15.304166666666667,15.305625965003856,completed,15.338112140016165,33.94547334949749,30.97974395751953
3674,1,0,15.308333333333334,15.31020303000696,completed,15.342718541010981,34.385207677647855,20.474496841430664
3675,2,0,15.3125,15.3147708880133,completed,15.352083111007232,39.58311100723222,20.685728073120117
3676,3,1,15.316666666666666,15.319362220005132,completed,15.352578182006255,35.91151533958836,20.681055068969727
3677,0,1,15.320833333333333,15.32394766100333,completed,15.357748875016114,36.91554168278088,20.659360885620117
3678,1,1,15.325,15.328816531022312,completed,15.367224105022615,42.22410502261553,20.6777286529541
3679,2,1,15.329166666666666,15.33344730801764,dropped_dispatch_late,,,
3680,3,0,15.333333333333334,15.333462868002243,completed,15.37185729702469,38.52396369135569,15.592639923095703
3681,0,0,15.3375,15.338106780021917,completed,15.376504756015493,39.00475601549225,15.744895935058594
3682,1,0,15.341666666666667,15.342712139012292,completed,15.381120183999883,39.453517333216226,15.531231880187988
3683,2,0,15.345833333333333,15.347292910999386,completed,15.388091087021166,42.257753687833244,36.12374496459961
3684,3,1,15.35,15.352075998001965,dropped_queue_full,,,
3685,0,1,15.354166666666666,15.354275446006795,dropped_queue_full,,,
3686,1,1,15.358333333333333,15.358383821003372,dropped_queue_full,,,
3687,2,1,15.362499999999999,15.362588248011889,completed,15.39265291299671,30.152912996710413,6.039167881011963
3688,3,0,15.366666666666667,15.367217723018257,completed,15.392661830002908,25.995163336240523,21.87139129638672
3689,0,0,15.370833333333334,15.371849482005928,completed,15.397252441005548,26.419107672214892,21.608224868774414
3690,1,0,15.375,15.376499575999333,completed,15.4065019430127,31.501943012699485,26.525503158569336
3691,2,0,15.379166666666666,15.381113892013673,dropped_queue_full,,,
3692,3,1,15.383333333333333,15.38348390502506,completed,15.41116504202364,27.831708690307266,20.602624893188477
3693,0,1,15.3875,15.388084094010992,completed,15.420337056013523,32.83705601352338,20.41632080078125
3694,1,1,15.391666666666666,15.392645929998253,completed,15.424914843024453,33.24817635778743,15.714719772338867
3695,2,1,15.395833333333334,15.397247051005252,completed,15.429742214008002,33.908880674667685,28.71126365661621
3696,3,0,15.4,15.401877398020588,completed,15.434348324022721,34.348324022721144,20.54911994934082
3697,0,0,15.404166666666667,15.406495391012868,completed,15.438939726009266,34.773059342599666,20.694143295288086
3698,1,0,15.408333333333333,15.411157117021503,completed,15.443614838004578,35.28150467124469,20.692832946777344
3699,2,0,15.4125,15.415737238014117,completed,15.443624425999587,31.124425999587757,15.90608024597168
3700,3,1,15.416666666666666,15.420331686007557,completed,15.452824133011745,36.157466345079214,20.466175079345703
3701,0,1,15.420833333333333,15.424908942019101,completed,15.457381932006683,36.548598673350696,20.468448638916016
3702,1,1,15.424999999999999,15.429735050012823,dropped_dispatch_late,,,
3703,2,1,15.429166666666667,15.429750549024902,completed,15.466514812025707,37.348145359040075,20.46339225769043
3704,3,0,15.433333333333334,15.434340930019971,completed,15.471130320016528,37.79698668319398,15.43769645690918
3705,0,0,15.4375,15.438934316014638,completed,15.473174914019182,35.674914019182324,15.664575576782227
3706,1,0,15.441666666666666,15.44360845600022,completed,15.478542532015126,36.87586534845977,34.45180892944336
3707,2,0,15.445833333333333,15.44821942600538,completed,15.488464441004908,42.63110767157485,20.650623321533203
3708,3,1,15.45,15.452816579025239,completed,15.493184047023533,43.18404702353362,20.674720764160156
3709,0,1,15.454166666666666,15.457376562000718,completed,15.497844730998622,43.678064331956534,20.810176849365234
3710,1,1,15.458333333333334,15.461960831016768,completed,15.502631884999573,44.298551666239305,20.47964859008789
3711,2,1,15.4625,15.466507878998527,completed,15.507315182010643,44.81518201064283,20.497055053710938
3712,3,0,15.466666666666667,15.471122756018303,dropped_dispatch_late,,,
3713,0,0,15.470833333333333,15.471138045017142,dropped_queue_full,,,
3714,1,0,15.475,15.475071988999844,dropped_queue_full,,,
3715,2,0,15.479166666666666,15.479168310004752,dropped_queue_full,,,
3716,3,1,15.483333333333333,15.48351347501739,completed,15.512043074006215,28.709740672882234,20.548032760620117
3717,0,1,15.487499999999999,15.488457017025212,completed,15.516730820003431,29.230820003432356,20.538240432739258
3718,1,1,15.491666666666667,15.49317621201044,completed,15.521411251014797,29.744584348129877,20.509151458740234
3719,2,1,15.495833333333334,15.49783936102176,completed,15.526086533005582,30.2531996722486,20.519519805908203
3720,3,0,15.5,15.50262536300579,completed,15.526095630018972,26.09563001897186,15.86518383026123
3721,0,0,15.504166666666666,15.507308049011044,completed,15.531088535004528,26.92186833786181,15.68563175201416
3722,1,0,15.508333333333333,15.512035229010507,completed,15.540440923010465,32.1075896771319,20.523136138916016
3723,2,0,15.5125,15.516725369001506,dropped_dispatch_late,,,
3724,3,1,15.516666666666666,15.516740708000725,completed,15.549825090012746,33.15842334608021,20.535743713378906
3725,0,1,15.520833333333334,15.52140480899834,completed,15.55452391700237,33.690583669036656,20.610719680786133
3726,1,1,15.525,15.526079258997925,completed,15.559224697004538,34.224697004537674,15.854720115661621
3727,2,1,15.529166666666667,15.531083145004231,completed,15.563927782000974,34.761115334307036,30.233600616455078
3728,3,0,15.533333333333333,15.535771863011178,completed,15.568633661023341,35.300327690007904,20.824352264404297
3729,0,0,15.5375,15.540434310009005,completed,15.568622490012785,31.122490012785775,16.071008682250977
3730,1,0,15.541666666666666,15.545126424025511,completed,15.577977472014027,36.31080534736064,20.900863647460938
3731,2,0,15.545833333333333,15.549817606020952,completed,15.582894363004016,37.061029670683254,20.934112548828125
3732,3,1,15.549999999999999,15.554518506018212,dropped_dispatch_late,,,
3733,0,1,15.554166666666667,15.55453393602511,completed,15.588403008005116,34.236341338448995,20.711584091186523
3734,1,1,15.558333333333334,15.559218195005087,completed,15.593385193002177,35.05185966884383,15.80025577545166
3735,2,1,15.5625,15.563920708023943,completed,15.598593778006034,36.09377800603397,15.818304061889648
3736,3,0,15.566666666666666,15.568617050012108,completed,15.604709146020468,38.042479353801895,34.837249755859375
3737,0,0,15.570833333333333,15.57331424302538,completed,15.609393354010535,38.560020677202544,20.722335815429688
3738,1,0,15.575,15.577970639016712,completed,15.618755009025335,43.75500902533602,20.722272872924805
3739,2,0,15.579166666666666,15.582887180004036,completed,15.623464767006226,44.298100339560165,20.72857666015625
3740,3,1,15.583333333333334,15.587591365998378,dropped_dispatch_late,,,
3741,0,1,15.5875,15.587599471997237,dropped_queue_full,,,
3742,1,1,15.591666666666667,15.5917994909978,dropped_queue_full,,,
3743,2,1,15.595833333333333,15.595901423017494,dropped_queue_full,,,
3744,3,0,15.6,15.600013315008255,completed,15.628162852022797,28.162852022797225,20.60598373413086
3745,0,0,15.604166666666666,15.604702142009046,completed,15.633103087020572,28.9364203539062,20.584640502929688
3746,1,0,15.608333333333333,15.609388053999282,completed,15.637771395005984,29.438061672651727,20.576799392700195
3747,2,0,15.612499999999999,15.614078074024292,completed,15.642476303997682,29.976303997683473,20.560319900512695
3748,3,1,15.616666666666667,15.618748547014548,completed,15.647155503014801,30.48883634813393,20.599071502685547
3749,0,1,15.620833333333334,15.623457683017477,completed,15.647143881011289,26.310547677955043,15.835776329040527
3750,1,1,15.625,15.628154947014991,completed,15.651798222999787,26.798222999786958,15.826432228088379
3751,2,1,15.629166666666666,15.633097737008939,completed,15.661155048001092,31.988381334425497,20.634944915771484
3752,3,0,15.633333333333333,15.637764943006914,dropped_dispatch_late,,,
3753,0,0,15.6375,15.637780873017618,completed,15.670457591011655,32.957591011655296,20.681535720825195
3754,1,0,15.641666666666666,15.642469150014222,completed,15.675121491018217,33.45482435155134,20.662975311279297
3755,2,0,15.645833333333334,15.647138290019939,completed,15.679763640015153,33.93030668181929,15.892448425292969
3756,3,1,15.65,15.651791670010425,completed,15.684639573009918,34.63957300991716,30.0196475982666
3757,0,1,15.654166666666667,15.656475588999456,completed,15.689295448013581,35.12878134691455,20.735584259033203
3758,1,1,15.658333333333333,15.661147594015347,completed,15.689304956002161,30.971622668827692,16.085311889648438
3759,2,1,15.6625,15.665800704009598,completed,15.698718119005207,36.21811900520733,20.675935745239258
3760,3,0,15.666666666666666,15.67045216000406,completed,15.703396316006547,36.729649339880766,20.826688766479492
3761,0,0,15.670833333333333,15.67511507900781,dropped_dispatch_late,,,
3762,1,0,15.674999999999999,15.675130578019889,completed,15.712743934011087,37.74393401108789,20.69340705871582
3763,2,0,15.679166666666667,15.679756597004598,completed,15.713717153004836,34.55048633816915,15.755840301513672
3764,3,1,15.683333333333334,15.684632039017742,completed,15.719016791001195,35.68345766786152,15.823967933654785
3765,0,1,15.6875,15.689289897010894,completed,15.7240653920162,36.56539201620035,34.531776428222656
3766,1,1,15.691666666666666,15.694035012013046,completed,15.729694546025712,38.02787935904561,20.597824096679688
3767,2,1,15.695833333333333,15.6987111850176,completed,15.734664618008537,38.83128467520436,20.580095291137695
3768,3,0,15.7,15.70338831099798,completed,15.743984803004423,43.98480300442387,20.653791427612305
3769,0,0,15.704166666666666,15.708049886015942,completed,15.748646730004111,44.480063337445586,20.628000259399414
3770,1,0,15.708333333333334,15.712737241003197,dropped_dispatch_late,,,
3771,2,0,15.7125,15.712753291998524,dropped_queue_full,,,
3772,3,1,15.716666666666667,15.7167990070011,dropped_queue_full,,,
3773,0,1,15.720833333333333,15.72091122000711,dropped_queue_full,,,
3774,1,1,15.725,15.725012139999308,completed,15.753323785000248,28.323785000248236,20.624160766601562
3775,2,1,15.729166666666666,15.729687963001197,completed,15.757999618013855,28.832951347188995,20.590463638305664
3776,3,0,15.733333333333333,15.734657563996734,completed,15.762686802016106,29.353468682773,20.62665557861328
3777,0,0,15.737499999999999,15.739318198000547,completed,15.767363126011332,29.863126011333563,20.626304626464844
3778,1,0,15.741666666666667,15.743977129022824,completed,15.772034581023036,30.36791435636843,20.6396484375
3779,2,0,15.745833333333334,15.748641099024098,completed,15.77204394902219,26.210615688857075,15.966272354125977
3780,3,1,15.75,15.753317403024994,completed,15.776713238999946,26.713238999946043,15.993056297302246
3781,0,1,15.754166666666666,15.757992364000529,completed,15.790898457024014,36.731790357347194,20.77676773071289
3782,1,1,15.758333333333333,15.762678887025686,dropped_dispatch_late,,,
3783,2,1,15.7625,15.762694647011813,completed,15.795609728025738,33.10972802573886,20.734783172607422
3784,3,0,15.766666666666666,15.767357756005367,completed,15.800294117012527,33.62745034586112,20.427295684814453
3785,0,0,15.770833333333334,15.772027768020052,completed,15.804989837022731,34.156503689397155,15.726143836975098
3786,1,0,15.775,15.776705645024776,completed,15.809680849022698,34.6808490226973,30.537952423095703
3787,2,0,15.779166666666667,15.78150013301638,completed,15.814346553001087,35.179886334420374,20.696191787719727
3788,3,1,15.783333333333333,15.786273881996749,completed,15.814356031012721,31.022697679388145,16.077695846557617
3789,0,1,15.7875,15.790893037017668,completed,15.823672409023857,36.1724090238571,20.772192001342773
3790,1,1,15.791666666666666,15.795602644007886,completed,15.828538904024754,36.872237358087645,20.90492820739746
3791,2,1,15.795833333333333,15.800286412006244,dropped_dispatch_late,,,
3792,3,0,15.799999999999999,15.800301931012655,completed,15.834166225016816,34.166225016816654,20.74720001220703
3793,0,0,15.804166666666667,15.80498487802106,completed,15.839228352007922,35.061685341254645,15.7192964553833
3794,1,0,15.808333333333334,15.809674267016817,completed,15.846415656007593,38.08232267425993,15.7675199508667
3795,2,0,15.8125,15.814339459000621,completed,15.84959293200518,37.092932005180046,35.00444793701172
3796,3,1,15.816666666666666,15.819003640004667,completed,15.859377189015504,42.71052234883754,20.696735382080078
3797,0,1,15.820833333333333,15.823666869022418,completed,15.864062920998549,43.22958766521623,20.865055084228516
3798,1,1,15.825,15.828363722015638,dropped_queue_full,,,
3799,2,1,15.829166666666666,15.829172908997862,completed,15.86877663602354,39.60996935687433,15.976223945617676
3800,3,0,15.833333333333334,15.833906170999398,dropped_queue_full,,,
3801,0,0,15.8375,15.837641696998617,dropped_queue_full,,,
3802,1,0,15.841666666666667,15.841744041012134,completed,15.873462618008489,31.795951341822004,26.160608291625977
3803,2,0,15.845833333333333,15.846409634017618,dropped_queue_full,,,
3804,3,1,15.85,15.85007000801852,completed,15.878128773008939,28.128773008939234,20.867040634155273
3805,0,1,15.854166666666666,15.854724150005495,completed,15.88282162800897,28.654961342303054,20.88163185119629
3806,1,1,15.858333333333333,15.859369605022948,completed,15.887698022008408,29.364688675075357,15.983455657958984
3807,2,1,15.862499999999999,15.864057230006438,completed,15.892366510001011,29.86651000101226,26.0567684173584
3808,3,0,15.866666666666667,15.868769773020176,completed,15.901713437022408,35.04677035574133,21.065759658813477
3809,0,0,15.870833333333334,15.873456015018746,completed,15.90170206601033,30.868732676996302,16.251007080078125
3810,1,0,15.875,15.878120817011222,completed,15.911094809009228,36.0948090092279,20.69126319885254
3811,2,0,15.879166666666666,15.882816247001756,completed,15.915773979009828,36.60731234316117,20.802207946777344
3812,3,1,15.883333333333333,15.887691629002802,dropped_dispatch_late,,,
3813,0,1,15.8875,15.887706878012978,completed,15.920505988004152,33.00598800415244,20.662944793701172
3814,1,1,15.891666666666666,15.892358965997119,completed,15.92516310600331,33.49643933664481,15.746623992919922
3815,2,1,15.895833333333334,15.897023668017937,completed,15.929832666006405,33.99933267307098,15.816255569458008
3816,3,0,15.9,15.901696654997068,completed,15.934526614000788,34.5266140007876,31.988000869750977
3817,0,0,15.904166666666667,15.906409148010425,completed,15.93996575701749,35.79909035082274,20.59129524230957
3818,1,0,15.908333333333333,15.911088157008635,completed,15.939975706016412,31.64237268307879,15.973055839538574
3819,2,0,15.9125,15.915766685007839,completed,15.949800911010243,37.300911010243354,20.819583892822266
3820,3,1,15.916666666666666,15.920500598003855,completed,15.95890459601651,42.237929349843384,20.903263092041016
3821,0,1,15.920833333333333,15.92515673302114,dropped_dispatch_late,,,
3822,1,1,15.924999999999999,15.925172273011412,completed,15.960650743014412,35.65074301441307,20.77788734436035
3823,2,1,15.929166666666667,15.929825633007567,completed,15.967229701025644,38.06303435897718,15.679488182067871
3824,3,0,15.933333333333334,15.934514922002563,completed,15.971891427005176,38.55809367184193,15.67580795288086
3825,0,0,15.9375,15.939960126008373,completed,15.979673050023848,42.17305002384819,35.67593765258789
3826,1,0,15.941666666666666,15.94467629599967,completed,15.98434076801641,42.6741013497427,20.554624557495117
3827,2,0,15.945833333333333,15.949308335024398,dropped_queue_full,,,
3828,3,1,15.95,15.950121360016055,dropped_queue_full,,,
3829,0,1,15.954166666666666,15.954220958024962,completed,15.988957018009387,34.79035134272124,10.912287712097168
3830,1,1,15.958333333333334,15.958896861004177,dropped_queue_full,,,
3831,2,1,15.9625,15.96254680500715,completed,15.988967578014126,26.467578014125692,21.558496475219727
3832,3,0,15.966666666666667,15.967222357023275,completed,15.998236065002857,31.56939833618999,26.152799606323242
3833,0,0,15.970833333333333,15.97188381300657,dropped_queue_full,,,
3834,1,0,15.975,15.97501039301278,completed,16.002900787018007,27.900787018007023,20.80745506286621
3835,2,0,15.979166666666666,15.979667710023932,completed,16.012260919000255,33.09425233358887,20.50752067565918
3836,3,1,15.983333333333333,15.984334396023769,completed,16.016947793017607,33.61445968427468,15.602239608764648
3837,0,1,15.987499999999999,15.98895173802157,completed,16.021587166003883,34.08716600388395,28.804704666137695
3838,1,1,15.991666666666667,15.993589607998729,completed,16.02631176201976,34.645095353091904,20.872032165527344
3839,2,1,15.995833333333334,15.998228240001481,completed,16.030926258012187,35.092924678853166,20.593055725097656
3840,3,0,16.0,16.00289382401388,completed,16.030935776012484,30.935776012483984,15.985088348388672
3841,0,0,16.004166666666666,16.00758982502157,completed,16.040686831023777,36.520164357110474,20.777408599853516
3842,1,0,16.008333333333333,16.012253856024472,completed,16.045389514998533,37.05618166519997,20.70911979675293
3843,2,0,16.0125,16.016939908004133,dropped_dispatch_late,,,
3844,3,1,16.016666666666666,16.016955618018983,completed,16.050133848009864,33.46718134319815,20.630144119262695
3845,0,1,16.020833333333332,16.021581766020972,completed,16.054794933006633,33.961599673300924,15.635807991027832
3846,1,1,16.025,16.0263053800154,completed,16.059946489025606,34.946489025607264,15.699263572692871
3847,2,1,16.029166666666665,16.03091916500125,completed,16.067252920009196,38.086253342530796,33.82342529296875
3848,3,0,16.03333333333333,16.03570535700419,completed,16.07022853201488,36.89519868154889,20.37980842590332
3849,0,0,16.0375,16.040681350015802,completed,16.07980768001289,42.30768001288965,20.553632736206055
3850,1,0,16.041666666666668,16.04538296200917,completed,16.084522757999366,42.8560913326983,20.597248077392578
3851,2,0,16.045833333333334,16.050126053014537,dropped_dispatch_late,,,
3852,3,1,16.05,16.05014170301729,completed,16.089212277001934,39.212277001933415,15.670271873474121
3853,0,1,16.054166666666667,16.054789292014902,completed,16.093893790006405,39.7271233397376,15.730976104736328
3854,1,1,16.058333333333334,16.05945393300499,dropped_queue_full,,,
3855,2,1,16.0625,16.062588358006906,completed,16.0985763159988,36.076315998798236,31.096576690673828
3856,3,0,16.066666666666666,16.067245706013637,dropped_queue_full,,,
3857,0,0,16.070833333333333,16.070862236025278,dropped_queue_full,,,
3858,1,0,16.075,16.075070651015267,completed,16.10325014500995,28.250145009952377,20.729951858520508
3859,2,0,16.079166666666666,16.07980202001636,completed,16.107903686002828,28.73701933616246,10.960415840148926
3860,3,1,16.083333333333332,16.08451650600182,completed,16.112714154005516,29.38082067218417,26.2326717376709
3861,0,1,16.0875,16.089204522024374,completed,16.122088012023596,34.588012023597514,26.182207107543945
3862,1,1,16.091666666666665,16.093888480012538,completed,16.12677200100734,35.10533434067398,20.98588752746582
3863,2,1,16.09583333333333,16.098569212015718,completed,16.126781489001587,30.948155668255595,15.795616149902344
3864,3,0,16.1,16.10324343200773,completed,16.13606711901957,36.06711901957027,20.619840621948242
3865,0,0,16.104166666666668,16.107896402012557,completed,16.141153682023287,36.98701535661897,20.739776611328125
3866,1,0,16.108333333333334,16.112706129002618,dropped_dispatch_late,,,
3867,2,0,16.1125,16.11272188901785,completed,16.145821398997214,33.32139899721298,20.73468780517578
3868,3,1,16.116666666666667,16.117405266006244,completed,16.150503234006464,33.83656733979734,15.835935592651367
3869,0,1,16.120833333333334,16.12208243200439,completed,16.15518990700366,34.356573670326185,15.814175605773926
3870,1,1,16.125,16.126765338005498,completed,16.159881690022303,34.88169002230279,32.381248474121094
3871,2,1,16.129166666666666,16.1314096210117,completed,16.16922811602126,40.06144935459233,20.49087905883789
3872,3,0,16.133333333333333,16.136059324024245,completed,16.169881157024065,36.54782369073217,20.50124740600586
3873,0,0,16.1375,16.14114823201089,completed,16.175066598021658,37.56659802165885,20.472383499145508
3874,1,0,16.141666666666666,16.14581451599952,completed,16.183833964023506,42.16729735684055,20.574016571044922
3875,2,0,16.145833333333332,16.150495269015664,dropped_dispatch_late,,,
3876,3,1,16.15,16.150511409010505,completed,16.188513533008518,38.51353300851912,15.635680198669434
3877,0,1,16.154166666666665,16.155184536997695,completed,16.19319439600804,39.027729341373885,15.789695739746094
3878,1,1,16.15833333333333,16.159875148005085,completed,16.197877753002103,39.54441966877198,15.714400291442871
3879,2,1,16.1625,16.16456635002396,completed,16.20476231200155,42.262312001547286,36.24614334106445
3880,3,0,16.166666666666668,16.16922087201965,dropped_queue_full,,,
3881,0,0,16.170833333333334,16.17096298202523,dropped_queue_full,,,
3882,1,0,16.175,16.175061528017977,dropped_queue_full,,,
3883,2,0,16.179166666666667,16.17916824002168,completed,16.209444106003502,30.277439336835243,6.020991802215576
3884,3,1,16.183333333333334,16.18382741100504,completed,16.209453514020424,26.120180687090766,21.97148895263672
3885,0,1,16.1875,16.18850592902163,completed,16.2141286660044,26.628666004398838,21.721088409423828
3886,1,1,16.191666666666666,16.19318895600736,completed,16.223515939025674,31.849272359007585,26.586496353149414
3887,2,1,16.195833333333333,16.197870960022556,dropped_queue_full,,,
3888,3,0,16.2,16.20007201199769,completed,16.232942217000527,32.94221700052802,20.649824142456055
3889,0,0,16.204166666666666,16.2047552280128,completed,16.237616997008445,33.45033034177902,20.60323143005371
3890,1,0,16.208333333333332,16.209436923003523,completed,16.242720413021743,34.38707968841115,15.819680213928223
3891,2,0,16.2125,16.214123345998814,completed,16.247374254016904,34.87425401690558,29.426687240600586
3892,3,1,16.216666666666665,16.218799148016842,completed,16.25203103001695,35.364363350286254,20.488191604614258
3893,0,1,16.22083333333333,16.223509427014505,completed,16.25201937800739,31.186044674058166,15.890303611755371
3894,1,1,16.225,16.228255082009127,completed,16.26134078600444,36.340786004437575,20.508703231811523
3895,2,1,16.229166666666668,16.23293458201806,completed,16.26603615700151,36.86949033484055,20.583871841430664
3896,3,0,16.233333333333334,16.237611507007387,dropped_dispatch_late,,,
3897,0,0,16.2375,16.237847135023912,completed,16.27076331700664,33.263317006639426,20.593599319458008
3898,1,0,16.241666666666667,16.242714000021806,completed,16.275402330007637,33.73566334096978,15.805695533752441
3899,2,0,16.245833333333334,16.24736725000548,completed,16.280389214021852,34.55588068851867,15.741151809692383
3900,3,1,16.25,16.25201384801767,completed,16.285598089016275,35.59808901627548,33.34812927246094
3901,0,1,16.254166666666666,16.256656578014372,completed,16.292283981019864,38.11731435319743,20.699520111083984
3902,1,1,16.258333333333333,16.261334274022374,completed,16.30061618000036,42.282846667028195,20.756256103515625
3903,2,1,16.2625,16.26602917301352,completed,16.305316770012723,42.81677001272399,20.82854461669922
3904,3,0,16.266666666666666,16.270758007012773,completed,16.30997119200765,43.30452534098583,20.611616134643555
3905,0,0,16.270833333333332,16.275395697011845,dropped_dispatch_late,,,
3906,1,0,16.275,16.275411177019123,completed,16.314624011021806,39.62401102180735,15.79315185546875
3907,2,0,16.279166666666665,16.280055128998356,dropped_queue_full,,,
3908,3,1,16.28333333333333,16.28337908402318,dropped_queue_full,,,
3909,0,1,16.2875,16.287640239024768,completed,16.319280046009226,31.78004600922435,25.797151565551758
3910,1,1,16.291666666666668,16.29227881101542,dropped_queue_full,,,
3911,2,1,16.295833333333334,16.29590372700477,completed,16.323894543020288,28.061209686953248,20.69011116027832
3912,3,0,16.3,16.300609666999662,completed,16.328566919022705,28.566919022704695,20.95769691467285
3913,0,0,16.304166666666667,16.305309576011496,completed,16.33326083602151,29.09416935484188,15.931424140930176
3914,1,0,16.308333333333334,16.30996320702252,completed,16.338212964008562,29.879630675228697,25.862655639648438
3915,2,0,16.3125,16.314617288007867,completed,16.347791320004035,35.29132000403479,20.99123191833496
3916,3,1,16.316666666666666,16.319274506007787,completed,16.3524619830132,35.79531634653321,20.769855499267578
3917,0,1,16.320833333333333,16.323887179023586,completed,16.352450191014213,31.616857680880628,15.835712432861328
3918,1,1,16.325,16.328559475019574,completed,16.36184551002225,36.84551002224978,20.663103103637695
3919,2,1,16.329166666666666,16.333255406003445,completed,16.366532754007494,37.36608734082836,20.628543853759766
3920,3,0,16.333333333333332,16.33796429101494,dropped_dispatch_late,,,
3921,0,0,16.3375,16.33820805401774,completed,16.371186806005426,33.68680600542717,20.598304748535156
3922,1,0,16.341666666666665,16.343127390020527,completed,16.37588498101104,34.2183143443755,15.707167625427246
3923,2,0,16.34583333333333,16.347784377023345,completed,16.380568579013925,34.73524568059361,15.763168334960938
3924,3,1,16.35,16.352444771007868,completed,16.385228802013444,35.22880201344236,32.25686264038086
3925,0,1,16.354166666666668,16.357133428013185,completed,16.390340512996772,36.17384633010445,20.437023162841797
3926,1,1,16.358333333333334,16.361838876997354,completed,16.395539229008136,37.205895674802036,20.679264068603516
3927,2,1,16.3625,16.366525520017603,completed,16.404778702009935,42.27870200993422,20.64486312866211
3928,3,0,16.366666666666667,16.37118159601232,dropped_dispatch_late,,,
3929,0,0,16.370833333333334,16.37119688501116,completed,16.409465756005375,38.632422672041145,15.7957763671875
3930,1,0,16.375,16.375878599006683,completed,16.414155064005172,39.15506400517188,15.553567886352539
3931,2,0,16.379166666666666,16.380561174999457,completed,16.41883193902322,39.66527235655448,15.636799812316895
3932,3,1,16.383333333333333,16.385220937023405,completed,16.42561489500804,42.28156167470587,36.011966705322266
3933,0,1,16.3875,16.389874497021083,dropped_queue_full,,,
3934,1,1,16.391666666666666,16.391764697997132,dropped_queue_full,,,
3935,2,1,16.395833333333332,16.395858015021076,dropped_queue_full,,,
3936,3,0,16.4,16.400112788018305,completed,16.43032235800638,30.322358006380057,5.961631774902344
3937,0,0,16.404166666666665,16.404771668021567,completed,16.430311137024546,26.144470357881033,21.443872451782227
3938,1,0,16.40833333333333,16.40946035500383,completed,16.43494777500746,26.614441674126965,21.436511993408203
3939,2,0,16.4125,16.414148792013293,completed,16.444586616009474,32.08661600947238,26.23414421081543
3940,3,1,16.416666666666668,16.418824724998558,dropped_queue_full,,,
3941,0,1,16.420833333333334,16.420904566999525,completed,16.449502205010504,28.66887167716925,20.660383224487305
3942,1,1,16.425,16.42560705001233,completed,16.45416530300281,29.165303002809395,20.653024673461914
3943,2,1,16.429166666666667,16.430305765999947,completed,16.45884276900324,29.67610233657325,15.80953598022461
3944,3,0,16.433333333333334,16.434941273008008,completed,16.468152496003313,34.81916266997942,28.7379207611084
3945,0,0,16.4375,16.439637174014933,completed,16.472800536022987,35.30053602298722,20.504959106445312
3946,1,0,16.441666666666666,16.444579543021973,completed,16.47281021400704,31.143547340374056,15.897215843200684
3947,2,0,16.445833333333333,16.44949674399686,completed,16.482169634022284,36.33630068895144,20.479999542236328
3948,3,1,16.45,16.454158761014696,completed,16.486875615024474,36.87561502447423,20.687679290771484
3949,0,1,16.454166666666666,16.458835605997592,dropped_dispatch_late,,,
3950,1,1,16.458333333333332,16.45885094499681,completed,16.49155148799764,33.218154664307775,20.665311813354492
3951,2,1,16.4625,16.46349442601786,completed,16.496198606007965,33.6986060079667,15.80288028717041
3952,3,0,16.466666666666665,16.468144701007986,completed,16.5009242130036,34.25754633693501,15.780415534973145
3953,0,0,16.47083333333333,16.472795114998007,completed,16.505756874015788,34.92354068245618,32.72022247314453
3954,1,0,16.475,16.47748321099789,completed,16.513137736008503,38.13773600850112,20.640480041503906
3955,2,0,16.479166666666668,16.48216258100001,completed,16.5162793440104,37.112677343731804,20.674816131591797
3956,3,1,16.483333333333334,16.486867920000805,completed,16.525551277998602,42.21794466526774,20.756832122802734
3957,0,1,16.4875,16.491545015014708,completed,16.530279360013083,42.77936001308191,20.77676773071289
3958,1,1,16.491666666666667,16.49619153200183,dropped_dispatch_late,,,
3959,2,1,16.495833333333334,16.496206912008347,completed,16.5349475890107,39.11425567736515,15.897600173950195
3960,3,0,16.5,16.50091622801847,completed,16.53965815799893,39.6581579989288,15.549792289733887
3961,0,0,16.504166666666666,16.505582363024587,dropped_queue_full,,,
3962,1,0,16.508333333333333,16.508429792011157,completed,16.54456245500478,36.22912167144676,31.040735244750977
3963,2,0,16.5125,16.513131714018527,dropped_queue_full,,,
3964,3,1,16.516666666666666,16.5167555490043,dropped_queue_full,,,
3965,0,1,16.520833333333332,16.520853414025623,completed,16.5492433970212,28.41006368786836,20.59721565246582
3966,1,1,16.525,16.525543524010573,completed,16.553925141022773,28.92514102277488,10.87615966796875
3967,2,1,16.529166666666665,16.530273910000687,completed,16.558638445014367,29.47177834770187,26.001983642578125
3968,3,0,16.53333333333333,16.534940434998134,completed,16.567996103025507,34.66276969217574,26.253503799438477
3969,0,0,16.5375,16.539650282997172,completed,16.572675342002185,35.17534200218364,21.21468734741211
3970,1,0,16.541666666666668,16.544556353008375,completed,16.572685140999965,31.01847433329752,15.838848114013672
3971,2,0,16.545833333333334,16.549233477999223,completed,16.582073296012823,36.23996267948826,20.756576538085938
3972,3,1,16.55,16.553918518999126,completed,16.58701846000622,37.018460006219556,20.797727584838867
3973,0,1,16.554166666666667,16.55863136201515,dropped_dispatch_late,,,
3974,1,1,16.558333333333334,16.55864687100984,completed,16.59174249501666,33.40916168332697,20.67420768737793
3975,2,1,16.5625,16.56330738501856,completed,16.596429669007193,33.9296690071933,15.674112319946289
3976,3,0,16.566666666666666,16.567988268012414,completed,16.601112105010543,34.44543834387659,15.719391822814941
3977,0,0,16.570833333333333,16.572669781016884,completed,16.605766146007227,34.93281267389392,32.54764938354492
3978,1,0,16.575,16.57738422800321,completed,16.610944804007886,35.94480400788669,18.31939125061035
3979,2,0,16.579166666666666,16.582066443021176,completed,16.61628047999693,37.11381333026509,20.85910415649414
3980,3,1,16.583333333333332,16.58700165801565,completed,16.625660370016703,42.32703668337123,20.649120330810547
3981,0,1,16.5875,16.5917358820152,dropped_dispatch_late,,,
3982,1,1,16.591666666666665,16.59175141202286,completed,16.63038609700743,38.71943034076608,15.749823570251465
3983,2,1,16.59583333333333,16.596422606002307,completed,16.635058103012852,39.22476967952093,15.648063659667969
3984,3,0,16.6,16.601104670000495,completed,16.639714720018674,39.71472001867227,15.698111534118652
3985,0,0,16.604166666666668,16.605760405014735,completed,16.646344074018998,42.17740735233022,36.13353729248047
3986,1,0,16.608333333333334,16.610453621018678,dropped_queue_full,,,
3987,2,0,16.6125,16.61264086602023,dropped_queue_full,,,
3988,3,1,16.616666666666667,16.616757126001175,dropped_queue_full,,,
3989,0,1,16.620833333333334,16.620958307001274,completed,16.6510122519976,30.178918664265808,6.007967948913574
3990,1,1,16.625,16.62565267502214,completed,16.651022450998425,26.022450998425484,21.660608291625977
3991,2,1,16.629166666666666,16.630379826005083,completed,16.655673407018185,26.506740351518232,21.38630485534668
3992,3,0,16.633333333333333,16.635051120014396,completed,16.665072132018395,31.73879868506191,26.441791534423828
3993,0,0,16.6375,16.63970707502449,dropped_queue_full,,,
3994,1,0,16.641666666666666,16.641696664999472,completed,16.66973922800389,28.072561337225466,20.57855987548828
3995,2,0,16.645833333333332,16.646338793012546,completed,16.67439624501276,28.56291167942615,20.572479248046875
3996,3,1,16.65,16.650999167002738,completed,16.683775303012226,33.7753030122272,15.802176475524902
3997,0,1,16.654166666666665,16.65566701500211,completed,16.68865521400585,34.488547339183384,28.680479049682617
3998,1,1,16.65833333333333,16.660367745003896,completed,16.693332560011186,34.99922667785427,20.537824630737305
3999,2,1,16.6625,16.665064497006824,completed,16.698000808013603,35.50080801360167,20.546688079833984
4000,3,0,16.666666666666668,16.66973269599839,completed,16.698019303003093,31.352636336425377,15.849247932434082
4001,0,0,16.670833333333334,16.674388761020964,completed,16.707386338006472,36.553004673137934,20.31679916381836
4002,1,0,16.675,16.679126371018356,completed,16.712042833998566,37.04283399856578,20.40790367126465
4003,2,0,16.679166666666667,16.683767358015757,dropped_dispatch_late,,,
4004,3,1,16.683333333333334,16.683783509011846,completed,16.716688901011366,33.35556767803283,20.338560104370117
4005,0,1,16.6875,16.6886499140237,completed,16.721356668014778,33.856668014777824,15.664959907531738
4006,1,1,16.691666666666666,16.693326007021824,completed,16.72634953301167,34.682866345004726,15.764896392822266
4007,2,1,16.695833333333333,16.697993805020815,completed,16.73387389801792,38.04056468458583,33.425537109375
4008,3,0,16.7,16.702738729014527,completed,16.736867845000234,36.86784500023421,20.750015258789062
4009,0,0,16.704166666666666,16.707380948006175,completed,16.746524681017036,42.3580143503699,20.986879348754883
4010,1,0,16.708333333333332,16.712036372016883,completed,16.751185605011415,42.85227167808259,20.810495376586914
4011,2,0,16.7125,16.71668175701052,dropped_dispatch_late,,,
4012,3,1,16.716666666666665,16.716696896008216,completed,16.755829697998706,39.16303133204124,15.638400077819824
4013,0,1,16.72083333333333,16.72135117801372,completed,16.760499850002816,39.66651666948451,15.85536003112793
4014,1,1,16.725,16.72601557901362,dropped_queue_full,,,
4015,2,1,16.729166666666668,16.729167647019494,completed,16.76519974900293,36.03308233626379,31.122976303100586
4016,3,0,16.733333333333334,16.733866904018214,dropped_queue_full,,,
4017,0,0,16.7375,16.737641655025072,dropped_queue_full,,,
4018,1,0,16.741666666666667,16.74179948400706,completed,16.769905088003725,28.238421337057673,20.679487228393555
4019,2,0,16.745833333333334,16.746519241016358,completed,16.77455875801388,28.725424680548173,10.988863945007324
4020,3,1,16.75,16.75117911302368,completed,16.779250251012854,29.250251012854278,26.379680633544922
4021,0,1,16.754166666666666,16.755821943021147,completed,16.78881491100765,34.648244340981904,26.210464477539062
4022,1,1,16.758333333333333,16.76049449000857,completed,16.793499521008926,35.16618767559265,21.096128463745117
4023,2,1,16.7625,16.765192996012047,completed,16.79350880900165,31.00880900165137,15.820575714111328
4024,3,0,16.766666666666666,16.769898685015505,completed,16.802864863013383,36.19819634671728,20.135103225708008
4025,0,0,16.770833333333332,16.77455160501995,completed,16.80753972401726,36.70639068392845,20.63657569885254
4026,1,0,16.775,16.77924249600619,dropped_dispatch_late,,,
4027,2,0,16.779166666666665,16.77925810602028,completed,16.812244792003185,33.07812533651955,20.60095977783203
4028,3,1,16.78333333333333,16.783924701012438,completed,16.816888143017422,33.55480968409097,15.678879737854004
4029,0,1,16.7875,16.78880952100735,completed,16.82156911600032,34.06911600031748,15.784031867980957
4030,1,1,16.791666666666668,16.793492728000274,completed,16.826241162023507,34.57449535683921,32.372257232666016
4031,2,1,16.795833333333334,16.798153231997276,completed,16.83557910102536,39.745767692025424,20.659008026123047
4032,3,0,16.8,16.802857148024486,completed,16.836548753024545,36.548753024543856,20.642208099365234
4033,0,0,16.804166666666667,16.807534404011676,completed,16.84170512901619,37.53846234952363,20.61123275756836
4034,1,0,16.808333333333334,16.812237678997917,completed,16.850658208015375,42.32487468204127,20.606752395629883
4035,2,0,16.8125,16.81688061900786,dropped_dispatch_late,,,
4036,3,1,16.816666666666666,16.816895978001412,completed,16.85530908301007,38.642416343403596,15.62940788269043
4037,0,1,16.820833333333333,16.82156362599926,completed,16.859972953010583,39.13961967725044,15.567680358886719
4038,1,1,16.825,16.826234439009568,completed,16.864630291005597,39.63029100559723,15.700672149658203
4039,2,1,16.829166666666666,16.830877840024186,completed,16.87139209700399,42.225430337325065,36.020606994628906
4040,3,0,16.833333333333332,16.835571958014043,dropped_queue_full,,,
4041,0,0,16.8375,16.837642221013084,dropped_queue_full,,,
4042,1,0,16.841666666666665,16.84169870702317,dropped_queue_full,,,
4043,2,0,16.84583333333333,16.845959882019088,completed,16.876099009008612,30.265675675281045,6.025087833404541
4044,3,1,16.85,16.85065186599968,completed,16.876108537020627,26.108537020625988,21.732576370239258
4045,0,1,16.854166666666668,16.855301458999747,completed,16.88082468599896,26.658019332291616,21.485408782958984
4046,1,1,16.858333333333334,16.859967824013438,completed,16.89040319301421,32.06985968087395,26.224767684936523
4047,2,1,16.8625,16.8646240690141,dropped_queue_full,,,
4048,3,0,16.866666666666667,16.866694793017814,completed,16.895063055999344,28.396389332677074,20.386016845703125
4049,0,0,16.870833333333334,16.871385003003525,completed,16.89970894099679,28.875607663454872,20.353919982910156
4050,1,0,16.875,16.876091925019864,completed,16.90908245902392,34.08245902392082,15.589056015014648
4051,2,0,16.879166666666666,16.880819056008477,completed,16.913767960009864,34.60129334319717,28.827903747558594
4052,3,1,16.883333333333333,16.88549583000713,completed,16.918492465018062,35.15913168472906,20.273311614990234
4053,0,1,16.8875,16.890396750997752,completed,16.918480833002832,30.980833002832497,15.824352264404297
4054,1,1,16.891666666666666,16.895055030006915,completed,16.92783224800951,36.165581342842756,20.51955223083496
4055,2,1,16.895833333333332,16.899703621020308,completed,16.932527268014383,36.69393468105042,20.5380802154541
4056,3,0,16.9,16.90438716902281,dropped_dispatch_late,,,
4057,0,0,16.904166666666665,16.904395445017144,completed,16.937259958998766,33.09329233210079,20.5817928314209
4058,1,0,16.90833333333333,16.90907589602284,completed,16.941957112023374,33.62377869004263,15.676671981811523
4059,2,0,16.9125,16.91376091699931,completed,16.947444557008566,34.944557008564914,15.785728454589844
4060,3,1,16.916666666666668,16.91847561299801,completed,16.95215977501357,35.49310834690189,32.74291229248047
4061,0,1,16.920833333333334,16.923168739012908,completed,16.96152358301333,40.69024967999724,20.53766441345215
4062,1,1,16.925,16.927825676015345,completed,16.962021229002858,37.02122900285687,20.57526397705078
4063,2,1,16.929166666666667,16.932520094007486,completed,16.96722811102518,38.061444358511665,20.552095413208008
4064,3,0,16.933333333333334,16.937254528020276,completed,16.975585578009486,42.25224467615263,20.75334358215332
4065,0,0,16.9375,16.941950600012206,dropped_dispatch_late,,,
4066,1,0,16.941666666666666,16.94269462302327,completed,16.980265869002324,38.59920233565717,15.8154878616333
4067,2,0,16.945833333333333,16.947437763999915,completed,16.984948194003664,39.1148606703311,15.572064399719238
4068,3,1,16.95,16.952152020006906,completed,16.98987824001233,39.878240012331645,15.704031944274902
4069,0,1,16.954166666666666,16.956840306025697,completed,16.9964177130023,42.25104633563603,36.16700744628906
4070,1,1,16.958333333333332,16.96151815302437,dropped_queue_full,,,
4071,2,1,16.9625,16.962656515999697,dropped_queue_full,,,
4072,3,0,16.966666666666665,16.96674434101442,dropped_queue_full,,,
4073,0,0,16.97083333333333,16.9708476170199,completed,17.001105228002416,30.27189466908453,5.972320079803467
4074,1,0,16.975,16.97557791302097,completed,17.001114807004342,26.114807004340435,21.60099220275879
4075,2,0,16.979166666666668,16.98025976700592,completed,17.005773587006843,26.606920340174867,21.75267219543457
4076,3,1,16.983333333333334,16.984940900001675,completed,17.01525898699765,31.925653664316656,26.37785530090332
4077,0,1,16.9875,16.989870565012097,dropped_queue_full,,,
4078,1,1,16.991666666666667,16.991755866998574,completed,17.02471446999698,33.04780333031232,20.586528778076172
4079,2,1,16.995833333333334,16.996412413020153,completed,17.029366558010224,33.53322467689068,20.35366439819336
4080,3,0,17.0,17.0010999480146,completed,17.03404653799953,34.04653799952939,15.778656005859375
4081,0,0,17.004166666666666,17.005767085007392,completed,17.0388557749975,34.68910833083427,29.65817642211914
4082,1,0,17.008333333333333,17.010483044025023,completed,17.04353398201056,35.20064867722539,20.565216064453125
4083,2,0,17.0125,17.01525100201252,completed,17.043543771025725,31.04377102572542,15.936479568481445
4084,3,1,17.016666666666666,17.02002083300613,completed,17.053163675998803,36.49700933213751,20.4333438873291
4085,0,1,17.020833333333332,17.02470804800396,completed,17.057921274012187,37.08794067885535,20.453216552734375
4086,1,1,17.025,17.029359464009758,dropped_dispatch_late,,,
4087,2,1,17.029166666666665,17.029374913021456,completed,17.062592428002972,33.42576133630715,20.433664321899414
4088,3,0,17.03333333333333,17.03403875301592,completed,17.06738866001251,34.0553266791801,15.663968086242676
4089,0,0,17.0375,17.038850515004015,completed,17.07221238402417,34.712384024167875,15.768192291259766
4090,1,0,17.041666666666668,17.043527239002287,completed,17.079761344997678,38.0946783310101,33.34143829345703
4091,2,0,17.045833333333334,17.0484467150236,completed,17.082756184012396,36.92285067906198,20.62825584411621
4092,3,1,17.05,17.053155601024628,completed,17.087648007000098,37.648007000097294,20.618112564086914
4093,0,1,17.054166666666667,17.05791585400584,completed,17.097105484019266,42.9388173525993,20.57792091369629
4094,1,1,17.058333333333334,17.062585414998466,dropped_dispatch_late,,,
4095,2,1,17.0625,17.062600814009784,completed,17.101778901997022,39.27890199702233,15.614496231079102
4096,3,0,17.066666666666666,17.06738100500661,completed,17.106452130014077,39.7854633474104,15.644543647766113
4097,0,0,17.070833333333333,17.072037611011183,dropped_queue_full,,,
4098,1,0,17.075,17.075064682023367,completed,17.111130438017426,36.13043801742677,31.196735382080078
4099,2,0,17.079166666666666,17.07975502300542,dropped_queue_full,,,
4100,3,1,17.083333333333332,17.083390599000268,dropped_queue_full,,,
4101,0,1,17.0875,17.08764102400164,completed,17.115779660001863,28.279660001864215,20.84988784790039
4102,1,1,17.091666666666665,17.092412318015704,completed,17.120521247998113,28.854581331447804,10.973183631896973
4103,2,1,17.09583333333333,17.097099974023877,completed,17.125229913013754,29.396579680422974,26.098175048828125
4104,3,0,17.1,17.101771739020478,completed,17.130025913997088,30.025913997086207,26.29622459411621
4105,0,0,17.104166666666668,17.106444566015853,completed,17.13960218700231,35.43552033564268,21.04956817626953
4106,1,0,17.108333333333334,17.11112404600135,completed,17.139611815015087,31.278481681752623,15.809568405151367
4107,2,0,17.1125,17.115774250007235,completed,17.149196714017307,36.696714017306675,20.76812744140625
4108,3,1,17.116666666666667,17.12051467501442,completed,17.153943712008186,37.277045341518544,20.828128814697266
4109,0,1,17.120833333333334,17.125222489004955,dropped_dispatch_late,,,
4110,1,1,17.125,17.12523836901528,completed,17.158698104001814,33.6981040018145,20.702655792236328
4111,2,1,17.129166666666666,17.13001768902177,completed,17.16342624599929,34.25957933262325,15.717632293701172
4112,3,0,17.133333333333333,17.13471678600763,completed,17.168185907998122,34.852574664789415,15.755135536193848
4113,0,0,17.1375,17.13959656600491,completed,17.1728660800145,35.36608001450148,31.971904754638672
4114,1,0,17.141666666666666,17.14428772800602,completed,17.17287577802199,31.20911135532367,15.794655799865723
4115,2,0,17.145833333333332,17.149189529998694,completed,17.182520310016116,36.68697668278398,20.803552627563477
4116,3,1,17.15,17.15393590700114,completed,17.18765176902525,37.65176902525269,20.76723289489746
4117,0,1,17.154166666666665,17.15869154201937,dropped_dispatch_late,,,
4118,1,1,17.15833333333333,17.158707252005115,completed,17.19331656000577,34.983226672437695,20.71027183532715
4119,2,1,17.1625,17.16341909300536,completed,17.20068024902139,38.18024902138717,15.641216278076172
4120,3,0,17.166666666666668,17.168178234016523,completed,17.205435152020073,38.768485353404714,15.749823570251465
4121,0,0,17.170833333333334,17.172860549006145,completed,17.21310125599848,42.267922665146784,35.4837760925293
4122,1,0,17.175,17.177530721004587,completed,17.217773572017904,42.77357201790366,20.539199829101562
4123,2,0,17.179166666666667,17.18218484299723,dropped_queue_full,,,
4124,3,1,17.183333333333334,17.18347296002321,dropped_queue_full,,,
4125,0,1,17.1875,17.187644395016832,completed,17.222464493999723,34.964493999723345,10.845024108886719
4126,1,1,17.191666666666666,17.192350335011724,dropped_queue_full,,,
4127,2,1,17.195833333333333,17.195957598014502,completed,17.22247496401542,26.641630682085804,21.5032958984375
4128,3,0,17.2,17.20067321602255,completed,17.23182544700103,31.825447001029517,26.0795841217041
4129,0,0,17.204166666666666,17.20542728700093,dropped_queue_full,,,
4130,1,0,17.208333333333332,17.20843061301275,completed,17.23658616101602,28.252827682688775,20.794431686401367
4131,2,0,17.2125,17.213095956016332,completed,17.24152102600783,29.021026007832518,20.681119918823242
4132,3,1,17.216666666666665,17.217767120018834,completed,17.2462134710222,29.546804355536693,15.758655548095703
4133,0,1,17.22083333333333,17.222459013020853,completed,17.251202809013193,30.369475679862035,28.097280502319336
4134,1,1,17.225,17.227149113023188,completed,17.25589852000121,30.89852000120885,20.932767868041992
4135,2,1,17.229166666666668,17.231817412015516,completed,17.260562851006398,31.396184339730127,15.776576042175293
4136,3,0,17.233333333333334,17.23657939900295,completed,17.26996669601067,36.63336267733541,20.502784729003906
4137,0,0,17.2375,17.241514123015804,completed,17.274724204005906,37.22420400590565,20.588768005371094
4138,1,0,17.241666666666667,17.246205666015157,dropped_dispatch_late,,,
4139,2,0,17.245833333333334,17.246489195007598,completed,17.279395929013845,33.56259568051101,20.49488067626953
4140,3,1,17.25,17.251197399018565,completed,17.284138368006097,34.13836800609715,15.694751739501953
4141,0,1,17.254166666666666,17.255891567008803,completed,17.28880796901649,34.64130234982221,15.709280014038086
4142,1,1,17.258333333333333,17.260556268010987,completed,17.293514390010387,35.181056677053846,31.677759170532227
4143,2,1,17.2625,17.26525744900573,completed,17.29352407902479,31.024079024792428,15.826848030090332
4144,3,0,17.266666666666666,17.269958901015343,completed,17.303018115024315,36.351448357649474,20.691871643066406
4145,0,0,17.270833333333332,17.274718693020986,completed,17.308287305000704,37.45397166737163,20.728992462158203
4146,1,0,17.275,17.27938903600443,dropped_dispatch_late,,,
4147,2,0,17.279166666666665,17.279404636006802,completed,17.313861014001304,34.694347334639275,20.613632202148438
4148,3,1,17.28333333333333,17.28413006302435,completed,17.31890825202572,35.574918692390156,15.71782398223877
4149,0,1,17.2875,17.288802659022622,completed,17.325674446008634,38.1744460086324,15.75494384765625
4150,1,1,17.291666666666668,17.293507658003364,completed,17.329174515005434,37.50784833876608,35.43529510498047
4151,2,1,17.295833333333334,17.298225751001155,completed,17.338607646001037,42.77431266770293,20.62495994567871
4152,3,0,17.3,17.303001744003268,completed,17.343548122007633,43.54812200763192,20.596511840820312
4153,0,0,17.304166666666667,17.307795030006673,dropped_queue_full,,,
4154,1,0,17.308333333333334,17.308450245007407,completed,17.348282395018032,39.94906168469825,15.70195198059082
4155,2,0,17.3125,17.31321165000554,dropped_queue_full,,,
4156,3,1,17.316666666666666,17.31669871500344,dropped_queue_full,,,
4157,0,1,17.320833333333333,17.320955091010546,completed,17.353238581010373,32.40524767704045,25.789695739746094
4158,1,1,17.325,17.325669036014006,dropped_queue_full,,,
4159,2,1,17.329166666666666,17.32916783299879,completed,17.35796855701483,28.80189034816283,20.493024826049805
4160,3,0,17.333333333333332,17.333911765017547,completed,17.362640150997322,29.306817663989904,20.562463760375977
4161,0,0,17.3375,17.33860058200662,completed,17.36735316499835,29.853164998350223,15.764800071716309
4162,1,0,17.341666666666665,17.343540297006257,completed,17.37205981599982,30.393149333153957,25.842432022094727
4163,2,0,17.34583333333333,17.348275883006863,completed,17.372069475008175,26.23614167484334,15.982272148132324
4164,3,1,17.35,17.353233271016506,completed,17.37677072599763,26.770725997629086,15.980159759521484
4165,0,1,17.354166666666668,17.357961253001122,completed,17.3908047270088,36.63806034213124,20.67545509338379
4166,1,1,17.358333333333334,17.362632547010435,dropped_dispatch_late,,,
4167,2,1,17.3625,17.36264854701585,completed,17.395532819005894,33.03281900589283,20.643007278442383
4168,3,0,17.366666666666667,17.36734775500372,completed,17.400203342025634,33.53667535896676,20.670143127441406
4169,0,0,17.370833333333334,17.372053294006037,completed,17.40489249001257,34.059156679237645,15.871359825134277
4170,1,0,17.375,17.376763211999787,completed,17.4095962959982,34.59629599819891,30.75503921508789
4171,2,0,17.379166666666666,17.381436059018597,completed,17.414288861007662,35.12219434099606,20.75619125366211
4172,3,1,17.383333333333333,17.38613881301717,completed,17.41429850901477,30.96517568143753,16.118207931518555
4173,0,1,17.3875,17.390799196000444,completed,17.423765153012937,36.265153012937645,20.917823791503906
4174,1,1,17.391666666666666,17.395525946019916,completed,17.428809625998838,37.142959332172154,20.839519500732422
4175,2,1,17.395833333333332,17.40019558701897,dropped_dispatch_late,,,
4176,3,0,17.4,17.400211207015673,completed,17.43422034502146,34.220345021459764,20.62495994567871
4177,0,0,17.404166666666665,17.404887140000938,completed,17.442379175015958,38.21250834929302,15.686047554016113
4178,1,0,17.40833333333333,17.409589774004417,completed,17.447200595022878,38.86726168954624,15.722016334533691
4179,2,0,17.4125,17.414281737001147,completed,17.449857963016257,37.35796301625527,35.323265075683594
4180,3,1,17.416666666666668,17.418942622025497,completed,17.45937650601263,42.70983934596373,20.571008682250977
4181,0,1,17.420833333333334,17.4235909920244,dropped_queue_full,,,
4182,1,1,17.425,17.42501079000067,dropped_queue_full,,,
4183,2,1,17.429166666666667,17.429287384002237,completed,17.464041528000962,34.87486133429485,10.825632095336914
4184,3,0,17.433333333333334,17.434037288010586,dropped_queue_full,,,
4185,0,0,17.4375,17.43753697600914,completed,17.4640308280068,26.5308280067984,21.39836883544922
4186,1,0,17.441666666666666,17.442373694997514,completed,17.47334580399911,31.679137332442764,26.001888275146484
4187,2,0,17.445833333333333,17.44719415201689,dropped_queue_full,,,
4188,3,1,17.45,17.450011535023805,completed,17.478021797025576,28.021797025576944,21.07663917541504
4189,0,1,17.454166666666666,17.454697175999172,completed,17.482708330004243,28.54166333757746,20.376352310180664
4190,1,1,17.458333333333332,17.45936890100711,completed,17.487420362012926,29.08702867959434,15.613504409790039
4191,2,1,17.4625,17.464025477005634,completed,17.49208044502302,29.58044502302215,27.543136596679688
4192,3,0,17.466666666666665,17.468702873011352,completed,17.496723835996818,30.05716933015279,20.635391235351562
4193,0,0,17.47083333333333,17.473339261021465,completed,17.50605820902274,35.224875689408464,20.399808883666992
4194,1,0,17.475,17.47801384201739,completed,17.506067887006793,31.06788700679175,15.802495956420898
4195,2,0,17.479166666666668,17.48270300999866,completed,17.515417429007357,36.250762340689135,20.471328735351562
4196,3,1,17.483333333333334,17.487413829017896,completed,17.520114522019867,36.78118868653257,20.67843246459961
4197,0,1,17.4875,17.4920730710146,dropped_dispatch_late,,,
4198,1,1,17.491666666666667,17.49208898100187,completed,17.524815954006044,33.149287339377054,20.58777618408203
4199,2,1,17.495833333333334,17.496716001012828,completed,17.529517035000026,33.683701666692656,15.562496185302734
4200,3,0,17.5,17.501365614007227,completed,17.53421354701277,34.213547012768686,15.661567687988281
4201,0,0,17.504166666666666,17.50605273799738,completed,17.53889678401174,34.73011734507381,32.175071716308594
4202,1,0,17.508333333333333,17.5107212169969,completed,17.548467365006218,40.13403167288487,20.50364875793457
4203,2,0,17.5125,17.515410506021,completed,17.54918362601893,36.68362601893094,20.79110336303711
4204,3,1,17.516666666666666,17.520106837997446,completed,17.55433777801227,37.671111345602526,20.841344833374023
4205,0,1,17.520833333333332,17.524809551017825,completed,17.563174836017424,42.34150268409209,20.75702476501465
4206,1,1,17.525,17.52951010101242,dropped_dispatch_late,,,
4207,2,1,17.529166666666665,17.529525481018936,completed,17.567954155005282,38.78748833861678,15.693023681640625
4208,3,0,17.53333333333333,17.534205882024253,completed,17.572620801016456,39.28746768312408,15.295647621154785
4209,0,0,17.5375,17.538891333009815,completed,17.577304007019848,39.80400701984621,15.510784149169922
4210,1,0,17.541666666666668,17.543677595996996,completed,17.583871584007284,42.20491734061582,35.827999114990234
4211,2,0,17.545833333333334,17.548460833000718,dropped_queue_full,,,
4212,3,1,17.55,17.550134362012614,dropped_queue_full,,,
4213,0,1,17.554166666666667,17.554169929004274,dropped_queue_full,,,
4214,1,1,17.558333333333334,17.558434140024474,completed,17.58859442602261,30.261092689276126,5.966911792755127
4215,2,1,17.5625,17.5631693850155,completed,17.588604075019248,26.10407501924783,21.28179168701172
4216,3,0,17.566666666666666,17.56794701202307,completed,17.593305506015895,26.638839349228505,21.380416870117188
4217,0,0,17.570833333333333,17.572613116004504,completed,17.60265417600749,31.820842674157745,26.131103515625
4218,1,0,17.575,17.57729848701274,dropped_queue_full,,,
4219,2,0,17.579166666666666,17.579168399010086,completed,17.607319789996836,28.153123330170615,20.524351119995117
4220,3,1,17.583333333333332,17.583865162014263,completed,17.61197883100249,28.645497669156583,20.46623992919922
4221,0,1,17.5875,17.588587884005392,completed,17.621361816010904,33.86181601090499,15.674912452697754
4222,1,1,17.591666666666665,17.59329783200519,completed,17.62607558100717,34.40891434050641,28.744384765625
4223,2,1,17.59583333333333,17.59796237302362,completed,17.630745833012043,34.91249967871113,20.609312057495117
4224,3,0,17.6,17.6026487260242,completed,17.635430342023028,35.43034202302664,20.85478401184082
4225,0,0,17.604166666666668,17.607312616019044,completed,17.63541889100452,31.252224337851686,16.133983612060547
4226,1,0,17.608333333333334,17.611971006001113,completed,17.644732895016205,36.399561682870285,20.695903778076172
4227,2,0,17.6125,17.616638052015333,completed,17.64943911600858,36.93911600857902,20.723167419433594
4228,3,1,17.616666666666667,17.62135644600494,dropped_dispatch_late,,,
4229,0,1,17.620833333333334,17.621371704997728,completed,17.65443192102248,33.59858768914492,20.54457664489746
4230,1,1,17.625,17.626068988000043,completed,17.65916902999743,34.16902999742888,15.697183609008789
4231,2,1,17.629166666666666,17.63073889000225,completed,17.664423011010513,35.25634434384628,15.754112243652344
4232,3,0,17.633333333333333,17.635413340001833,completed,17.671424432017375,38.091098684041924,33.727264404296875
4233,0,0,17.6375,17.64009251902462,completed,17.674593913019635,37.093913019635494,20.474336624145508
4234,1,0,17.641666666666666,17.644726333004655,completed,17.68384425601107,42.177589344404964,20.688735961914062
4235,2,0,17.645833333333332,17.649432022008114,completed,17.688522915006615,42.68958167328307,20.599071502685547
4236,3,1,17.65,17.654426440014504,dropped_dispatch_late,,,
4237,0,1,17.654166666666665,17.654442110011587,completed,17.693227242009016,39.060575342350745,15.768863677978516
4238,1,1,17.65833333333333,17.659162477008067,completed,17.69791059900308,39.57726566974884,15.628767967224121
4239,2,1,17.6625,17.664089247002266,dropped_queue_full,,,
4240,3,0,17.666666666666668,17.66674967101426,completed,17.70261370402295,35.94703735628357,31.22230339050293
4241,0,0,17.670833333333334,17.67141655701562,dropped_queue_full,,,
4242,1,0,17.675,17.675072231999366,dropped_queue_full,,,
4243,2,0,17.679166666666667,17.679168814007426,completed,17.70725482000853,28.08815334186221,20.642080307006836
4244,3,1,17.683333333333334,17.683838065015152,completed,17.711907920020167,28.574586686833214,10.861023902893066
4245,0,1,17.6875,17.68851587100653,completed,17.72125333402073,33.75333402073011,26.199199676513672
4246,1,1,17.691666666666666,17.693221831024857,completed,17.725926732004154,34.260065337488044,26.388736724853516
4247,2,1,17.695833333333333,17.69790409700363,completed,17.730631119018653,34.79778568532055,21.168895721435547
4248,3,0,17.7,17.70260598900495,completed,17.73536093501025,35.360935010249506,20.514368057250977
4249,0,0,17.704166666666666,17.707247406011447,completed,17.73534925302374,31.182586357076048,15.903327941894531
4250,1,0,17.708333333333332,17.711900356021943,completed,17.744679818017175,36.34648468384327,20.267168045043945
4251,2,0,17.7125,17.716558655025437,completed,17.749418400024297,36.91840002429814,20.339391708374023
4252,3,1,17.716666666666665,17.721247923996998,dropped_dispatch_late,,,
4253,0,1,17.72083333333333,17.721263303013984,completed,17.754076209006598,33.24287567326678,20.335935592651367
4254,1,1,17.725,17.72592017002171,completed,17.759002959006466,34.00295900646455,15.634143829345703
4255,2,1,17.729166666666668,17.730623976007337,completed,17.763895493000746,34.72882633407792,15.812000274658203
4256,3,0,17.733333333333334,17.73534397300682,completed,17.768754754011752,35.4214206784178,33.14896011352539
4257,0,0,17.7375,17.740022601006785,completed,17.7756623570167,38.16235701669868,20.657888412475586
4258,1,0,17.741666666666667,17.74467355600791,completed,17.7792768740037,37.61020733703191,20.705888748168945
4259,2,0,17.745833333333334,17.749411547003547,completed,17.78815022102208,42.3168876887452,20.60736083984375
4260,3,1,17.75,17.75407082901802,completed,17.792839089001063,42.83908900106326,20.523744583129883
4261,0,1,17.754166666666666,17.758996386022773,dropped_dispatch_late,,,
4262,1,1,17.758333333333333,17.759020332014188,completed,17.79753261501901,39.19928168567566,15.804415702819824
4263,2,1,17.7625,17.76388875002158,completed,17.8022388460231,39.73884602310207,15.562751770019531
4264,3,0,17.766666666666666,17.76857809899957,dropped_queue_full,,,
4265,0,0,17.770833333333332,17.770955846004654,completed,17.806905661011115,36.07232767778257,31.09699249267578
4266,1,0,17.775,17.775657147023594,dropped_queue_full,,,
4267,2,0,17.779166666666665,17.779270231025293,dropped_queue_full,,,
4268,3,1,17.78333333333333,17.783481872000266,completed,17.81158750600298,28.254172669647915,21.091903686523438
4269,0,1,17.7875,17.788143037003465,completed,17.820958158001304,33.45815800130225,10.991168022155762
4270,1,1,17.791666666666668,17.792831244005356,completed,17.825661593000405,33.994926333736686,26.266239166259766
4271,2,1,17.795833333333334,17.79752616301994,completed,17.83032188602374,34.48855269040507,26.495168685913086
4272,3,0,17.8,17.802231742010918,completed,17.835002498002723,35.00249800272215,21.159231185913086
4273,0,0,17.804166666666667,17.80690024100477,completed,17.834991237003123,30.824570336456247,15.82800006866455
4274,1,0,17.808333333333334,17.811580102017615,completed,17.844388419005554,36.0550856722206,20.493728637695312
4275,2,0,17.8125,17.81629157200223,completed,17.84905255000922,36.552550009218976,20.552831649780273
4276,3,1,17.816666666666666,17.820952737005427,dropped_dispatch_late,,,
4277,0,1,17.820833333333333,17.82096851701499,completed,17.853735456010327,32.90212267699388,20.468351364135742
4278,1,1,17.825,17.8256551810191,completed,17.858402582001872,33.40258200187307,15.685888290405273
4279,2,1,17.829166666666666,17.830314783001086,completed,17.863829412002815,34.662745336149214,15.685855865478516
4280,3,0,17.833333333333332,17.834985797002446,completed,17.86868677000166,35.35343666832702,33.03590393066406
4281,0,0,17.8375,17.83967823101557,completed,17.877994681999553,40.494681999554416,20.430816650390625
4282,1,0,17.841666666666665,17.8443819770182,completed,17.878816814016318,37.15014734965294,20.61177635192871
4283,2,0,17.84583333333333,17.849045486014802,completed,17.88397305001854,38.139716685208214,20.500864028930664
4284,3,1,17.85,17.85372990500764,completed,17.892257348023122,42.257348023120755,20.687488555908203
4285,0,1,17.854166666666668,17.858396130002802,dropped_dispatch_late,,,
4286,1,1,17.858333333333334,17.858630455011735,completed,17.896904927009018,38.57159367568386,15.799360275268555
4287,2,1,17.8625,17.863822348008398,completed,17.90159289300209,39.0928930020884,15.801312446594238
4288,3,0,17.866666666666667,17.8686790150241,completed,17.906279957009247,39.61329034257943,15.745247840881348
4289,0,0,17.870833333333334,17.87335378600983,completed,17.913197968999157,42.36463566582316,36.281280517578125
4290,1,0,17.875,17.877989241998876,dropped_queue_full,,,
4291,2,0,17.879166666666666,17.879295063001337,dropped_queue_full,,,
4292,3,1,17.883333333333333,17.883333354024217,dropped_queue_full,,,
4293,0,1,17.8875,17.88758855802007,completed,17.917867420008406,30.367420008406754,5.9890241622924805
4294,1,1,17.891666666666666,17.89224963300512,completed,17.917877329018665,26.21066235199976,21.660959243774414
4295,2,1,17.895833333333332,17.89689860501676,completed,17.922538954997435,26.705621664103063,21.654048919677734
4296,3,0,17.9,17.90158570901258,completed,17.931825275998563,31.825275998563995,26.46918487548828
4297,0,0,17.904166666666665,17.90627235302236,dropped_queue_full,,,
4298,1,0,17.90833333333333,17.908484956016764,completed,17.941153979016235,32.82064568290366,20.676191329956055
4299,2,0,17.9125,17.91319263901096,completed,17.94583545200294,33.335452002937416,20.430591583251953
4300,3,1,17.916666666666668,17.917862090020208,completed,17.950534129020525,33.86746235385729,15.681280136108398
4301,0,1,17.920833333333334,17.922532652999507,completed,17.95520616401336,34.37283068002728,29.716896057128906
4302,1,1,17.925,17.927182476007147,completed,17.959879021014785,34.87902101478468,20.462848663330078
4303,2,1,17.929166666666667,17.93181732101948,completed,17.964810179022606,35.64351235593932,20.493568420410156
4304,3,0,17.933333333333334,17.93649888501386,completed,17.96481967699947,31.486343666134786,15.814080238342285
4305,0,0,17.9375,17.941147346020443,completed,17.97438884602161,36.88884602161124,20.4083194732666
4306,1,0,17.941666666666666,17.945828329015058,completed,17.97912850099965,37.46183433298356,20.481599807739258
4307,2,0,17.945833333333333,17.950526364002144,dropped_dispatch_late,,,
4308,3,1,17.95,17.95054213399999,completed,17.983834831014974,33.83483101497475,20.404096603393555
4309,0,1,17.954166666666666,17.955200674012303,completed,17.988882130011916,34.71546334525044,15.720447540283203
4310,1,1,17.958333333333332,17.959872369014192,completed,17.99438540500705,36.052071673719155,15.757247924804688
4311,2,1,17.9625,17.96480308601167,completed,18.0006427920016,38.14279200160087,34.23219299316406
4312,3,0,17.966666666666665,17.969694127998082,completed,18.008971875009593,42.305208342927614,20.64691162109375
4313,0,0,17.97083333333333,17.974383196007693,completed,18.01362713900744,42.7938056741084,20.650304794311523
4314,1,0,17.975,17.979122018005,completed,18.018315646011615,43.31564601161375,20.511423110961914
4315,2,0,17.979166666666668,17.98382705700351,dropped_dispatch_late,,,
4316,3,1,17.983333333333334,17.98384284702479,completed,18.023051433003275,39.71809966994044,15.669919967651367
4317,0,1,17.9875,17.988549348025117,dropped_queue_full,,,
4318,1,1,17.991666666666667,17.991697589022806,dropped_queue_full,,,
4319,2,1,17.995833333333334,17.995956669998122,completed,18.02774931699969,31.915983666355174,26.044864654541016
4320,3,0,18.0,18.000636240001768,dropped_queue_full,,,
4321,0,0,18.004166666666666,18.004272607999155,completed,18.03240029301378,28.233626347113017,20.969375610351562
4322,1,0,18.008333333333333,18.00896418999764,completed,18.03707795002265,28.74461668931616,20.787647247314453
4323,2,0,18.0125,18.01362168902415,completed,18.041740718006622,29.240718006622757,15.962528228759766
4324,3,1,18.016666666666666,18.018309013015823,completed,18.051099086005706,34.43241933904062,26.078815460205078
4325,0,1,18.020833333333332,18.023043367022183,completed,18.055765140015865,34.931806682532596,20.827232360839844
4326,1,1,18.025,18.02774216400576,completed,18.055775139015168,30.775139015169373,15.995360374450684
4327,2,1,18.029166666666665,18.03239488301915,completed,18.066233798017493,37.06713135082751,20.463327407836914
4328,3,0,18.03333333333333,18.037071507016663,completed,18.071587067999644,38.253734666312766,20.434175491333008
4329,0,0,18.0375,18.041733443998965,dropped_dispatch_late,,,
4330,1,0,18.041666666666668,18.04174931399757,completed,18.07668202702189,35.01536035522079,20.3768310546875
4331,2,0,18.045833333333334,18.046398286009207,completed,18.081830127019202,35.996793685868056,15.571455955505371
4332,3,1,18.05,18.051091572007863,completed,18.08696737702121,36.96737702120956,15.614080429077148
4333,0,1,18.054166666666667,18.05575974000385,completed,18.08695585501846,32.78918835179212,27.35593605041504
4334,1,1,18.058333333333334,18.060843197017675,completed,18.0929900680203,34.65673468696551,20.350719451904297
4335,2,1,18.0625,18.066226494003786,completed,18.098334620997775,35.834620997775346,20.374624252319336
4336,3,0,18.066666666666666,18.071578422008315,dropped_dispatch_late,,,
4337,0,0,18.070833333333333,18.07159507300821,completed,18.10482125400449,33.98792067115863,20.34931182861328
4338,1,0,18.075,18.076675504999002,completed,18.10483108300832,29.831083008321713,10.941568374633789
4339,2,0,18.079166666666666,18.081822984007886,completed,18.10483730499982,25.670638333153306,6.062399864196777
4340,3,1,18.083333333333332,18.086949743010337,completed,18.10484339602408,21.510062690747844,17.67046356201172
4341,0,1,18.0875,18.09217824600637,dropped_dispatch_late,,,
4342,1,1,18.091666666666665,18.09218736301409,dropped_queue_full,,,
4343,2,1,18.09583333333333,18.095958407007856,dropped_queue_full,,,
4344,3,0,18.1,18.10007224199944,completed,18.128231337002944,28.23133700294278,20.4169921875
4345,0,0,18.104166666666668,18.1048158040212,completed,18.13293134601554,28.76467934887117,25.244447708129883
4346,1,0,18.108333333333334,18.109566549013834,completed,18.137664898997173,29.331565663838433,25.769376754760742
4347,2,0,18.1125,18.114240819006227,completed,18.1423722920008,29.87229200079966,26.197664260864258
4348,3,1,18.116666666666667,18.118887156015262,completed,18.14708083702135,30.414170354681858,20.421663284301758
4349,0,1,18.120833333333334,18.12355114601087,completed,18.147069425001973,26.236091668639716,15.888575553894043
4350,1,1,18.125,18.128223683015676,completed,18.15176456401241,26.76456401241012,15.926176071166992
4351,2,1,18.129166666666666,18.132925965997856,completed,18.166020708013093,36.85404134642667,20.533119201660156
4352,3,0,18.133333333333333,18.137658416002523,dropped_dispatch_late,,,
4353,0,0,18.1375,18.137673966004513,completed,18.170735974999843,33.235974999843876,20.68307113647461
4354,1,0,18.141666666666666,18.142365298001096,completed,18.1753848970111,33.718230344433664,20.457311630249023
4355,2,0,18.145833333333332,18.147064065007726,completed,18.18003142400994,34.19809067660751,15.946847915649414
4356,3,1,18.15,18.151757762010675,completed,18.184703991020797,34.70399102079824,30.573535919189453
4357,0,1,18.154166666666665,18.15639917901717,completed,18.18934967700625,35.183010339583376,20.65167999267578
4358,1,1,18.15833333333333,18.161095320014283,completed,18.189359034004156,31.025700670824108,15.980928421020508
4359,2,1,18.1625,18.166013544017915,completed,18.198720118001802,36.22011800180047,20.79964828491211
4360,3,0,18.166666666666668,18.170730534999166,completed,18.203594127000542,36.92746033387451,20.893888473510742
4361,0,0,18.170833333333334,18.17537841500598,dropped_dispatch_late,,,
4362,1,0,18.175,18.17539398401277,completed,18.20934053399833,34.34053399832848,20.905439376831055
4363,2,0,18.179166666666667,18.180024391011102,completed,18.21439109899802,35.224432331354194,15.814720153808594
4364,3,1,18.183333333333334,18.184696295997128,completed,18.221421334019396,38.088000686062884,15.874624252319336
4365,0,1,18.1875,18.18934415600961,completed,18.224752923997585,37.25292399758473,35.17011260986328
4366,1,1,18.191666666666666,18.19405486501637,completed,18.23472415600554,43.05748933887443,20.7903995513916
4367,2,1,18.195833333333333,18.19871291401796,completed,18.239409978006734,43.57664467340072,20.789920806884766
4368,3,0,18.2,18.20341766200727,dropped_queue_full,,,
4369,0,0,18.204166666666666,18.20423125801608,completed,18.244092774024466,39.92610735780033,15.839615821838379
4370,1,0,18.208333333333332,18.20888829501928,dropped_queue_full,,,
4371,2,0,18.2125,18.21264435001649,dropped_queue_full,,,
4372,3,1,18.216666666666665,18.21674654301023,completed,18.248741556017194,32.074889350528935,26.014976501464844
4373,0,1,18.22083333333333,18.22141329900478,dropped_queue_full,,,
4374,1,1,18.225,18.225073282024823,completed,18.253431065008044,28.43106500804282,20.760671615600586
4375,2,1,18.229166666666668,18.229809009004384,completed,18.258082812011708,28.916145345039723,20.760255813598633
4376,3,0,18.233333333333334,18.234717454004567,completed,18.262752814014675,29.419480681340815,15.741120338439941
4377,0,0,18.2375,18.23940256400965,completed,18.267720781004755,30.220781004754116,25.70467185974121
4378,1,0,18.241666666666667,18.244087705010315,completed,18.272417334024794,30.75066735812726,20.557472229003906
4379,2,0,18.245833333333334,18.24873393101734,completed,18.27242705199751,26.593718664177146,15.926848411560059
4380,3,1,18.25,18.253424652008107,completed,18.286441596021177,36.44159602117725,15.633600234985352
4381,0,1,18.254166666666666,18.258075869001914,completed,18.291120084002614,36.95341733594759,20.317792892456055
4382,1,1,18.258333333333333,18.262745248997817,dropped_dispatch_late,,,
4383,2,1,18.2625,18.26298712901189,completed,18.295894984999904,33.39498499990512,20.382816314697266
4384,3,0,18.266666666666666,18.267715391004458,completed,18.300586608005688,33.919941339021875,15.50607967376709
4385,0,0,18.270833333333332,18.272410761011997,completed,18.30531306701596,34.4797336826268,15.686752319335938
4386,1,0,18.275,18.27710995799862,completed,18.31001799501246,35.017995012459835,30.691232681274414
4387,2,0,18.279166666666665,18.281754362018546,completed,18.310027754021576,30.861087354910666,15.845343589782715
4388,3,1,18.28333333333333,18.286433731002035,completed,18.319372536003357,36.03920267002536,20.62259292602539
4389,0,1,18.2875,18.291114523017313,completed,18.324074108008062,36.574108008061046,20.61916732788086
4390,1,1,18.291666666666668,18.295887882006355,dropped_dispatch_late,,,
4391,2,1,18.295833333333334,18.295903281017672,completed,18.33342831901973,37.59498568639685,20.476064682006836
4392,3,0,18.3,18.300579074013513,completed,18.334243918012362,34.24391801236126,15.70035171508789
4393,0,0,18.304166666666667,18.305307677015662,completed,18.339595074008685,35.428407342017465,15.764479637145996
4394,1,0,18.308333333333334,18.310000682016835,completed,18.344814419018803,36.481085685469594,34.512577056884766
4395,2,0,18.3125,18.314687346020946,completed,18.350628094020067,38.12809402006678,20.81305694580078
4396,3,1,18.316666666666666,18.319364832015708,completed,18.355349133023992,38.68246635732575,20.815584182739258
4397,0,1,18.320833333333333,18.324068618007004,completed,18.36469878500793,43.86545167459843,20.832767486572266
4398,1,1,18.325,18.32874019202427,completed,18.369612169015454,44.61216901545484,20.662527084350586
4399,2,1,18.329166666666666,18.333421065006405,dropped_dispatch_late,,,
4400,3,0,18.333333333333332,18.333436765009537,dropped_queue_full,,,
4401,0,0,18.3375,18.337533106998308,dropped_queue_full,,,
4402,1,0,18.341666666666665,18.341818939021323,dropped_queue_full,,,
4403,2,0,18.34583333333333,18.345925850997446,completed,18.374355450010626,28.522116677294207,20.664831161499023
4404,3,1,18.35,18.350621071003843,completed,18.379064095002832,29.06409500283047,20.829471588134766
4405,0,1,18.354166666666668,18.355341148009757,completed,18.383756670024013,29.590003357345296,20.81599998474121
4406,1,1,18.358333333333334,18.360022521024803,completed,18.388461627997458,30.1282946641237,20.901599884033203
4407,2,1,18.3625,18.364693314011674,completed,18.39313402402331,30.634024023310502,20.86569595336914
4408,3,0,18.366666666666667,18.369605656014755,completed,18.39314343201113,26.476765344462194,15.969535827636719
4409,0,0,18.370833333333334,18.374348006007494,completed,18.39780463700299,26.971303669657942,15.878815650939941
4410,1,0,18.375,18.379056320001837,completed,18.41186215300695,36.86215300695039,20.78099250793457
4411,2,0,18.379166666666666,18.38375153002562,dropped_dispatch_late,,,
4412,3,1,18.383333333333333,18.383766208018642,completed,18.416569375025574,33.23604169224126,20.62063980102539
4413,0,1,18.3875,18.388455085019814,completed,18.421268753008917,33.768753008917685,20.559839248657227
4414,1,1,18.391666666666666,18.393126851005945,completed,18.425986454996746,34.319788330080314,15.756704330444336
4415,2,1,18.395833333333332,18.397799197002314,completed,18.43065703799948,34.823704666148814,30.332191467285156
4416,3,0,18.4,18.402480019023642,completed,18.4353622070048,35.36220700480186,20.696704864501953
4417,0,0,18.404166666666665,18.407165711018024,completed,18.43535063500167,31.183968335003698,15.907872200012207
4418,1,0,18.40833333333333,18.41185560001759,completed,18.44495423900662,36.62090567328846,20.759103775024414
4419,2,0,18.4125,18.416561910999008,completed,18.44965635202243,37.15635202242851,21.02060890197754
4420,3,1,18.416666666666668,18.42126339301467,dropped_dispatch_late,,,
4421,0,1,18.420833333333334,18.421278952009743,completed,18.455176900024526,34.34356669119154,20.773632049560547
4422,1,1,18.425,18.425980033003725,completed,18.46038733801106,35.3873380110592,15.941120147705078
4423,2,1,18.429166666666667,18.43064988500555,completed,18.46538414101815,36.21747435148137,15.69279956817627
4424,3,0,18.433333333333334,18.435345295001753,completed,18.471504728018772,38.17139468543829,35.01020812988281
4425,0,0,18.4375,18.440012361010304,completed,18.476182545011397,38.68254501139745,20.703296661376953
4426,1,0,18.441666666666666,18.444947647018125,completed,18.485628330003237,43.96166333657092,20.626623153686523
4427,2,0,18.445833333333333,18.44964926902321,completed,18.49031206802465,44.47873469131736,20.83558464050293
4428,3,1,18.45,18.454379264003364,dropped_dispatch_late,,,
4429,0,1,18.454166666666666,18.45438743001432,dropped_queue_full,,,
4430,1,1,18.458333333333332,18.45848349100561,dropped_queue_full,,,
4431,2,1,18.4625,18.462586506007938,dropped_queue_full,,,
4432,3,0,18.466666666666665,18.466798478009878,completed,18.49498701901757,28.320352350906575,20.613792419433594
4433,0,0,18.47083333333333,18.47149697400164,completed,18.499658283020835,28.82494968750393,20.68396759033203
4434,1,0,18.475,18.47617718501715,completed,18.504331310017733,29.331310017731482,20.503456115722656
4435,2,0,18.479166666666668,18.480849159997888,completed,18.50901675201021,29.850085343543498,20.546207427978516
4436,3,1,18.483333333333334,18.48562150701764,completed,18.51367715501692,30.34382168358718,20.576671600341797
4437,0,1,18.4875,18.490304683014983,completed,18.513665393023985,26.165393023983796,15.862879753112793
4438,1,1,18.491666666666667,18.494979194016196,completed,18.51839677101816,26.730104351493367,15.793984413146973
4439,2,1,18.495833333333334,18.49965289302054,completed,18.52772317902418,31.889845690844965,20.544095993041992
4440,3,0,18.5,18.504324908019044,dropped_dispatch_late,,,
4441,0,0,18.504166666666666,18.504340267012594,completed,18.537065276002977,32.898609336310614,20.555072784423828
4442,1,0,18.508333333333333,18.50900112200179,completed,18.54173362502479,33.400291691457085,20.577407836914062
4443,2,0,18.5125,18.513659983000252,completed,18.546455986012006,33.95598601200689,15.807711601257324
4444,3,1,18.516666666666666,18.51839029902476,completed,18.551357147021918,34.69048035525191,30.195775985717773
4445,0,1,18.520833333333332,18.523066752997693,completed,18.55605824801023,35.22491467689903,20.600576400756836
4446,1,1,18.525,18.527715895004803,completed,18.55606784601696,31.067846016959777,15.918496131896973
4447,2,1,18.529166666666665,18.532382390025305,completed,18.565452784998342,36.286118331677386,20.478496551513672
4448,3,0,18.53333333333333,18.537059756024973,completed,18.57036781302304,37.03447968970863,20.62063980102539
4449,0,0,18.5375,18.541727163014002,dropped_dispatch_late,,,
4450,1,0,18.541666666666668,18.541742552013602,completed,18.575194913020823,33.5282463541553,20.615455627441406
4451,2,0,18.545833333333334,18.546448803012026,completed,18.58023534802487,34.40201469153692,15.726176261901855
4452,3,1,18.55,18.551349423010834,completed,18.585439073998714,35.439073998713155,15.77939224243164
4453,0,1,18.554166666666667,18.556052487023408,completed,18.59235021402128,38.18354735461327,34.33116912841797
4454,1,1,18.558333333333334,18.560781441017753,completed,18.59706502102199,38.731687688656535,20.699520111083984
4455,2,1,18.5625,18.56544572202256,completed,18.601717519020895,39.21751902089454,20.725664138793945
4456,3,0,18.566666666666666,18.57036001799861,completed,18.60642217702116,39.75551035449243,20.738143920898438
4457,0,0,18.570833333333333,18.575016593997134,dropped_dispatch_late,,,
4458,1,0,18.575,18.575025321013527,dropped_queue_full,,,
4459,2,0,18.579166666666666,18.579272129019955,dropped_queue_full,,,
4460,3,1,18.583333333333332,18.58337637601653,dropped_queue_full,,,
4461,0,1,18.5875,18.587641037011053,completed,18.6157602770254,28.260277025403013,20.722944259643555
4462,1,1,18.591666666666665,18.592344623000827,completed,18.620429477014113,28.76281034744821,20.684192657470703
4463,2,1,18.59583333333333,18.597058618004667,completed,18.625122823024867,29.289489691535664,20.735647201538086
4464,3,0,18.6,18.601710376009578,completed,18.629829835001146,29.829835001145,20.654943466186523
4465,0,0,18.604166666666668,18.60641438199673,completed,18.634546786022838,30.380119356170354,20.659008026123047
4466,1,0,18.608333333333334,18.611089293000987,completed,18.634556154021993,26.222820688659,15.857824325561523
4467,2,0,18.6125,18.615754887025105,completed,18.639233399997465,26.733399997464602,15.721023559570312
4468,3,1,18.616666666666667,18.620422934996895,completed,18.648587700008648,31.921033341980376,20.522048950195312
4469,0,1,18.620833333333334,18.625115639006253,dropped_dispatch_late,,,
4470,1,1,18.625,18.625131239008624,completed,18.658244937018026,33.24493701802567,20.600351333618164
4471,2,1,18.629166666666666,18.629822211019928,completed,18.662947370001348,33.780703334681306,20.620319366455078
4472,3,0,18.633333333333333,18.63454116601497,completed,18.66767550201621,34.342168682876206,15.977215766906738
4473,0,0,18.6375,18.639226907020202,completed,18.672611560003133,35.1115600031342,29.554943084716797
4474,1,0,18.641666666666666,18.64389366301475,completed,18.67728653101949,35.61986435282449,20.715648651123047
4475,2,0,18.645833333333332,18.648579956003232,completed,18.677296128997114,31.462795663781407,16.043935775756836
4476,3,1,18.65,18.653552452014992,completed,18.68667545702192,36.67545702192143,20.6549129486084
4477,0,1,18.654166666666665,18.65823836400523,completed,18.691389904008247,37.22323734158195,20.6757755279541
4478,1,1,18.65833333333333,18.662940216017887,dropped_dispatch_late,,,
4479,2,1,18.6625,18.66295622702455,completed,18.69610234600259,33.60234600258849,20.628864288330078
4480,3,0,18.666666666666668,18.667667898000218,completed,18.700785121996887,34.11845533021918,15.721856117248535
4481,0,0,18.670833333333334,18.6726059790235,completed,18.70582140001352,34.98806668018517,15.841728210449219
4482,1,0,18.675,18.677279878000263,completed,18.713141015003202,38.14101500320177,33.481056213378906
4483,2,0,18.679166666666667,18.681991719000507,completed,18.716440834017703,37.27416735103617,20.742752075195312
4484,3,1,18.683333333333334,18.68666771199787,completed,18.72553181400872,42.198480675384786,20.753952026367188
4485,0,1,18.6875,18.691384553007083,completed,18.730245348997414,42.74534899741411,20.712223052978516
4486,1,1,18.691666666666666,18.696094872022513,dropped_dispatch_late,,,
4487,2,1,18.695833333333333,18.696110721997684,completed,18.734956369007705,39.12303567437192,15.72323226928711
4488,3,0,18.7,18.700777688005473,completed,18.73967949100188,39.67949100188051,15.682656288146973
4489,0,0,18.704166666666666,18.705487996019656,dropped_queue_full,,,
4490,1,0,18.708333333333332,18.70848479901906,completed,18.74434151800233,36.008184668997245,31.406911849975586
4491,2,0,18.7125,18.71313443200779,dropped_queue_full,,,
4492,3,1,18.716666666666665,18.71675981002045,dropped_queue_full,,,
4493,0,1,18.72083333333333,18.720851272024447,completed,18.749013713997556,28.180380664224458,20.89244842529297
4494,1,1,18.725,18.725524250010494,completed,18.75369834402227,28.69834402226701,11.04851245880127
4495,2,1,18.729166666666668,18.73023987901979,completed,18.763223749003373,34.057082336705236,26.305599212646484
4496,3,0,18.733333333333334,18.734949215024244,completed,18.76798003501608,34.646701682746084,26.567520141601562
4497,0,0,18.7375,18.739671846997226,completed,18.772923667012947,35.42366701294597,21.31692886352539
4498,1,0,18.741666666666667,18.744335185998352,completed,18.77293342500343,31.266758336762734,15.92409610748291
4499,2,0,18.745833333333334,18.749000208015786,completed,18.782279190025292,36.44585669195877,20.71023941040039
4500,3,1,18.75,18.75369162100833,completed,18.78694338101195,36.943381011951715,20.677600860595703
4501,0,1,18.754166666666666,18.758575659012422,dropped_dispatch_late,,,
4502,1,1,18.758333333333333,18.758583514019847,completed,18.791569790017093,33.23645668375974,20.53923225402832
4503,2,1,18.7625,18.763216926017776,completed,18.79625185401528,33.751854015282134,15.6693115234375
4504,3,0,18.766666666666666,18.76797259101295,completed,18.80092605401296,34.259387346295966,15.656991958618164
4505,0,0,18.770833333333332,18.772918026021216,completed,18.805633136013057,34.799802679724934,32.47798538208008
4506,1,0,18.775,18.777625078015262,completed,18.81495747002191,39.957470021910524,20.494495391845703
4507,2,0,18.779166666666665,18.782272226002533,completed,18.816085723025026,36.91905635836079,20.535999298095703
4508,3,1,18.78333333333333,18.786935786018148,completed,18.821389389020624,38.0560556872922,20.688703536987305
4509,0,1,18.7875,18.79156341700582,completed,18.829664479999337,42.164479999335924,20.697599411010742
4510,1,1,18.791666666666668,18.79624475102173,dropped_dispatch_late,,,
4511,2,1,18.795833333333334,18.796260180009995,completed,18.834319092013175,38.48575867984039,15.856224060058594
4512,3,0,18.8,18.800918129010824,completed,18.83907315399847,39.07315399846922,15.59494400024414
4513,0,0,18.804166666666667,18.80562777601881,completed,18.843744819023414,39.57815235674644,15.682080268859863
4514,1,0,18.808333333333334,18.810340218013152,completed,18.850629407999804,42.29607466647067,36.214656829833984
4515,2,0,18.8125,18.814950918022078,dropped_queue_full,,,
4516,3,1,18.816666666666666,18.81672051901114,dropped_queue_full,,,
4517,0,1,18.820833333333333,18.8209052690072,dropped_queue_full,,,
4518,1,1,18.825,18.825009036023403,completed,18.855295251996722,30.295251996722783,6.028831958770752
4519,2,1,18.829166666666666,18.829659310024,completed,18.855304609023733,26.137942357067345,21.612319946289062
4520,3,0,18.833333333333332,18.83431206899695,completed,18.859965814015595,26.632480682263093,21.853504180908203
4521,0,0,18.8375,18.839065478998236,completed,18.86955935001606,32.05935001606264,26.6409912109375
4522,1,0,18.841666666666665,18.843739478004863,dropped_queue_full,,,
4523,2,0,18.84583333333333,18.8459574120061,completed,18.875019182014512,29.18584868118046,20.727008819580078
4524,3,1,18.85,18.850623035017634,completed,18.879719140997622,29.71914099762074,20.389759063720703
4525,0,1,18.854166666666668,18.85528861900093,completed,18.88904234202346,34.87567535679048,15.566176414489746
4526,1,1,18.858333333333334,18.859958631015616,completed,18.88905229102238,30.718957689046533,24.880352020263672
4527,2,1,18.8625,18.864837840024848,completed,18.898323654022533,35.823654022532736,20.5251522064209
4528,3,0,18.866666666666667,18.869553839002037,completed,18.902992593997624,36.32592733095663,20.732255935668945
4529,0,0,18.870833333333334,18.875011487019947,dropped_dispatch_late,,,
4530,1,0,18.875,18.87502791802399,completed,18.907682593999198,32.68259399919771,20.58732795715332
4531,2,0,18.879166666666666,18.87971174600534,completed,18.912371281010564,33.20461434389799,15.729503631591797
4532,3,1,18.883333333333333,18.884379354014527,completed,18.91703882801812,33.70549468478856,15.562687873840332
4533,0,1,18.8875,18.88903675202164,completed,18.9216884910129,34.18849101290178,32.09715270996094
4534,1,1,18.891666666666666,18.893679622007767,completed,18.926356289011892,34.68962234522621,20.45840072631836
4535,2,1,18.895833333333332,18.898308926000027,completed,18.93569651301368,39.86317968034925,20.522687911987305
4536,3,0,18.9,18.90298511000583,completed,18.93681318400195,36.813184001950106,20.489023208618164
4537,0,0,18.904166666666665,18.907676122005796,completed,18.941964440018637,37.7977733519721,20.475936889648438
4538,1,0,18.90833333333333,18.912364198011346,completed,18.950603352015605,42.27001868227376,20.488479614257812
4539,2,0,18.9125,18.917031324002892,dropped_dispatch_late,,,
4540,3,1,18.916666666666668,18.91704667301383,completed,18.95526956699905,38.602900332382006,15.543392181396484
4541,0,1,18.920833333333334,18.921682991000125,completed,18.959958835010184,39.125501676849694,15.654848098754883
4542,1,1,18.925,18.926349697023397,completed,18.96482120300061,39.821203000609984,15.720288276672363
4543,2,1,18.929166666666667,18.930994110007305,completed,18.97138065402396,42.21398735729309,36.102176666259766
4544,3,0,18.933333333333334,18.935689239006024,dropped_queue_full,,,
4545,0,0,18.9375,18.937605790008092,dropped_queue_full,,,
4546,1,0,18.941666666666666,18.941798555024434,dropped_queue_full,,,
4547,2,0,18.945833333333333,18.94590420500026,completed,18.97626312900684,30.429795673505566,6.0037760734558105
4548,3,1,18.95,18.950596890004817,completed,18.976272687024903,26.272687024903263,21.9268798828125
4549,0,1,18.954166666666666,18.955261872004485,completed,18.980945754999993,26.77908833332765,21.51308822631836
4550,1,1,18.958333333333332,18.959953605022747,completed,18.990288383996813,31.955050663480478,26.369951248168945
4551,2,1,18.9625,18.964814841019688,dropped_queue_full,,,
4552,3,0,18.966666666666665,18.96672876601224,completed,18.999559777003014,32.89311033634945,20.352800369262695
4553,0,0,18.97083333333333,18.971373630018206,completed,19.004210041020997,33.37670768766543,20.302207946777344
4554,1,0,18.975,18.976256006018957,completed,19.008883149013855,33.88314901385314,15.6146879196167
4555,2,0,18.979166666666668,18.98094098601723,completed,19.013520318025257,34.35365135858959,29.014080047607422
4556,3,1,18.983333333333334,18.985628731024917,completed,19.018207342014648,34.87400868131374,20.475008010864258
4557,0,1,18.9875,18.99028191101388,completed,19.018195640004706,30.695640004704927,15.904255867004395
4558,1,1,18.991666666666667,18.994911657006014,completed,19.027721076010494,36.05440934382642,20.608448028564453
4559,2,1,18.995833333333334,18.999552253022557,completed,19.032451011997182,36.61767866384835,20.67625617980957
4560,3,0,19.0,19.004205032018945,dropped_dispatch_late,,,
4561,0,0,19.004166666666666,19.00421966900467,completed,19.037152934004553,32.98626733788623,20.48054313659668
4562,1,0,19.008333333333333,19.0088767069974,completed,19.04182795601082,33.494622677487484,15.787263870239258
4563,2,0,19.0125,19.013513245008653,completed,19.04684915402322,34.34915402322147,15.632415771484375
4564,3,1,19.016666666666666,19.01819038001122,completed,19.051914577023126,35.247910356460466,33.52016067504883
4565,0,1,19.020833333333332,19.0229012100026,completed,19.05896863801172,38.13530467838788,20.611295700073242
4566,1,1,19.025,19.027714674011804,completed,19.062598093005363,37.59809300536432,20.64374351501465
4567,2,1,19.029166666666665,19.032444139011204,completed,19.072043718013447,42.87705134678177,20.832576751708984
4568,3,0,19.03333333333333,19.037147534021642,completed,19.077096877008444,43.76354367511226,20.633344650268555
4569,0,0,19.0375,19.041821493010502,dropped_dispatch_late,,,
4570,1,0,19.041666666666668,19.04183699301211,completed,19.081744567025453,40.077900358785,15.732128143310547
4571,2,0,19.045833333333334,19.046513506997144,dropped_queue_full,,,
4572,3,1,19.05,19.050009919010336,dropped_queue_full,,,
4573,0,1,19.054166666666667,19.054272556997603,completed,19.08641511001042,32.24844334375376,25.852224349975586
4574,1,1,19.058333333333334,19.05896330802352,dropped_queue_full,,,
4575,2,1,19.0625,19.062590980000095,completed,19.09116163701401,28.66163701401092,20.6167049407959
4576,3,0,19.066666666666666,19.067284827004187,completed,19.095836849010084,29.170182343417395,20.624160766601562
4577,0,0,19.070833333333333,19.072036424011458,completed,19.100500538013875,29.667204680542625,15.703424453735352
4578,1,0,19.075,19.077088882011594,completed,19.105163346015615,30.1633460156161,25.639999389648438
4579,2,0,19.079166666666666,19.08173803400132,completed,19.109908211015863,30.741544349197625,20.702720642089844
4580,3,1,19.083333333333332,19.086409589013783,completed,19.109917849011254,26.584515677921416,16.134111404418945
4581,0,1,19.0875,19.091154533001827,completed,19.12393108001561,36.43108001561046,20.382944107055664
4582,1,1,19.091666666666665,19.095829104015138,completed,19.128620208008215,36.95354134154982,20.56377601623535
4583,2,1,19.09583333333333,19.10049508800148,dropped_dispatch_late,,,
4584,3,0,19.1,19.100510547024896,completed,19.133284750016173,33.28475001617193,20.254623413085938
4585,0,0,19.104166666666668,19.105156844016165,completed,19.13792833100888,33.76166434221162,15.690688133239746
4586,1,0,19.108333333333334,19.109900917013874,completed,19.142596700025024,34.26336669168961,15.709216117858887
4587,2,0,19.1125,19.11456134999753,completed,19.147265730018262,34.76573001826111,31.11782455444336
4588,3,1,19.116666666666667,19.119282690022374,completed,19.15194134300691,35.274676340243616,20.761024475097656
4589,0,1,19.120833333333334,19.123912695009494,completed,19.151929861021927,31.096527688593056,16.006912231445312
4590,1,1,19.125,19.128613726003096,completed,19.161590033007087,36.590033007087186,20.662752151489258
4591,2,1,19.129166666666666,19.13327712501632,completed,19.166807885019807,37.641218353140715,20.683391571044922
4592,3,0,19.133333333333333,19.137922891008202,dropped_dispatch_late,,,
4593,0,0,19.1375,19.137938220024807,completed,19.17250331499963,35.003314999631385,20.720735549926758
4594,1,0,19.141666666666666,19.142590268020285,completed,19.17967369701364,38.00703034697506,15.861727714538574
4595,2,0,19.145833333333332,19.147258677025093,completed,19.18434805702418,38.51472369084874,15.936991691589355
4596,3,1,19.15,19.15192429002491,completed,19.19231418002164,42.314180021641334,35.59868621826172
4597,0,1,19.154166666666665,19.15656859302544,completed,19.19699211700936,42.82545034269347,20.602176666259766
4598,1,1,19.15833333333333,19.161255928018363,dropped_queue_full,,,
4599,2,1,19.1625,19.162542953010416,dropped_queue_full,,,
4600,3,0,19.166666666666668,19.16680077201454,completed,19.20172649199958,35.05982533291174,10.822912216186523
4601,0,0,19.170833333333334,19.17161070901784,dropped_queue_full,,,
4602,1,0,19.175,19.17500994700822,completed,19.201716212002793,26.716212002792616,21.378175735473633
4603,2,0,19.179166666666667,19.179667354997946,completed,19.21107975000632,31.913083339652815,25.947328567504883
4604,3,1,19.183333333333334,19.18434056302067,dropped_queue_full,,,
4605,0,1,19.1875,19.187640622025356,completed,19.215717861021403,28.217861021403223,20.79270362854004
4606,1,1,19.191666666666666,19.192306466022274,completed,19.220369718997972,28.703052331305656,20.674047470092773
4607,2,1,19.195833333333333,19.19698667700868,completed,19.224998923018575,29.165589685241855,15.764320373535156
4608,3,0,19.2,19.20170966000296,completed,19.234362371003954,34.36237100395445,28.120895385742188
4609,0,0,19.204166666666666,19.20639591201325,completed,19.23904126000707,34.87459334040466,20.947296142578125
4610,1,0,19.208333333333332,19.21107259701239,completed,19.24369521101471,35.36187768137822,20.711423873901367
4611,2,0,19.2125,19.21571254101582,completed,19.24370411800919,31.204118009192428,16.05449676513672
4612,3,1,19.216666666666665,19.220363046013517,completed,19.253035525005544,36.368858338878596,20.5994873046875
4613,0,1,19.22083333333333,19.224991709023016,completed,19.25767394702416,36.840613690827695,20.6309757232666
4614,1,1,19.225,19.22965803401894,dropped_dispatch_late,,,
4615,2,1,19.229166666666668,19.229666059021838,completed,19.2623390200024,33.17235333573265,20.483264923095703
4616,3,0,19.233333333333334,19.234354767017066,completed,19.267019221006194,33.68588767285985,15.640543937683105
4617,0,0,19.2375,19.23903575001168,completed,19.271883612003876,34.383612003875186,15.685279846191406
4618,1,0,19.241666666666667,19.243688899005065,completed,19.276809229020728,35.14256235406066,32.854400634765625
4619,2,0,19.245833333333334,19.248350395006128,completed,19.284071875998052,38.23854266471827,20.42857551574707
4620,3,1,19.25,19.2530280110077,completed,19.287246908003,37.24690800299868,20.46236801147461
4621,0,1,19.254166666666666,19.257668607024243,completed,19.296949501003837,42.78283433717078,20.494367599487305
4622,1,1,19.258333333333333,19.26233199602575,completed,19.301580619008746,43.24728567541314,20.47350311279297
4623,2,1,19.2625,19.267003521003062,dropped_dispatch_late,,,
4624,3,0,19.266666666666666,19.267027577006957,completed,19.306197760015493,39.53109334882754,15.59391975402832
4625,0,0,19.270833333333332,19.271708760003094,dropped_queue_full,,,
4626,1,0,19.275,19.27506136900047,dropped_queue_full,,,
4627,2,0,19.279166666666665,19.27927433201694,completed,19.310817366000265,31.650699333599874,25.636032104492188
4628,3,1,19.28333333333333,19.284059302997775,dropped_queue_full,,,
4629,0,1,19.2875,19.287566295010038,completed,19.31539448100375,27.894481003748695,20.632863998413086
4630,1,1,19.291666666666668,19.29234880101285,completed,19.31996014501783,28.293478351162804,20.76723289489746
4631,2,1,19.295833333333334,19.29694422101602,completed,19.3245626790158,28.729345682464213,15.811871528625488
4632,3,0,19.3,19.301574096025433,completed,19.329158278997056,29.158278997055476,25.78803253173828
4633,0,0,19.304166666666667,19.306189935014118,completed,19.338352516002487,34.18584933582025,20.757343292236328
4634,1,0,19.308333333333334,19.310810493014287,completed,19.342977802996757,34.64446966342294,20.867807388305664
4635,2,0,19.3125,19.315389382012654,completed,19.3476497780066,35.14977800659835,20.626079559326172
4636,3,1,19.316666666666666,19.319953753001755,completed,19.347658755024895,30.992088358228642,15.993887901306152
4637,0,1,19.320833333333333,19.324555786006385,completed,19.35684733101516,36.01399768182745,20.627391815185547
4638,1,1,19.325,19.329150524019497,completed,19.361472276999848,36.472276999848674,20.628799438476562
4639,2,1,19.329166666666666,19.333749801997328,dropped_dispatch_late,,,
4640,3,0,19.333333333333332,19.33375779702328,completed,19.36607913899934,32.745805666007044,20.571199417114258
4641,0,0,19.3375,19.338347116019577,completed,19.3706928040192,33.192804019201105,15.641504287719727
4642,1,0,19.341666666666665,19.342971340025542,completed,19.376018852024572,34.35218535790696,15.789983749389648
4643,2,0,19.34583333333333,19.34764272501343,completed,19.381145021005068,35.311687671736536,33.167999267578125
4644,3,1,19.35,19.35224953602301,completed,19.38643416800187,36.43416800186827,20.674175262451172
4645,0,1,19.354166666666668,19.356842111010337,completed,19.392186976998346,38.020310331678075,20.90812873840332
4646,1,1,19.358333333333334,19.361466076021316,completed,19.401364142016973,43.030808683639066,20.875520706176758
4647,2,1,19.3625,19.366071525000734,completed,19.40597839700058,43.478397000580316,20.940671920776367
4648,3,0,19.366666666666667,19.370687474001897,completed,19.41061523600365,43.94856933698321,20.713695526123047
4649,0,0,19.370833333333334,19.375294827012112,dropped_dispatch_late,,,
4650,1,0,19.375,19.37553093500901,dropped_queue_full,,,
4651,2,0,19.379166666666666,19.379167153005255,dropped_queue_full,,,
4652,3,1,19.383333333333333,19.3834272660024,dropped_queue_full,,,
4653,0,1,19.3875,19.387540029012598,completed,19.415240413014544,27.740413014544885,20.711231231689453
4654,1,1,19.391666666666666,19.39218135701958,completed,19.419860991009045,28.194324342379673,20.723007202148438
4655,2,1,19.395833333333332,19.396773590997327,completed,19.424467913020635,28.634579687302875,20.772960662841797
4656,3,0,19.4,19.401357519003795,completed,19.429065286996774,29.065286996775797,20.747039794921875
4657,0,0,19.404166666666665,19.405971694999607,completed,19.43366375300684,29.497086340175116,20.757600784301758
4658,1,0,19.40833333333333,19.410607682017144,completed,19.44294322101632,34.60988768298989,20.777631759643555
4659,2,0,19.4125,19.41523520302144,completed,19.44755471200915,35.054712009149114,20.68320083618164
4660,3,1,19.416666666666668,19.419854509003926,completed,19.447564059024444,30.897392357776,15.892576217651367
4661,0,1,19.420833333333334,19.424460959999124,completed,19.45674392901128,35.9105956779473,20.73263931274414
4662,1,1,19.425,19.42905775201507,completed,19.46136733199819,36.3673319981892,20.741376876831055
4663,2,1,19.429166666666667,19.433658371999627,dropped_dispatch_late,,,
4664,3,0,19.433333333333334,19.43367350101471,completed,19.465964736009482,32.631402676148724,20.517152786254883
4665,0,0,19.4375,19.43830626201816,completed,19.470557481021388,33.0574810213875,15.81715202331543
4666,1,0,19.441666666666666,19.4429367990233,completed,19.47573699100758,34.07032434091306,15.852191925048828
4667,2,0,19.445833333333333,19.44754736800678,completed,19.480755905009573,34.922571676240466,32.94851303100586
4668,3,1,19.45,19.452179177023936,completed,19.485755133006023,35.755133006023954,20.69558334350586
4669,0,1,19.454166666666666,19.456738509004936,completed,19.49230567700579,38.13901033912259,20.710079193115234
4670,1,1,19.458333333333332,19.461360850022174,completed,19.496895696996944,38.562363663611876,20.689376831054688
4671,2,1,19.4625,19.465957172011258,completed,19.50608253001701,43.58253001701229,20.6727352142334
4672,3,0,19.466666666666665,19.470552031008992,completed,19.510727895016316,44.061228349651316,20.714303970336914
4673,0,0,19.47083333333333,19.475149485020665,dropped_dispatch_late,,,
4674,1,0,19.475,19.47515781101538,dropped_queue_full,,,
4675,2,0,19.479166666666668,19.479169271013234,dropped_queue_full,,,
4676,3,1,19.483333333333334,19.483380401012255,dropped_queue_full,,,
4677,0,1,19.4875,19.48764202700113,completed,19.515334155003075,27.834155003073846,20.674047470092773
4678,1,1,19.491666666666667,19.492300277022878,completed,19.51992621901445,28.259552347783767,20.47452735900879
4679,2,1,19.495833333333334,19.49688931502169,completed,19.524526829016395,28.693495683061343,20.488704681396484
4680,3,0,19.5,19.501478493009927,completed,19.529129553004168,29.129553004167974,20.483999252319336
4681,0,0,19.504166666666666,19.506075456010876,completed,19.533771852002246,29.605185335579876,20.532543182373047
4682,1,0,19.508333333333333,19.510720140009653,completed,19.538357874000212,30.024540666879318,20.521568298339844
4683,2,0,19.5125,19.515329034999013,completed,19.54296728101326,30.467281013262237,20.587488174438477
4684,3,1,19.516666666666666,19.51991974702105,completed,19.54758141702041,30.91475035374458,15.979455947875977
4685,0,1,19.520833333333332,19.52451970500988,completed,19.55684418400051,36.01085066717857,20.621183395385742
4686,1,1,19.525,19.52912181802094,completed,19.56146181601798,36.46181601798304,20.564607620239258
4687,2,1,19.529166666666665,19.533766392007237,dropped_dispatch_late,,,
4688,3,0,19.53333333333333,19.53378203100874,completed,19.56605854802183,32.72521468849732,20.368928909301758
4689,0,0,19.5375,19.538351442024577,completed,19.570640363002894,33.140363002893025,15.650591850280762
4690,1,0,19.541666666666668,19.54295988701051,completed,19.57524453001679,33.57786335012136,15.672127723693848
4691,2,0,19.545833333333334,19.547574093012372,completed,19.579851440998027,34.01810766469282,31.6507511138916
4692,3,1,19.55,19.55219760601176,completed,19.584965076006483,34.965076006482576,20.610336303710938
4693,0,1,19.554166666666667,19.556839024007786,completed,19.594182407017797,40.01574035113009,20.645343780517578
4694,1,1,19.558333333333334,19.561455262999516,completed,19.594993878010428,36.66054467709401,20.623872756958008
4695,2,1,19.5625,19.566050834022462,completed,19.600283838022733,37.78383802273311,20.606847763061523
4696,3,0,19.566666666666666,19.570634973002598,completed,19.608796039014123,42.12937234745695,20.637088775634766
4697,0,0,19.570833333333333,19.575238198012812,dropped_dispatch_late,,,
4698,1,0,19.575,19.575253476999933,completed,19.613400094996905,38.400094996905665,15.849504470825195
4699,2,0,19.579166666666666,19.579843957006233,completed,19.61798258102499,38.81591435832377,15.551072120666504
4700,3,1,19.583333333333332,19.584957341023255,completed,19.622627365024528,39.294031691195386,15.882240295410156
4701,0,1,19.5875,19.589571968012024,completed,19.629604469024343,42.10446902434484,36.30419158935547
4702,1,1,19.591666666666665,19.594177127000876,dropped_queue_full,,,
4703,2,1,19.59583333333333,19.595944474014686,dropped_queue_full,,,
4704,3,0,19.6,19.600117171008606,dropped_queue_full,,,
4705,0,0,19.604166666666668,19.604167957004393,completed,19.634188146999804,30.021480333136452,6.0477118492126465
4706,1,0,19.608333333333334,19.608788484008983,completed,19.634197455015965,25.864121682630525,21.8272647857666
4707,2,0,19.6125,19.613393753010314,completed,19.63877788701211,26.277887012110313,22.033824920654297
4708,3,1,19.616666666666667,19.61797572800424,completed,19.652541634015506,35.87496734883899,26.73686408996582
4709,0,1,19.620833333333334,19.622620150999865,dropped_queue_full,,,
4710,1,1,19.625,19.625010351999663,completed,19.65714853600366,32.14853600366041,20.79599952697754
4711,2,1,19.629166666666666,19.62959919901914,completed,19.661777209024876,32.610542358209926,20.5185604095459
4712,3,0,19.633333333333333,19.634182977024466,completed,19.666390002006665,33.05666867333201,15.804448127746582
4713,0,0,19.6375,19.638771394005744,completed,19.670970164006576,33.47016400657665,30.121856689453125
4714,1,0,19.641666666666666,19.643376593012363,completed,19.67557479100651,33.90812433984536,20.615808486938477
4715,2,0,19.645833333333332,19.64795075301663,completed,19.680167195008835,34.333861675502675,20.584672927856445
4716,3,1,19.65,19.652534090011613,completed,19.685157446016092,35.157446016093274,20.610624313354492
4717,0,1,19.654166666666665,19.65714224401745,completed,19.689834791002795,35.66812433613009,16.066015243530273
4718,1,1,19.65833333333333,19.661770346021513,completed,19.69563511101296,37.30177767963028,20.885408401489258
4719,2,1,19.6625,19.66638246801449,completed,19.70472076101578,42.220761015776986,20.842880249023438
4720,3,0,19.666666666666668,19.67096493401914,dropped_dispatch_late,,,
4721,0,0,19.670833333333334,19.6709800719982,completed,19.705968171008863,35.134837675528274,20.570463180541992
4722,1,0,19.675,19.675568619015394,completed,19.713096902996767,38.0969029967666,15.640128135681152
4723,2,0,19.679166666666667,19.680160051997518,completed,19.7177107790194,38.544112352731474,15.749600410461426
4724,3,1,19.683333333333334,19.68514968099771,completed,19.725488093012245,42.1547596789118,36.264896392822266
4725,0,1,19.6875,19.689829441020265,completed,19.73008640902117,42.58640902116895,20.66080093383789
4726,1,1,19.691666666666666,19.69451130600646,dropped_queue_full,,,
4727,2,1,19.695833333333333,19.695955489005428,dropped_queue_full,,,
4728,3,0,19.7,19.70006102899788,completed,19.734713970014127,34.71397001412768,10.83407974243164
4729,0,0,19.704166666666666,19.704713587008882,dropped_queue_full,,,
4730,1,0,19.708333333333332,19.70848305799882,completed,19.73470361100044,26.370277667108866,21.430112838745117
4731,2,0,19.7125,19.713090500998078,completed,19.74391710400232,31.41710400232256,26.1243839263916
4732,3,1,19.716666666666665,19.717704036011128,dropped_queue_full,,,
4733,0,1,19.72083333333333,19.720853349019308,completed,19.74852972701774,27.69639368440835,20.962047576904297
4734,1,1,19.725,19.725480239023454,completed,19.757725827017566,32.72582701756477,20.49488067626953
4735,2,1,19.729166666666668,19.730081169022014,completed,19.762371883000014,33.2052163333465,15.75436782836914
4736,3,0,19.733333333333334,19.73469704799936,completed,19.767001619009534,33.668285676199616,28.836896896362305
4737,0,0,19.7375,19.739329278003424,completed,19.77162813799805,34.12813799804937,20.90937614440918
4738,1,0,19.741666666666667,19.743910451012198,completed,19.776284153020242,34.61748635357509,20.620031356811523
4739,2,0,19.745833333333334,19.748524326016195,completed,19.780914449016564,35.081115683230024,20.666656494140625
4740,3,1,19.75,19.753127161005978,completed,19.780923537007766,30.923537007765844,15.897695541381836
4741,0,1,19.754166666666666,19.75771936500678,completed,19.790604107023682,36.437440357016015,20.54364776611328
4742,1,1,19.758333333333333,19.76236500000232,completed,19.795202102017356,36.86876868402322,20.592479705810547
4743,2,1,19.7625,19.766993754019495,dropped_dispatch_late,,,
4744,3,0,19.766666666666666,19.7670187909971,completed,19.804356954002287,37.69028733562152,20.353952407836914
4745,0,0,19.770833333333332,19.77162251700065,completed,19.805490067024948,34.656733691615926,15.724063873291016
4746,1,0,19.775,19.776277691009454,completed,19.8110149630229,36.014963022900304,15.781023979187012
4747,2,0,19.779166666666665,19.78090750600677,completed,19.816067881998606,36.90121533194102,34.56787109375
4748,3,1,19.78333333333333,19.78580224502366,completed,19.821311193023575,37.97785969024403,20.85638427734375
4749,0,1,19.7875,19.79059882700676,completed,19.83043154902407,42.93154902406826,20.860031127929688
4750,1,1,19.791666666666668,19.79519585001981,completed,19.835030135000125,43.36346833345672,20.733280181884766
4751,2,1,19.795833333333334,19.79976766600157,completed,19.839614294003695,43.78096067036097,20.70684814453125
4752,3,0,19.8,19.80434924902511,dropped_dispatch_late,,,
4753,0,0,19.804166666666667,19.80436486902181,dropped_queue_full,,,
4754,1,0,19.808333333333334,19.808483483007876,dropped_queue_full,,,
4755,2,0,19.8125,19.812596155999927,dropped_queue_full,,,
4756,3,1,19.816666666666666,19.816700433002552,completed,19.844226255023386,27.5595883567199,20.711328506469727
4757,0,1,19.820833333333333,19.821303548000287,completed,19.848919501004275,28.086167670942075,20.66543960571289
4758,1,1,19.825,19.825881285010837,completed,19.85352685401449,28.52685401449051,20.56787109375
4759,2,1,19.829166666666666,19.830426099011675,completed,19.858117215015227,28.950548348561256,20.63430404663086
4760,3,0,19.833333333333332,19.835023613006342,completed,19.867266887013102,33.9335536797698,20.571807861328125
4761,0,0,19.8375,19.839607100002468,completed,19.871856416022638,34.35641602263928,20.560768127441406
4762,1,0,19.841666666666665,19.844218651007395,completed,19.87645804800559,34.791381338923344,20.610015869140625
4763,2,0,19.84583333333333,19.84891421100474,completed,19.876467576017603,30.63424268427184,15.912832260131836
4764,3,1,19.85,19.85352050201618,completed,19.88639323200914,36.39323200913935,20.57366371154785
4765,0,1,19.854166666666668,19.858110031025717,completed,19.8911793139996,37.01264733293286,20.689823150634766
4766,1,1,19.858333333333334,19.862692647002405,dropped_dispatch_late,,,
4767,2,1,19.8625,19.862701033009216,completed,19.895783771004062,33.283771004061435,20.648895263671875
4768,3,0,19.866666666666667,19.867259352002293,completed,19.9003685710195,33.70190435283149,15.747008323669434
4769,0,0,19.870833333333334,19.871851146017434,completed,19.904972176998854,34.13884366552011,15.766143798828125
4770,1,0,19.875,19.876451786025427,completed,19.909795921004843,34.79592100484297,33.048641204833984
4771,2,0,19.879166666666666,19.88107778399717,completed,19.917307721014367,38.14105434770099,20.600160598754883
4772,3,1,19.883333333333333,19.886385477002477,completed,19.920279617013875,36.946283680542535,20.594303131103516
4773,0,1,19.8875,19.891174204007257,completed,19.929622847004794,42.122847004794295,20.637184143066406
4774,1,1,19.891666666666666,19.895776668010512,completed,19.934215442015557,42.5487753488909,20.665376663208008
4775,2,1,19.895833333333332,19.900360736006405,dropped_dispatch_late,,,
4776,3,0,19.9,19.900376346020494,completed,19.938798388000578,38.79838800057911,15.547967910766602
4777,0,0,19.904166666666665,19.904966747009894,completed,19.943419778021052,39.25311135438747,15.722784042358398
4778,1,0,19.90833333333333,19.909620818012627,dropped_queue_full,,,
4779,2,0,19.9125,19.91264116601087,completed,19.94808282601298,35.58282601297691,30.883136749267578
4780,3,1,19.916666666666668,19.91730076802196,dropped_queue_full,,,
4781,0,1,19.920833333333334,19.920913241017843,dropped_queue_full,,,
4782,1,1,19.925,19.925009693019092,completed,19.952731577999657,27.73157799965631,20.7390079498291
4783,2,1,19.929166666666667,19.929617487010546,completed,19.957348168012686,28.181501346018933,10.880800247192383
4784,3,0,19.933333333333334,19.934209099999862,completed,19.966588472016156,33.25513868282215,26.200639724731445
4785,0,0,19.9375,19.93879076401936,completed,19.971207748021698,33.707748021697626,25.96691131591797
4786,1,0,19.941666666666666,19.94341463802266,completed,19.975826602021698,34.15993535503148,20.91107177734375
4787,2,0,19.945833333333333,19.94807587302057,completed,19.98045781001565,34.624476682317606,20.445728302001953
4788,3,1,19.95,19.952725055016344,completed,19.9851446840039,35.144684003899584,20.459423065185547
4789,0,1,19.954166666666666,19.957341004017508,completed,19.98513321200153,30.96654533486287,15.854623794555664
4790,1,1,19.958333333333332,19.961961271998007,completed,19.99476799601689,36.43466268355766,20.512128829956055
4791,2,1,19.9625,19.9665808880236,completed,19.99936231400352,36.862314003521135,20.467456817626953
4792,3,0,19.966666666666665,19.971202357002767,dropped_dispatch_late,,,
4793,0,0,19.97083333333333,19.971217686019372,completed,20.003962633025367,33.129299692035374,20.443328857421875
4794,1,0,19.975,19.97582017001696,completed,20.008808008016786,33.808008016784186,15.623616218566895
4795,2,0,19.979166666666668,19.98045119800372,completed,20.014277880021837,35.11121335516876,15.641728401184082
4796,3,1,19.983333333333334,19.985127682011807,completed,20.019175855006324,35.84252167298985,33.611488342285156
4797,0,1,19.9875,19.990097533009248,completed,20.019811582023976,32.31158202397566,15.74886417388916
4798,1,1,19.991666666666667,19.9947615940182,completed,20.01997916100663,28.31249433996419,11.092639923095703
4799,2,1,19.995833333333334,19.999355381005444,completed,20.020457349019125,24.624015685791534,6.1045122146606445
