2026/10/08 08:28:25.516, 38, 2040, 33.27, 0, 516
2026/10/08 08:28:26.653, 40, 2025, 38.61, 12, 912
2026/10/08 08:28:27.659, 42, 1635, 54.92, 100, 1106
2026/10/08 08:28:28.664, 42, 1635, 72.09, 100, 1106
2026/10/08 08:28:29.664, 43, 1605, 71.57, 100, 1106
2026/10/08 08:28:30.672, 43, 1620, 71.53, 100, 1106
2026/10/08 08:28:31.672, 44, 1620, 72.02, 100, 1106
2026/10/08 08:28:32.675, 44, 1590, 71.66, 100, 1106
2026/10/08 08:28:33.683, 45, 1605, 72.34, 100, 1106
2026/10/08 08:28:34.687, 45, 1560, 72.22, 100, 1106
2026/10/08 08:28:35.695, 45, 1575, 71.77, 100, 1106
2026/10/08 08:28:36.703, 46, 1590, 71.66, 100, 1106
2026/10/08 08:28:37.708, 46, 1560, 72.02, 100, 1106
2026/10/08 08:28:38.713, 46, 1575, 71.96, 100, 1106
2026/10/08 08:28:39.716, 47, 1590, 72.12, 100, 1106
2026/10/08 08:28:40.719, 47, 1590, 72.07, 100, 1106
2026/10/08 08:28:41.731, 47, 1605, 72.03, 100, 1106
2026/10/08 08:28:42.739, 47, 1545, 72.07, 100, 1106
2026/10/08 08:28:43.747, 48, 1575, 72.23, 100, 1106
2026/10/08 08:28:44.754, 48, 1590, 71.75, 100, 1106
2026/10/08 08:28:45.758, 48, 1590, 72.18, 100, 1106
2026/10/08 08:28:46.763, 48, 1575, 71.95, 100, 1106
2026/10/08 08:28:47.771, 49, 1545, 71.74, 100, 1106
2026/10/08 08:28:48.772, 49, 1575, 71.94, 100, 1106
2026/10/08 08:28:49.772, 49, 1575, 72.33, 100, 1106
2026/10/08 08:28:50.782, 49, 1575, 72.62, 100, 1106
2026/10/08 08:28:51.793, 49, 1635, 71.90, 94, 1106
2026/10/08 08:28:52.795, 50, 1950, 73.14, 86, 1106
2026/10/08 08:28:53.798, 50, 1530, 74.75, 100, 1106
2026/10/08 08:28:54.811, 50, 1560, 72.27, 100, 1106
2026/10/08 08:28:55.812, 50, 1545, 71.99, 100, 1106
2026/10/08 08:28:56.813, 51, 1530, 72.28, 100, 1106
2026/10/08 08:28:57.816, 51, 1515, 72.42, 100, 1106
2026/10/08 08:28:58.820, 51, 1530, 71.91, 100, 1106
2026/10/08 08:28:59.827, 51, 1560, 72.01, 100, 1106
2026/10/08 08:29:00.830, 51, 1515, 72.03, 100, 1106
2026/10/08 08:29:01.894, 51, 1545, 72.37, 100, 1106
2026/10/08 08:29:02.895, 52, 1545, 72.49, 100, 1106
2026/10/08 08:29:03.906, 52, 1560, 71.50, 100, 1106
2026/10/08 08:29:04.908, 52, 1590, 71.72, 100, 1106
2026/10/08 08:29:05.910, 52, 1575, 72.04, 100, 1106
2026/10/08 08:29:06.915, 52, 1545, 72.60, 100, 1106
2026/10/08 08:29:07.920, 53, 1545, 71.74, 100, 1106
2026/10/08 08:29:08.929, 53, 1545, 71.62, 100, 1106
2026/10/08 08:29:09.929, 53, 1530, 72.94, 100, 1106
2026/10/08 08:29:10.931, 53, 1575, 72.01, 100, 1106
2026/10/08 08:29:11.931, 53, 1530, 72.10, 100, 1106
2026/10/08 08:29:12.938, 54, 1560, 71.61, 100, 1106
2026/10/08 08:29:13.950, 54, 1530, 71.72, 100, 1106
2026/10/08 08:29:14.953, 54, 1545, 72.09, 100, 1106
2026/10/08 08:29:15.961, 54, 1545, 72.43, 100, 1106
2026/10/08 08:29:17.002, 54, 1545, 71.90, 100, 1106
2026/10/08 08:29:18.010, 54, 1575, 72.25, 100, 1106
2026/10/08 08:29:19.012, 54, 1560, 72.07, 100, 1106
2026/10/08 08:29:20.020, 55, 1530, 72.49, 100, 1106
2026/10/08 08:29:21.023, 55, 1575, 72.21, 100, 1106
2026/10/08 08:29:22.024, 55, 1560, 72.33, 100, 1106
2026/10/08 08:29:23.027, 55, 1560, 72.28, 100, 1106
2026/10/08 08:29:24.028, 55, 1545, 71.94, 100, 1106
2026/10/08 08:29:25.041, 55, 1590, 71.43, 100, 1106
2026/10/08 08:29:26.042, 55, 1560, 71.05, 100, 1106
2026/10/08 08:29:27.044, 56, 1545, 71.46, 100, 1106
2026/10/08 08:29:28.045, 56, 1560, 72.00, 100, 1106
2026/10/08 08:29:29.048, 56, 1530, 72.19, 100, 1106
2026/10/08 08:29:30.052, 56, 1530, 71.86, 100, 1106
2026/10/08 08:29:31.053, 56, 1560, 71.60, 100, 1106
2026/10/08 08:29:32.099, 56, 1545, 71.11, 100, 1106
2026/10/08 08:29:33.107, 56, 1545, 71.57, 100, 1106
2026/10/08 08:29:34.112, 56, 1500, 72.07, 100, 1106
2026/10/08 08:29:35.115, 56, 1515, 71.95, 100, 1106
2026/10/08 08:29:36.119, 56, 1545, 71.91, 100, 1106
2026/10/08 08:29:37.125, 56, 1515, 72.05, 100, 1106
2026/10/08 08:29:38.129, 56, 1515, 72.13, 100, 1106
2026/10/08 08:29:39.134, 57, 1560, 72.28, 100, 1106
2026/10/08 08:29:40.140, 57, 1545, 71.89, 100, 1106
2026/10/08 08:29:41.145, 57, 1515, 72.27, 100, 1106
2026/10/08 08:29:42.149, 57, 1515, 72.20, 100, 1106
2026/10/08 08:29:43.151, 57, 1530, 72.38, 100, 1106
2026/10/08 08:29:44.156, 57, 1515, 72.07, 100, 1106
2026/10/08 08:29:45.159, 57, 1545, 71.90, 100, 1106
2026/10/08 08:29:46.163, 57, 1485, 71.81, 100, 1106
2026/10/08 08:29:47.168, 57, 1530, 72.43, 100, 1106
2026/10/08 08:29:48.169, 57, 1530, 71.91, 100, 1106
2026/10/08 08:29:49.177, 57, 1485, 72.35, 100, 1106
2026/10/08 08:29:50.190, 57, 1500, 71.77, 100, 1106
2026/10/08 08:29:51.196, 57, 1530, 71.88, 100, 1106
2026/10/08 08:29:52.204, 57, 1530, 71.49, 100, 1106
2026/10/08 08:29:53.205, 58, 1500, 72.35, 100, 1106
2026/10/08 08:29:54.211, 58, 1500, 71.99, 100, 1106
2026/10/08 08:29:55.211, 58, 1530, 72.05, 100, 1106
2026/10/08 08:29:56.219, 58, 1500, 71.64, 100, 1106
2026/10/08 08:29:57.219, 58, 1530, 71.66, 100, 1106
2026/10/08 08:29:58.229, 58, 1530, 71.36, 100, 1106
2026/10/08 08:29:59.233, 58, 1530, 72.22, 100, 1106
2026/10/08 08:30:00.238, 58, 1500, 72.34, 100, 1106
2026/10/08 08:30:01.239, 58, 1530, 72.09, 100, 1106
2026/10/08 08:30:02.247, 58, 1530, 71.78, 100, 1106
2026/10/08 08:30:03.256, 58, 1485, 72.24, 100, 1106
2026/10/08 08:30:04.261, 58, 1515, 72.20, 100, 1106
2026/10/08 08:30:05.269, 58, 1545, 72.02, 100, 1106
2026/10/08 08:30:06.274, 58, 1500, 72.09, 100, 1106
2026/10/08 08:30:07.284, 58, 1530, 71.74, 100, 1106
2026/10/08 08:30:08.290, 58, 1500, 71.55, 100, 1106
2026/10/08 08:30:09.300, 58, 1515, 72.29, 100, 1106
2026/10/08 08:30:10.308, 58, 1515, 71.97, 100, 1106
2026/10/08 08:30:11.309, 58, 1500, 72.19, 100, 1106
2026/10/08 08:30:12.311, 58, 1515, 72.23, 100, 1106
2026/10/08 08:30:13.321, 58, 1500, 72.21, 100, 1106
2026/10/08 08:30:14.325, 58, 1530, 72.10, 100, 1106
2026/10/08 08:30:15.333, 58, 1530, 72.35, 100, 1106
2026/10/08 08:30:16.342, 59, 1530, 71.78, 100, 1106
2026/10/08 08:30:17.348, 59, 1485, 72.15, 100, 1106
2026/10/08 08:30:18.357, 59, 1545, 72.18, 100, 1106
2026/10/08 08:30:19.367, 59, 1530, 72.14, 100, 1106
2026/10/08 08:30:20.368, 59, 1500, 71.83, 100, 1106
2026/10/08 08:30:21.372, 59, 1470, 72.11, 100, 1106
2026/10/08 08:30:22.377, 59, 1530, 71.68, 100, 1106
2026/10/08 08:30:23.386, 59, 1545, 71.87, 100, 1106
2026/10/08 08:30:24.390, 59, 1560, 72.31, 100, 1106
2026/10/08 08:30:25.397, 59, 1515, 72.34, 100, 1106
2026/10/08 08:30:26.434, 59, 1485, 71.74, 100, 1106
2026/10/08 08:30:27.442, 59, 1530, 71.43, 100, 1106
2026/10/08 08:30:28.452, 59, 1485, 72.66, 100, 1106
2026/10/08 08:30:29.456, 59, 1470, 71.84, 100, 1106
2026/10/08 08:30:30.465, 59, 1515, 71.62, 100, 1106
2026/10/08 08:30:31.471, 59, 1500, 72.24, 100, 1121
2026/10/08 08:30:32.473, 59, 1515, 72.25, 100, 1121
2026/10/08 08:30:33.475, 59, 1530, 71.58, 100, 1126
2026/10/08 08:30:34.476, 59, 1530, 72.25, 100, 1298
2026/10/08 08:30:35.476, 59, 1500, 72.18, 100, 1298
2026/10/08 08:30:36.478, 59, 1515, 71.96, 100, 1298
2026/10/08 08:30:37.487, 59, 1470, 72.09, 100, 1298
2026/10/08 08:30:38.493, 59, 1515, 71.76, 100, 1298
2026/10/08 08:30:39.500, 59, 1485, 71.76, 100, 1298
2026/10/08 08:30:40.507, 59, 1485, 71.77, 100, 1298
2026/10/08 08:30:41.507, 59, 1500, 72.27, 100, 1298
2026/10/08 08:30:42.508, 59, 1500, 72.12, 100, 1298
2026/10/08 08:30:43.513, 59, 1530, 72.17, 100, 1298
2026/10/08 08:30:44.513, 59, 1500, 71.83, 100, 1298
2026/10/08 08:30:45.522, 59, 1530, 72.20, 100, 1298
2026/10/08 08:30:46.524, 59, 1530, 72.10, 100, 1298
2026/10/08 08:30:47.526, 59, 1545, 71.63, 100, 1298
2026/10/08 08:30:48.531, 59, 1515, 72.02, 100, 1298
2026/10/08 08:30:49.537, 59, 1530, 72.58, 100, 1298
2026/10/08 08:30:50.541, 59, 1515, 72.06, 100, 1298
2026/10/08 08:30:51.545, 59, 1485, 72.20, 100, 1298
2026/10/08 08:30:52.555, 59, 1530, 72.22, 100, 1298
2026/10/08 08:30:53.564, 59, 1545, 72.47, 100, 1298
2026/10/08 08:30:54.573, 59, 1500, 72.10, 100, 1298
2026/10/08 08:30:55.580, 59, 1470, 72.16, 100, 1298
2026/10/08 08:30:56.585, 59, 1485, 71.26, 100, 1298
2026/10/08 08:30:57.595, 59, 1560, 72.22, 100, 1298
2026/10/08 08:30:58.605, 60, 1515, 72.60, 100, 1298
2026/10/08 08:30:59.611, 59, 1515, 71.80, 100, 1298
2026/10/08 08:31:00.618, 60, 1530, 71.80, 100, 1298
2026/10/08 08:31:01.631, 59, 1500, 72.07, 100, 1298
2026/10/08 08:31:02.634, 60, 1530, 72.12, 100, 1298
2026/10/08 08:31:03.642, 60, 1500, 71.54, 100, 1298
2026/10/08 08:31:04.649, 59, 1485, 72.39, 100, 1298
2026/10/08 08:31:05.656, 59, 1500, 71.85, 100, 1298
2026/10/08 08:31:06.674, 59, 1530, 71.89, 100, 1106
2026/10/08 08:31:07.683, 59, 1515, 71.92, 100, 1106
2026/10/08 08:31:08.695, 60, 1470, 71.96, 100, 1106
2026/10/08 08:31:09.696, 60, 1515, 72.04, 100, 1106
2026/10/08 08:31:10.703, 59, 1530, 71.68, 100, 1106
2026/10/08 08:31:11.714, 60, 1515, 71.73, 100, 1106
2026/10/08 08:31:12.716, 60, 1500, 72.37, 100, 1106
2026/10/08 08:31:13.724, 60, 1515, 71.94, 100, 1106
2026/10/08 08:31:14.730, 59, 1515, 72.37, 100, 1106
2026/10/08 08:31:15.731, 60, 1485, 71.88, 100, 1106
2026/10/08 08:31:16.737, 60, 1515, 71.95, 100, 1106
2026/10/08 08:31:17.739, 60, 1530, 71.87, 100, 1106
2026/10/08 08:31:18.749, 59, 1455, 72.11, 100, 1106
2026/10/08 08:31:19.756, 60, 1470, 71.84, 100, 1106
2026/10/08 08:31:20.759, 60, 1530, 71.65, 100, 1106
2026/10/08 08:31:21.760, 60, 1545, 71.69, 100, 1106
2026/10/08 08:31:22.762, 60, 1500, 71.43, 100, 1106
2026/10/08 08:31:23.763, 60, 1530, 72.64, 100, 1106
2026/10/08 08:31:24.767, 60, 1575, 71.83, 100, 1106
2026/10/08 08:31:25.767, 60, 1530, 71.54, 100, 1106
2026/10/08 08:31:26.773, 60, 1545, 71.74, 100, 1106
2026/10/08 08:31:27.776, 60, 1545, 71.38, 100, 1106
2026/10/08 08:31:28.780, 60, 1530, 72.13, 100, 1106
2026/10/08 08:31:29.783, 60, 1470, 72.36, 100, 1106
2026/10/08 08:31:30.796, 60, 1500, 72.36, 100, 1106
2026/10/08 08:31:31.810, 60, 1530, 71.95, 100, 1106
2026/10/08 08:31:32.817, 60, 1500, 71.55, 100, 1106
2026/10/08 08:31:33.827, 60, 1530, 71.78, 100, 1106
2026/10/08 08:31:34.833, 60, 1500, 72.60, 100, 1106
2026/10/08 08:31:35.840, 60, 1530, 72.04, 100, 1106
2026/10/08 08:31:36.843, 60, 1515, 71.72, 100, 1106
2026/10/08 08:31:37.843, 60, 1530, 71.89, 100, 1106
2026/10/08 08:31:38.849, 60, 1530, 72.49, 100, 1106
2026/10/08 08:31:39.849, 60, 1500, 71.80, 100, 1106
2026/10/08 08:31:40.850, 60, 1515, 71.70, 100, 1106
2026/10/08 08:31:41.855, 60, 1515, 72.02, 100, 1106
2026/10/08 08:31:42.859, 60, 1530, 71.68, 100, 1106
2026/10/08 08:31:43.867, 60, 1515, 72.11, 100, 1106
2026/10/08 08:31:44.879, 60, 1485, 71.42, 100, 1106
2026/10/08 08:31:45.881, 60, 1500, 72.24, 100, 1106
2026/10/08 08:31:46.891, 60, 1515, 71.94, 100, 1106
2026/10/08 08:31:47.893, 60, 1515, 71.64, 100, 1106
2026/10/08 08:31:48.894, 60, 1545, 71.96, 100, 1106
2026/10/08 08:31:49.900, 60, 1485, 72.53, 100, 1106
2026/10/08 08:31:50.900, 60, 1515, 72.24, 100, 1106
2026/10/08 08:31:51.903, 60, 1515, 71.86, 100, 1106
2026/10/08 08:31:52.904, 60, 1485, 71.89, 100, 1106
2026/10/08 08:31:53.911, 60, 1515, 71.76, 100, 1106
2026/10/08 08:31:54.911, 60, 1530, 72.30, 100, 1106
2026/10/08 08:31:55.920, 60, 1470, 72.74, 100, 1106
2026/10/08 08:31:56.930, 60, 1530, 72.25, 100, 1106
2026/10/08 08:31:57.944, 60, 1530, 72.32, 100, 1106
2026/10/08 08:31:58.953, 60, 1515, 72.03, 100, 1106
2026/10/08 08:31:59.959, 60, 1500, 72.23, 100, 1106
2026/10/08 08:32:00.966, 60, 1515, 72.12, 100, 1106
2026/10/08 08:32:02.005, 60, 1530, 72.15, 100, 1106
2026/10/08 08:32:03.007, 60, 1515, 72.10, 100, 1106
2026/10/08 08:32:04.015, 60, 1515, 72.24, 100, 1106
2026/10/08 08:32:05.022, 60, 1530, 72.01, 100, 1106
2026/10/08 08:32:06.028, 60, 1530, 72.25, 100, 1106
2026/10/08 08:32:07.040, 60, 1470, 72.34, 100, 1106
2026/10/08 08:32:08.050, 60, 1530, 71.89, 100, 1106
2026/10/08 08:32:09.053, 60, 1470, 71.68, 100, 1106
2026/10/08 08:32:10.057, 60, 1470, 71.69, 100, 1106
2026/10/08 08:32:11.068, 60, 1470, 72.11, 100, 1106
2026/10/08 08:32:12.070, 60, 1530, 71.83, 100, 1106
2026/10/08 08:32:13.075, 60, 1515, 71.65, 100, 1106
2026/10/08 08:32:14.089, 60, 1530, 72.24, 100, 1106
2026/10/08 08:32:15.090, 60, 1515, 72.48, 100, 1106
2026/10/08 08:32:16.096, 60, 1530, 72.63, 100, 1106
2026/10/08 08:32:17.107, 60, 1530, 72.31, 100, 1106
2026/10/08 08:32:18.107, 60, 1500, 72.69, 100, 1106
2026/10/08 08:32:19.112, 60, 1515, 72.79, 100, 1106
2026/10/08 08:32:20.120, 60, 1545, 72.28, 100, 1106
2026/10/08 08:32:21.125, 60, 1530, 72.18, 100, 1106
2026/10/08 08:32:22.125, 60, 1485, 71.87, 100, 1106
2026/10/08 08:32:23.131, 60, 1500, 72.16, 100, 1106
2026/10/08 08:32:24.133, 60, 1530, 72.01, 100, 1106
2026/10/08 08:32:25.139, 60, 1545, 72.14, 100, 1106
2026/10/08 08:32:26.141, 60, 1500, 72.39, 100, 1106
2026/10/08 08:32:27.146, 60, 1515, 71.64, 100, 1106
2026/10/08 08:32:28.155, 60, 1485, 72.05, 100, 1106
2026/10/08 08:32:29.159, 60, 1500, 71.95, 100, 1106
2026/10/08 08:32:30.168, 60, 1530, 72.25, 100, 1106
2026/10/08 08:32:31.178, 60, 1470, 72.21, 100, 1106
2026/10/08 08:32:32.192, 60, 1500, 72.11, 100, 1106
2026/10/08 08:32:33.192, 60, 1530, 71.72, 100, 1106
2026/10/08 08:32:34.204, 60, 1530, 72.17, 100, 1106
2026/10/08 08:32:35.210, 60, 1500, 72.39, 100, 1106
2026/10/08 08:32:36.219, 60, 1530, 71.94, 100, 1106
2026/10/08 08:32:37.222, 60, 1500, 72.18, 100, 1106
2026/10/08 08:32:38.229, 60, 1515, 71.77, 100, 1106
2026/10/08 08:32:39.235, 60, 1515, 71.88, 100, 1106
2026/10/08 08:32:40.238, 60, 1500, 72.32, 100, 1106
2026/10/08 08:32:41.242, 60, 1470, 71.93, 100, 1106
2026/10/08 08:32:42.248, 60, 1515, 72.17, 100, 1106
2026/10/08 08:32:43.259, 60, 1485, 72.38, 100, 1106
2026/10/08 08:32:44.267, 60, 1500, 72.43, 100, 1106
2026/10/08 08:32:45.277, 60, 1485, 72.42, 100, 1106
2026/10/08 08:32:46.281, 60, 1515, 72.22, 100, 1106
2026/10/08 08:32:47.286, 60, 1515, 71.95, 100, 1106
2026/10/08 08:32:48.302, 60, 1500, 71.53, 100, 1106
2026/10/08 08:32:49.306, 60, 1500, 71.69, 100, 1106
2026/10/08 08:32:50.311, 60, 1500, 71.93, 100, 1106
2026/10/08 08:32:51.317, 60, 1530, 72.40, 100, 1106
2026/10/08 08:32:52.321, 60, 1485, 72.14, 100, 1106
2026/10/08 08:32:53.327, 60, 1530, 71.71, 100, 1106
2026/10/08 08:32:54.334, 60, 1500, 72.04, 100, 1106
2026/10/08 08:32:55.337, 60, 1500, 72.30, 100, 1106
2026/10/08 08:32:56.340, 60, 1530, 71.82, 100, 1106
2026/10/08 08:32:57.340, 60, 1470, 71.87, 100, 1106
2026/10/08 08:32:58.341, 60, 1515, 71.90, 100, 1106
2026/10/08 08:32:59.342, 60, 1515, 72.36, 100, 1106
2026/10/08 08:33:00.345, 60, 1515, 71.61, 100, 1106
2026/10/08 08:33:01.356, 60, 1515, 72.05, 100, 1106
2026/10/08 08:33:02.357, 60, 1530, 71.41, 100, 1106
2026/10/08 08:33:03.365, 60, 1530, 71.21, 100, 1106
2026/10/08 08:33:04.373, 60, 1500, 71.89, 100, 1106
2026/10/08 08:33:05.377, 60, 1470, 71.34, 100, 1106
2026/10/08 08:33:06.384, 60, 1515, 71.66, 100, 1106
2026/10/08 08:33:07.385, 60, 1530, 71.93, 100, 1106
2026/10/08 08:33:08.394, 60, 1500, 72.25, 100, 1106
2026/10/08 08:33:09.400, 60, 1530, 72.02, 100, 1106
2026/10/08 08:33:10.409, 60, 1530, 71.71, 100, 1106
2026/10/08 08:33:11.413, 60, 1500, 72.44, 100, 1106
2026/10/08 08:33:12.416, 60, 1545, 72.48, 100, 1106
2026/10/08 08:33:13.422, 60, 1515, 71.81, 100, 1106
2026/10/08 08:33:14.434, 60, 1455, 72.06, 100, 1106
2026/10/08 08:33:15.442, 60, 1530, 71.94, 100, 1106
2026/10/08 08:33:16.446, 60, 1515, 71.61, 100, 1106
2026/10/08 08:33:17.452, 60, 1500, 71.89, 100, 1106
2026/10/08 08:33:18.453, 60, 1545, 71.88, 100, 1106
2026/10/08 08:33:19.462, 60, 1530, 71.62, 100, 1106
2026/10/08 08:33:20.463, 60, 1500, 71.73, 100, 1106
2026/10/08 08:33:21.470, 60, 1455, 71.95, 100, 1106
2026/10/08 08:33:22.474, 60, 1500, 72.40, 100, 1106
2026/10/08 08:33:23.482, 60, 1515, 71.85, 100, 1106
2026/10/08 08:33:24.483, 60, 1530, 72.40, 100, 1106
2026/10/08 08:33:25.484, 60, 1530, 71.88, 100, 1106
2026/10/08 08:33:26.485, 60, 1530, 71.92, 100, 1106
2026/10/08 08:33:27.488, 57, 2025, 62.04, 0, 1106
2026/10/08 08:33:28.489, 60, 1575, 64.49, 100, 1106
2026/10/08 08:33:29.491, 60, 1485, 72.52, 100, 1106
2026/10/08 08:33:30.491, 60, 1500, 72.02, 100, 1106
2026/10/08 08:33:31.497, 60, 1530, 71.50, 100, 1106
2026/10/08 08:33:32.500, 60, 1530, 71.94, 100, 1106
2026/10/08 08:33:33.507, 60, 1500, 71.85, 100, 1106
2026/10/08 08:33:34.513, 60, 1500, 72.19, 100, 1106
2026/10/08 08:33:35.516, 60, 1500, 71.82, 100, 1106
2026/10/08 08:33:36.518, 60, 1530, 71.91, 100, 1106
2026/10/08 08:33:37.527, 60, 1530, 72.17, 100, 1106
2026/10/08 08:33:38.534, 60, 1485, 72.02, 100, 1106
2026/10/08 08:33:39.541, 60, 1485, 72.15, 100, 1106
2026/10/08 08:33:40.542, 60, 1530, 71.98, 100, 1106
2026/10/08 08:33:41.551, 60, 1515, 71.82, 100, 1106
2026/10/08 08:33:42.557, 60, 1530, 72.15, 100, 1106
2026/10/08 08:33:43.562, 60, 1485, 72.57, 100, 1106
2026/10/08 08:33:44.566, 60, 1515, 71.68, 100, 1106
2026/10/08 08:33:45.572, 60, 1485, 71.89, 100, 1106
2026/10/08 08:33:46.574, 60, 1470, 72.13, 100, 1106
2026/10/08 08:33:47.587, 60, 1515, 71.94, 100, 1106
2026/10/08 08:33:48.592, 60, 1515, 72.35, 100, 1106
2026/10/08 08:33:49.600, 60, 1485, 71.45, 100, 1106
2026/10/08 08:33:50.610, 60, 1515, 72.09, 100, 1106
2026/10/08 08:33:51.619, 60, 1500, 72.26, 100, 1106
2026/10/08 08:33:52.623, 60, 1515, 71.56, 100, 1106
2026/10/08 08:33:53.625, 60, 1470, 72.06, 100, 1106
2026/10/08 08:33:54.628, 60, 1455, 71.84, 100, 1106
2026/10/08 08:33:55.634, 60, 1500, 72.25, 100, 1106
2026/10/08 08:33:56.642, 60, 1455, 72.08, 100, 1106
2026/10/08 08:33:57.650, 60, 1500, 72.20, 100, 1106
2026/10/08 08:33:58.655, 60, 1515, 71.56, 100, 1106
2026/10/08 08:33:59.659, 60, 1500, 72.05, 100, 1106
2026/10/08 08:34:00.662, 60, 1530, 71.95, 100, 1106
2026/10/08 08:34:01.670, 60, 1500, 72.06, 100, 1106
2026/10/08 08:34:02.672, 60, 1500, 72.25, 100, 1106
2026/10/08 08:34:03.679, 60, 1515, 71.83, 100, 1106
2026/10/08 08:34:04.682, 60, 1470, 71.68, 100, 1106
2026/10/08 08:34:05.685, 60, 1515, 71.96, 100, 1106
2026/10/08 08:34:06.693, 60, 1515, 71.75, 100, 1106
2026/10/08 08:34:07.696, 60, 1485, 72.53, 100, 1106
2026/10/08 08:34:08.700, 60, 1470, 71.52, 100, 1106
2026/10/08 08:34:09.705, 60, 1500, 71.90, 100, 1106
2026/10/08 08:34:10.709, 60, 1515, 71.54, 100, 1106
2026/10/08 08:34:11.716, 60, 1530, 72.14, 100, 1106
2026/10/08 08:34:12.723, 60, 1530, 72.16, 100, 1106
2026/10/08 08:34:13.724, 60, 1530, 72.19, 100, 1106
2026/10/08 08:34:14.731, 60, 1530, 72.36, 100, 1106
2026/10/08 08:34:15.734, 60, 1500, 72.06, 100, 1106
2026/10/08 08:34:16.734, 60, 1515, 71.73, 100, 1106
2026/10/08 08:34:17.736, 60, 1530, 72.07, 100, 1106
2026/10/08 08:34:18.741, 60, 1530, 72.06, 100, 1106
2026/10/08 08:34:19.744, 60, 1500, 72.07, 100, 1106
2026/10/08 08:34:20.746, 60, 1515, 72.06, 100, 1106
2026/10/08 08:34:21.747, 60, 1530, 72.21, 100, 1106
2026/10/08 08:34:22.754, 60, 1530, 72.18, 100, 1106
2026/10/08 08:34:23.755, 60, 1470, 71.37, 100, 1106
2026/10/08 08:34:24.760, 60, 1515, 71.60, 100, 1106
2026/10/08 08:34:25.767, 60, 1515, 71.60, 100, 1106
2026/10/08 08:34:26.774, 60, 1500, 71.80, 100, 1106
2026/10/08 08:34:27.781, 60, 1530, 72.07, 100, 1106
2026/10/08 08:34:28.784, 60, 1485, 72.16, 100, 1106
2026/10/08 08:34:29.793, 60, 1515, 71.69, 100, 1106
2026/10/08 08:34:30.797, 60, 1500, 71.67, 100, 1106
2026/10/08 08:34:31.800, 60, 1500, 71.81, 100, 1106
2026/10/08 08:34:32.805, 60, 1515, 71.90, 100, 1106
2026/10/08 08:34:33.811, 60, 1530, 71.76, 100, 1106
2026/10/08 08:34:34.811, 60, 1515, 71.82, 100, 1106
2026/10/08 08:34:35.814, 60, 1470, 71.57, 100, 1106
2026/10/08 08:34:36.818, 60, 1500, 71.48, 100, 1106
2026/10/08 08:34:37.824, 60, 1500, 72.12, 100, 1106
2026/10/08 08:34:38.824, 60, 1530, 72.11, 100, 1106
2026/10/08 08:34:39.830, 60, 1515, 71.98, 100, 1106
2026/10/08 08:34:40.834, 60, 1515, 71.95, 100, 1106
2026/10/08 08:34:41.843, 60, 1515, 71.65, 100, 1106
2026/10/08 08:34:42.849, 60, 1530, 71.91, 100, 1106
2026/10/08 08:34:43.854, 60, 1470, 72.12, 100, 1106
2026/10/08 08:34:44.859, 60, 1485, 71.94, 100, 1106
2026/10/08 08:34:45.866, 60, 1530, 72.43, 100, 1106
2026/10/08 08:34:46.898, 60, 1500, 71.81, 100, 1106
2026/10/08 08:34:47.899, 60, 1530, 71.92, 100, 1106
2026/10/08 08:34:48.907, 60, 1515, 71.71, 100, 1106
2026/10/08 08:34:49.914, 60, 1530, 72.47, 100, 1106
2026/10/08 08:34:50.916, 60, 1485, 72.39, 100, 1106
2026/10/08 08:34:51.918, 60, 1515, 72.16, 100, 1106
2026/10/08 08:34:52.924, 60, 1485, 71.88, 100, 1106
2026/10/08 08:34:53.941, 60, 1530, 71.75, 100, 1106
2026/10/08 08:34:54.943, 60, 1530, 72.18, 100, 1106
2026/10/08 08:34:55.951, 60, 1530, 72.10, 100, 1106
2026/10/08 08:34:56.953, 60, 1530, 72.11, 100, 1106
2026/10/08 08:34:57.958, 60, 1530, 72.37, 100, 1106
2026/10/08 08:34:58.962, 60, 1530, 71.57, 100, 1106
2026/10/08 08:34:59.963, 60, 1500, 72.25, 100, 1106
2026/10/08 08:35:00.971, 60, 1470, 71.72, 100, 1106
2026/10/08 08:35:01.996, 60, 1500, 71.66, 100, 1106
2026/10/08 08:35:02.997, 60, 1500, 71.76, 100, 1106
2026/10/08 08:35:04.001, 60, 1470, 72.31, 100, 1106
2026/10/08 08:35:05.007, 60, 1500, 72.00, 100, 1106
2026/10/08 08:35:06.007, 60, 1485, 72.10, 100, 1106
2026/10/08 08:35:07.009, 60, 1455, 72.34, 100, 1106
2026/10/08 08:35:08.016, 60, 1515, 71.86, 100, 1106
2026/10/08 08:35:09.019, 60, 1485, 72.15, 100, 1106
2026/10/08 08:35:10.025, 60, 1545, 71.77, 100, 1106
2026/10/08 08:35:11.027, 60, 1515, 72.35, 100, 1106
2026/10/08 08:35:12.029, 60, 1530, 72.03, 100, 1106
2026/10/08 08:35:13.036, 60, 1470, 72.01, 100, 1106
2026/10/08 08:35:14.046, 60, 1500, 72.25, 100, 1106
2026/10/08 08:35:15.049, 60, 1530, 71.93, 100, 1106
2026/10/08 08:35:16.049, 60, 1500, 71.84, 100, 1106
2026/10/08 08:35:17.094, 60, 1530, 71.85, 100, 1106
2026/10/08 08:35:18.108, 60, 1530, 71.89, 100, 1106
2026/10/08 08:35:19.114, 60, 1530, 71.97, 100, 1106
2026/10/08 08:35:20.116, 60, 1500, 71.81, 100, 1106
2026/10/08 08:35:21.126, 60, 1545, 72.10, 100, 1106
2026/10/08 08:35:22.132, 60, 1470, 72.68, 100, 1106
2026/10/08 08:35:23.140, 60, 1515, 72.34, 100, 1106
2026/10/08 08:35:24.148, 60, 1500, 72.11, 100, 1106
2026/10/08 08:35:25.152, 60, 1485, 72.40, 100, 1106
2026/10/08 08:35:26.155, 60, 1530, 72.25, 100, 1106
2026/10/08 08:35:27.155, 61, 1725, 71.20, 90, 1106
2026/10/08 08:35:28.161, 61, 1725, 73.23, 83, 1106
2026/10/08 08:35:29.162, 60, 1515, 72.03, 100, 1106
2026/10/08 08:35:30.164, 60, 1515, 72.42, 100, 1106
2026/10/08 08:35:31.165, 60, 1545, 72.17, 100, 1106
2026/10/08 08:35:32.191, 60, 1530, 72.13, 100, 1106
2026/10/08 08:35:33.196, 60, 1530, 71.97, 100, 1106
2026/10/08 08:35:34.203, 60, 1515, 72.23, 100, 1106
2026/10/08 08:35:35.203, 60, 1500, 71.78, 100, 1106
2026/10/08 08:35:36.207, 60, 1530, 71.47, 100, 1106
2026/10/08 08:35:37.209, 60, 1485, 72.02, 100, 1106
2026/10/08 08:35:38.210, 60, 1470, 72.09, 100, 1106
2026/10/08 08:35:39.215, 60, 1530, 71.96, 100, 1106
2026/10/08 08:35:40.217, 60, 1530, 72.41, 100, 1106
2026/10/08 08:35:41.217, 60, 1485, 72.18, 100, 1106
2026/10/08 08:35:42.220, 60, 1530, 71.55, 100, 1106
2026/10/08 08:35:43.225, 60, 1515, 71.75, 100, 1106
2026/10/08 08:35:44.231, 60, 1485, 71.81, 100, 1106
2026/10/08 08:35:45.233, 60, 1500, 71.71, 100, 1106
2026/10/08 08:35:46.239, 60, 1485, 72.00, 100, 1106
2026/10/08 08:35:47.241, 60, 1455, 71.85, 100, 1106
2026/10/08 08:35:48.246, 60, 1470, 71.76, 100, 1106
2026/10/08 08:35:49.251, 60, 1530, 72.02, 100, 1106
2026/10/08 08:35:50.258, 60, 1515, 71.64, 100, 1106
2026/10/08 08:35:51.262, 60, 1485, 71.51, 100, 1106
2026/10/08 08:35:52.264, 60, 1485, 72.12, 100, 1106
2026/10/08 08:35:53.270, 60, 1515, 72.32, 100, 1106
2026/10/08 08:35:54.271, 60, 1470, 71.87, 100, 1106
2026/10/08 08:35:55.278, 60, 1485, 72.03, 100, 1106
2026/10/08 08:35:56.284, 60, 1485, 71.59, 100, 1106
2026/10/08 08:35:57.292, 60, 1530, 71.74, 100, 1106
2026/10/08 08:35:58.293, 60, 1530, 72.05, 100, 1106
2026/10/08 08:35:59.298, 60, 1515, 72.38, 100, 1106
2026/10/08 08:36:00.302, 60, 1515, 72.11, 100, 1106
2026/10/08 08:36:01.308, 60, 1530, 71.84, 100, 1106
2026/10/08 08:36:02.312, 60, 1530, 72.50, 100, 1106
2026/10/08 08:36:03.315, 60, 1500, 71.94, 100, 1106
2026/10/08 08:36:04.321, 60, 1500, 71.79, 100, 1106
2026/10/08 08:36:05.326, 60, 1470, 71.99, 100, 1106
2026/10/08 08:36:06.328, 60, 1515, 71.99, 100, 1106
2026/10/08 08:36:07.332, 60, 1545, 72.34, 100, 1106
2026/10/08 08:36:08.332, 60, 1515, 71.81, 100, 1106
2026/10/08 08:36:09.339, 60, 1470, 72.36, 100, 1106
2026/10/08 08:36:10.343, 60, 1515, 71.38, 100, 1106
2026/10/08 08:36:11.343, 60, 1515, 72.74, 100, 1106
2026/10/08 08:36:12.346, 60, 1530, 72.23, 100, 1106
2026/10/08 08:36:13.348, 60, 1530, 72.15, 100, 1106
2026/10/08 08:36:14.352, 60, 1530, 72.50, 100, 1106
2026/10/08 08:36:15.357, 60, 1530, 72.64, 100, 1106
2026/10/08 08:36:16.366, 60, 1530, 72.11, 100, 1106
2026/10/08 08:36:17.379, 60, 1485, 72.29, 100, 1106
2026/10/08 08:36:18.381, 60, 1530, 71.49, 100, 1106
2026/10/08 08:36:19.390, 60, 1500, 72.03, 100, 1106
2026/10/08 08:36:20.391, 60, 1500, 71.92, 100, 1106
2026/10/08 08:36:21.398, 60, 1455, 71.90, 100, 1106
2026/10/08 08:36:22.402, 60, 1455, 71.44, 100, 1106
2026/10/08 08:36:23.415, 60, 1500, 71.87, 100, 1106
2026/10/08 08:36:24.424, 60, 1470, 72.00, 100, 1106
2026/10/08 08:36:25.431, 60, 1530, 71.98, 100, 1106
2026/10/08 08:36:26.439, 60, 1500, 72.27, 100, 1106
2026/10/08 08:36:27.443, 60, 1515, 72.17, 100, 1106
2026/10/08 08:36:28.453, 60, 1530, 72.39, 100, 1106
2026/10/08 08:36:29.454, 60, 1500, 71.83, 100, 1106
2026/10/08 08:36:30.461, 60, 1515, 72.18, 100, 1106
2026/10/08 08:36:31.464, 60, 1515, 72.25, 100, 1106
2026/10/08 08:36:32.472, 60, 1470, 71.91, 100, 1106
2026/10/08 08:36:33.476, 60, 1455, 71.57, 100, 1106
2026/10/08 08:36:34.480, 60, 1515, 71.58, 100, 1106
2026/10/08 08:36:35.485, 60, 1515, 71.83, 100, 1106
2026/10/08 08:36:36.489, 60, 1515, 71.99, 100, 1106
2026/10/08 08:36:37.496, 60, 1485, 71.54, 100, 1106
2026/10/08 08:36:38.498, 60, 1515, 72.43, 100, 1106
2026/10/08 08:36:39.508, 60, 1500, 72.04, 100, 1106
2026/10/08 08:36:40.515, 60, 1530, 72.13, 100, 1106
2026/10/08 08:36:41.522, 60, 1500, 71.95, 100, 1106
2026/10/08 08:36:42.525, 60, 1485, 71.69, 100, 1106
2026/10/08 08:36:43.526, 60, 1515, 71.79, 100, 1106
2026/10/08 08:36:44.532, 60, 1500, 72.34, 100, 1106
2026/10/08 08:36:45.537, 60, 1500, 71.73, 100, 1106
2026/10/08 08:36:46.537, 60, 1545, 72.52, 100, 1106
2026/10/08 08:36:47.537, 60, 1500, 72.17, 100, 1106
2026/10/08 08:36:48.543, 60, 1515, 72.13, 100, 1106
2026/10/08 08:36:49.544, 60, 1545, 71.96, 100, 1106
2026/10/08 08:36:50.551, 60, 1515, 72.08, 100, 1106
2026/10/08 08:36:51.558, 60, 1515, 72.28, 100, 1106
2026/10/08 08:36:52.562, 60, 1515, 71.86, 100, 1106
2026/10/08 08:36:53.574, 60, 1515, 72.06, 100, 1106
2026/10/08 08:36:54.582, 60, 1515, 71.73, 100, 1106
2026/10/08 08:36:55.597, 60, 1515, 72.32, 100, 1106
2026/10/08 08:36:56.608, 60, 1500, 72.12, 100, 1106
2026/10/08 08:36:57.616, 60, 1485, 72.31, 100, 1106
2026/10/08 08:36:58.617, 60, 1500, 71.81, 100, 1106
2026/10/08 08:36:59.623, 60, 1530, 71.82, 100, 1106
2026/10/08 08:37:00.624, 60, 1500, 72.26, 100, 1106
2026/10/08 08:37:01.627, 60, 1485, 72.00, 100, 1106
2026/10/08 08:37:02.637, 60, 1485, 72.11, 100, 1106
2026/10/08 08:37:03.638, 60, 1515, 71.56, 100, 1106
2026/10/08 08:37:04.645, 60, 1515, 71.84, 100, 1106
2026/10/08 08:37:05.651, 60, 1515, 71.71, 100, 1106
2026/10/08 08:37:06.651, 60, 1485, 72.10, 100, 1106
2026/10/08 08:37:07.657, 60, 1500, 72.28, 100, 1106
2026/10/08 08:37:08.663, 60, 1515, 71.76, 100, 1106
2026/10/08 08:37:09.663, 60, 1515, 72.50, 100, 1106
2026/10/08 08:37:10.669, 60, 1515, 72.02, 100, 1106
2026/10/08 08:37:11.673, 60, 1515, 72.08, 100, 1106
2026/10/08 08:37:12.678, 60, 1530, 71.98, 100, 1106
2026/10/08 08:37:13.679, 60, 1515, 72.00, 100, 1106
2026/10/08 08:37:14.679, 60, 1500, 72.10, 100, 1106
2026/10/08 08:37:15.680, 60, 1530, 72.02, 100, 1106
2026/10/08 08:37:16.680, 60, 1530, 71.90, 100, 1106
2026/10/08 08:37:17.691, 60, 1530, 71.75, 100, 1106
2026/10/08 08:37:18.693, 60, 1485, 71.82, 100, 1106
2026/10/08 08:37:19.695, 60, 1515, 72.27, 100, 1106
2026/10/08 08:37:20.706, 60, 1470, 72.05, 100, 1106
2026/10/08 08:37:21.710, 60, 1470, 72.57, 100, 1106
2026/10/08 08:37:22.717, 60, 1515, 71.58, 100, 1106
2026/10/08 08:37:23.718, 60, 1515, 71.99, 100, 1106
2026/10/08 08:37:24.722, 60, 1530, 72.40, 100, 1106
2026/10/08 08:37:25.729, 60, 1530, 71.87, 100, 1106
2026/10/08 08:37:26.734, 60, 1500, 71.89, 100, 1106
2026/10/08 08:37:27.741, 60, 1530, 71.92, 100, 1106
2026/10/08 08:37:28.748, 60, 1545, 71.95, 100, 1106
2026/10/08 08:37:29.748, 60, 1515, 71.78, 100, 1106
2026/10/08 08:37:30.756, 60, 1515, 71.62, 100, 1106
2026/10/08 08:37:31.756, 60, 1530, 71.58, 100, 1106
2026/10/08 08:37:32.764, 60, 1485, 72.21, 100, 1106
2026/10/08 08:37:33.764, 60, 1515, 71.69, 100, 1106
2026/10/08 08:37:34.768, 60, 1500, 71.97, 100, 1106
2026/10/08 08:37:35.776, 60, 1545, 72.08, 100, 1106
2026/10/08 08:37:36.781, 60, 1515, 71.71, 100, 1106
2026/10/08 08:37:37.782, 60, 1500, 72.10, 100, 1106
2026/10/08 08:37:38.789, 60, 1485, 72.46, 100, 1106
2026/10/08 08:37:39.796, 60, 1515, 71.75, 100, 1106
2026/10/08 08:37:40.803, 60, 1515, 72.01, 100, 1106
2026/10/08 08:37:41.804, 60, 1500, 72.26, 100, 1106
2026/10/08 08:37:42.808, 60, 1485, 71.88, 100, 1106
2026/10/08 08:37:43.809, 60, 1455, 72.19, 100, 1106
2026/10/08 08:37:44.815, 60, 1485, 71.97, 100, 1106
2026/10/08 08:37:45.822, 60, 1515, 71.83, 100, 1106
2026/10/08 08:37:46.829, 60, 1515, 72.18, 100, 1106
2026/10/08 08:37:47.837, 60, 1500, 71.70, 100, 1106
2026/10/08 08:37:48.842, 60, 1470, 71.51, 100, 1106
2026/10/08 08:37:49.849, 60, 1470, 72.42, 100, 1106
2026/10/08 08:37:50.850, 60, 1485, 71.95, 100, 1106
2026/10/08 08:37:51.861, 60, 1515, 72.24, 100, 1106
2026/10/08 08:37:52.864, 60, 1485, 71.81, 100, 1106
2026/10/08 08:37:53.876, 60, 1530, 71.75, 100, 1106
2026/10/08 08:37:54.889, 60, 1515, 71.90, 100, 1106
2026/10/08 08:37:55.892, 60, 1530, 71.61, 100, 1106
2026/10/08 08:37:56.893, 60, 1470, 71.65, 100, 1106
2026/10/08 08:37:57.911, 60, 1470, 71.81, 100, 1106
2026/10/08 08:37:58.911, 60, 1470, 71.79, 100, 1106
2026/10/08 08:37:59.922, 60, 1515, 72.21, 100, 1106
2026/10/08 08:38:00.927, 60, 1530, 72.09, 100, 1106
2026/10/08 08:38:02.004, 60, 1515, 71.69, 100, 1106
2026/10/08 08:38:03.013, 60, 1515, 71.71, 100, 1106
2026/10/08 08:38:04.025, 60, 1515, 72.06, 100, 1106
2026/10/08 08:38:05.040, 60, 1515, 72.16, 100, 1106
2026/10/08 08:38:06.046, 60, 1500, 72.28, 100, 1106
2026/10/08 08:38:07.048, 60, 1500, 72.43, 100, 1106
2026/10/08 08:38:08.052, 60, 1500, 71.94, 100, 1106
2026/10/08 08:38:09.065, 60, 1485, 72.18, 100, 1106
2026/10/08 08:38:10.069, 60, 1530, 72.03, 100, 1106
2026/10/08 08:38:11.099, 60, 1515, 72.57, 100, 1106
2026/10/08 08:38:12.101, 60, 1500, 71.85, 100, 1106
2026/10/08 08:38:13.108, 60, 1470, 72.16, 100, 1106
2026/10/08 08:38:14.114, 60, 1470, 71.89, 100, 1106
2026/10/08 08:38:15.118, 60, 1530, 72.30, 100, 1106
2026/10/08 08:38:16.126, 60, 1515, 72.64, 100, 1106
2026/10/08 08:38:17.128, 60, 1515, 71.90, 100, 1106
2026/10/08 08:38:18.128, 60, 1515, 71.76, 100, 1106
2026/10/08 08:38:19.134, 60, 1530, 71.19, 100, 1106
2026/10/08 08:38:20.134, 60, 1515, 72.17, 100, 1106
2026/10/08 08:38:21.138, 60, 1515, 72.56, 100, 1106
2026/10/08 08:38:22.138, 60, 1500, 72.43, 100, 1106
2026/10/08 08:38:23.142, 60, 1530, 72.32, 100, 1106
2026/10/08 08:38:24.142, 60, 1485, 71.98, 100, 1106
2026/10/08 08:38:25.146, 60, 1530, 71.86, 100, 1106
2026/10/08 08:38:26.146, 60, 1530, 72.05, 100, 1106
2026/10/08 08:38:27.153, 60, 1515, 71.91, 100, 1106
2026/10/08 08:38:28.153, 58, 2025, 62.35, 0, 1106
2026/10/08 08:38:29.169, 60, 1545, 60.35, 100, 1106
2026/10/08 08:38:30.172, 60, 1530, 72.54, 100, 1106
2026/10/08 08:38:31.181, 60, 1560, 71.55, 100, 1106
2026/10/08 08:38:32.196, 60, 1515, 71.93, 100, 1106
2026/10/08 08:38:33.203, 60, 1530, 71.96, 100, 1106
2026/10/08 08:38:34.209, 60, 1515, 71.59, 100, 1106
2026/10/08 08:38:35.215, 60, 1500, 71.49, 100, 1106
2026/10/08 08:38:36.220, 60, 1530, 72.05, 100, 1106
2026/10/08 08:38:37.229, 60, 1515, 72.53, 100, 1106
2026/10/08 08:38:38.234, 60, 1515, 72.20, 100, 1106
2026/10/08 08:38:39.244, 60, 1545, 72.39, 100, 1106
2026/10/08 08:38:40.250, 60, 1515, 72.31, 100, 1106
2026/10/08 08:38:41.250, 60, 1515, 72.18, 100, 1106
2026/10/08 08:38:42.250, 60, 1485, 71.86, 100, 1106
2026/10/08 08:38:43.251, 60, 1530, 71.74, 100, 1106
2026/10/08 08:38:44.261, 60, 1485, 72.23, 100, 1106
2026/10/08 08:38:45.261, 60, 1500, 72.18, 100, 1106
2026/10/08 08:38:46.263, 60, 1500, 72.22, 100, 1106
2026/10/08 08:38:47.264, 60, 1515, 72.15, 100, 1106
2026/10/08 08:38:48.272, 60, 1470, 71.88, 100, 1106
2026/10/08 08:38:49.283, 60, 1545, 71.97, 100, 1106
2026/10/08 08:38:50.288, 60, 1515, 72.00, 100, 1106
2026/10/08 08:38:51.293, 60, 1515, 71.72, 100, 1106
2026/10/08 08:38:52.296, 60, 1530, 71.78, 100, 1106
2026/10/08 08:38:53.301, 60, 1470, 71.85, 100, 1106
2026/10/08 08:38:54.307, 60, 1515, 72.21, 100, 1106
2026/10/08 08:38:55.311, 60, 1500, 71.96, 100, 1106
2026/10/08 08:38:56.322, 60, 1515, 72.27, 100, 1106
2026/10/08 08:38:57.324, 60, 1515, 72.09, 100, 1106
2026/10/08 08:38:58.325, 60, 1530, 72.49, 100, 1106
2026/10/08 08:38:59.328, 60, 1515, 71.83, 100, 1106
2026/10/08 08:39:00.331, 60, 1515, 72.27, 100, 1106
2026/10/08 08:39:01.335, 60, 1500, 71.84, 100, 1106
2026/10/08 08:39:02.337, 60, 1545, 72.04, 100, 1106
2026/10/08 08:39:03.342, 60, 1500, 71.86, 100, 1106
2026/10/08 08:39:04.344, 60, 1515, 71.68, 100, 1106
2026/10/08 08:39:05.347, 60, 1485, 71.93, 100, 1106
2026/10/08 08:39:06.353, 60, 1530, 71.92, 100, 1106
2026/10/08 08:39:07.357, 60, 1500, 71.54, 100, 1106
2026/10/08 08:39:08.367, 60, 1485, 72.17, 100, 1106
2026/10/08 08:39:09.382, 60, 1500, 71.94, 100, 1106
2026/10/08 08:39:10.382, 60, 1530, 71.90, 100, 1106
2026/10/08 08:39:11.390, 60, 1515, 72.18, 100, 1106
2026/10/08 08:39:12.397, 60, 1530, 72.42, 100, 1106
2026/10/08 08:39:13.403, 60, 1515, 71.63, 100, 1106
2026/10/08 08:39:14.412, 60, 1530, 72.07, 100, 1106
2026/10/08 08:39:15.413, 60, 1500, 72.43, 100, 1106
2026/10/08 08:39:16.421, 60, 1530, 71.88, 100, 1106
2026/10/08 08:39:17.421, 60, 1515, 71.76, 100, 1106
2026/10/08 08:39:18.428, 60, 1545, 72.05, 100, 1106
2026/10/08 08:39:19.428, 60, 1515, 71.75, 100, 1106
2026/10/08 08:39:20.432, 60, 1500, 71.50, 100, 1106
2026/10/08 08:39:21.437, 60, 1515, 72.42, 100, 1106
2026/10/08 08:39:22.438, 60, 1515, 72.02, 100, 1106
2026/10/08 08:39:23.438, 60, 1530, 72.46, 100, 1106
2026/10/08 08:39:24.444, 60, 1530, 71.80, 100, 1106
2026/10/08 08:39:25.445, 60, 1530, 72.18, 100, 1106
2026/10/08 08:39:26.446, 60, 1530, 72.02, 100, 1106
2026/10/08 08:39:27.446, 60, 1515, 72.16, 100, 1106
2026/10/08 08:39:28.449, 60, 1485, 72.07, 100, 1106
2026/10/08 08:39:29.449, 60, 1485, 71.86, 100, 1106
2026/10/08 08:39:30.456, 60, 1515, 72.06, 100, 1106
2026/10/08 08:39:31.461, 60, 1470, 72.19, 100, 1106
2026/10/08 08:39:32.464, 60, 1500, 72.20, 100, 1106
2026/10/08 08:39:33.468, 60, 1485, 71.96, 100, 1106
2026/10/08 08:39:34.469, 60, 1545, 72.02, 100, 1106
2026/10/08 08:39:35.470, 60, 1500, 71.98, 100, 1106
2026/10/08 08:39:36.473, 60, 1470, 72.11, 100, 1106
2026/10/08 08:39:37.478, 60, 1560, 71.65, 100, 1106
2026/10/08 08:39:38.480, 60, 1530, 72.09, 100, 1106
2026/10/08 08:39:39.500, 60, 1545, 71.60, 100, 1106
2026/10/08 08:39:40.503, 60, 1515, 71.83, 100, 1106
2026/10/08 08:39:41.510, 60, 1515, 72.07, 100, 1106
2026/10/08 08:39:42.516, 60, 1470, 72.06, 100, 1106
2026/10/08 08:39:43.518, 60, 1500, 72.03, 100, 1106
2026/10/08 08:39:44.518, 60, 1530, 71.86, 100, 1106
2026/10/08 08:39:45.526, 60, 1500, 71.98, 100, 1106
2026/10/08 08:39:46.526, 60, 1515, 72.01, 100, 1106
2026/10/08 08:39:47.528, 60, 1500, 72.29, 100, 1106
2026/10/08 08:39:48.533, 60, 1485, 72.12, 100, 1106
2026/10/08 08:39:49.534, 60, 1485, 71.78, 100, 1106
2026/10/08 08:39:50.534, 60, 1500, 71.58, 100, 1106
2026/10/08 08:39:51.536, 60, 1500, 72.03, 100, 1106
2026/10/08 08:39:52.536, 60, 1485, 72.59, 100, 1106
2026/10/08 08:39:53.553, 60, 1530, 71.66, 100, 1106
2026/10/08 08:39:54.553, 60, 1500, 71.92, 100, 1106
2026/10/08 08:39:55.554, 60, 1530, 72.25, 100, 1106
2026/10/08 08:39:56.562, 60, 1530, 72.04, 100, 1106
2026/10/08 08:39:57.563, 60, 1515, 71.64, 100, 1106
2026/10/08 08:39:58.563, 60, 1515, 71.11, 100, 1106
2026/10/08 08:39:59.572, 60, 1515, 71.88, 100, 1106
2026/10/08 08:40:00.579, 60, 1530, 71.86, 100, 1106
2026/10/08 08:40:01.589, 60, 1500, 72.17, 100, 1106
2026/10/08 08:40:02.597, 60, 1530, 71.86, 100, 1106
2026/10/08 08:40:03.599, 60, 1500, 71.97, 100, 1106
2026/10/08 08:40:04.601, 60, 1500, 71.98, 100, 1106
2026/10/08 08:40:05.604, 60, 1515, 72.27, 100, 1106
2026/10/08 08:40:06.608, 60, 1485, 72.37, 100, 1106
2026/10/08 08:40:07.608, 60, 1530, 71.91, 100, 1106
2026/10/08 08:40:08.617, 60, 1530, 72.06, 100, 1106
2026/10/08 08:40:09.620, 60, 1515, 71.78, 100, 1106
2026/10/08 08:40:10.626, 60, 1515, 71.87, 100, 1106
2026/10/08 08:40:11.628, 60, 1515, 71.99, 100, 1106
2026/10/08 08:40:12.638, 60, 1530, 72.11, 100, 1106
2026/10/08 08:40:13.638, 60, 1470, 72.21, 100, 1106
2026/10/08 08:40:14.640, 60, 1500, 72.07, 100, 1106
2026/10/08 08:40:15.644, 60, 1500, 71.64, 100, 1106
2026/10/08 08:40:16.646, 60, 1515, 71.94, 100, 1106
2026/10/08 08:40:17.655, 60, 1515, 72.00, 100, 1106
2026/10/08 08:40:18.664, 60, 1515, 72.62, 100, 1106
2026/10/08 08:40:19.666, 60, 1470, 72.22, 100, 1106
2026/10/08 08:40:20.669, 60, 1500, 72.14, 100, 1106
2026/10/08 08:40:21.673, 60, 1485, 71.93, 100, 1106
2026/10/08 08:40:22.678, 60, 1470, 72.08, 100, 1106
2026/10/08 08:40:23.683, 60, 1500, 71.88, 100, 1106
2026/10/08 08:40:24.685, 60, 1530, 72.13, 100, 1106
2026/10/08 08:40:25.691, 60, 1500, 71.78, 100, 1106
2026/10/08 08:40:26.694, 60, 1515, 71.97, 100, 1106
2026/10/08 08:40:27.697, 60, 1515, 72.02, 100, 1106
2026/10/08 08:40:28.699, 60, 1545, 72.25, 100, 1106
2026/10/08 08:40:29.703, 60, 1485, 71.72, 100, 1106
2026/10/08 08:40:30.709, 60, 1500, 71.58, 100, 1106
2026/10/08 08:40:31.711, 60, 1530, 72.16, 100, 1106
2026/10/08 08:40:32.711, 60, 1485, 71.90, 100, 1106
2026/10/08 08:40:33.719, 60, 1470, 71.61, 100, 1106
2026/10/08 08:40:34.720, 60, 1485, 72.32, 100, 1106
2026/10/08 08:40:35.727, 60, 1485, 72.09, 100, 1106
2026/10/08 08:40:36.727, 60, 1500, 72.04, 100, 1106
2026/10/08 08:40:37.737, 60, 1545, 72.22, 100, 1106
2026/10/08 08:40:38.737, 60, 1485, 72.22, 100, 1106
2026/10/08 08:40:39.742, 60, 1530, 71.71, 100, 1106
2026/10/08 08:40:40.750, 60, 1515, 72.15, 100, 1106
2026/10/08 08:40:41.751, 60, 1530, 71.61, 100, 1106
2026/10/08 08:40:42.756, 60, 1530, 72.64, 100, 1106
2026/10/08 08:40:43.763, 60, 1500, 72.09, 100, 1106
2026/10/08 08:40:44.768, 60, 1485, 72.02, 100, 1106
2026/10/08 08:40:45.773, 60, 1545, 71.54, 100, 1106
2026/10/08 08:40:46.777, 60, 1530, 71.86, 100, 1106
2026/10/08 08:40:47.781, 60, 1530, 72.45, 100, 1106
2026/10/08 08:40:48.786, 60, 1500, 72.03, 100, 1106
2026/10/08 08:40:49.792, 60, 1500, 71.63, 100, 1106
2026/10/08 08:40:50.796, 60, 1530, 71.67, 100, 1106
2026/10/08 08:40:51.803, 60, 1530, 71.91, 100, 1106
2026/10/08 08:40:52.806, 60, 1500, 72.37, 100, 1106
2026/10/08 08:40:53.806, 60, 1515, 72.59, 100, 1106
2026/10/08 08:40:54.812, 60, 1515, 71.72, 100, 1106
2026/10/08 08:40:55.812, 60, 1530, 71.94, 100, 1106
2026/10/08 08:40:56.817, 60, 1530, 71.94, 100, 1106
2026/10/08 08:40:57.821, 60, 1530, 72.22, 100, 1106
2026/10/08 08:40:58.828, 60, 1515, 72.03, 100, 1106
2026/10/08 08:40:59.831, 60, 1500, 72.43, 100, 1106
2026/10/08 08:41:00.832, 60, 1515, 71.67, 100, 1106
2026/10/08 08:41:01.897, 60, 1530, 72.09, 100, 1106
2026/10/08 08:41:02.905, 60, 1500, 72.25, 100, 1106
2026/10/08 08:41:03.910, 60, 1515, 72.33, 100, 1106
2026/10/08 08:41:04.913, 60, 1470, 71.67, 100, 1106
2026/10/08 08:41:05.919, 60, 1455, 72.58, 100, 1106
2026/10/08 08:41:06.922, 60, 1515, 71.71, 100, 1106
2026/10/08 08:41:07.932, 60, 1515, 71.56, 100, 1106
2026/10/08 08:41:08.939, 60, 1485, 72.14, 100, 1106
2026/10/08 08:41:09.946, 60, 1485, 72.07, 100, 1106
2026/10/08 08:41:10.954, 60, 1515, 71.86, 100, 1106
2026/10/08 08:41:11.958, 60, 1500, 72.21, 100, 1106
2026/10/08 08:41:12.965, 60, 1500, 71.90, 100, 1106
2026/10/08 08:41:13.974, 60, 1485, 71.55, 100, 1106
2026/10/08 08:41:14.980, 60, 1500, 72.26, 100, 1106
2026/10/08 08:41:15.987, 60, 1545, 71.79, 100, 1106
2026/10/08 08:41:16.988, 60, 1485, 71.92, 100, 1106
2026/10/08 08:41:17.988, 60, 1485, 72.38, 100, 1106
2026/10/08 08:41:18.988, 60, 1500, 72.12, 100, 1106
2026/10/08 08:41:19.989, 60, 1530, 72.06, 100, 1106
2026/10/08 08:41:20.989, 60, 1500, 72.14, 100, 1106
2026/10/08 08:41:21.994, 60, 1560, 72.17, 100, 1106
2026/10/08 08:41:22.998, 60, 1605, 70.21, 94, 1106
2026/10/08 08:41:24.004, 60, 1695, 73.36, 92, 1106
2026/10/08 08:41:25.004, 60, 1515, 73.46, 100, 1106
2026/10/08 08:41:26.009, 60, 1500, 71.71, 100, 1106
2026/10/08 08:41:27.009, 60, 1530, 71.76, 100, 1106
2026/10/08 08:41:28.009, 60, 1530, 72.17, 100, 1106
2026/10/08 08:41:29.015, 60, 1545, 72.01, 100, 1106
2026/10/08 08:41:30.019, 60, 1500, 71.62, 100, 1106
2026/10/08 08:41:31.025, 60, 1485, 72.22, 100, 1106
2026/10/08 08:41:32.097, 60, 1515, 71.68, 100, 1106
2026/10/08 08:41:33.101, 60, 1455, 72.47, 100, 1106
2026/10/08 08:41:34.109, 60, 1515, 71.93, 100, 1106
2026/10/08 08:41:35.112, 60, 1500, 72.14, 100, 1106
2026/10/08 08:41:36.120, 60, 1470, 72.29, 100, 1106
2026/10/08 08:41:37.123, 60, 1500, 71.97, 100, 1106
2026/10/08 08:41:38.124, 60, 1500, 72.12, 100, 1106
2026/10/08 08:41:39.129, 60, 1470, 71.98, 100, 1106
2026/10/08 08:41:40.130, 60, 1500, 71.71, 100, 1106
2026/10/08 08:41:41.136, 60, 1500, 71.94, 100, 1106
2026/10/08 08:41:42.136, 60, 1485, 72.05, 100, 1106
2026/10/08 08:41:43.138, 60, 1515, 71.80, 100, 1106
2026/10/08 08:41:44.138, 60, 1485, 71.64, 100, 1106
2026/10/08 08:41:45.143, 60, 1500, 72.24, 100, 1106
2026/10/08 08:41:46.144, 60, 1530, 72.56, 100, 1106
2026/10/08 08:41:47.199, 60, 1515, 71.72, 100, 1106
2026/10/08 08:41:48.201, 60, 1485, 72.03, 100, 1106
2026/10/08 08:41:49.213, 60, 1500, 71.81, 100, 1106
2026/10/08 08:41:50.221, 60, 1500, 72.08, 100, 1106
2026/10/08 08:41:51.222, 60, 1500, 71.97, 100, 1106
2026/10/08 08:41:52.228, 60, 1515, 71.97, 100, 1106
2026/10/08 08:41:53.231, 60, 1530, 72.17, 100, 1106
2026/10/08 08:41:54.234, 60, 1545, 71.65, 100, 1106
2026/10/08 08:41:55.235, 60, 1500, 72.10, 100, 1106
2026/10/08 08:41:56.243, 60, 1545, 72.21, 100, 1106
2026/10/08 08:41:57.243, 60, 1545, 71.86, 100, 1106
2026/10/08 08:41:58.246, 60, 1530, 72.24, 100, 1106
2026/10/08 08:41:59.254, 60, 1530, 71.90, 100, 1106
2026/10/08 08:42:00.262, 60, 1530, 72.01, 100, 1106
2026/10/08 08:42:01.270, 60, 1500, 72.78, 100, 1106
2026/10/08 08:42:02.281, 60, 1515, 72.37, 100, 1106
2026/10/08 08:42:03.285, 60, 1485, 71.68, 100, 1106
2026/10/08 08:42:04.292, 60, 1515, 72.48, 100, 1106
2026/10/08 08:42:05.300, 60, 1530, 71.81, 100, 1106
2026/10/08 08:42:06.303, 60, 1515, 71.41, 100, 1106
2026/10/08 08:42:07.315, 60, 1485, 71.81, 100, 1106
2026/10/08 08:42:08.322, 60, 1500, 71.72, 100, 1106
2026/10/08 08:42:09.329, 60, 1515, 71.67, 100, 1106
2026/10/08 08:42:10.336, 60, 1515, 72.46, 100, 1106
2026/10/08 08:42:11.342, 60, 1500, 72.17, 100, 1106
2026/10/08 08:42:12.345, 60, 1515, 72.34, 100, 1106
2026/10/08 08:42:13.354, 60, 1530, 72.44, 100, 1106
2026/10/08 08:42:14.358, 60, 1500, 72.01, 100, 1106
2026/10/08 08:42:15.364, 60, 1530, 72.40, 100, 1106
2026/10/08 08:42:16.369, 60, 1530, 71.65, 100, 1106
2026/10/08 08:42:17.376, 60, 1515, 71.83, 100, 1106
2026/10/08 08:42:18.376, 60, 1455, 72.63, 100, 1106
2026/10/08 08:42:19.380, 60, 1500, 71.79, 100, 1106
2026/10/08 08:42:20.381, 60, 1485, 71.89, 100, 1106
2026/10/08 08:42:21.384, 60, 1485, 71.94, 100, 1106
2026/10/08 08:42:22.384, 60, 1530, 71.86, 100, 1106
2026/10/08 08:42:23.385, 60, 1485, 71.74, 100, 1106
2026/10/08 08:42:24.385, 60, 1485, 71.86, 100, 1106
2026/10/08 08:42:25.397, 60, 1485, 72.03, 100, 1106
2026/10/08 08:42:26.397, 60, 1515, 72.12, 100, 1106
2026/10/08 08:42:27.406, 60, 1530, 72.00, 100, 1106
2026/10/08 08:42:28.418, 60, 1470, 72.55, 100, 1106
2026/10/08 08:42:29.419, 60, 1515, 72.00, 100, 1106
2026/10/08 08:42:30.421, 60, 1785, 70.99, 90, 1106
2026/10/08 08:42:31.421, 60, 1755, 71.31, 87, 1106
2026/10/08 08:42:32.431, 61, 1785, 73.06, 92, 1106
2026/10/08 08:42:33.437, 60, 1545, 71.34, 100, 1106
2026/10/08 08:42:34.442, 60, 1500, 71.99, 100, 1106
2026/10/08 08:42:35.445, 60, 1515, 71.87, 100, 1106
2026/10/08 08:42:36.455, 60, 1500, 72.12, 100, 1106
2026/10/08 08:42:37.460, 60, 1530, 72.11, 100, 1106
2026/10/08 08:42:38.464, 60, 1500, 71.97, 100, 1106
2026/10/08 08:42:39.470, 60, 1515, 71.86, 100, 1106
2026/10/08 08:42:40.478, 60, 1515, 72.48, 100, 1106
2026/10/08 08:42:41.479, 60, 1515, 71.86, 100, 1106
2026/10/08 08:42:42.480, 60, 1560, 72.46, 100, 1106
2026/10/08 08:42:43.481, 60, 1500, 72.14, 100, 1106
2026/10/08 08:42:44.482, 60, 1500, 71.39, 100, 1106
2026/10/08 08:42:45.483, 60, 1485, 72.24, 100, 1106
2026/10/08 08:42:46.487, 60, 1530, 71.79, 100, 1106
2026/10/08 08:42:47.488, 60, 1530, 71.22, 100, 1106
2026/10/08 08:42:48.489, 60, 1470, 72.08, 100, 1106
2026/10/08 08:42:49.498, 60, 1515, 71.65, 100, 1106
2026/10/08 08:42:50.506, 60, 1500, 71.90, 100, 1106
2026/10/08 08:42:51.506, 60, 1500, 71.62, 100, 1106
2026/10/08 08:42:52.510, 60, 1530, 71.80, 100, 1106
2026/10/08 08:42:53.512, 60, 1500, 71.57, 100, 1106
2026/10/08 08:42:54.516, 60, 1500, 72.20, 100, 1106
2026/10/08 08:42:55.521, 60, 1530, 72.04, 100, 1106
2026/10/08 08:42:56.524, 60, 1515, 71.74, 100, 1106
2026/10/08 08:42:57.531, 60, 1515, 72.26, 100, 1106
2026/10/08 08:42:58.531, 60, 1500, 72.01, 100, 1106
2026/10/08 08:42:59.540, 60, 1470, 71.51, 100, 1106
2026/10/08 08:43:00.543, 60, 1515, 72.22, 100, 1106
2026/10/08 08:43:01.558, 60, 1530, 72.13, 100, 1106
2026/10/08 08:43:02.570, 60, 1500, 72.19, 100, 1106
2026/10/08 08:43:03.593, 60, 1470, 72.11, 100, 1106
2026/10/08 08:43:04.599, 60, 1500, 71.71, 100, 1106
2026/10/08 08:43:05.602, 60, 1500, 72.13, 100, 1106
2026/10/08 08:43:06.605, 60, 1500, 71.78, 100, 1106
2026/10/08 08:43:07.607, 60, 1515, 72.06, 100, 1106
2026/10/08 08:43:08.611, 60, 1515, 72.05, 100, 1106
2026/10/08 08:43:09.619, 60, 1485, 71.84, 100, 1106
2026/10/08 08:43:10.630, 60, 1515, 72.06, 100, 1106
2026/10/08 08:43:11.638, 60, 1500, 72.08, 100, 1106
2026/10/08 08:43:12.640, 60, 1515, 72.26, 100, 1106
2026/10/08 08:43:13.640, 60, 1530, 71.92, 100, 1106
2026/10/08 08:43:14.641, 60, 1545, 72.15, 100, 1106
2026/10/08 08:43:15.648, 60, 1515, 72.19, 100, 1106
2026/10/08 08:43:16.654, 60, 1500, 72.32, 100, 1106
2026/10/08 08:43:17.661, 60, 1515, 72.11, 100, 1106
2026/10/08 08:43:18.663, 60, 1530, 71.84, 100, 1106
2026/10/08 08:43:19.671, 60, 1530, 72.61, 100, 1106
2026/10/08 08:43:20.672, 60, 1515, 71.77, 100, 1106
2026/10/08 08:43:21.679, 60, 1515, 71.75, 100, 1106
2026/10/08 08:43:22.692, 60, 1515, 71.89, 100, 1106
2026/10/08 08:43:23.694, 60, 1530, 71.31, 100, 1106
2026/10/08 08:43:24.701, 60, 1530, 71.05, 100, 1106
2026/10/08 08:43:25.705, 60, 1500, 71.90, 100, 1106
2026/10/08 08:43:26.705, 60, 1515, 72.35, 100, 1106
2026/10/08 08:43:27.712, 60, 1515, 72.14, 100, 1106
2026/10/08 08:43:28.721, 60, 1500, 71.99, 100, 1106
2026/10/08 08:43:29.723, 60, 1500, 71.97, 100, 1106
2026/10/08 08:43:30.724, 60, 1485, 72.05, 100, 1106
2026/10/08 08:43:31.730, 60, 1530, 71.73, 100, 1106
2026/10/08 08:43:32.730, 60, 1470, 71.60, 100, 1106
2026/10/08 08:43:33.731, 60, 1515, 72.06, 100, 1106
2026/10/08 08:43:34.735, 60, 1500, 71.66, 100, 1106
2026/10/08 08:43:35.736, 60, 1530, 71.45, 100, 1106
2026/10/08 08:43:36.736, 60, 1530, 71.75, 100, 1106
2026/10/08 08:43:37.737, 60, 1515, 71.83, 100, 1106
2026/10/08 08:43:38.737, 60, 1485, 72.44, 100, 1106
2026/10/08 08:43:39.738, 60, 1500, 72.09, 100, 1106
2026/10/08 08:43:40.738, 60, 1500, 71.93, 100, 1106
2026/10/08 08:43:41.742, 60, 1500, 71.87, 100, 1106
2026/10/08 08:43:42.743, 60, 1500, 72.06, 100, 1106
2026/10/08 08:43:43.747, 60, 1500, 72.15, 100, 1106
2026/10/08 08:43:44.747, 60, 1500, 71.99, 100, 1106
2026/10/08 08:43:45.752, 60, 1500, 72.07, 100, 1106
2026/10/08 08:43:46.752, 60, 1485, 71.98, 100, 1106
2026/10/08 08:43:47.755, 60, 1485, 71.84, 100, 1106
2026/10/08 08:43:48.756, 60, 1470, 71.71, 100, 1106
2026/10/08 08:43:49.764, 60, 1530, 72.29, 100, 1106
2026/10/08 08:43:50.768, 60, 1530, 72.03, 100, 1106
2026/10/08 08:43:51.778, 60, 1530, 71.95, 100, 1106
2026/10/08 08:43:52.782, 60, 1515, 71.75, 100, 1106
2026/10/08 08:43:53.789, 60, 1530, 71.49, 100, 1106
2026/10/08 08:43:54.796, 60, 1515, 71.77, 100, 1106
2026/10/08 08:43:55.798, 60, 1515, 72.39, 100, 1106
2026/10/08 08:43:56.803, 60, 1515, 72.05, 100, 1106
2026/10/08 08:43:57.810, 60, 1500, 71.88, 100, 1106
2026/10/08 08:43:58.827, 60, 1530, 72.15, 100, 1106
2026/10/08 08:43:59.827, 60, 1515, 71.86, 100, 1106
2026/10/08 08:44:00.836, 60, 1500, 72.24, 100, 1106
2026/10/08 08:44:01.897, 60, 1500, 71.98, 100, 1106
2026/10/08 08:44:02.906, 60, 1530, 72.10, 100, 1106
2026/10/08 08:44:03.911, 60, 1530, 71.66, 100, 1106
2026/10/08 08:44:04.919, 60, 1515, 72.13, 100, 1106
2026/10/08 08:44:05.920, 60, 1515, 71.81, 100, 1106
2026/10/08 08:44:06.928, 60, 1500, 71.86, 100, 1106
2026/10/08 08:44:07.935, 60, 1485, 71.52, 100, 1106
2026/10/08 08:44:08.943, 60, 1515, 71.85, 100, 1106
2026/10/08 08:44:09.956, 60, 1545, 71.83, 100, 1106
2026/10/08 08:44:10.961, 60, 1530, 71.90, 100, 1106
2026/10/08 08:44:11.964, 60, 1515, 71.60, 100, 1106
2026/10/08 08:44:12.969, 60, 1515, 72.00, 100, 1106
2026/10/08 08:44:13.969, 60, 1500, 71.58, 100, 1106
2026/10/08 08:44:14.977, 60, 1515, 71.97, 100, 1106
2026/10/08 08:44:15.977, 60, 1485, 71.96, 100, 1106
2026/10/08 08:44:16.992, 60, 1500, 72.21, 100, 1106
2026/10/08 08:44:17.995, 60, 1545, 72.27, 100, 1106
2026/10/08 08:44:18.997, 60, 1530, 71.95, 100, 1106
2026/10/08 08:44:20.004, 60, 1515, 71.85, 100, 1106
2026/10/08 08:44:21.004, 60, 1815, 71.37, 97, 1106
2026/10/08 08:44:22.008, 60, 1770, 72.57, 90, 1106
2026/10/08 08:44:23.009, 60, 1530, 72.75, 100, 1106
2026/10/08 08:44:24.013, 60, 1560, 72.16, 100, 1106
2026/10/08 08:44:25.014, 60, 1575, 72.11, 100, 1106
2026/10/08 08:44:26.020, 60, 1545, 72.41, 100, 1106
2026/10/08 08:44:27.020, 60, 1530, 71.85, 100, 1106
2026/10/08 08:44:28.027, 60, 1515, 71.87, 100, 1106
2026/10/08 08:44:29.032, 60, 1500, 71.95, 100, 1106
2026/10/08 08:44:30.043, 60, 1515, 71.90, 100, 1106
2026/10/08 08:44:31.047, 60, 1515, 72.40, 100, 1106
2026/10/08 08:44:32.102, 60, 1515, 72.06, 100, 1106
2026/10/08 08:44:33.107, 60, 1530, 72.02, 100, 1106
2026/10/08 08:44:34.113, 60, 1530, 72.04, 100, 1106
2026/10/08 08:44:35.122, 60, 1500, 72.06, 100, 1106
2026/10/08 08:44:36.130, 60, 1515, 72.38, 100, 1106
2026/10/08 08:44:37.135, 60, 1500, 71.75, 100, 1106
2026/10/08 08:44:38.138, 60, 1515, 71.70, 100, 1106
2026/10/08 08:44:39.147, 60, 1515, 72.00, 100, 1106
2026/10/08 08:44:40.153, 60, 1515, 72.16, 100, 1106
2026/10/08 08:44:41.161, 60, 1500, 72.33, 100, 1106
2026/10/08 08:44:42.168, 60, 1515, 71.66, 100, 1106
2026/10/08 08:44:43.170, 60, 1530, 72.59, 100, 1106
2026/10/08 08:44:44.175, 60, 1530, 72.24, 100, 1106
2026/10/08 08:44:45.179, 60, 1515, 71.69, 100, 1106
2026/10/08 08:44:46.188, 60, 1500, 71.72, 100, 1106
2026/10/08 08:44:47.193, 60, 1530, 72.32, 100, 1106
2026/10/08 08:44:48.193, 60, 1515, 72.29, 100, 1106
2026/10/08 08:44:49.196, 60, 1530, 72.10, 100, 1106
2026/10/08 08:44:50.197, 60, 1530, 71.58, 100, 1106
2026/10/08 08:44:51.198, 60, 1530, 72.16, 100, 1106
2026/10/08 08:44:52.198, 60, 1500, 72.61, 100, 1106
2026/10/08 08:44:53.201, 60, 1470, 71.91, 100, 1106
2026/10/08 08:44:54.202, 60, 1515, 72.03, 100, 1106
2026/10/08 08:44:55.208, 60, 1530, 72.26, 100, 1106
2026/10/08 08:44:56.209, 60, 1530, 71.51, 100, 1106
2026/10/08 08:44:57.217, 60, 1515, 72.24, 100, 1106
2026/10/08 08:44:58.225, 60, 1500, 72.08, 100, 1106
2026/10/08 08:44:59.229, 60, 1455, 72.43, 100, 1106
2026/10/08 08:45:00.231, 60, 1515, 72.26, 100, 1106
2026/10/08 08:45:01.232, 60, 1500, 71.97, 100, 1106
2026/10/08 08:45:02.237, 60, 1470, 71.88, 100, 1106
2026/10/08 08:45:03.239, 60, 1530, 71.92, 100, 1106
2026/10/08 08:45:04.240, 60, 1530, 71.82, 100, 1106
2026/10/08 08:45:05.248, 60, 1500, 71.75, 100, 1106
2026/10/08 08:45:06.256, 60, 1485, 72.09, 100, 1106
2026/10/08 08:45:07.266, 60, 1530, 71.11, 100, 1106
2026/10/08 08:45:08.274, 60, 1515, 71.68, 100, 1106
2026/10/08 08:45:09.281, 60, 1515, 72.14, 100, 1106
2026/10/08 08:45:10.289, 60, 1500, 72.41, 100, 1106
2026/10/08 08:45:11.302, 60, 1485, 71.48, 100, 1106
2026/10/08 08:45:12.311, 60, 1470, 72.11, 100, 1106
2026/10/08 08:45:13.318, 60, 1500, 72.24, 100, 1106
2026/10/08 08:45:14.324, 60, 1485, 72.05, 100, 1106
2026/10/08 08:45:15.325, 60, 1500, 71.61, 100, 1106
2026/10/08 08:45:16.331, 60, 1515, 71.66, 100, 1106
2026/10/08 08:45:17.334, 60, 1500, 71.97, 100, 1106
2026/10/08 08:45:18.334, 60, 1500, 72.16, 100, 1106
2026/10/08 08:45:19.342, 60, 1530, 72.11, 100, 1106
2026/10/08 08:45:20.344, 60, 1545, 72.28, 100, 1106
2026/10/08 08:45:21.345, 60, 1530, 72.13, 100, 1106
2026/10/08 08:45:22.355, 60, 1500, 72.39, 100, 1106
2026/10/08 08:45:23.361, 60, 1515, 71.78, 100, 1106
2026/10/08 08:45:24.367, 60, 1515, 72.03, 100, 1106
2026/10/08 08:45:25.371, 60, 1515, 72.08, 100, 1106
2026/10/08 08:45:26.383, 60, 1485, 72.16, 100, 1106
2026/10/08 08:45:27.400, 60, 1515, 72.14, 100, 1106
2026/10/08 08:45:28.403, 60, 1485, 71.71, 100, 1106
2026/10/08 08:45:29.406, 60, 1470, 71.99, 100, 1106
2026/10/08 08:45:30.413, 60, 1515, 71.75, 100, 1106
2026/10/08 08:45:31.421, 60, 1515, 72.03, 100, 1106
2026/10/08 08:45:32.427, 60, 1500, 72.06, 100, 1121
2026/10/08 08:45:33.433, 60, 1485, 72.03, 100, 1121
2026/10/08 08:45:34.436, 60, 1485, 72.26, 100, 1126
2026/10/08 08:45:35.437, 60, 1500, 71.74, 100, 1298
2026/10/08 08:45:36.443, 60, 1530, 71.76, 100, 1298
2026/10/08 08:45:37.450, 60, 1530, 72.04, 100, 1298
2026/10/08 08:45:38.451, 60, 1500, 72.33, 100, 1298
2026/10/08 08:45:39.454, 60, 1485, 72.71, 100, 1298
2026/10/08 08:45:40.461, 60, 1500, 72.49, 100, 1298
2026/10/08 08:45:41.463, 60, 1530, 72.47, 100, 1298
2026/10/08 08:45:42.464, 60, 1470, 72.30, 100, 1298
2026/10/08 08:45:43.468, 60, 1545, 72.58, 100, 1298
2026/10/08 08:45:44.471, 60, 1500, 72.73, 100, 1298
2026/10/08 08:45:45.480, 60, 1530, 72.47, 100, 1298
2026/10/08 08:45:46.489, 60, 1500, 72.19, 100, 1298
2026/10/08 08:45:47.494, 60, 1470, 72.46, 100, 1298
2026/10/08 08:45:48.495, 60, 1515, 71.64, 100, 1298
2026/10/08 08:45:49.496, 60, 1545, 72.74, 100, 1298
2026/10/08 08:45:50.503, 60, 1545, 72.24, 100, 1298
2026/10/08 08:45:51.506, 60, 1500, 72.25, 100, 1298
2026/10/08 08:45:52.515, 60, 1500, 72.17, 100, 1298
2026/10/08 08:45:53.518, 60, 1500, 71.26, 100, 1298
2026/10/08 08:45:54.525, 60, 1470, 72.01, 100, 1298
2026/10/08 08:45:55.536, 60, 1515, 71.62, 100, 1298
2026/10/08 08:45:56.536, 60, 1530, 71.38, 100, 1298
2026/10/08 08:45:57.544, 60, 1500, 71.85, 100, 1298
2026/10/08 08:45:58.544, 60, 1530, 71.58, 100, 1298
2026/10/08 08:45:59.549, 60, 1500, 71.89, 100, 1298
2026/10/08 08:46:00.553, 60, 1530, 72.01, 100, 1298
2026/10/08 08:46:01.555, 60, 1515, 72.11, 100, 1298
2026/10/08 08:46:02.565, 60, 1500, 72.08, 100, 1298
2026/10/08 08:46:03.568, 60, 1470, 71.97, 100, 1298
2026/10/08 08:46:04.569, 60, 1515, 72.12, 100, 1298
2026/10/08 08:46:05.575, 60, 1500, 72.32, 100, 1298
2026/10/08 08:46:06.579, 60, 1530, 72.38, 100, 1298
2026/10/08 08:46:07.597, 60, 1500, 72.31, 100, 1298
2026/10/08 08:46:08.600, 60, 1530, 71.89, 100, 1106
2026/10/08 08:46:09.766, 60, 1530, 71.82, 100, 1106
2026/10/08 08:46:10.774, 60, 1485, 72.31, 100, 1106
2026/10/08 08:46:11.783, 60, 1485, 71.95, 100, 1106
2026/10/08 08:46:12.785, 60, 1485, 72.08, 100, 1106
2026/10/08 08:46:13.788, 60, 1515, 72.15, 100, 1106
2026/10/08 08:46:14.796, 60, 1500, 72.02, 100, 1106
2026/10/08 08:46:15.803, 60, 1530, 71.87, 100, 1106
2026/10/08 08:46:16.805, 60, 1485, 71.79, 100, 1106
2026/10/08 08:46:17.811, 60, 1530, 71.58, 100, 1106
2026/10/08 08:46:18.820, 60, 1515, 71.93, 100, 1106
2026/10/08 08:46:19.826, 60, 1500, 71.75, 100, 1106
2026/10/08 08:46:20.829, 60, 1500, 71.99, 100, 1106
2026/10/08 08:46:21.831, 60, 1500, 72.03, 100, 1106
2026/10/08 08:46:22.837, 60, 1515, 72.37, 100, 1106
2026/10/08 08:46:23.838, 60, 1500, 72.31, 100, 1106
2026/10/08 08:46:24.843, 60, 1515, 72.54, 100, 1106
2026/10/08 08:46:25.844, 60, 1530, 72.43, 100, 1106
2026/10/08 08:46:26.853, 60, 1530, 71.85, 100, 1106
2026/10/08 08:46:27.853, 60, 1515, 71.63, 100, 1106
2026/10/08 08:46:28.860, 60, 1515, 71.91, 100, 1106
2026/10/08 08:46:29.861, 60, 1530, 71.97, 100, 1106
2026/10/08 08:46:30.866, 60, 1515, 72.24, 100, 1106
2026/10/08 08:46:31.892, 60, 1530, 71.96, 100, 1106
2026/10/08 08:46:32.897, 60, 1530, 71.87, 100, 1106
2026/10/08 08:46:33.901, 60, 1500, 72.36, 100, 1106
2026/10/08 08:46:34.911, 60, 1515, 71.81, 100, 1106
2026/10/08 08:46:35.914, 60, 1500, 72.05, 100, 1106
2026/10/08 08:46:36.921, 60, 1515, 71.91, 100, 1106
2026/10/08 08:46:37.925, 60, 1485, 71.54, 100, 1106
2026/10/08 08:46:38.935, 60, 1515, 71.84, 100, 1106
2026/10/08 08:46:39.938, 60, 1455, 72.15, 100, 1106
2026/10/08 08:46:40.944, 60, 1515, 72.09, 100, 1106
2026/10/08 08:46:41.946, 60, 1530, 72.04, 100, 1106
2026/10/08 08:46:42.949, 60, 1500, 71.98, 100, 1106
2026/10/08 08:46:43.952, 60, 1530, 72.08, 100, 1106
2026/10/08 08:46:44.952, 60, 1515, 71.81, 100, 1106
2026/10/08 08:46:45.959, 60, 1500, 71.57, 100, 1106
2026/10/08 08:46:47.002, 60, 1485, 72.30, 100, 1106
2026/10/08 08:46:48.008, 60, 1470, 72.37, 100, 1106
2026/10/08 08:46:49.016, 60, 1470, 72.46, 100, 1106
2026/10/08 08:46:50.020, 60, 1530, 72.14, 100, 1106
2026/10/08 08:46:51.023, 60, 1500, 72.23, 100, 1106
2026/10/08 08:46:52.028, 60, 1515, 72.11, 100, 1106
2026/10/08 08:46:53.029, 60, 1500, 72.31, 100, 1106
2026/10/08 08:46:54.034, 60, 1500, 72.01, 100, 1106
2026/10/08 08:46:55.040, 60, 1515, 71.55, 100, 1106
2026/10/08 08:46:56.050, 60, 1545, 71.71, 100, 1106
2026/10/08 08:46:57.066, 60, 1500, 72.64, 100, 1106
2026/10/08 08:46:58.069, 60, 1500, 71.71, 100, 1106
2026/10/08 08:46:59.073, 60, 1500, 72.21, 100, 1106
2026/10/08 08:47:00.075, 60, 1515, 71.98, 100, 1106
2026/10/08 08:47:01.086, 60, 1515, 71.89, 100, 1106
2026/10/08 08:47:02.104, 60, 1515, 71.87, 100, 1106
2026/10/08 08:47:03.107, 60, 1530, 72.35, 100, 1106
2026/10/08 08:47:04.107, 60, 1545, 72.17, 100, 1106
2026/10/08 08:47:05.113, 60, 1515, 71.77, 100, 1106
2026/10/08 08:47:06.119, 60, 1500, 71.68, 100, 1106
2026/10/08 08:47:07.125, 60, 1515, 71.55, 100, 1106
2026/10/08 08:47:08.128, 60, 1545, 72.63, 100, 1106
2026/10/08 08:47:09.138, 60, 1515, 72.01, 100, 1106
2026/10/08 08:47:10.142, 60, 1500, 72.24, 100, 1106
2026/10/08 08:47:11.151, 60, 1515, 72.13, 100, 1106
2026/10/08 08:47:12.153, 60, 1530, 72.09, 100, 1106
2026/10/08 08:47:13.164, 60, 1470, 71.75, 100, 1106
2026/10/08 08:47:14.164, 60, 1500, 71.83, 100, 1106
2026/10/08 08:47:15.174, 60, 1500, 72.27, 100, 1106
2026/10/08 08:47:16.174, 60, 1470, 72.05, 100, 1106
2026/10/08 08:47:17.176, 60, 1515, 72.16, 100, 1106
2026/10/08 08:47:18.179, 60, 1515, 72.19, 100, 1106
2026/10/08 08:47:19.183, 60, 1530, 72.24, 100, 1106
2026/10/08 08:47:20.191, 60, 1485, 72.07, 100, 1106
2026/10/08 08:47:21.199, 60, 1530, 72.38, 100, 1106
2026/10/08 08:47:22.213, 60, 1500, 72.33, 100, 1106
2026/10/08 08:47:23.220, 60, 1485, 71.75, 100, 1106
2026/10/08 08:47:24.225, 60, 1500, 71.95, 100, 1106
2026/10/08 08:47:25.234, 60, 1470, 71.74, 100, 1106
2026/10/08 08:47:26.242, 60, 1485, 71.97, 100, 1106
2026/10/08 08:47:27.248, 60, 1500, 71.89, 100, 1106
2026/10/08 08:47:28.255, 60, 1560, 71.72, 100, 1106
2026/10/08 08:47:29.256, 60, 1515, 72.03, 100, 1106
2026/10/08 08:47:30.262, 60, 1515, 72.09, 100, 1106
2026/10/08 08:47:31.266, 60, 1485, 72.05, 100, 1106
2026/10/08 08:47:32.271, 60, 1530, 72.69, 100, 1106
2026/10/08 08:47:33.276, 60, 1515, 72.15, 100, 1106
2026/10/08 08:47:34.285, 60, 1470, 72.24, 100, 1106
2026/10/08 08:47:35.289, 60, 1470, 72.12, 100, 1106
2026/10/08 08:47:36.297, 60, 1515, 71.72, 100, 1106
2026/10/08 08:47:37.300, 60, 1470, 72.17, 100, 1106
2026/10/08 08:47:38.303, 60, 1500, 71.75, 100, 1106
2026/10/08 08:47:39.306, 60, 1470, 72.19, 100, 1106
2026/10/08 08:47:40.306, 60, 1515, 71.99, 100, 1106
2026/10/08 08:47:41.310, 60, 1500, 72.17, 100, 1106
2026/10/08 08:47:42.313, 60, 1530, 71.49, 100, 1106
2026/10/08 08:47:43.313, 60, 1530, 71.81, 100, 1106
2026/10/08 08:47:44.316, 60, 1485, 71.69, 100, 1106
2026/10/08 08:47:45.320, 60, 1515, 71.65, 100, 1106
2026/10/08 08:47:46.322, 60, 1515, 72.24, 100, 1106
2026/10/08 08:47:47.322, 60, 1545, 71.96, 100, 1106
2026/10/08 08:47:48.322, 60, 1500, 71.93, 100, 1106
2026/10/08 08:47:49.332, 60, 1515, 71.84, 100, 1106
2026/10/08 08:47:50.332, 60, 1485, 71.78, 100, 1106
2026/10/08 08:47:51.343, 60, 1500, 71.78, 100, 1106
2026/10/08 08:47:52.347, 60, 1500, 71.87, 100, 1106
2026/10/08 08:47:53.354, 60, 1485, 71.96, 100, 1106
2026/10/08 08:47:54.355, 60, 1485, 72.21, 100, 1106
2026/10/08 08:47:55.360, 60, 1500, 72.20, 100, 1106
2026/10/08 08:47:56.369, 60, 1515, 72.11, 100, 1106
2026/10/08 08:47:57.375, 60, 1515, 72.15, 100, 1106
2026/10/08 08:47:58.376, 60, 1500, 71.92, 100, 1106
2026/10/08 08:47:59.379, 60, 1500, 71.75, 100, 1106
2026/10/08 08:48:00.379, 60, 1530, 71.87, 100, 1106
2026/10/08 08:48:01.380, 60, 1530, 72.28, 100, 1106
2026/10/08 08:48:02.398, 60, 1515, 71.94, 100, 1106
2026/10/08 08:48:03.403, 60, 1515, 72.16, 100, 1106
2026/10/08 08:48:04.412, 60, 1485, 72.31, 100, 1106
2026/10/08 08:48:05.417, 60, 1515, 72.30, 100, 1106
2026/10/08 08:48:06.420, 60, 1485, 72.12, 100, 1106
2026/10/08 08:48:07.422, 60, 1500, 72.06, 100, 1106
2026/10/08 08:48:08.424, 60, 1470, 71.49, 100, 1106
2026/10/08 08:48:09.428, 60, 1500, 72.20, 100, 1106
2026/10/08 08:48:10.432, 60, 1500, 72.07, 100, 1106
2026/10/08 08:48:11.436, 60, 1530, 72.12, 100, 1106
2026/10/08 08:48:12.445, 60, 1515, 72.37, 100, 1106
2026/10/08 08:48:13.455, 60, 1515, 72.13, 100, 1106
2026/10/08 08:48:14.458, 60, 1515, 71.69, 100, 1106
2026/10/08 08:48:15.458, 60, 1530, 72.73, 100, 1106
2026/10/08 08:48:16.461, 60, 1530, 71.84, 100, 1106
2026/10/08 08:48:17.464, 60, 1545, 71.70, 100, 1106
2026/10/08 08:48:18.464, 60, 1515, 72.53, 100, 1106
2026/10/08 08:48:19.472, 60, 1530, 72.38, 100, 1106
2026/10/08 08:48:20.476, 60, 1545, 72.57, 100, 1106
2026/10/08 08:48:21.485, 60, 1515, 71.28, 100, 1106
2026/10/08 08:48:22.489, 60, 1530, 71.91, 100, 1106
2026/10/08 08:48:23.494, 60, 1485, 71.96, 100, 1106
2026/10/08 08:48:24.498, 60, 1530, 72.07, 100, 1106
2026/10/08 08:48:25.505, 60, 1500, 71.16, 100, 1106
2026/10/08 08:48:26.510, 60, 1545, 71.73, 100, 1106
2026/10/08 08:48:27.516, 60, 1530, 71.87, 100, 1106
2026/10/08 08:48:28.520, 60, 1530, 71.62, 100, 1106
2026/10/08 08:48:29.529, 60, 1515, 72.41, 100, 1106
2026/10/08 08:48:30.538, 60, 1530, 71.89, 100, 1106
2026/10/08 08:48:31.539, 60, 1530, 72.16, 100, 1106
2026/10/08 08:48:32.547, 60, 1515, 71.68, 100, 1106
2026/10/08 08:48:33.548, 60, 1500, 71.81, 100, 1106
2026/10/08 08:48:34.554, 60, 1500, 71.93, 100, 1106
2026/10/08 08:48:35.558, 60, 1530, 71.68, 100, 1106
2026/10/08 08:48:36.562, 60, 1500, 71.57, 100, 1106
2026/10/08 08:48:37.562, 60, 1545, 71.70, 100, 1106
2026/10/08 08:48:38.566, 60, 1530, 71.62, 100, 1106
2026/10/08 08:48:39.569, 60, 1785, 71.99, 96, 1106
2026/10/08 08:48:40.578, 60, 1740, 71.71, 90, 1106
2026/10/08 08:48:41.582, 60, 1530, 71.60, 100, 1106
2026/10/08 08:48:42.593, 60, 1500, 72.38, 100, 1106
2026/10/08 08:48:43.593, 60, 1515, 71.54, 100, 1106
2026/10/08 08:48:44.597, 60, 1515, 71.98, 100, 1106
2026/10/08 08:48:45.603, 60, 1515, 71.64, 100, 1106
2026/10/08 08:48:46.611, 60, 1530, 71.63, 100, 1106
2026/10/08 08:48:47.617, 60, 1530, 72.53, 100, 1106
2026/10/08 08:48:48.625, 60, 1530, 72.49, 100, 1106
2026/10/08 08:48:49.633, 60, 1515, 72.14, 100, 1106
2026/10/08 08:48:50.640, 60, 1530, 71.81, 100, 1106
2026/10/08 08:48:51.653, 60, 1500, 72.15, 100, 1106
2026/10/08 08:48:52.655, 60, 1515, 71.89, 100, 1106
2026/10/08 08:48:53.662, 60, 1530, 72.10, 100, 1106
2026/10/08 08:48:54.675, 60, 1455, 72.13, 100, 1106
2026/10/08 08:48:55.687, 60, 1500, 72.24, 100, 1106
2026/10/08 08:48:56.687, 60, 1515, 72.40, 100, 1106
2026/10/08 08:48:57.692, 60, 1470, 72.03, 100, 1106
2026/10/08 08:48:58.692, 60, 1530, 72.20, 100, 1106
2026/10/08 08:48:59.697, 60, 1545, 71.86, 100, 1106
2026/10/08 08:49:00.698, 60, 1500, 72.06, 100, 1106
2026/10/08 08:49:01.710, 60, 1515, 71.90, 100, 1106
2026/10/08 08:49:02.717, 60, 1530, 71.64, 100, 1106
2026/10/08 08:49:03.726, 60, 1500, 71.57, 100, 1106
2026/10/08 08:49:04.726, 60, 1530, 71.79, 100, 1106
2026/10/08 08:49:05.733, 60, 1515, 72.11, 100, 1106
2026/10/08 08:49:06.735, 60, 1530, 72.40, 100, 1106
2026/10/08 08:49:07.739, 60, 1530, 71.41, 100, 1106
2026/10/08 08:49:08.742, 60, 1515, 72.00, 100, 1106
2026/10/08 08:49:09.745, 60, 1530, 72.01, 100, 1106
2026/10/08 08:49:10.750, 60, 1530, 72.03, 100, 1106
2026/10/08 08:49:11.759, 60, 1500, 72.31, 100, 1106
2026/10/08 08:49:12.766, 60, 1530, 72.17, 100, 1106
2026/10/08 08:49:13.766, 60, 1500, 72.18, 100, 1106
2026/10/08 08:49:14.772, 60, 1530, 72.41, 100, 1106
2026/10/08 08:49:15.781, 60, 1530, 72.19, 100, 1106
2026/10/08 08:49:16.799, 60, 1500, 71.83, 100, 1106
2026/10/08 08:49:17.803, 60, 1530, 71.54, 100, 1106
2026/10/08 08:49:18.806, 60, 1515, 72.40, 100, 1106
2026/10/08 08:49:19.816, 60, 1500, 72.37, 100, 1106
2026/10/08 08:49:20.816, 60, 1500, 72.12, 100, 1106
2026/10/08 08:49:21.818, 60, 1485, 71.88, 100, 1106
2026/10/08 08:49:22.820, 60, 1530, 71.32, 100, 1106
2026/10/08 08:49:23.821, 60, 1515, 71.33, 100, 1106
2026/10/08 08:49:24.821, 60, 1530, 71.95, 100, 1106
2026/10/08 08:49:25.825, 60, 1470, 71.52, 100, 1106
2026/10/08 08:49:26.835, 60, 1545, 71.89, 100, 1106
2026/10/08 08:49:27.838, 60, 1530, 72.16, 100, 1106
2026/10/08 08:49:28.841, 60, 1515, 71.77, 100, 1106
2026/10/08 08:49:29.842, 60, 1515, 72.01, 100, 1106
2026/10/08 08:49:30.850, 60, 1515, 72.27, 100, 1106
2026/10/08 08:49:31.903, 60, 1515, 72.45, 100, 1106
2026/10/08 08:49:32.909, 60, 1530, 73.06, 100, 1106
2026/10/08 08:49:33.917, 60, 1545, 72.23, 100, 1106
2026/10/08 08:49:34.917, 60, 1545, 72.19, 100, 1106
2026/10/08 08:49:35.925, 60, 1485, 71.64, 100, 1106
2026/10/08 08:49:36.926, 60, 1485, 71.90, 100, 1106
2026/10/08 08:49:37.927, 60, 1455, 72.34, 100, 1106
2026/10/08 08:49:38.928, 60, 1500, 71.55, 100, 1106
2026/10/08 08:49:39.935, 60, 1500, 71.55, 100, 1106
2026/10/08 08:49:40.940, 60, 1500, 71.65, 100, 1106
2026/10/08 08:49:41.941, 60, 1530, 72.16, 100, 1106
2026/10/08 08:49:42.945, 60, 1515, 72.31, 100, 1106
2026/10/08 08:49:43.949, 60, 1530, 71.68, 100, 1106
2026/10/08 08:49:44.958, 60, 1470, 71.59, 100, 1106
2026/10/08 08:49:45.962, 60, 1545, 72.11, 100, 1106
2026/10/08 08:49:47.002, 60, 1545, 72.19, 100, 1106
2026/10/08 08:49:48.002, 60, 1515, 72.34, 100, 1106
2026/10/08 08:49:49.009, 60, 1500, 72.02, 100, 1106
2026/10/08 08:49:50.009, 60, 1500, 71.93, 100, 1106
2026/10/08 08:49:51.014, 60, 1485, 72.59, 100, 1106
2026/10/08 08:49:52.018, 60, 1515, 71.87, 100, 1106
2026/10/08 08:49:53.019, 60, 1530, 71.77, 100, 1106
2026/10/08 08:49:54.028, 59, 1530, 72.51, 100, 1106
2026/10/08 08:49:55.035, 60, 1515, 71.89, 100, 1106
2026/10/08 08:49:56.042, 60, 1500, 71.69, 100, 1106
2026/10/08 08:49:57.045, 60, 1530, 72.01, 100, 1106
2026/10/08 08:49:58.052, 60, 1515, 71.82, 100, 1106
2026/10/08 08:49:59.060, 60, 1530, 71.80, 100, 1106
2026/10/08 08:50:00.066, 60, 1515, 71.83, 100, 1106
2026/10/08 08:50:01.075, 60, 1500, 71.54, 100, 1106
2026/10/08 08:50:02.099, 60, 1530, 72.01, 100, 1106
2026/10/08 08:50:03.103, 60, 1515, 71.77, 100, 1106
2026/10/08 08:50:04.111, 60, 1545, 71.74, 100, 1106
2026/10/08 08:50:05.115, 60, 1530, 71.74, 100, 1106
2026/10/08 08:50:06.125, 60, 1530, 72.05, 100, 1106
2026/10/08 08:50:07.131, 60, 1515, 71.72, 100, 1106
2026/10/08 08:50:08.141, 59, 1500, 72.02, 100, 1106
2026/10/08 08:50:09.144, 60, 1530, 72.01, 100, 1106
2026/10/08 08:50:10.145, 60, 1500, 71.44, 100, 1106
2026/10/08 08:50:11.146, 60, 1530, 72.21, 100, 1106
2026/10/08 08:50:12.150, 60, 1530, 71.83, 100, 1106
2026/10/08 08:50:13.153, 60, 1500, 71.92, 100, 1106
2026/10/08 08:50:14.156, 60, 1515, 71.88, 100, 1106
2026/10/08 08:50:15.157, 60, 1530, 72.34, 99, 1106
2026/10/08 08:50:16.162, 59, 1530, 71.92, 100, 1106
2026/10/08 08:50:17.199, 59, 1530, 72.24, 100, 1106
2026/10/08 08:50:18.201, 60, 1530, 71.84, 100, 1106
2026/10/08 08:50:19.204, 60, 1500, 71.91, 100, 1106
2026/10/08 08:50:20.210, 60, 1515, 72.30, 100, 1106
2026/10/08 08:50:21.217, 60, 1515, 71.46, 100, 1106
2026/10/08 08:50:22.223, 60, 1500, 71.85, 100, 1106
2026/10/08 08:50:23.227, 60, 1530, 71.96, 100, 1106
2026/10/08 08:50:24.231, 60, 1530, 72.06, 100, 1106
2026/10/08 08:50:25.235, 60, 1470, 72.34, 100, 1106
2026/10/08 08:50:26.243, 60, 1485, 71.75, 100, 1106
2026/10/08 08:50:27.246, 60, 1500, 71.86, 100, 1106
2026/10/08 08:50:28.257, 60, 1500, 71.86, 100, 1106
2026/10/08 08:50:29.261, 60, 1500, 71.75, 100, 1106
2026/10/08 08:50:30.269, 60, 1530, 71.48, 100, 1106
2026/10/08 08:50:31.281, 60, 1500, 72.17, 100, 1106
2026/10/08 08:50:32.287, 60, 1530, 71.93, 100, 1106
2026/10/08 08:50:33.288, 60, 1500, 72.37, 100, 1106
2026/10/08 08:50:34.297, 60, 1515, 72.21, 100, 1106
2026/10/08 08:50:35.305, 60, 1515, 71.62, 100, 1106
2026/10/08 08:50:36.305, 60, 1515, 71.44, 100, 1106
2026/10/08 08:50:37.311, 60, 1500, 71.86, 100, 1106
2026/10/08 08:50:38.312, 60, 1515, 71.24, 97, 1106
2026/10/08 08:50:39.313, 59, 1455, 68.58, 100, 1106
2026/10/08 08:50:40.317, 60, 1515, 71.43, 100, 1106
2026/10/08 08:50:41.317, 59, 1500, 72.36, 100, 1106
2026/10/08 08:50:42.328, 60, 1515, 71.92, 100, 1106
2026/10/08 08:50:43.334, 60, 1515, 71.30, 100, 1106
2026/10/08 08:50:44.336, 60, 1485, 71.81, 100, 1106
2026/10/08 08:50:45.337, 60, 1785, 72.10, 89, 1106
2026/10/08 08:50:46.345, 60, 1545, 71.71, 100, 1106
2026/10/08 08:50:47.349, 60, 1560, 72.12, 100, 1106
2026/10/08 08:50:48.358, 60, 1545, 72.40, 100, 1106
2026/10/08 08:50:49.367, 60, 1530, 72.21, 100, 1106
2026/10/08 08:50:50.367, 60, 1500, 72.25, 100, 1106
2026/10/08 08:50:51.368, 60, 1530, 71.79, 100, 1106
2026/10/08 08:50:52.375, 60, 1560, 72.39, 100, 1106
2026/10/08 08:50:53.383, 60, 1500, 71.89, 100, 1106
2026/10/08 08:50:54.387, 60, 1530, 72.32, 100, 1106
2026/10/08 08:50:55.388, 60, 1530, 72.37, 100, 1106
2026/10/08 08:50:56.390, 60, 1530, 72.04, 100, 1106
2026/10/08 08:50:57.390, 59, 1545, 72.23, 100, 1106
2026/10/08 08:50:58.392, 60, 1515, 71.80, 100, 1106
2026/10/08 08:50:59.392, 60, 1560, 71.68, 100, 1106
2026/10/08 08:51:00.394, 60, 1530, 71.76, 100, 1106
2026/10/08 08:51:01.397, 60, 1530, 71.90, 100, 1106
2026/10/08 08:51:02.403, 60, 1515, 71.66, 100, 1106
2026/10/08 08:51:03.406, 60, 1530, 71.71, 100, 1106
2026/10/08 08:51:04.409, 60, 1500, 71.79, 100, 1106
2026/10/08 08:51:05.421, 60, 1515, 72.04, 100, 1106
2026/10/08 08:51:06.429, 60, 1515, 71.97, 100, 1106
2026/10/08 08:51:07.438, 60, 1500, 71.80, 100, 1106
2026/10/08 08:51:08.442, 60, 1500, 71.86, 100, 1106
2026/10/08 08:51:09.446, 60, 1500, 72.13, 100, 1106
2026/10/08 08:51:10.457, 60, 1515, 72.00, 100, 1106
2026/10/08 08:51:11.462, 60, 1515, 72.08, 100, 1106
2026/10/08 08:51:12.469, 60, 1500, 72.00, 100, 1106
2026/10/08 08:51:13.471, 60, 1530, 72.05, 100, 1106
2026/10/08 08:51:14.472, 60, 1530, 71.95, 100, 1106
2026/10/08 08:51:15.483, 60, 1500, 71.60, 100, 1106
2026/10/08 08:51:16.488, 60, 1515, 72.45, 100, 1106
2026/10/08 08:51:17.491, 60, 1545, 71.61, 100, 1106
2026/10/08 08:51:18.491, 60, 1500, 72.45, 100, 1106
2026/10/08 08:51:19.497, 59, 1515, 71.95, 100, 1106
2026/10/08 08:51:20.497, 60, 1485, 72.37, 100, 1106
2026/10/08 08:51:21.501, 60, 1500, 72.10, 100, 1106
2026/10/08 08:51:22.501, 60, 1515, 72.64, 100, 1106
2026/10/08 08:51:23.506, 60, 1485, 72.02, 100, 1106
2026/10/08 08:51:24.510, 59, 1515, 72.33, 100, 1106
2026/10/08 08:51:25.512, 59, 1515, 72.18, 100, 1106
2026/10/08 08:51:26.512, 60, 1515, 72.06, 100, 1106
2026/10/08 08:51:27.521, 59, 1515, 72.20, 100, 1106
2026/10/08 08:51:28.527, 60, 1515, 71.89, 100, 1106
2026/10/08 08:51:29.536, 60, 1545, 71.85, 100, 1106
2026/10/08 08:51:30.537, 59, 1530, 71.91, 100, 1106
2026/10/08 08:51:31.540, 60, 1500, 72.25, 100, 1106
2026/10/08 08:51:32.541, 60, 1500, 72.44, 100, 1106
2026/10/08 08:51:33.546, 60, 1500, 71.99, 100, 1106
2026/10/08 08:51:34.549, 60, 1500, 72.30, 100, 1106
2026/10/08 08:51:35.557, 60, 1530, 72.54, 100, 1106
2026/10/08 08:51:36.563, 60, 1530, 72.18, 100, 1106
2026/10/08 08:51:37.564, 60, 1545, 72.42, 100, 1106
2026/10/08 08:51:38.575, 60, 1530, 72.40, 100, 1106
2026/10/08 08:51:39.582, 60, 1500, 72.21, 100, 1106
2026/10/08 08:51:40.584, 60, 1515, 71.95, 100, 1106
2026/10/08 08:51:41.584, 59, 1500, 72.34, 100, 1106
2026/10/08 08:51:42.589, 60, 1530, 72.16, 100, 1106
2026/10/08 08:51:43.592, 60, 1485, 71.99, 100, 1106
2026/10/08 08:51:44.600, 60, 1545, 71.91, 100, 1106
2026/10/08 08:51:45.602, 60, 1515, 71.54, 100, 1106
2026/10/08 08:51:46.605, 60, 1500, 72.43, 100, 1106
2026/10/08 08:51:47.605, 59, 1500, 71.90, 100, 1106
2026/10/08 08:51:48.611, 60, 1515, 71.83, 100, 1106
2026/10/08 08:51:49.612, 60, 1530, 72.21, 100, 1106
2026/10/08 08:51:50.621, 60, 1500, 72.04, 100, 1106
2026/10/08 08:51:51.621, 60, 1515, 72.26, 100, 1106
2026/10/08 08:51:52.627, 60, 1485, 71.84, 100, 1106
2026/10/08 08:51:53.627, 60, 1545, 71.94, 100, 1106
2026/10/08 08:51:54.633, 60, 1485, 72.31, 100, 1106
2026/10/08 08:51:55.633, 60, 1530, 72.12, 100, 1106
2026/10/08 08:51:56.640, 60, 1530, 71.35, 100, 1106
2026/10/08 08:51:57.646, 60, 1545, 71.66, 100, 1106
2026/10/08 08:51:58.651, 60, 1515, 72.37, 100, 1106
2026/10/08 08:51:59.654, 60, 1500, 72.18, 100, 1106
2026/10/08 08:52:00.657, 60, 1500, 72.17, 100, 1106
2026/10/08 08:52:01.662, 60, 1515, 72.25, 100, 1106
2026/10/08 08:52:02.673, 60, 1545, 71.66, 100, 1106
2026/10/08 08:52:03.682, 59, 1500, 71.88, 100, 1106
2026/10/08 08:52:04.688, 60, 1485, 72.09, 100, 1106
2026/10/08 08:52:05.694, 60, 1515, 71.99, 100, 1106
2026/10/08 08:52:06.696, 60, 1530, 72.51, 100, 1106
2026/10/08 08:52:07.703, 60, 1515, 72.04, 100, 1106
2026/10/08 08:52:08.706, 60, 1485, 72.12, 100, 1106
2026/10/08 08:52:09.713, 60, 1515, 72.01, 100, 1106
2026/10/08 08:52:10.717, 60, 1515, 72.23, 100, 1106
2026/10/08 08:52:11.722, 60, 1470, 72.01, 100, 1106
2026/10/08 08:52:12.724, 60, 1515, 71.70, 100, 1106
2026/10/08 08:52:13.728, 60, 1530, 71.86, 100, 1106
2026/10/08 08:52:14.730, 60, 1515, 71.79, 100, 1106
2026/10/08 08:52:15.736, 60, 1515, 72.14, 100, 1106
2026/10/08 08:52:16.912, 60, 1530, 72.05, 100, 1106
2026/10/08 08:52:17.915, 60, 1515, 72.65, 100, 1106
2026/10/08 08:52:18.922, 59, 1530, 72.27, 100, 1106
2026/10/08 08:52:19.925, 60, 1515, 72.25, 100, 1106
2026/10/08 08:52:20.928, 60, 1515, 72.00, 100, 1106
2026/10/08 08:52:21.928, 60, 1500, 72.11, 100, 1106
2026/10/08 08:52:22.931, 60, 1500, 72.40, 100, 1106
2026/10/08 08:52:23.938, 60, 1530, 72.34, 100, 1106
2026/10/08 08:52:24.939, 60, 1515, 72.15, 100, 1106
2026/10/08 08:52:25.943, 60, 1515, 72.03, 100, 1106
2026/10/08 08:52:26.946, 60, 1500, 72.66, 100, 1106
2026/10/08 08:52:27.946, 60, 1500, 71.76, 100, 1106
2026/10/08 08:52:28.946, 60, 1620, 71.85, 98, 1106
2026/10/08 08:52:29.946, 60, 1590, 72.03, 99, 1106
2026/10/08 08:52:30.950, 60, 1515, 70.05, 100, 1106
2026/10/08 08:52:31.993, 60, 1665, 70.80, 95, 1106
2026/10/08 08:52:32.993, 60, 1470, 71.91, 100, 1106
2026/10/08 08:52:33.995, 60, 1530, 71.94, 100, 1106
2026/10/08 08:52:34.995, 60, 1500, 72.06, 100, 1106
2026/10/08 08:52:35.998, 60, 1500, 71.96, 100, 1106
2026/10/08 08:52:37.003, 60, 1500, 72.34, 100, 1106
2026/10/08 08:52:38.004, 60, 1530, 71.79, 100, 1106
2026/10/08 08:52:39.007, 59, 1530, 71.71, 100, 1106
2026/10/08 08:52:40.007, 59, 1530, 71.39, 100, 1106
2026/10/08 08:52:41.008, 59, 1530, 72.16, 100, 1106
2026/10/08 08:52:42.012, 59, 1530, 72.13, 100, 1106
2026/10/08 08:52:43.012, 60, 1530, 71.62, 100, 1106
2026/10/08 08:52:44.015, 60, 1470, 71.91, 100, 1106
2026/10/08 08:52:45.016, 60, 1545, 71.78, 100, 1106
2026/10/08 08:52:46.017, 59, 1530, 72.29, 100, 1106
2026/10/08 08:52:47.021, 59, 1545, 72.15, 100, 1106
2026/10/08 08:52:48.024, 60, 1470, 72.06, 100, 1106
2026/10/08 08:52:49.030, 60, 1500, 72.19, 100, 1106
2026/10/08 08:52:50.030, 60, 1515, 71.75, 100, 1106
2026/10/08 08:52:51.031, 60, 1530, 72.02, 100, 1106
2026/10/08 08:52:52.037, 60, 1500, 72.41, 100, 1106
2026/10/08 08:52:53.037, 59, 1485, 71.93, 100, 1106
2026/10/08 08:52:54.039, 60, 1500, 71.75, 100, 1106
2026/10/08 08:52:55.045, 59, 1485, 71.87, 100, 1106
2026/10/08 08:52:56.046, 60, 1500, 71.88, 100, 1106
2026/10/08 08:52:57.050, 59, 1500, 71.85, 100, 1106
2026/10/08 08:52:58.056, 59, 1515, 72.01, 100, 1106
2026/10/08 08:52:59.060, 60, 1515, 72.42, 100, 1106
2026/10/08 08:53:00.061, 59, 1500, 71.97, 100, 1106
2026/10/08 08:53:01.066, 60, 1545, 71.97, 100, 1106
2026/10/08 08:53:02.093, 59, 1560, 71.92, 100, 1106
2026/10/08 08:53:03.094, 59, 1530, 72.26, 100, 1106
2026/10/08 08:53:04.094, 59, 1530, 71.67, 100, 1106
2026/10/08 08:53:05.095, 59, 1515, 72.20, 100, 1106
2026/10/08 08:53:06.099, 59, 1470, 71.87, 100, 1106
2026/10/08 08:53:07.104, 59, 1515, 72.13, 100, 1106
2026/10/08 08:53:08.110, 59, 1515, 72.09, 100, 1106
2026/10/08 08:53:09.116, 59, 1545, 71.87, 100, 1106
2026/10/08 08:53:10.120, 59, 1515, 72.17, 100, 1106
2026/10/08 08:53:11.126, 59, 1515, 71.90, 100, 1106
2026/10/08 08:53:12.129, 59, 1515, 72.51, 100, 1106
2026/10/08 08:53:13.136, 59, 1530, 71.60, 100, 1106
2026/10/08 08:53:14.136, 59, 1500, 71.97, 100, 1106
2026/10/08 08:53:15.144, 59, 1500, 72.18, 100, 1106
2026/10/08 08:53:16.148, 59, 1470, 72.37, 100, 1106
2026/10/08 08:53:17.191, 59, 1500, 72.04, 100, 1106
2026/10/08 08:53:18.194, 59, 1485, 72.20, 100, 1106
2026/10/08 08:53:19.201, 59, 1530, 72.05, 100, 1106
2026/10/08 08:53:20.207, 60, 1530, 71.79, 100, 1106
2026/10/08 08:53:21.210, 60, 1530, 72.20, 100, 1106
2026/10/08 08:53:22.211, 59, 1515, 71.97, 100, 1106
2026/10/08 08:53:23.213, 59, 1515, 72.17, 100, 1106
2026/10/08 08:53:24.213, 59, 1500, 72.32, 100, 1106
2026/10/08 08:53:25.221, 60, 1500, 72.36, 100, 1106
2026/10/08 08:53:26.223, 59, 1500, 72.15, 100, 1106
2026/10/08 08:53:27.223, 59, 1530, 72.14, 100, 1106
2026/10/08 08:53:28.226, 59, 1530, 72.00, 100, 1106
2026/10/08 08:53:29.232, 59, 1530, 72.08, 100, 1106
2026/10/08 08:53:30.236, 59, 1500, 72.24, 100, 1106
2026/10/08 08:53:31.241, 59, 1545, 72.54, 100, 1106
2026/10/08 08:53:32.241, 59, 1500, 72.12, 100, 1106
2026/10/08 08:53:33.248, 59, 1530, 72.51, 100, 1106
2026/10/08 08:53:34.254, 60, 1530, 71.38, 100, 1106
2026/10/08 08:53:35.255, 59, 1530, 72.23, 100, 1106
2026/10/08 08:53:36.255, 59, 1500, 72.25, 100, 1106
2026/10/08 08:53:37.256, 59, 1515, 72.16, 100, 1106
2026/10/08 08:53:38.262, 59, 1500, 72.22, 100, 1106
2026/10/08 08:53:39.265, 59, 1500, 71.82, 100, 1106
2026/10/08 08:53:40.265, 59, 1530, 71.57, 100, 1106
2026/10/08 08:53:41.271, 59, 1530, 71.77, 100, 1106
2026/10/08 08:53:42.276, 59, 1590, 71.83, 100, 1106
2026/10/08 08:53:43.278, 60, 1605, 73.10, 98, 1106
2026/10/08 08:53:44.280, 59, 1620, 71.31, 95, 1106
2026/10/08 08:53:45.280, 59, 1605, 72.39, 97, 1106
2026/10/08 08:53:46.281, 60, 1560, 72.96, 95, 1106
2026/10/08 08:53:47.285, 60, 1650, 71.60, 100, 1106
2026/10/08 08:53:48.291, 59, 1515, 71.90, 100, 1106
2026/10/08 08:53:49.292, 60, 1530, 72.26, 100, 1106
2026/10/08 08:53:50.292, 59, 1500, 71.95, 100, 1106
2026/10/08 08:53:51.294, 59, 1515, 72.16, 100, 1106
2026/10/08 08:53:52.295, 59, 1485, 72.50, 100, 1106
2026/10/08 08:53:53.295, 59, 1515, 72.02, 100, 1106
2026/10/08 08:53:54.297, 59, 1500, 71.95, 100, 1106
2026/10/08 08:53:55.297, 59, 1515, 72.08, 100, 1106
2026/10/08 08:53:56.299, 59, 1515, 72.16, 100, 1106
2026/10/08 08:53:57.301, 59, 1485, 72.07, 100, 1106
2026/10/08 08:53:58.302, 59, 1500, 71.96, 100, 1106
2026/10/08 08:53:59.308, 59, 1485, 71.97, 100, 1106
2026/10/08 08:54:00.314, 59, 1500, 71.89, 100, 1106
2026/10/08 08:54:01.316, 59, 1500, 72.31, 100, 1106
2026/10/08 08:54:02.326, 60, 1500, 71.89, 100, 1106
2026/10/08 08:54:03.330, 59, 1500, 72.11, 100, 1106
2026/10/08 08:54:04.335, 59, 1470, 71.79, 100, 1106
2026/10/08 08:54:05.338, 59, 1500, 72.03, 100, 1106
2026/10/08 08:54:06.344, 59, 1485, 71.75, 100, 1106
2026/10/08 08:54:07.345, 59, 1470, 72.06, 100, 1106
2026/10/08 08:54:08.353, 59, 1470, 72.52, 100, 1106
2026/10/08 08:54:09.356, 59, 1515, 72.30, 100, 1106
2026/10/08 08:54:10.364, 59, 1500, 72.06, 100, 1106
2026/10/08 08:54:11.368, 59, 1500, 71.75, 100, 1106
2026/10/08 08:54:12.377, 60, 1515, 72.34, 100, 1106
2026/10/08 08:54:13.381, 59, 1515, 72.22, 100, 1106
2026/10/08 08:54:14.381, 59, 1515, 71.64, 100, 1106
2026/10/08 08:54:15.383, 59, 1530, 72.14, 100, 1106
2026/10/08 08:54:16.385, 59, 1500, 72.00, 100, 1106
2026/10/08 08:54:17.391, 59, 1515, 72.00, 100, 1106
2026/10/08 08:54:18.392, 60, 1515, 72.07, 100, 1106
2026/10/08 08:54:19.398, 59, 1530, 71.93, 100, 1106
2026/10/08 08:54:20.405, 59, 1530, 71.96, 100, 1106
2026/10/08 08:54:21.405, 59, 1485, 71.92, 100, 1106
2026/10/08 08:54:22.409, 59, 1485, 71.79, 100, 1106
2026/10/08 08:54:23.410, 59, 1515, 71.73, 100, 1106
2026/10/08 08:54:24.414, 59, 1515, 71.80, 100, 1106
2026/10/08 08:54:25.414, 59, 1470, 71.87, 100, 1106
2026/10/08 08:54:26.415, 59, 1530, 72.18, 100, 1106
2026/10/08 08:54:27.416, 59, 1515, 72.23, 100, 1106
2026/10/08 08:54:28.419, 59, 1470, 72.32, 100, 1106
2026/10/08 08:54:29.420, 59, 1470, 71.75, 100, 1106
2026/10/08 08:54:30.422, 60, 1545, 71.87, 100, 1106
2026/10/08 08:54:31.427, 59, 1530, 71.52, 100, 1106
2026/10/08 08:54:32.431, 59, 1530, 72.25, 100, 1106
2026/10/08 08:54:33.436, 59, 1500, 71.92, 100, 1106
2026/10/08 08:54:34.437, 59, 1530, 71.59, 100, 1106
2026/10/08 08:54:35.439, 59, 1530, 72.26, 100, 1106
2026/10/08 08:54:36.448, 59, 1530, 71.91, 100, 1106
2026/10/08 08:54:37.448, 60, 1515, 71.45, 100, 1106
2026/10/08 08:54:38.493, 59, 1500, 71.77, 100, 1106
2026/10/08 08:54:39.495, 59, 1515, 72.11, 100, 1106
2026/10/08 08:54:40.499, 59, 1515, 72.01, 100, 1106
2026/10/08 08:54:41.507, 59, 1530, 72.04, 100, 1106
2026/10/08 08:54:42.507, 59, 1530, 71.91, 100, 1106
2026/10/08 08:54:43.510, 59, 1530, 72.41, 100, 1106
2026/10/08 08:54:44.512, 59, 1515, 72.18, 100, 1106
2026/10/08 08:54:45.512, 59, 1455, 72.19, 100, 1106
2026/10/08 08:54:46.515, 59, 1500, 72.09, 100, 1106
2026/10/08 08:54:47.519, 59, 1515, 71.95, 100, 1106
2026/10/08 08:54:48.525, 59, 1500, 72.24, 100, 1106
2026/10/08 08:54:49.527, 59, 1530, 71.92, 100, 1106
2026/10/08 08:54:50.529, 59, 1530, 72.11, 100, 1106
2026/10/08 08:54:51.535, 59, 1545, 72.34, 100, 1106
2026/10/08 08:54:52.541, 59, 1530, 72.08, 100, 1106
2026/10/08 08:54:53.548, 59, 1500, 72.82, 100, 1106
2026/10/08 08:54:54.553, 59, 1560, 72.05, 100, 1106
2026/10/08 08:54:55.560, 59, 1515, 72.39, 100, 1106
2026/10/08 08:54:56.561, 59, 1515, 71.95, 100, 1106
2026/10/08 08:54:57.565, 59, 1515, 71.98, 100, 1106
2026/10/08 08:54:58.570, 59, 1470, 71.86, 100, 1106
2026/10/08 08:54:59.579, 59, 1500, 72.46, 100, 1106
2026/10/08 08:55:00.581, 60, 1515, 71.40, 100, 1106
2026/10/08 08:55:01.586, 60, 1515, 71.88, 100, 1106
2026/10/08 08:55:02.587, 59, 1530, 71.98, 100, 1106
2026/10/08 08:55:03.590, 59, 1545, 71.84, 100, 1106
2026/10/08 08:55:04.595, 59, 1530, 71.88, 100, 1106
2026/10/08 08:55:05.600, 59, 1545, 71.94, 100, 1106
2026/10/08 08:55:06.604, 60, 1560, 71.85, 100, 1106
2026/10/08 08:55:07.610, 60, 1515, 72.43, 100, 1106
2026/10/08 08:55:08.617, 59, 1500, 71.52, 100, 1106
2026/10/08 08:55:09.620, 59, 1515, 71.28, 100, 1106
2026/10/08 08:55:10.627, 60, 1470, 71.94, 100, 1106
2026/10/08 08:55:11.633, 60, 1530, 71.95, 100, 1106
2026/10/08 08:55:12.636, 60, 1515, 71.54, 100, 1106
2026/10/08 08:55:13.642, 60, 1530, 72.00, 100, 1106
2026/10/08 08:55:14.649, 60, 1530, 72.20, 100, 1106
2026/10/08 08:55:15.657, 59, 1515, 72.32, 100, 1106
2026/10/08 08:55:16.659, 59, 1530, 71.69, 100, 1106
2026/10/08 08:55:17.663, 60, 1530, 71.90, 100, 1106
2026/10/08 08:55:18.665, 59, 1500, 71.64, 100, 1106
2026/10/08 08:55:19.668, 59, 1485, 71.85, 100, 1106
2026/10/08 08:55:20.669, 59, 1515, 72.12, 100, 1106
2026/10/08 08:55:21.673, 60, 1515, 72.00, 100, 1106
2026/10/08 08:55:22.679, 60, 1470, 71.97, 100, 1106
2026/10/08 08:55:23.685, 60, 1500, 72.23, 100, 1106
2026/10/08 08:55:24.690, 59, 1515, 71.84, 100, 1106
2026/10/08 08:55:25.693, 59, 1485, 71.81, 100, 1106
2026/10/08 08:55:26.696, 59, 1530, 71.83, 100, 1106
2026/10/08 08:55:27.699, 59, 1500, 72.65, 100, 1106
2026/10/08 08:55:28.701, 60, 1530, 71.97, 100, 1106
2026/10/08 08:55:29.703, 60, 1530, 72.40, 100, 1106
2026/10/08 08:55:30.707, 59, 1530, 71.67, 100, 1106
2026/10/08 08:55:31.707, 60, 1515, 72.03, 100, 1106
2026/10/08 08:55:32.709, 60, 1515, 71.68, 100, 1106
2026/10/08 08:55:33.710, 60, 1530, 71.93, 100, 1106
2026/10/08 08:55:34.714, 59, 1515, 72.33, 100, 1106
2026/10/08 08:55:35.715, 59, 1485, 71.88, 100, 1106
2026/10/08 08:55:36.717, 59, 1470, 71.63, 100, 1106
2026/10/08 08:55:37.718, 59, 1470, 71.99, 100, 1106
2026/10/08 08:55:38.722, 60, 1545, 71.84, 100, 1106
2026/10/08 08:55:39.726, 59, 1470, 71.87, 100, 1106
2026/10/08 08:55:40.728, 59, 1500, 71.64, 100, 1106
2026/10/08 08:55:41.731, 59, 1500, 71.99, 100, 1106
2026/10/08 08:55:42.734, 59, 1530, 71.86, 100, 1106
2026/10/08 08:55:43.740, 60, 1515, 71.69, 100, 1106
2026/10/08 08:55:44.745, 60, 1500, 71.37, 100, 1106
2026/10/08 08:55:45.750, 60, 1530, 71.94, 100, 1106
2026/10/08 08:55:46.792, 59, 1500, 71.97, 100, 1106
2026/10/08 08:55:47.792, 60, 1530, 71.73, 100, 1106
2026/10/08 08:55:48.793, 60, 1530, 71.85, 100, 1106
2026/10/08 08:55:49.802, 60, 1530, 72.01, 100, 1106
2026/10/08 08:55:50.803, 60, 1545, 71.94, 100, 1106
2026/10/08 08:55:51.807, 59, 1530, 71.65, 100, 1106
2026/10/08 08:55:52.812, 60, 1515, 72.14, 100, 1106
2026/10/08 08:55:53.813, 60, 1530, 71.82, 100, 1106
2026/10/08 08:55:54.815, 60, 1515, 72.27, 100, 1106
2026/10/08 08:55:55.820, 59, 1530, 72.66, 100, 1106
2026/10/08 08:55:56.821, 60, 1470, 72.55, 100, 1106
2026/10/08 08:55:57.824, 60, 1470, 72.45, 100, 1106
2026/10/08 08:55:58.829, 60, 1515, 72.26, 100, 1106
2026/10/08 08:55:59.834, 59, 1485, 72.20, 100, 1106
2026/10/08 08:56:00.841, 60, 1500, 72.43, 100, 1106
2026/10/08 08:56:01.900, 60, 1500, 72.31, 100, 1106
2026/10/08 08:56:02.908, 60, 1530, 71.74, 100, 1106
2026/10/08 08:56:03.912, 60, 1530, 71.87, 100, 1106
2026/10/08 08:56:04.915, 60, 1500, 71.62, 100, 1106
2026/10/08 08:56:05.922, 60, 1530, 72.33, 100, 1106
2026/10/08 08:56:06.927, 60, 1515, 72.50, 100, 1106
2026/10/08 08:56:07.929, 60, 1545, 72.25, 100, 1106
2026/10/08 08:56:08.939, 60, 1530, 71.92, 100, 1106
2026/10/08 08:56:09.941, 60, 1515, 72.13, 100, 1106
2026/10/08 08:56:10.946, 60, 1500, 72.44, 100, 1106
2026/10/08 08:56:11.950, 60, 1515, 71.98, 100, 1106
2026/10/08 08:56:12.955, 60, 1530, 71.97, 100, 1106
2026/10/08 08:56:13.956, 60, 1560, 72.23, 100, 1106
2026/10/08 08:56:14.966, 60, 1545, 72.26, 100, 1106
2026/10/08 08:56:15.973, 60, 1515, 72.38, 100, 1106
2026/10/08 08:56:16.999, 60, 1530, 71.73, 100, 1106
2026/10/08 08:56:18.004, 60, 1515, 72.33, 100, 1106
2026/10/08 08:56:19.009, 60, 1515, 72.04, 100, 1106
2026/10/08 08:56:20.012, 60, 1500, 71.65, 100, 1106
2026/10/08 08:56:21.014, 60, 1545, 72.07, 100, 1106
2026/10/08 08:56:22.020, 60, 1530, 72.04, 100, 1106
2026/10/08 08:56:23.021, 60, 1500, 72.50, 100, 1106
2026/10/08 08:56:24.025, 60, 1530, 72.19, 100, 1106
2026/10/08 08:56:25.030, 60, 1530, 72.22, 100, 1106
2026/10/08 08:56:26.031, 60, 1485, 72.22, 100, 1106
2026/10/08 08:56:27.033, 60, 1530, 72.00, 100, 1106
2026/10/08 08:56:28.037, 60, 1530, 72.07, 100, 1106
2026/10/08 08:56:29.040, 60, 1530, 72.49, 100, 1106
2026/10/08 08:56:30.045, 60, 1515, 71.89, 100, 1106
2026/10/08 08:56:31.048, 60, 1530, 71.79, 100, 1106
2026/10/08 08:56:32.092, 60, 1530, 71.85, 100, 1106
2026/10/08 08:56:33.099, 60, 1515, 71.64, 100, 1106
2026/10/08 08:56:34.105, 59, 1530, 72.06, 100, 1106
2026/10/08 08:56:35.113, 60, 1500, 71.71, 100, 1106
2026/10/08 08:56:36.116, 60, 1560, 72.52, 100, 1106
2026/10/08 08:56:37.124, 60, 1545, 71.98, 100, 1106
2026/10/08 08:56:38.129, 60, 1530, 72.24, 100, 1106
2026/10/08 08:56:39.135, 60, 1545, 72.29, 100, 1106
2026/10/08 08:56:40.136, 60, 1530, 71.62, 100, 1106
2026/10/08 08:56:41.136, 59, 1515, 72.02, 100, 1106
2026/10/08 08:56:42.138, 60, 1530, 71.76, 100, 1106
2026/10/08 08:56:43.138, 60, 1515, 71.88, 100, 1106
2026/10/08 08:56:44.146, 60, 1500, 71.86, 100, 1106
2026/10/08 08:56:45.148, 60, 1515, 72.05, 100, 1106
2026/10/08 08:56:46.152, 59, 1500, 72.24, 100, 1106
2026/10/08 08:56:47.196, 60, 1500, 71.64, 100, 1106
2026/10/08 08:56:48.203, 60, 1530, 71.90, 100, 1106
2026/10/08 08:56:49.205, 60, 1530, 71.68, 100, 1106
2026/10/08 08:56:50.208, 60, 1530, 72.43, 100, 1106
2026/10/08 08:56:51.215, 60, 1515, 72.03, 100, 1106
2026/10/08 08:56:52.221, 60, 1500, 71.79, 100, 1106
2026/10/08 08:56:53.225, 59, 1515, 72.04, 100, 1106
2026/10/08 08:56:54.228, 59, 1515, 72.02, 100, 1106
2026/10/08 08:56:55.228, 60, 1470, 72.23, 100, 1106
2026/10/08 08:56:56.238, 60, 1515, 72.57, 100, 1106
2026/10/08 08:56:57.241, 60, 1515, 71.95, 100, 1106
2026/10/08 08:56:58.242, 60, 1500, 71.52, 100, 1106
2026/10/08 08:56:59.244, 60, 1500, 72.05, 100, 1106
2026/10/08 08:57:00.246, 60, 1500, 71.88, 100, 1106
2026/10/08 08:57:01.248, 60, 1500, 71.86, 100, 1106
2026/10/08 08:57:02.252, 60, 1500, 72.00, 100, 1106
2026/10/08 08:57:03.255, 60, 1545, 72.10, 100, 1106
2026/10/08 08:57:04.256, 60, 1485, 71.55, 100, 1106
2026/10/08 08:57:05.260, 60, 1485, 72.60, 100, 1106
2026/10/08 08:57:06.263, 60, 1530, 72.22, 100, 1106
2026/10/08 08:57:07.266, 60, 1530, 71.91, 100, 1106
2026/10/08 08:57:08.272, 60, 1530, 72.42, 100, 1106
2026/10/08 08:57:09.275, 60, 1485, 72.04, 100, 1106
2026/10/08 08:57:10.283, 60, 1530, 72.13, 100, 1106
2026/10/08 08:57:11.285, 59, 1485, 71.93, 100, 1106
2026/10/08 08:57:12.288, 60, 1470, 72.18, 100, 1106
2026/10/08 08:57:13.289, 60, 1485, 72.18, 100, 1106
2026/10/08 08:57:14.293, 60, 1515, 72.09, 100, 1106
2026/10/08 08:57:15.300, 59, 1530, 72.34, 100, 1106
2026/10/08 08:57:16.301, 60, 1560, 72.30, 100, 1106
2026/10/08 08:57:17.304, 60, 1545, 72.62, 100, 1106
2026/10/08 08:57:18.307, 59, 1545, 71.83, 100, 1106
2026/10/08 08:57:19.321, 60, 1485, 72.45, 100, 1106
2026/10/08 08:57:20.329, 60, 1515, 72.11, 100, 1106
2026/10/08 08:57:21.330, 60, 1530, 72.06, 100, 1106
2026/10/08 08:57:22.331, 60, 1500, 72.21, 100, 1106
2026/10/08 08:57:23.338, 59, 1515, 72.24, 100, 1106
2026/10/08 08:57:24.339, 59, 1530, 71.72, 100, 1106
2026/10/08 08:57:25.345, 60, 1515, 72.03, 100, 1106
2026/10/08 08:57:26.351, 60, 1530, 72.20, 100, 1106
2026/10/08 08:57:27.357, 60, 1515, 72.12, 100, 1106
2026/10/08 08:57:28.363, 60, 1500, 71.47, 100, 1106
2026/10/08 08:57:29.368, 60, 1500, 72.34, 100, 1106
2026/10/08 08:57:30.391, 60, 1515, 71.77, 100, 1106
2026/10/08 08:57:31.392, 60, 1545, 72.13, 100, 1106
2026/10/08 08:57:32.399, 60, 1515, 72.21, 100, 1106
2026/10/08 08:57:33.404, 60, 1530, 72.24, 100, 1106
2026/10/08 08:57:34.405, 60, 1530, 72.26, 100, 1106
2026/10/08 08:57:35.408, 60, 1545, 72.22, 100, 1106
2026/10/08 08:57:36.412, 60, 1530, 71.96, 100, 1106
2026/10/08 08:57:37.416, 60, 1530, 71.88, 100, 1106
2026/10/08 08:57:38.420, 60, 1515, 72.12, 100, 1106
2026/10/08 08:57:39.424, 60, 1500, 71.57, 100, 1106
2026/10/08 08:57:40.430, 60, 1530, 71.87, 100, 1106
2026/10/08 08:57:41.436, 60, 1500, 71.57, 100, 1106
2026/10/08 08:57:42.444, 60, 1515, 72.24, 100, 1106
2026/10/08 08:57:43.449, 59, 1530, 72.07, 100, 1106
2026/10/08 08:57:44.455, 59, 1470, 71.85, 100, 1106
2026/10/08 08:57:45.463, 59, 1500, 71.82, 100, 1106
2026/10/08 08:57:46.469, 59, 1500, 71.78, 100, 1106
2026/10/08 08:57:47.475, 59, 1500, 72.20, 100, 1106
2026/10/08 08:57:48.477, 60, 1470, 72.22, 100, 1106
2026/10/08 08:57:49.480, 59, 1485, 72.17, 100, 1106
2026/10/08 08:57:50.481, 59, 1515, 71.85, 100, 1106
2026/10/08 08:57:51.484, 59, 1515, 72.16, 100, 1106
2026/10/08 08:57:52.487, 59, 1530, 71.88, 100, 1106
2026/10/08 08:57:53.497, 59, 1485, 72.10, 100, 1106
2026/10/08 08:57:54.500, 59, 1470, 71.94, 100, 1106
2026/10/08 08:57:55.506, 60, 1500, 71.87, 100, 1106
2026/10/08 08:57:56.512, 60, 1500, 72.03, 100, 1106
2026/10/08 08:57:57.514, 59, 1515, 72.31, 100, 1106
2026/10/08 08:57:58.514, 59, 1515, 72.25, 100, 1106
2026/10/08 08:57:59.519, 60, 1515, 72.35, 100, 1106
2026/10/08 08:58:00.527, 60, 1515, 72.13, 100, 1106
2026/10/08 08:58:01.530, 60, 1560, 71.81, 100, 1106
2026/10/08 08:58:02.537, 60, 1515, 72.00, 100, 1106
2026/10/08 08:58:03.538, 60, 1530, 71.87, 100, 1106
2026/10/08 08:58:04.538, 60, 1530, 72.08, 100, 1106
2026/10/08 08:58:05.539, 60, 1515, 72.03, 100, 1106
2026/10/08 08:58:06.546, 59, 1515, 71.91, 100, 1106
2026/10/08 08:58:07.555, 60, 1530, 72.00, 100, 1106
2026/10/08 08:58:08.562, 60, 1515, 71.93, 100, 1106
2026/10/08 08:58:09.572, 59, 1530, 71.22, 100, 1106
2026/10/08 08:58:10.587, 60, 1530, 72.00, 100, 1106
2026/10/08 08:58:11.590, 60, 1500, 72.06, 100, 1106
2026/10/08 08:58:12.597, 60, 1575, 71.91, 100, 1106
2026/10/08 08:58:13.597, 60, 1500, 72.14, 100, 1106
2026/10/08 08:58:14.598, 60, 1515, 71.91, 100, 1106
2026/10/08 08:58:15.604, 60, 1650, 71.77, 98, 1106
2026/10/08 08:58:16.609, 60, 1470, 71.57, 99, 1106
2026/10/08 08:58:17.625, 59, 1695, 71.89, 95, 1106
2026/10/08 08:58:18.631, 59, 1620, 71.70, 98, 1106
2026/10/08 08:58:19.640, 59, 1500, 72.35, 100, 1106
2026/10/08 08:58:20.647, 60, 1485, 71.58, 100, 1106
2026/10/08 08:58:21.655, 60, 1755, 71.98, 94, 1106
2026/10/08 08:58:22.655, 60, 1680, 70.85, 92, 1106
2026/10/08 08:58:23.659, 60, 1845, 70.85, 88, 1106
2026/10/08 08:58:24.659, 59, 1545, 71.68, 100, 1106
2026/10/08 08:58:25.662, 59, 1500, 72.06, 100, 1106
2026/10/08 08:58:26.668, 60, 1530, 72.16, 100, 1106
2026/10/08 08:58:27.674, 60, 1515, 72.19, 100, 1106
2026/10/08 08:58:28.681, 60, 1530, 71.88, 100, 1106
2026/10/08 08:58:29.685, 59, 1470, 71.70, 100, 1106
2026/10/08 08:58:30.687, 60, 1500, 71.80, 100, 1106
2026/10/08 08:58:31.695, 60, 1530, 72.55, 100, 1106
2026/10/08 08:58:32.701, 60, 1485, 71.95, 100, 1106
2026/10/08 08:58:33.708, 59, 1485, 72.10, 100, 1106
2026/10/08 08:58:34.714, 59, 1455, 71.71, 100, 1106
2026/10/08 08:58:35.719, 60, 1500, 72.32, 100, 1106
2026/10/08 08:58:36.727, 60, 1515, 72.07, 100, 1106
2026/10/08 08:58:37.729, 60, 1500, 71.96, 100, 1106
2026/10/08 08:58:38.734, 59, 1500, 71.46, 100, 1106
2026/10/08 08:58:39.734, 60, 1515, 72.42, 100, 1106
2026/10/08 08:58:40.739, 60, 1485, 72.02, 100, 1106
2026/10/08 08:58:41.739, 60, 1485, 72.01, 100, 1106
2026/10/08 08:58:42.742, 60, 1515, 71.98, 100, 1106
2026/10/08 08:58:43.742, 59, 1710, 71.71, 91, 1106
2026/10/08 08:58:44.744, 59, 1530, 71.60, 100, 1106
2026/10/08 08:58:45.751, 59, 1500, 72.32, 100, 1106
2026/10/08 08:58:46.796, 60, 1500, 72.02, 100, 1106
2026/10/08 08:58:47.800, 60, 1530, 72.50, 100, 1106
2026/10/08 08:58:48.808, 60, 1500, 71.73, 100, 1106
2026/10/08 08:58:49.811, 60, 1515, 71.67, 100, 1106
2026/10/08 08:58:50.814, 60, 1515, 71.80, 100, 1106
2026/10/08 08:58:51.818, 60, 1515, 71.19, 100, 1106
2026/10/08 08:58:52.826, 60, 1485, 71.88, 100, 1106
2026/10/08 08:58:53.834, 59, 1530, 72.07, 100, 1106
2026/10/08 08:58:54.834, 60, 1530, 72.38, 100, 1106
2026/10/08 08:58:55.842, 60, 1530, 72.25, 100, 1106
2026/10/08 08:58:56.843, 60, 1515, 71.92, 100, 1106
2026/10/08 08:58:57.847, 60, 1530, 72.51, 100, 1106
2026/10/08 08:58:58.847, 60, 1515, 71.92, 100, 1106
2026/10/08 08:58:59.849, 60, 1515, 72.42, 100, 1106
2026/10/08 08:59:00.854, 60, 1530, 72.08, 100, 1106
2026/10/08 08:59:01.895, 60, 1470, 72.67, 100, 1106
2026/10/08 08:59:02.904, 60, 1530, 72.10, 100, 1106
2026/10/08 08:59:03.915, 60, 1530, 72.07, 100, 1106
2026/10/08 08:59:04.925, 60, 1500, 72.07, 100, 1106
2026/10/08 08:59:05.932, 60, 1500, 72.19, 100, 1106
2026/10/08 08:59:06.932, 60, 1545, 72.02, 100, 1106
2026/10/08 08:59:07.936, 60, 1530, 71.94, 100, 1106
2026/10/08 08:59:08.942, 60, 1530, 72.33, 100, 1106
2026/10/08 08:59:09.945, 60, 1500, 71.66, 100, 1106
2026/10/08 08:59:10.948, 60, 1485, 71.44, 100, 1106
2026/10/08 08:59:11.953, 59, 1530, 71.71, 100, 1106
2026/10/08 08:59:12.954, 60, 1515, 72.60, 100, 1106
2026/10/08 08:59:13.965, 60, 1545, 71.82, 100, 1106
2026/10/08 08:59:14.975, 60, 1590, 71.93, 100, 1106
2026/10/08 08:59:15.994, 60, 1545, 72.33, 100, 1106
2026/10/08 08:59:16.995, 60, 1500, 72.20, 100, 1106
2026/10/08 08:59:17.995, 60, 1530, 72.32, 100, 1106
2026/10/08 08:59:19.004, 60, 1515, 72.35, 100, 1106
2026/10/08 08:59:20.004, 60, 1515, 71.99, 100, 1106
2026/10/08 08:59:21.005, 60, 1530, 72.24, 100, 1106
2026/10/08 08:59:22.005, 60, 1530, 72.57, 100, 1106
2026/10/08 08:59:23.007, 60, 1530, 72.13, 100, 1106
2026/10/08 08:59:24.010, 60, 1515, 72.15, 100, 1106
2026/10/08 08:59:25.020, 60, 1530, 72.32, 100, 1106
2026/10/08 08:59:26.021, 60, 1530, 71.98, 100, 1106
2026/10/08 08:59:27.027, 60, 1530, 71.86, 100, 1106
2026/10/08 08:59:28.033, 60, 1485, 71.92, 100, 1106
2026/10/08 08:59:29.041, 60, 1515, 72.11, 100, 1106
2026/10/08 08:59:30.048, 60, 1515, 71.84, 100, 1106
2026/10/08 08:59:31.055, 60, 1530, 72.01, 100, 1106
2026/10/08 08:59:32.092, 60, 1500, 71.90, 100, 1106
2026/10/08 08:59:33.093, 60, 1530, 71.87, 100, 1106
2026/10/08 08:59:34.100, 60, 1500, 71.78, 100, 1106
2026/10/08 08:59:35.107, 60, 1530, 72.25, 100, 1106
2026/10/08 08:59:36.111, 60, 1485, 71.93, 100, 1106
2026/10/08 08:59:37.114, 60, 1530, 71.87, 100, 1106
2026/10/08 08:59:38.125, 60, 1530, 71.65, 100, 1106
2026/10/08 08:59:39.128, 60, 1515, 71.62, 100, 1106
2026/10/08 08:59:40.133, 60, 1500, 71.77, 100, 1106
2026/10/08 08:59:41.133, 60, 1515, 71.94, 100, 1106
2026/10/08 08:59:42.135, 60, 1500, 72.27, 100, 1106
2026/10/08 08:59:43.135, 60, 1485, 71.75, 100, 1106
2026/10/08 08:59:44.143, 60, 1515, 71.73, 100, 1106
2026/10/08 08:59:45.143, 60, 1500, 71.79, 100, 1106
2026/10/08 08:59:46.147, 60, 1515, 71.75, 100, 1106
2026/10/08 08:59:47.147, 60, 1500, 71.92, 100, 1106
2026/10/08 08:59:48.156, 60, 1500, 71.88, 100, 1106
2026/10/08 08:59:49.157, 60, 1515, 71.97, 100, 1106
2026/10/08 08:59:50.167, 60, 1515, 72.08, 100, 1106
2026/10/08 08:59:51.167, 60, 1545, 72.10, 100, 1106
2026/10/08 08:59:52.175, 60, 1515, 72.44, 100, 1106
2026/10/08 08:59:53.175, 60, 1500, 71.84, 100, 1106
2026/10/08 08:59:54.181, 60, 1515, 71.95, 100, 1106
2026/10/08 08:59:55.181, 60, 1530, 71.75, 100, 1106
2026/10/08 08:59:56.186, 60, 1485, 71.92, 100, 1106
2026/10/08 08:59:57.187, 60, 1530, 71.87, 100, 1106
2026/10/08 08:59:58.189, 60, 1515, 71.96, 100, 1106
2026/10/08 08:59:59.198, 60, 1500, 72.01, 100, 1106
2026/10/08 09:00:00.201, 60, 1530, 71.71, 100, 1106
2026/10/08 09:00:01.210, 60, 1530, 71.91, 100, 1106
2026/10/08 09:00:02.218, 60, 1530, 71.72, 100, 1106
2026/10/08 09:00:03.223, 60, 1515, 71.99, 100, 1106
2026/10/08 09:00:04.223, 60, 1515, 71.79, 100, 1106
2026/10/08 09:00:05.228, 60, 1515, 71.74, 100, 1106
2026/10/08 09:00:06.237, 60, 1515, 71.99, 100, 1106
2026/10/08 09:00:07.242, 60, 1515, 71.68, 100, 1106
2026/10/08 09:00:08.243, 60, 1515, 72.32, 100, 1106
2026/10/08 09:00:09.251, 60, 1530, 72.07, 100, 1106
2026/10/08 09:00:10.254, 60, 1545, 71.74, 100, 1106
2026/10/08 09:00:11.264, 60, 1530, 72.09, 100, 1106
2026/10/08 09:00:12.268, 60, 1530, 72.24, 100, 1106
2026/10/08 09:00:13.273, 60, 1515, 71.81, 100, 1106
2026/10/08 09:00:14.277, 60, 1500, 71.77, 100, 1106
2026/10/08 09:00:15.282, 60, 1530, 72.20, 100, 1106
2026/10/08 09:00:16.285, 60, 1545, 71.79, 100, 1106
2026/10/08 09:00:17.293, 60, 1530, 71.95, 100, 1106
2026/10/08 09:00:18.300, 60, 1500, 71.46, 100, 1106
2026/10/08 09:00:19.307, 60, 1515, 71.85, 100, 1106
2026/10/08 09:00:20.314, 60, 1470, 72.28, 100, 1106
2026/10/08 09:00:21.319, 60, 1500, 72.03, 100, 1106
2026/10/08 09:00:22.329, 60, 1500, 72.47, 100, 1106
2026/10/08 09:00:23.335, 60, 1515, 72.45, 100, 1106
2026/10/08 09:00:24.340, 60, 1500, 71.84, 100, 1106
2026/10/08 09:00:25.345, 60, 1500, 72.04, 100, 1106
2026/10/08 09:00:26.349, 60, 1500, 71.85, 100, 1106
2026/10/08 09:00:27.354, 60, 1545, 71.72, 100, 1106
2026/10/08 09:00:28.374, 60, 1485, 72.06, 100, 1106
2026/10/08 09:00:29.381, 60, 1530, 71.84, 100, 1106
2026/10/08 09:00:30.394, 60, 1530, 71.63, 100, 1106
2026/10/08 09:00:31.397, 60, 1515, 71.57, 100, 1106
2026/10/08 09:00:32.398, 60, 1515, 72.18, 100, 1106
2026/10/08 09:00:33.402, 60, 1500, 71.75, 100, 1106
2026/10/08 09:00:34.403, 60, 1530, 72.40, 100, 1106
2026/10/08 09:00:35.406, 60, 1485, 72.40, 100, 1121
2026/10/08 09:00:36.427, 60, 1515, 71.79, 100, 1121
2026/10/08 09:00:37.431, 60, 1530, 72.20, 100, 1122
2026/10/08 09:00:38.441, 60, 1500, 72.12, 100, 1300
2026/10/08 09:00:39.445, 60, 1515, 71.99, 100, 1298
2026/10/08 09:00:40.451, 60, 1530, 72.31, 100, 1298
2026/10/08 09:00:41.457, 60, 1515, 71.95, 100, 1298
2026/10/08 09:00:42.462, 60, 1740, 71.39, 88, 1298
2026/10/08 09:00:43.464, 60, 1710, 72.68, 92, 1298
2026/10/08 09:00:44.472, 60, 1500, 71.93, 100, 1298
2026/10/08 09:00:45.474, 60, 1485, 72.18, 100, 1298
2026/10/08 09:00:46.485, 60, 1470, 72.38, 100, 1298
2026/10/08 09:00:47.510, 60, 1500, 72.83, 100, 1298
2026/10/08 09:00:48.516, 60, 1485, 71.94, 100, 1298
2026/10/08 09:00:49.519, 60, 1470, 72.28, 100, 1298
2026/10/08 09:00:50.520, 60, 1500, 72.05, 100, 1298
2026/10/08 09:00:51.528, 60, 1515, 71.57, 100, 1298
2026/10/08 09:00:52.533, 60, 1530, 71.49, 100, 1298
2026/10/08 09:00:53.533, 60, 1500, 72.02, 100, 1298
2026/10/08 09:00:54.539, 60, 1530, 72.21, 100, 1298
2026/10/08 09:00:55.543, 60, 1515, 71.27, 100, 1298
2026/10/08 09:00:56.553, 60, 1500, 72.26, 100, 1298
2026/10/08 09:00:57.559, 60, 1515, 72.33, 100, 1298
2026/10/08 09:00:58.566, 60, 1530, 72.14, 100, 1298
2026/10/08 09:00:59.572, 60, 1545, 72.07, 100, 1298
2026/10/08 09:01:00.576, 60, 1515, 72.02, 100, 1298
2026/10/08 09:01:01.585, 60, 1515, 72.64, 100, 1298
2026/10/08 09:01:02.595, 59, 1515, 71.98, 100, 1298
2026/10/08 09:01:03.598, 60, 1530, 72.28, 100, 1298
2026/10/08 09:01:04.608, 60, 1545, 71.89, 100, 1298
2026/10/08 09:01:05.618, 60, 1470, 71.96, 100, 1298
2026/10/08 09:01:06.619, 59, 1470, 71.91, 100, 1298
2026/10/08 09:01:07.625, 60, 1485, 71.61, 100, 1298
2026/10/08 09:01:08.632, 60, 1530, 71.61, 100, 1298
2026/10/08 09:01:09.633, 60, 1530, 71.69, 100, 1106
2026/10/08 09:01:10.637, 60, 1500, 71.98, 100, 1106
2026/10/08 09:01:11.639, 60, 1530, 71.48, 100, 1106
2026/10/08 09:01:12.646, 59, 1500, 72.20, 100, 1106
2026/10/08 09:01:13.647, 60, 1500, 72.06, 100, 1106
2026/10/08 09:01:14.648, 60, 1515, 72.41, 100, 1106
2026/10/08 09:01:15.652, 60, 1560, 71.79, 100, 1106
2026/10/08 09:01:16.655, 60, 1500, 72.03, 100, 1106
2026/10/08 09:01:17.659, 60, 1515, 72.32, 100, 1106
2026/10/08 09:01:18.660, 60, 1500, 72.39, 100, 1106
2026/10/08 09:01:19.661, 60, 1470, 71.68, 100, 1106
2026/10/08 09:01:20.670, 60, 1500, 71.63, 100, 1106
2026/10/08 09:01:21.674, 60, 1500, 71.78, 100, 1106
2026/10/08 09:01:22.680, 60, 1530, 71.87, 100, 1106
2026/10/08 09:01:23.682, 60, 1530, 72.32, 100, 1106
2026/10/08 09:01:24.683, 60, 1515, 71.67, 100, 1106
2026/10/08 09:01:25.685, 60, 1500, 72.05, 100, 1106
2026/10/08 09:01:26.691, 60, 1515, 71.86, 100, 1106
2026/10/08 09:01:27.697, 60, 1530, 72.35, 100, 1106
2026/10/08 09:01:28.698, 60, 1530, 71.96, 100, 1106
2026/10/08 09:01:29.704, 60, 1500, 71.57, 100, 1106
2026/10/08 09:01:30.711, 60, 1515, 71.60, 100, 1106
2026/10/08 09:01:31.719, 60, 1500, 71.91, 100, 1106
2026/10/08 09:01:32.725, 59, 1575, 72.15, 100, 1106
2026/10/08 09:01:33.733, 60, 1485, 72.32, 100, 1106
2026/10/08 09:01:34.733, 59, 1515, 71.93, 100, 1106
2026/10/08 09:01:35.734, 60, 1530, 72.17, 100, 1106
2026/10/08 09:01:36.743, 60, 1500, 71.69, 100, 1106
2026/10/08 09:01:37.748, 60, 1515, 71.85, 100, 1106
2026/10/08 09:01:38.751, 60, 1530, 71.63, 100, 1106
2026/10/08 09:01:39.759, 60, 1530, 71.62, 100, 1106
2026/10/08 09:01:40.767, 60, 1530, 72.05, 100, 1106
2026/10/08 09:01:41.771, 60, 1515, 72.01, 100, 1106
2026/10/08 09:01:42.772, 59, 1500, 71.95, 100, 1106
2026/10/08 09:01:43.780, 60, 1515, 71.98, 100, 1106
2026/10/08 09:01:44.784, 59, 1500, 72.18, 100, 1106
2026/10/08 09:01:45.793, 60, 1530, 71.80, 100, 1106
2026/10/08 09:01:46.795, 60, 1545, 71.82, 100, 1106
2026/10/08 09:01:47.798, 60, 1530, 71.91, 100, 1106
2026/10/08 09:01:48.805, 60, 1545, 72.26, 100, 1106
2026/10/08 09:01:49.811, 60, 1530, 72.08, 100, 1106
2026/10/08 09:01:50.821, 60, 1530, 72.19, 100, 1106
2026/10/08 09:01:51.836, 60, 1530, 72.07, 100, 1106
2026/10/08 09:01:52.836, 60, 1515, 72.04, 100, 1106
2026/10/08 09:01:53.843, 60, 1500, 71.31, 100, 1106
2026/10/08 09:01:54.844, 60, 1545, 72.11, 100, 1106
2026/10/08 09:01:55.853, 60, 1530, 72.24, 100, 1106
2026/10/08 09:01:56.854, 60, 1530, 72.41, 100, 1106
2026/10/08 09:01:57.855, 60, 1515, 72.16, 100, 1106
2026/10/08 09:01:58.862, 60, 1530, 72.29, 100, 1106
2026/10/08 09:01:59.878, 60, 1485, 72.46, 100, 1106
2026/10/08 09:02:00.879, 60, 1470, 72.19, 100, 1106
2026/10/08 09:02:01.892, 60, 1485, 72.27, 100, 1106
2026/10/08 09:02:02.897, 60, 1500, 71.82, 100, 1106
2026/10/08 09:02:03.907, 60, 1515, 72.02, 100, 1106
2026/10/08 09:02:04.913, 60, 1500, 72.04, 100, 1106
2026/10/08 09:02:05.919, 59, 1530, 71.82, 100, 1106
2026/10/08 09:02:06.922, 60, 1530, 72.10, 100, 1106
2026/10/08 09:02:07.933, 60, 1530, 71.88, 100, 1106
2026/10/08 09:02:08.937, 60, 1500, 72.08, 100, 1106
2026/10/08 09:02:09.943, 60, 1500, 71.62, 100, 1106
2026/10/08 09:02:10.944, 60, 1515, 71.77, 100, 1106
2026/10/08 09:02:11.947, 60, 1515, 72.11, 100, 1106
2026/10/08 09:02:12.956, 60, 1500, 71.94, 100, 1106
2026/10/08 09:02:13.959, 60, 1500, 70.96, 100, 1106
2026/10/08 09:02:14.961, 60, 1500, 72.28, 100, 1106
2026/10/08 09:02:15.968, 60, 1545, 71.78, 100, 1106
2026/10/08 09:02:16.991, 60, 1530, 71.68, 100, 1106
2026/10/08 09:02:18.003, 60, 1515, 72.31, 100, 1106
2026/10/08 09:02:19.003, 60, 1515, 72.18, 100, 1106
2026/10/08 09:02:20.007, 60, 1500, 71.61, 100, 1106
2026/10/08 09:02:21.012, 60, 1515, 72.04, 100, 1106
2026/10/08 09:02:22.022, 60, 1530, 71.82, 100, 1106
2026/10/08 09:02:23.027, 59, 1470, 71.93, 100, 1106
2026/10/08 09:02:24.035, 60, 1500, 72.01, 100, 1106
2026/10/08 09:02:25.037, 60, 1470, 71.96, 100, 1106
2026/10/08 09:02:26.042, 60, 1515, 71.93, 100, 1106
2026/10/08 09:02:27.048, 60, 1530, 71.99, 100, 1106
2026/10/08 09:02:28.051, 60, 1485, 71.96, 100, 1106
2026/10/08 09:02:29.052, 60, 1500, 72.16, 100, 1106
2026/10/08 09:02:30.055, 60, 1515, 72.08, 100, 1106
2026/10/08 09:02:31.062, 60, 1470, 72.18, 100, 1106
2026/10/08 09:02:32.095, 60, 1530, 72.01, 100, 1106
2026/10/08 09:02:33.100, 60, 1530, 72.63, 100, 1106
2026/10/08 09:02:34.111, 60, 1530, 71.86, 100, 1106
2026/10/08 09:02:35.111, 60, 1500, 71.75, 100, 1106
2026/10/08 09:02:36.118, 60, 1515, 72.20, 100, 1106
2026/10/08 09:02:37.118, 60, 1470, 71.92, 100, 1106
2026/10/08 09:02:38.126, 60, 1500, 72.25, 100, 1106
2026/10/08 09:02:39.126, 60, 1500, 72.16, 100, 1106
2026/10/08 09:02:40.135, 60, 1530, 71.54, 100, 1106
2026/10/08 09:02:41.136, 60, 1530, 71.83, 100, 1106
2026/10/08 09:02:42.144, 60, 1530, 72.29, 100, 1106
2026/10/08 09:02:43.154, 60, 1530, 72.22, 100, 1106
2026/10/08 09:02:44.161, 60, 1530, 71.98, 100, 1106
2026/10/08 09:02:45.162, 60, 1530, 71.96, 100, 1106
2026/10/08 09:02:46.170, 60, 1530, 72.39, 100, 1106
2026/10/08 09:02:47.192, 60, 1515, 72.03, 100, 1106
2026/10/08 09:02:48.197, 60, 1530, 71.90, 100, 1106
2026/10/08 09:02:49.207, 60, 1530, 72.35, 100, 1106
2026/10/08 09:02:50.209, 60, 1545, 72.01, 100, 1106
2026/10/08 09:02:51.213, 60, 1515, 72.41, 100, 1106
2026/10/08 09:02:52.218, 60, 1530, 71.51, 100, 1106
2026/10/08 09:02:53.222, 60, 1500, 72.11, 100, 1106
2026/10/08 09:02:54.229, 60, 1515, 72.03, 100, 1106
2026/10/08 09:02:55.237, 60, 1530, 71.66, 100, 1106
2026/10/08 09:02:56.237, 60, 1515, 71.47, 100, 1106
2026/10/08 09:02:57.248, 60, 1485, 72.34, 100, 1106
2026/10/08 09:02:58.248, 60, 1500, 71.89, 100, 1106
2026/10/08 09:02:59.248, 60, 1500, 71.99, 100, 1106
2026/10/08 09:03:00.256, 60, 1470, 72.26, 100, 1106
2026/10/08 09:03:01.258, 60, 1530, 72.06, 100, 1106
2026/10/08 09:03:02.258, 60, 1515, 72.09, 100, 1106
2026/10/08 09:03:03.263, 60, 1530, 71.91, 100, 1106
2026/10/08 09:03:04.267, 60, 1485, 71.90, 100, 1106
2026/10/08 09:03:05.272, 60, 1515, 71.38, 100, 1106
2026/10/08 09:03:06.278, 60, 1530, 71.68, 100, 1106
2026/10/08 09:03:07.285, 60, 1500, 72.02, 100, 1106
2026/10/08 09:03:08.289, 60, 1530, 71.62, 100, 1106
2026/10/08 09:03:09.293, 60, 1530, 71.39, 100, 1106
2026/10/08 09:03:10.294, 60, 1500, 72.30, 100, 1106
2026/10/08 09:03:11.301, 60, 1500, 72.25, 100, 1106
2026/10/08 09:03:12.305, 60, 1500, 72.06, 100, 1106
2026/10/08 09:03:13.305, 60, 1530, 72.07, 100, 1106
2026/10/08 09:03:14.308, 60, 1530, 72.06, 100, 1106
2026/10/08 09:03:15.309, 60, 1500, 72.14, 100, 1106
2026/10/08 09:03:16.319, 60, 1530, 72.20, 100, 1106
2026/10/08 09:03:17.323, 60, 1500, 71.78, 100, 1106
2026/10/08 09:03:18.324, 60, 1515, 72.31, 100, 1106
2026/10/08 09:03:19.328, 60, 1530, 71.74, 100, 1106
2026/10/08 09:03:20.328, 60, 1530, 72.18, 100, 1106
2026/10/08 09:03:21.329, 60, 1545, 71.60, 100, 1106
2026/10/08 09:03:22.329, 60, 1500, 71.87, 100, 1106
2026/10/08 09:03:23.331, 60, 1500, 72.46, 100, 1106
2026/10/08 09:03:24.331, 60, 1530, 71.86, 100, 1106
2026/10/08 09:03:25.331, 60, 1515, 71.93, 100, 1106
2026/10/08 09:03:26.332, 60, 1485, 71.62, 100, 1106
2026/10/08 09:03:27.333, 60, 1530, 72.00, 100, 1106
2026/10/08 09:03:28.335, 60, 1530, 71.22, 100, 1106
2026/10/08 09:03:29.338, 59, 1470, 72.43, 100, 1106
2026/10/08 09:03:30.338, 60, 1485, 71.80, 100, 1106
2026/10/08 09:03:31.347, 60, 1500, 71.95, 100, 1106
2026/10/08 09:03:32.351, 60, 1500, 71.91, 100, 1106
2026/10/08 09:03:33.355, 60, 1515, 72.03, 100, 1106
2026/10/08 09:03:34.363, 59, 1530, 72.18, 100, 1106
2026/10/08 09:03:35.365, 60, 1500, 72.03, 100, 1106
2026/10/08 09:03:36.373, 60, 1500, 71.60, 100, 1106
2026/10/08 09:03:37.378, 60, 1470, 72.02, 100, 1106
2026/10/08 09:03:38.384, 60, 1560, 71.65, 100, 1106
2026/10/08 09:03:39.385, 59, 1500, 72.01, 100, 1106
2026/10/08 09:03:40.388, 59, 1530, 71.80, 100, 1106
2026/10/08 09:03:41.388, 60, 1530, 71.89, 100, 1106
2026/10/08 09:03:42.389, 60, 1515, 71.95, 100, 1106
2026/10/08 09:03:43.389, 60, 1500, 72.65, 100, 1106
2026/10/08 09:03:44.390, 60, 1485, 72.19, 100, 1106
2026/10/08 09:03:45.398, 60, 1500, 71.95, 100, 1106
2026/10/08 09:03:46.404, 60, 1530, 71.79, 100, 1106
2026/10/08 09:03:47.414, 59, 1500, 71.93, 100, 1106
2026/10/08 09:03:48.419, 60, 1500, 71.31, 100, 1106
2026/10/08 09:03:49.423, 60, 1530, 72.30, 100, 1106
2026/10/08 09:03:50.426, 60, 1515, 72.15, 100, 1106
2026/10/08 09:03:51.428, 60, 1530, 72.75, 100, 1106
2026/10/08 09:03:52.430, 60, 1500, 71.90, 100, 1106
2026/10/08 09:03:53.435, 60, 1530, 71.84, 100, 1106
2026/10/08 09:03:54.439, 60, 1530, 72.44, 100, 1106
2026/10/08 09:03:55.443, 60, 1500, 72.20, 100, 1106
2026/10/08 09:03:56.448, 60, 1515, 71.93, 100, 1106
2026/10/08 09:03:57.454, 60, 1560, 72.10, 100, 1106
2026/10/08 09:03:58.457, 60, 1545, 72.07, 100, 1106
2026/10/08 09:03:59.458, 60, 1545, 72.00, 100, 1106
2026/10/08 09:04:00.460, 60, 1530, 72.27, 100, 1106
2026/10/08 09:04:01.466, 60, 1530, 72.26, 100, 1106
2026/10/08 09:04:02.952, 60, 1500, 72.14, 100, 1106
2026/10/08 09:04:03.953, 60, 1530, 71.85, 100, 1106
2026/10/08 09:04:04.957, 60, 1530, 72.35, 100, 1106
2026/10/08 09:04:05.965, 60, 1530, 71.94, 100, 1106
2026/10/08 09:04:06.970, 60, 1470, 71.85, 100, 1106
2026/10/08 09:04:07.973, 59, 1515, 72.06, 100, 1106
2026/10/08 09:04:08.973, 59, 1530, 72.21, 100, 1106
2026/10/08 09:04:09.976, 60, 1515, 72.02, 100, 1106
2026/10/08 09:04:10.983, 60, 1530, 71.61, 100, 1106
2026/10/08 09:04:11.986, 60, 1530, 72.00, 100, 1106
2026/10/08 09:04:12.996, 60, 1530, 71.71, 100, 1106
2026/10/08 09:04:14.002, 60, 1515, 72.16, 100, 1106
2026/10/08 09:04:15.008, 59, 1500, 71.73, 100, 1106
2026/10/08 09:04:16.011, 60, 1530, 71.21, 100, 1106
2026/10/08 09:04:17.013, 60, 1515, 71.92, 100, 1106
2026/10/08 09:04:18.021, 59, 1500, 71.94, 100, 1106
2026/10/08 09:04:19.021, 60, 1515, 72.17, 100, 1106
2026/10/08 09:04:20.024, 60, 1530, 71.89, 100, 1106
2026/10/08 09:04:21.032, 59, 1500, 72.01, 100, 1106
2026/10/08 09:04:22.040, 60, 1515, 72.70, 100, 1106
2026/10/08 09:04:23.043, 60, 1515, 72.33, 100, 1106
2026/10/08 09:04:24.043, 60, 1515, 71.41, 100, 1106
2026/10/08 09:04:25.049, 59, 1515, 71.56, 100, 1106
2026/10/08 09:04:26.055, 60, 1500, 72.51, 100, 1106
2026/10/08 09:04:27.055, 59, 1500, 72.17, 100, 1106
2026/10/08 09:04:28.060, 59, 1530, 71.89, 100, 1106
2026/10/08 09:04:29.063, 60, 1485, 72.14, 100, 1106
2026/10/08 09:04:30.068, 59, 1515, 71.61, 100, 1106
2026/10/08 09:04:31.070, 60, 1515, 71.75, 100, 1106
2026/10/08 09:04:32.070, 59, 1500, 72.12, 100, 1106
2026/10/08 09:04:33.074, 60, 1530, 72.31, 100, 1106
2026/10/08 09:04:34.076, 59, 1530, 72.38, 100, 1106
2026/10/08 09:04:35.076, 59, 1515, 71.55, 100, 1106
2026/10/08 09:04:36.081, 60, 1500, 71.90, 100, 1106
2026/10/08 09:04:37.082, 59, 1500, 71.87, 100, 1106
2026/10/08 09:04:38.086, 59, 1515, 71.81, 100, 1106
2026/10/08 09:04:39.088, 60, 1500, 71.97, 100, 1106
2026/10/08 09:04:40.088, 60, 1530, 72.38, 100, 1106
2026/10/08 09:04:41.091, 59, 1515, 71.77, 100, 1106
2026/10/08 09:04:42.093, 59, 1500, 71.65, 100, 1106
2026/10/08 09:04:43.095, 59, 1530, 71.79, 100, 1106
2026/10/08 09:04:44.100, 59, 1515, 71.76, 100, 1106
2026/10/08 09:04:45.101, 60, 1515, 72.20, 100, 1106
2026/10/08 09:04:46.103, 60, 1530, 71.89, 100, 1106
2026/10/08 09:04:47.108, 60, 1650, 71.77, 99, 1106
2026/10/08 09:04:48.113, 59, 1515, 72.95, 100, 1106
2026/10/08 09:04:49.115, 59, 1530, 72.23, 100, 1106
2026/10/08 09:04:50.116, 59, 1515, 71.68, 100, 1106
2026/10/08 09:04:51.116, 60, 1530, 71.62, 100, 1106
2026/10/08 09:04:52.121, 59, 1530, 72.15, 100, 1106
2026/10/08 09:04:53.126, 59, 1545, 71.89, 100, 1106
2026/10/08 09:04:54.131, 60, 1515, 72.12, 100, 1106
2026/10/08 09:04:55.131, 59, 1455, 72.18, 100, 1106
2026/10/08 09:04:56.134, 60, 1470, 72.28, 100, 1106
2026/10/08 09:04:57.136, 59, 1515, 71.82, 100, 1106
2026/10/08 09:04:58.136, 60, 1470, 71.82, 100, 1106
2026/10/08 09:04:59.136, 60, 1500, 71.85, 100, 1106
2026/10/08 09:05:00.140, 60, 1545, 71.79, 100, 1106
2026/10/08 09:05:01.144, 59, 1545, 71.74, 100, 1106
2026/10/08 09:05:02.148, 60, 1530, 71.45, 100, 1106
2026/10/08 09:05:03.151, 59, 1470, 72.00, 100, 1106
2026/10/08 09:05:04.156, 59, 1500, 72.04, 100, 1106
2026/10/08 09:05:05.164, 59, 1485, 72.23, 100, 1106
2026/10/08 09:05:06.165, 59, 1515, 71.51, 100, 1106
2026/10/08 09:05:07.172, 60, 1530, 71.42, 100, 1106
2026/10/08 09:05:08.174, 59, 1485, 71.51, 100, 1106
2026/10/08 09:05:09.174, 59, 1485, 71.93, 100, 1106
2026/10/08 09:05:10.179, 59, 1500, 72.33, 100, 1106
2026/10/08 09:05:11.183, 59, 1530, 71.97, 100, 1106
2026/10/08 09:05:12.187, 59, 1485, 72.04, 100, 1106
2026/10/08 09:05:13.193, 59, 1515, 71.70, 100, 1106
2026/10/08 09:05:14.202, 60, 1530, 71.24, 100, 1106
2026/10/08 09:05:15.207, 59, 1500, 71.99, 100, 1106
2026/10/08 09:05:16.212, 60, 1515, 71.90, 100, 1106
2026/10/08 09:05:17.225, 59, 1485, 72.50, 100, 1106
2026/10/08 09:05:18.226, 60, 1545, 72.00, 100, 1106
2026/10/08 09:05:19.231, 59, 1530, 71.50, 100, 1106
2026/10/08 09:05:20.233, 59, 1530, 72.00, 100, 1106
2026/10/08 09:05:21.233, 60, 1545, 71.54, 100, 1106
2026/10/08 09:05:22.233, 60, 1485, 72.09, 100, 1106
2026/10/08 09:05:23.235, 60, 1530, 72.32, 100, 1106
2026/10/08 09:05:24.237, 60, 1470, 72.08, 100, 1106
2026/10/08 09:05:25.239, 59, 1500, 71.74, 100, 1106
2026/10/08 09:05:26.240, 60, 1485, 72.24, 100, 1106
2026/10/08 09:05:27.245, 59, 1515, 71.95, 100, 1106
2026/10/08 09:05:28.246, 60, 1500, 71.95, 100, 1106
2026/10/08 09:05:29.246, 60, 1515, 72.12, 100, 1106
2026/10/08 09:05:30.253, 60, 1545, 72.14, 100, 1106
2026/10/08 09:05:31.258, 60, 1530, 71.84, 100, 1106
2026/10/08 09:05:32.265, 60, 1530, 71.74, 100, 1106
2026/10/08 09:05:33.269, 60, 1500, 71.49, 100, 1106
2026/10/08 09:05:34.269, 60, 1485, 71.95, 100, 1106
2026/10/08 09:05:35.272, 59, 1515, 71.74, 100, 1106
2026/10/08 09:05:36.273, 60, 1500, 71.97, 100, 1106
2026/10/08 09:05:37.273, 60, 1530, 72.26, 100, 1106
2026/10/08 09:05:38.277, 60, 1515, 72.06, 100, 1106
2026/10/08 09:05:39.282, 59, 1500, 71.66, 100, 1106
2026/10/08 09:05:40.284, 60, 1500, 71.58, 100, 1106
2026/10/08 09:05:41.288, 60, 1485, 72.10, 100, 1106
2026/10/08 09:05:42.288, 60, 1485, 72.29, 100, 1106
2026/10/08 09:05:43.294, 60, 1500, 72.58, 100, 1106
2026/10/08 09:05:44.299, 60, 1515, 71.81, 100, 1106
2026/10/08 09:05:45.299, 60, 1530, 72.03, 100, 1106
2026/10/08 09:05:46.300, 60, 1515, 72.52, 100, 1106
2026/10/08 09:05:47.305, 60, 1515, 72.20, 100, 1106
2026/10/08 09:05:48.305, 60, 1530, 71.91, 100, 1106
2026/10/08 09:05:49.310, 60, 1530, 71.96, 100, 1106
2026/10/08 09:05:50.316, 60, 1530, 72.48, 100, 1106
2026/10/08 09:05:51.319, 60, 1470, 71.53, 100, 1106
2026/10/08 09:05:52.321, 60, 1485, 72.10, 100, 1106
2026/10/08 09:05:53.322, 60, 1515, 72.10, 100, 1106
2026/10/08 09:05:54.327, 60, 1530, 72.28, 100, 1106
2026/10/08 09:05:55.330, 60, 1500, 71.73, 100, 1106
2026/10/08 09:05:56.331, 60, 1500, 72.04, 100, 1106
2026/10/08 09:05:57.333, 60, 1530, 71.81, 100, 1106
2026/10/08 09:05:58.333, 60, 1530, 72.02, 100, 1106
2026/10/08 09:05:59.335, 60, 1485, 71.66, 100, 1106
2026/10/08 09:06:00.340, 60, 1515, 72.09, 100, 1106
2026/10/08 09:06:01.340, 60, 1470, 72.26, 100, 1106
2026/10/08 09:06:02.343, 60, 1500, 71.86, 100, 1106
2026/10/08 09:06:03.346, 60, 1530, 71.98, 100, 1106
2026/10/08 09:06:04.352, 60, 1515, 72.08, 100, 1106
2026/10/08 09:06:05.356, 60, 1530, 71.61, 100, 1106
2026/10/08 09:06:06.363, 60, 1515, 72.04, 100, 1106
2026/10/08 09:06:07.369, 60, 1500, 72.12, 100, 1106
2026/10/08 09:06:08.374, 60, 1530, 72.02, 100, 1106
2026/10/08 09:06:09.375, 60, 1515, 72.50, 100, 1106
2026/10/08 09:06:10.377, 60, 1545, 72.10, 100, 1106
2026/10/08 09:06:11.383, 60, 1515, 71.74, 100, 1106
2026/10/08 09:06:12.388, 60, 1485, 72.04, 100, 1106
2026/10/08 09:06:13.392, 60, 1515, 72.33, 100, 1106
2026/10/08 09:06:14.398, 60, 1515, 71.99, 100, 1106
2026/10/08 09:06:15.408, 60, 1485, 71.92, 100, 1106
2026/10/08 09:06:16.414, 60, 1515, 72.24, 100, 1106
2026/10/08 09:06:17.420, 60, 1530, 72.35, 100, 1106
2026/10/08 09:06:18.423, 60, 1530, 72.30, 100, 1106
2026/10/08 09:06:19.425, 60, 1500, 72.04, 100, 1106
2026/10/08 09:06:20.429, 60, 1500, 72.28, 100, 1106
2026/10/08 09:06:21.435, 60, 1515, 72.26, 100, 1106
2026/10/08 09:06:22.441, 60, 1515, 71.92, 100, 1106
2026/10/08 09:06:23.446, 60, 1530, 71.67, 100, 1106
2026/10/08 09:06:24.447, 60, 1515, 72.16, 100, 1106
2026/10/08 09:06:25.450, 60, 1500, 72.08, 100, 1106
2026/10/08 09:06:26.455, 60, 1530, 71.97, 100, 1106
2026/10/08 09:06:27.458, 60, 1500, 72.03, 100, 1106
2026/10/08 09:06:28.469, 60, 1500, 71.47, 100, 1106
2026/10/08 09:06:29.474, 60, 1515, 71.97, 100, 1106
2026/10/08 09:06:30.483, 60, 1485, 72.14, 100, 1106
2026/10/08 09:06:31.485, 60, 1515, 72.14, 100, 1106
2026/10/08 09:06:32.489, 60, 1500, 71.63, 100, 1106
2026/10/08 09:06:33.494, 60, 1530, 72.39, 100, 1106
2026/10/08 09:06:34.500, 60, 1515, 72.27, 100, 1106
2026/10/08 09:06:35.502, 60, 1515, 71.76, 100, 1106
2026/10/08 09:06:36.502, 60, 1515, 71.95, 100, 1106
2026/10/08 09:06:37.507, 60, 1530, 72.04, 100, 1106
2026/10/08 09:06:38.512, 60, 1515, 71.95, 100, 1106
2026/10/08 09:06:39.515, 60, 1545, 72.13, 100, 1106
2026/10/08 09:06:40.520, 60, 1530, 72.46, 100, 1106
2026/10/08 09:06:41.522, 60, 1530, 72.08, 100, 1106
2026/10/08 09:06:42.523, 60, 1530, 71.61, 100, 1106
2026/10/08 09:06:43.528, 60, 1500, 71.82, 100, 1106
2026/10/08 09:06:44.537, 60, 1515, 71.97, 100, 1106
2026/10/08 09:06:45.539, 60, 1530, 71.41, 100, 1106
2026/10/08 09:06:46.544, 60, 1500, 72.32, 100, 1106
2026/10/08 09:06:47.546, 60, 1500, 71.82, 100, 1106
2026/10/08 09:06:48.547, 60, 1515, 71.65, 100, 1106
2026/10/08 09:06:49.556, 60, 1530, 72.35, 100, 1106
2026/10/08 09:06:50.556, 60, 1515, 71.91, 100, 1106
2026/10/08 09:06:51.560, 60, 1515, 71.97, 100, 1106
2026/10/08 09:06:52.566, 60, 1500, 71.86, 100, 1106
2026/10/08 09:06:53.570, 60, 1485, 71.89, 100, 1106
2026/10/08 09:06:54.573, 60, 1545, 71.94, 100, 1106
2026/10/08 09:06:55.573, 60, 1515, 72.31, 100, 1106
2026/10/08 09:06:56.579, 60, 1500, 72.09, 100, 1106
2026/10/08 09:06:57.583, 60, 1515, 71.89, 100, 1106
2026/10/08 09:06:58.589, 60, 1530, 72.06, 100, 1106
2026/10/08 09:06:59.593, 60, 1530, 71.85, 100, 1106
2026/10/08 09:07:00.597, 60, 1530, 72.06, 100, 1106
2026/10/08 09:07:01.603, 60, 1530, 72.11, 100, 1106
2026/10/08 09:07:02.607, 60, 1515, 72.32, 100, 1106
2026/10/08 09:07:03.607, 60, 1515, 72.31, 100, 1106
2026/10/08 09:07:04.611, 60, 1515, 72.35, 100, 1106
2026/10/08 09:07:05.613, 60, 1530, 71.92, 100, 1106
2026/10/08 09:07:06.617, 60, 1515, 72.40, 100, 1106
2026/10/08 09:07:07.618, 60, 1530, 71.90, 100, 1106
2026/10/08 09:07:08.621, 60, 1530, 71.75, 100, 1106
2026/10/08 09:07:09.622, 60, 1515, 72.49, 100, 1106
2026/10/08 09:07:10.624, 60, 1530, 71.89, 100, 1106
2026/10/08 09:07:11.629, 60, 1545, 72.14, 100, 1106
2026/10/08 09:07:12.634, 60, 1515, 72.00, 100, 1106
2026/10/08 09:07:13.641, 60, 1500, 71.88, 100, 1106
2026/10/08 09:07:14.657, 60, 1530, 71.77, 100, 1106
2026/10/08 09:07:15.662, 60, 1500, 71.98, 100, 1106
2026/10/08 09:07:16.667, 60, 1530, 71.97, 100, 1106
2026/10/08 09:07:17.668, 60, 1485, 72.23, 100, 1106
2026/10/08 09:07:18.672, 60, 1530, 72.16, 100, 1106
2026/10/08 09:07:19.676, 60, 1485, 71.80, 100, 1106
2026/10/08 09:07:20.679, 60, 1530, 71.56, 100, 1106
2026/10/08 09:07:21.685, 60, 1500, 71.96, 100, 1106
2026/10/08 09:07:22.690, 60, 1500, 71.66, 100, 1106
2026/10/08 09:07:23.694, 60, 1500, 71.96, 100, 1106
2026/10/08 09:07:24.695, 60, 1500, 72.57, 100, 1106
2026/10/08 09:07:25.700, 60, 1515, 72.20, 100, 1106
2026/10/08 09:07:26.701, 60, 1500, 71.95, 100, 1106
2026/10/08 09:07:27.703, 60, 1515, 72.41, 100, 1106
2026/10/08 09:07:28.709, 60, 1545, 71.82, 100, 1106
2026/10/08 09:07:29.709, 60, 1500, 71.99, 100, 1106
2026/10/08 09:07:30.710, 60, 1485, 72.07, 100, 1106
2026/10/08 09:07:31.710, 60, 1500, 72.42, 100, 1106
2026/10/08 09:07:32.712, 60, 1515, 71.91, 100, 1106
2026/10/08 09:07:33.713, 60, 1530, 72.47, 100, 1106
2026/10/08 09:07:34.719, 60, 1485, 72.33, 100, 1106
2026/10/08 09:07:35.721, 60, 1500, 71.77, 100, 1106
2026/10/08 09:07:36.723, 60, 1485, 72.01, 100, 1106
2026/10/08 09:07:37.728, 60, 1485, 71.86, 100, 1106
2026/10/08 09:07:38.729, 60, 1500, 71.85, 100, 1106
2026/10/08 09:07:39.734, 60, 1530, 72.33, 100, 1106
2026/10/08 09:07:40.738, 60, 1530, 71.47, 100, 1106
2026/10/08 09:07:41.740, 60, 1530, 72.08, 100, 1106
2026/10/08 09:07:42.744, 60, 1530, 71.91, 100, 1106
2026/10/08 09:07:43.748, 60, 1530, 72.12, 100, 1106
2026/10/08 09:07:44.751, 60, 1515, 72.10, 100, 1106
2026/10/08 09:07:45.754, 60, 1530, 71.57, 100, 1106
2026/10/08 09:07:46.759, 60, 1515, 72.23, 100, 1106
2026/10/08 09:07:47.760, 60, 1500, 71.83, 100, 1106
2026/10/08 09:07:48.760, 60, 1545, 71.67, 100, 1106
2026/10/08 09:07:49.765, 60, 1545, 71.91, 100, 1106
2026/10/08 09:07:50.768, 60, 1500, 71.64, 100, 1106
2026/10/08 09:07:51.775, 60, 1515, 71.77, 100, 1106
2026/10/08 09:07:52.782, 60, 1515, 72.32, 100, 1106
2026/10/08 09:07:53.786, 60, 1470, 72.12, 100, 1106
2026/10/08 09:07:54.790, 60, 1500, 71.83, 100, 1106
2026/10/08 09:07:55.791, 60, 1500, 71.43, 100, 1106
2026/10/08 09:07:56.793, 60, 1530, 71.84, 100, 1106
2026/10/08 09:07:57.794, 60, 1500, 71.97, 100, 1106
2026/10/08 09:07:58.796, 60, 1500, 71.96, 100, 1106
2026/10/08 09:07:59.797, 60, 1530, 72.43, 100, 1106
2026/10/08 09:08:00.804, 60, 1500, 72.44, 100, 1106
2026/10/08 09:08:01.808, 60, 1515, 72.00, 100, 1106
2026/10/08 09:08:02.814, 60, 1515, 72.03, 100, 1106
2026/10/08 09:08:03.817, 60, 1500, 71.86, 100, 1106
2026/10/08 09:08:04.830, 60, 1515, 72.22, 100, 1106
2026/10/08 09:08:05.834, 60, 1500, 72.71, 100, 1106
2026/10/08 09:08:06.842, 60, 1515, 72.18, 100, 1106
2026/10/08 09:08:07.843, 60, 1515, 72.71, 100, 1106
2026/10/08 09:08:08.850, 60, 1530, 72.20, 100, 1106
2026/10/08 09:08:09.854, 60, 1530, 72.03, 100, 1106
2026/10/08 09:08:10.860, 60, 1545, 72.27, 100, 1106
2026/10/08 09:08:11.865, 60, 1515, 72.80, 100, 1106
2026/10/08 09:08:12.868, 60, 1515, 72.07, 100, 1106
2026/10/08 09:08:13.868, 60, 1530, 72.13, 100, 1106
2026/10/08 09:08:14.892, 60, 1515, 71.71, 100, 1106
2026/10/08 09:08:15.901, 60, 1515, 71.81, 100, 1106
2026/10/08 09:08:16.903, 60, 1515, 71.73, 100, 1106
2026/10/08 09:08:17.908, 60, 1530, 71.46, 100, 1106
2026/10/08 09:08:18.909, 60, 1545, 72.02, 100, 1106
2026/10/08 09:08:19.910, 61, 1545, 72.43, 94, 1106
2026/10/08 09:08:20.915, 60, 1545, 71.97, 100, 1106
2026/10/08 09:08:21.915, 60, 1530, 72.06, 100, 1106
2026/10/08 09:08:22.916, 60, 1515, 72.01, 100, 1106
2026/10/08 09:08:23.922, 60, 1515, 72.12, 100, 1106
2026/10/08 09:08:24.925, 60, 1530, 72.31, 100, 1106
2026/10/08 09:08:25.930, 60, 1530, 72.34, 100, 1106
2026/10/08 09:08:26.931, 60, 1455, 71.67, 100, 1106
2026/10/08 09:08:27.933, 60, 1650, 71.95, 98, 1106
2026/10/08 09:08:28.937, 58, 2025, 62.08, 0, 1106
2026/10/08 09:08:30.042, 57, 2040, 39.68, 0, 1106
2026/10/08 09:08:31.043, 56, 2040, 36.56, 0, 1106
