case,implementation,repeat,iteration,preprocess_ms,inference_ms,stream_total_ms,host_total_ms
chelsea,baseline,0,0,0.18534399569034576,2.0687038898468018,2.2540481090545654,2.290332
chelsea,baseline,0,1,0.14921599626541138,2.047327995300293,2.1965439319610596,2.211502
chelsea,baseline,0,2,0.1725119948387146,2.0698559284210205,2.24236798286438,2.256391
chelsea,baseline,0,3,0.1462080031633377,2.0671041011810303,2.2133119106292725,2.227387
chelsea,baseline,0,4,0.14630399644374847,2.1042559146881104,2.2505600452423096,2.263891
chelsea,baseline,0,5,0.14800000190734863,2.11299204826355,2.2609920501708984,2.274879
chelsea,baseline,0,6,0.15564799308776855,2.0358400344848633,2.191488027572632,2.207226
chelsea,baseline,0,7,0.1472640037536621,2.1237759590148926,2.2710399627685547,2.284533
chelsea,baseline,0,8,0.14633600413799286,2.0858559608459473,2.232192039489746,2.245814
chelsea,baseline,0,9,0.16092799603939056,2.0972800254821777,2.2582080364227295,2.271593
chelsea,baseline,0,10,0.14761599898338318,2.0727999210357666,2.2204160690307617,2.233546
chelsea,baseline,0,11,0.14604799449443817,2.080512046813965,2.226560115814209,2.239615
chelsea,baseline,0,12,0.1594880074262619,2.090656042098999,2.2501440048217773,2.263321
chelsea,baseline,0,13,0.17603200674057007,2.0557119846343994,2.2317440509796143,2.245654
chelsea,baseline,0,14,0.14496000111103058,2.051680088043213,2.1966400146484375,2.209839
chelsea,baseline,0,15,0.14585599303245544,2.09334397315979,2.2392001152038574,2.252434
chelsea,baseline,0,16,0.14748799800872803,2.161247968673706,2.3087360858917236,2.32267
chelsea,baseline,0,17,0.15455999970436096,2.1619839668273926,2.3165440559387207,2.332526
chelsea,baseline,0,18,0.14854399859905243,2.0768001079559326,2.225343942642212,2.238924
chelsea,baseline,0,19,0.16223999857902527,2.108704090118408,2.270944118499756,2.284694
chelsea,baseline,0,20,0.17446400225162506,2.1309120655059814,2.3053760528564453,2.318605
chelsea,baseline,0,21,0.1470080018043518,2.060703992843628,2.207711935043335,2.221698
chelsea,baseline,0,22,0.1462399959564209,2.0973119735717773,2.2435519695281982,2.261488
chelsea,baseline,0,23,0.1456640064716339,2.1162240505218506,2.261888027191162,2.275099
chelsea,baseline,0,24,0.14851200580596924,2.096031904220581,2.24454402923584,2.258413
chelsea,baseline,0,25,0.14428800344467163,2.080575942993164,2.2248640060424805,2.238713
chelsea,baseline,0,26,0.1462399959564209,2.0810561180114746,2.2272961139678955,2.241248
chelsea,baseline,0,27,0.17558400332927704,2.035871982574463,2.211456060409546,2.224962
chelsea,baseline,0,28,0.14713600277900696,2.0331199169158936,2.180255889892578,2.193665
chelsea,baseline,0,29,0.1462080031633377,2.017087936401367,2.1632959842681885,2.177
chelsea,baseline,0,30,0.1438400000333786,2.0121920108795166,2.156032085418701,2.168547
chelsea,baseline,0,31,0.14211200177669525,2.049344062805176,2.1914560794830322,2.204672
chelsea,baseline,0,32,0.15760000050067902,2.012671947479248,2.1702721118927,2.183149
chelsea,baseline,0,33,0.1523520052433014,2.061824083328247,2.2141759395599365,2.227617
chelsea,baseline,0,34,0.1435520052909851,2.158911943435669,2.302464008331299,2.31588
chelsea,baseline,0,35,0.1581439971923828,2.225343942642212,2.3834879398345947,2.396673
chelsea,baseline,0,36,0.14688000082969666,2.0463039875030518,2.1931838989257812,2.206465
chelsea,baseline,0,37,0.14800000190734863,2.0081920623779297,2.1561920642852783,2.169909
chelsea,baseline,0,38,0.17238399386405945,2.109312057495117,2.281696081161499,2.298564
chelsea,baseline,0,39,0.1762239933013916,2.1338560581207275,2.310080051422119,2.323052
chelsea,baseline,0,40,0.1478399932384491,2.080832004547119,2.2286720275878906,2.242279
chelsea,baseline,0,41,0.1478080004453659,2.0885438919067383,2.23635196685791,2.24948
chelsea,baseline,0,42,0.1451520025730133,2.0702719688415527,2.215424060821533,2.229079
chelsea,baseline,0,43,0.16806399822235107,2.1400959491729736,2.3081600666046143,2.323562
chelsea,baseline,0,44,0.14662399888038635,2.0776960849761963,2.2243199348449707,2.237852
chelsea,baseline,0,45,0.14444799721240997,2.0297598838806152,2.174207925796509,2.187807
chelsea,baseline,0,46,0.14179199934005737,2.1245439052581787,2.266335964202881,2.279756
chelsea,baseline,0,47,0.1454399973154068,2.0966079235076904,2.2420480251312256,2.255549
chelsea,baseline,0,48,0.14611199498176575,2.0981760025024414,2.2442879676818848,2.257462
chelsea,baseline,0,49,0.147039994597435,2.092384099960327,2.239423990249634,2.252795
chelsea,baseline,0,50,0.17027199268341064,2.021631956100464,2.191904067993164,2.205113
chelsea,baseline,0,51,0.14470399916172028,2.0766079425811768,2.2213120460510254,2.234827
chelsea,baseline,0,52,0.14422400295734406,2.0850560665130615,2.2292799949645996,2.242689
chelsea,baseline,0,53,0.15171200037002563,2.082240104675293,2.233952045440674,2.247778
chelsea,baseline,0,54,0.1589760035276413,2.0031039714813232,2.1620800495147705,2.176208
chelsea,baseline,0,55,0.15520000457763672,2.105056047439575,2.260256052017212,2.273667
chelsea,baseline,0,56,0.15775999426841736,2.036799907684326,2.1945600509643555,2.210892
chelsea,baseline,0,57,0.14291200041770935,2.0876479148864746,2.230560064315796,2.243941
chelsea,baseline,0,58,0.17174400389194489,2.0688960552215576,2.2406399250030518,2.254447
chelsea,baseline,0,59,0.14310400187969208,1.9998400211334229,2.142944097518921,2.156529
chelsea,baseline,0,60,0.14294399321079254,2.0281600952148438,2.1711039543151855,2.184472
chelsea,baseline,0,61,0.1443839967250824,2.157599925994873,2.3019840717315674,2.315299
chelsea,baseline,0,62,0.15564799308776855,2.1106560230255127,2.2663040161132812,2.280267
chelsea,baseline,0,63,0.14876799285411835,2.0846400260925293,2.233407974243164,2.247587
chelsea,baseline,0,64,0.14614400267601013,2.082943916320801,2.229088068008423,2.24262
chelsea,baseline,0,65,0.14575999975204468,2.000351905822754,2.1461119651794434,2.159704
chelsea,baseline,0,66,0.16592000424861908,2.012864112854004,2.178783893585205,2.191452
chelsea,baseline,0,67,0.1425279974937439,2.1328959465026855,2.275424003601074,2.28873
chelsea,baseline,0,68,0.14470399916172028,2.0548160076141357,2.1995201110839844,2.212784
chelsea,baseline,0,69,0.14339199662208557,2.1990718841552734,2.342463970184326,2.356532
chelsea,baseline,0,70,0.151296004652977,2.109312057495117,2.260607957839966,2.274338
chelsea,baseline,0,71,0.14505599439144135,2.078943967819214,2.2239999771118164,2.237202
chelsea,baseline,0,72,0.1456640064716339,2.0312960147857666,2.176959991455078,2.19044
chelsea,baseline,0,73,0.14256000518798828,2.0228159427642822,2.1653759479522705,2.179103
chelsea,baseline,0,74,0.16313600540161133,2.0468480587005615,2.209984064102173,2.224832
chelsea,baseline,0,75,0.14697599411010742,2.097599983215332,2.2445759773254395,2.258283
chelsea,baseline,0,76,0.1486400067806244,2.080928087234497,2.2295680046081543,2.24291
chelsea,baseline,0,77,0.14406399428844452,2.187839984893799,2.3319039344787598,2.345105
chelsea,baseline,0,78,0.14732800424098969,2.1167678833007812,2.2640960216522217,2.277622
chelsea,baseline,0,79,0.1472959965467453,2.075007915496826,2.222304105758667,2.235879
chelsea,baseline,0,80,0.1467839926481247,2.120896100997925,2.2676799297332764,2.281549
chelsea,baseline,0,81,0.1499200016260147,2.1347200870513916,2.284640073776245,2.300177
chelsea,baseline,0,82,0.14710399508476257,2.0692479610443115,2.2163519859313965,2.22957
chelsea,baseline,0,83,0.1560640037059784,2.163968086242676,2.3200318813323975,2.332956
chelsea,baseline,0,84,0.1695999950170517,2.0768320560455322,2.246432065963745,2.260407
chelsea,baseline,0,85,0.14761599898338318,2.1053121089935303,2.2529280185699463,2.266205
chelsea,baseline,0,86,0.14563199877738953,2.1078081130981445,2.2534399032592773,2.266275
chelsea,baseline,0,87,0.14528000354766846,2.129631996154785,2.274912118911743,2.28887
chelsea,baseline,0,88,0.14899200201034546,2.0857279300689697,2.23471999168396,2.248078
chelsea,baseline,0,89,0.14720000326633453,2.1012799739837646,2.2484800815582275,2.261778
chelsea,baseline,0,90,0.15033599734306335,2.102463960647583,2.2527999877929688,2.266275
chelsea,baseline,0,91,0.17936000227928162,2.0602879524230957,2.2396481037139893,2.253005
chelsea,baseline,0,92,0.15907199680805206,2.0730559825897217,2.2321279048919678,2.248388
chelsea,baseline,0,93,0.1475519984960556,2.101088047027588,2.2486400604248047,2.262079
chelsea,baseline,0,94,0.14870400726795197,2.136960029602051,2.2856640815734863,2.298985
chelsea,baseline,0,95,0.1637759953737259,2.088576078414917,2.252351999282837,2.265654
chelsea,baseline,0,96,0.14716799557209015,2.1862080097198486,2.333375930786133,2.346768
chelsea,baseline,0,97,0.14873600006103516,2.1346559524536133,2.2833919525146484,2.297192
chelsea,baseline,0,98,0.14707200229167938,2.2036800384521484,2.350752115249634,2.363924
chelsea,baseline,0,99,0.14534400403499603,2.1467840671539307,2.292128086090088,2.305254
chelsea,baseline,0,100,0.1483200043439865,2.116607904434204,2.264928102493286,2.278233
chelsea,baseline,0,101,0.14908799529075623,2.0622079372406006,2.2112960815429688,2.225334
chelsea,baseline,0,102,0.14739200472831726,2.0715200901031494,2.21891188621521,2.232074
chelsea,baseline,0,103,0.14694400131702423,2.132352113723755,2.2792959213256836,2.292636
chelsea,baseline,0,104,0.17299200594425201,2.121664047241211,2.2946560382843018,2.308409
chelsea,baseline,0,105,0.16771200299263,2.2459840774536133,2.413696050643921,2.427309
chelsea,baseline,0,106,0.14870400726795197,2.1116158962249756,2.260319948196411,2.273427
chelsea,baseline,0,107,0.15936000645160675,2.1054720878601074,2.264832019805908,2.281769
chelsea,baseline,0,108,0.14851200580596924,2.068671941757202,2.217184066772461,2.230461
chelsea,baseline,0,109,0.14764800667762756,2.0947840213775635,2.242432117462158,2.255539
chelsea,baseline,0,110,0.14585599303245544,2.1989760398864746,2.344831943511963,2.358285
chelsea,baseline,0,111,0.16838400065898895,2.2140159606933594,2.3824000358581543,2.398335
chelsea,baseline,0,112,0.1475840061903,2.239583969116211,2.3871679306030273,2.400608
chelsea,baseline,0,113,0.1666879951953888,2.3206400871276855,2.487328052520752,2.503124
chelsea,baseline,0,114,0.16457599401474,2.152928113937378,2.3175039291381836,2.331284
chelsea,baseline,0,115,0.17510400712490082,2.167520046234131,2.3426239490509033,2.356382
chelsea,baseline,0,116,0.1499519944190979,2.064255952835083,2.214207887649536,2.228307
chelsea,baseline,0,117,0.14601600170135498,2.1119680404663086,2.257983922958374,2.271984
chelsea,baseline,0,118,0.1459839940071106,2.0931200981140137,2.2391040325164795,2.252635
chelsea,baseline,0,119,0.14828799664974213,2.1735360622406006,2.321824073791504,2.33512
chelsea,baseline,0,120,0.16787199676036835,2.077183961868286,2.245055913925171,2.258784
chelsea,baseline,0,121,0.14720000326633453,2.0693440437316895,2.2165439128875732,2.230331
chelsea,baseline,0,122,0.1502079963684082,2.1135358810424805,2.2637441158294678,2.284533
chelsea,baseline,0,123,0.14918400347232819,2.1119039058685303,2.2610878944396973,2.274578
chelsea,baseline,0,124,0.14876799285411835,2.084127902984619,2.232896089553833,2.246516
chelsea,baseline,0,125,0.1544319987297058,2.043872117996216,2.1983039379119873,2.211783
chelsea,baseline,0,126,0.16761599481105804,2.122335910797119,2.289952039718628,2.302721
chelsea,baseline,0,127,0.1472959965467453,2.0896639823913574,2.236959934234619,2.250231
chelsea,baseline,0,128,0.14630399644374847,2.037343978881836,2.183648109436035,2.19662
chelsea,baseline,0,129,0.15747199952602386,2.085439920425415,2.2429120540618896,2.256551
chelsea,baseline,0,130,0.14790399372577667,2.089855909347534,2.237760066986084,2.251112
chelsea,baseline,0,131,0.14870400726795197,2.058079957962036,2.2067840099334717,2.220396
chelsea,baseline,0,132,0.14550399780273438,2.059904098510742,2.2054080963134766,2.218193
chelsea,baseline,0,133,0.1624000072479248,2.115488052368164,2.277888059616089,2.291554
chelsea,baseline,0,134,0.1518079936504364,2.1898880004882812,2.34169602394104,2.355711
chelsea,baseline,0,135,0.14505599439144135,2.2720000743865967,2.417056083679199,2.430855
chelsea,baseline,0,136,0.1512639969587326,2.2043840885162354,2.3556480407714844,2.369301
chelsea,baseline,0,137,0.1528639942407608,2.123392105102539,2.2762560844421387,2.291634
chelsea,baseline,0,138,0.1488959938287735,2.070496082305908,2.2193920612335205,2.232804
chelsea,baseline,0,139,0.15347200632095337,2.0404160022735596,2.193887948989868,2.211121
chelsea,baseline,0,140,0.14560000598430634,2.0418241024017334,2.1874239444732666,2.201247
chelsea,baseline,0,141,0.14502400159835815,2.0333759784698486,2.1784000396728516,2.192183
chelsea,baseline,0,142,0.14601600170135498,2.151616096496582,2.2976319789886475,2.310433
chelsea,baseline,0,143,0.1528639942407608,2.1337599754333496,2.286623954772949,2.309311
chelsea,baseline,0,144,0.16700799763202667,2.065056085586548,2.2320640087127686,2.244923
chelsea,baseline,0,145,0.14652800559997559,2.0723519325256348,2.2188799381256104,2.232154
chelsea,baseline,0,146,0.14636799693107605,2.091775894165039,2.2381439208984375,2.251063
chelsea,baseline,0,147,0.14873600006103516,2.0577919483184814,2.2065279483795166,2.219725
chelsea,baseline,0,148,0.14496000111103058,2.059391975402832,2.2043519020080566,2.217161
chelsea,baseline,0,149,0.14239999651908875,2.0113279819488525,2.1537280082702637,2.166874
chelsea,baseline,0,150,0.14185599982738495,2.0288639068603516,2.170720100402832,2.184121
chelsea,baseline,0,151,0.17475199699401855,2.1878719329833984,2.362623929977417,2.376012
chelsea,baseline,0,152,0.1542080044746399,2.329888105392456,2.484096050262451,2.497276
chelsea,baseline,0,153,0.19228799641132355,2.115936040878296,2.3082239627838135,2.323202
chelsea,baseline,0,154,0.14787200093269348,2.197535991668701,2.3454079627990723,2.360148
chelsea,baseline,0,155,0.15465599298477173,2.083807945251465,2.238464117050171,2.25572
chelsea,baseline,0,156,0.1565759927034378,2.07478404045105,2.2313599586486816,2.244452
chelsea,baseline,0,157,0.1470080018043518,2.0697600841522217,2.2167680263519287,2.230351
chelsea,baseline,0,158,0.14524799585342407,2.124095916748047,2.2693440914154053,2.28255
chelsea,baseline,0,159,0.1493760049343109,2.0685439109802246,2.2179200649261475,2.231663
chelsea,baseline,0,160,0.15990400314331055,2.060159921646118,2.2200639247894287,2.233526
chelsea,baseline,0,161,0.14950400590896606,2.1598079204559326,2.309312105178833,2.323122
chelsea,baseline,0,162,0.14601600170135498,2.069535970687866,2.2155520915985107,2.22934
chelsea,baseline,0,163,0.14556799829006195,2.1230080127716064,2.26857590675354,2.281849
chelsea,baseline,0,164,0.16096000373363495,2.084383964538574,2.2453439235687256,2.258974
chelsea,baseline,0,165,0.14847999811172485,2.0992000102996826,2.2476799488067627,2.261047
chelsea,baseline,0,166,0.14691199362277985,2.027616024017334,2.174527883529663,2.187677
chelsea,baseline,0,167,0.15542399883270264,2.167263984680176,2.322688102722168,2.336011
chelsea,baseline,0,168,0.1494079977273941,2.165695905685425,2.3151040077209473,2.32859
chelsea,baseline,0,169,0.1486400067806244,2.146912097930908,2.2955520153045654,2.309661
chelsea,baseline,0,170,0.16860799491405487,2.2091519832611084,2.3777599334716797,2.391385
chelsea,baseline,0,171,0.14934399724006653,2.1657280921936035,2.3150720596313477,2.329461
chelsea,baseline,0,172,0.1669120043516159,2.1291840076446533,2.296096086502075,2.314749
chelsea,baseline,0,173,0.17548799514770508,2.1551361083984375,2.3306241035461426,2.344104
chelsea,baseline,0,174,0.1502079963684082,2.0835518836975098,2.233760118484497,2.246345
chelsea,baseline,0,175,0.17340800166130066,2.151103973388672,2.324512004852295,2.337163
chelsea,baseline,0,176,0.19065600633621216,2.195744037628174,2.386399984359741,2.400489
chelsea,baseline,0,177,0.1499200016260147,2.2265920639038086,2.376512050628662,2.390915
chelsea,baseline,0,178,0.14640000462532043,2.071295976638794,2.217695951461792,2.230821
chelsea,baseline,0,179,0.15801599621772766,2.026304006576538,2.1843199729919434,2.198272
chelsea,baseline,0,180,0.14563199877738953,2.0509440898895264,2.1965761184692383,2.21
chelsea,baseline,0,181,0.14851200580596924,2.0384960174560547,2.1870079040527344,2.200265
chelsea,baseline,0,182,0.14531199634075165,2.0203518867492676,2.165663957595825,2.178973
chelsea,baseline,0,183,0.15440000593662262,2.0565760135650635,2.2109758853912354,2.224042
chelsea,baseline,0,184,0.17824000120162964,2.1123199462890625,2.290560007095337,2.306225
chelsea,baseline,0,185,0.18755200505256653,2.138495922088623,2.326047897338867,2.339877
chelsea,baseline,0,186,0.16847999393939972,2.1165120601654053,2.284991979598999,2.298194
chelsea,baseline,0,187,0.17715199291706085,2.0776638984680176,2.2548160552978516,2.267517
chelsea,baseline,0,188,0.14601600170135498,2.0871999263763428,2.2332160472869873,2.246425
chelsea,baseline,0,189,0.14847999811172485,2.061408042907715,2.209887981414795,2.22291
chelsea,baseline,0,190,0.1496639996767044,2.0831680297851562,2.2328319549560547,2.246845
chelsea,baseline,0,191,0.1539520025253296,2.1025280952453613,2.2564799785614014,2.270211
chelsea,baseline,0,192,0.15308800339698792,2.1251840591430664,2.2782719135284424,2.291834
chelsea,baseline,0,193,0.15747199952602386,2.099616050720215,2.2570879459381104,2.270492
chelsea,baseline,0,194,0.14643199741840363,2.106656074523926,2.2530879974365234,2.266406
chelsea,baseline,0,195,0.14575999975204468,2.07260799407959,2.2183680534362793,2.231783
chelsea,baseline,0,196,0.15087999403476715,2.0583999156951904,2.209280014038086,2.222329
chelsea,baseline,0,197,0.16998399794101715,2.1021440029144287,2.272128105163574,2.285575
chelsea,baseline,0,198,0.14745600521564484,2.2356159687042236,2.3830718994140625,2.396994
chelsea,baseline,0,199,0.1502079963684082,2.1364800930023193,2.2866880893707275,2.300447
chelsea,baseline,0,200,0.17472000420093536,2.0814080238342285,2.2561280727386475,2.26947
chelsea,baseline,0,201,0.15199999511241913,2.113503932952881,2.2655038833618164,2.279015
chelsea,baseline,0,202,0.14767999947071075,2.1069118976593018,2.254591941833496,2.267678
chelsea,baseline,0,203,0.16064000129699707,2.1487040519714355,2.3093440532684326,2.322981
chelsea,baseline,0,204,0.1480959951877594,2.1324799060821533,2.28057599067688,2.293907
chelsea,baseline,0,205,0.14870400726795197,2.0795838832855225,2.228287935256958,2.241899
chelsea,baseline,0,206,0.1483840048313141,2.1605119705200195,2.308896064758301,2.32249
chelsea,baseline,0,207,0.14963200688362122,2.1026880741119385,2.2523200511932373,2.266115
chelsea,baseline,0,208,0.14582400023937225,2.118783950805664,2.2646079063415527,2.278023
chelsea,baseline,0,209,0.14732800424098969,2.1052160263061523,2.2525439262390137,2.265915
chelsea,baseline,0,210,0.1648319959640503,2.090303897857666,2.255136013031006,2.26901
chelsea,baseline,0,211,0.15827199816703796,2.1130878925323486,2.271359920501709,2.284604
chelsea,baseline,0,212,0.14720000326633453,2.0840320587158203,2.231231927871704,2.244222
chelsea,baseline,0,213,0.14480000734329224,2.1125121116638184,2.257312059402466,2.269901
chelsea,baseline,0,214,0.14643199741840363,2.121311902999878,2.2677440643310547,2.281158
chelsea,baseline,0,215,0.14684799313545227,2.142240047454834,2.289088010787964,2.30247
chelsea,baseline,0,216,0.15110400319099426,2.0777599811553955,2.2288639545440674,2.24258
chelsea,baseline,0,217,0.16383999586105347,2.084223985671997,2.2480640411376953,2.264433
chelsea,baseline,0,218,0.14908799529075623,2.1135358810424805,2.2626240253448486,2.275971
chelsea,baseline,0,219,0.14710399508476257,2.1395840644836426,2.2866880893707275,2.300177
chelsea,baseline,0,220,0.17071999609470367,2.1084799766540527,2.2792000770568848,2.293066
chelsea,baseline,0,221,0.14774399995803833,2.101344108581543,2.2490880489349365,2.26245
chelsea,baseline,0,222,0.14796799421310425,2.0950400829315186,2.2430078983306885,2.255579
chelsea,baseline,0,223,0.14739200472831726,2.1329920291900635,2.280384063720703,2.293788
chelsea,baseline,0,224,0.15811200439929962,2.091360092163086,2.24947190284729,2.26287
chelsea,baseline,0,225,0.15558399260044098,2.1064319610595703,2.2620160579681396,2.27596
chelsea,baseline,0,226,0.14950400590896606,2.0611519813537598,2.210655927658081,2.224161
chelsea,baseline,0,227,0.17068800330162048,2.10809588432312,2.2787840366363525,2.292565
chelsea,baseline,0,228,0.14652800559997559,2.135551929473877,2.2820799350738525,2.29539
chelsea,baseline,0,229,0.14796799421310425,2.1325440406799316,2.2805120944976807,2.293537
chelsea,baseline,0,230,0.16387200355529785,2.0769920349121094,2.2408640384674072,2.254137
chelsea,baseline,0,231,0.14908799529075623,2.104288101196289,2.253376007080078,2.266817
chelsea,baseline,0,232,0.14633600413799286,2.101248025894165,2.247584104537964,2.260627
chelsea,baseline,0,233,0.14643199741840363,2.0383360385894775,2.184767961502075,2.198673
chelsea,baseline,0,234,0.17667199671268463,2.032480001449585,2.2091519832611084,2.22304
chelsea,baseline,0,235,0.14617599546909332,2.0222721099853516,2.168447971343994,2.182488
chelsea,baseline,0,236,0.14585599303245544,2.100287914276123,2.2461440563201904,2.259345
chelsea,baseline,0,237,0.1441279947757721,2.040031909942627,2.184159994125366,2.197391
chelsea,baseline,0,238,0.14319999516010284,2.0114879608154297,2.1546878814697266,2.175498
chelsea,baseline,0,239,0.1611199975013733,2.0524160861968994,2.213536024093628,2.229078
chelsea,baseline,0,240,0.14403200149536133,2.087167978286743,2.2311999797821045,2.244492
chelsea,baseline,0,241,0.14761599898338318,2.226016044616699,2.3736319541931152,2.387318
chelsea,baseline,0,242,0.1634880006313324,2.230015993118286,2.3935039043426514,2.407319
chelsea,baseline,0,243,0.14947199821472168,2.094399929046631,2.2438719272613525,2.257933
chelsea,baseline,0,244,0.1467839926481247,2.1093759536743164,2.256160020828247,2.270212
chelsea,baseline,0,245,0.1605760008096695,2.070751905441284,2.231328010559082,2.245514
chelsea,baseline,0,246,0.1483519971370697,2.0693440437316895,2.217695951461792,2.231383
chelsea,baseline,0,247,0.14480000734329224,2.066335916519165,2.2111361026763916,2.224662
chelsea,baseline,0,248,0.14524799585342407,2.0736639499664307,2.21891188621521,2.232685
chelsea,baseline,0,249,0.17315199971199036,2.0964159965515137,2.2695679664611816,2.283171
chelsea,baseline,0,250,0.17449599504470825,2.1110079288482666,2.285504102706909,2.301278
chelsea,baseline,0,251,0.14815999567508698,2.1456639766693115,2.2938239574432373,2.307107
chelsea,baseline,0,252,0.16950400173664093,2.0801920890808105,2.2496960163116455,2.263261
chelsea,baseline,0,253,0.15001599490642548,2.1084799766540527,2.258496046066284,2.271924
chelsea,baseline,0,254,0.14796799421310425,2.0489919185638428,2.196959972381592,2.20979
chelsea,baseline,0,255,0.14745600521564484,2.0281920433044434,2.1756479740142822,2.189218
chelsea,baseline,0,256,0.17641599476337433,2.003488063812256,2.179903984069824,2.192874
chelsea,baseline,0,257,0.14422400295734406,1.941215991973877,2.085439920425415,2.098411
chelsea,baseline,0,258,0.14076800644397736,2.0702080726623535,2.2109758853912354,2.223992
chelsea,baseline,0,259,0.14636799693107605,2.1091198921203613,2.2554879188537598,2.26929
chelsea,baseline,0,260,0.1467200070619583,2.127039909362793,2.2737600803375244,2.287728
chelsea,baseline,0,261,0.1496960073709488,2.062016010284424,2.211711883544922,2.227386
chelsea,baseline,0,262,0.1454080045223236,2.1038401126861572,2.2492480278015137,2.26277
chelsea,baseline,0,263,0.14825600385665894,2.1198720932006836,2.268127918243408,2.281378
chelsea,baseline,0,264,0.17068800330162048,2.08240008354187,2.2530879974365234,2.266426
chelsea,baseline,0,265,0.1488959938287735,2.0555520057678223,2.2044479846954346,2.217712
chelsea,baseline,0,266,0.1472959965467453,2.0742719173431396,2.2215681076049805,2.235008
chelsea,baseline,0,267,0.15382400155067444,2.0991039276123047,2.2529280185699463,2.26941
chelsea,baseline,0,268,0.18745599687099457,2.1283199787139893,2.3157761096954346,2.329291
chelsea,baseline,0,269,0.15356799960136414,2.057663917541504,2.2112319469451904,2.225273
chelsea,baseline,0,270,0.14761599898338318,2.0872321128845215,2.2348480224609375,2.248569
chelsea,baseline,0,271,0.1483519971370697,2.107840061187744,2.2561919689178467,2.270231
chelsea,baseline,0,272,0.14931200444698334,2.0496320724487305,2.198944091796875,2.211913
chelsea,baseline,0,273,0.14652800559997559,2.088576078414917,2.2351040840148926,2.248408
chelsea,baseline,0,274,0.14534400403499603,2.085952043533325,2.2312960624694824,2.245343
chelsea,baseline,0,275,0.16579200327396393,2.0995841026306152,2.265376091003418,2.278555
chelsea,baseline,0,276,0.15609599649906158,2.0914559364318848,2.247551918029785,2.262399
chelsea,baseline,0,277,0.1480959951877594,2.0301120281219482,2.178208112716675,2.191642
chelsea,baseline,0,278,0.14470399916172028,2.0234880447387695,2.168191909790039,2.181016
chelsea,baseline,0,279,0.15350399911403656,2.0124800205230713,2.1659839153289795,2.180565
chelsea,baseline,0,280,0.1440960019826889,2.049855947494507,2.1939520835876465,2.207426
chelsea,baseline,0,281,0.14636799693107605,2.082304000854492,2.2286720275878906,2.242219
chelsea,baseline,0,282,0.14470399916172028,2.092479944229126,2.2371840476989746,2.250481
chelsea,baseline,0,283,0.15667200088500977,2.1141440868377686,2.2708160877227783,2.284723
chelsea,baseline,0,284,0.1464959979057312,2.0393600463867188,2.1858561038970947,2.199183
chelsea,baseline,0,285,0.14774399995803833,2.084415912628174,2.2321600914001465,2.245554
chelsea,baseline,0,286,0.15801599621772766,2.0911359786987305,2.2491519451141357,2.262009
chelsea,baseline,0,287,0.15561600029468536,2.031424045562744,2.187040090560913,2.200696
chelsea,baseline,0,288,0.14601600170135498,2.0459840297698975,2.191999912261963,2.205042
chelsea,baseline,0,289,0.15574400126934052,2.0561599731445312,2.2119040489196777,2.224742
chelsea,baseline,0,290,0.14591999351978302,2.039232015609741,2.185152053833008,2.198042
chelsea,baseline,0,291,0.1462080031633377,2.043519973754883,2.189728021621704,2.202579
chelsea,baseline,0,292,0.15558399260044098,2.0477120876312256,2.203295946121216,2.216249
chelsea,baseline,0,293,0.1475840061903,2.0378880500793457,2.185472011566162,2.199094
chelsea,baseline,0,294,0.144896000623703,2.1081600189208984,2.253056049346924,2.266195
chelsea,baseline,0,295,0.14812800288200378,2.0628159046173096,2.2109439373016357,2.224582
chelsea,baseline,0,296,0.1488959938287735,2.08735990524292,2.2362558841705322,2.24956
chelsea,baseline,0,297,0.14691199362277985,2.0608959197998047,2.207808017730713,2.220776
chelsea,baseline,0,298,0.1467519998550415,2.050623893737793,2.197376012802124,2.210291
chelsea,baseline,0,299,0.144896000623703,2.1111040115356445,2.25600004196167,2.26906
chelsea,planned-roi,0,0,0.15955199301242828,2.1145598888397217,2.2741119861602783,2.298535
chelsea,planned-roi,0,1,0.16451199352741241,2.1031360626220703,2.2676479816436768,2.282129
chelsea,planned-roi,0,2,0.15328000485897064,2.038304090499878,2.1915841102600098,2.205393
chelsea,planned-roi,0,3,0.1499519944190979,2.165152072906494,2.3151040077209473,2.32878
chelsea,planned-roi,0,4,0.1515199989080429,2.0456318855285645,2.1971518993377686,2.211582
chelsea,planned-roi,0,5,0.1634880006313324,2.0925440788269043,2.2560319900512695,2.274398
chelsea,planned-roi,0,6,0.15001599490642548,2.0935680866241455,2.243583917617798,2.257322
chelsea,planned-roi,0,7,0.1621759980916977,2.035775899887085,2.1979520320892334,2.211422
chelsea,planned-roi,0,8,0.15769599378108978,2.046623945236206,2.204319953918457,2.217762
chelsea,planned-roi,0,9,0.15423999726772308,2.094719886779785,2.248960018157959,2.26274
chelsea,planned-roi,0,10,0.14905600249767303,2.063647985458374,2.2127039432525635,2.225864
chelsea,planned-roi,0,11,0.14812800288200378,2.041088104248047,2.189215898513794,2.202479
chelsea,planned-roi,0,12,0.1518400013446808,2.11244797706604,2.2642879486083984,2.277923
chelsea,planned-roi,0,13,0.15116800367832184,2.1684799194335938,2.319648027420044,2.334009
chelsea,planned-roi,0,14,0.15913599729537964,2.1749439239501953,2.3340799808502197,2.350754
chelsea,planned-roi,0,15,0.16390399634838104,2.1296639442443848,2.2935678958892822,2.307498
chelsea,planned-roi,0,16,0.15273599326610565,2.0397439002990723,2.1924800872802734,2.206475
chelsea,planned-roi,0,17,0.14636799693107605,2.06713604927063,2.2135040760040283,2.227076
chelsea,planned-roi,0,18,0.15081599354743958,2.0555520057678223,2.2063679695129395,2.219564
chelsea,planned-roi,0,19,0.15884800255298615,2.059936046600342,2.2187840938568115,2.233025
chelsea,planned-roi,0,20,0.14847999811172485,2.039167881011963,2.187648057937622,2.200596
chelsea,planned-roi,0,21,0.15136000514030457,2.0412158966064453,2.1925759315490723,2.205623
chelsea,planned-roi,0,22,0.15507200360298157,2.0644800662994385,2.2195520401000977,2.235659
chelsea,planned-roi,0,23,0.15878400206565857,2.0464959144592285,2.205280065536499,2.218523
chelsea,planned-roi,0,24,0.15004800260066986,2.036479949951172,2.186527967453003,2.200065
chelsea,planned-roi,0,25,0.14934399724006653,2.052799940109253,2.202143907546997,2.215509
chelsea,planned-roi,0,26,0.1486400067806244,2.12444806098938,2.273087978363037,2.286406
chelsea,planned-roi,0,27,0.15171200037002563,2.0818560123443604,2.233567953109741,2.247537
chelsea,planned-roi,0,28,0.15254400670528412,2.070751905441284,2.2232959270477295,2.237171
chelsea,planned-roi,0,29,0.15222400426864624,2.0499520301818848,2.202176094055176,2.215568
chelsea,planned-roi,0,30,0.14815999567508698,2.1513919830322266,2.2995519638061523,2.312636
chelsea,planned-roi,0,31,0.16940799355506897,2.0887680053710938,2.25817608833313,2.271714
chelsea,planned-roi,0,32,0.1509760022163391,2.0287039279937744,2.179680109024048,2.193775
chelsea,planned-roi,0,33,0.14787200093269348,2.0400640964508057,2.1879360675811768,2.201107
chelsea,planned-roi,0,34,0.14931200444698334,2.0408639907836914,2.190176010131836,2.20336
chelsea,planned-roi,0,35,0.15833599865436554,2.0935680866241455,2.251904010772705,2.264783
chelsea,planned-roi,0,36,0.14998400211334229,2.0848960876464844,2.234879970550537,2.248608
chelsea,planned-roi,0,37,0.1576640009880066,2.039263963699341,2.196928024291992,2.20975
chelsea,planned-roi,0,38,0.15132799744606018,2.0643839836120605,2.215712070465088,2.228719
chelsea,planned-roi,0,39,0.16102400422096252,2.0427520275115967,2.2037758827209473,2.21667
chelsea,planned-roi,0,40,0.14822399616241455,2.089184045791626,2.237407922744751,2.251072
chelsea,planned-roi,0,41,0.15238399803638458,2.125312089920044,2.277695894241333,2.291043
chelsea,planned-roi,0,42,0.1480640023946762,2.0649280548095703,2.212991952896118,2.225664
chelsea,planned-roi,0,43,0.17958399653434753,2.050528049468994,2.230112075805664,2.245875
chelsea,planned-roi,0,44,0.14953599870204926,2.1039040088653564,2.2534399032592773,2.266646
chelsea,planned-roi,0,45,0.15385599434375763,2.062688112258911,2.2165439128875732,2.22989
chelsea,planned-roi,0,46,0.16195200383663177,2.2113280296325684,2.3732800483703613,2.386528
chelsea,planned-roi,0,47,0.15382400155067444,2.236639976501465,2.3904640674591064,2.404906
chelsea,planned-roi,0,48,0.15119999647140503,2.26364803314209,2.4148480892181396,2.429243
chelsea,planned-roi,0,49,0.1627199947834015,2.2880001068115234,2.4507200717926025,2.464256
chelsea,planned-roi,0,50,0.15254400670528412,2.03657603263855,2.189120054244995,2.202408
chelsea,planned-roi,0,51,0.14902399480342865,2.0222721099853516,2.1712958812713623,2.184712
chelsea,planned-roi,0,52,0.15884800255298615,2.0721919536590576,2.2310400009155273,2.244021
chelsea,planned-roi,0,53,0.15228800475597382,2.0841920375823975,2.2364799976348877,2.250161
chelsea,planned-roi,0,54,0.15167999267578125,2.1668479442596436,2.318527936935425,2.332105
chelsea,planned-roi,0,55,0.1488640010356903,2.0430080890655518,2.1918718814849854,2.205473
chelsea,planned-roi,0,56,0.15507200360298157,2.100735902786255,2.255808115005493,2.268799
chelsea,planned-roi,0,57,0.1493760049343109,2.0760319232940674,2.2254080772399902,2.238964
chelsea,planned-roi,0,58,0.151296004652977,2.070688009262085,2.2219839096069336,2.235749
chelsea,planned-roi,0,59,0.15852800011634827,1.973471999168396,2.131999969482422,2.145292
chelsea,planned-roi,0,60,0.15932799875736237,2.007200002670288,2.1665279865264893,2.182288
chelsea,planned-roi,0,61,0.14547200500965118,2.0706560611724854,2.21612811088562,2.230661
chelsea,planned-roi,0,62,0.1528320014476776,2.1382079124450684,2.2910399436950684,2.304874
chelsea,planned-roi,0,63,0.16038399934768677,2.145792007446289,2.306175947189331,2.320477
chelsea,planned-roi,0,64,0.15296000242233276,2.1553280353546143,2.308288097381592,2.324424
chelsea,planned-roi,0,65,0.15343999862670898,2.1306240558624268,2.2840640544891357,2.297242
chelsea,planned-roi,0,66,0.1611199975013733,2.10262393951416,2.2637441158294678,2.277502
chelsea,planned-roi,0,67,0.16432000696659088,2.1106560230255127,2.2749760150909424,2.292195
chelsea,planned-roi,0,68,0.15328000485897064,2.094559907913208,2.24783992767334,2.261528
chelsea,planned-roi,0,69,0.15142400562763214,2.09500789642334,2.246432065963745,2.266776
chelsea,planned-roi,0,70,0.16556799411773682,2.073983907699585,2.2395520210266113,2.252995
chelsea,planned-roi,0,71,0.1586879938840866,2.110464096069336,2.2691519260406494,2.28235
chelsea,planned-roi,0,72,0.1491519957780838,2.108736038208008,2.257888078689575,2.271974
chelsea,planned-roi,0,73,0.17430399358272552,2.1609599590301514,2.335263967514038,2.3485
chelsea,planned-roi,0,74,0.15267199277877808,2.0689280033111572,2.22160005569458,2.234858
chelsea,planned-roi,0,75,0.1502079963684082,2.187903881072998,2.3381121158599854,2.350923
chelsea,planned-roi,0,76,0.1693120002746582,2.1349120140075684,2.3042240142822266,2.318875
chelsea,planned-roi,0,77,0.1558080017566681,2.1000959873199463,2.255903959274292,2.26887
chelsea,planned-roi,0,78,0.19312000274658203,2.37939190864563,2.572511911392212,2.588844
chelsea,planned-roi,0,79,0.17136000096797943,2.3456640243530273,2.517024040222168,2.531667
chelsea,planned-roi,0,80,0.16502399742603302,2.305408000946045,2.4704320430755615,2.484457
chelsea,planned-roi,0,81,0.15011200308799744,2.1923201084136963,2.3424320220947266,2.355861
chelsea,planned-roi,0,82,0.16307200491428375,2.329440116882324,2.4925119876861572,2.505889
chelsea,planned-roi,0,83,0.16540800034999847,2.216671943664551,2.382080078125,2.396563
chelsea,planned-roi,0,84,0.1613440066576004,2.059648036956787,2.220992088317871,2.23696
chelsea,planned-roi,0,85,0.15798400342464447,2.318687915802002,2.4766719341278076,2.489955
chelsea,planned-roi,0,86,0.16460800170898438,2.2955520153045654,2.46016001701355,2.47372
chelsea,planned-roi,0,87,0.16527999937534332,2.314591884613037,2.479871988296509,2.493449
chelsea,planned-roi,0,88,0.16236799955368042,2.1329920291900635,2.2953600883483887,2.30881
chelsea,planned-roi,0,89,0.14876799285411835,2.159168004989624,2.307935953140259,2.321419
chelsea,planned-roi,0,90,0.18140800297260284,2.1004159450531006,2.2818241119384766,2.295379
chelsea,planned-roi,0,91,0.15011200308799744,2.0183680057525635,2.1684799194335938,2.181487
chelsea,planned-roi,0,92,0.1472959965467453,2.0650880336761475,2.212383985519409,2.225323
chelsea,planned-roi,0,93,0.15087999403476715,2.0785601139068604,2.2294399738311768,2.24268
chelsea,planned-roi,0,94,0.1642560064792633,2.0632638931274414,2.227519989013672,2.240927
chelsea,planned-roi,0,95,0.15225599706172943,2.0377919673919678,2.1900479793548584,2.20371
chelsea,planned-roi,0,96,0.15084800124168396,2.0897600650787354,2.240607976913452,2.253836
chelsea,planned-roi,0,97,0.1499200016260147,2.060960054397583,2.2108800411224365,2.224311
chelsea,planned-roi,0,98,0.16022400557994843,2.0476160049438477,2.2078399658203125,2.220586
chelsea,planned-roi,0,99,0.14710399508476257,2.1104960441589355,2.2576000690460205,2.271113
chelsea,planned-roi,0,100,0.1510400027036667,2.1318399906158447,2.2828800678253174,2.296481
chelsea,planned-roi,0,101,0.1494400054216385,2.0590078830718994,2.2084479331970215,2.222148
chelsea,planned-roi,0,102,0.156031996011734,2.100383996963501,2.256416082382202,2.270232
chelsea,planned-roi,0,103,0.14947199821472168,2.0968639850616455,2.246335983276367,2.260026
chelsea,planned-roi,0,104,0.15084800124168396,2.0311999320983887,2.1820480823516846,2.195247
chelsea,planned-roi,0,105,0.14870400726795197,2.149600028991699,2.2983040809631348,2.311263
chelsea,planned-roi,0,106,0.14998400211334229,2.0664000511169434,2.216383934020996,2.22956
chelsea,planned-roi,0,107,0.15148800611495972,2.0348799228668213,2.186367988586426,2.199384
chelsea,planned-roi,0,108,0.14857600629329681,2.0725440979003906,2.2211201190948486,2.235639
chelsea,planned-roi,0,109,0.16451199352741241,2.061408042907715,2.2259199619293213,2.241368
chelsea,planned-roi,0,110,0.18780800700187683,2.088639974594116,2.2764480113983154,2.292425
chelsea,planned-roi,0,111,0.1512639969587326,2.066848039627075,2.218111991882324,2.230972
chelsea,planned-roi,0,112,0.1571200042963028,2.089695930480957,2.2468159198760986,2.259876
chelsea,planned-roi,0,113,0.16726399958133698,2.0895040035247803,2.256767988204956,2.270531
chelsea,planned-roi,0,114,0.15718400478363037,2.1241281032562256,2.2813119888305664,2.29543
chelsea,planned-roi,0,115,0.14771200716495514,2.14847993850708,2.296191930770874,2.310091
chelsea,planned-roi,0,116,0.17987200617790222,2.111232042312622,2.2911040782928467,2.304323
chelsea,planned-roi,0,117,0.14924800395965576,2.0475521087646484,2.1967999935150146,2.21018
chelsea,planned-roi,0,118,0.16332800686359406,2.2455039024353027,2.40883207321167,2.425466
chelsea,planned-roi,0,119,0.1764799952507019,2.309760093688965,2.4862399101257324,2.500461
chelsea,planned-roi,0,120,0.14668799936771393,2.112544059753418,2.2592320442199707,2.272896
chelsea,planned-roi,0,121,0.1515199989080429,2.1840319633483887,2.3355519771575928,2.349882
chelsea,planned-roi,0,122,0.16047999262809753,2.1615359783172607,2.3220160007476807,2.337894
chelsea,planned-roi,0,123,0.14825600385665894,2.0559680461883545,2.204224109649658,2.21712
chelsea,planned-roi,0,124,0.160288006067276,2.1036479473114014,2.2639360427856445,2.277291
chelsea,planned-roi,0,125,0.1765120029449463,2.1259520053863525,2.302464008331299,2.316301
chelsea,planned-roi,0,126,0.1528960019350052,2.1028480529785156,2.255743980407715,2.26921
chelsea,planned-roi,0,127,0.1509760022163391,2.1896960735321045,2.340672016143799,2.354859
chelsea,planned-roi,0,128,0.1897599995136261,2.100287914276123,2.2900478839874268,2.304033
chelsea,planned-roi,0,129,0.15254400670528412,2.1314239501953125,2.283967971801758,2.298224
chelsea,planned-roi,0,130,0.15033599734306335,2.0485119819641113,2.198848009109497,2.211943
chelsea,planned-roi,0,131,0.16451199352741241,2.122623920440674,2.2871360778808594,2.300447
chelsea,planned-roi,0,132,0.15174399316310883,2.166368007659912,2.3181118965148926,2.332616
chelsea,planned-roi,0,133,0.15263999998569489,2.098304033279419,2.250943899154663,2.264202
chelsea,planned-roi,0,134,0.152319997549057,2.1676158905029297,2.3199360370635986,2.333827
chelsea,planned-roi,0,135,0.1515199989080429,2.062175989151001,2.213696002960205,2.227517
chelsea,planned-roi,0,136,0.15116800367832184,2.0798399448394775,2.2310080528259277,2.243992
chelsea,planned-roi,0,137,0.14764800667762756,2.1469759941101074,2.294624090194702,2.30901
chelsea,planned-roi,0,138,0.16041600704193115,2.147455930709839,2.3078720569610596,2.331053
chelsea,planned-roi,0,139,0.14880000054836273,2.129055976867676,2.2778561115264893,2.291223
chelsea,planned-roi,0,140,0.14988799393177032,2.1696319580078125,2.3195199966430664,2.333367
chelsea,planned-roi,0,141,0.16489599645137787,2.009887933731079,2.174783945083618,2.191091
chelsea,planned-roi,0,142,0.152319997549057,2.154815912246704,2.307136058807373,2.320497
chelsea,planned-roi,0,143,0.1518079936504364,2.123296022415161,2.27510404586792,2.288459
chelsea,planned-roi,0,144,0.17497600615024567,2.150559902191162,2.325536012649536,2.339206
chelsea,planned-roi,0,145,0.15084800124168396,2.069216012954712,2.2200639247894287,2.233626
chelsea,planned-roi,0,146,0.1531199961900711,2.0519680976867676,2.205087900161743,2.218402
chelsea,planned-roi,0,147,0.16947199404239655,2.0836799144744873,2.2531518936157227,2.267086
chelsea,planned-roi,0,148,0.17824000120162964,2.0893120765686035,2.267551898956299,2.281468
chelsea,planned-roi,0,149,0.14921599626541138,2.05513596534729,2.2043519020080566,2.218042
chelsea,planned-roi,0,150,0.1528639942407608,2.063999891281128,2.2168641090393066,2.230681
chelsea,planned-roi,0,151,0.14947199821472168,2.1260159015655518,2.2754878997802734,2.288709
chelsea,planned-roi,0,152,0.15331199765205383,2.103775978088379,2.2570879459381104,2.270923
chelsea,planned-roi,0,153,0.15036800503730774,2.12444806098938,2.2748160362243652,2.288238
chelsea,planned-roi,0,154,0.1534080058336258,2.052351951599121,2.2057600021362305,2.219385
chelsea,planned-roi,0,155,0.18035200238227844,2.062880039215088,2.243232011795044,2.256361
chelsea,planned-roi,0,156,0.14953599870204926,2.1205759048461914,2.2701120376586914,2.283631
chelsea,planned-roi,0,157,0.15772800147533417,2.237663984298706,2.3953919410705566,2.410434
chelsea,planned-roi,0,158,0.17507199943065643,2.1842238903045654,2.3592960834503174,2.375601
chelsea,planned-roi,0,159,0.1544319987297058,2.108031988143921,2.2624640464782715,2.276922
chelsea,planned-roi,0,160,0.1510400027036667,2.124351978302002,2.2753920555114746,2.288529
chelsea,planned-roi,0,161,0.15907199680805206,2.1498560905456543,2.3089280128479004,2.324194
chelsea,planned-roi,0,162,0.15382400155067444,2.1001598834991455,2.253983974456787,2.267948
chelsea,planned-roi,0,163,0.15727999806404114,2.265183925628662,2.422463893890381,2.436784
chelsea,planned-roi,0,164,0.1552640050649643,2.126271963119507,2.281536102294922,2.297493
chelsea,planned-roi,0,165,0.15414400398731232,2.1306560039520264,2.2848000526428223,2.298154
chelsea,planned-roi,0,166,0.15302400290966034,2.1124160289764404,2.265439987182617,2.279536
chelsea,planned-roi,0,167,0.16176000237464905,2.0965120792388916,2.2582719326019287,2.274057
chelsea,planned-roi,0,168,0.15328000485897064,2.0946240425109863,2.247904062271118,2.261208
chelsea,planned-roi,0,169,0.15033599734306335,2.108448028564453,2.258784055709839,2.272755
chelsea,planned-roi,0,170,0.16256000101566315,2.0997118949890137,2.2622718811035156,2.27586
chelsea,planned-roi,0,171,0.15190400183200836,2.142751932144165,2.2946560382843018,2.308119
chelsea,planned-roi,0,172,0.15136000514030457,2.0716800689697266,2.2230401039123535,2.23666
chelsea,planned-roi,0,173,0.15087999403476715,2.06496000289917,2.2158401012420654,2.229429
chelsea,planned-roi,0,174,0.152319997549057,2.0352001190185547,2.1875200271606445,2.202248
chelsea,planned-roi,0,175,0.15007999539375305,2.067903995513916,2.2179839611053467,2.231563
chelsea,planned-roi,0,176,0.15296000242233276,2.1150400638580322,2.2679998874664307,2.281218
chelsea,planned-roi,0,177,0.15302400290966034,2.0437119007110596,2.1967360973358154,2.210491
chelsea,planned-roi,0,178,0.15292799472808838,2.050623893737793,2.203552007675171,2.218032
chelsea,planned-roi,0,179,0.150751993060112,2.065664052963257,2.2164158821105957,2.230611
chelsea,planned-roi,0,180,0.1488959938287735,2.0640320777893066,2.212928056716919,2.226084
chelsea,planned-roi,0,181,0.15113599598407745,2.0571839809417725,2.208319902420044,2.222179
chelsea,planned-roi,0,182,0.15251199901103973,2.051743984222412,2.204256057739258,2.217912
chelsea,planned-roi,0,183,0.15436799824237823,2.053215980529785,2.2075839042663574,2.221768
chelsea,planned-roi,0,184,0.15094399452209473,2.073215961456299,2.2241599559783936,2.237261
chelsea,planned-roi,0,185,0.15452800691127777,2.0519039630889893,2.2064321041107178,2.219714
chelsea,planned-roi,0,186,0.16553600132465363,2.058271884918213,2.2238080501556396,2.237822
chelsea,planned-roi,0,187,0.1488640010356903,2.0617599487304688,2.2106239795684814,2.224852
chelsea,planned-roi,0,188,0.14815999567508698,2.0992319583892822,2.247391939163208,2.261658
chelsea,planned-roi,0,189,0.15001599490642548,2.0685760974884033,2.2185919284820557,2.231683
chelsea,planned-roi,0,190,0.15116800367832184,2.0717759132385254,2.2229440212249756,2.23678
chelsea,planned-roi,0,191,0.15398399531841278,2.1643199920654297,2.3183040618896484,2.331995
chelsea,planned-roi,0,192,0.1879359930753708,2.1597440242767334,2.34768009185791,2.361169
chelsea,planned-roi,0,193,0.15328000485897064,2.049855947494507,2.2031359672546387,2.217912
chelsea,planned-roi,0,194,0.1582079976797104,2.107487916946411,2.2656960487365723,2.280868
chelsea,planned-roi,0,195,0.1512639969587326,2.103071928024292,2.25433611869812,2.268979
chelsea,planned-roi,0,196,0.15865600109100342,2.0382080078125,2.196863889694214,2.210321
chelsea,planned-roi,0,197,0.15174399316310883,2.062272071838379,2.2140159606933594,2.227517
chelsea,planned-roi,0,198,0.14988799393177032,2.0709118843078613,2.2207999229431152,2.234538
chelsea,planned-roi,0,199,0.15056000649929047,2.121567964553833,2.272128105163574,2.286205
chelsea,planned-roi,0,200,0.1599999964237213,2.074431896209717,2.2344319820404053,2.248408
chelsea,planned-roi,0,201,0.14828799664974213,2.024768114089966,2.17305588722229,2.186234
chelsea,planned-roi,0,202,0.15059199929237366,2.0305280685424805,2.181119918823242,2.194376
chelsea,planned-roi,0,203,0.15513600409030914,2.02457594871521,2.1797120571136475,2.192934
chelsea,planned-roi,0,204,0.14956800639629364,2.038367986679077,2.1879360675811768,2.200566
chelsea,planned-roi,0,205,0.1510079950094223,2.0748159885406494,2.2258241176605225,2.246235
chelsea,planned-roi,0,206,0.1499200016260147,2.065984010696411,2.2159039974212646,2.229109
chelsea,planned-roi,0,207,0.1488959938287735,2.096735954284668,2.2456319332122803,2.259565
chelsea,planned-roi,0,208,0.16649599373340607,2.068608045578003,2.2351040840148926,2.248358
chelsea,planned-roi,0,209,0.15503999590873718,2.035072088241577,2.1901121139526367,2.203681
chelsea,planned-roi,0,210,0.15052799880504608,2.072160005569458,2.2226879596710205,2.23648
chelsea,planned-roi,0,211,0.15056000649929047,2.0336320400238037,2.184191942214966,2.197321
chelsea,planned-roi,0,212,0.18883199989795685,2.323391914367676,2.512223958969116,2.531447
chelsea,planned-roi,0,213,0.17455999553203583,2.032927989959717,2.2074880599975586,2.222669
chelsea,planned-roi,0,214,0.15043200552463531,2.054464101791382,2.2048959732055664,2.218002
chelsea,planned-roi,0,215,0.1491200029850006,2.2204160690307617,2.3695359230041504,2.382932
chelsea,planned-roi,0,216,0.17270399630069733,2.023103952407837,2.195807933807373,2.21039
chelsea,planned-roi,0,217,0.15222400426864624,2.069024085998535,2.221247911453247,2.233686
chelsea,planned-roi,0,218,0.1520320028066635,2.285536050796509,2.437567949295044,2.451205
chelsea,planned-roi,0,219,0.16844800114631653,2.252000093460083,2.420448064804077,2.43428
chelsea,planned-roi,0,220,0.15244799852371216,2.023008108139038,2.1754560470581055,2.188898
chelsea,planned-roi,0,221,0.1493760049343109,2.0730559825897217,2.2224318981170654,2.23654
chelsea,planned-roi,0,222,0.1677439957857132,2.089087963104248,2.2568318843841553,2.26955
chelsea,planned-roi,0,223,0.1517760008573532,2.063904047012329,2.215679883956909,2.228748
chelsea,planned-roi,0,224,0.1496960073709488,2.0536320209503174,2.2033278942108154,2.216851
chelsea,planned-roi,0,225,0.14732800424098969,2.316767930984497,2.4640960693359375,2.477656
chelsea,planned-roi,0,226,0.16713599860668182,2.2854080200195312,2.4525439739227295,2.467631
chelsea,planned-roi,0,227,0.16326400637626648,2.1513280868530273,2.314591884613037,2.32829
chelsea,planned-roi,0,228,0.15004800260066986,2.0281920433044434,2.1782400608062744,2.191232
chelsea,planned-roi,0,229,0.14908799529075623,2.0249600410461426,2.1740479469299316,2.187877
chelsea,planned-roi,0,230,0.14876799285411835,2.0269439220428467,2.1757121086120605,2.189099
chelsea,planned-roi,0,231,0.14819200336933136,2.040800094604492,2.1889920234680176,2.201898
chelsea,planned-roi,0,232,0.15263999998569489,2.0802559852600098,2.232896089553833,2.254327
chelsea,planned-roi,0,233,0.16047999262809753,2.0388801097869873,2.199359893798828,2.214597
chelsea,planned-roi,0,234,0.15004800260066986,2.035327911376953,2.185375928878784,2.198523
chelsea,planned-roi,0,235,0.14982399344444275,2.327392101287842,2.4772160053253174,2.490496
chelsea,planned-roi,0,236,0.16598400473594666,2.3158719539642334,2.481856107711792,2.496054
chelsea,planned-roi,0,237,0.16364799439907074,2.0894720554351807,2.253119945526123,2.267307
chelsea,planned-roi,0,238,0.1528960019350052,2.0352320671081543,2.1881279945373535,2.201728
chelsea,planned-roi,0,239,0.14979200065135956,2.056096076965332,2.205888032913208,2.219324
chelsea,planned-roi,0,240,0.15196800231933594,2.031968116760254,2.18393611907959,2.198052
chelsea,planned-roi,0,241,0.16169600188732147,2.055903911590576,2.217600107192993,2.230462
chelsea,planned-roi,0,242,0.159743994474411,2.070143938064575,2.2298879623413086,2.243451
chelsea,planned-roi,0,243,0.15148800611495972,2.261888027191162,2.4133760929107666,2.428401
chelsea,planned-roi,0,244,0.17049600183963776,2.346816062927246,2.5173120498657227,2.532138
chelsea,planned-roi,0,245,0.15251199901103973,2.0448639392852783,2.197376012802124,2.211011
chelsea,planned-roi,0,246,0.15990400314331055,2.0491199493408203,2.209023952484131,2.224623
chelsea,planned-roi,0,247,0.14665600657463074,2.034208059310913,2.180864095687866,2.194186
chelsea,planned-roi,0,248,0.1789119988679886,2.257472038269043,2.4363839626312256,2.449944
chelsea,planned-roi,0,249,0.1661120057106018,2.318943977355957,2.485055923461914,2.499308
chelsea,planned-roi,0,250,0.17446400225162506,2.30784010887146,2.482304096221924,2.496655
chelsea,planned-roi,0,251,0.16569599509239197,2.141727924346924,2.3074240684509277,2.321349
chelsea,planned-roi,0,252,0.14998400211334229,2.10150408744812,2.251487970352173,2.264743
chelsea,planned-roi,0,253,0.1499200016260147,2.0840001106262207,2.233920097351074,2.246966
chelsea,planned-roi,0,254,0.16259199380874634,2.285792112350464,2.4483840465545654,2.463094
chelsea,planned-roi,0,255,0.1765120029449463,2.3102400302886963,2.4867520332336426,2.501162
chelsea,planned-roi,0,256,0.16704000532627106,2.311392068862915,2.4784319400787354,2.492488
chelsea,planned-roi,0,257,0.17446400225162506,2.06825590133667,2.242719888687134,2.256301
chelsea,planned-roi,0,258,0.15119999647140503,2.037600040435791,2.188800096511841,2.202138
chelsea,planned-roi,0,259,0.14950400590896606,2.049344062805176,2.198848009109497,2.211722
chelsea,planned-roi,0,260,0.15142400562763214,2.044127941131592,2.195552110671997,2.209279
chelsea,planned-roi,0,261,0.14892800152301788,2.081727981567383,2.2306559085845947,2.243411
chelsea,planned-roi,0,262,0.15334400534629822,2.0453760623931885,2.1987199783325195,2.212274
chelsea,planned-roi,0,263,0.14528000354766846,2.024991989135742,2.1702721118927,2.18312
chelsea,planned-roi,0,264,0.1478399932384491,1.9551359415054321,2.102976083755493,2.115887
chelsea,planned-roi,0,265,0.14431999623775482,1.946560025215149,2.0908799171447754,2.103819
chelsea,planned-roi,0,266,0.144896000623703,2.0513598918914795,2.196255922317505,2.209419
chelsea,planned-roi,0,267,0.1488959938287735,2.0074880123138428,2.156383991241455,2.171382
chelsea,planned-roi,0,268,0.14883199334144592,2.0900800228118896,2.2389121055603027,2.251924
chelsea,planned-roi,0,269,0.15113599598407745,2.09987211227417,2.2510080337524414,2.264292
chelsea,planned-roi,0,270,0.1518400013446808,2.1077120304107666,2.259552001953125,2.274037
chelsea,planned-roi,0,271,0.15932799875736237,2.1519999504089355,2.3113279342651367,2.327258
chelsea,planned-roi,0,272,0.15056000649929047,2.075711965560913,2.2262721061706543,2.240737
chelsea,planned-roi,0,273,0.1562879979610443,2.0940799713134766,2.250368118286133,2.264192
chelsea,planned-roi,0,274,0.18326400220394135,2.303328037261963,2.4865920543670654,2.499999
chelsea,planned-roi,0,275,0.16617600619792938,2.30185604095459,2.468031883239746,2.481712
chelsea,planned-roi,0,276,0.17523199319839478,2.089695930480957,2.264928102493286,2.278905
chelsea,planned-roi,0,277,0.15113599598407745,2.34768009185791,2.4988160133361816,2.512148
chelsea,planned-roi,0,278,0.16704000532627106,2.331199884414673,2.4982399940490723,2.512149
chelsea,planned-roi,0,279,0.16473600268363953,2.072511911392212,2.237247943878174,2.251373
chelsea,planned-roi,0,280,0.16089600324630737,2.0330240726470947,2.1939198970794678,2.207797
chelsea,planned-roi,0,281,0.14924800395965576,2.050175905227661,2.1994240283966064,2.212624
chelsea,planned-roi,0,282,0.15123200416564941,2.04748797416687,2.1987199783325195,2.211963
chelsea,planned-roi,0,283,0.15862399339675903,2.171072006225586,2.3296959400177,2.343172
chelsea,planned-roi,0,284,0.15244799852371216,2.0271999835968018,2.179647922515869,2.193124
chelsea,planned-roi,0,285,0.15801599621772766,2.157344102859497,2.3153600692749023,2.32873
chelsea,planned-roi,0,286,0.16940799355506897,2.100640058517456,2.270047903060913,2.284223
chelsea,planned-roi,0,287,0.1491519957780838,2.0246078968048096,2.173759937286377,2.187456
chelsea,planned-roi,0,288,0.147039994597435,2.119488000869751,2.2665278911590576,2.279746
chelsea,planned-roi,0,289,0.16582399606704712,2.026047945022583,2.1918718814849854,2.207826
chelsea,planned-roi,0,290,0.14668799936771393,2.3137600421905518,2.4604480266571045,2.473209
chelsea,planned-roi,0,291,0.16575999557971954,2.3017280101776123,2.4674880504608154,2.481812
chelsea,planned-roi,0,292,0.16604800522327423,2.2959680557250977,2.4620161056518555,2.476113
chelsea,planned-roi,0,293,0.16390399634838104,2.3393919467926025,2.5032958984375,2.517526
chelsea,planned-roi,0,294,0.15503999590873718,2.051584005355835,2.2066240310668945,2.219605
chelsea,planned-roi,0,295,0.14873600006103516,2.08076810836792,2.229504108428955,2.24259
chelsea,planned-roi,0,296,0.14892800152301788,2.09171199798584,2.2406399250030518,2.254147
chelsea,planned-roi,0,297,0.16252799332141876,2.070751905441284,2.2332799434661865,2.24954
chelsea,planned-roi,0,298,0.16832000017166138,2.0510079860687256,2.219327926635742,2.232294
chelsea,planned-roi,0,299,0.1456640064716339,2.218208074569702,2.3638720512390137,2.377444
chelsea,planned-roi,1,0,0.1568640023469925,2.0627520084381104,2.219615936279297,2.244332
chelsea,planned-roi,1,1,0.1518079936504364,2.541055917739868,2.692863941192627,2.707594
chelsea,planned-roi,1,2,0.1568319946527481,2.256704092025757,2.4135360717773438,2.428071
chelsea,planned-roi,1,3,0.1531199961900711,2.0864319801330566,2.2395520210266113,2.253466
chelsea,planned-roi,1,4,0.15119999647140503,2.0900800228118896,2.2412800788879395,2.254608
chelsea,planned-roi,1,5,0.1480640023946762,2.0078721046447754,2.1559360027313232,2.169619
chelsea,planned-roi,1,6,0.1496639996767044,2.1389119625091553,2.2885758876800537,2.30184
chelsea,planned-roi,1,7,0.16771200299263,2.0457279682159424,2.21343994140625,2.226956
chelsea,planned-roi,1,8,0.14771200716495514,2.2105600833892822,2.358272075653076,2.372136
chelsea,planned-roi,1,9,0.16313600540161133,2.3008639812469482,2.4639999866485596,2.485127
chelsea,planned-roi,1,10,0.16752000153064728,2.1103360652923584,2.2778561115264893,2.291944
chelsea,planned-roi,1,11,0.2077759951353073,2.1110079288482666,2.31878399848938,2.332366
chelsea,planned-roi,1,12,0.14854399859905243,2.333440065383911,2.4819839000701904,2.495323
chelsea,planned-roi,1,13,0.16684800386428833,2.2886080741882324,2.455456018447876,2.469484
chelsea,planned-roi,1,14,0.16710400581359863,2.1776959896087646,2.3447999954223633,2.358665
chelsea,planned-roi,1,15,0.15142400562763214,2.043839931488037,2.1952641010284424,2.208527
chelsea,planned-roi,1,16,0.1470080018043518,2.0290560722351074,2.1760640144348145,2.189349
chelsea,planned-roi,1,17,0.14691199362277985,2.2556800842285156,2.4025919437408447,2.415922
chelsea,planned-roi,1,18,0.17372800409793854,2.0301759243011475,2.203903913497925,2.21716
chelsea,planned-roi,1,19,0.15030400454998016,2.076416015625,2.226720094680786,2.239826
chelsea,planned-roi,1,20,0.14803199470043182,2.08076810836792,2.228800058364868,2.242139
chelsea,planned-roi,1,21,0.1467839926481247,2.0257599353790283,2.172544002532959,2.185814
chelsea,planned-roi,1,22,0.1709440052509308,2.0185279846191406,2.189471960067749,2.202709
chelsea,planned-roi,1,23,0.16099199652671814,2.3234879970550537,2.4844799041748047,2.497376
chelsea,planned-roi,1,24,0.16310399770736694,2.332832098007202,2.4959359169006348,2.510185
chelsea,planned-roi,1,25,0.14847999811172485,2.003391981124878,2.151871919631958,2.165362
chelsea,planned-roi,1,26,0.14684799313545227,2.198431968688965,2.3452799320220947,2.358896
chelsea,planned-roi,1,27,0.14851200580596924,2.165503978729248,2.314016103744507,2.327919
chelsea,planned-roi,1,28,0.15343999862670898,2.1153600215911865,2.2688000202178955,2.28228
chelsea,planned-roi,1,29,0.15004800260066986,1.9997119903564453,2.1497600078582764,2.162998
chelsea,planned-roi,1,30,0.14860799908638,2.1813440322875977,2.3299520015716553,2.343973
chelsea,planned-roi,1,31,0.18492799997329712,2.1130239963531494,2.2979519367218018,2.311384
chelsea,planned-roi,1,32,0.14790399372577667,2.0235519409179688,2.1714560985565186,2.184361
chelsea,planned-roi,1,33,0.1584320068359375,2.0942718982696533,2.252703905105591,2.268679
chelsea,planned-roi,1,34,0.15094399452209473,2.0854721069335938,2.2364161014556885,2.256661
chelsea,planned-roi,1,35,0.15619200468063354,2.1256959438323975,2.281888008117676,2.296251
chelsea,planned-roi,1,36,0.16044799983501434,2.1110079288482666,2.271456003189087,2.286235
chelsea,planned-roi,1,37,0.15385599434375763,2.12608003616333,2.2799360752105713,2.293426
chelsea,planned-roi,1,38,0.1546880006790161,2.178015947341919,2.3327040672302246,2.346547
chelsea,planned-roi,1,39,0.15199999511241913,2.0831680297851562,2.235167980194092,2.248819
chelsea,planned-roi,1,40,0.16646400094032288,2.0718400478363037,2.2383038997650146,2.251703
chelsea,planned-roi,1,41,0.1626880019903183,2.0628480911254883,2.2255361080169678,2.238953
chelsea,planned-roi,1,42,0.16867199540138245,2.149343967437744,2.3180160522460938,2.331324
chelsea,planned-roi,1,43,0.14860799908638,2.273375988006592,2.4219839572906494,2.436012
chelsea,planned-roi,1,44,0.18851199746131897,2.13753604888916,2.326047897338867,2.339877
chelsea,planned-roi,1,45,0.14713600277900696,2.079616069793701,2.2267520427703857,2.240867
chelsea,planned-roi,1,46,0.1509760022163391,2.054111957550049,2.205087900161743,2.218022
chelsea,planned-roi,1,47,0.1773120015859604,2.053312063217163,2.230623960494995,2.244412
chelsea,planned-roi,1,48,0.15065599977970123,2.023776054382324,2.1744320392608643,2.187717
chelsea,planned-roi,1,49,0.14902399480342865,2.027008056640625,2.176032066345215,2.189128
chelsea,planned-roi,1,50,0.147039994597435,2.064768075942993,2.2118079662323,2.225333
chelsea,planned-roi,1,51,0.14707200229167938,2.032927989959717,2.180000066757202,2.193395
chelsea,planned-roi,1,52,0.16911999881267548,2.0891520977020264,2.2582719326019287,2.271723
chelsea,planned-roi,1,53,0.14723199605941772,2.0796799659729004,2.226912021636963,2.240146
chelsea,planned-roi,1,54,0.14851200580596924,2.1027519702911377,2.2512640953063965,2.264753
chelsea,planned-roi,1,55,0.15993599593639374,2.2040319442749023,2.3639678955078125,2.377323
chelsea,planned-roi,1,56,0.15199999511241913,2.0993919372558594,2.251391887664795,2.264713
chelsea,planned-roi,1,57,0.15081599354743958,2.0903360843658447,2.241152048110962,2.254467
chelsea,planned-roi,1,58,0.15148800611495972,2.0414719581604004,2.192960023880005,2.205864
chelsea,planned-roi,1,59,0.17750400304794312,2.082688093185425,2.2601919174194336,2.273266
chelsea,planned-roi,1,60,0.15494400262832642,2.0887680053710938,2.2437119483947754,2.2565
chelsea,planned-roi,1,61,0.150176003575325,2.1270079612731934,2.277184009552002,2.290222
chelsea,planned-roi,1,62,0.16284799575805664,2.0783679485321045,2.241215944290161,2.254617
chelsea,planned-roi,1,63,0.15276800096035004,2.1515839099884033,2.304352045059204,2.317563
chelsea,planned-roi,1,64,0.15321600437164307,2.165760040283203,2.3189759254455566,2.332786
chelsea,planned-roi,1,65,0.1520320028066635,2.161600112915039,2.313632011413574,2.327118
chelsea,planned-roi,1,66,0.152319997549057,2.050368070602417,2.202687978744507,2.215909
chelsea,planned-roi,1,67,0.14892800152301788,2.071903944015503,2.220832109451294,2.233736
chelsea,planned-roi,1,68,0.14953599870204926,2.152928113937378,2.302464008331299,2.316041
chelsea,planned-roi,1,69,0.16771200299263,2.0537281036376953,2.221440076828003,2.234988
chelsea,planned-roi,1,70,0.15212799608707428,2.0820798873901367,2.234208106994629,2.248468
chelsea,planned-roi,1,71,0.17257599532604218,2.0694398880004883,2.242016077041626,2.25629
chelsea,planned-roi,1,72,0.1525759994983673,2.0773439407348633,2.229919910430908,2.244312
chelsea,planned-roi,1,73,0.15705600380897522,2.18451189994812,2.3415679931640625,2.355881
chelsea,planned-roi,1,74,0.15161600708961487,2.174015998840332,2.325632095336914,2.339967
chelsea,planned-roi,1,75,0.15193599462509155,2.135200023651123,2.2871360778808594,2.300357
chelsea,planned-roi,1,76,0.1525759994983673,2.071647882461548,2.224224090576172,2.237903
chelsea,planned-roi,1,77,0.15907199680805206,2.0760960578918457,2.235167980194092,2.248228
chelsea,planned-roi,1,78,0.14982399344444275,2.0417919158935547,2.1916160583496094,2.205343
chelsea,planned-roi,1,79,0.1603199988603592,2.084320068359375,2.2446401119232178,2.257683
chelsea,planned-roi,1,80,0.1528960019350052,2.056288003921509,2.209183931350708,2.222669
chelsea,planned-roi,1,81,0.14847999811172485,2.0385279655456543,2.1870079040527344,2.199665
chelsea,planned-roi,1,82,0.15513600409030914,2.0529279708862305,2.208064079284668,2.220726
chelsea,planned-roi,1,83,0.16326400637626648,2.225663900375366,2.388927936553955,2.401681
chelsea,planned-roi,1,84,0.15248000621795654,2.1296639442443848,2.282144069671631,2.2958
chelsea,planned-roi,1,85,0.1528320014476776,2.109407901763916,2.262239933013916,2.275189
chelsea,planned-roi,1,86,0.1603199988603592,2.241856098175049,2.4021759033203125,2.416032
chelsea,planned-roi,1,87,0.1533759981393814,2.2406721115112305,2.394047975540161,2.408241
chelsea,planned-roi,1,88,0.16729600727558136,2.3809919357299805,2.548288106918335,2.562885
chelsea,planned-roi,1,89,0.15279999375343323,2.2298879623413086,2.382688045501709,2.396653
chelsea,planned-roi,1,90,0.1671999990940094,2.3264639377593994,2.493664026260376,2.50705
chelsea,planned-roi,1,91,0.17020800709724426,2.3201279640197754,2.4903359413146973,2.504296
chelsea,planned-roi,1,92,0.17046399414539337,2.257472038269043,2.42793607711792,2.441761
chelsea,planned-roi,1,93,0.164000004529953,2.073791980743408,2.2377920150756836,2.251373
chelsea,planned-roi,1,94,0.150176003575325,2.138047933578491,2.2882239818573,2.301519
chelsea,planned-roi,1,95,0.15167999267578125,2.1771841049194336,2.328864097595215,2.342391
chelsea,planned-roi,1,96,0.16009600460529327,2.2478721141815186,2.407968044281006,2.421841
chelsea,planned-roi,1,97,0.15222400426864624,2.0905280113220215,2.2427520751953125,2.257041
chelsea,planned-roi,1,98,0.17974400520324707,2.369152069091797,2.548896074295044,2.563185
chelsea,planned-roi,1,99,0.18272000551223755,2.3683199882507324,2.551039934158325,2.565069
chelsea,planned-roi,1,100,0.16988800466060638,2.07804799079895,2.2479360103607178,2.26221
chelsea,planned-roi,1,101,0.14815999567508698,2.0717759132385254,2.219935894012451,2.233045
chelsea,planned-roi,1,102,0.15116800367832184,2.2979519367218018,2.449120044708252,2.462613
chelsea,planned-roi,1,103,0.15811200439929962,2.1399359703063965,2.2980480194091797,2.311914
chelsea,planned-roi,1,104,0.14947199821472168,2.1785919666290283,2.32806396484375,2.341129
chelsea,planned-roi,1,105,0.1533759981393814,2.060703992843628,2.2140800952911377,2.227437
chelsea,planned-roi,1,106,0.15455999970436096,2.3345279693603516,2.4890880584716797,2.502814
chelsea,planned-roi,1,107,0.15667200088500977,2.208319902420044,2.3649919033050537,2.378836
chelsea,planned-roi,1,108,0.1624000072479248,2.255136013031006,2.4175360202789307,2.431235
chelsea,planned-roi,1,109,0.16838400065898895,2.3162240982055664,2.4846079349517822,2.498908
chelsea,planned-roi,1,110,0.17641599476337433,2.3128960132598877,2.489311933517456,2.503255
chelsea,planned-roi,1,111,0.16790400445461273,2.362783908843994,2.5306880474090576,2.545669
chelsea,planned-roi,1,112,0.16976000368595123,2.2484800815582275,2.4182400703430176,2.432808
chelsea,planned-roi,1,113,0.14931200444698334,2.309727907180786,2.4590399265289307,2.472688
chelsea,planned-roi,1,114,0.18374399840831757,2.321727991104126,2.50547194480896,2.51987
chelsea,planned-roi,1,115,0.1664319932460785,2.381119966506958,2.5475521087646484,2.562204
chelsea,planned-roi,1,116,0.16067199409008026,2.080672025680542,2.2413439750671387,2.255058
chelsea,planned-roi,1,117,0.15331199765205383,2.0846400260925293,2.2379519939422607,2.251823
chelsea,planned-roi,1,118,0.1510400027036667,2.0615999698638916,2.2126400470733643,2.226045
chelsea,planned-roi,1,119,0.1589760035276413,2.2517120838165283,2.4106879234313965,2.423553
chelsea,planned-roi,1,120,0.1536639928817749,2.0619521141052246,2.21561598777771,2.229259
chelsea,planned-roi,1,121,0.15171200037002563,2.1536641120910645,2.3053760528564453,2.318935
chelsea,planned-roi,1,122,0.16307200491428375,2.1604158878326416,2.3234879970550537,2.336852
chelsea,planned-roi,1,123,0.15436799824237823,2.0749759674072266,2.229343891143799,2.243641
chelsea,planned-roi,1,124,0.14895999431610107,2.3715200424194336,2.520479917526245,2.534282
chelsea,planned-roi,1,125,0.16828800737857819,2.3225278854370117,2.490816116333008,2.504827
chelsea,planned-roi,1,126,0.17564800381660461,2.1700799465179443,2.3457279205322266,2.362571
chelsea,planned-roi,1,127,0.1549759954214096,2.1278719902038574,2.2828478813171387,2.299065
chelsea,planned-roi,1,128,0.14947199821472168,2.2412800788879395,2.390752077102661,2.405026
chelsea,planned-roi,1,129,0.14876799285411835,2.058016061782837,2.2067840099334717,2.221688
chelsea,planned-roi,1,130,0.16064000129699707,2.3830080032348633,2.5436480045318604,2.559861
chelsea,planned-roi,1,131,0.16675199568271637,2.3469440937042236,2.5136959552764893,2.528733
chelsea,planned-roi,1,132,0.1727679967880249,2.20467209815979,2.3774399757385254,2.392106
chelsea,planned-roi,1,133,0.1671999990940094,2.07423996925354,2.2414400577545166,2.255669
chelsea,planned-roi,1,134,0.15862399339675903,2.050976037979126,2.2095999717712402,2.22315
chelsea,planned-roi,1,135,0.1610880047082901,2.142944097518921,2.30403208732605,2.317293
chelsea,planned-roi,1,136,0.15401600301265717,2.3416640758514404,2.495680093765259,2.509634
chelsea,planned-roi,1,137,0.17897599935531616,2.337088108062744,2.516063928604126,2.530406
chelsea,planned-roi,1,138,0.16697600483894348,2.294912099838257,2.461888074874878,2.475994
chelsea,planned-roi,1,139,0.16569599509239197,2.189023971557617,2.354720115661621,2.368701
chelsea,planned-roi,1,140,0.1544640064239502,2.155456066131592,2.309920072555542,2.323722
chelsea,planned-roi,1,141,0.15136000514030457,2.0473599433898926,2.1987199783325195,2.212313
chelsea,planned-roi,1,142,0.16412800550460815,2.0505919456481934,2.2147200107574463,2.228317
chelsea,planned-roi,1,143,0.1507200002670288,2.0555520057678223,2.2062718868255615,2.219144
chelsea,planned-roi,1,144,0.15167999267578125,2.0420799255371094,2.1937599182128906,2.207316
chelsea,planned-roi,1,145,0.14742399752140045,2.3104960918426514,2.4579200744628906,2.470966
chelsea,planned-roi,1,146,0.17903999984264374,2.092992067337036,2.2720320224761963,2.286145
chelsea,planned-roi,1,147,0.1509760022163391,2.238208055496216,2.38918399810791,2.402832
chelsea,planned-roi,1,148,0.1754239946603775,2.132256031036377,2.3076798915863037,2.321008
chelsea,planned-roi,1,149,0.15488000214099884,2.200576066970825,2.3554561138153076,2.369652
chelsea,planned-roi,1,150,0.16835199296474457,2.436255931854248,2.6046080589294434,2.618939
chelsea,planned-roi,1,151,0.17529599368572235,2.3237760066986084,2.4990720748901367,2.512819
chelsea,planned-roi,1,152,0.14924800395965576,2.2270400524139404,2.3762879371643066,2.391505
chelsea,planned-roi,1,153,0.17244799435138702,2.3598079681396484,2.5322558879852295,2.547522
chelsea,planned-roi,1,154,0.1518400013446808,2.2880640029907227,2.439903974533081,2.45406
chelsea,planned-roi,1,155,0.17769600450992584,2.334399938583374,2.5120959281921387,2.52665
chelsea,planned-roi,1,156,0.21782399713993073,2.287231922149658,2.5050559043884277,2.519519
chelsea,planned-roi,1,157,0.17686399817466736,2.0797760486602783,2.2566399574279785,2.272324
chelsea,planned-roi,1,158,0.15216000378131866,2.086591958999634,2.2387518882751465,2.252895
chelsea,planned-roi,1,159,0.16153599321842194,2.1131839752197266,2.2747199535369873,2.28876
chelsea,planned-roi,1,160,0.15292799472808838,2.1156160831451416,2.2685439586639404,2.281859
chelsea,planned-roi,1,161,0.16156800091266632,2.190239906311035,2.3518080711364746,2.365236
chelsea,planned-roi,1,162,0.1777919977903366,2.377311944961548,2.5551040172576904,2.569475
chelsea,planned-roi,1,163,0.16732800006866455,2.396320104598999,2.563647985458374,2.578509
chelsea,planned-roi,1,164,0.15583999454975128,2.2916479110717773,2.4474880695343018,2.461281
chelsea,planned-roi,1,165,0.1528320014476776,2.156831979751587,2.309664011001587,2.323502
chelsea,planned-roi,1,166,0.16236799955368042,2.1255359649658203,2.2879040241241455,2.301459
chelsea,planned-roi,1,167,0.150176003575325,2.26364803314209,2.4138240814208984,2.42785
chelsea,planned-roi,1,168,0.16857600212097168,2.3711040019989014,2.539680004119873,2.554562
chelsea,planned-roi,1,169,0.16575999557971954,2.2533440589904785,2.4191040992736816,2.433869
chelsea,planned-roi,1,170,0.15033599734306335,2.2759039402008057,2.4262399673461914,2.439758
chelsea,planned-roi,1,171,0.1539520025253296,2.0571839809417725,2.2111361026763916,2.224923
chelsea,planned-roi,1,172,0.15068799257278442,2.274303913116455,2.424992084503174,2.438387
chelsea,planned-roi,1,173,0.16819199919700623,2.0518081188201904,2.2200000286102295,2.234306
chelsea,planned-roi,1,174,0.15862399339675903,2.352799892425537,2.5114240646362305,2.524897
chelsea,planned-roi,1,175,0.16761599481105804,2.322335958480835,2.4899520874023438,2.504035
chelsea,planned-roi,1,176,0.16582399606704712,2.3851840496063232,2.5510079860687256,2.564918
chelsea,planned-roi,1,177,0.1574079990386963,2.113152027130127,2.2705600261688232,2.285534
chelsea,planned-roi,1,178,0.19631999731063843,2.3490240573883057,2.545344114303589,2.565409
chelsea,planned-roi,1,179,0.1690559983253479,2.324831962585449,2.4938879013061523,2.508342
chelsea,planned-roi,1,180,0.16595199704170227,2.2231359481811523,2.3890879154205322,2.403363
chelsea,planned-roi,1,181,0.21353599429130554,2.1784000396728516,2.3919360637664795,2.406418
chelsea,planned-roi,1,182,0.1544959992170334,2.065216064453125,2.219712018966675,2.233305
chelsea,planned-roi,1,183,0.1494079977273941,2.170912027359009,2.320319890975952,2.333928
chelsea,planned-roi,1,184,0.15308800339698792,2.0563199520111084,2.2094080448150635,2.222429
chelsea,planned-roi,1,185,0.16252799332141876,2.125216007232666,2.2877440452575684,2.301609
chelsea,planned-roi,1,186,0.1499519944190979,2.031872034072876,2.181823968887329,2.195368
chelsea,planned-roi,1,187,0.14761599898338318,2.257888078689575,2.405503988265991,2.419067
chelsea,planned-roi,1,188,0.17715199291706085,2.3262081146240234,2.5033600330352783,2.518238
chelsea,planned-roi,1,189,0.16368000209331512,2.2037439346313477,2.3674240112304688,2.380839
chelsea,planned-roi,1,190,0.14851200580596924,2.128959894180298,2.2774720191955566,2.290983
chelsea,planned-roi,1,191,0.15011200308799744,2.4062399864196777,2.556351900100708,2.570427
chelsea,planned-roi,1,192,0.16675199568271637,2.3256959915161133,2.492448091506958,2.50687
chelsea,planned-roi,1,193,0.16470399498939514,2.2263360023498535,2.391040086746216,2.404505
chelsea,planned-roi,1,194,0.15702399611473083,2.04038405418396,2.1974079608917236,2.210801
chelsea,planned-roi,1,195,0.1603199988603592,2.030400037765503,2.1907200813293457,2.204181
chelsea,planned-roi,1,196,0.15084800124168396,2.058016061782837,2.2088639736175537,2.221948
chelsea,planned-roi,1,197,0.15094399452209473,2.054719924926758,2.2056639194488525,2.218853
chelsea,planned-roi,1,198,0.15084800124168396,2.0314559936523438,2.1823039054870605,2.195478
chelsea,planned-roi,1,199,0.14857600629329681,2.142080068588257,2.290656089782715,2.303842
chelsea,planned-roi,1,200,0.152319997549057,2.214751958847046,2.367072105407715,2.381189
chelsea,planned-roi,1,201,0.18668800592422485,2.31823992729187,2.5049281120300293,2.520471
chelsea,planned-roi,1,202,0.1685439944267273,2.3108160495758057,2.4793601036071777,2.493831
chelsea,planned-roi,1,203,0.16604800522327423,2.062527894973755,2.2285759449005127,2.242279
chelsea,planned-roi,1,204,0.16153599321842194,2.0491199493408203,2.210655927658081,2.224673
chelsea,planned-roi,1,205,0.1555200070142746,2.0367679595947266,2.1922879219055176,2.206054
chelsea,planned-roi,1,206,0.14668799936771393,2.0142719745635986,2.1609599590301514,2.174256
chelsea,planned-roi,1,207,0.14659200608730316,2.0729598999023438,2.2195520401000977,2.232274
chelsea,planned-roi,1,208,0.14560000598430634,2.0405759811401367,2.186176061630249,2.200145
chelsea,planned-roi,1,209,0.21199999749660492,2.116960048675537,2.3289599418640137,2.347438
chelsea,planned-roi,1,210,0.1499200016260147,2.017983913421631,2.1679039001464844,2.181397
chelsea,planned-roi,1,211,0.14825600385665894,2.027872085571289,2.1761279106140137,2.189169
chelsea,planned-roi,1,212,0.14847999811172485,2.0459840297698975,2.1944639682769775,2.207016
chelsea,planned-roi,1,213,0.17238399386405945,2.182111978530884,2.3544960021972656,2.370784
chelsea,planned-roi,1,214,0.16025599837303162,2.059295892715454,2.2195520401000977,2.233085
chelsea,planned-roi,1,215,0.15574400126934052,2.2406399250030518,2.3963840007781982,2.411555
chelsea,planned-roi,1,216,0.16630400717258453,2.263295888900757,2.4296000003814697,2.443734
chelsea,planned-roi,1,217,0.14697599411010742,2.041440010070801,2.188416004180908,2.202098
chelsea,planned-roi,1,218,0.14707200229167938,2.0063679218292236,2.153439998626709,2.166204
chelsea,planned-roi,1,219,0.1687999963760376,2.033951997756958,2.202752113342285,2.218163
chelsea,planned-roi,1,220,0.14803199470043182,2.0351359844207764,2.1831679344177246,2.195889
chelsea,planned-roi,1,221,0.14556799829006195,2.0153279304504395,2.160896062850952,2.173756
chelsea,planned-roi,1,222,0.14399999380111694,1.9946880340576172,2.138688087463379,2.151582
chelsea,planned-roi,1,223,0.14457599818706512,2.1945600509643555,2.3391358852386475,2.352226
chelsea,planned-roi,1,224,0.14959999918937683,2.062623977661133,2.212224006652832,2.225704
chelsea,planned-roi,1,225,0.14575999975204468,2.209439992904663,2.3552000522613525,2.36821
chelsea,planned-roi,1,226,0.14643199741840363,2.0290560722351074,2.175487995147705,2.189048
chelsea,planned-roi,1,227,0.22435200214385986,2.2056000232696533,2.4299519062042236,2.444826
chelsea,planned-roi,1,228,0.17001600563526154,2.3326399326324463,2.5026559829711914,2.517255
chelsea,planned-roi,1,229,0.16700799763202667,2.275424003601074,2.442431926727295,2.457035
chelsea,planned-roi,1,230,0.15331199765205383,2.032320022583008,2.1856319904327393,2.199134
chelsea,planned-roi,1,231,0.14697599411010742,2.057471990585327,2.2044479846954346,2.217441
chelsea,planned-roi,1,232,0.17657600343227386,2.029599905014038,2.2061760425567627,2.219315
chelsea,planned-roi,1,233,0.15680000185966492,2.064192056655884,2.220992088317871,2.234257
chelsea,planned-roi,1,234,0.14867199957370758,2.058432102203369,2.207103967666626,2.220146
chelsea,planned-roi,1,235,0.14537599682807922,2.034656047821045,2.1800320148468018,2.193295
chelsea,planned-roi,1,236,0.1820479929447174,2.028320074081421,2.2103679180145264,2.22315
chelsea,planned-roi,1,237,0.14604799449443817,2.176543951034546,2.32259202003479,2.335751
chelsea,planned-roi,1,238,0.15529599785804749,2.1599040031433105,2.315200090408325,2.329491
chelsea,planned-roi,1,239,0.1873600035905838,2.066335916519165,2.2536959648132324,2.268649
chelsea,planned-roi,1,240,0.15190400183200836,2.021536111831665,2.1734399795532227,2.187676
chelsea,planned-roi,1,241,0.15731200575828552,2.045088052749634,2.202399969100952,2.215378
chelsea,planned-roi,1,242,0.1493760049343109,2.1411519050598145,2.2905280590057373,2.303852
chelsea,planned-roi,1,243,0.18303999304771423,2.207904100418091,2.390944004058838,2.404505
chelsea,planned-roi,1,244,0.16422399878501892,2.3427839279174805,2.5070080757141113,2.520971
chelsea,planned-roi,1,245,0.1720000058412552,2.2233920097351074,2.3953919410705566,2.409352
chelsea,planned-roi,1,246,0.14870400726795197,2.235584020614624,2.3842880725860596,2.397184
chelsea,planned-roi,1,247,0.1549759954214096,2.124703884124756,2.279680013656616,2.293266
chelsea,planned-roi,1,248,0.16492800414562225,2.2781760692596436,2.4431040287017822,2.456924
chelsea,planned-roi,1,249,0.17609600722789764,2.3543360233306885,2.5304319858551025,2.544958
chelsea,planned-roi,1,250,0.1682240068912506,2.1825599670410156,2.3507840633392334,2.364745
chelsea,planned-roi,1,251,0.14790399372577667,2.0873920917510986,2.2352960109710693,2.248418
chelsea,planned-roi,1,252,0.15587200224399567,2.016832113265991,2.172703981399536,2.185693
chelsea,planned-roi,1,253,0.1746560037136078,2.222464084625244,2.3971199989318848,2.411436
chelsea,planned-roi,1,254,0.1955839991569519,2.111072063446045,2.3066558837890625,2.32219
chelsea,planned-roi,1,255,0.15142400562763214,2.0393600463867188,2.190783977508545,2.204352
chelsea,planned-roi,1,256,0.2242559939622879,2.1044158935546875,2.328671932220459,2.342371
chelsea,planned-roi,1,257,0.15081599354743958,2.127135992050171,2.277951955795288,2.291584
chelsea,planned-roi,1,258,0.1512639969587326,2.2743680477142334,2.4256319999694824,2.439318
chelsea,planned-roi,1,259,0.16624000668525696,2.174272060394287,2.3405120372772217,2.35501
chelsea,planned-roi,1,260,0.15142400562763214,2.1926400661468506,2.3440639972686768,2.357684
chelsea,planned-roi,1,261,0.1526080071926117,2.2746880054473877,2.4272959232330322,2.4411
chelsea,planned-roi,1,262,0.16723200678825378,2.3064959049224854,2.4737279415130615,2.487641
chelsea,planned-roi,1,263,0.18220800161361694,2.208224058151245,2.3904318809509277,2.404895
chelsea,planned-roi,1,264,0.155008003115654,2.297919988632202,2.452928066253662,2.467781
chelsea,planned-roi,1,265,0.1793919950723648,2.3524160385131836,2.5318078994750977,2.547351
chelsea,planned-roi,1,266,0.16540800034999847,2.3026559352874756,2.468064069747925,2.482223
chelsea,planned-roi,1,267,0.16143999993801117,2.2043840885162354,2.365823984146118,2.380118
chelsea,planned-roi,1,268,0.15638400614261627,2.15116810798645,2.3075520992279053,2.32182
chelsea,planned-roi,1,269,0.18063999712467194,2.1162240505218506,2.2968640327453613,2.311754
chelsea,planned-roi,1,270,0.16016000509262085,2.096031904220581,2.2561919689178467,2.270702
chelsea,planned-roi,1,271,0.1648319959640503,2.1456000804901123,2.310431957244873,2.324214
chelsea,planned-roi,1,272,0.1555200070142746,2.0795838832855225,2.2351040840148926,2.24898
chelsea,planned-roi,1,273,0.16550399363040924,2.1375679969787598,2.303071975708008,2.320458
chelsea,planned-roi,1,274,0.15334400534629822,2.214495897293091,2.367840051651001,2.382852
chelsea,planned-roi,1,275,0.16575999557971954,2.3116159439086914,2.4773759841918945,2.497887
chelsea,planned-roi,1,276,0.16870400309562683,2.317023992538452,2.4857280254364014,2.49998
chelsea,planned-roi,1,277,0.1510079950094223,2.0272960662841797,2.1783039569854736,2.191792
chelsea,planned-roi,1,278,0.14815999567508698,2.2252159118652344,2.37337589263916,2.386438
chelsea,planned-roi,1,279,0.15568000078201294,2.095616102218628,2.251296043395996,2.264973
chelsea,planned-roi,1,280,0.15148800611495972,2.11628794670105,2.2677760124206543,2.281368
chelsea,planned-roi,1,281,0.14640000462532043,2.1856958866119385,2.3320960998535156,2.345946
chelsea,planned-roi,1,282,0.15667200088500977,2.1848320960998535,2.3415040969848633,2.356833
chelsea,planned-roi,1,283,0.17129600048065186,2.169696092605591,2.340991973876953,2.35472
chelsea,planned-roi,1,284,0.16867199540138245,2.0453760623931885,2.214047908782959,2.228007
chelsea,planned-roi,1,285,0.1528960019350052,2.056288003921509,2.209183931350708,2.222599
chelsea,planned-roi,1,286,0.1499200016260147,2.0475199222564697,2.1974399089813232,2.210671
chelsea,planned-roi,1,287,0.14720000326633453,2.038655996322632,2.1858561038970947,2.199004
chelsea,planned-roi,1,288,0.1464959979057312,2.0063040256500244,2.1528000831604004,2.165573
chelsea,planned-roi,1,289,0.17689600586891174,2.137216091156006,2.3141119480133057,2.326988
chelsea,planned-roi,1,290,0.1512639969587326,2.0759999752044678,2.227263927459717,2.240226
chelsea,planned-roi,1,291,0.15907199680805206,2.0794880390167236,2.2385599613189697,2.251132
chelsea,planned-roi,1,292,0.160863995552063,2.0649919509887695,2.225856065750122,2.238934
chelsea,planned-roi,1,293,0.1510079950094223,2.0088000297546387,2.1598079204559326,2.173575
chelsea,planned-roi,1,294,0.14735999703407288,2.033792018890381,2.181152105331421,2.195088
chelsea,planned-roi,1,295,0.14668799936771393,2.0565760135650635,2.203263998031616,2.21663
chelsea,planned-roi,1,296,0.1472959965467453,2.0088319778442383,2.1561279296875,2.169478
chelsea,planned-roi,1,297,0.17023999989032745,2.001471996307373,2.1717119216918945,2.184862
chelsea,planned-roi,1,298,0.15056000649929047,2.0610239505767822,2.2115840911865234,2.225463
chelsea,planned-roi,1,299,0.14668799936771393,2.0284159183502197,2.1751039028167725,2.187936
chelsea,baseline,1,0,0.16275200247764587,2.158143997192383,2.3208959102630615,2.345556
chelsea,baseline,1,1,0.14934399724006653,2.1311678886413574,2.2805120944976807,2.29571
chelsea,baseline,1,2,0.1714559942483902,2.085024118423462,2.2564799785614014,2.271272
chelsea,baseline,1,3,0.14857600629329681,2.133824110031128,2.282399892807007,2.29613
chelsea,baseline,1,4,0.15647999942302704,2.1185600757598877,2.2750399112701416,2.290432
chelsea,baseline,1,5,0.15936000645160675,2.2495040893554688,2.4088640213012695,2.423564
chelsea,baseline,1,6,0.14742399752140045,2.201792001724243,2.3492159843444824,2.362942
chelsea,baseline,1,7,0.1462399959564209,2.2030398845672607,2.3492801189422607,2.364024
chelsea,baseline,1,8,0.1571200042963028,2.0363199710845947,2.1934399604797363,2.207777
chelsea,baseline,1,9,0.14787200093269348,2.0569920539855957,2.204864025115967,2.218422
chelsea,baseline,1,10,0.15107199549674988,2.027168035507202,2.1782400608062744,2.191653
chelsea,baseline,1,11,0.14431999623775482,2.281536102294922,2.425856113433838,2.438917
chelsea,baseline,1,12,0.1488640010356903,2.0174078941345215,2.166271924972534,2.179794
chelsea,baseline,1,13,0.16230399906635284,2.0583040714263916,2.2206079959869385,2.233726
chelsea,baseline,1,14,0.14550399780273438,2.1822400093078613,2.3277440071105957,2.341159
chelsea,baseline,1,15,0.14771200716495514,1.9854719638824463,2.1331839561462402,2.147616
chelsea,baseline,1,16,0.14431999623775482,2.0460479259490967,2.1903679370880127,2.203701
chelsea,baseline,1,17,0.14195199310779572,2.0088000297546387,2.150752067565918,2.164
chelsea,baseline,1,18,0.14150400459766388,2.028127908706665,2.1696319580078125,2.182669
chelsea,baseline,1,19,0.1406400054693222,1.9919359683990479,2.1325759887695312,2.145182
chelsea,baseline,1,20,0.1708800047636032,2.078495979309082,2.249376058578491,2.26322
chelsea,baseline,1,21,0.17440000176429749,2.079616069793701,2.2540159225463867,2.267618
chelsea,baseline,1,22,0.14854399859905243,2.0248000621795654,2.1733438968658447,2.186745
chelsea,baseline,1,23,0.146464005112648,2.037503957748413,2.1839680671691895,2.197081
chelsea,baseline,1,24,0.1584320068359375,2.054464101791382,2.2128961086273193,2.225904
chelsea,baseline,1,25,0.14601600170135498,2.045088052749634,2.191103935241699,2.204361
chelsea,baseline,1,26,0.14511999487876892,2.065664052963257,2.2107839584350586,2.223981
chelsea,baseline,1,27,0.14524799585342407,2.0409600734710693,2.1862080097198486,2.199404
chelsea,baseline,1,28,0.15702399611473083,2.030303955078125,2.1873281002044678,2.200906
chelsea,baseline,1,29,0.16860799491405487,2.0918080806732178,2.260416030883789,2.274649
chelsea,baseline,1,30,0.1451839953660965,2.065984010696411,2.211168050765991,2.224522
chelsea,baseline,1,31,0.14483200013637543,2.226560115814209,2.371392011642456,2.385276
chelsea,baseline,1,32,0.15423999726772308,2.1091198921203613,2.263360023498535,2.277483
chelsea,baseline,1,33,0.1483200043439865,2.083264112472534,2.231584072113037,2.245103
chelsea,baseline,1,34,0.14579200744628906,2.129120111465454,2.274912118911743,2.288439
chelsea,baseline,1,35,0.16835199296474457,2.095072031021118,2.2634239196777344,2.277542
chelsea,baseline,1,36,0.17945599555969238,2.0953919887542725,2.274847984313965,2.2889
chelsea,baseline,1,37,0.14819200336933136,2.0537919998168945,2.20198392868042,2.215127
chelsea,baseline,1,38,0.15568000078201294,2.1753599643707275,2.3310399055480957,2.344113
chelsea,baseline,1,39,0.1488959938287735,2.0806400775909424,2.2295360565185547,2.2431
chelsea,baseline,1,40,0.14483200013637543,2.07478404045105,2.219615936279297,2.233786
chelsea,baseline,1,41,0.1475840061903,2.091200113296509,2.238784074783325,2.252575
chelsea,baseline,1,42,0.16729600727558136,2.0591039657592773,2.2263998985290527,2.239685
chelsea,baseline,1,43,0.14815999567508698,2.065376043319702,2.213536024093628,2.226455
chelsea,baseline,1,44,0.14608000218868256,2.075007915496826,2.22108793258667,2.234156
chelsea,baseline,1,45,0.14899200201034546,2.0930559635162354,2.2420480251312256,2.255009
chelsea,baseline,1,46,0.17577600479125977,2.0961599349975586,2.2719359397888184,2.285364
chelsea,baseline,1,47,0.14662399888038635,2.091968059539795,2.2385919094085693,2.252134
chelsea,baseline,1,48,0.1475840061903,2.0520639419555664,2.199647903442383,2.213265
chelsea,baseline,1,49,0.14771200716495514,2.067744016647339,2.215456008911133,2.228558
chelsea,baseline,1,50,0.1695999950170517,2.07206392288208,2.241663932800293,2.2559
chelsea,baseline,1,51,0.14790399372577667,2.0960960388183594,2.24399995803833,2.258163
chelsea,baseline,1,52,0.14633600413799286,2.064768075942993,2.211103916168213,2.224992
chelsea,baseline,1,53,0.14633600413799286,2.1059200763702393,2.252255916595459,2.266235
chelsea,baseline,1,54,0.15590399503707886,2.0976641178131104,2.253567934036255,2.26896
chelsea,baseline,1,55,0.14655999839305878,2.146239995956421,2.292799949645996,2.306336
chelsea,baseline,1,56,0.14588800072669983,2.061471939086914,2.207360029220581,2.221257
chelsea,baseline,1,57,0.17366400361061096,2.081696033477783,2.2553598880767822,2.268819
chelsea,baseline,1,58,0.14767999947071075,2.0979199409484863,2.2455999851226807,2.258824
chelsea,baseline,1,59,0.14803199470043182,2.0558080673217773,2.2038400173187256,2.217131
chelsea,baseline,1,60,0.1582079976797104,2.058432102203369,2.216639995574951,2.230161
chelsea,baseline,1,61,0.16752000153064728,1.9978560209274292,2.1653759479522705,2.178763
chelsea,baseline,1,62,0.14348800480365753,2.0366721153259277,2.1801600456237793,2.193155
chelsea,baseline,1,63,0.14188799262046814,2.001823902130127,2.143712043762207,2.156619
chelsea,baseline,1,64,0.14105600118637085,2.0102720260620117,2.1513280868530273,2.164491
chelsea,baseline,1,65,0.14259199798107147,2.0161919593811035,2.1587839126586914,2.172303
chelsea,baseline,1,66,0.17103999853134155,2.0143039226531982,2.1853439807891846,2.198262
chelsea,baseline,1,67,0.1467519998550415,2.047775983810425,2.194528102874756,2.207436
chelsea,baseline,1,68,0.14422400295734406,2.109920024871826,2.2541439533233643,2.266917
chelsea,baseline,1,69,0.14828799664974213,2.0704638957977295,2.218751907348633,2.232745
chelsea,baseline,1,70,0.16572800278663635,2.1202878952026367,2.2860159873962402,2.299185
chelsea,baseline,1,71,0.14800000190734863,2.2029759883880615,2.35097599029541,2.364144
chelsea,baseline,1,72,0.1467519998550415,2.1948161125183105,2.3415679931640625,2.355541
chelsea,baseline,1,73,0.18438400328159332,2.1800639629364014,2.364448070526123,2.378345
chelsea,baseline,1,74,0.1515199989080429,2.1447041034698486,2.2962241172790527,2.310232
chelsea,baseline,1,75,0.14851200580596924,2.073472023010254,2.2219839096069336,2.235489
chelsea,baseline,1,76,0.1876160055398941,2.121504068374634,2.309119939804077,2.3224
chelsea,baseline,1,77,0.14694400131702423,2.131392002105713,2.2783360481262207,2.291453
chelsea,baseline,1,78,0.1472959965467453,2.0739519596099854,2.221247911453247,2.235619
chelsea,baseline,1,79,0.15996800363063812,2.1306240558624268,2.2905919551849365,2.304113
chelsea,baseline,1,80,0.1727679967880249,2.111840009689331,2.2846078872680664,2.301159
chelsea,baseline,1,81,0.16467200219631195,2.128351926803589,2.2930240631103516,2.306306
chelsea,baseline,1,82,0.14982399344444275,2.100383996963501,2.2502079010009766,2.263321
chelsea,baseline,1,83,0.1491519957780838,2.0811519622802734,2.230304002761841,2.244182
chelsea,baseline,1,84,0.14774399995803833,2.0864639282226562,2.234208106994629,2.247577
chelsea,baseline,1,85,0.14825600385665894,2.0228800773620605,2.171135902404785,2.184051
chelsea,baseline,1,86,0.14339199662208557,2.047391891479492,2.190783977508545,2.204602
chelsea,baseline,1,87,0.14899200201034546,2.0691840648651123,2.2181758880615234,2.233295
chelsea,baseline,1,88,0.15945599973201752,2.1910400390625,2.3504960536956787,2.364514
chelsea,baseline,1,89,0.15174399316310883,2.106112003326416,2.2578558921813965,2.271393
chelsea,baseline,1,90,0.16457599401474,2.3244481086730957,2.4890239238739014,2.515202
chelsea,baseline,1,91,0.15004800260066986,2.0497920513153076,2.1998400688171387,2.213576
chelsea,baseline,1,92,0.21296000480651855,2.070528030395508,2.2834880352020264,2.296862
chelsea,baseline,1,93,0.1467200070619583,2.189631938934326,2.3363521099090576,2.349802
chelsea,baseline,1,94,0.16233600676059723,2.3141438961029053,2.476480007171631,2.490546
chelsea,baseline,1,95,0.17174400389194489,2.3209280967712402,2.4926719665527344,2.508352
chelsea,baseline,1,96,0.16764800250530243,2.2103679180145264,2.3780159950256348,2.396283
chelsea,baseline,1,97,0.19116799533367157,2.329279899597168,2.5204479694366455,2.538678
chelsea,baseline,1,98,0.15216000378131866,2.118943929672241,2.271104097366333,2.285034
chelsea,baseline,1,99,0.14902399480342865,2.1276800632476807,2.2767040729522705,2.290813
chelsea,baseline,1,100,0.14947199821472168,2.049504041671753,2.1989760398864746,2.212835
chelsea,baseline,1,101,0.14556799829006195,2.215712070465088,2.3612799644470215,2.375371
chelsea,baseline,1,102,0.16288000345230103,2.30732798576355,2.470207929611206,2.484646
chelsea,baseline,1,103,0.1600639969110489,2.1727681159973145,2.332832098007202,2.346957
chelsea,baseline,1,104,0.14707200229167938,2.1371519565582275,2.284224033355713,2.297343
chelsea,baseline,1,105,0.16527999937534332,2.4206080436706543,2.585887908935547,2.59932
chelsea,baseline,1,106,0.16556799411773682,2.3123199939727783,2.4778881072998047,2.492287
chelsea,baseline,1,107,0.16697600483894348,2.185408115386963,2.352384090423584,2.366157
chelsea,baseline,1,108,0.14860799908638,2.0413761138916016,2.189984083175659,2.203681
chelsea,baseline,1,109,0.14575999975204468,2.038271903991699,2.1840319633483887,2.19738
chelsea,baseline,1,110,0.1586879938840866,2.043519973754883,2.2022080421447754,2.215659
chelsea,baseline,1,111,0.14601600170135498,2.3703360557556152,2.5163519382476807,2.530076
chelsea,baseline,1,112,0.1515199989080429,2.1365439891815186,2.2880640029907227,2.3023
chelsea,baseline,1,113,0.1658560037612915,2.05401611328125,2.219871997833252,2.235018
chelsea,baseline,1,114,0.14588800072669983,2.2434558868408203,2.3893439769744873,2.403344
chelsea,baseline,1,115,0.16179199516773224,2.3462400436401367,2.5080320835113525,2.522093
chelsea,baseline,1,116,0.15171200037002563,2.0419840812683105,2.1936960220336914,2.207096
chelsea,baseline,1,117,0.1480640023946762,2.1316800117492676,2.2797439098358154,2.293567
chelsea,baseline,1,118,0.14364799857139587,2.331552028656006,2.4751999378204346,2.488902
chelsea,baseline,1,119,0.1502079963684082,2.1604480743408203,2.3106560707092285,2.324604
chelsea,baseline,1,120,0.14662399888038635,2.0449280738830566,2.191551923751831,2.205243
chelsea,baseline,1,121,0.15279999375343323,2.0238399505615234,2.176640033721924,2.18987
chelsea,baseline,1,122,0.14921599626541138,2.0423359870910645,2.191551923751831,2.205483
chelsea,baseline,1,123,0.14636799693107605,2.0496959686279297,2.196063995361328,2.209029
chelsea,baseline,1,124,0.1464959979057312,2.026848077774048,2.1733438968658447,2.186595
chelsea,baseline,1,125,0.14608000218868256,2.0396480560302734,2.185728073120117,2.198653
chelsea,baseline,1,126,0.15539200603961945,2.055999994277954,2.2113919258117676,2.224832
chelsea,baseline,1,127,0.15174399316310883,2.0390400886535645,2.190783977508545,2.204342
chelsea,baseline,1,128,0.14348800480365753,2.1258559226989746,2.2693440914154053,2.282951
chelsea,baseline,1,129,0.14268800616264343,2.013823986053467,2.1565120220184326,2.17045
chelsea,baseline,1,130,0.16518400609493256,1.9948480129241943,2.160032033920288,2.173846
chelsea,baseline,1,131,0.14979200065135956,2.0233919620513916,2.1731839179992676,2.188207
chelsea,baseline,1,132,0.14310400187969208,2.0222079753875732,2.1653120517730713,2.178883
chelsea,baseline,1,133,0.14361600577831268,2.056351900100708,2.199968099594116,2.213355
chelsea,baseline,1,134,0.1456640064716339,2.1127359867095947,2.2583999633789062,2.271353
chelsea,baseline,1,135,0.16147199273109436,2.084320068359375,2.2457919120788574,2.262119
chelsea,baseline,1,136,0.14534400403499603,2.1303040981292725,2.2756481170654297,2.288799
chelsea,baseline,1,137,0.1520320028066635,2.057568073272705,2.2095999717712402,2.22319
chelsea,baseline,1,138,0.15574400126934052,2.0161919593811035,2.17193603515625,2.185593
chelsea,baseline,1,139,0.15465599298477173,2.0437440872192383,2.1984000205993652,2.214347
chelsea,baseline,1,140,0.14556799829006195,2.045919895172119,2.191488027572632,2.204602
chelsea,baseline,1,141,0.14454400539398193,2.036223888397217,2.1807680130004883,2.193746
chelsea,baseline,1,142,0.14524799585342407,2.029439926147461,2.1746881008148193,2.187737
chelsea,baseline,1,143,0.17129600048065186,2.023423910140991,2.1947200298309326,2.208158
chelsea,baseline,1,144,0.143327996134758,2.0194239616394043,2.1627519130706787,2.175918
chelsea,baseline,1,145,0.1427839994430542,1.9913280010223389,2.1341118812561035,2.146944
chelsea,baseline,1,146,0.15196800231933594,2.002687931060791,2.154655933380127,2.167917
chelsea,baseline,1,147,0.14403200149536133,2.1012160778045654,2.2452480792999268,2.258413
chelsea,baseline,1,148,0.1664319932460785,2.1821439266204834,2.348576068878174,2.362471
chelsea,baseline,1,149,0.14918400347232819,2.0901761054992676,2.2393600940704346,2.253736
chelsea,baseline,1,150,0.14883199334144592,2.0799360275268555,2.2287681102752686,2.241959
chelsea,baseline,1,151,0.16857600212097168,2.013727903366089,2.1823039054870605,2.195278
chelsea,baseline,1,152,0.14399999380111694,1.997663974761963,2.1416640281677246,2.154907
chelsea,baseline,1,153,0.14451199769973755,2.0232319831848145,2.1677439212799072,2.181046
chelsea,baseline,1,154,0.14601600170135498,2.0117759704589844,2.157792091369629,2.171161
chelsea,baseline,1,155,0.14582400023937225,2.089247941970825,2.235071897506714,2.248809
chelsea,baseline,1,156,0.16326400637626648,2.0380160808563232,2.201280117034912,2.215488
chelsea,baseline,1,157,0.14399999380111694,2.047424077987671,2.1914238929748535,2.204401
chelsea,baseline,1,158,0.14537599682807922,2.006495952606201,2.151871919631958,2.165633
chelsea,baseline,1,159,0.14390400052070618,2.0142080783843994,2.158112049102783,2.171431
chelsea,baseline,1,160,0.14505599439144135,2.010848045349121,2.1559040546417236,2.168538
chelsea,baseline,1,161,0.16419200599193573,2.045919895172119,2.2101120948791504,2.22293
chelsea,baseline,1,162,0.14339199662208557,2.09004807472229,2.2334399223327637,2.246936
chelsea,baseline,1,163,0.1459839940071106,2.090912103652954,2.23689603805542,2.249831
chelsea,baseline,1,164,0.14905600249767303,2.099679946899414,2.2487359046936035,2.26286
chelsea,baseline,1,165,0.16630400717258453,2.104896068572998,2.271199941635132,2.286866
chelsea,baseline,1,166,0.15692800283432007,2.127648115158081,2.284575939178467,2.298844
chelsea,baseline,1,167,0.14771200716495514,2.131648063659668,2.279360055923462,2.292906
chelsea,baseline,1,168,0.17987200617790222,2.1288959980010986,2.3087680339813232,2.321489
chelsea,baseline,1,169,0.15056000649929047,2.094655990600586,2.245215892791748,2.258203
chelsea,baseline,1,170,0.1488640010356903,2.1186881065368652,2.267551898956299,2.281759
chelsea,baseline,1,171,0.16937600076198578,2.1385281085968018,2.307904005050659,2.321228
chelsea,baseline,1,172,0.14844800531864166,2.0535359382629395,2.20198392868042,2.215719
chelsea,baseline,1,173,0.14451199769973755,2.069888114929199,2.214400053024292,2.227607
chelsea,baseline,1,174,0.14892800152301788,2.0946879386901855,2.2436161041259766,2.257542
chelsea,baseline,1,175,0.18428799510002136,2.1796159744262695,2.3639039993286133,2.377574
chelsea,baseline,1,176,0.14880000054836273,2.0722239017486572,2.2210240364074707,2.234577
chelsea,baseline,1,177,0.1475840061903,2.1735680103302,2.3211519718170166,2.334869
chelsea,baseline,1,178,0.16067199409008026,2.0776000022888184,2.238271951675415,2.260286
chelsea,baseline,1,179,0.1475200057029724,2.106816053390503,2.25433611869812,2.267738
chelsea,baseline,1,180,0.15036800503730774,2.0658559799194336,2.216223955154419,2.229791
chelsea,baseline,1,181,0.14259199798107147,2.062880039215088,2.205471992492676,2.219785
chelsea,baseline,1,182,0.15382400155067444,2.073983907699585,2.2278079986572266,2.243671
chelsea,baseline,1,183,0.1467519998550415,2.0471999645233154,2.1939520835876465,2.207206
chelsea,baseline,1,184,0.1467839926481247,2.0246400833129883,2.17142391204834,2.184471
chelsea,baseline,1,185,0.1491200029850006,2.063231945037842,2.2123520374298096,2.225894
chelsea,baseline,1,186,0.17577600479125977,2.0786240100860596,2.2544000148773193,2.267998
chelsea,baseline,1,187,0.14537599682807922,2.042720079421997,2.188096046447754,2.201457
chelsea,baseline,1,188,0.1520320028066635,2.178879976272583,2.3309121131896973,2.344785
chelsea,baseline,1,189,0.17881600558757782,2.319551944732666,2.49836802482605,2.514151
chelsea,baseline,1,190,0.16233600676059723,2.314176082611084,2.4765119552612305,2.490675
chelsea,baseline,1,191,0.16995200514793396,2.157183885574341,2.3271360397338867,2.34171
chelsea,baseline,1,192,0.14972800016403198,2.1821439266204834,2.33187198638916,2.346287
chelsea,baseline,1,193,0.1502400040626526,2.142751932144165,2.292992115020752,2.306576
chelsea,baseline,1,194,0.14953599870204926,2.092672109603882,2.2422080039978027,2.256541
chelsea,baseline,1,195,0.15011200308799744,2.2310400009155273,2.3811519145965576,2.394269
chelsea,baseline,1,196,0.1502400040626526,2.0601279735565186,2.2103679180145264,2.224082
chelsea,baseline,1,197,0.15667200088500977,2.123231887817383,2.2799038887023926,2.293587
chelsea,baseline,1,198,0.1494079977273941,2.087775945663452,2.2371840476989746,2.250802
chelsea,baseline,1,199,0.1496639996767044,2.134399890899658,2.2840640544891357,2.297943
chelsea,baseline,1,200,0.1568640023469925,2.199199914932251,2.3560640811920166,2.369772
chelsea,baseline,1,201,0.15158399939537048,2.094111919403076,2.2456960678100586,2.258944
chelsea,baseline,1,202,0.1475840061903,2.0934720039367676,2.241055965423584,2.254808
chelsea,baseline,1,203,0.14745600521564484,2.1497280597686768,2.2971839904785156,2.310512
chelsea,baseline,1,204,0.1509760022163391,2.205471992492676,2.35644793510437,2.369862
chelsea,baseline,1,205,0.1491200029850006,2.175136089324951,2.32425594329834,2.338254
chelsea,baseline,1,206,0.15878400206565857,2.0506560802459717,2.209439992904663,2.223521
chelsea,baseline,1,207,0.14931200444698334,2.053567886352539,2.2028799057006836,2.216299
chelsea,baseline,1,208,0.14659200608730316,2.2246079444885254,2.3712000846862793,2.385135
chelsea,baseline,1,209,0.14793600142002106,2.111776113510132,2.259711980819702,2.273266
chelsea,baseline,1,210,0.14924800395965576,2.0380160808563232,2.1872639656066895,2.201016
chelsea,baseline,1,211,0.14652800559997559,2.074079990386963,2.2206079959869385,2.234417
chelsea,baseline,1,212,0.14732800424098969,2.067744016647339,2.2150719165802,2.228308
chelsea,baseline,1,213,0.14748799800872803,2.12060809135437,2.2680959701538086,2.281779
chelsea,baseline,1,214,0.1531520038843155,2.1610240936279297,2.314176082611084,2.327578
chelsea,baseline,1,215,0.1493760049343109,2.0670719146728516,2.2164480686187744,2.230721
chelsea,baseline,1,216,0.14803199470043182,2.0556800365448,2.203711986541748,2.217311
chelsea,baseline,1,217,0.15782399475574493,2.0981760025024414,2.25600004196167,2.270261
chelsea,baseline,1,218,0.14739200472831726,2.1799681186676025,2.327359914779663,2.340698
chelsea,baseline,1,219,0.15507200360298157,2.111232042312622,2.2663040161132812,2.280066
chelsea,baseline,1,220,0.14614400267601013,2.2576959133148193,2.4038400650024414,2.416723
chelsea,baseline,1,221,0.1504639983177185,2.1402881145477295,2.2907519340515137,2.304864
chelsea,baseline,1,222,0.14771200716495514,2.096895933151245,2.244607925415039,2.258563
chelsea,baseline,1,223,0.15520000457763672,2.1615679264068604,2.316767930984497,2.330503
chelsea,baseline,1,224,0.14828799664974213,2.059839963912964,2.208127975463867,2.221307
chelsea,baseline,1,225,0.1456640064716339,2.0659520626068115,2.211616039276123,2.225574
chelsea,baseline,1,226,0.14819200336933136,2.057408094406128,2.2056000232696533,2.218352
chelsea,baseline,1,227,0.15779200196266174,2.0306239128112793,2.188416004180908,2.201678
chelsea,baseline,1,228,0.14735999703407288,2.0847361087799072,2.232095956802368,2.245764
chelsea,baseline,1,229,0.14764800667762756,2.062335968017578,2.209984064102173,2.223371
chelsea,baseline,1,230,0.14924800395965576,2.0344960689544678,2.183743953704834,2.19702
chelsea,baseline,1,231,0.1629440039396286,2.052704095840454,2.2156479358673096,2.228818
chelsea,baseline,1,232,0.14396800100803375,2.054431915283203,2.1984000205993652,2.211633
chelsea,baseline,1,233,0.1446080058813095,1.9685440063476562,2.113152027130127,2.126394
chelsea,baseline,1,234,0.14287999272346497,2.1294400691986084,2.272320032119751,2.285624
chelsea,baseline,1,235,0.146464005112648,2.1050240993499756,2.251487970352173,2.264813
chelsea,baseline,1,236,0.14841599762439728,2.0707199573516846,2.2191359996795654,2.233286
chelsea,baseline,1,237,0.1467200070619583,2.102976083755493,2.2496960163116455,2.262509
chelsea,baseline,1,238,0.14454400539398193,2.2000958919525146,2.344640016555786,2.358495
chelsea,baseline,1,239,0.1650879979133606,2.320607900619507,2.4856960773468018,2.500971
chelsea,baseline,1,240,0.1613440066576004,2.3064000606536865,2.4677441120147705,2.481882
chelsea,baseline,1,241,0.16476799547672272,2.143712043762207,2.3084800243377686,2.323252
chelsea,baseline,1,242,0.14812800288200378,2.5598719120025635,2.7079999446868896,2.722087
chelsea,baseline,1,243,0.1708800047636032,2.3089280128479004,2.4798080921173096,2.494131
chelsea,baseline,1,244,0.17209599912166595,2.2376959323883057,2.409791946411133,2.423734
chelsea,baseline,1,245,0.14819200336933136,2.027872085571289,2.1760640144348145,2.189089
chelsea,baseline,1,246,0.1432960033416748,2.1773760318756104,2.320672035217285,2.334228
chelsea,baseline,1,247,0.16326400637626648,2.3203840255737305,2.4836480617523193,2.497666
chelsea,baseline,1,248,0.1600320041179657,2.1461119651794434,2.3061439990997314,2.319756
chelsea,baseline,1,249,0.14528000354766846,2.05020809173584,2.1954879760742188,2.208638
chelsea,baseline,1,250,0.1443839967250824,2.078687906265259,2.223072052001953,2.23626
chelsea,baseline,1,251,0.18611200153827667,2.107072114944458,2.2931840419769287,2.306527
chelsea,baseline,1,252,0.14470399916172028,2.1295359134674072,2.274240016937256,2.287738
chelsea,baseline,1,253,0.16179199516773224,2.3504960536956787,2.5122880935668945,2.526479
chelsea,baseline,1,254,0.16051200032234192,2.2576000690460205,2.41811203956604,2.431586
chelsea,baseline,1,255,0.1419840008020401,2.2849280834198,2.4269120693206787,2.439618
chelsea,baseline,1,256,0.16486400365829468,2.1482880115509033,2.3131520748138428,2.327267
chelsea,baseline,1,257,0.14371199905872345,2.2826240062713623,2.4263360500335693,2.439788
chelsea,baseline,1,258,0.18003199994564056,2.3888959884643555,2.5689280033111572,2.583126
chelsea,baseline,1,259,0.15945599973201752,2.2959680557250977,2.4554240703582764,2.469594
chelsea,baseline,1,260,0.16198399662971497,2.1193599700927734,2.281343936920166,2.29581
chelsea,baseline,1,261,0.14742399752140045,2.091360092163086,2.238784074783325,2.252494
chelsea,baseline,1,262,0.14777599275112152,2.0542399883270264,2.2020161151885986,2.2164
chelsea,baseline,1,263,0.1722240000963211,2.1228480339050293,2.295072078704834,2.308469
chelsea,baseline,1,264,0.1504639983177185,2.1391360759735107,2.289599895477295,2.303311
chelsea,baseline,1,265,0.14847999811172485,2.111583948135376,2.260063886642456,2.273736
chelsea,baseline,1,266,0.1467839926481247,2.076159954071045,2.2229440212249756,2.236651
chelsea,baseline,1,267,0.15609599649906158,2.085952043533325,2.2420480251312256,2.25566
chelsea,baseline,1,268,0.14803199470043182,2.11244797706604,2.2604799270629883,2.274538
chelsea,baseline,1,269,0.16624000668525696,2.117824077606201,2.2840640544891357,2.297252
chelsea,baseline,1,270,0.15798400342464447,2.0774080753326416,2.2353920936584473,2.24957
chelsea,baseline,1,271,0.14611199498176575,2.0592639446258545,2.205375909805298,2.219024
chelsea,baseline,1,272,0.14681600034236908,2.072767972946167,2.2195839881896973,2.233526
chelsea,baseline,1,273,0.16739200055599213,2.0501439571380615,2.217535972595215,2.231011
chelsea,baseline,1,274,0.16143999993801117,2.0432000160217285,2.2046399116516113,2.218443
chelsea,baseline,1,275,0.14723199605941772,2.1367039680480957,2.283936023712158,2.297523
chelsea,baseline,1,276,0.14688000082969666,2.033888101577759,2.1807680130004883,2.194406
chelsea,baseline,1,277,0.1504639983177185,2.043776035308838,2.194240093231201,2.208848
chelsea,baseline,1,278,0.15756799280643463,2.0420479774475098,2.199615955352783,2.213545
chelsea,baseline,1,279,0.1472959965467453,2.057823896408081,2.205120086669922,2.218573
chelsea,baseline,1,280,0.1446399986743927,2.116607904434204,2.2612481117248535,2.274618
chelsea,baseline,1,281,0.16448000073432922,2.107167959213257,2.2716479301452637,2.292415
chelsea,baseline,1,282,0.15056000649929047,2.1603519916534424,2.3109118938446045,2.325405
chelsea,baseline,1,283,0.14860799908638,2.0936639308929443,2.242271900177002,2.256301
chelsea,baseline,1,284,0.14815999567508698,2.085344076156616,2.233504056930542,2.247046
chelsea,baseline,1,285,0.16291199624538422,2.099839925765991,2.262752056121826,2.276922
chelsea,baseline,1,286,0.14972800016403198,2.0982398986816406,2.2479679584503174,2.261598
chelsea,baseline,1,287,0.14927999675273895,2.0615999698638916,2.2108800411224365,2.224652
chelsea,baseline,1,288,0.14739200472831726,2.0477120876312256,2.195103883743286,2.208197
chelsea,baseline,1,289,0.15539200603961945,2.071808099746704,2.2272000312805176,2.240406
chelsea,baseline,1,290,0.1589439958333969,2.232991933822632,2.3919360637664795,2.405205
chelsea,baseline,1,291,0.15955199301242828,2.1027519702911377,2.2623040676116943,2.279666
chelsea,baseline,1,292,0.16300800442695618,2.1026880741119385,2.2656960487365723,2.279515
chelsea,baseline,1,293,0.1475519984960556,2.0911359786987305,2.2386879920959473,2.252193
chelsea,baseline,1,294,0.14659200608730316,2.1260159015655518,2.2726080417633057,2.286606
chelsea,baseline,1,295,0.14720000326633453,2.0713601112365723,2.218559980392456,2.232104
chelsea,baseline,1,296,0.14684799313545227,2.100543975830078,2.247391939163208,2.260507
chelsea,baseline,1,297,0.14640000462532043,2.1601920127868652,2.3065919876098633,2.319816
chelsea,baseline,1,298,0.16064000129699707,2.1495039463043213,2.3101439476013184,2.323652
chelsea,baseline,1,299,0.1635199934244156,2.1170880794525146,2.2806079387664795,2.295289
chelsea,baseline,2,0,0.16118399798870087,2.1380159854888916,2.2992000579833984,2.323902
chelsea,baseline,2,1,0.1491519957780838,2.0937280654907227,2.24288010597229,2.257792
chelsea,baseline,2,2,0.14918400347232819,2.246432065963745,2.395616054534912,2.409222
chelsea,baseline,2,3,0.14953599870204926,2.344032049179077,2.493567943572998,2.508202
chelsea,baseline,2,4,0.16735999286174774,2.0754239559173584,2.242784023284912,2.260246
chelsea,baseline,2,5,0.1525759994983673,2.074143886566162,2.226720094680786,2.240586
chelsea,baseline,2,6,0.16092799603939056,2.0434560775756836,2.2043840885162354,2.218503
chelsea,baseline,2,7,0.1488640010356903,2.194175958633423,2.3430399894714355,2.356372
chelsea,baseline,2,8,0.15907199680805206,2.1582720279693604,2.3173439502716064,2.331504
chelsea,baseline,2,9,0.14934399724006653,2.036799907684326,2.1861441135406494,2.200025
chelsea,baseline,2,10,0.1462080031633377,2.019167900085449,2.1653759479522705,2.179153
chelsea,baseline,2,11,0.14873600006103516,2.018944025039673,2.167680025100708,2.181136
chelsea,baseline,2,12,0.15600000321865082,2.0553600788116455,2.211359977722168,2.225244
chelsea,baseline,2,13,0.1438719928264618,2.0849599838256836,2.2288320064544678,2.24248
chelsea,baseline,2,14,0.1475840061903,2.0452799797058105,2.192863941192627,2.207086
chelsea,baseline,2,15,0.14547200500965118,2.0354559421539307,2.1809279918670654,2.194467
chelsea,baseline,2,16,0.14627200365066528,2.06825590133667,2.2145280838012695,2.227928
chelsea,baseline,2,17,0.14860799908638,2.0795199871063232,2.228127956390381,2.241568
chelsea,baseline,2,18,0.15225599706172943,2.088831901550293,2.2410879135131836,2.254528
chelsea,baseline,2,19,0.14790399372577667,2.1184000968933105,2.2663040161132812,2.279255
chelsea,baseline,2,20,0.160863995552063,2.060352087020874,2.2212159633636475,2.234247
chelsea,baseline,2,21,0.1574079990386963,2.157088041305542,2.3144960403442383,2.327969
chelsea,baseline,2,22,0.15663999319076538,2.0716800689697266,2.2283198833465576,2.242098
chelsea,baseline,2,23,0.14796799421310425,2.1163198947906494,2.2642879486083984,2.277533
chelsea,baseline,2,24,0.1502400040626526,2.018752098083496,2.168992042541504,2.182549
chelsea,baseline,2,25,0.1451839953660965,2.0564799308776855,2.2016639709472656,2.214768
chelsea,baseline,2,26,0.14524799585342407,2.0651841163635254,2.2104320526123047,2.224732
chelsea,baseline,2,27,0.14688000082969666,2.040832042694092,2.1877119541168213,2.200696
chelsea,baseline,2,28,0.1576319932937622,2.0308799743652344,2.188512086868286,2.20308
chelsea,baseline,2,29,0.14575999975204468,2.205728054046631,2.3514881134033203,2.364875
chelsea,baseline,2,30,0.14927999675273895,2.219712018966675,2.3689920902252197,2.382842
chelsea,baseline,2,31,0.1765120029449463,2.2369918823242188,2.413503885269165,2.426728
chelsea,baseline,2,32,0.15164799988269806,2.200063943862915,2.3517119884490967,2.366207
chelsea,baseline,2,33,0.15296000242233276,2.2192959785461426,2.37225604057312,2.386418
chelsea,baseline,2,34,0.14847999811172485,2.060256004333496,2.208735942840576,2.222369
chelsea,baseline,2,35,0.14870400726795197,2.2253758907318115,2.374079942703247,2.387859
chelsea,baseline,2,36,0.15705600380897522,2.112384080886841,2.269439935684204,2.283011
chelsea,baseline,2,37,0.1475519984960556,2.1940159797668457,2.3415679931640625,2.35498
chelsea,baseline,2,38,0.16060799360275269,2.3049280643463135,2.465536117553711,2.480209
chelsea,baseline,2,39,0.16278399527072906,2.289247989654541,2.4520320892333984,2.466479
chelsea,baseline,2,40,0.21318399906158447,2.1313281059265137,2.3445119857788086,2.358275
chelsea,baseline,2,41,0.18857599794864655,2.3258559703826904,2.514431953430176,2.529054
chelsea,baseline,2,42,0.16832000017166138,2.329632043838501,2.4979519844055176,2.512599
chelsea,baseline,2,43,0.17552000284194946,2.110304117202759,2.2858240604400635,2.300407
chelsea,baseline,2,44,0.150176003575325,2.054527997970581,2.2047040462493896,2.219504
chelsea,baseline,2,45,0.14416000247001648,2.0537281036376953,2.197887897491455,2.211422
chelsea,baseline,2,46,0.16022400557994843,2.0063679218292236,2.1665918827056885,2.179634
chelsea,baseline,2,47,0.1735360026359558,2.243232011795044,2.4167680740356445,2.429963
chelsea,baseline,2,48,0.14963200688362122,2.279423952102661,2.42905592918396,2.442483
chelsea,baseline,2,49,0.17507199943065643,2.298624038696289,2.473695993423462,2.488211
chelsea,baseline,2,50,0.1616320013999939,2.276927947998047,2.4385600090026855,2.452808
chelsea,baseline,2,51,0.15756799280643463,2.10646390914917,2.2640318870544434,2.277723
chelsea,baseline,2,52,0.14691199362277985,2.059295892715454,2.2062079906463623,2.219835
chelsea,baseline,2,53,0.14694400131702423,2.078943967819214,2.2258880138397217,2.239564
chelsea,baseline,2,54,0.1451520025730133,2.053407907485962,2.1985599994659424,2.212053
chelsea,baseline,2,55,0.1534080058336258,2.0950400829315186,2.248447895050049,2.261578
chelsea,baseline,2,56,0.1491519957780838,2.3770880699157715,2.526240110397339,2.540341
chelsea,baseline,2,57,0.1491200029850006,2.227328062057495,2.376447916030884,2.390584
chelsea,baseline,2,58,0.16707199811935425,2.0398080348968506,2.2068800926208496,2.220195
chelsea,baseline,2,59,0.14803199470043182,2.0730559825897217,2.22108793258667,2.234817
chelsea,baseline,2,60,0.1555200070142746,2.0358400344848633,2.1913599967956543,2.205153
chelsea,baseline,2,61,0.15561600029468536,2.042112112045288,2.197727918624878,2.210831
chelsea,baseline,2,62,0.14985600113868713,2.0272319316864014,2.1770880222320557,2.191161
chelsea,baseline,2,63,0.14748799800872803,2.062272071838379,2.2097599506378174,2.22309
chelsea,baseline,2,64,0.14761599898338318,2.2548160552978516,2.4024319648742676,2.415913
chelsea,baseline,2,65,0.18188799917697906,2.1302080154418945,2.312096118927002,2.326056
chelsea,baseline,2,66,0.15091200172901154,2.134335994720459,2.285248041152954,2.299455
chelsea,baseline,2,67,0.14963200688362122,2.0377919673919678,2.1874239444732666,2.200847
chelsea,baseline,2,68,0.17350399494171143,2.07260799407959,2.246112108230591,2.259215
chelsea,baseline,2,69,0.1594880074262619,2.0502400398254395,2.2097280025482178,2.22288
chelsea,baseline,2,70,0.1491519957780838,2.0549440383911133,2.2040960788726807,2.217351
chelsea,baseline,2,71,0.14953599870204926,2.0879039764404297,2.2374401092529297,2.250101
chelsea,baseline,2,72,0.1693439930677414,2.218208074569702,2.38755202293396,2.401661
chelsea,baseline,2,73,0.14796799421310425,2.308351993560791,2.45632004737854,2.469874
chelsea,baseline,2,74,0.16361600160598755,2.09932804107666,2.262943983078003,2.278533
chelsea,baseline,2,75,0.14880000054836273,2.0771520137786865,2.225951910018921,2.240487
chelsea,baseline,2,76,0.14796799421310425,2.0200960636138916,2.1680641174316406,2.181447
chelsea,baseline,2,77,0.14735999703407288,2.1275839805603027,2.2749440670013428,2.288038
chelsea,baseline,2,78,0.1570879966020584,2.143807888031006,2.300895929336548,2.313567
chelsea,baseline,2,79,0.16092799603939056,2.079551935195923,2.2404799461364746,2.253766
chelsea,baseline,2,80,0.14662399888038635,2.0640640258789062,2.2106881141662598,2.225614
chelsea,baseline,2,81,0.15299199521541595,2.0555520057678223,2.2085440158843994,2.22302
chelsea,baseline,2,82,0.15878400206565857,2.2215359210968018,2.3803200721740723,2.39477
chelsea,baseline,2,83,0.14959999918937683,2.045151948928833,2.1947519779205322,2.208858
chelsea,baseline,2,84,0.1478080004453659,2.0375680923461914,2.185375928878784,2.199064
chelsea,baseline,2,85,0.1472640037536621,2.1423680782318115,2.2896320819854736,2.303301
chelsea,baseline,2,86,0.16259199380874634,2.209183931350708,2.3717761039733887,2.388301
chelsea,baseline,2,87,0.16230399906635284,2.1074559688568115,2.2697598934173584,2.283241
chelsea,baseline,2,88,0.15839999914169312,2.1598401069641113,2.31823992729187,2.334609
chelsea,baseline,2,89,0.14854399859905243,2.2095680236816406,2.358112096786499,2.371796
chelsea,baseline,2,90,0.14659200608730316,2.1179521083831787,2.2645440101623535,2.278064
chelsea,baseline,2,91,0.18889600038528442,2.1613759994506836,2.3502719402313232,2.364904
chelsea,baseline,2,92,0.1515520066022873,2.0843520164489746,2.2359039783477783,2.24954
chelsea,baseline,2,93,0.1486400067806244,2.0936319828033447,2.242271900177002,2.25602
chelsea,baseline,2,94,0.15615999698638916,2.103327989578247,2.259488105773926,2.272755
chelsea,baseline,2,95,0.14774399995803833,2.1159679889678955,2.263711929321289,2.277072
chelsea,baseline,2,96,0.14822399616241455,2.1094400882720947,2.2576639652252197,2.270912
chelsea,baseline,2,97,0.14822399616241455,2.2334399223327637,2.3816640377044678,2.39493
chelsea,baseline,2,98,0.15398399531841278,2.1430718898773193,2.297055959701538,2.310572
chelsea,baseline,2,99,0.15855999290943146,2.1358399391174316,2.2943999767303467,2.307658
chelsea,baseline,2,100,0.15801599621772766,2.164479970932007,2.322495937347412,2.339927
chelsea,baseline,2,101,0.15001599490642548,2.1052799224853516,2.255295991897583,2.26883
chelsea,baseline,2,102,0.14985600113868713,2.134783983230591,2.284640073776245,2.298194
chelsea,baseline,2,103,0.1494079977273941,2.198431968688965,2.3478400707244873,2.361449
chelsea,baseline,2,104,0.1494079977273941,2.1374080181121826,2.286815881729126,2.301088
chelsea,baseline,2,105,0.16220800578594208,2.1257920265197754,2.2880001068115234,2.301919
chelsea,baseline,2,106,0.14803199470043182,2.140575885772705,2.2886080741882324,2.302209
chelsea,baseline,2,107,0.1517760008573532,2.167680025100708,2.319456100463867,2.332616
chelsea,baseline,2,108,0.1510079950094223,2.210655927658081,2.361664056777954,2.375451
chelsea,baseline,2,109,0.15747199952602386,2.161087989807129,2.3185598850250244,2.332085
chelsea,baseline,2,110,0.14847999811172485,2.159615993499756,2.308095932006836,2.32195
chelsea,baseline,2,111,0.14812800288200378,2.096832036972046,2.244960069656372,2.258464
chelsea,baseline,2,112,0.1472959965467453,2.059391975402832,2.2066879272460938,2.220125
chelsea,baseline,2,113,0.14764800667762756,2.0690560340881348,2.2167038917541504,2.230071
chelsea,baseline,2,114,0.14761599898338318,2.045088052749634,2.19270396232605,2.206294
chelsea,baseline,2,115,0.14732800424098969,2.0325119495391846,2.179840087890625,2.193555
chelsea,baseline,2,116,0.16067199409008026,2.154144048690796,2.3148159980773926,2.327959
chelsea,baseline,2,117,0.14614400267601013,2.1998720169067383,2.3460159301757812,2.359877
chelsea,baseline,2,118,0.1600639969110489,2.1499199867248535,2.309983968734741,2.324133
chelsea,baseline,2,119,0.1547520011663437,2.173919916152954,2.328671932220459,2.34178
chelsea,baseline,2,120,0.15014399588108063,2.110879898071289,2.261023998260498,2.275009
chelsea,baseline,2,121,0.15673600137233734,2.1101438999176025,2.2668800354003906,2.281929
chelsea,baseline,2,122,0.1488959938287735,2.066240072250366,2.2151360511779785,2.235639
chelsea,baseline,2,123,0.15593600273132324,2.1125121116638184,2.2684481143951416,2.284663
chelsea,baseline,2,124,0.14963200688362122,2.1793599128723145,2.3289918899536133,2.342601
chelsea,baseline,2,125,0.15171200037002563,2.131903886795044,2.283616065979004,2.297894
chelsea,baseline,2,126,0.1598079949617386,2.1701440811157227,2.3299520015716553,2.346737
chelsea,baseline,2,127,0.14713600277900696,2.1279358863830566,2.2750720977783203,2.28895
chelsea,baseline,2,128,0.14947199821472168,2.0954558849334717,2.2449278831481934,2.259345
chelsea,baseline,2,129,0.16944000124931335,2.0845439434051514,2.253983974456787,2.272164
chelsea,baseline,2,130,0.1478399932384491,2.138079881668091,2.2859199047088623,2.300087
chelsea,baseline,2,131,0.14713600277900696,2.1994879245758057,2.3466238975524902,2.360048
chelsea,baseline,2,132,0.15590399503707886,2.0718400478363037,2.2277441024780273,2.241157
chelsea,baseline,2,133,0.1504960060119629,2.1353919506073,2.2858879566192627,2.300538
chelsea,baseline,2,134,0.1533759981393814,2.2237439155578613,2.377120018005371,2.392596
chelsea,baseline,2,135,0.16176000237464905,2.0515520572662354,2.2133119106292725,2.227436
chelsea,baseline,2,136,0.1496639996767044,2.0489280223846436,2.198591947555542,2.212554
chelsea,baseline,2,137,0.1467839926481247,2.1660799980163574,2.312864065170288,2.326396
chelsea,baseline,2,138,0.157151997089386,2.2200961112976074,2.3772480487823486,2.391034
chelsea,baseline,2,139,0.1504960060119629,2.0507519245147705,2.2012479305267334,2.215007
chelsea,baseline,2,140,0.14681600034236908,2.0356481075286865,2.1824638843536377,2.195918
chelsea,baseline,2,141,0.14550399780273438,2.0601279735565186,2.205631971359253,2.219314
chelsea,baseline,2,142,0.15520000457763672,2.0508480072021484,2.206048011779785,2.220736
chelsea,baseline,2,143,0.14790399372577667,2.1784000396728516,2.3263039588928223,2.339596
chelsea,baseline,2,144,0.15052799880504608,2.142303943634033,2.2928318977355957,2.306787
chelsea,baseline,2,145,0.1491519957780838,2.1331839561462402,2.2823359966278076,2.296531
chelsea,baseline,2,146,0.14918400347232819,2.2234880924224854,2.3726720809936523,2.386848
chelsea,baseline,2,147,0.14873600006103516,2.1966400146484375,2.3453760147094727,2.359887
chelsea,baseline,2,148,0.15724800527095795,2.084831953048706,2.242079973220825,2.255349
chelsea,baseline,2,149,0.16355200111865997,2.0975680351257324,2.261120080947876,2.274708
chelsea,baseline,2,150,0.16233600676059723,2.0655360221862793,2.227871894836426,2.241208
chelsea,baseline,2,151,0.15436799824237823,2.0357120037078857,2.190079927444458,2.203781
chelsea,baseline,2,152,0.1565759927034378,2.125920057296753,2.2824959754943848,2.296171
chelsea,baseline,2,153,0.14844800531864166,2.040031909942627,2.1884799003601074,2.20309
chelsea,baseline,2,154,0.14630399644374847,2.083807945251465,2.230112075805664,2.243791
chelsea,baseline,2,155,0.14716799557209015,2.218463897705078,2.3656320571899414,2.379948
chelsea,baseline,2,156,0.15670399367809296,2.184864044189453,2.3415679931640625,2.357744
chelsea,baseline,2,157,0.15775999426841736,2.1483840942382812,2.3061439990997314,2.319386
chelsea,baseline,2,158,0.1582079976797104,2.1165759563446045,2.2747840881347656,2.288259
chelsea,baseline,2,159,0.14793600142002106,2.069119930267334,2.2170560359954834,2.230301
chelsea,baseline,2,160,0.14694400131702423,2.103775978088379,2.2507200241088867,2.264723
chelsea,baseline,2,161,0.1488640010356903,2.1406400203704834,2.289504051208496,2.303272
chelsea,baseline,2,162,0.15164799988269806,2.0548160076141357,2.2064640522003174,2.220476
chelsea,baseline,2,163,0.14591999351978302,2.05132794380188,2.1972479820251465,2.211302
chelsea,baseline,2,164,0.14662399888038635,2.038304090499878,2.1849279403686523,2.199144
chelsea,baseline,2,165,0.14406399428844452,2.022304058074951,2.166368007659912,2.179725
chelsea,baseline,2,166,0.17599999904632568,2.424959897994995,2.6009600162506104,2.617047
chelsea,baseline,2,167,0.15091200172901154,2.0655040740966797,2.2164158821105957,2.230361
chelsea,baseline,2,168,0.15727999806404114,2.0581440925598145,2.215424060821533,2.228989
chelsea,baseline,2,169,0.14975999295711517,2.0792319774627686,2.228991985321045,2.24297
chelsea,baseline,2,170,0.15142400562763214,2.027008056640625,2.178431987762451,2.191542
chelsea,baseline,2,171,0.14793600142002106,2.1480319499969482,2.2959680557250977,2.310373
chelsea,baseline,2,172,0.15839999914169312,2.017119884490967,2.1755199432373047,2.189279
chelsea,baseline,2,173,0.14665600657463074,2.156735897064209,2.303391933441162,2.316992
chelsea,baseline,2,174,0.14796799421310425,2.1158719062805176,2.2638399600982666,2.277062
chelsea,baseline,2,175,0.1488640010356903,2.142944097518921,2.2918078899383545,2.304854
chelsea,baseline,2,176,0.14720000326633453,2.0804479122161865,2.2276480197906494,2.240837
chelsea,baseline,2,177,0.15692800283432007,2.092927932739258,2.2498559951782227,2.263791
chelsea,baseline,2,178,0.1462399959564209,2.1296000480651855,2.2758400440216064,2.28933
chelsea,baseline,2,179,0.1597760021686554,2.096191883087158,2.2559680938720703,2.26932
chelsea,baseline,2,180,0.14815999567508698,2.122080087661743,2.270240068435669,2.283802
chelsea,baseline,2,181,0.1491519957780838,2.0760319232940674,2.2251839637756348,2.239115
chelsea,baseline,2,182,0.1496639996767044,2.0430080890655518,2.19267201423645,2.206084
chelsea,baseline,2,183,0.15568000078201294,2.088736057281494,2.2444159984588623,2.265995
chelsea,baseline,2,184,0.1480640023946762,2.2046399116516113,2.3527040481567383,2.366287
chelsea,baseline,2,185,0.14815999567508698,2.043519973754883,2.1916799545288086,2.205282
chelsea,baseline,2,186,0.15625600516796112,2.0770881175994873,2.233344078063965,2.247306
chelsea,baseline,2,187,0.16185599565505981,2.1333119869232178,2.295167922973633,2.311184
chelsea,baseline,2,188,0.15113599598407745,2.0837759971618652,2.2349119186401367,2.24923
chelsea,baseline,2,189,0.14563199877738953,2.050623893737793,2.196255922317505,2.209369
chelsea,baseline,2,190,0.17084799706935883,2.1655681133270264,2.336416006088257,2.349251
chelsea,baseline,2,191,0.15561600029468536,2.274912118911743,2.430527925491333,2.444065
chelsea,baseline,2,192,0.15036800503730774,2.1842880249023438,2.334656000137329,2.349061
chelsea,baseline,2,193,0.1528960019350052,2.1432321071624756,2.296128034591675,2.309461
chelsea,baseline,2,194,0.14793600142002106,2.1273601055145264,2.2752959728240967,2.28863
chelsea,baseline,2,195,0.1480959951877594,2.1176960468292236,2.265791893005371,2.279766
chelsea,baseline,2,196,0.15836800634860992,2.0952000617980957,2.253567934036255,2.267558
chelsea,baseline,2,197,0.14767999947071075,2.1046719551086426,2.252351999282837,2.265735
chelsea,baseline,2,198,0.14617599546909332,2.1346559524536133,2.280832052230835,2.293717
chelsea,baseline,2,199,0.169855996966362,2.1277759075164795,2.2976319789886475,2.321719
chelsea,baseline,2,200,0.15654399991035461,2.115488052368164,2.2720320224761963,2.285504
chelsea,baseline,2,201,0.1467200070619583,2.108736038208008,2.25545597076416,2.2692
chelsea,baseline,2,202,0.1908479928970337,2.566848039627075,2.7576959133148193,2.774325
chelsea,baseline,2,203,0.1820800006389618,2.1748158931732178,2.356895923614502,2.372156
chelsea,baseline,2,204,0.15081599354743958,2.1495680809020996,2.300384044647217,2.314769
chelsea,baseline,2,205,0.1555519998073578,2.094048023223877,2.2495999336242676,2.264282
chelsea,baseline,2,206,0.14655999839305878,2.087455987930298,2.234015941619873,2.247276
chelsea,baseline,2,207,0.15084800124168396,2.1772799491882324,2.3281280994415283,2.342381
chelsea,baseline,2,208,0.14985600113868713,2.1823039054870605,2.332159996032715,2.345695
chelsea,baseline,2,209,0.1496960073709488,2.0779519081115723,2.2276480197906494,2.242138
chelsea,baseline,2,210,0.15910400450229645,2.0782079696655273,2.237312078475952,2.253235
chelsea,baseline,2,211,0.14844800531864166,2.0930559635162354,2.241503953933716,2.255078
chelsea,baseline,2,212,0.1590079963207245,2.2289280891418457,2.3879361152648926,2.401411
chelsea,baseline,2,213,0.16636799275875092,2.1477439403533936,2.3141119480133057,2.327969
chelsea,baseline,2,214,0.1496960073709488,2.0728960037231445,2.2225921154022217,2.235909
chelsea,baseline,2,215,0.1728000044822693,2.109760046005249,2.282560110092163,2.29562
chelsea,baseline,2,216,0.1642560064792633,2.1828479766845703,2.347104072570801,2.360568
chelsea,baseline,2,217,0.150751993060112,2.0818560123443604,2.2326080799102783,2.246485
chelsea,baseline,2,218,0.14963200688362122,2.1222400665283203,2.271872043609619,2.285545
chelsea,baseline,2,219,0.15689599514007568,2.1621758937835693,2.3190720081329346,2.332997
chelsea,baseline,2,220,0.14902399480342865,2.063807964324951,2.212831974029541,2.226815
chelsea,baseline,2,221,0.14777599275112152,2.0598719120025635,2.2076480388641357,2.220747
chelsea,baseline,2,222,0.14956800639629364,2.11680006980896,2.2663679122924805,2.280207
chelsea,baseline,2,223,0.15939199924468994,2.063231945037842,2.2226240634918213,2.236209
chelsea,baseline,2,224,0.1509760022163391,2.0586559772491455,2.20963191986084,2.2235
chelsea,baseline,2,225,0.14688000082969666,2.0720319747924805,2.21891188621521,2.232734
chelsea,baseline,2,226,0.1435839980840683,2.1854400634765625,2.329024076461792,2.343132
chelsea,baseline,2,227,0.15043200552463531,2.132863998413086,2.2832961082458496,2.298684
chelsea,baseline,2,228,0.14732800424098969,2.0897600650787354,2.2370879650115967,2.250011
chelsea,baseline,2,229,0.14451199769973755,2.0519680976867676,2.1964800357818604,2.210511
chelsea,baseline,2,230,0.19062399864196777,2.086591958999634,2.2772159576416016,2.291614
chelsea,baseline,2,231,0.14774399995803833,2.2187840938568115,2.366528034210205,2.380028
chelsea,baseline,2,232,0.14921599626541138,2.0688960552215576,2.218111991882324,2.232084
chelsea,baseline,2,233,0.20281599462032318,2.165695905685425,2.368511915206909,2.384154
chelsea,baseline,2,234,0.1472640037536621,2.0952320098876953,2.2424960136413574,2.256471
chelsea,baseline,2,235,0.17951999604701996,2.1428160667419434,2.322335958480835,2.33589
chelsea,baseline,2,236,0.17615999281406403,2.1815359592437744,2.357696056365967,2.371655
chelsea,baseline,2,237,0.15779200196266174,2.1669440269470215,2.3247361183166504,2.338655
chelsea,baseline,2,238,0.14723199605941772,2.1400320529937744,2.287264108657837,2.301268
chelsea,baseline,2,239,0.16329599916934967,2.1815359592437744,2.344831943511963,2.358876
chelsea,baseline,2,240,0.16598400473594666,2.128159999847412,2.2941439151763916,2.307798
chelsea,baseline,2,241,0.1494079977273941,2.0849599838256836,2.234368085861206,2.248468
chelsea,baseline,2,242,0.1736000031232834,2.1708478927612305,2.3444480895996094,2.357884
chelsea,baseline,2,243,0.17212800681591034,2.232032060623169,2.4041600227355957,2.418165
chelsea,baseline,2,244,0.15292799472808838,2.1804800033569336,2.3334081172943115,2.347448
chelsea,baseline,2,245,0.1534080058336258,2.1800639629364014,2.3334720134735107,2.347479
chelsea,baseline,2,246,0.15119999647140503,2.1827518939971924,2.333951950073242,2.34816
chelsea,baseline,2,247,0.1695999950170517,2.115679979324341,2.2852799892425537,2.300648
chelsea,baseline,2,248,0.15785600244998932,2.1714560985565186,2.3293120861053467,2.343913
chelsea,baseline,2,249,0.18137599527835846,2.1924479007720947,2.373823881149292,2.38785
chelsea,baseline,2,250,0.1661120057106018,2.205888032913208,2.371999979019165,2.389012
chelsea,baseline,2,251,0.15136000514030457,2.1846721172332764,2.336031913757324,2.349441
chelsea,baseline,2,252,0.14956800639629364,2.061919927597046,2.2114880084991455,2.226195
chelsea,baseline,2,253,0.16076800227165222,2.0690879821777344,2.229856014251709,2.252906
chelsea,baseline,2,254,0.14534400403499603,2.1614720821380615,2.3068161010742188,2.319937
chelsea,baseline,2,255,0.15398399531841278,2.118720054626465,2.2727038860321045,2.286646
chelsea,baseline,2,256,0.17500799894332886,2.083359956741333,2.2583680152893066,2.273286
chelsea,baseline,2,257,0.15427200496196747,2.15446400642395,2.3087360858917236,2.32219
chelsea,baseline,2,258,0.1568640023469925,2.0602240562438965,2.217087984085083,2.233065
chelsea,baseline,2,259,0.1544959992170334,2.1548800468444824,2.3093760013580322,2.322661
chelsea,baseline,2,260,0.14927999675273895,2.0670719146728516,2.2163519859313965,2.230511
chelsea,baseline,2,261,0.14924800395965576,2.1004478931427,2.2496960163116455,2.263411
chelsea,baseline,2,262,0.14854399859905243,2.275775909423828,2.4243199825286865,2.437776
chelsea,baseline,2,263,0.14847999811172485,2.2007360458374023,2.3492159843444824,2.363142
chelsea,baseline,2,264,0.14956800639629364,2.1918399333953857,2.3414080142974854,2.35479
chelsea,baseline,2,265,0.16463999450206757,2.1106560230255127,2.2752959728240967,2.28946
chelsea,baseline,2,266,0.1518400013446808,2.059999942779541,2.2118399143218994,2.225303
chelsea,baseline,2,267,0.14870400726795197,2.050271987915039,2.1989760398864746,2.212424
chelsea,baseline,2,268,0.14716799557209015,2.066240072250366,2.2134079933166504,2.227176
chelsea,baseline,2,269,0.1565759927034378,2.1003201007843018,2.2568960189819336,2.270332
chelsea,baseline,2,270,0.14927999675273895,2.096224069595337,2.2455039024353027,2.259005
chelsea,baseline,2,271,0.15481600165367126,2.0952000617980957,2.2500159740448,2.265263
chelsea,baseline,2,272,0.14582400023937225,2.0632638931274414,2.209088087081909,2.222569
chelsea,baseline,2,273,0.14774399995803833,2.076672077178955,2.2244160175323486,2.237612
chelsea,baseline,2,274,0.15987199544906616,2.127840042114258,2.2877120971679688,2.301449
chelsea,baseline,2,275,0.15171200037002563,2.078432083129883,2.2301440238952637,2.243891
chelsea,baseline,2,276,0.15651200711727142,2.0287680625915527,2.1852800846099854,2.198813
chelsea,baseline,2,277,0.14742399752140045,2.079551935195923,2.226975917816162,2.239996
chelsea,baseline,2,278,0.14739200472831726,2.08134388923645,2.22873592376709,2.242179
chelsea,baseline,2,279,0.14694400131702423,2.052608013153076,2.199552059173584,2.213355
chelsea,baseline,2,280,0.16204799711704254,2.212224006652832,2.374272108078003,2.388221
chelsea,baseline,2,281,0.14876799285411835,2.1298880577087402,2.278656005859375,2.292886
chelsea,baseline,2,282,0.15427200496196747,2.1615679264068604,2.315840005874634,2.329982
chelsea,baseline,2,283,0.1589439958333969,2.213599920272827,2.372544050216675,2.385906
chelsea,baseline,2,284,0.15033599734306335,2.0585598945617676,2.2088959217071533,2.22274
chelsea,baseline,2,285,0.14803199470043182,2.03657603263855,2.184607982635498,2.198042
chelsea,baseline,2,286,0.14537599682807922,2.0959999561309814,2.2413759231567383,2.255068
chelsea,baseline,2,287,0.14710399508476257,2.082751989364624,2.229856014251709,2.243731
chelsea,baseline,2,288,0.14735999703407288,2.135456085205078,2.282815933227539,2.296462
chelsea,baseline,2,289,0.15263999998569489,2.06278395652771,2.215424060821533,2.229039
chelsea,baseline,2,290,0.16259199380874634,2.141727924346924,2.3043200969696045,2.318134
chelsea,baseline,2,291,0.14918400347232819,2.1277120113372803,2.2768959999084473,2.290752
chelsea,baseline,2,292,0.1478399932384491,2.2004480361938477,2.348288059234619,2.362221
chelsea,baseline,2,293,0.1640319973230362,2.0531198978424072,2.2171521186828613,2.230311
chelsea,baseline,2,294,0.14614400267601013,2.082911968231201,2.229055881500244,2.2429
chelsea,baseline,2,295,0.14697599411010742,2.1381759643554688,2.285151958465576,2.298524
chelsea,baseline,2,296,0.14761599898338318,2.071104049682617,2.218719959259033,2.232154
chelsea,baseline,2,297,0.15078400075435638,2.0755839347839355,2.226367950439453,2.241518
chelsea,baseline,2,298,0.14710399508476257,2.0556800365448,2.2027840614318848,2.21649
chelsea,baseline,2,299,0.14828799664974213,2.0596160888671875,2.207904100418091,2.221819
chelsea,planned-roi,2,0,0.17395199835300446,2.0847361087799072,2.258687973022461,2.284002
chelsea,planned-roi,2,1,0.15427200496196747,2.137631893157959,2.2919039726257324,2.306667
chelsea,planned-roi,2,2,0.1555200070142746,2.0452160835266113,2.2007360458374023,2.215088
chelsea,planned-roi,2,3,0.1509760022163391,2.0514559745788574,2.2024319171905518,2.215979
chelsea,planned-roi,2,4,0.15004800260066986,2.075392007827759,2.22544002532959,2.239405
chelsea,planned-roi,2,5,0.1546880006790161,2.0793280601501465,2.234015941619873,2.248008
chelsea,planned-roi,2,6,0.1536960005760193,2.047584056854248,2.201280117034912,2.215999
chelsea,planned-roi,2,7,0.15007999539375305,2.101088047027588,2.2511680126190186,2.265023
chelsea,planned-roi,2,8,0.15107199549674988,2.0636160373687744,2.2146880626678467,2.228589
chelsea,planned-roi,2,9,0.15670399367809296,2.0563199520111084,2.2130239009857178,2.233927
chelsea,planned-roi,2,10,0.15430399775505066,2.1721279621124268,2.3264319896698,2.340238
chelsea,planned-roi,2,11,0.1536960005760193,2.092639923095703,2.246335983276367,2.260336
chelsea,planned-roi,2,12,0.15132799744606018,2.0980160236358643,2.2493441104888916,2.26264
chelsea,planned-roi,2,13,0.16022400557994843,2.041343927383423,2.2015678882598877,2.215478
chelsea,planned-roi,2,14,0.16393600404262543,2.1317760944366455,2.2957119941711426,2.30887
chelsea,planned-roi,2,15,0.15148800611495972,2.0380799770355225,2.189568042755127,2.20308
chelsea,planned-roi,2,16,0.1515520066022873,2.0830719470977783,2.234623908996582,2.248138
chelsea,planned-roi,2,17,0.15414400398731232,2.0417280197143555,2.1958720684051514,2.219505
chelsea,planned-roi,2,18,0.15171200037002563,2.079296112060547,2.2310080528259277,2.244743
chelsea,planned-roi,2,19,0.1563519984483719,2.088992118835449,2.2453439235687256,2.259435
chelsea,planned-roi,2,20,0.15068799257278442,2.0862081050872803,2.23689603805542,2.250301
chelsea,planned-roi,2,21,0.15478399395942688,2.1320960521698,2.2868800163269043,2.299345
chelsea,planned-roi,2,22,0.1499200016260147,2.1798079013824463,2.3297278881073,2.343132
chelsea,planned-roi,2,23,0.1552319973707199,2.0791680812835693,2.2344000339508057,2.248308
chelsea,planned-roi,2,24,0.1544640064239502,2.0497279167175293,2.2041919231414795,2.226866
chelsea,planned-roi,2,25,0.1510400027036667,2.0868160724639893,2.237855911254883,2.251563
chelsea,planned-roi,2,26,0.15228800475597382,2.073184013366699,2.2254719734191895,2.239604
chelsea,planned-roi,2,27,0.1607999950647354,2.134079933166504,2.294879913330078,2.308459
chelsea,planned-roi,2,28,0.15225599706172943,2.09769606590271,2.2499520778656006,2.264123
chelsea,planned-roi,2,29,0.15059199929237366,2.1688640117645264,2.319456100463867,2.333147
chelsea,planned-roi,2,30,0.1753920018672943,2.062527894973755,2.237920045852661,2.254187
chelsea,planned-roi,2,31,0.1629759967327118,2.0914878845214844,2.2544639110565186,2.26875
chelsea,planned-roi,2,32,0.16316799819469452,2.091264009475708,2.254431962966919,2.2691
chelsea,planned-roi,2,33,0.14959999918937683,2.0420799255371094,2.1916799545288086,2.205703
chelsea,planned-roi,2,34,0.16044799983501434,2.372864007949829,2.5333120822906494,2.550777
chelsea,planned-roi,2,35,0.15753600001335144,2.3019518852233887,2.4594879150390625,2.47387
chelsea,planned-roi,2,36,0.16179199516773224,2.301568031311035,2.463360071182251,2.477355
chelsea,planned-roi,2,37,0.15478399395942688,2.0745599269866943,2.229343891143799,2.243431
chelsea,planned-roi,2,38,0.15212799608707428,2.062335968017578,2.214463949203491,2.227957
chelsea,planned-roi,2,39,0.16102400422096252,2.202303886413574,2.363327980041504,2.376964
chelsea,planned-roi,2,40,0.15302400290966034,2.0739200115203857,2.2269439697265625,2.240737
chelsea,planned-roi,2,41,0.1536320000886917,2.038815975189209,2.1924479007720947,2.205704
chelsea,planned-roi,2,42,0.15065599977970123,2.0795199871063232,2.2301759719848633,2.243642
chelsea,planned-roi,2,43,0.15388800203800201,2.0644800662994385,2.2183680534362793,2.232304
chelsea,planned-roi,2,44,0.1520960032939911,2.083456039428711,2.2355520725250244,2.24996
chelsea,planned-roi,2,45,0.15583999454975128,2.082911968231201,2.2387518882751465,2.251903
chelsea,planned-roi,2,46,0.15142400562763214,2.040224075317383,2.191648006439209,2.205423
chelsea,planned-roi,2,47,0.15651200711727142,2.07043194770813,2.2269439697265625,2.240035
chelsea,planned-roi,2,48,0.15164799988269806,2.0558080673217773,2.207456111907959,2.221387
chelsea,planned-roi,2,49,0.15919999778270721,2.0814719200134277,2.2406721115112305,2.257002
chelsea,planned-roi,2,50,0.17209599912166595,2.059839963912964,2.231935977935791,2.245464
chelsea,planned-roi,2,51,0.15936000645160675,2.096735954284668,2.2560958862304688,2.269981
chelsea,planned-roi,2,52,0.1512639969587326,2.0705599784851074,2.2218239307403564,2.235999
chelsea,planned-roi,2,53,0.1502400040626526,2.046463966369629,2.1967039108276367,2.21019
chelsea,planned-roi,2,54,0.15705600380897522,2.058079957962036,2.2151360511779785,2.228238
chelsea,planned-roi,2,55,0.15142400562763214,2.0579841136932373,2.2094080448150635,2.22293
chelsea,planned-roi,2,56,0.15068799257278442,2.046207904815674,2.1968960762023926,2.20994
chelsea,planned-roi,2,57,0.15087999403476715,2.0364480018615723,2.1873281002044678,2.200225
chelsea,planned-roi,2,58,0.14857600629329681,2.0871360301971436,2.2357120513916016,2.248708
chelsea,planned-roi,2,59,0.15328000485897064,2.0534400939941406,2.2067201137542725,2.220606
chelsea,planned-roi,2,60,0.14908799529075623,2.088736057281494,2.237823963165283,2.251664
chelsea,planned-roi,2,61,0.15219199657440186,2.058527946472168,2.2107200622558594,2.224191
chelsea,planned-roi,2,62,0.16844800114631653,2.0740160942077637,2.242464065551758,2.25609
chelsea,planned-roi,2,63,0.16035200655460358,2.0837759971618652,2.2441279888153076,2.257883
chelsea,planned-roi,2,64,0.15270400047302246,2.0792319774627686,2.231935977935791,2.245203
chelsea,planned-roi,2,65,0.15196800231933594,2.0593600273132324,2.2113280296325684,2.225253
chelsea,planned-roi,2,66,0.16105599701404572,2.0697600841522217,2.230815887451172,2.244032
chelsea,planned-roi,2,67,0.14963200688362122,2.08022403717041,2.229856014251709,2.24294
chelsea,planned-roi,2,68,0.14988799393177032,2.1028480529785156,2.2527360916137695,2.266106
chelsea,planned-roi,2,69,0.15171200037002563,2.08022403717041,2.231935977935791,2.245825
chelsea,planned-roi,2,70,0.16035200655460358,2.0494720935821533,2.2098240852355957,2.223169
chelsea,planned-roi,2,71,0.15091200172901154,2.073472023010254,2.224384069442749,2.239024
chelsea,planned-roi,2,72,0.15033599734306335,2.038271903991699,2.188607931137085,2.202218
chelsea,planned-roi,2,73,0.14902399480342865,2.0387840270996094,2.187808036804199,2.200936
chelsea,planned-roi,2,74,0.15795199573040009,2.0511040687561035,2.2090559005737305,2.222349
chelsea,planned-roi,2,75,0.1510400027036667,2.045919895172119,2.196959972381592,2.21015
chelsea,planned-roi,2,76,0.14998400211334229,2.0545918941497803,2.204576015472412,2.217662
chelsea,planned-roi,2,77,0.14822399616241455,2.068000078201294,2.216223955154419,2.228969
chelsea,planned-roi,2,78,0.16172799468040466,2.128063917160034,2.289792060852051,2.30282
chelsea,planned-roi,2,79,0.15427200496196747,2.0302720069885254,2.184544086456299,2.198172
chelsea,planned-roi,2,80,0.14828799664974213,2.050431966781616,2.1987199783325195,2.212253
chelsea,planned-roi,2,81,0.14575999975204468,2.1045761108398438,2.250335931777954,2.263121
chelsea,planned-roi,2,82,0.1801919937133789,2.098304033279419,2.278496026992798,2.291093
chelsea,planned-roi,2,83,0.1502079963684082,2.0988481044769287,2.249056100845337,2.261989
chelsea,planned-roi,2,84,0.1542080044746399,2.1399359703063965,2.2941439151763916,2.307047
chelsea,planned-roi,2,85,0.1637440025806427,2.0783679485321045,2.242111921310425,2.255629
chelsea,planned-roi,2,86,0.151296004652977,2.1258881092071533,2.277184009552002,2.290352
chelsea,planned-roi,2,87,0.15219199657440186,2.117471933364868,2.2696640491485596,2.283181
chelsea,planned-roi,2,88,0.15043200552463531,2.137631893157959,2.2880640029907227,2.301589
chelsea,planned-roi,2,89,0.15651200711727142,2.1206719875335693,2.277184009552002,2.290963
chelsea,planned-roi,2,90,0.15107199549674988,2.0836479663848877,2.23471999168396,2.248227
chelsea,planned-roi,2,91,0.15190400183200836,2.0955519676208496,2.2474560737609863,2.260897
chelsea,planned-roi,2,92,0.16521599888801575,2.127840042114258,2.293056011199951,2.306646
chelsea,planned-roi,2,93,0.1523520052433014,2.0761280059814453,2.228480100631714,2.242289
chelsea,planned-roi,2,94,0.15123200416564941,2.1287360191345215,2.279968023300171,2.293617
chelsea,planned-roi,2,95,0.1515520066022873,2.082240104675293,2.2337920665740967,2.247116
chelsea,planned-roi,2,96,0.15238399803638458,2.1204800605773926,2.2728641033172607,2.286466
chelsea,planned-roi,2,97,0.15110400319099426,2.085439920425415,2.236543893814087,2.250391
chelsea,planned-roi,2,98,0.1509760022163391,2.093503952026367,2.2444798946380615,2.258333
chelsea,planned-roi,2,99,0.16073599457740784,2.0484158992767334,2.2091519832611084,2.222529
chelsea,planned-roi,2,100,0.15433600544929504,2.033792018890381,2.1881279945373535,2.201897
chelsea,planned-roi,2,101,0.14899200201034546,2.071199893951416,2.2201919555664062,2.233075
chelsea,planned-roi,2,102,0.1534080058336258,2.084223985671997,2.2376320362091064,2.251082
chelsea,planned-roi,2,103,0.16073599457740784,2.06166410446167,2.222399950027466,2.23623
chelsea,planned-roi,2,104,0.14902399480342865,2.1270720958709717,2.2760961055755615,2.2892
chelsea,planned-roi,2,105,0.15167999267578125,2.17523193359375,2.3269119262695312,2.340608
chelsea,planned-roi,2,106,0.15158399939537048,2.129728078842163,2.2813119888305664,2.294479
chelsea,planned-roi,2,107,0.15078400075435638,2.1032960414886475,2.254080057144165,2.267388
chelsea,planned-roi,2,108,0.1626880019903183,2.084415912628174,2.2471039295196533,2.260877
chelsea,planned-roi,2,109,0.1499519944190979,2.0732479095458984,2.2232000827789307,2.237432
chelsea,planned-roi,2,110,0.17001600563526154,2.1100480556488037,2.280064105987549,2.293507
chelsea,planned-roi,2,111,0.15004800260066986,2.116703987121582,2.266752004623413,2.279976
chelsea,planned-roi,2,112,0.1510400027036667,2.1026880741119385,2.253727912902832,2.267116
chelsea,planned-roi,2,113,0.15964800119400024,2.039776086807251,2.1994240283966064,2.212904
chelsea,planned-roi,2,114,0.1515520066022873,2.162368059158325,2.313920021057129,2.327408
chelsea,planned-roi,2,115,0.1504960060119629,2.0510079860687256,2.2015039920806885,2.215158
chelsea,planned-roi,2,116,0.15056000649929047,2.038144111633301,2.188704013824463,2.201518
chelsea,planned-roi,2,117,0.15785600244998932,2.0530240535736084,2.2108800411224365,2.224052
chelsea,planned-roi,2,118,0.1491200029850006,2.0382080078125,2.1873281002044678,2.200496
chelsea,planned-roi,2,119,0.14739200472831726,2.0557119846343994,2.203104019165039,2.215839
chelsea,planned-roi,2,120,0.15011200308799744,2.018239974975586,2.168351888656616,2.181196
chelsea,planned-roi,2,121,0.15001599490642548,2.046816110610962,2.1968319416046143,2.20968
chelsea,planned-roi,2,122,0.15068799257278442,2.1153600215911865,2.266047954559326,2.279285
chelsea,planned-roi,2,123,0.16687999665737152,2.096224069595337,2.26310396194458,2.276291
chelsea,planned-roi,2,124,0.14953599870204926,2.096224069595337,2.245759963989258,2.259275
chelsea,planned-roi,2,125,0.15855999290943146,2.071647882461548,2.230207920074463,2.24327
chelsea,planned-roi,2,126,0.14748799800872803,2.1088318824768066,2.256319999694824,2.2692
chelsea,planned-roi,2,127,0.1459520012140274,2.001728057861328,2.1476800441741943,2.160866
chelsea,planned-roi,2,128,0.1457280069589615,2.04256010055542,2.1882879734039307,2.200766
chelsea,planned-roi,2,129,0.16723200678825378,2.0367040634155273,2.2039361000061035,2.217772
chelsea,planned-roi,2,130,0.18780800700187683,2.0342400074005127,2.222048044204712,2.237132
chelsea,planned-roi,2,131,0.14710399508476257,2.0939199924468994,2.2410240173339844,2.254518
chelsea,planned-roi,2,132,0.14611199498176575,2.08406400680542,2.2301759719848633,2.24277
chelsea,planned-roi,2,133,0.159743994474411,2.13753604888916,2.2972800731658936,2.310292
chelsea,planned-roi,2,134,0.1560640037059784,2.047584056854248,2.203648090362549,2.217361
chelsea,planned-roi,2,135,0.15385599434375763,2.0862081050872803,2.2400639057159424,2.253687
chelsea,planned-roi,2,136,0.14860799908638,1.9913599491119385,2.139967918395996,2.153154
chelsea,planned-roi,2,137,0.15619200468063354,2.010143995285034,2.1663360595703125,2.179503
chelsea,planned-roi,2,138,0.1475519984960556,2.07475209236145,2.222304105758667,2.235189
chelsea,planned-roi,2,139,0.15539200603961945,2.021183967590332,2.1765758991241455,2.191642
chelsea,planned-roi,2,140,0.14905600249767303,2.0959360599517822,2.2449920177459717,2.258313
chelsea,planned-roi,2,141,0.16051200032234192,2.118527889251709,2.2790400981903076,2.292495
chelsea,planned-roi,2,142,0.14892800152301788,2.0631680488586426,2.2120959758758545,2.225694
chelsea,planned-roi,2,143,0.15212799608707428,2.0411200523376465,2.1932480335235596,2.206976
chelsea,planned-roi,2,144,0.14521600306034088,1.9930880069732666,2.1383039951324463,2.152333
chelsea,planned-roi,2,145,0.14851200580596924,2.012511968612671,2.1610240936279297,2.174005
chelsea,planned-roi,2,146,0.14985600113868713,2.074592113494873,2.2244479656219482,2.238133
chelsea,planned-roi,2,147,0.1462080031633377,2.0161919593811035,2.162400007247925,2.175318
chelsea,planned-roi,2,148,0.14665600657463074,1.9993280172348022,2.145983934402466,2.159183
chelsea,planned-roi,2,149,0.14739200472831726,2.006495952606201,2.153887987136841,2.167175
chelsea,planned-roi,2,150,0.14556799829006195,2.0581119060516357,2.2036800384521484,2.21638
chelsea,planned-roi,2,151,0.17766399681568146,2.063647985458374,2.241312026977539,2.25605
chelsea,planned-roi,2,152,0.14694400131702423,2.109951972961426,2.2568960189819336,2.270331
chelsea,planned-roi,2,153,0.14905600249767303,2.065887928009033,2.2149438858032227,2.228899
chelsea,planned-roi,2,154,0.16076800227165222,2.081376075744629,2.2421441078186035,2.256431
chelsea,planned-roi,2,155,0.15190400183200836,2.0512640476226807,2.2031679153442383,2.217551
chelsea,planned-roi,2,156,0.14643199741840363,2.096895933151245,2.243328094482422,2.256891
chelsea,planned-roi,2,157,0.1475200057029724,2.04748797416687,2.1950080394744873,2.208418
chelsea,planned-roi,2,158,0.16780799627304077,2.052608013153076,2.2204160690307617,2.233566
chelsea,planned-roi,2,159,0.146464005112648,2.1154239177703857,2.261888027191162,2.274398
chelsea,planned-roi,2,160,0.14793600142002106,2.0643839836120605,2.21232008934021,2.225303
chelsea,planned-roi,2,161,0.14924800395965576,2.092576026916504,2.24182391166687,2.254888
chelsea,planned-roi,2,162,0.1770240068435669,2.067903995513916,2.2449278831481934,2.258053
chelsea,planned-roi,2,163,0.14707200229167938,2.036128044128418,2.183199882507324,2.196449
chelsea,planned-roi,2,164,0.14547200500965118,2.0645439624786377,2.2100160121917725,2.22332
chelsea,planned-roi,2,165,0.14633600413799286,2.0549440383911133,2.201280117034912,2.214137
chelsea,planned-roi,2,166,0.18729600310325623,2.077471971511841,2.26476788520813,2.277763
chelsea,planned-roi,2,167,0.14764800667762756,2.049855947494507,2.1975040435791016,2.210381
chelsea,planned-roi,2,168,0.14563199877738953,2.063199996948242,2.208832025527954,2.222429
chelsea,planned-roi,2,169,0.14764800667762756,2.093696117401123,2.2413439750671387,2.254417
chelsea,planned-roi,2,170,0.17555199563503265,2.154752016067505,2.330303907394409,2.343052
chelsea,planned-roi,2,171,0.1525759994983673,2.067552089691162,2.220128059387207,2.233666
chelsea,planned-roi,2,172,0.14655999839305878,2.095072031021118,2.2416319847106934,2.255119
chelsea,planned-roi,2,173,0.15859200060367584,2.0735039710998535,2.232095956802368,2.245314
chelsea,planned-roi,2,174,0.14844800531864166,2.1086080074310303,2.2570559978485107,2.270512
chelsea,planned-roi,2,175,0.15167999267578125,2.078655958175659,2.2303359508514404,2.24337
chelsea,planned-roi,2,176,0.14924800395965576,2.100127935409546,2.249376058578491,2.2622
chelsea,planned-roi,2,177,0.17878399789333344,2.1093759536743164,2.2881600856781006,2.301319
chelsea,planned-roi,2,178,0.1472959965467453,2.1068480014801025,2.2541439533233643,2.266706
chelsea,planned-roi,2,179,0.14761599898338318,2.080512046813965,2.228127956390381,2.241508
chelsea,planned-roi,2,180,0.14735999703407288,2.0338239669799805,2.1811840534210205,2.194086
chelsea,planned-roi,2,181,0.15164799988269806,2.0660479068756104,2.217695951461792,2.231693
chelsea,planned-roi,2,182,0.15164799988269806,2.0102078914642334,2.161855936050415,2.175137
chelsea,planned-roi,2,183,0.14579200744628906,2.087264060974121,2.23305606842041,2.247097
chelsea,planned-roi,2,184,0.146464005112648,2.065824031829834,2.2122879028320312,2.225844
chelsea,planned-roi,2,185,0.15804800391197205,2.0597119331359863,2.2177600860595703,2.230922
chelsea,planned-roi,2,186,0.14697599411010742,2.157248020172119,2.3042240142822266,2.317403
chelsea,planned-roi,2,187,0.1488640010356903,2.047840118408203,2.1967039108276367,2.21044
chelsea,planned-roi,2,188,0.14844800531864166,2.080159902572632,2.2286078929901123,2.241588
chelsea,planned-roi,2,189,0.150176003575325,2.1197760105133057,2.2699520587921143,2.28255
chelsea,planned-roi,2,190,0.14790399372577667,2.078432083129883,2.2263360023498535,2.239545
chelsea,planned-roi,2,191,0.14431999623775482,2.0136640071868896,2.1579840183258057,2.171271
chelsea,planned-roi,2,192,0.1472640037536621,2.0458240509033203,2.1930880546569824,2.206034
chelsea,planned-roi,2,193,0.1507200002670288,2.0655360221862793,2.2162559032440186,2.230071
chelsea,planned-roi,2,194,0.14902399480342865,2.0639679431915283,2.212991952896118,2.226125
chelsea,planned-roi,2,195,0.15932799875736237,2.0453760623931885,2.2047040462493896,2.218173
chelsea,planned-roi,2,196,0.14608000218868256,2.0830719470977783,2.229151964187622,2.241698
chelsea,planned-roi,2,197,0.1509760022163391,2.077023983001709,2.2279999256134033,2.240627
chelsea,planned-roi,2,198,0.1493760049343109,2.040447950363159,2.189824104309082,2.202959
chelsea,planned-roi,2,199,0.1717119961977005,2.0337278842926025,2.205440044403076,2.218633
chelsea,planned-roi,2,200,0.14502400159835815,1.9981440305709839,2.1431679725646973,2.156319
chelsea,planned-roi,2,201,0.15423999726772308,2.026848077774048,2.1810879707336426,2.194667
chelsea,planned-roi,2,202,0.14416000247001648,2.1138880252838135,2.2580480575561523,2.270932
chelsea,planned-roi,2,203,0.14710399508476257,2.0236799716949463,2.1707839965820312,2.18358
chelsea,planned-roi,2,204,0.14537599682807922,2.0946240425109863,2.240000009536743,2.252845
chelsea,planned-roi,2,205,0.17824000120162964,2.0579841136932373,2.2362239360809326,2.249581
chelsea,planned-roi,2,206,0.14988799393177032,2.0827200412750244,2.2326080799102783,2.245414
chelsea,planned-roi,2,207,0.16275200247764587,2.0848960876464844,2.247648000717163,2.260827
chelsea,planned-roi,2,208,0.14636799693107605,1.9958080053329468,2.1421759128570557,2.155267
chelsea,planned-roi,2,209,0.15267199277877808,1.9911680221557617,2.1438400745391846,2.15727
chelsea,planned-roi,2,210,0.14793600142002106,2.0202560424804688,2.168191909790039,2.181106
chelsea,planned-roi,2,211,0.14524799585342407,2.006688117980957,2.1519360542297363,2.164731
chelsea,planned-roi,2,212,0.14953599870204926,2.024127960205078,2.173664093017578,2.187106
chelsea,planned-roi,2,213,0.14774399995803833,2.1086080074310303,2.256351947784424,2.26941
chelsea,planned-roi,2,214,0.18377600610256195,2.0745279788970947,2.2583041191101074,2.271434
chelsea,planned-roi,2,215,0.14611199498176575,2.0839359760284424,2.2300479412078857,2.243551
chelsea,planned-roi,2,216,0.14732800424098969,2.012608051300049,2.15993595123291,2.173515
chelsea,planned-roi,2,217,0.1456959992647171,2.012511968612671,2.158207893371582,2.171352
chelsea,planned-roi,2,218,0.1525759994983673,2.0155200958251953,2.1680960655212402,2.180606
chelsea,planned-roi,2,219,0.14819200336933136,2.020224094390869,2.1684160232543945,2.182138
chelsea,planned-roi,2,220,0.14748799800872803,2.017024040222168,2.1645119190216064,2.178743
chelsea,planned-roi,2,221,0.1502400040626526,1.9891200065612793,2.139359951019287,2.151972
chelsea,planned-roi,2,222,0.14406399428844452,2.11955189704895,2.2636160850524902,2.287758
chelsea,planned-roi,2,223,0.15887999534606934,2.084480047225952,2.2433600425720215,2.256491
chelsea,planned-roi,2,224,0.1480959951877594,2.0484158992767334,2.19651198387146,2.20978
chelsea,planned-roi,2,225,0.14428800344467163,2.0660159587860107,2.210304021835327,2.22345
chelsea,planned-roi,2,226,0.14636799693107605,2.0162880420684814,2.16265606880188,2.175368
chelsea,planned-roi,2,227,0.16476799547672272,2.0393600463867188,2.2041280269622803,2.21701
chelsea,planned-roi,2,228,0.1562879979610443,2.0169599056243896,2.173248052597046,2.188357
chelsea,planned-roi,2,229,0.14716799557209015,2.0571839809417725,2.2043519020080566,2.218012
chelsea,planned-roi,2,230,0.14716799557209015,1.9981759786605835,2.1453440189361572,2.158342
chelsea,planned-roi,2,231,0.15811200439929962,2.1010239124298096,2.2591359615325928,2.272425
chelsea,planned-roi,2,232,0.1486400067806244,2.132416009902954,2.2810559272766113,2.294598
chelsea,planned-roi,2,233,0.1475519984960556,2.009471893310547,2.1570239067077637,2.170219
chelsea,planned-roi,2,234,0.1451520025730133,2.025279998779297,2.1704320907592773,2.18385
chelsea,planned-roi,2,235,0.17132799327373505,2.000960111618042,2.172287940979004,2.185633
chelsea,planned-roi,2,236,0.14521600306034088,2.0038719177246094,2.149087905883789,2.163019
chelsea,planned-roi,2,237,0.14604799449443817,2.029952049255371,2.1760001182556152,2.188707
chelsea,planned-roi,2,238,0.1457280069589615,1.9998079538345337,2.145535945892334,2.158081
chelsea,planned-roi,2,239,0.14473600685596466,1.9971519708633423,2.141887903213501,2.155087
chelsea,planned-roi,2,240,0.14416000247001648,2.069279909133911,2.21343994140625,2.226365
chelsea,planned-roi,2,241,0.1637759953737259,2.035423994064331,2.199199914932251,2.221056
chelsea,planned-roi,2,242,0.1441279947757721,1.9820159673690796,2.1261439323425293,2.139052
chelsea,planned-roi,2,243,0.14239999651908875,1.9204800128936768,2.062880039215088,2.076097
chelsea,planned-roi,2,244,0.15167999267578125,1.919327974319458,2.0710079669952393,2.083659
chelsea,planned-roi,2,245,0.16128000617027283,2.1596479415893555,2.3209280967712402,2.334048
chelsea,planned-roi,2,246,0.16713599860668182,2.0110719203948975,2.178208112716675,2.191281
chelsea,planned-roi,2,247,0.14688000082969666,2.0208959579467773,2.167776107788086,2.180185
chelsea,planned-roi,2,248,0.14822399616241455,2.049312114715576,2.197535991668701,2.210621
chelsea,planned-roi,2,249,0.14767999947071075,2.0917439460754395,2.239423990249634,2.253045
chelsea,planned-roi,2,250,0.15904000401496887,2.006848096847534,2.1658880710601807,2.179794
chelsea,planned-roi,2,251,0.16150400042533875,2.032543897628784,2.1940479278564453,2.21022
chelsea,planned-roi,2,252,0.14908799529075623,2.085184097290039,2.234272003173828,2.247537
chelsea,planned-roi,2,253,0.14601600170135498,2.048640012741089,2.1946558952331543,2.208058
chelsea,planned-roi,2,254,0.14735999703407288,2.0570240020751953,2.2043840885162354,2.217391
chelsea,planned-roi,2,255,0.16300800442695618,2.0321919918060303,2.195199966430664,2.211081
chelsea,planned-roi,2,256,0.14710399508476257,2.048192024230957,2.195296049118042,2.208287
chelsea,planned-roi,2,257,0.1459839940071106,2.0247039794921875,2.1706879138946533,2.183771
chelsea,planned-roi,2,258,0.1472959965467453,2.069024085998535,2.216320037841797,2.22963
chelsea,planned-roi,2,259,0.17440000176429749,2.008352041244507,2.1827518939971924,2.1964
chelsea,planned-roi,2,260,0.15769599378108978,1.9983359575271606,2.156032085418701,2.168988
chelsea,planned-roi,2,261,0.1459520012140274,2.0375359058380127,2.183487892150879,2.196059
chelsea,planned-roi,2,262,0.1459839940071106,1.984544038772583,2.130527973175049,2.143229
chelsea,planned-roi,2,263,0.14560000598430634,2.0278398990631104,2.1734399795532227,2.185853
chelsea,planned-roi,2,264,0.16310399770736694,2.013887882232666,2.1769919395446777,2.190611
chelsea,planned-roi,2,265,0.14684799313545227,2.009536027908325,2.156383991241455,2.16981
chelsea,planned-roi,2,266,0.1544959992170334,2.0017919540405273,2.156287908554077,2.169309
chelsea,planned-roi,2,267,0.14502400159835815,1.9954880475997925,2.140511989593506,2.154606
chelsea,planned-roi,2,268,0.14547200500965118,2.0566720962524414,2.202143907546997,2.215348
chelsea,planned-roi,2,269,0.15836800634860992,1.9999680519104004,2.1583359241485596,2.171442
chelsea,planned-roi,2,270,0.14854399859905243,2.027679920196533,2.1762239933013916,2.189689
chelsea,planned-roi,2,271,0.17446400225162506,1.9839999675750732,2.158463954925537,2.171351
chelsea,planned-roi,2,272,0.14496000111103058,2.022592067718506,2.1675519943237305,2.180125
chelsea,planned-roi,2,273,0.1488959938287735,2.034719944000244,2.1836159229278564,2.19661
chelsea,planned-roi,2,274,0.1549759954214096,2.0214080810546875,2.1763839721679688,2.189259
chelsea,planned-roi,2,275,0.14767999947071075,2.0345919132232666,2.182271957397461,2.195147
chelsea,planned-roi,2,276,0.14537599682807922,2.015712022781372,2.161087989807129,2.173515
chelsea,planned-roi,2,277,0.15433600544929504,2.0377280712127686,2.192064046859741,2.204752
chelsea,planned-roi,2,278,0.14585599303245544,2.0043840408325195,2.150239944458008,2.16326
chelsea,planned-roi,2,279,0.15347200632095337,1.9833279848098755,2.1368000507354736,2.149888
chelsea,planned-roi,2,280,0.14697599411010742,2.022752046585083,2.1697280406951904,2.18381
chelsea,planned-roi,2,281,0.147039994597435,2.0274879932403564,2.174527883529663,2.187656
chelsea,planned-roi,2,282,0.1443520039319992,1.9986239671707153,2.1429760456085205,2.156158
chelsea,planned-roi,2,283,0.14636799693107605,2.0050559043884277,2.151423931121826,2.164531
chelsea,planned-roi,2,284,0.1502400040626526,1.9843839406967163,2.1346240043640137,2.156359
chelsea,planned-roi,2,285,0.1570879966020584,1.986016035079956,2.143104076385498,2.156499
chelsea,planned-roi,2,286,0.14393599331378937,2.0326080322265625,2.176543951034546,2.189789
chelsea,planned-roi,2,287,0.14636799693107605,1.9998719692230225,2.146239995956421,2.159713
chelsea,planned-roi,2,288,0.1472959965467453,2.020927906036377,2.1682240962982178,2.181587
chelsea,planned-roi,2,289,0.14291200041770935,2.0257279872894287,2.168639898300171,2.181957
chelsea,planned-roi,2,290,0.15702399611473083,2.001215934753418,2.1582400798797607,2.171051
chelsea,planned-roi,2,291,0.1443839967250824,2.029632091522217,2.174015998840332,2.186715
chelsea,planned-roi,2,292,0.15225599706172943,2.0078399181365967,2.1600959300994873,2.172754
chelsea,planned-roi,2,293,0.143327996134758,2.0433599948883057,2.18668794631958,2.199424
chelsea,planned-roi,2,294,0.1425279974937439,2.0775680541992188,2.2200961112976074,2.232815
chelsea,planned-roi,2,295,0.14950400590896606,2.0286080837249756,2.178112030029297,2.191371
chelsea,planned-roi,2,296,0.14723199605941772,2.000159978866577,2.1473920345306396,2.160715
chelsea,planned-roi,2,297,0.14601600170135498,1.9852160215377808,2.1312320232391357,2.144871
chelsea,planned-roi,2,298,0.14502400159835815,1.987104058265686,2.1321280002593994,2.145583
chelsea,planned-roi,2,299,0.14236800372600555,1.976415991783142,2.118783950805664,2.131811
chelsea,planned-roi,3,0,0.1557759940624237,1.9852800369262695,2.1410560607910156,2.162969
chelsea,planned-roi,3,1,0.14790399372577667,2.0062079429626465,2.1541121006011963,2.168457
chelsea,planned-roi,3,2,0.14396800100803375,2.011296033859253,2.155263900756836,2.175668
chelsea,planned-roi,3,3,0.14611199498176575,2.023967981338501,2.1700799465179443,2.18334
chelsea,planned-roi,3,4,0.14406399428844452,1.9835519790649414,2.1276159286499023,2.140534
chelsea,planned-roi,3,5,0.14563199877738953,1.977344036102295,2.122976064682007,2.136449
chelsea,planned-roi,3,6,0.14457599818706512,2.0325119495391846,2.1770880222320557,2.19051
chelsea,planned-roi,3,7,0.14575999975204468,1.9973119497299194,2.1430718898773193,2.156669
chelsea,planned-roi,3,8,0.1554879993200302,1.9911359548568726,2.1466240882873535,2.159964
chelsea,planned-roi,3,9,0.14963200688362122,2.1722559928894043,2.321887969970703,2.33519
chelsea,planned-roi,3,10,0.1472640037536621,1.995360016822815,2.1426239013671875,2.155918
chelsea,planned-roi,3,11,0.1443839967250824,1.9794559478759766,2.123840093612671,2.136859
chelsea,planned-roi,3,12,0.14502400159835815,2.025343894958496,2.170367956161499,2.183139
chelsea,planned-roi,3,13,0.15619200468063354,2.011712074279785,2.1679039001464844,2.180906
chelsea,planned-roi,3,14,0.14553600549697876,2.00710391998291,2.1526401042938232,2.166644
chelsea,planned-roi,3,15,0.14585599303245544,1.981727957725525,2.1275839805603027,2.140816
chelsea,planned-roi,3,16,0.17071999609470367,2.0268800258636475,2.1975998878479004,2.210351
chelsea,planned-roi,3,17,0.15324799716472626,2.025439977645874,2.1786880493164062,2.193235
chelsea,planned-roi,3,18,0.14883199334144592,1.9761600494384766,2.1249918937683105,2.138021
chelsea,planned-roi,3,19,0.14563199877738953,1.988319993019104,2.1339519023895264,2.147956
chelsea,planned-roi,3,20,0.14470399916172028,1.9782719612121582,2.122976064682007,2.136118
chelsea,planned-roi,3,21,0.14470399916172028,2.009727954864502,2.1544320583343506,2.167055
chelsea,planned-roi,3,22,0.14585599303245544,2.0106239318847656,2.156480073928833,2.169138
chelsea,planned-roi,3,23,0.16105599701404572,1.9841599464416504,2.1452159881591797,2.157971
chelsea,planned-roi,3,24,0.14774399995803833,1.994271993637085,2.1420159339904785,2.156039
chelsea,planned-roi,3,25,0.142752006649971,1.995967984199524,2.1387200355529785,2.151582
chelsea,planned-roi,3,26,0.14563199877738953,1.9952319860458374,2.1408638954162598,2.153584
chelsea,planned-roi,3,27,0.14553600549697876,2.0430080890655518,2.1885440349578857,2.201347
chelsea,planned-roi,3,28,0.14579200744628906,1.9998079538345337,2.1456000804901123,2.158883
chelsea,planned-roi,3,29,0.16051200032234192,1.9898560047149658,2.1503679752349854,2.165092
chelsea,planned-roi,3,30,0.14470399916172028,2.0095999240875244,2.154304027557373,2.167346
chelsea,planned-roi,3,31,0.16211199760437012,2.026655912399292,2.188767910003662,2.201687
chelsea,planned-roi,3,32,0.14425599575042725,1.9870719909667969,2.1313281059265137,2.143879
chelsea,planned-roi,3,33,0.14611199498176575,2.0193920135498047,2.165503978729248,2.178312
chelsea,planned-roi,3,34,0.15625600516796112,2.036736011505127,2.1929919719696045,2.206404
chelsea,planned-roi,3,35,0.14668799936771393,1.9870400428771973,2.13372802734375,2.146784
chelsea,planned-roi,3,36,0.14684799313545227,2.0252161026000977,2.1720640659332275,2.185623
chelsea,planned-roi,3,37,0.14681600034236908,2.0172159671783447,2.164031982421875,2.176799
chelsea,planned-roi,3,38,0.1456959992647171,1.9935359954833984,2.1392319202423096,2.152934
chelsea,planned-roi,3,39,0.15356799960136414,1.970304012298584,2.1238720417022705,2.13735
chelsea,planned-roi,3,40,0.15398399531841278,2.066879987716675,2.2208640575408936,2.238944
chelsea,planned-roi,3,41,0.14608000218868256,2.0069758892059326,2.1530559062957764,2.166134
chelsea,planned-roi,3,42,0.1454399973154068,2.0012800693511963,2.1467199325561523,2.159854
chelsea,planned-roi,3,43,0.15545600652694702,1.9745279550552368,2.129983901977539,2.142658
chelsea,planned-roi,3,44,0.14403200149536133,1.970047950744629,2.1140799522399902,2.126864
chelsea,planned-roi,3,45,0.15248000621795654,2.0202879905700684,2.1727681159973145,2.185763
chelsea,planned-roi,3,46,0.14313599467277527,1.991871953010559,2.1350080966949463,2.147646
chelsea,planned-roi,3,47,0.14528000354766846,2.00710391998291,2.152384042739868,2.165272
chelsea,planned-roi,3,48,0.14774399995803833,1.9895679950714111,2.1373119354248047,2.149919
chelsea,planned-roi,3,49,0.14588800072669983,2.021631956100464,2.167520046234131,2.180956
chelsea,planned-roi,3,50,0.16143999993801117,2.023711919784546,2.185152053833008,2.199734
chelsea,planned-roi,3,51,0.14588800072669983,1.9728000164031982,2.1186881065368652,2.131501
chelsea,planned-roi,3,52,0.14655999839305878,2.006880044937134,2.153439998626709,2.166384
chelsea,planned-roi,3,53,0.14585599303245544,1.9827200174331665,2.1285760402679443,2.141857
chelsea,planned-roi,3,54,0.14505599439144135,2.0133440494537354,2.158400058746338,2.171111
chelsea,planned-roi,3,55,0.14611199498176575,1.9741120338439941,2.1202239990234375,2.133053
chelsea,planned-roi,3,56,0.155008003115654,1.9804480075836182,2.135456085205078,2.148196
chelsea,planned-roi,3,57,0.14771200716495514,1.9895999431610107,2.1373119354248047,2.15038
chelsea,planned-roi,3,58,0.14652800559997559,1.9975999593734741,2.1441280841827393,2.15711
chelsea,planned-roi,3,59,0.1438719928264618,2.0362560749053955,2.1801280975341797,2.193104
chelsea,planned-roi,3,60,0.14505599439144135,2.0136959552764893,2.158751964569092,2.171852
chelsea,planned-roi,3,61,0.1441279947757721,2.0505599975585938,2.194688081741333,2.207346
chelsea,planned-roi,3,62,0.15705600380897522,1.9924479722976685,2.1495039463043213,2.162178
chelsea,planned-roi,3,63,0.14339199662208557,1.982975959777832,2.1263680458068848,2.139203
chelsea,planned-roi,3,64,0.1438080072402954,2.0039360523223877,2.1477439403533936,2.160004
chelsea,planned-roi,3,65,0.14640000462532043,1.9725439548492432,2.118943929672241,2.131481
chelsea,planned-roi,3,66,0.1417279988527298,2.000159978866577,2.141887903213501,2.154677
chelsea,planned-roi,3,67,0.1518079936504364,2.041440010070801,2.1932480335235596,2.206225
chelsea,planned-roi,3,68,0.14668799936771393,2.0370240211486816,2.1837120056152344,2.196339
chelsea,planned-roi,3,69,0.1459839940071106,1.9892159700393677,2.135200023651123,2.148006
chelsea,planned-roi,3,70,0.14508800208568573,2.0240321159362793,2.1691200733184814,2.181677
chelsea,planned-roi,3,71,0.1451520025730133,1.994752049446106,2.139904022216797,2.152933
chelsea,planned-roi,3,72,0.15644800662994385,1.9761919975280762,2.1326398849487305,2.145353
chelsea,planned-roi,3,73,0.14585599303245544,1.9797120094299316,2.12556791305542,2.138752
chelsea,planned-roi,3,74,0.15619200468063354,1.9530880451202393,2.1092801094055176,2.122146
chelsea,planned-roi,3,75,0.14339199662208557,2.0184640884399414,2.161855936050415,2.174776
chelsea,planned-roi,3,76,0.14313599467277527,2.04313588142395,2.186271905899048,2.199685
chelsea,planned-roi,3,77,0.14819200336933136,2.047679901123047,2.1958720684051514,2.208728
chelsea,planned-roi,3,78,0.190528005361557,1.9789119958877563,2.1694400310516357,2.184011
chelsea,planned-roi,3,79,0.1446080058813095,1.9919040203094482,2.136512041091919,2.149959
chelsea,planned-roi,3,80,0.14547200500965118,2.0097920894622803,2.155263900756836,2.167576
chelsea,planned-roi,3,81,0.1446080058813095,2.0135679244995117,2.1581759452819824,2.171201
chelsea,planned-roi,3,82,0.15299199521541595,2.0123519897460938,2.165343999862671,2.179013
chelsea,planned-roi,3,83,0.16198399662971497,2.0870399475097656,2.249023914337158,2.262389
chelsea,planned-roi,3,84,0.15772800147533417,2.0346240997314453,2.192352056503296,2.204992
chelsea,planned-roi,3,85,0.14633600413799286,1.999168038368225,2.1455039978027344,2.158111
chelsea,planned-roi,3,86,0.14662399888038635,2.099071979522705,2.2456960678100586,2.258123
chelsea,planned-roi,3,87,0.16710400581359863,2.03983998298645,2.206943988800049,2.219505
chelsea,planned-roi,3,88,0.1467519998550415,2.0039360523223877,2.1506879329681396,2.16345
chelsea,planned-roi,3,89,0.14441600441932678,1.9975999593734741,2.1420159339904785,2.154826
chelsea,planned-roi,3,90,0.14560000598430634,2.0289599895477295,2.174560070037842,2.188317
chelsea,planned-roi,3,91,0.14428800344467163,1.9843519926071167,2.1286399364471436,2.142177
chelsea,planned-roi,3,92,0.14396800100803375,1.9522240161895752,2.096191883087158,2.109658
chelsea,planned-roi,3,93,0.15193599462509155,1.9071040153503418,2.059040069580078,2.072172
chelsea,planned-roi,3,94,0.1554879993200302,1.94159996509552,2.097088098526001,2.111742
chelsea,planned-roi,3,95,0.14236800372600555,2.010528087615967,2.152895927429199,2.166053
chelsea,planned-roi,3,96,0.1472640037536621,2.03654408454895,2.1838080883026123,2.196609
chelsea,planned-roi,3,97,0.14742399752140045,2.1071040630340576,2.254528045654297,2.267737
chelsea,planned-roi,3,98,0.166143998503685,2.0478079319000244,2.21395206451416,2.227306
chelsea,planned-roi,3,99,0.15859200060367584,2.0174400806427,2.176032066345215,2.189179
chelsea,planned-roi,3,100,0.14579200744628906,2.061568021774292,2.207360029220581,2.220125
chelsea,planned-roi,3,101,0.1781120002269745,2.015007972717285,2.193120002746582,2.205614
chelsea,planned-roi,3,102,0.164000004529953,2.012608051300049,2.176608085632324,2.191823
chelsea,planned-roi,3,103,0.1656000018119812,2.021343946456909,2.186944007873535,2.20973
chelsea,planned-roi,3,104,0.14880000054836273,2.0863680839538574,2.235167980194092,2.248949
chelsea,planned-roi,3,105,0.14748799800872803,2.111327886581421,2.2588160037994385,2.271934
chelsea,planned-roi,3,106,0.14803199470043182,2.1049599647521973,2.2529919147491455,2.266265
chelsea,planned-roi,3,107,0.1682240068912506,2.0320959091186523,2.20032000541687,2.217271
chelsea,planned-roi,3,108,0.1706559956073761,2.0039360523223877,2.1745920181274414,2.187346
chelsea,planned-roi,3,109,0.14630399644374847,2.104032039642334,2.250335931777954,2.263611
chelsea,planned-roi,3,110,0.14694400131702423,2.0706560611724854,2.217600107192993,2.230711
chelsea,planned-roi,3,111,0.15727999806404114,1.9714879989624023,2.128767967224121,2.141607
chelsea,planned-roi,3,112,0.14732800424098969,2.0923519134521484,2.239680051803589,2.253035
chelsea,planned-roi,3,113,0.14483200013637543,2.1148478984832764,2.2596800327301025,2.273136
chelsea,planned-roi,3,114,0.1483840048313141,2.1514880657196045,2.2998719215393066,2.313537
chelsea,planned-roi,3,115,0.16044799983501434,2.079904079437256,2.240351915359497,2.255489
chelsea,planned-roi,3,116,0.14796799421310425,2.092128038406372,2.240096092224121,2.253787
chelsea,planned-roi,3,117,0.1459520012140274,2.0947840213775635,2.2407360076904297,2.253876
chelsea,planned-roi,3,118,0.15641599893569946,2.128000020980835,2.2844159603118896,2.297342
chelsea,planned-roi,3,119,0.147039994597435,2.034816026687622,2.1818559169769287,2.195278
chelsea,planned-roi,3,120,0.1478399932384491,2.088831901550293,2.2366719245910645,2.24964
chelsea,planned-roi,3,121,0.15465599298477173,2.111135959625244,2.265791893005371,2.278695
chelsea,planned-roi,3,122,0.14931200444698334,2.0778560638427734,2.227168083190918,2.240957
chelsea,planned-roi,3,123,0.15263999998569489,2.14137601852417,2.294015884399414,2.306947
chelsea,planned-roi,3,124,0.1507200002670288,2.0095040798187256,2.160223960876465,2.174176
chelsea,planned-roi,3,125,0.14723199605941772,2.100800037384033,2.2480320930480957,2.261207
chelsea,planned-roi,3,126,0.1475519984960556,2.081439971923828,2.228991985321045,2.24238
chelsea,planned-roi,3,127,0.14652800559997559,1.984928011894226,2.131455898284912,2.145352
chelsea,planned-roi,3,128,0.16115200519561768,2.044800043106079,2.2059519290924072,2.219504
chelsea,planned-roi,3,129,0.1467200070619583,2.099071979522705,2.2457919120788574,2.258854
chelsea,planned-roi,3,130,0.14851200580596924,2.0621440410614014,2.210655927658081,2.223611
chelsea,planned-roi,3,131,0.1475519984960556,2.013887882232666,2.161439895629883,2.174757
chelsea,planned-roi,3,132,0.15568000078201294,2.1832640171051025,2.3389439582824707,2.352526
chelsea,planned-roi,3,133,0.15724800527095795,2.082911968231201,2.2401599884033203,2.253736
chelsea,planned-roi,3,134,0.14828799664974213,2.2329280376434326,2.381216049194336,2.393969
chelsea,planned-roi,3,135,0.1480959951877594,1.990272045135498,2.1383678913116455,2.152293
chelsea,planned-roi,3,136,0.1438080072402954,2.0811519622802734,2.2249600887298584,2.238092
chelsea,planned-roi,3,137,0.17638400197029114,2.1757121086120605,2.3520960807800293,2.365736
chelsea,planned-roi,3,138,0.14934399724006653,2.055072069168091,2.204416036605835,2.218002
chelsea,planned-roi,3,139,0.14860799908638,2.018399953842163,2.1670079231262207,2.180826
chelsea,planned-roi,3,140,0.15859200060367584,2.2100799083709717,2.3686718940734863,2.382231
chelsea,planned-roi,3,141,0.15644800662994385,1.999135971069336,2.1555840969085693,2.172243
chelsea,planned-roi,3,142,0.1440960019826889,2.01692795753479,2.1610240936279297,2.174276
chelsea,planned-roi,3,143,0.14451199769973755,2.0572800636291504,2.201792001724243,2.214987
chelsea,planned-roi,3,144,0.1435839980840683,1.9744640588760376,2.1180479526519775,2.1306
chelsea,planned-roi,3,145,0.17270399630069733,1.94924795627594,2.1219520568847656,2.135216
chelsea,planned-roi,3,146,0.14585599303245544,2.0489919185638428,2.19484806060791,2.208538
chelsea,planned-roi,3,147,0.1576640009880066,2.0718400478363037,2.229504108428955,2.245614
chelsea,planned-roi,3,148,0.1494400054216385,2.163007974624634,2.312448024749756,2.326767
chelsea,planned-roi,3,149,0.20825600624084473,2.0537919998168945,2.2620480060577393,2.278143
chelsea,planned-roi,3,150,0.1611199975013733,2.0874879360198975,2.248608112335205,2.262249
chelsea,planned-roi,3,151,0.16284799575805664,2.050431966781616,2.213279962539673,2.226936
chelsea,planned-roi,3,152,0.14732800424098969,2.2275519371032715,2.374880075454712,2.387849
chelsea,planned-roi,3,153,0.17532800137996674,2.0768001079559326,2.2521278858184814,2.26893
chelsea,planned-roi,3,154,0.1711360067129135,2.0934081077575684,2.2645440101623535,2.280506
chelsea,planned-roi,3,155,0.1480640023946762,2.083456039428711,2.231519937515259,2.244543
chelsea,planned-roi,3,156,0.14841599762439728,2.249023914337158,2.397439956665039,2.410655
chelsea,planned-roi,3,157,0.14822399616241455,2.35427188873291,2.5024960041046143,2.516004
chelsea,planned-roi,3,158,0.1754239946603775,2.308799982070923,2.4842240810394287,2.498508
chelsea,planned-roi,3,159,0.17046399414539337,2.1529600620269775,2.3234241008758545,2.340378
chelsea,planned-roi,3,160,0.16038399934768677,2.0677120685577393,2.2280960083007812,2.241638
chelsea,planned-roi,3,161,0.14934399724006653,2.0788800716400146,2.228224039077759,2.242079
chelsea,planned-roi,3,162,0.14975999295711517,1.9777599573135376,2.1275200843811035,2.140745
chelsea,planned-roi,3,163,0.14585599303245544,2.047935962677002,2.1937921047210693,2.206314
chelsea,planned-roi,3,164,0.16115200519561768,2.047071933746338,2.208224058151245,2.221728
chelsea,planned-roi,3,165,0.1491519957780838,2.181727886199951,2.3308799266815186,2.345456
chelsea,planned-roi,3,166,0.14870400726795197,2.2538559436798096,2.402559995651245,2.415982
chelsea,planned-roi,3,167,0.14454400539398193,2.265183925628662,2.4097280502319336,2.424115
chelsea,planned-roi,3,168,0.15593600273132324,2.088671922683716,2.244607925415039,2.258743
chelsea,planned-roi,3,169,0.1496639996767044,2.054527997970581,2.2041919231414795,2.217531
chelsea,planned-roi,3,170,0.14883199334144592,2.105952024459839,2.254784107208252,2.268429
chelsea,planned-roi,3,171,0.1541759967803955,2.157696008682251,2.3118720054626465,2.326977
chelsea,planned-roi,3,172,0.14876799285411835,2.036223888397217,2.1849920749664307,2.197922
chelsea,planned-roi,3,173,0.14720000326633453,2.029184103012085,2.1763839721679688,2.18963
chelsea,planned-roi,3,174,0.15388800203800201,2.0142719745635986,2.1681599617004395,2.180695
chelsea,planned-roi,3,175,0.1504960060119629,2.138592004776001,2.289088010787964,2.302069
chelsea,planned-roi,3,176,0.17023999989032745,2.0259199142456055,2.196160078048706,2.209739
chelsea,planned-roi,3,177,0.15039999783039093,2.0868799686431885,2.2372798919677734,2.250271
chelsea,planned-roi,3,178,0.16124799847602844,2.0167999267578125,2.1780478954315186,2.191042
chelsea,planned-roi,3,179,0.14793600142002106,2.020479917526245,2.1684160232543945,2.181867
chelsea,planned-roi,3,180,0.1494400054216385,2.0528318881988525,2.2022719383239746,2.216089
chelsea,planned-roi,3,181,0.182559996843338,2.141632080078125,2.3241920471191406,2.337694
chelsea,planned-roi,3,182,0.1608320027589798,2.158207893371582,2.319040060043335,2.332326
chelsea,planned-roi,3,183,0.1515199989080429,2.0898239612579346,2.2413439750671387,2.254537
chelsea,planned-roi,3,184,0.1499519944190979,2.103424072265625,2.253376007080078,2.266877
chelsea,planned-roi,3,185,0.15027199685573578,2.1901440620422363,2.3404159545898438,2.354309
chelsea,planned-roi,3,186,0.16460800170898438,2.0235519409179688,2.188159942626953,2.202278
chelsea,planned-roi,3,187,0.17795200645923615,2.1297600269317627,2.3077120780944824,2.321679
chelsea,planned-roi,3,188,0.17369599640369415,2.114367961883545,2.2880640029907227,2.304082
chelsea,planned-roi,3,189,0.15276800096035004,2.0976319313049316,2.2504000663757324,2.263932
chelsea,planned-roi,3,190,0.15116800367832184,2.107743978500366,2.2589120864868164,2.272435
chelsea,planned-roi,3,191,0.19430400431156158,2.267904043197632,2.4622080326080322,2.48017
chelsea,planned-roi,3,192,0.16393600404262543,2.174720048904419,2.338655948638916,2.351955
chelsea,planned-roi,3,193,0.1510079950094223,2.0556480884552,2.206655979156494,2.219695
chelsea,planned-roi,3,194,0.1467200070619583,2.176095962524414,2.3228158950805664,2.336061
chelsea,planned-roi,3,195,0.14713600277900696,2.1380159854888916,2.285151958465576,2.298544
chelsea,planned-roi,3,196,0.16592000424861908,2.1121599674224854,2.2780799865722656,2.292505
chelsea,planned-roi,3,197,0.17151999473571777,1.9983680248260498,2.1698880195617676,2.183309
chelsea,planned-roi,3,198,0.15727999806404114,2.093600034713745,2.250880002975464,2.264032
chelsea,planned-roi,3,199,0.18246400356292725,2.1462080478668213,2.328671932220459,2.34166
chelsea,planned-roi,3,200,0.1592320054769516,2.0959041118621826,2.255136013031006,2.269581
chelsea,planned-roi,3,201,0.1586879938840866,2.020832061767578,2.1795198917388916,2.193014
chelsea,planned-roi,3,202,0.14899200201034546,2.0633599758148193,2.2123520374298096,2.227336
chelsea,planned-roi,3,203,0.1536960005760193,2.1467840671539307,2.3004798889160156,2.31512
chelsea,planned-roi,3,204,0.15065599977970123,2.0471999645233154,2.1978559494018555,2.211182
chelsea,planned-roi,3,205,0.15568000078201294,2.0869760513305664,2.2426559925079346,2.25632
chelsea,planned-roi,3,206,0.15123200416564941,2.081631898880005,2.2328639030456543,2.246916
chelsea,planned-roi,3,207,0.16553600132465363,2.070528030395508,2.2360639572143555,2.2499
chelsea,planned-roi,3,208,0.16172799468040466,2.084383964538574,2.246112108230591,2.262871
chelsea,planned-roi,3,209,0.15119999647140503,2.12556791305542,2.2767679691314697,2.291193
chelsea,planned-roi,3,210,0.14825600385665894,2.0648000240325928,2.2130560874938965,2.225965
chelsea,planned-roi,3,211,0.15142400562763214,2.0027520656585693,2.1541759967803955,2.167575
chelsea,planned-roi,3,212,0.14608000218868256,2.1199679374694824,2.266047954559326,2.279305
chelsea,planned-roi,3,213,0.15356799960136414,2.018752098083496,2.1723198890686035,2.186254
chelsea,planned-roi,3,214,0.1870719939470291,2.0655999183654785,2.252671957015991,2.270321
chelsea,planned-roi,3,215,0.16185599565505981,2.0834879875183105,2.2453439235687256,2.261508
chelsea,planned-roi,3,216,0.1496639996767044,2.110208034515381,2.2598719596862793,2.273616
chelsea,planned-roi,3,217,0.17343999445438385,2.1793599128723145,2.352799892425537,2.366447
chelsea,planned-roi,3,218,0.155008003115654,2.188447952270508,2.3434560298919678,2.357354
chelsea,planned-roi,3,219,0.17001600563526154,2.090399980545044,2.260416030883789,2.277202
chelsea,planned-roi,3,220,0.14745600521564484,2.214463949203491,2.361920118331909,2.375901
chelsea,planned-roi,3,221,0.14883199334144592,2.0815041065216064,2.2303359508514404,2.243662
chelsea,planned-roi,3,222,0.17638400197029114,2.060863971710205,2.237247943878174,2.250691
chelsea,planned-roi,3,223,0.14812800288200378,2.0097920894622803,2.1579198837280273,2.171261
chelsea,planned-roi,3,224,0.14668799936771393,2.184607982635498,2.331295967102051,2.344474
chelsea,planned-roi,3,225,0.15753600001335144,2.112704038619995,2.270240068435669,2.283461
chelsea,planned-roi,3,226,0.16099199652671814,2.0018880367279053,2.1628799438476562,2.176328
chelsea,planned-roi,3,227,0.14684799313545227,2.0852479934692383,2.232095956802368,2.245163
chelsea,planned-roi,3,228,0.14732800424098969,2.1607038974761963,2.3080320358276367,2.322049
chelsea,planned-roi,3,229,0.14713600277900696,2.154560089111328,2.3016960620880127,2.31505
chelsea,planned-roi,3,230,0.14975999295711517,2.032576084136963,2.1823360919952393,2.195679
chelsea,planned-roi,3,231,0.146464005112648,2.000960111618042,2.1474239826202393,2.161136
chelsea,planned-roi,3,232,0.14713600277900696,2.0416319370269775,2.188767910003662,2.201817
chelsea,planned-roi,3,233,0.15033599734306335,2.1355199813842773,2.285856008529663,2.299005
chelsea,planned-roi,3,234,0.1566080003976822,2.0306880474090576,2.187295913696289,2.200595
chelsea,planned-roi,3,235,0.14892800152301788,2.155616044998169,2.304543972015381,2.318084
chelsea,planned-roi,3,236,0.1515199989080429,2.1449921131134033,2.2965118885040283,2.309991
chelsea,planned-roi,3,237,0.15539200603961945,2.1290879249572754,2.284480094909668,2.297983
chelsea,planned-roi,3,238,0.15993599593639374,2.063584089279175,2.223520040512085,2.237111
chelsea,planned-roi,3,239,0.14787200093269348,2.1156160831451416,2.2634880542755127,2.277412
chelsea,planned-roi,3,240,0.14710399508476257,2.0400960445404053,2.1872000694274902,2.209329
chelsea,planned-roi,3,241,0.1541759967803955,2.0290560722351074,2.183232069015503,2.197451
chelsea,planned-roi,3,242,0.18275199830532074,2.0905280113220215,2.273279905319214,2.290041
chelsea,planned-roi,3,243,0.14883199334144592,2.128864049911499,2.277695894241333,2.290803
chelsea,planned-roi,3,244,0.15724800527095795,2.0301120281219482,2.1873600482940674,2.200255
chelsea,planned-roi,3,245,0.14851200580596924,2.1191680431365967,2.2676799297332764,2.280967
chelsea,planned-roi,3,246,0.1480640023946762,2.0501439571380615,2.1982080936431885,2.212424
chelsea,planned-roi,3,247,0.14918400347232819,2.0402560234069824,2.1894400119781494,2.20327
chelsea,planned-roi,3,248,0.14630399644374847,2.1816320419311523,2.3279359340667725,2.341539
chelsea,planned-roi,3,249,0.14825600385665894,2.024735927581787,2.172991991043091,2.186054
chelsea,planned-roi,3,250,0.14691199362277985,2.1451199054718018,2.29203200340271,2.305235
chelsea,planned-roi,3,251,0.15043200552463531,2.091520071029663,2.2419519424438477,2.25622
chelsea,planned-roi,3,252,0.15775999426841736,2.0111680030822754,2.1689279079437256,2.18369
chelsea,planned-roi,3,253,0.14739200472831726,2.0569920539855957,2.2043840885162354,2.217882
chelsea,planned-roi,3,254,0.1475200057029724,2.125375986099243,2.2728960514068604,2.286155
chelsea,planned-roi,3,255,0.1472959965467453,2.101599931716919,2.2488958835601807,2.261728
chelsea,planned-roi,3,256,0.14924800395965576,2.040895938873291,2.1901440620422363,2.203661
chelsea,planned-roi,3,257,0.1581760048866272,2.1146240234375,2.2727999687194824,2.286526
chelsea,planned-roi,3,258,0.14908799529075623,2.0897281169891357,2.238816022872925,2.252385
chelsea,planned-roi,3,259,0.14902399480342865,2.0463359355926514,2.195359945297241,2.209129
chelsea,planned-roi,3,260,0.1494079977273941,2.036191940307617,2.1856000423431396,2.198723
chelsea,planned-roi,3,261,0.18143999576568604,2.039072036743164,2.2205119132995605,2.236741
chelsea,planned-roi,3,262,0.14828799664974213,2.0285120010375977,2.176800012588501,2.18984
chelsea,planned-roi,3,263,0.14652800559997559,2.1179521083831787,2.2644801139831543,2.278043
chelsea,planned-roi,3,264,0.14847999811172485,2.072511911392212,2.220992088317871,2.234397
chelsea,planned-roi,3,265,0.1472640037536621,2.0351040363311768,2.182368040084839,2.195198
chelsea,planned-roi,3,266,0.14723199605941772,2.0992960929870605,2.246527910232544,2.259665
chelsea,planned-roi,3,267,0.14771200716495514,2.0030720233917236,2.1507840156555176,2.16379
chelsea,planned-roi,3,268,0.15676799416542053,2.020512104034424,2.1772799491882324,2.19027
chelsea,planned-roi,3,269,0.144896000623703,2.1552960872650146,2.30019211769104,2.313527
chelsea,planned-roi,3,270,0.1488959938287735,2.039232015609741,2.1881279945373535,2.202949
chelsea,planned-roi,3,271,0.1701440066099167,2.0952959060668945,2.265439987182617,2.281748
chelsea,planned-roi,3,272,0.15011200308799744,2.042975902557373,2.1930880546569824,2.206365
chelsea,planned-roi,3,273,0.14739200472831726,1.9933120012283325,2.1407039165496826,2.155087
chelsea,planned-roi,3,274,0.16128000617027283,2.007200002670288,2.1684799194335938,2.181397
chelsea,planned-roi,3,275,0.14640000462532043,2.1121280193328857,2.258527994155884,2.272915
chelsea,planned-roi,3,276,0.18777599930763245,2.0767040252685547,2.2644801139831543,2.279125
chelsea,planned-roi,3,277,0.1518400013446808,2.0000319480895996,2.151871919631958,2.164942
chelsea,planned-roi,3,278,0.1467519998550415,1.9837759733200073,2.130527973175049,2.143939
chelsea,planned-roi,3,279,0.14531199634075165,2.0001919269561768,2.1455039978027344,2.158803
chelsea,planned-roi,3,280,0.14604799449443817,1.9845759868621826,2.1306240558624268,2.143419
chelsea,planned-roi,3,281,0.17449599504470825,2.032480001449585,2.2069759368896484,2.219615
chelsea,planned-roi,3,282,0.14534400403499603,1.9945919513702393,2.1399359703063965,2.153124
chelsea,planned-roi,3,283,0.14259199798107147,1.9931199550628662,2.135711908340454,2.148477
chelsea,planned-roi,3,284,0.14271999895572662,1.9797760248184204,2.1224958896636963,2.135908
chelsea,planned-roi,3,285,0.14905600249767303,1.994912028312683,2.143968105316162,2.158823
chelsea,planned-roi,3,286,0.15654399991035461,2.000159978866577,2.1567039489746094,2.169849
chelsea,planned-roi,3,287,0.15331199765205383,2.011904001235962,2.1652159690856934,2.179824
chelsea,planned-roi,3,288,0.1438080072402954,1.9667199850082397,2.110527992248535,2.123599
chelsea,planned-roi,3,289,0.14268800616264343,1.9893440008163452,2.1320319175720215,2.145352
chelsea,planned-roi,3,290,0.14556799829006195,2.0649919509887695,2.2105600833892822,2.22345
chelsea,planned-roi,3,291,0.14745600521564484,2.05350399017334,2.2009599208831787,2.214477
chelsea,planned-roi,3,292,0.1504960060119629,2.0583999156951904,2.2088959217071533,2.222469
chelsea,planned-roi,3,293,0.14812800288200378,2.0551679134368896,2.203295946121216,2.21688
chelsea,planned-roi,3,294,0.14668799936771393,2.019040107727051,2.1657280921936035,2.178883
chelsea,planned-roi,3,295,0.158720001578331,2.044543981552124,2.203263998031616,2.21683
chelsea,planned-roi,3,296,0.18467199802398682,2.0147199630737305,2.199392080307007,2.212173
chelsea,planned-roi,3,297,0.15001599490642548,2.0654079914093018,2.215424060821533,2.228518
chelsea,planned-roi,3,298,0.14707200229167938,2.0566399097442627,2.203711986541748,2.21631
chelsea,planned-roi,3,299,0.14688000082969666,2.0559680461883545,2.202847957611084,2.216049
chelsea,baseline,3,0,0.15455999970436096,2.01200008392334,2.166559934616089,2.1901
chelsea,baseline,3,1,0.14348800480365753,2.077984094619751,2.2214720249176025,2.235799
chelsea,baseline,3,2,0.14271999895572662,2.0228800773620605,2.165600061416626,2.179334
chelsea,baseline,3,3,0.15695999562740326,2.040640115737915,2.1975998878479004,2.210921
chelsea,baseline,3,4,0.14707200229167938,2.0298240184783936,2.176896095275879,2.19009
chelsea,baseline,3,5,0.14691199362277985,2.0409600734710693,2.1878719329833984,2.200396
chelsea,baseline,3,6,0.14457599818706512,2.0389440059661865,2.1835200786590576,2.197171
chelsea,baseline,3,7,0.14268800616264343,2.0768320560455322,2.219520092010498,2.232845
chelsea,baseline,3,8,0.14710399508476257,2.0508480072021484,2.1979520320892334,2.212083
chelsea,baseline,3,9,0.14300799369812012,2.072416067123413,2.215424060821533,2.228448
chelsea,baseline,3,10,0.1459839940071106,2.0955519676208496,2.2415359020233154,2.254899
chelsea,baseline,3,11,0.15398399531841278,2.031519889831543,2.1855039596557617,2.199744
chelsea,baseline,3,12,0.1526080071926117,2.096735954284668,2.2493441104888916,2.263942
chelsea,baseline,3,13,0.15561600029468536,2.028480052947998,2.184096097946167,2.196539
chelsea,baseline,3,14,0.14448000490665436,2.0715839862823486,2.216063976287842,2.22925
chelsea,baseline,3,15,0.14265599846839905,2.0073280334472656,2.1499838829040527,2.163409
chelsea,baseline,3,16,0.14822399616241455,2.012864112854004,2.161087989807129,2.191402
chelsea,baseline,3,17,0.14268800616264343,2.000063896179199,2.142751932144165,2.155928
chelsea,baseline,3,18,0.1403840035200119,1.9909759759902954,2.1313600540161133,2.144821
chelsea,baseline,3,19,0.14262400567531586,2.03657603263855,2.1791999340057373,2.192514
chelsea,baseline,3,20,0.143327996134758,2.0343360900878906,2.177664041519165,2.190641
chelsea,baseline,3,21,0.1666560024023056,2.115648031234741,2.282304048538208,2.295089
chelsea,baseline,3,22,0.1462399959564209,2.035968065261841,2.1822080612182617,2.19627
chelsea,baseline,3,23,0.1425279974937439,2.035423994064331,2.1779520511627197,2.191302
chelsea,baseline,3,24,0.14467200636863708,2.035680055618286,2.180351972579956,2.194176
chelsea,baseline,3,25,0.15824000537395477,2.01910400390625,2.1773440837860107,2.190831
chelsea,baseline,3,26,0.1467839926481247,2.088320016860962,2.2351040840148926,2.250612
chelsea,baseline,3,27,0.14528000354766846,2.062527894973755,2.207808017730713,2.220706
chelsea,baseline,3,28,0.1446399986743927,2.057215929031372,2.2018558979034424,2.214798
chelsea,baseline,3,29,0.159743994474411,2.0298879146575928,2.189631938934326,2.203371
chelsea,baseline,3,30,0.15084800124168396,2.1390719413757324,2.2899200916290283,2.304724
chelsea,baseline,3,31,0.1456640064716339,2.0758399963378906,2.221503973007202,2.234687
chelsea,baseline,3,32,0.14419199526309967,2.0585598945617676,2.202752113342285,2.21614
chelsea,baseline,3,33,0.16652800142765045,2.0551040172576904,2.2216320037841797,2.234658
chelsea,baseline,3,34,0.16291199624538422,2.0758719444274902,2.238784074783325,2.251874
chelsea,baseline,3,35,0.14486399292945862,2.061728000640869,2.206592082977295,2.219975
chelsea,baseline,3,36,0.1467519998550415,2.085983991622925,2.232736110687256,2.246224
chelsea,baseline,3,37,0.17564800381660461,2.0289599895477295,2.2046079635620117,2.218083
chelsea,baseline,3,38,0.14614400267601013,2.101344108581543,2.247488021850586,2.261318
chelsea,baseline,3,39,0.1546880006790161,2.067296028137207,2.2219839096069336,2.238603
chelsea,baseline,3,40,0.1443839967250824,2.0491840839385986,2.193567991256714,2.206975
chelsea,baseline,3,41,0.17606399953365326,2.0738561153411865,2.249919891357422,2.263541
chelsea,baseline,3,42,0.14608000218868256,2.053760051727295,2.1998400688171387,2.213906
chelsea,baseline,3,43,0.14841599762439728,2.044032096862793,2.1924479007720947,2.205804
chelsea,baseline,3,44,0.147039994597435,2.050368070602417,2.1974079608917236,2.210401
chelsea,baseline,3,45,0.15929600596427917,2.0879039764404297,2.2472000122070312,2.260126
chelsea,baseline,3,46,0.14655999839305878,2.0685439109802246,2.215104103088379,2.228519
chelsea,baseline,3,47,0.14287999272346497,2.14847993850708,2.2913599014282227,2.304734
chelsea,baseline,3,48,0.14627200365066528,2.1072640419006348,2.2535359859466553,2.267597
chelsea,baseline,3,49,0.1488640010356903,2.066080093383789,2.2149438858032227,2.228688
chelsea,baseline,3,50,0.14441600441932678,2.040992021560669,2.185408115386963,2.198593
chelsea,baseline,3,51,0.14608000218868256,2.0413761138916016,2.187455892562866,2.201116
chelsea,baseline,3,52,0.1435520052909851,2.051487922668457,2.195039987564087,2.208668
chelsea,baseline,3,53,0.17523199319839478,2.0350399017333984,2.2102720737457275,2.223821
chelsea,baseline,3,54,0.15462400019168854,2.0735039710998535,2.228127956390381,2.241247
chelsea,baseline,3,55,0.14422400295734406,2.0418241024017334,2.1860480308532715,2.198723
chelsea,baseline,3,56,0.14345599710941315,2.083456039428711,2.226912021636963,2.239845
chelsea,baseline,3,57,0.17231999337673187,2.0605759620666504,2.232896089553833,2.246466
chelsea,baseline,3,58,0.1438400000333786,2.0466558933258057,2.1904959678649902,2.20321
chelsea,baseline,3,59,0.14102399349212646,2.031615972518921,2.172640085220337,2.185493
chelsea,baseline,3,60,0.14009599387645721,2.003488063812256,2.1435840129852295,2.156328
chelsea,baseline,3,61,0.14531199634075165,2.0031681060791016,2.14847993850708,2.161166
chelsea,baseline,3,62,0.1738560050725937,2.0078721046447754,2.181727886199951,2.194928
chelsea,baseline,3,63,0.14019200205802917,2.0050559043884277,2.1452479362487793,2.157781
chelsea,baseline,3,64,0.14057600498199463,2.0930240154266357,2.233599901199341,2.246466
chelsea,baseline,3,65,0.14579200744628906,2.034559965133667,2.180351972579956,2.194136
chelsea,baseline,3,66,0.14336000382900238,1.983680009841919,2.127039909362793,2.139794
chelsea,baseline,3,67,0.17363199591636658,1.9888639450073242,2.1624960899353027,2.176038
chelsea,baseline,3,68,0.14217600226402283,2.003200054168701,2.145375967025757,2.158582
chelsea,baseline,3,69,0.1412159949541092,1.997920036315918,2.1391360759735107,2.151772
chelsea,baseline,3,70,0.13964800536632538,1.9845119714736938,2.124160051345825,2.13737
chelsea,baseline,3,71,0.13894400000572205,2.012928009033203,2.151871919631958,2.164881
chelsea,baseline,3,72,0.15379199385643005,1.959488034248352,2.1132800579071045,2.126013
chelsea,baseline,3,73,0.1621759980916977,2.1049280166625977,2.267103910446167,2.28292
chelsea,baseline,3,74,0.14739200472831726,2.037503957748413,2.1848959922790527,2.197881
chelsea,baseline,3,75,0.14390400052070618,2.0763840675354004,2.220288038253784,2.233786
chelsea,baseline,3,76,0.14345599710941315,2.0315520763397217,2.1750080585479736,2.188197
chelsea,baseline,3,77,0.16889600455760956,2.0546560287475586,2.2235519886016846,2.239034
chelsea,baseline,3,78,0.15145599842071533,2.0464000701904297,2.1978559494018555,2.212584
chelsea,baseline,3,79,0.14748799800872803,2.0730879306793213,2.220576047897339,2.235048
chelsea,baseline,3,80,0.1459839940071106,1.9824320077896118,2.128416061401367,2.141716
chelsea,baseline,3,81,0.17923200130462646,2.07423996925354,2.253472089767456,2.266676
chelsea,baseline,3,82,0.14528000354766846,2.0795838832855225,2.2248640060424805,2.238193
chelsea,baseline,3,83,0.14195199310779572,2.0467519760131836,2.188704013824463,2.201918
chelsea,baseline,3,84,0.14105600118637085,2.053152084350586,2.1942079067230225,2.207186
chelsea,baseline,3,85,0.17468799650669098,2.0388801097869873,2.2135679721832275,2.226896
chelsea,baseline,3,86,0.14406399428844452,2.046560049057007,2.1906239986419678,2.203651
chelsea,baseline,3,87,0.14086399972438812,2.054527997970581,2.195391893386841,2.208538
chelsea,baseline,3,88,0.14214399456977844,2.0364480018615723,2.1785919666290283,2.192384
chelsea,baseline,3,89,0.15622399747371674,1.9952319860458374,2.151456117630005,2.166835
chelsea,baseline,3,90,0.1528960019350052,2.034816026687622,2.1877119541168213,2.20352
chelsea,baseline,3,91,0.15196800231933594,2.079008102416992,2.230976104736328,2.244312
chelsea,baseline,3,92,0.1443839967250824,2.0499520301818848,2.1943359375,2.206996
chelsea,baseline,3,93,0.1456640064716339,2.0672318935394287,2.2128961086273193,2.227597
chelsea,baseline,3,94,0.15936000645160675,2.0716800689697266,2.2310400009155273,2.252805
chelsea,baseline,3,95,0.14451199769973755,2.059391975402832,2.203903913497925,2.21699
chelsea,baseline,3,96,0.14524799585342407,2.0562241077423096,2.201472043991089,2.214797
chelsea,baseline,3,97,0.14822399616241455,2.020319938659668,2.168544054031372,2.182669
chelsea,baseline,3,98,0.18185600638389587,2.037184000015259,2.2190399169921875,2.232815
chelsea,baseline,3,99,0.14361600577831268,2.1484479904174805,2.2920639514923096,2.305414
chelsea,baseline,3,100,0.14790399372577667,2.070847988128662,2.218751907348633,2.232254
chelsea,baseline,3,101,0.14496000111103058,2.047840118408203,2.1928000450134277,2.205864
chelsea,baseline,3,102,0.16201600432395935,2.0761280059814453,2.2381439208984375,2.251583
chelsea,baseline,3,103,0.14931200444698334,2.083359956741333,2.2326719760894775,2.245995
chelsea,baseline,3,104,0.14323200285434723,2.1069118976593018,2.2501440048217773,2.263421
chelsea,baseline,3,105,0.14393599331378937,2.067487955093384,2.2114241123199463,2.224833
chelsea,baseline,3,106,0.14796799421310425,2.0678720474243164,2.2158401012420654,2.229169
chelsea,baseline,3,107,0.14233599603176117,2.0747199058532715,2.2170560359954834,2.231192
chelsea,baseline,3,108,0.15110400319099426,2.1024959087371826,2.2535998821258545,2.266866
chelsea,baseline,3,109,0.14403200149536133,2.04748797416687,2.1915199756622314,2.204762
chelsea,baseline,3,110,0.14972800016403198,2.042815923690796,2.1925439834594727,2.206645
chelsea,baseline,3,111,0.14342400431632996,2.0463039875030518,2.189728021621704,2.204082
chelsea,baseline,3,112,0.1435520052909851,2.0242879390716553,2.167840003967285,2.182238
chelsea,baseline,3,113,0.14284799993038177,2.031359910964966,2.174207925796509,2.188367
chelsea,baseline,3,114,0.16550399363040924,2.1467840671539307,2.3122880458831787,2.325625
chelsea,baseline,3,115,0.14416000247001648,2.0791358947753906,2.2232959270477295,2.23592
chelsea,baseline,3,116,0.143327996134758,2.1395840644836426,2.282912015914917,2.296181
chelsea,baseline,3,117,0.14524799585342407,2.0217599868774414,2.1670079231262207,2.180475
chelsea,baseline,3,118,0.16723200678825378,2.0607359409332275,2.2279679775238037,2.243641
chelsea,baseline,3,119,0.14688000082969666,2.0529279708862305,2.19980788230896,2.213435
chelsea,baseline,3,120,0.14457599818706512,2.068416118621826,2.212991952896118,2.226265
chelsea,baseline,3,121,0.1424960047006607,2.0031681060791016,2.1456639766693115,2.158622
chelsea,baseline,3,122,0.1773120015859604,2.017535924911499,2.19484806060791,2.207987
chelsea,baseline,3,123,0.15263999998569489,2.0312960147857666,2.18393611907959,2.19661
chelsea,baseline,3,124,0.1377599984407425,2.0576000213623047,2.195359945297241,2.208368
chelsea,baseline,3,125,0.14486399292945862,2.1472320556640625,2.292095899581909,2.305364
chelsea,baseline,3,126,0.17705599963665009,2.052288055419922,2.229343891143799,2.24281
chelsea,baseline,3,127,0.14633600413799286,2.0515520572662354,2.197887897491455,2.211062
chelsea,baseline,3,128,0.14534400403499603,2.0506880283355713,2.1960320472717285,2.209189
chelsea,baseline,3,129,0.14345599710941315,2.046112060546875,2.189568042755127,2.202919
chelsea,baseline,3,130,0.15910400450229645,2.099263906478882,2.2583680152893066,2.271283
chelsea,baseline,3,131,0.14691199362277985,2.0491840839385986,2.1960959434509277,2.209198
chelsea,baseline,3,132,0.14486399292945862,2.0702719688415527,2.2151360511779785,2.228057
chelsea,baseline,3,133,0.14444799721240997,2.0927999019622803,2.237247943878174,2.250371
chelsea,baseline,3,134,0.18531200289726257,2.0034239292144775,2.1887359619140625,2.202659
chelsea,baseline,3,135,0.14348800480365753,1.9970879554748535,2.140575885772705,2.154226
chelsea,baseline,3,136,0.1459520012140274,1.9986560344696045,2.1446080207824707,2.157881
chelsea,baseline,3,137,0.14115199446678162,1.993056058883667,2.1342079639434814,2.147426
chelsea,baseline,3,138,0.14422400295734406,2.0145280361175537,2.158751964569092,2.171812
chelsea,baseline,3,139,0.14262400567531586,1.9869120121002197,2.1295359134674072,2.142447
chelsea,baseline,3,140,0.14627200365066528,2.0129599571228027,2.1592319011688232,2.172103
chelsea,baseline,3,141,0.14291200041770935,1.996351957321167,2.1392641067504883,2.152914
chelsea,baseline,3,142,0.14256000518798828,2.085952043533325,2.2285120487213135,2.241497
chelsea,baseline,3,143,0.14847999811172485,2.0098559856414795,2.1583359241485596,2.171632
chelsea,baseline,3,144,0.14393599331378937,2.036992073059082,2.1809279918670654,2.195428
chelsea,baseline,3,145,0.14361600577831268,2.0183680057525635,2.1619839668273926,2.175448
chelsea,baseline,3,146,0.14246399700641632,1.9977920055389404,2.140255928039551,2.153094
chelsea,baseline,3,147,0.14140799641609192,2.0153279304504395,2.156735897064209,2.17054
chelsea,baseline,3,148,0.14345599710941315,2.017728090286255,2.161184072494507,2.174537
chelsea,baseline,3,149,0.14713600277900696,2.0208640098571777,2.1679999828338623,2.181527
chelsea,baseline,3,150,0.15324799716472626,2.0175681114196777,2.170815944671631,2.184251
chelsea,baseline,3,151,0.14256000518798828,2.086303949356079,2.2288639545440674,2.241959
chelsea,baseline,3,152,0.143327996134758,2.002527952194214,2.1458559036254883,2.159674
chelsea,baseline,3,153,0.1404159963130951,1.9946880340576172,2.135103940963745,2.148096
chelsea,baseline,3,154,0.1420159935951233,1.9867520332336426,2.128767967224121,2.141626
chelsea,baseline,3,155,0.15158399939537048,1.994912028312683,2.146496057510376,2.159594
chelsea,baseline,3,156,0.14470399916172028,2.010688066482544,2.1553919315338135,2.168277
chelsea,baseline,3,157,0.14396800100803375,1.995519995689392,2.1394879817962646,2.153735
chelsea,baseline,3,158,0.1435520052909851,2.0261759757995605,2.1697280406951904,2.18335
chelsea,baseline,3,159,0.14361600577831268,2.0061120986938477,2.1497280597686768,2.163139
chelsea,baseline,3,160,0.15414400398731232,2.0834879875183105,2.2376320362091064,2.250602
chelsea,baseline,3,161,0.14374400675296783,2.0409278869628906,2.1846721172332764,2.198192
chelsea,baseline,3,162,0.14009599387645721,1.9952960014343262,2.1353919506073,2.148446
chelsea,baseline,3,163,0.14262400567531586,1.9910399913787842,2.1336638927459717,2.147445
chelsea,baseline,3,164,0.14070400595664978,2.0013439655303955,2.142047882080078,2.154886
chelsea,baseline,3,165,0.15343999862670898,2.01094388961792,2.164383888244629,2.17706
chelsea,baseline,3,166,0.14556799829006195,1.9932479858398438,2.1388161182403564,2.151692
chelsea,baseline,3,167,0.14182400703430176,1.9968639612197876,2.138688087463379,2.153985
chelsea,baseline,3,168,0.14140799641609192,2.005664110183716,2.1470720767974854,2.159874
chelsea,baseline,3,169,0.14127999544143677,2.0766398906707764,2.2179200649261475,2.231122
chelsea,baseline,3,170,0.16230399906635284,2.005631923675537,2.167936086654663,2.182879
chelsea,baseline,3,171,0.14323200285434723,1.9980800151824951,2.1413118839263916,2.154436
chelsea,baseline,3,172,0.14323200285434723,1.9960319995880127,2.1392641067504883,2.152673
chelsea,baseline,3,173,0.1430400013923645,2.0104000568389893,2.153439998626709,2.166884
chelsea,baseline,3,174,0.1435520052909851,2.000351905822754,2.143903970718384,2.157691
chelsea,baseline,3,175,0.14310400187969208,1.9829119443893433,2.1260159015655518,2.139273
chelsea,baseline,3,176,0.15542399883270264,1.9806079864501953,2.1360321044921875,2.148917
chelsea,baseline,3,177,0.14159999787807465,2.0105600357055664,2.1521599292755127,2.165253
chelsea,baseline,3,178,0.14326399564743042,2.0608959197998047,2.20415997505188,2.217532
chelsea,baseline,3,179,0.14153599739074707,2.0021119117736816,2.1436479091644287,2.15768
chelsea,baseline,3,180,0.14159999787807465,1.9945600032806396,2.136159896850586,2.15038
chelsea,baseline,3,181,0.15158399939537048,1.9708479642868042,2.122431993484497,2.13764
chelsea,baseline,3,182,0.1451839953660965,2.0184640884399414,2.1636478900909424,2.1771
chelsea,baseline,3,183,0.14204800128936768,1.9944000244140625,2.1364479064941406,2.149438
chelsea,baseline,3,184,0.14163200557231903,2.012608051300049,2.1542398929595947,2.167316
chelsea,baseline,3,185,0.14182400703430176,2.0021119117736816,2.1439359188079834,2.156379
chelsea,baseline,3,186,0.1435520052909851,2.0445120334625244,2.1880640983581543,2.200896
chelsea,baseline,3,187,0.15827199816703796,2.0055038928985596,2.16377592086792,2.17719
chelsea,baseline,3,188,0.14262400567531586,2.022592067718506,2.1652159690856934,2.178372
chelsea,baseline,3,189,0.1440960019826889,2.014496088027954,2.1585919857025146,2.172543
chelsea,baseline,3,190,0.14287999272346497,1.9994560480117798,2.142335891723633,2.155537
chelsea,baseline,3,191,0.14115199446678162,2.007040023803711,2.1481919288635254,2.161166
chelsea,baseline,3,192,0.15056000649929047,1.9930880069732666,2.1436479091644287,2.156419
chelsea,baseline,3,193,0.14524799585342407,2.012671947479248,2.1579198837280273,2.171541
chelsea,baseline,3,194,0.14348800480365753,2.024415969848633,2.1679039001464844,2.180606
chelsea,baseline,3,195,0.14262400567531586,2.074944019317627,2.2175679206848145,2.230671
chelsea,baseline,3,196,0.14396800100803375,2.0208959579467773,2.1648640632629395,2.178082
chelsea,baseline,3,197,0.15964800119400024,2.017087936401367,2.1767361164093018,2.19014
chelsea,baseline,3,198,0.1544640064239502,2.0953919887542725,2.2498559951782227,2.266796
chelsea,baseline,3,199,0.1441279947757721,2.128159999847412,2.2722880840301514,2.285554
chelsea,baseline,3,200,0.144896000623703,2.1184000968933105,2.263295888900757,2.285194
chelsea,baseline,3,201,0.15433600544929504,2.1336638927459717,2.2880001068115234,2.305886
chelsea,baseline,3,202,0.14947199821472168,2.116352081298828,2.26582407951355,2.279125
chelsea,baseline,3,203,0.1456640064716339,2.102368116378784,2.2480320930480957,2.261278
chelsea,baseline,3,204,0.16575999557971954,2.1335999965667725,2.2993600368499756,2.313287
chelsea,baseline,3,205,0.14601600170135498,2.0868799686431885,2.232896089553833,2.246466
chelsea,baseline,3,206,0.14348800480365753,2.131743907928467,2.2752320766448975,2.288308
chelsea,baseline,3,207,0.1443520039319992,2.088831901550293,2.2331840991973877,2.246646
chelsea,baseline,3,208,0.14707200229167938,2.07260799407959,2.219680070877075,2.232885
chelsea,baseline,3,209,0.1454399973154068,2.036288022994995,2.181727886199951,2.194597
chelsea,baseline,3,210,0.15488000214099884,2.0197761058807373,2.1746559143066406,2.187516
chelsea,baseline,3,211,0.14396800100803375,2.0196800231933594,2.1636478900909424,2.17713
chelsea,baseline,3,212,0.15324799716472626,2.065920114517212,2.219167947769165,2.232314
chelsea,baseline,3,213,0.14918400347232819,2.036736011505127,2.185920000076294,2.199925
chelsea,baseline,3,214,0.14502400159835815,2.0020480155944824,2.1470720767974854,2.160044
chelsea,baseline,3,215,0.1406719982624054,2.008608102798462,2.149280071258545,2.162428
chelsea,baseline,3,216,0.14364799857139587,2.008064031600952,2.151711940765381,2.164801
chelsea,baseline,3,217,0.15436799824237823,2.001375913619995,2.1557440757751465,2.168647
chelsea,baseline,3,218,0.14537599682807922,2.0047359466552734,2.1501119136810303,2.16353
chelsea,baseline,3,219,0.14079999923706055,2.0015358924865723,2.142335891723633,2.155147
chelsea,baseline,3,220,0.14265599846839905,2.040895938873291,2.1835520267486572,2.196319
chelsea,baseline,3,221,0.14230400323867798,2.0906879901885986,2.232991933822632,2.245805
chelsea,baseline,3,222,0.14918400347232819,2.0151679515838623,2.1643519401550293,2.179795
chelsea,baseline,3,223,0.147039994597435,2.002624034881592,2.1496639251708984,2.163149
chelsea,baseline,3,224,0.14319999516010284,2.0186879634857178,2.1618878841400146,2.174566
chelsea,baseline,3,225,0.15161600708961487,2.003743886947632,2.155359983444214,2.168908
chelsea,baseline,3,226,0.14271999895572662,1.9920639991760254,2.134783983230591,2.147736
chelsea,baseline,3,227,0.15292799472808838,2.001312017440796,2.1542398929595947,2.167816
chelsea,baseline,3,228,0.14310400187969208,2.0007998943328857,2.143903970718384,2.15679
chelsea,baseline,3,229,0.151296004652977,2.0175039768218994,2.168800115585327,2.181537
chelsea,baseline,3,230,0.14185599982738495,2.091871976852417,2.2337279319763184,2.247076
chelsea,baseline,3,231,0.14508800208568573,1.995967984199524,2.1410560607910156,2.154475
chelsea,baseline,3,232,0.1549759954214096,2.0024640560150146,2.157439947128296,2.171542
chelsea,baseline,3,233,0.14284799993038177,2.0305919647216797,2.1734399795532227,2.187225
chelsea,baseline,3,234,0.14271999895572662,2.036479949951172,2.1791999340057373,2.191783
chelsea,baseline,3,235,0.1438400000333786,2.0042240619659424,2.148063898086548,2.163109
chelsea,baseline,3,236,0.14271999895572662,1.9935040473937988,2.1362240314483643,2.149158
chelsea,baseline,3,237,0.1571200042963028,2.04803204536438,2.2051520347595215,2.217982
chelsea,baseline,3,238,0.14422400295734406,2.0433599948883057,2.1875839233398438,2.200596
chelsea,baseline,3,239,0.144896000623703,2.1036479473114014,2.2485439777374268,2.261488
chelsea,baseline,3,240,0.14431999623775482,1.9880319833755493,2.132352113723755,2.145873
chelsea,baseline,3,241,0.14268800616264343,2.026400089263916,2.1690878868103027,2.182238
chelsea,baseline,3,242,0.1454080045223236,1.9978879690170288,2.143296003341675,2.15711
chelsea,baseline,3,243,0.14182400703430176,2.013216018676758,2.1550400257110596,2.168066
chelsea,baseline,3,244,0.15161600708961487,2.0156478881835938,2.167263984680176,2.181517
chelsea,baseline,3,245,0.14454400539398193,2.0001280307769775,2.14467191696167,2.158101
chelsea,baseline,3,246,0.14025600254535675,1.9961600303649902,2.136415958404541,2.149058
chelsea,baseline,3,247,0.15318399667739868,2.0927999019622803,2.2459840774536133,2.258904
chelsea,baseline,3,248,0.1438719928264618,2.0153920650482178,2.159264087677002,2.172974
chelsea,baseline,3,249,0.15241600573062897,2.0040640830993652,2.156480073928833,2.17024
chelsea,baseline,3,250,0.14207999408245087,2.072767972946167,2.214848041534424,2.228198
chelsea,baseline,3,251,0.14220799505710602,2.0115199089050293,2.1537280082702637,2.166855
chelsea,baseline,3,252,0.14537599682807922,2.012671947479248,2.158047914505005,2.171652
chelsea,baseline,3,253,0.14560000598430634,2.021120071411133,2.166719913482666,2.179824
chelsea,baseline,3,254,0.14521600306034088,2.0118401050567627,2.1570560932159424,2.17031
chelsea,baseline,3,255,0.1417279988527298,2.0433919429779053,2.185120105743408,2.198753
chelsea,baseline,3,256,0.14361600577831268,2.112096071243286,2.2557120323181152,2.268309
chelsea,baseline,3,257,0.1504639983177185,2.0115840435028076,2.162048101425171,2.175188
chelsea,baseline,3,258,0.14454400539398193,2.0108799934387207,2.155424118041992,2.169199
chelsea,baseline,3,259,0.14182400703430176,2.0001919269561768,2.1420159339904785,2.155387
chelsea,baseline,3,260,0.14185599982738495,2.001024007797241,2.1428799629211426,2.156048
chelsea,baseline,3,261,0.14422400295734406,2.000096082687378,2.144320011138916,2.157621
chelsea,baseline,3,262,0.15379199385643005,1.9783040285110474,2.1320960521698,2.148526
chelsea,baseline,3,263,0.1435520052909851,1.9816319942474365,2.1251840591430664,2.138382
chelsea,baseline,3,264,0.14416000247001648,2.0046401023864746,2.1487998962402344,2.161657
chelsea,baseline,3,265,0.14297600090503693,2.0938239097595215,2.236799955368042,2.24988
chelsea,baseline,3,266,0.14339199662208557,2.025696039199829,2.1690878868103027,2.189008
chelsea,baseline,3,267,0.1467200070619583,2.000351905822754,2.1470720767974854,2.160295
chelsea,baseline,3,268,0.15452800691127777,2.0126399993896484,2.167167901992798,2.179684
chelsea,baseline,3,269,0.14588800072669983,1.997439980506897,2.1433279514312744,2.156589
chelsea,baseline,3,270,0.14319999516010284,2.0306239128112793,2.1738240718841553,2.187105
chelsea,baseline,3,271,0.1454080045223236,2.0069119930267334,2.15231990814209,2.165673
chelsea,baseline,3,272,0.1589439958333969,2.0199360847473145,2.178879976272583,2.191813
chelsea,baseline,3,273,0.1459520012140274,2.0001919269561768,2.146143913269043,2.159174
chelsea,baseline,3,274,0.14953599870204926,2.132672071456909,2.28220796585083,2.29542
chelsea,baseline,3,275,0.14560000598430634,2.0333759784698486,2.178976058959961,2.192644
chelsea,baseline,3,276,0.16096000373363495,2.017087936401367,2.1780478954315186,2.190991
chelsea,baseline,3,277,0.1443839967250824,2.029632091522217,2.174015998840332,2.186865
chelsea,baseline,3,278,0.14294399321079254,2.1766719818115234,2.3196160793304443,2.332806
chelsea,baseline,3,279,0.15587200224399567,2.0995841026306152,2.25545597076416,2.268709
chelsea,baseline,3,280,0.1539520025253296,2.0288960933685303,2.1828479766845703,2.19638
chelsea,baseline,3,281,0.146464005112648,2.0561280250549316,2.202591896057129,2.216941
chelsea,baseline,3,282,0.1457280069589615,2.113663911819458,2.259392023086548,2.272735
chelsea,baseline,3,283,0.15068799257278442,2.035423994064331,2.1861119270324707,2.199765
chelsea,baseline,3,284,0.15398399531841278,2.061919927597046,2.2159039974212646,2.229229
chelsea,baseline,3,285,0.14591999351978302,2.037856101989746,2.1837759017944336,2.197522
chelsea,baseline,3,286,0.1456640064716339,2.0352320671081543,2.180896043777466,2.194106
chelsea,baseline,3,287,0.14444799721240997,2.0354559421539307,2.179903984069824,2.193225
chelsea,baseline,3,288,0.1552319973707199,2.1598079204559326,2.315040111541748,2.330222
chelsea,baseline,3,289,0.16060799360275269,2.0729920864105225,2.233599901199341,2.24971
chelsea,baseline,3,290,0.14419199526309967,2.212160110473633,2.3563520908355713,2.369352
chelsea,baseline,3,291,0.14556799829006195,2.1960320472717285,2.341599941253662,2.355821
chelsea,baseline,3,292,0.1478399932384491,2.13753604888916,2.2853760719299316,2.299004
chelsea,baseline,3,293,0.1483200043439865,2.086047887802124,2.234368085861206,2.247737
chelsea,baseline,3,294,0.1462080031633377,2.027616024017334,2.1738240718841553,2.187577
chelsea,baseline,3,295,0.16489599645137787,2.1115520000457764,2.2764480113983154,2.290162
chelsea,baseline,3,296,0.14521600306034088,2.1983039379119873,2.343519926071167,2.356693
chelsea,baseline,3,297,0.14556799829006195,2.0973761081695557,2.2429440021514893,2.256421
chelsea,baseline,3,298,0.15507200360298157,2.0918080806732178,2.246880054473877,2.268399
chelsea,baseline,3,299,0.14550399780273438,2.1825919151306152,2.3280959129333496,2.34186
chelsea-odd-roi,baseline,0,0,0.17817600071430206,2.074079990386963,2.252255916595459,2.286946
chelsea-odd-roi,baseline,0,1,0.14748799800872803,2.1094720363616943,2.256959915161133,2.271533
chelsea-odd-roi,baseline,0,2,0.14662399888038635,2.1224958896636963,2.26911997795105,2.282711
chelsea-odd-roi,baseline,0,3,0.15769599378108978,1.9984960556030273,2.1561920642852783,2.17008
chelsea-odd-roi,baseline,0,4,0.14448000490665436,1.9834239482879639,2.127903938293457,2.141116
chelsea-odd-roi,baseline,0,5,0.1454080045223236,1.9841920137405396,2.1296000480651855,2.142228
chelsea-odd-roi,baseline,0,6,0.14262400567531586,2.011807918548584,2.1544320583343506,2.167536
chelsea-odd-roi,baseline,0,7,0.1478080004453659,2.1359360218048096,2.2837440967559814,2.297473
chelsea-odd-roi,baseline,0,8,0.1531520038843155,1.9791359901428223,2.1322879791259766,2.145182
chelsea-odd-roi,baseline,0,9,0.14348800480365753,1.9876799583435059,2.1311678886413574,2.143639
chelsea-odd-roi,baseline,0,10,0.14192000031471252,2.0084478855133057,2.1503679752349854,2.16379
chelsea-odd-roi,baseline,0,11,0.16540800034999847,2.100640058517456,2.266047954559326,2.279996
chelsea-odd-roi,baseline,0,12,0.14579200744628906,1.995360016822815,2.1411519050598145,2.154145
chelsea-odd-roi,baseline,0,13,0.15596799552440643,2.0413761138916016,2.1973440647125244,2.211001
chelsea-odd-roi,baseline,0,14,0.14652800559997559,2.0239040851593018,2.1704320907592773,2.18403
chelsea-odd-roi,baseline,0,15,0.1462399959564209,2.12390398979187,2.270143985748291,2.282741
chelsea-odd-roi,baseline,0,16,0.14473600685596466,2.0001919269561768,2.144927978515625,2.157931
chelsea-odd-roi,baseline,0,17,0.14393599331378937,2.000096082687378,2.1440320014953613,2.157089
chelsea-odd-roi,baseline,0,18,0.1542080044746399,1.9855999946594238,2.139807939529419,2.153094
chelsea-odd-roi,baseline,0,19,0.1430400013923645,2.007551908493042,2.150592088699341,2.164021
chelsea-odd-roi,baseline,0,20,0.15251199901103973,2.1911680698394775,2.343679904937744,2.356502
chelsea-odd-roi,baseline,0,21,0.1637759953737259,2.0173439979553223,2.181119918823242,2.194576
chelsea-odd-roi,baseline,0,22,0.1552640050649643,2.049855947494507,2.205120086669922,2.218202
chelsea-odd-roi,baseline,0,23,0.1451839953660965,2.061728000640869,2.206912040710449,2.219835
chelsea-odd-roi,baseline,0,24,0.14319999516010284,2.064448118209839,2.2076480388641357,2.221268
chelsea-odd-roi,baseline,0,25,0.15078400075435638,2.032320022583008,2.1831040382385254,2.196309
chelsea-odd-roi,baseline,0,26,0.14640000462532043,2.0366721153259277,2.183072090148926,2.196499
chelsea-odd-roi,baseline,0,27,0.14665600657463074,2.0481278896331787,2.194783926010132,2.207806
chelsea-odd-roi,baseline,0,28,0.14371199905872345,2.2108800411224365,2.3545920848846436,2.367719
chelsea-odd-roi,baseline,0,29,0.14710399508476257,2.0524799823760986,2.1995840072631836,2.213165
chelsea-odd-roi,baseline,0,30,0.1563519984483719,2.0307838916778564,2.187135934829712,2.201417
chelsea-odd-roi,baseline,0,31,0.17679999768733978,1.994047999382019,2.1708478927612305,2.186825
chelsea-odd-roi,baseline,0,32,0.14502400159835815,2.045599937438965,2.1906239986419678,2.20375
chelsea-odd-roi,baseline,0,33,0.14508800208568573,2.0764479637145996,2.2215359210968018,2.234477
chelsea-odd-roi,baseline,0,34,0.14313599467277527,1.988703966140747,2.1318399906158447,2.144631
chelsea-odd-roi,baseline,0,35,0.18848000466823578,1.9854719638824463,2.173952102661133,2.188888
chelsea-odd-roi,baseline,0,36,0.17894400656223297,2.0966079235076904,2.2755520343780518,2.2889
chelsea-odd-roi,baseline,0,37,0.14323200285434723,2.1415040493011475,2.284735918045044,2.298063
chelsea-odd-roi,baseline,0,38,0.14524799585342407,2.035936117172241,2.1811840534210205,2.194868
chelsea-odd-roi,baseline,0,39,0.1459520012140274,2.0032639503479004,2.1492159366607666,2.16332
chelsea-odd-roi,baseline,0,40,0.14236800372600555,1.9804160594940186,2.122783899307251,2.136319
chelsea-odd-roi,baseline,0,41,0.15936000645160675,1.9846400022506714,2.1440000534057617,2.15741
chelsea-odd-roi,baseline,0,42,0.1416960060596466,2.0534720420837402,2.1951680183410645,2.207606
chelsea-odd-roi,baseline,0,43,0.1443520039319992,2.0387840270996094,2.183135986328125,2.1968
chelsea-odd-roi,baseline,0,44,0.1618880033493042,1.9883840084075928,2.1502718925476074,2.163359
chelsea-odd-roi,baseline,0,45,0.14374400675296783,1.9922239780426025,2.135967969894409,2.149258
chelsea-odd-roi,baseline,0,46,0.14665600657463074,2.042527914047241,2.1891839504241943,2.202829
chelsea-odd-roi,baseline,0,47,0.14499199390411377,2.003904104232788,2.1488959789276123,2.162088
chelsea-odd-roi,baseline,0,48,0.16092799603939056,2.115936040878296,2.2768640518188477,2.289791
chelsea-odd-roi,baseline,0,49,0.14521600306034088,2.0027520656585693,2.147968053817749,2.161096
chelsea-odd-roi,baseline,0,50,0.15488000214099884,2.135296106338501,2.2901759147644043,2.304403
chelsea-odd-roi,baseline,0,51,0.1472959965467453,2.0016000270843506,2.1488959789276123,2.162397
chelsea-odd-roi,baseline,0,52,0.14451199769973755,2.0229439735412598,2.1674559116363525,2.180916
chelsea-odd-roi,baseline,0,53,0.15270400047302246,2.23471999168396,2.3874239921569824,2.40105
chelsea-odd-roi,baseline,0,54,0.15007999539375305,2.103264093399048,2.2533440589904785,2.266826
chelsea-odd-roi,baseline,0,55,0.14662399888038635,2.1020801067352295,2.248703956604004,2.261788
chelsea-odd-roi,baseline,0,56,0.15939199924468994,2.047840118408203,2.2072319984436035,2.223391
chelsea-odd-roi,baseline,0,57,0.1451839953660965,2.0167040824890137,2.1618878841400146,2.175007
chelsea-odd-roi,baseline,0,58,0.1430400013923645,2.121119976043701,2.264159917831421,2.276992
chelsea-odd-roi,baseline,0,59,0.1446080058813095,2.004703998565674,2.1493120193481445,2.163049
chelsea-odd-roi,baseline,0,60,0.16924799978733063,2.070240020751953,2.239487886428833,2.252655
chelsea-odd-roi,baseline,0,61,0.1475200057029724,2.0044479370117188,2.151968002319336,2.165502
chelsea-odd-roi,baseline,0,62,0.14431999623775482,2.022239923477173,2.166559934616089,2.180286
chelsea-odd-roi,baseline,0,63,0.14550399780273438,2.097343921661377,2.2428479194641113,2.25611
chelsea-odd-roi,baseline,0,64,0.14636799693107605,2.0378239154815674,2.184191942214966,2.197481
chelsea-odd-roi,baseline,0,65,0.15692800283432007,2.0937280654907227,2.2506558895111084,2.267217
chelsea-odd-roi,baseline,0,66,0.1520960032939911,1.989184021949768,2.141279935836792,2.155167
chelsea-odd-roi,baseline,0,67,0.14511999487876892,1.9967360496520996,2.1418559551239014,2.154546
chelsea-odd-roi,baseline,0,68,0.14467200636863708,2.024415969848633,2.1690878868103027,2.182319
chelsea-odd-roi,baseline,0,69,0.14313599467277527,2.1451199054718018,2.2882559299468994,2.30186
chelsea-odd-roi,baseline,0,70,0.14348800480365753,2.059551954269409,2.2030398845672607,2.21691
chelsea-odd-roi,baseline,0,71,0.14348800480365753,2.1744320392608643,2.317919969558716,2.331074
chelsea-odd-roi,baseline,0,72,0.14825600385665894,2.0174720287323,2.1657280921936035,2.179424
chelsea-odd-roi,baseline,0,73,0.15967999398708344,2.0472960472106934,2.2069759368896484,2.220506
chelsea-odd-roi,baseline,0,74,0.1523520052433014,2.114687919616699,2.2670400142669678,2.28265
chelsea-odd-roi,baseline,0,75,0.14611199498176575,2.0284481048583984,2.174560070037842,2.188217
chelsea-odd-roi,baseline,0,76,0.14486399292945862,2.111936092376709,2.2567999362945557,2.270001
chelsea-odd-roi,baseline,0,77,0.15772800147533417,2.0258560180664062,2.183583974838257,2.19713
chelsea-odd-roi,baseline,0,78,0.1449279934167862,2.02239990234375,2.167327880859375,2.181327
chelsea-odd-roi,baseline,0,79,0.1441279947757721,2.1046719551086426,2.248800039291382,2.262469
chelsea-odd-roi,baseline,0,80,0.15807999670505524,2.0922560691833496,2.250335931777954,2.266266
chelsea-odd-roi,baseline,0,81,0.15430399775505066,2.017695903778076,2.171999931335449,2.185553
chelsea-odd-roi,baseline,0,82,0.1462399959564209,2.0190720558166504,2.1653120517730713,2.178733
chelsea-odd-roi,baseline,0,83,0.14902399480342865,2.006495952606201,2.155519962310791,2.168827
chelsea-odd-roi,baseline,0,84,0.143327996134758,2.060960054397583,2.2042880058288574,2.21691
chelsea-odd-roi,baseline,0,85,0.1807360053062439,2.0285120010375977,2.2092480659484863,2.22297
chelsea-odd-roi,baseline,0,86,0.14825600385665894,2.012255907058716,2.1605119705200195,2.174547
chelsea-odd-roi,baseline,0,87,0.14563199877738953,2.071199893951416,2.216831922531128,2.230051
chelsea-odd-roi,baseline,0,88,0.14691199362277985,2.0484158992767334,2.1953279972076416,2.208828
chelsea-odd-roi,baseline,0,89,0.1467200070619583,2.230015993118286,2.3767359256744385,2.390013
chelsea-odd-roi,baseline,0,90,0.1488959938287735,2.020159959793091,2.169055938720703,2.182018
chelsea-odd-roi,baseline,0,91,0.14579200744628906,2.030751943588257,2.176543951034546,2.189719
chelsea-odd-roi,baseline,0,92,0.14563199877738953,2.0185599327087402,2.164191961288452,2.17697
chelsea-odd-roi,baseline,0,93,0.14547200500965118,2.0822079181671143,2.227679967880249,2.241047
chelsea-odd-roi,baseline,0,94,0.15967999398708344,2.1306560039520264,2.2903358936309814,2.303952
chelsea-odd-roi,baseline,0,95,0.1457280069589615,1.9987200498580933,2.1444480419158936,2.15726
chelsea-odd-roi,baseline,0,96,0.14591999351978302,2.0041279792785645,2.150048017501831,2.162608
chelsea-odd-roi,baseline,0,97,0.14502400159835815,2.0163519382476807,2.1613759994506836,2.174676
chelsea-odd-roi,baseline,0,98,0.1818239986896515,2.02892804145813,2.210752010345459,2.224562
chelsea-odd-roi,baseline,0,99,0.14428800344467163,2.1267199516296387,2.271008014678955,2.284522
chelsea-odd-roi,baseline,0,100,0.14467200636863708,2.0200319290161133,2.1647040843963623,2.178592
chelsea-odd-roi,baseline,0,101,0.14688000082969666,2.00816011428833,2.1550400257110596,2.168528
chelsea-odd-roi,baseline,0,102,0.14239999651908875,1.9996479749679565,2.142047882080078,2.154686
chelsea-odd-roi,baseline,0,103,0.1541759967803955,2.010240077972412,2.1644160747528076,2.17732
chelsea-odd-roi,baseline,0,104,0.14448000490665436,1.9896320104599,2.1341118812561035,2.146664
chelsea-odd-roi,baseline,0,105,0.1446399986743927,1.9967679977416992,2.1414079666137695,2.154366
chelsea-odd-roi,baseline,0,106,0.14259199798107147,2.0600640773773193,2.2026560306549072,2.215939
chelsea-odd-roi,baseline,0,107,0.1467839926481247,2.097791910171509,2.2445759773254395,2.259114
chelsea-odd-roi,baseline,0,108,0.14851200580596924,2.0018560886383057,2.1503679752349854,2.17059
chelsea-odd-roi,baseline,0,109,0.14630399644374847,1.9800959825515747,2.1263999938964844,2.139763
chelsea-odd-roi,baseline,0,110,0.1462080031633377,2.016319990158081,2.1625280380249023,2.175218
chelsea-odd-roi,baseline,0,111,0.14761599898338318,2.0024640560150146,2.1500799655914307,2.16343
chelsea-odd-roi,baseline,0,112,0.1457280069589615,2.0222721099853516,2.1679999828338623,2.181707
chelsea-odd-roi,baseline,0,113,0.1563519984483719,2.0056960582733154,2.162048101425171,2.176179
chelsea-odd-roi,baseline,0,114,0.14585599303245544,1.994912028312683,2.140768051147461,2.154236
chelsea-odd-roi,baseline,0,115,0.1459520012140274,2.0971200466156006,2.243072032928467,2.256301
chelsea-odd-roi,baseline,0,116,0.1438719928264618,2.0055360794067383,2.1494081020355225,2.162759
chelsea-odd-roi,baseline,0,117,0.14374400675296783,2.003232002258301,2.1469759941101074,2.160906
chelsea-odd-roi,baseline,0,118,0.1547199934720993,1.982367992401123,2.1370880603790283,2.149879
chelsea-odd-roi,baseline,0,119,0.1441279947757721,2.0207679271698,2.164896011352539,2.177992
chelsea-odd-roi,baseline,0,120,0.14812800288200378,1.9867839813232422,2.1349120140075684,2.148227
chelsea-odd-roi,baseline,0,121,0.1451520025730133,2.017024040222168,2.1621758937835693,2.175287
chelsea-odd-roi,baseline,0,122,0.1443839967250824,2.0147199630737305,2.159104108810425,2.172083
chelsea-odd-roi,baseline,0,123,0.14393599331378937,2.002847909927368,2.1467840671539307,2.159984
chelsea-odd-roi,baseline,0,124,0.14694400131702423,2.079551935195923,2.2264959812164307,2.240236
chelsea-odd-roi,baseline,0,125,0.14633600413799286,2.038144111633301,2.1844799518585205,2.198483
chelsea-odd-roi,baseline,0,126,0.14790399372577667,2.0145599842071533,2.162463903427124,2.175708
chelsea-odd-roi,baseline,0,127,0.14694400131702423,2.000096082687378,2.1470398902893066,2.160886
chelsea-odd-roi,baseline,0,128,0.15440000593662262,1.9881600141525269,2.1425600051879883,2.155998
chelsea-odd-roi,baseline,0,129,0.1539199948310852,1.967903971672058,2.121824026107788,2.137109
chelsea-odd-roi,baseline,0,130,0.14246399700641632,2.0042240619659424,2.1466879844665527,2.160135
chelsea-odd-roi,baseline,0,131,0.1430719941854477,2.0061120986938477,2.149183988571167,2.161857
chelsea-odd-roi,baseline,0,132,0.14246399700641632,2.1312320232391357,2.273695945739746,2.287838
chelsea-odd-roi,baseline,0,133,0.17510400712490082,2.0495359897613525,2.224639892578125,2.242349
chelsea-odd-roi,baseline,0,134,0.14787200093269348,2.0643200874328613,2.2121920585632324,2.227076
chelsea-odd-roi,baseline,0,135,0.15488000214099884,2.0858559608459473,2.2407360076904297,2.255589
chelsea-odd-roi,baseline,0,136,0.14720000326633453,2.055999994277954,2.203200101852417,2.21657
chelsea-odd-roi,baseline,0,137,0.17759999632835388,2.05020809173584,2.2278079986572266,2.241017
chelsea-odd-roi,baseline,0,138,0.14582400023937225,2.0836479663848877,2.2294719219207764,2.2425
chelsea-odd-roi,baseline,0,139,0.14425599575042725,2.0755839347839355,2.2198400497436523,2.232765
chelsea-odd-roi,baseline,0,140,0.1451839953660965,2.053920030593872,2.199104070663452,2.212864
chelsea-odd-roi,baseline,0,141,0.1730239987373352,2.076575994491577,2.2495999336242676,2.262549
chelsea-odd-roi,baseline,0,142,0.14857600629329681,2.0064640045166016,2.1550400257110596,2.168166
chelsea-odd-roi,baseline,0,143,0.14502400159835815,2.002336025238037,2.14736008644104,2.160215
chelsea-odd-roi,baseline,0,144,0.14406399428844452,1.9998079538345337,2.143872022628784,2.156859
chelsea-odd-roi,baseline,0,145,0.14665600657463074,2.008768081665039,2.155424118041992,2.167866
chelsea-odd-roi,baseline,0,146,0.1523520052433014,2.0252480506896973,2.1775999069213867,2.190741
chelsea-odd-roi,baseline,0,147,0.14422400295734406,2.026144027709961,2.170367956161499,2.183509
chelsea-odd-roi,baseline,0,148,0.14406399428844452,2.001055955886841,2.1451199054718018,2.158542
chelsea-odd-roi,baseline,0,149,0.14403200149536133,2.013184070587158,2.1572160720825195,2.170561
chelsea-odd-roi,baseline,0,150,0.14371199905872345,2.0982398986816406,2.2419519424438477,2.255088
chelsea-odd-roi,baseline,0,151,0.14851200580596924,2.0072319507598877,2.1557440757751465,2.169589
chelsea-odd-roi,baseline,0,152,0.1443520039319992,1.9814399480819702,2.1257920265197754,2.138442
chelsea-odd-roi,baseline,0,153,0.1422400027513504,1.9891200065612793,2.1313600540161133,2.14407
chelsea-odd-roi,baseline,0,154,0.141184002161026,1.9819200038909912,2.1231040954589844,2.136188
chelsea-odd-roi,baseline,0,155,0.14025600254535675,1.990880012512207,2.131135940551758,2.144531
chelsea-odd-roi,baseline,0,156,0.14217600226402283,1.9756159782409668,2.1177918910980225,2.13083
chelsea-odd-roi,baseline,0,157,0.15423999726772308,1.9648319482803345,2.1190719604492188,2.132222
chelsea-odd-roi,baseline,0,158,0.14239999651908875,1.9825279712677002,2.1249279975891113,2.137721
chelsea-odd-roi,baseline,0,159,0.14617599546909332,2.092128038406372,2.2383038997650146,2.250852
chelsea-odd-roi,baseline,0,160,0.14454400539398193,2.0009920597076416,2.145535945892334,2.158262
chelsea-odd-roi,baseline,0,161,0.1430719941854477,1.985376000404358,2.128448009490967,2.141116
chelsea-odd-roi,baseline,0,162,0.15238399803638458,2.004512071609497,2.1568961143493652,2.169408
chelsea-odd-roi,baseline,0,163,0.14284799993038177,2.001983880996704,2.144831895828247,2.158102
chelsea-odd-roi,baseline,0,164,0.14508800208568573,2.016416072845459,2.161504030227661,2.174747
chelsea-odd-roi,baseline,0,165,0.14953599870204926,1.978943943977356,2.1284799575805664,2.142117
chelsea-odd-roi,baseline,0,166,0.1432960033416748,2.010143995285034,2.153439998626709,2.166805
chelsea-odd-roi,baseline,0,167,0.14336000382900238,1.9872640371322632,2.1306240558624268,2.143399
chelsea-odd-roi,baseline,0,168,0.1589439958333969,2.0821120738983154,2.241055965423584,2.253596
chelsea-odd-roi,baseline,0,169,0.14870400726795197,1.9919040203094482,2.140608072280884,2.153615
chelsea-odd-roi,baseline,0,170,0.14633600413799286,2.0440640449523926,2.1903998851776123,2.20325
chelsea-odd-roi,baseline,0,171,0.14511999487876892,1.9868799448013306,2.131999969482422,2.145572
chelsea-odd-roi,baseline,0,172,0.14416000247001648,1.9621440172195435,2.1063039302825928,2.119874
chelsea-odd-roi,baseline,0,173,0.1600320041179657,1.9791359901428223,2.1391680240631104,2.152273
chelsea-odd-roi,baseline,0,174,0.14323200285434723,2.0023679733276367,2.1456000804901123,2.158563
chelsea-odd-roi,baseline,0,175,0.14192000031471252,1.983680009841919,2.1256000995635986,2.138802
chelsea-odd-roi,baseline,0,176,0.14313599467277527,1.992319941520691,2.135456085205078,2.148427
chelsea-odd-roi,baseline,0,177,0.15302400290966034,2.0766079425811768,2.2296319007873535,2.24273
chelsea-odd-roi,baseline,0,178,0.1544640064239502,2.0271360874176025,2.1816000938415527,2.194557
chelsea-odd-roi,baseline,0,179,0.15619200468063354,2.0307838916778564,2.1869759559631348,2.199855
chelsea-odd-roi,baseline,0,180,0.14659200608730316,2.0,2.146591901779175,2.159713
chelsea-odd-roi,baseline,0,181,0.14470399916172028,2.010335922241211,2.1550400257110596,2.168648
chelsea-odd-roi,baseline,0,182,0.1457280069589615,1.9903039932250977,2.1360321044921875,2.149969
chelsea-odd-roi,baseline,0,183,0.14265599846839905,2.033792018890381,2.176448106765747,2.189649
chelsea-odd-roi,baseline,0,184,0.14582400023937225,2.0009920597076416,2.1468160152435303,2.160204
chelsea-odd-roi,baseline,0,185,0.14326399564743042,2.1061439514160156,2.249408006668091,2.262349
chelsea-odd-roi,baseline,0,186,0.14694400131702423,2.013375997543335,2.1603200435638428,2.173985
chelsea-odd-roi,baseline,0,187,0.14582400023937225,1.9975999593734741,2.1434240341186523,2.156639
chelsea-odd-roi,baseline,0,188,0.15852800011634827,2.011712074279785,2.1702399253845215,2.18319
chelsea-odd-roi,baseline,0,189,0.14819200336933136,2.0732479095458984,2.221440076828003,2.234938
chelsea-odd-roi,baseline,0,190,0.14787200093269348,2.0286080837249756,2.1764800548553467,2.189629
chelsea-odd-roi,baseline,0,191,0.14636799693107605,2.0215680599212646,2.167936086654663,2.181036
chelsea-odd-roi,baseline,0,192,0.1451520025730133,2.029279947280884,2.1744320392608643,2.187426
chelsea-odd-roi,baseline,0,193,0.15612800419330597,2.0012478828430176,2.1573760509490967,2.170721
chelsea-odd-roi,baseline,0,194,0.14204800128936768,2.144063949584961,2.286112070083618,2.299366
chelsea-odd-roi,baseline,0,195,0.14854399859905243,2.026047945022583,2.1745920181274414,2.188187
chelsea-odd-roi,baseline,0,196,0.14591999351978302,1.9936000108718872,2.1395199298858643,2.152453
chelsea-odd-roi,baseline,0,197,0.15199999511241913,2.0300800800323486,2.182080030441284,2.195348
chelsea-odd-roi,baseline,0,198,0.14934399724006653,2.0193920135498047,2.168735980987549,2.182588
chelsea-odd-roi,baseline,0,199,0.14371199905872345,2.0307838916778564,2.1744959354400635,2.187777
chelsea-odd-roi,baseline,0,200,0.1456640064716339,2.105664014816284,2.2513279914855957,2.264373
chelsea-odd-roi,baseline,0,201,0.14655999839305878,2.0496959686279297,2.196255922317505,2.21003
chelsea-odd-roi,baseline,0,202,0.15804800391197205,2.115488052368164,2.273535966873169,2.287378
chelsea-odd-roi,baseline,0,203,0.1493760049343109,2.1257920265197754,2.275167942047119,2.28905
chelsea-odd-roi,baseline,0,204,0.14767999947071075,2.018847942352295,2.1665279865264893,2.180124
chelsea-odd-roi,baseline,0,205,0.1472640037536621,2.0436160564422607,2.190880060195923,2.20355
chelsea-odd-roi,baseline,0,206,0.1640319973230362,2.019615888595581,2.183648109436035,2.196509
chelsea-odd-roi,baseline,0,207,0.14803199470043182,2.0308480262756348,2.178879976272583,2.192133
chelsea-odd-roi,baseline,0,208,0.1462399959564209,2.035615921020508,2.1818559169769287,2.194968
chelsea-odd-roi,baseline,0,209,0.14684799313545227,2.0353920459747314,2.1822400093078613,2.196109
chelsea-odd-roi,baseline,0,210,0.14486399292945862,2.024928092956543,2.1697919368743896,2.182949
chelsea-odd-roi,baseline,0,211,0.14764800667762756,2.063231945037842,2.2108800411224365,2.224742
chelsea-odd-roi,baseline,0,212,0.16502399742603302,2.043071985244751,2.2080960273742676,2.222229
chelsea-odd-roi,baseline,0,213,0.1467519998550415,2.002527952194214,2.149280071258545,2.163048
chelsea-odd-roi,baseline,0,214,0.14265599846839905,2.0057599544525146,2.148416042327881,2.161466
chelsea-odd-roi,baseline,0,215,0.15436799824237823,2.0125439167022705,2.166912078857422,2.179775
chelsea-odd-roi,baseline,0,216,0.14428800344467163,2.0524799823760986,2.196768045425415,2.2101
chelsea-odd-roi,baseline,0,217,0.14860799908638,1.9966399669647217,2.1452479362487793,2.157901
chelsea-odd-roi,baseline,0,218,0.14214399456977844,2.007711887359619,2.1498560905456543,2.163169
chelsea-odd-roi,baseline,0,219,0.15187199413776398,2.033888101577759,2.185760021209717,2.201197
chelsea-odd-roi,baseline,0,220,0.15615999698638916,2.123552083969116,2.279711961746216,2.293346
chelsea-odd-roi,baseline,0,221,0.14684799313545227,2.0344960689544678,2.1813440322875977,2.195518
chelsea-odd-roi,baseline,0,222,0.14345599710941315,2.016671895980835,2.160128116607666,2.173605
chelsea-odd-roi,baseline,0,223,0.1454080045223236,2.032896041870117,2.1783039569854736,2.191893
chelsea-odd-roi,baseline,0,224,0.15292799472808838,2.019551992416382,2.1724801063537598,2.185503
chelsea-odd-roi,baseline,0,225,0.1499519944190979,2.0341439247131348,2.184096097946167,2.197511
chelsea-odd-roi,baseline,0,226,0.14483200013637543,2.0071680545806885,2.1519999504089355,2.165573
chelsea-odd-roi,baseline,0,227,0.14499199390411377,2.0324161052703857,2.17740797996521,2.19039
chelsea-odd-roi,baseline,0,228,0.14371199905872345,2.025279998779297,2.168992042541504,2.182488
chelsea-odd-roi,baseline,0,229,0.15513600409030914,2.115839958190918,2.2709760665893555,2.284883
chelsea-odd-roi,baseline,0,230,0.21321600675582886,2.048703908920288,2.2619199752807617,2.275019
chelsea-odd-roi,baseline,0,231,0.14441600441932678,2.0046401023864746,2.1490559577941895,2.162558
chelsea-odd-roi,baseline,0,232,0.14431999623775482,1.9952000379562378,2.1395199298858643,2.152813
chelsea-odd-roi,baseline,0,233,0.14419199526309967,2.003551959991455,2.1477439403533936,2.160775
chelsea-odd-roi,baseline,0,234,0.15087999403476715,2.0001919269561768,2.1510720252990723,2.165322
chelsea-odd-roi,baseline,0,235,0.14339199662208557,1.9900799989700317,2.133471965789795,2.147054
chelsea-odd-roi,baseline,0,236,0.14297600090503693,1.9865599870681763,2.1295359134674072,2.142568
chelsea-odd-roi,baseline,0,237,0.15139199793338776,2.044127941131592,2.1955199241638184,2.208468
chelsea-odd-roi,baseline,0,238,0.14630399644374847,2.074592113494873,2.220896005630493,2.234527
chelsea-odd-roi,baseline,0,239,0.14713600277900696,1.9983359575271606,2.1454720497131348,2.158983
chelsea-odd-roi,baseline,0,240,0.1438080072402954,1.991744041442871,2.135551929473877,2.148807
chelsea-odd-roi,baseline,0,241,0.14617599546909332,1.9745279550552368,2.120703935623169,2.133755
chelsea-odd-roi,baseline,0,242,0.14505599439144135,1.99782395362854,2.1428799629211426,2.155908
chelsea-odd-roi,baseline,0,243,0.14399999380111694,1.9928959608078003,2.1368958950042725,2.149868
chelsea-odd-roi,baseline,0,244,0.1544640064239502,1.969823956489563,2.1242880821228027,2.145222
chelsea-odd-roi,baseline,0,245,0.14860799908638,1.9748159646987915,2.1234240531921387,2.136809
chelsea-odd-roi,baseline,0,246,0.142752006649971,2.0150399208068848,2.157792091369629,2.1709
chelsea-odd-roi,baseline,0,247,0.14918400347232819,2.0732479095458984,2.2224318981170654,2.235749
chelsea-odd-roi,baseline,0,248,0.14441600441932678,1.9802240133285522,2.1246399879455566,2.13794
chelsea-odd-roi,baseline,0,249,0.14188799262046814,1.9922239780426025,2.1341118812561035,2.147235
chelsea-odd-roi,baseline,0,250,0.151296004652977,1.9760639667510986,2.1273601055145264,2.139964
chelsea-odd-roi,baseline,0,251,0.14476799964904785,2.0327041149139404,2.1774721145629883,2.190411
chelsea-odd-roi,baseline,0,252,0.143327996134758,1.9774399995803833,2.1207680702209473,2.134486
chelsea-odd-roi,baseline,0,253,0.14323200285434723,2.0002241134643555,2.143455982208252,2.15708
chelsea-odd-roi,baseline,0,254,0.1451520025730133,1.9846400022506714,2.1297919750213623,2.14351
chelsea-odd-roi,baseline,0,255,0.14153599739074707,2.0584959983825684,2.2000319957733154,2.213135
chelsea-odd-roi,baseline,0,256,0.16044799983501434,2.0200960636138916,2.180543899536133,2.194116
chelsea-odd-roi,baseline,0,257,0.14547200500965118,1.9802559614181519,2.125727891921997,2.139103
chelsea-odd-roi,baseline,0,258,0.14585599303245544,2.009023904800415,2.1548800468444824,2.168367
chelsea-odd-roi,baseline,0,259,0.1454080045223236,1.9919999837875366,2.1374080181121826,2.15079
chelsea-odd-roi,baseline,0,260,0.14390400052070618,1.9973119497299194,2.1412160396575928,2.154286
chelsea-odd-roi,baseline,0,261,0.15875199437141418,2.019007921218872,2.177759885787964,2.190951
chelsea-odd-roi,baseline,0,262,0.14390400052070618,1.9961600303649902,2.140064001083374,2.153395
chelsea-odd-roi,baseline,0,263,0.14300799369812012,2.012864112854004,2.155872106552124,2.169168
chelsea-odd-roi,baseline,0,264,0.14416000247001648,2.097599983215332,2.241760015487671,2.254458
chelsea-odd-roi,baseline,0,265,0.1467519998550415,2.030911922454834,2.177664041519165,2.191112
chelsea-odd-roi,baseline,0,266,0.15318399667739868,1.9949760437011719,2.148159980773926,2.161396
chelsea-odd-roi,baseline,0,267,0.14351999759674072,2.012576103210449,2.1560959815979004,2.168998
chelsea-odd-roi,baseline,0,268,0.143327996134758,1.9924800395965576,2.135807991027832,2.149097
chelsea-odd-roi,baseline,0,269,0.143327996134758,2.0252161026000977,2.168544054031372,2.181898
chelsea-odd-roi,baseline,0,270,0.1438400000333786,2.0093119144439697,2.1531519889831543,2.166173
chelsea-odd-roi,baseline,0,271,0.15744000673294067,2.008415937423706,2.165855884552002,2.179024
chelsea-odd-roi,baseline,0,272,0.1459839940071106,2.004863977432251,2.150847911834717,2.164621
chelsea-odd-roi,baseline,0,273,0.14448000490665436,2.0951039791107178,2.239583969116211,2.252454
chelsea-odd-roi,baseline,0,274,0.1483200043439865,2.0372800827026367,2.1856000423431396,2.198622
chelsea-odd-roi,baseline,0,275,0.14476799964904785,2.01094388961792,2.1557118892669678,2.168848
chelsea-odd-roi,baseline,0,276,0.15270400047302246,2.0021440982818604,2.154848098754883,2.167235
chelsea-odd-roi,baseline,0,277,0.1438080072402954,2.02508807182312,2.168895959854126,2.181858
chelsea-odd-roi,baseline,0,278,0.14860799908638,2.0154240131378174,2.164031982421875,2.177491
chelsea-odd-roi,baseline,0,279,0.1449279934167862,2.0198400020599365,2.1647679805755615,2.177461
chelsea-odd-roi,baseline,0,280,0.1454080045223236,2.0055999755859375,2.151007890701294,2.164141
chelsea-odd-roi,baseline,0,281,0.15411199629306793,2.0150721073150635,2.1691839694976807,2.181667
chelsea-odd-roi,baseline,0,282,0.14739200472831726,2.1276159286499023,2.275007963180542,2.287628
chelsea-odd-roi,baseline,0,283,0.1483200043439865,2.1016640663146973,2.2499840259552,2.263241
chelsea-odd-roi,baseline,0,284,0.14880000054836273,2.0725760459899902,2.2213759422302246,2.234577
chelsea-odd-roi,baseline,0,285,0.15836800634860992,2.04150390625,2.1998720169067383,2.213214
chelsea-odd-roi,baseline,0,286,0.14716799557209015,2.020576000213623,2.1677439212799072,2.180405
chelsea-odd-roi,baseline,0,287,0.1462399959564209,2.018399953842163,2.164639949798584,2.177872
chelsea-odd-roi,baseline,0,288,0.14867199957370758,2.028032064437866,2.176703929901123,2.19011
chelsea-odd-roi,baseline,0,289,0.1459839940071106,2.0337600708007812,2.179744005203247,2.193575
chelsea-odd-roi,baseline,0,290,0.14575999975204468,2.0617918968200684,2.207551956176758,2.221377
chelsea-odd-roi,baseline,0,291,0.15910400450229645,2.0459840297698975,2.205087900161743,2.221397
chelsea-odd-roi,baseline,0,292,0.14790399372577667,2.2137598991394043,2.361664056777954,2.3749
chelsea-odd-roi,baseline,0,293,0.15859200060367584,2.005824089050293,2.1644160747528076,2.178041
chelsea-odd-roi,baseline,0,294,0.1467200070619583,2.0233280658721924,2.1700479984283447,2.183049
chelsea-odd-roi,baseline,0,295,0.1454080045223236,2.0107200145721436,2.1561279296875,2.169048
chelsea-odd-roi,baseline,0,296,0.147039994597435,2.028736114501953,2.1757760047912598,2.189809
chelsea-odd-roi,baseline,0,297,0.14723199605941772,2.027967929840088,2.1751999855041504,2.189048
chelsea-odd-roi,baseline,0,298,0.15670399367809296,2.039263963699341,2.19596791267395,2.209649
chelsea-odd-roi,baseline,0,299,0.14668799936771393,2.336479902267456,2.483167886734009,2.496574
chelsea-odd-roi,planned-roi,0,0,0.16022400557994843,2.0181119441986084,2.1783359050750732,2.20328
chelsea-odd-roi,planned-roi,0,1,0.19017599523067474,2.070496082305908,2.260672092437744,2.274889
chelsea-odd-roi,planned-roi,0,2,0.1562879979610443,2.1275200843811035,2.2838079929351807,2.297503
chelsea-odd-roi,planned-roi,0,3,0.1515520066022873,2.076767921447754,2.2283198833465576,2.242389
chelsea-odd-roi,planned-roi,0,4,0.15955199301242828,2.0243520736694336,2.183903932571411,2.207777
chelsea-odd-roi,planned-roi,0,5,0.15382400155067444,2.3287360668182373,2.4825599193573,2.496754
chelsea-odd-roi,planned-roi,0,6,0.15343999862670898,2.0098559856414795,2.1632959842681885,2.177321
chelsea-odd-roi,planned-roi,0,7,0.1515520066022873,2.1582720279693604,2.309823989868164,2.322982
chelsea-odd-roi,planned-roi,0,8,0.15427200496196747,2.0971519947052,2.2514240741729736,2.264924
chelsea-odd-roi,planned-roi,0,9,0.15225599706172943,2.080159902572632,2.2324159145355225,2.245654
chelsea-odd-roi,planned-roi,0,10,0.15190400183200836,2.035871982574463,2.1877760887145996,2.201787
chelsea-odd-roi,planned-roi,0,11,0.159743994474411,1.9939520359039307,2.153696060180664,2.167276
chelsea-odd-roi,planned-roi,0,12,0.15145599842071533,2.0763840675354004,2.227839946746826,2.241168
chelsea-odd-roi,planned-roi,0,13,0.1510400027036667,2.0549120903015137,2.2059519290924072,2.219244
chelsea-odd-roi,planned-roi,0,14,0.1573760062456131,2.236704111099243,2.3940799236297607,2.407459
chelsea-odd-roi,planned-roi,0,15,0.15961599349975586,1.9979840517044067,2.157599925994873,2.170881
chelsea-odd-roi,planned-roi,0,16,0.15004800260066986,2.0308480262756348,2.180896043777466,2.194176
chelsea-odd-roi,planned-roi,0,17,0.15119999647140503,1.9900480508804321,2.1412479877471924,2.154747
chelsea-odd-roi,planned-roi,0,18,0.14988799393177032,2.015712022781372,2.165600061416626,2.179154
chelsea-odd-roi,planned-roi,0,19,0.14985600113868713,2.0708160400390625,2.2206718921661377,2.234517
chelsea-odd-roi,planned-roi,0,20,0.162432000041008,2.12009596824646,2.2825279235839844,2.29604
chelsea-odd-roi,planned-roi,0,21,0.15376000106334686,2.0203518867492676,2.17411208152771,2.187897
chelsea-odd-roi,planned-roi,0,22,0.1512639969587326,1.9946240186691284,2.145888090133667,2.159183
chelsea-odd-roi,planned-roi,0,23,0.1491200029850006,2.002016067504883,2.1511359214782715,2.16436
chelsea-odd-roi,planned-roi,0,24,0.15839999914169312,1.9847359657287598,2.1431360244750977,2.156038
chelsea-odd-roi,planned-roi,0,25,0.15503999590873718,1.999616026878357,2.154655933380127,2.167556
chelsea-odd-roi,planned-roi,0,26,0.14895999431610107,2.071104049682617,2.2200639247894287,2.233245
chelsea-odd-roi,planned-roi,0,27,0.15343999862670898,2.098400115966797,2.251840114593506,2.265243
chelsea-odd-roi,planned-roi,0,28,0.1507200002670288,2.094464063644409,2.2451839447021484,2.258664
chelsea-odd-roi,planned-roi,0,29,0.15267199277877808,2.0830399990081787,2.2357120513916016,2.24956
chelsea-odd-roi,planned-roi,0,30,0.15775999426841736,2.0229439735412598,2.180704116821289,2.193735
chelsea-odd-roi,planned-roi,0,31,0.15119999647140503,2.0338239669799805,2.1850240230560303,2.198052
chelsea-odd-roi,planned-roi,0,32,0.1491519957780838,2.033087968826294,2.1822400093078613,2.195728
chelsea-odd-roi,planned-roi,0,33,0.17612800002098083,2.238464117050171,2.4145920276641846,2.42789
chelsea-odd-roi,planned-roi,0,34,0.1632319986820221,2.0733439922332764,2.2365760803222656,2.252164
chelsea-odd-roi,planned-roi,0,35,0.15059199929237366,2.0908799171447754,2.241472005844116,2.255168
chelsea-odd-roi,planned-roi,0,36,0.16275200247764587,2.0186240673065186,2.1813759803771973,2.194547
chelsea-odd-roi,planned-roi,0,37,0.15094399452209473,2.0378239154815674,2.188767910003662,2.202218
chelsea-odd-roi,planned-roi,0,38,0.14972800016403198,2.002784013748169,2.1525120735168457,2.165402
chelsea-odd-roi,planned-roi,0,39,0.1483519971370697,2.0701119899749756,2.218463897705078,2.231743
chelsea-odd-roi,planned-roi,0,40,0.14924800395965576,2.0423998832702637,2.191648006439209,2.205533
chelsea-odd-roi,planned-roi,0,41,0.15535999834537506,2.035360097885132,2.1907200813293457,2.205232
chelsea-odd-roi,planned-roi,0,42,0.15030400454998016,2.021120071411133,2.17142391204834,2.185213
chelsea-odd-roi,planned-roi,0,43,0.14745600521564484,2.0219199657440186,2.1693758964538574,2.182749
chelsea-odd-roi,planned-roi,0,44,0.1525759994983673,2.022336006164551,2.1749119758605957,2.188507
chelsea-odd-roi,planned-roi,0,45,0.16096000373363495,2.017728090286255,2.1786880493164062,2.191872
chelsea-odd-roi,planned-roi,0,46,0.15296000242233276,2.0522239208221436,2.205183982849121,2.218523
chelsea-odd-roi,planned-roi,0,47,0.15113599598407745,2.0230720043182373,2.174207925796509,2.187957
chelsea-odd-roi,planned-roi,0,48,0.1491200029850006,2.0321600437164307,2.1812798976898193,2.194577
chelsea-odd-roi,planned-roi,0,49,0.14735999703407288,2.0115199089050293,2.1588799953460693,2.172543
chelsea-odd-roi,planned-roi,0,50,0.16652800142765045,2.083456039428711,2.2499840259552,2.263021
chelsea-odd-roi,planned-roi,0,51,0.1528960019350052,2.015872001647949,2.1687679290771484,2.182939
chelsea-odd-roi,planned-roi,0,52,0.14934399724006653,2.027967929840088,2.177311897277832,2.19036
chelsea-odd-roi,planned-roi,0,53,0.14918400347232819,2.017632007598877,2.166815996170044,2.179884
chelsea-odd-roi,planned-roi,0,54,0.15027199685573578,2.0467519760131836,2.19702410697937,2.20965
chelsea-odd-roi,planned-roi,0,55,0.15513600409030914,2.0488638877868652,2.2039999961853027,2.216801
chelsea-odd-roi,planned-roi,0,56,0.1523520052433014,2.0306239128112793,2.182976007461548,2.196199
chelsea-odd-roi,planned-roi,0,57,0.15084800124168396,2.022495985031128,2.1733438968658447,2.186124
chelsea-odd-roi,planned-roi,0,58,0.14950400590896606,2.0398080348968506,2.189311981201172,2.202329
chelsea-odd-roi,planned-roi,0,59,0.1600639969110489,2.042464017868042,2.2025279998779297,2.215839
chelsea-odd-roi,planned-roi,0,60,0.1528320014476776,2.0385279655456543,2.1913599967956543,2.204411
chelsea-odd-roi,planned-roi,0,61,0.1518079936504364,2.0206398963928223,2.172447919845581,2.185673
chelsea-odd-roi,planned-roi,0,62,0.15241600573062897,2.0239040851593018,2.1763200759887695,2.189269
chelsea-odd-roi,planned-roi,0,63,0.14956800639629364,2.0217599868774414,2.171328067779541,2.184402
chelsea-odd-roi,planned-roi,0,64,0.15228800475597382,2.0437440872192383,2.1960320472717285,2.21708
chelsea-odd-roi,planned-roi,0,65,0.15136000514030457,2.02345609664917,2.1748158931732178,2.188417
chelsea-odd-roi,planned-roi,0,66,0.14927999675273895,2.048352003097534,2.197632074356079,2.210812
chelsea-odd-roi,planned-roi,0,67,0.14921599626541138,2.051743984222412,2.2009599208831787,2.214597
chelsea-odd-roi,planned-roi,0,68,0.15887999534606934,2.020479917526245,2.1793599128723145,2.192844
chelsea-odd-roi,planned-roi,0,69,0.15663999319076538,2.0179200172424316,2.174560070037842,2.187677
chelsea-odd-roi,planned-roi,0,70,0.1488959938287735,2.032831907272339,2.181727886199951,2.194937
chelsea-odd-roi,planned-roi,0,71,0.1491200029850006,2.042815923690796,2.1919360160827637,2.204562
chelsea-odd-roi,planned-roi,0,72,0.14959999918937683,1.9967999458312988,2.146399974822998,2.159343
chelsea-odd-roi,planned-roi,0,73,0.15568000078201294,2.051136016845703,2.2068159580230713,2.220015
chelsea-odd-roi,planned-roi,0,74,0.15001599490642548,2.0479679107666016,2.197983980178833,2.211522
chelsea-odd-roi,planned-roi,0,75,0.14931200444698334,2.0254080295562744,2.174720048904419,2.187806
chelsea-odd-roi,planned-roi,0,76,0.150176003575325,2.0240960121154785,2.174272060394287,2.187546
chelsea-odd-roi,planned-roi,0,77,0.1518079936504364,2.199552059173584,2.3513600826263428,2.364774
chelsea-odd-roi,planned-roi,0,78,0.1605439931154251,2.0848639011383057,2.245408058166504,2.258944
chelsea-odd-roi,planned-roi,0,79,0.15936000645160675,2.283967971801758,2.4433279037475586,2.456604
chelsea-odd-roi,planned-roi,0,80,0.1937599927186966,2.329024076461792,2.5227839946746826,2.536855
chelsea-odd-roi,planned-roi,0,81,0.1701440066099167,2.0700159072875977,2.2401599884033203,2.253686
chelsea-odd-roi,planned-roi,0,82,0.14883199334144592,2.0144639015197754,2.1632959842681885,2.176639
chelsea-odd-roi,planned-roi,0,83,0.16140800714492798,2.016416072845459,2.177824020385742,2.191152
chelsea-odd-roi,planned-roi,0,84,0.1488640010356903,2.003904104232788,2.1527678966522217,2.165703
chelsea-odd-roi,planned-roi,0,85,0.1470080018043518,2.020224094390869,2.167232036590576,2.179834
chelsea-odd-roi,planned-roi,0,86,0.1488959938287735,2.023103952407837,2.171999931335449,2.185533
chelsea-odd-roi,planned-roi,0,87,0.15878400206565857,2.040479898452759,2.1992640495300293,2.214777
chelsea-odd-roi,planned-roi,0,88,0.15302400290966034,2.035264015197754,2.1882879734039307,2.202578
chelsea-odd-roi,planned-roi,0,89,0.15043200552463531,2.002592086791992,2.1530239582061768,2.166694
chelsea-odd-roi,planned-roi,0,90,0.147039994597435,2.0369598865509033,2.184000015258789,2.197171
chelsea-odd-roi,planned-roi,0,91,0.14985600113868713,2.0215680599212646,2.17142391204834,2.184842
chelsea-odd-roi,planned-roi,0,92,0.16256000101566315,1.9783040285110474,2.1408638954162598,2.154626
chelsea-odd-roi,planned-roi,0,93,0.1581760048866272,2.0053439140319824,2.163520097732544,2.178853
chelsea-odd-roi,planned-roi,0,94,0.14854399859905243,2.001408100128174,2.149951934814453,2.162949
chelsea-odd-roi,planned-roi,0,95,0.14777599275112152,2.0906240940093994,2.2383999824523926,2.251243
chelsea-odd-roi,planned-roi,0,96,0.15174399316310883,2.0685760974884033,2.220319986343384,2.233366
chelsea-odd-roi,planned-roi,0,97,0.17955200374126434,2.0696959495544434,2.2492480278015137,2.262319
chelsea-odd-roi,planned-roi,0,98,0.15171200037002563,2.0628159046173096,2.2145280838012695,2.227647
chelsea-odd-roi,planned-roi,0,99,0.1486400067806244,2.066240072250366,2.2148799896240234,2.227857
chelsea-odd-roi,planned-roi,0,100,0.1520320028066635,2.0685760974884033,2.2206079959869385,2.234236
chelsea-odd-roi,planned-roi,0,101,0.1777919977903366,2.081696033477783,2.259488105773926,2.272846
chelsea-odd-roi,planned-roi,0,102,0.15196800231933594,2.119231939315796,2.271199941635132,2.284283
chelsea-odd-roi,planned-roi,0,103,0.15187199413776398,2.0813119411468506,2.2331840991973877,2.246526
chelsea-odd-roi,planned-roi,0,104,0.150176003575325,2.0609920024871826,2.211168050765991,2.224202
chelsea-odd-roi,planned-roi,0,105,0.15404799580574036,2.0988481044769287,2.2528960704803467,2.265825
chelsea-odd-roi,planned-roi,0,106,0.1499200016260147,2.06441593170166,2.2143359184265137,2.227506
chelsea-odd-roi,planned-roi,0,107,0.14963200688362122,2.091423988342285,2.241055965423584,2.254267
chelsea-odd-roi,planned-roi,0,108,0.1664000004529953,2.0595200061798096,2.2259199619293213,2.239285
chelsea-odd-roi,planned-roi,0,109,0.15388800203800201,2.0812480449676514,2.235136032104492,2.249179
chelsea-odd-roi,planned-roi,0,110,0.14694400131702423,2.053823947906494,2.200767993927002,2.214607
chelsea-odd-roi,planned-roi,0,111,0.1488640010356903,2.0835840702056885,2.232448101043701,2.245444
chelsea-odd-roi,planned-roi,0,112,0.17606399953365326,2.056191921234131,2.2322559356689453,2.245464
chelsea-odd-roi,planned-roi,0,113,0.15081599354743958,2.1736960411071777,2.324512004852295,2.337704
chelsea-odd-roi,planned-roi,0,114,0.15164799988269806,2.0548160076141357,2.2064640522003174,2.220166
chelsea-odd-roi,planned-roi,0,115,0.14905600249767303,2.0279040336608887,2.176959991455078,2.190471
chelsea-odd-roi,planned-roi,0,116,0.18454399704933167,2.0655040740966797,2.2500479221343994,2.263842
chelsea-odd-roi,planned-roi,0,117,0.14982399344444275,2.0874879360198975,2.237312078475952,2.250661
chelsea-odd-roi,planned-roi,0,118,0.1488959938287735,2.131392002105713,2.280287981033325,2.293857
chelsea-odd-roi,planned-roi,0,119,0.15225599706172943,2.1896960735321045,2.341952085494995,2.35499
chelsea-odd-roi,planned-roi,0,120,0.15353600680828094,2.0649280548095703,2.218463897705078,2.232144
chelsea-odd-roi,planned-roi,0,121,0.15174399316310883,2.137120008468628,2.2888638973236084,2.3023
chelsea-odd-roi,planned-roi,0,122,0.15145599842071533,2.0694079399108887,2.2208640575408936,2.234808
chelsea-odd-roi,planned-roi,0,123,0.15478399395942688,2.0771520137786865,2.231935977935791,2.246816
chelsea-odd-roi,planned-roi,0,124,0.150751993060112,2.087552070617676,2.2383038997650146,2.251714
chelsea-odd-roi,planned-roi,0,125,0.1544319987297058,2.1297600269317627,2.2841920852661133,2.297603
chelsea-odd-roi,planned-roi,0,126,0.160863995552063,2.138047933578491,2.2989120483398438,2.312125
chelsea-odd-roi,planned-roi,0,127,0.15187199413776398,2.0212481021881104,2.1731200218200684,2.186103
chelsea-odd-roi,planned-roi,0,128,0.15136000514030457,2.0120959281921387,2.1634559631347656,2.177041
chelsea-odd-roi,planned-roi,0,129,0.14895999431610107,2.099679946899414,2.2486400604248047,2.261919
chelsea-odd-roi,planned-roi,0,130,0.15836800634860992,2.03439998626709,2.192768096923828,2.206104
chelsea-odd-roi,planned-roi,0,131,0.15056000649929047,2.1335999965667725,2.2841598987579346,2.297863
chelsea-odd-roi,planned-roi,0,132,0.15161600708961487,2.020832061767578,2.172447919845581,2.185753
chelsea-odd-roi,planned-roi,0,133,0.1493760049343109,2.027872085571289,2.177248001098633,2.189769
chelsea-odd-roi,planned-roi,0,134,0.1574079990386963,2.0832319259643555,2.2406399250030518,2.253226
chelsea-odd-roi,planned-roi,0,135,0.15033599734306335,2.0027201175689697,2.1530559062957764,2.166794
chelsea-odd-roi,planned-roi,0,136,0.14796799421310425,2.025984048843384,2.173952102661133,2.187126
chelsea-odd-roi,planned-roi,0,137,0.1496639996767044,2.1057920455932617,2.25545597076416,2.269
chelsea-odd-roi,planned-roi,0,138,0.15123200416564941,2.085887908935547,2.2371199131011963,2.250781
chelsea-odd-roi,planned-roi,0,139,0.1562879979610443,2.0221760272979736,2.178463935852051,2.193855
chelsea-odd-roi,planned-roi,0,140,0.14688000082969666,2.0048959255218506,2.151776075363159,2.164732
chelsea-odd-roi,planned-roi,0,141,0.14457599818706512,1.9797120094299316,2.1242880821228027,2.137299
chelsea-odd-roi,planned-roi,0,142,0.14467200636863708,2.0131518840789795,2.1578240394592285,2.17064
chelsea-odd-roi,planned-roi,0,143,0.1493760049343109,2.109312057495117,2.258687973022461,2.271964
chelsea-odd-roi,planned-roi,0,144,0.15139199793338776,2.0301759243011475,2.181567907333374,2.19672
chelsea-odd-roi,planned-roi,0,145,0.1480640023946762,2.027008056640625,2.175071954727173,2.188247
chelsea-odd-roi,planned-roi,0,146,0.14563199877738953,2.1063039302825928,2.2519359588623047,2.265163
chelsea-odd-roi,planned-roi,0,147,0.1456640064716339,1.9821120500564575,2.1277759075164795,2.140634
chelsea-odd-roi,planned-roi,0,148,0.17696000635623932,2.0727360248565674,2.2496960163116455,2.26294
chelsea-odd-roi,planned-roi,0,149,0.1656000018119812,2.2623040676116943,2.427903890609741,2.442052
chelsea-odd-roi,planned-roi,0,150,0.1626559942960739,2.1334400177001953,2.296096086502075,2.310101
chelsea-odd-roi,planned-roi,0,151,0.16223999857902527,2.0247039794921875,2.186944007873535,2.199765
chelsea-odd-roi,planned-roi,0,152,0.16387200355529785,2.0208959579467773,2.184767961502075,2.197561
chelsea-odd-roi,planned-roi,0,153,0.1534080058336258,2.0278079509735107,2.18121600151062,2.194847
chelsea-odd-roi,planned-roi,0,154,0.15193599462509155,2.0097920894622803,2.1617279052734375,2.175137
chelsea-odd-roi,planned-roi,0,155,0.1576640009880066,2.0390079021453857,2.196671962738037,2.20969
chelsea-odd-roi,planned-roi,0,156,0.1504960060119629,2.0083200931549072,2.15881609916687,2.172363
chelsea-odd-roi,planned-roi,0,157,0.14665600657463074,2.1377921104431152,2.2844479084014893,2.297483
chelsea-odd-roi,planned-roi,0,158,0.15321600437164307,2.0549120903015137,2.208127975463867,2.221468
chelsea-odd-roi,planned-roi,0,159,0.157151997089386,2.1653120517730713,2.3224639892578125,2.33584
chelsea-odd-roi,planned-roi,0,160,0.18409599363803864,2.3029119968414307,2.4870080947875977,2.501351
chelsea-odd-roi,planned-roi,0,161,0.17606399953365326,2.335007905960083,2.5110719203948975,2.526229
chelsea-odd-roi,planned-roi,0,162,0.16755199432373047,2.2917120456695557,2.459264039993286,2.473349
chelsea-odd-roi,planned-roi,0,163,0.14892800152301788,2.089855909347534,2.238784074783325,2.252615
chelsea-odd-roi,planned-roi,0,164,0.15244799852371216,2.2534399032592773,2.405888080596924,2.419518
chelsea-odd-roi,planned-roi,0,165,0.1509760022163391,2.042623996734619,2.1935999393463135,2.207126
chelsea-odd-roi,planned-roi,0,166,0.15145599842071533,2.0884480476379395,2.2399039268493652,2.253667
chelsea-odd-roi,planned-roi,0,167,0.18211199343204498,2.097503900527954,2.279616117477417,2.292976
chelsea-odd-roi,planned-roi,0,168,0.1536320000886917,2.1045761108398438,2.2582080364227295,2.270933
chelsea-odd-roi,planned-roi,0,169,0.15964800119400024,2.219712018966675,2.3793599605560303,2.395662
chelsea-odd-roi,planned-roi,0,170,0.15379199385643005,2.176959991455078,2.330751895904541,2.343943
chelsea-odd-roi,planned-roi,0,171,0.15353600680828094,2.067744016647339,2.221280097961426,2.235689
chelsea-odd-roi,planned-roi,0,172,0.15721599757671356,2.0615360736846924,2.218751907348633,2.233426
chelsea-odd-roi,planned-roi,0,173,0.16976000368595123,2.0851519107818604,2.2549118995666504,2.268188
chelsea-odd-roi,planned-roi,0,174,0.1539199948310852,2.032032012939453,2.1859519481658936,2.199474
chelsea-odd-roi,planned-roi,0,175,0.1724800020456314,2.244352102279663,2.4168319702148438,2.430114
chelsea-odd-roi,planned-roi,0,176,0.16726399958133698,2.1952641010284424,2.362528085708618,2.376342
chelsea-odd-roi,planned-roi,0,177,0.152319997549057,2.070496082305908,2.222815990447998,2.23613
chelsea-odd-roi,planned-roi,0,178,0.15376000106334686,2.104127883911133,2.257888078689575,2.271163
chelsea-odd-roi,planned-roi,0,179,0.15279999375343323,2.04313588142395,2.1959359645843506,2.20964
chelsea-odd-roi,planned-roi,0,180,0.1632000058889389,2.0987839698791504,2.26198410987854,2.274798
chelsea-odd-roi,planned-roi,0,181,0.15171200037002563,2.175071954727173,2.3267838954925537,2.340227
chelsea-odd-roi,planned-roi,0,182,0.1526080071926117,2.025791883468628,2.1784000396728516,2.191832
chelsea-odd-roi,planned-roi,0,183,0.17420800030231476,2.078655958175659,2.252863883972168,2.266305
chelsea-odd-roi,planned-roi,0,184,0.1475200057029724,2.0769600868225098,2.224479913711548,2.238132
chelsea-odd-roi,planned-roi,0,185,0.163455992937088,2.1009600162506104,2.264415979385376,2.277632
chelsea-odd-roi,planned-roi,0,186,0.14688000082969666,2.0533759593963623,2.200256109237671,2.213605
chelsea-odd-roi,planned-roi,0,187,0.179967999458313,2.0780160427093506,2.257983922958374,2.270852
chelsea-odd-roi,planned-roi,0,188,0.14892800152301788,2.1354880332946777,2.2844159603118896,2.297333
chelsea-odd-roi,planned-roi,0,189,0.14950400590896606,2.1018240451812744,2.2513279914855957,2.264874
chelsea-odd-roi,planned-roi,0,190,0.1671999990940094,2.065216064453125,2.2324159145355225,2.246275
chelsea-odd-roi,planned-roi,0,191,0.14902399480342865,2.093280076980591,2.2423040866851807,2.25606
chelsea-odd-roi,planned-roi,0,192,0.1504639983177185,2.1353919506073,2.285856008529663,2.299335
chelsea-odd-roi,planned-roi,0,193,0.15087999403476715,2.1187520027160645,2.26963210105896,2.290462
chelsea-odd-roi,planned-roi,0,194,0.16784000396728516,2.0818240642547607,2.249664068222046,2.265804
chelsea-odd-roi,planned-roi,0,195,0.1685439944267273,2.1019198894500732,2.2704639434814453,2.283922
chelsea-odd-roi,planned-roi,0,196,0.1520320028066635,2.0839040279388428,2.235935926437378,2.249459
chelsea-odd-roi,planned-roi,0,197,0.1711360067129135,2.1415998935699463,2.3127360343933105,2.326697
chelsea-odd-roi,planned-roi,0,198,0.1512639969587326,2.106015920639038,2.257280111312866,2.270321
chelsea-odd-roi,planned-roi,0,199,0.14972800016403198,2.0192959308624268,2.1690239906311035,2.182328
chelsea-odd-roi,planned-roi,0,200,0.14556799829006195,2.0527679920196533,2.198335886001587,2.211832
chelsea-odd-roi,planned-roi,0,201,0.1743360012769699,2.0795838832855225,2.253920078277588,2.267597
chelsea-odd-roi,planned-roi,0,202,0.1483519971370697,2.0362560749053955,2.184607982635498,2.198182
chelsea-odd-roi,planned-roi,0,203,0.14796799421310425,2.0291519165039062,2.1771199703216553,2.189859
chelsea-odd-roi,planned-roi,0,204,0.1496960073709488,2.080319881439209,2.230015993118286,2.2429
chelsea-odd-roi,planned-roi,0,205,0.17971199750900269,2.04915189743042,2.2288639545440674,2.241688
chelsea-odd-roi,planned-roi,0,206,0.15052799880504608,2.10150408744812,2.2520320415496826,2.265434
chelsea-odd-roi,planned-roi,0,207,0.14828799664974213,2.118720054626465,2.267008066177368,2.280477
chelsea-odd-roi,planned-roi,0,208,0.14899200201034546,2.057919979095459,2.206912040710449,2.219785
chelsea-odd-roi,planned-roi,0,209,0.16592000424861908,2.0812480449676514,2.2471680641174316,2.263221
chelsea-odd-roi,planned-roi,0,210,0.1749120056629181,2.012831926345825,2.187743902206421,2.200886
chelsea-odd-roi,planned-roi,0,211,0.14902399480342865,2.034559965133667,2.183583974838257,2.197031
chelsea-odd-roi,planned-roi,0,212,0.14681600034236908,2.1298561096191406,2.276671886444092,2.290021
chelsea-odd-roi,planned-roi,0,213,0.16918399930000305,2.132607936859131,2.3017919063568115,2.317052
chelsea-odd-roi,planned-roi,0,214,0.1613759994506836,2.0748159885406494,2.236191987991333,2.249289
chelsea-odd-roi,planned-roi,0,215,0.14902399480342865,2.1787519454956055,2.3277759552001953,2.341129
chelsea-odd-roi,planned-roi,0,216,0.16371199488639832,2.091871976852417,2.2555840015411377,2.272024
chelsea-odd-roi,planned-roi,0,217,0.14934399724006653,2.059391975402832,2.208735942840576,2.222078
chelsea-odd-roi,planned-roi,0,218,0.15081599354743958,2.1370880603790283,2.2879040241241455,2.301088
chelsea-odd-roi,planned-roi,0,219,0.1664000004529953,2.08188796043396,2.2482879161834717,2.261909
chelsea-odd-roi,planned-roi,0,220,0.14988799393177032,2.0950400829315186,2.2449278831481934,2.258804
chelsea-odd-roi,planned-roi,0,221,0.14918400347232819,2.116607904434204,2.265791893005371,2.279054
chelsea-odd-roi,planned-roi,0,222,0.15056000649929047,2.0935680866241455,2.2441279888153076,2.256911
chelsea-odd-roi,planned-roi,0,223,0.16700799763202667,2.087007999420166,2.2540159225463867,2.277593
chelsea-odd-roi,planned-roi,0,224,0.15142400562763214,2.0273919105529785,2.178816080093384,2.191963
chelsea-odd-roi,planned-roi,0,225,0.14815999567508698,2.0734078884124756,2.2215681076049805,2.234457
chelsea-odd-roi,planned-roi,0,226,0.14697599411010742,2.0514559745788574,2.198431968688965,2.211773
chelsea-odd-roi,planned-roi,0,227,0.17923200130462646,2.0615999698638916,2.2408320903778076,2.254638
chelsea-odd-roi,planned-roi,0,228,0.14643199741840363,2.0370559692382812,2.183487892150879,2.196349
chelsea-odd-roi,planned-roi,0,229,0.14745600521564484,1.9988800287246704,2.146336078643799,2.159233
chelsea-odd-roi,planned-roi,0,230,0.14575999975204468,2.051392078399658,2.1971518993377686,2.21
chelsea-odd-roi,planned-roi,0,231,0.16316799819469452,2.0972800254821777,2.2604479789733887,2.273697
chelsea-odd-roi,planned-roi,0,232,0.1480640023946762,2.018048048019409,2.166111946105957,2.179043
chelsea-odd-roi,planned-roi,0,233,0.1674560010433197,2.077631950378418,2.2450881004333496,2.258414
chelsea-odd-roi,planned-roi,0,234,0.14963200688362122,2.0476479530334473,2.197279930114746,2.210852
chelsea-odd-roi,planned-roi,0,235,0.16543999314308167,2.0970239639282227,2.2624640464782715,2.275379
chelsea-odd-roi,planned-roi,0,236,0.14710399508476257,2.0505919456481934,2.1976959705352783,2.210872
chelsea-odd-roi,planned-roi,0,237,0.15004800260066986,2.074176073074341,2.224224090576172,2.237471
chelsea-odd-roi,planned-roi,0,238,0.15408000349998474,2.0683200359344482,2.222399950027466,2.239385
chelsea-odd-roi,planned-roi,0,239,0.17798399925231934,2.061631917953491,2.2396159172058105,2.252895
chelsea-odd-roi,planned-roi,0,240,0.14899200201034546,2.0916481018066406,2.2406399250030518,2.254097
chelsea-odd-roi,planned-roi,0,241,0.1563200056552887,2.0638720989227295,2.2201919555664062,2.236731
chelsea-odd-roi,planned-roi,0,242,0.15001599490642548,2.121216058731079,2.2712318897247314,2.291864
chelsea-odd-roi,planned-roi,0,243,0.17056000232696533,2.11081600189209,2.2813758850097656,2.296552
chelsea-odd-roi,planned-roi,0,244,0.14694400131702423,2.058720111846924,2.2056639194488525,2.218664
chelsea-odd-roi,planned-roi,0,245,0.1459520012140274,2.0185279846191406,2.164479970932007,2.1775
chelsea-odd-roi,planned-roi,0,246,0.1600639969110489,2.04150390625,2.2015678882598877,2.214958
chelsea-odd-roi,planned-roi,0,247,0.15993599593639374,2.0891520977020264,2.2490880489349365,2.264913
chelsea-odd-roi,planned-roi,0,248,0.15238399803638458,2.105760097503662,2.258143901824951,2.271523
chelsea-odd-roi,planned-roi,0,249,0.14528000354766846,2.027456045150757,2.1727359294891357,2.185723
chelsea-odd-roi,planned-roi,0,250,0.1493760049343109,2.103071928024292,2.252448081970215,2.265785
chelsea-odd-roi,planned-roi,0,251,0.16070400178432465,2.0872321128845215,2.2479360103607178,2.26309
chelsea-odd-roi,planned-roi,0,252,0.16361600160598755,2.1215360164642334,2.285151958465576,2.298184
chelsea-odd-roi,planned-roi,0,253,0.15030400454998016,2.070751905441284,2.2210559844970703,2.234397
chelsea-odd-roi,planned-roi,0,254,0.18172800540924072,2.0635199546813965,2.2452480792999268,2.258283
chelsea-odd-roi,planned-roi,0,255,0.1475840061903,2.0816640853881836,2.229248046875,2.242339
chelsea-odd-roi,planned-roi,0,256,0.1462399959564209,2.0536000728607178,2.1998400688171387,2.212714
chelsea-odd-roi,planned-roi,0,257,0.1475840061903,2.057215929031372,2.2047998905181885,2.217781
chelsea-odd-roi,planned-roi,0,258,0.18406400084495544,2.0455679893493652,2.2296319007873535,2.24305
chelsea-odd-roi,planned-roi,0,259,0.14652800559997559,2.077280044555664,2.2238080501556396,2.236981
chelsea-odd-roi,planned-roi,0,260,0.15113599598407745,2.0774080753326416,2.228543996810913,2.241728
chelsea-odd-roi,planned-roi,0,261,0.160288006067276,2.150048017501831,2.310336112976074,2.323762
chelsea-odd-roi,planned-roi,0,262,0.1515520066022873,2.031359910964966,2.1829121112823486,2.196549
chelsea-odd-roi,planned-roi,0,263,0.147039994597435,2.082688093185425,2.2297279834747314,2.243
chelsea-odd-roi,planned-roi,0,264,0.14575999975204468,2.0509119033813477,2.196671962738037,2.21006
chelsea-odd-roi,planned-roi,0,265,0.1570879966020584,2.009727954864502,2.166815996170044,2.179333
chelsea-odd-roi,planned-roi,0,266,0.18592000007629395,2.036191940307617,2.222111940383911,2.237151
chelsea-odd-roi,planned-roi,0,267,0.1480640023946762,2.0990400314331055,2.2471039295196533,2.259846
chelsea-odd-roi,planned-roi,0,268,0.15139199793338776,2.0631039142608643,2.214495897293091,2.227446
chelsea-odd-roi,planned-roi,0,269,0.1493760049343109,2.047775983810425,2.1971518993377686,2.2101
chelsea-odd-roi,planned-roi,0,270,0.16249600052833557,2.0226879119873047,2.1851840019226074,2.200716
chelsea-odd-roi,planned-roi,0,271,0.1467839926481247,2.0263359546661377,2.1731200218200684,2.186604
chelsea-odd-roi,planned-roi,0,272,0.14905600249767303,2.0348479747772217,2.183903932571411,2.197011
chelsea-odd-roi,planned-roi,0,273,0.14617599546909332,1.9979840517044067,2.144160032272339,2.15689
chelsea-odd-roi,planned-roi,0,274,0.15529599785804749,2.047327995300293,2.2026240825653076,2.21629
chelsea-odd-roi,planned-roi,0,275,0.14972800016403198,2.0268800258636475,2.176608085632324,2.191823
chelsea-odd-roi,planned-roi,0,276,0.14556799829006195,1.9736319780349731,2.1191999912261963,2.131992
chelsea-odd-roi,planned-roi,0,277,0.14351999759674072,1.926144003868103,2.0696640014648438,2.082256
chelsea-odd-roi,planned-roi,0,278,0.14601600170135498,1.9940799474716187,2.1400959491729736,2.152533
chelsea-odd-roi,planned-roi,0,279,0.14640000462532043,1.949504017829895,2.0959041118621826,2.108186
chelsea-odd-roi,planned-roi,0,280,0.1531520038843155,2.0039680004119873,2.1571199893951416,2.17011
chelsea-odd-roi,planned-roi,0,281,0.15241600573062897,2.08953595161438,2.2419519424438477,2.255619
chelsea-odd-roi,planned-roi,0,282,0.14767999947071075,2.005664110183716,2.153343915939331,2.166845
chelsea-odd-roi,planned-roi,0,283,0.15481600165367126,2.0072638988494873,2.1620800495147705,2.175418
chelsea-odd-roi,planned-roi,0,284,0.14972800016403198,2.0047359466552734,2.15446400642395,2.167415
chelsea-odd-roi,planned-roi,0,285,0.1592639982700348,1.9661760330200195,2.1254398822784424,2.139383
chelsea-odd-roi,planned-roi,0,286,0.14972800016403198,2.0372159481048584,2.186944007873535,2.200075
chelsea-odd-roi,planned-roi,0,287,0.15167999267578125,2.1544320583343506,2.306112051010132,2.319406
chelsea-odd-roi,planned-roi,0,288,0.15001599490642548,1.962015986442566,2.112031936645508,2.125442
chelsea-odd-roi,planned-roi,0,289,0.14537599682807922,2.0571839809417725,2.2025599479675293,2.215959
chelsea-odd-roi,planned-roi,0,290,0.16073599457740784,2.0160961151123047,2.1768319606781006,2.19026
chelsea-odd-roi,planned-roi,0,291,0.14860799908638,2.1328959465026855,2.281503915786743,2.295219
chelsea-odd-roi,planned-roi,0,292,0.15001599490642548,2.029439926147461,2.1794559955596924,2.193214
chelsea-odd-roi,planned-roi,0,293,0.15161600708961487,2.082848072052002,2.234463930130005,2.247246
chelsea-odd-roi,planned-roi,0,294,0.17721599340438843,2.097248077392578,2.2744638919830322,2.287909
chelsea-odd-roi,planned-roi,0,295,0.14688000082969666,2.0516159534454346,2.198496103286743,2.211882
chelsea-odd-roi,planned-roi,0,296,0.1446399986743927,2.063391923904419,2.2080318927764893,2.221167
chelsea-odd-roi,planned-roi,0,297,0.1491200029850006,2.099263906478882,2.2483839988708496,2.261829
chelsea-odd-roi,planned-roi,0,298,0.1701119989156723,2.0597760677337646,2.2298879623413086,2.245544
chelsea-odd-roi,planned-roi,0,299,0.14947199821472168,2.0589439868927,2.208415985107422,2.221517
chelsea-odd-roi,planned-roi,1,0,0.1560640037059784,2.141792058944702,2.297856092453003,2.320918
chelsea-odd-roi,planned-roi,1,1,0.1544319987297058,2.108191967010498,2.2626240253448486,2.276611
chelsea-odd-roi,planned-roi,1,2,0.15145599842071533,2.0364160537719727,2.1878719329833984,2.202048
chelsea-odd-roi,planned-roi,1,3,0.15004800260066986,2.0499839782714844,2.2000319957733154,2.214317
chelsea-odd-roi,planned-roi,1,4,0.1592639982700348,2.0386240482330322,2.197887897491455,2.211372
chelsea-odd-roi,planned-roi,1,5,0.15059199929237366,2.011647939682007,2.1622400283813477,2.175267
chelsea-odd-roi,planned-roi,1,6,0.14819200336933136,2.023360013961792,2.1715519428253174,2.184311
chelsea-odd-roi,planned-roi,1,7,0.14774399995803833,2.0689280033111572,2.216671943664551,2.22967
chelsea-odd-roi,planned-roi,1,8,0.1520639955997467,2.0108799934387207,2.1629440784454346,2.175678
chelsea-odd-roi,planned-roi,1,9,0.17455999553203583,2.0342719554901123,2.208832025527954,2.221998
chelsea-odd-roi,planned-roi,1,10,0.1592320054769516,2.0505599975585938,2.209791898727417,2.223601
chelsea-odd-roi,planned-roi,1,11,0.1459839940071106,2.0776000022888184,2.223583936691284,2.237161
chelsea-odd-roi,planned-roi,1,12,0.14681600034236908,2.069024085998535,2.2158401012420654,2.22966
chelsea-odd-roi,planned-roi,1,13,0.17084799706935883,1.9696639776229858,2.140511989593506,2.154066
chelsea-odd-roi,planned-roi,1,14,0.15161600708961487,2.0503358840942383,2.2019519805908203,2.21663
chelsea-odd-roi,planned-roi,1,15,0.14947199821472168,2.0664000511169434,2.215872049331665,2.229299
chelsea-odd-roi,planned-roi,1,16,0.14556799829006195,2.0328640937805176,2.178431987762451,2.191632
chelsea-odd-roi,planned-roi,1,17,0.1462399959564209,2.057471990585327,2.203711986541748,2.21643
chelsea-odd-roi,planned-roi,1,18,0.16140800714492798,2.0218238830566406,2.183232069015503,2.199744
chelsea-odd-roi,planned-roi,1,19,0.15590399503707886,2.0389440059661865,2.19484806060791,2.208558
chelsea-odd-roi,planned-roi,1,20,0.14537599682807922,2.021984100341797,2.1673600673675537,2.180675
chelsea-odd-roi,planned-roi,1,21,0.14694400131702423,2.062272071838379,2.2092161178588867,2.222449
chelsea-odd-roi,planned-roi,1,22,0.16976000368595123,2.088223934173584,2.257983922958374,2.271353
chelsea-odd-roi,planned-roi,1,23,0.1512639969587326,2.064512014389038,2.215775966644287,2.229099
chelsea-odd-roi,planned-roi,1,24,0.15043200552463531,2.05401611328125,2.2044479846954346,2.217702
chelsea-odd-roi,planned-roi,1,25,0.14908799529075623,2.0284481048583984,2.1775360107421875,2.190881
chelsea-odd-roi,planned-roi,1,26,0.16950400173664093,2.047424077987671,2.216928005218506,2.230881
chelsea-odd-roi,planned-roi,1,27,0.15110400319099426,2.113759994506836,2.264863967895508,2.277512
chelsea-odd-roi,planned-roi,1,28,0.15123200416564941,2.054368019104004,2.2056000232696533,2.218713
chelsea-odd-roi,planned-roi,1,29,0.14927999675273895,2.108383893966675,2.2576639652252197,2.271003
chelsea-odd-roi,planned-roi,1,30,0.2061759978532791,2.203871965408325,2.410048007965088,2.424416
chelsea-odd-roi,planned-roi,1,31,0.17478400468826294,2.12719988822937,2.3019840717315674,2.319476
chelsea-odd-roi,planned-roi,1,32,0.1546880006790161,2.0327680110931396,2.187455892562866,2.201187
chelsea-odd-roi,planned-roi,1,33,0.17475199699401855,2.0707199573516846,2.245471954345703,2.258764
chelsea-odd-roi,planned-roi,1,34,0.15561600029468536,2.036288022994995,2.191904067993164,2.206995
chelsea-odd-roi,planned-roi,1,35,0.15164799988269806,2.0475199222564697,2.1991679668426514,2.212895
chelsea-odd-roi,planned-roi,1,36,0.14921599626541138,2.0730879306793213,2.222304105758667,2.235359
chelsea-odd-roi,planned-roi,1,37,0.17228800058364868,2.1145920753479004,2.2868800163269043,2.299836
chelsea-odd-roi,planned-roi,1,38,0.15167999267578125,2.108191967010498,2.2598719596862793,2.272975
chelsea-odd-roi,planned-roi,1,39,0.1598079949617386,2.1454079151153564,2.305216073989868,2.318304
chelsea-odd-roi,planned-roi,1,40,0.17788800597190857,2.0329599380493164,2.210848093032837,2.224371
chelsea-odd-roi,planned-roi,1,41,0.1613440066576004,2.01145601272583,2.172800064086914,2.186594
chelsea-odd-roi,planned-roi,1,42,0.14556799829006195,2.0615360736846924,2.207103967666626,2.220346
chelsea-odd-roi,planned-roi,1,43,0.14630399644374847,2.0642879009246826,2.210592031478882,2.223751
chelsea-odd-roi,planned-roi,1,44,0.15945599973201752,2.010591983795166,2.1700479984283447,2.182939
chelsea-odd-roi,planned-roi,1,45,0.19379200041294098,2.0260159969329834,2.2198081016540527,2.232725
chelsea-odd-roi,planned-roi,1,46,0.15174399316310883,2.1779520511627197,2.3296959400177,2.343071
chelsea-odd-roi,planned-roi,1,47,0.15321600437164307,2.099263906478882,2.2524800300598145,2.266106
chelsea-odd-roi,planned-roi,1,48,0.17174400389194489,2.0783040523529053,2.2500479221343994,2.263301
chelsea-odd-roi,planned-roi,1,49,0.14764800667762756,2.037503957748413,2.185152053833008,2.198282
chelsea-odd-roi,planned-roi,1,50,0.14777599275112152,1.9900480508804321,2.137824058532715,2.1507
chelsea-odd-roi,planned-roi,1,51,0.14681600034236908,1.991104006767273,2.1379199028015137,2.151111
chelsea-odd-roi,planned-roi,1,52,0.1443520039319992,1.982208013534546,2.1265599727630615,2.139112
chelsea-odd-roi,planned-roi,1,53,0.17535999417304993,1.9837759733200073,2.1591360569000244,2.171872
chelsea-odd-roi,planned-roi,1,54,0.14748799800872803,1.9725760221481323,2.1200640201568604,2.132964
chelsea-odd-roi,planned-roi,1,55,0.14614400267601013,1.9949439764022827,2.1410880088806152,2.154166
chelsea-odd-roi,planned-roi,1,56,0.1446399986743927,1.9864000082015991,2.131040096282959,2.143719
chelsea-odd-roi,planned-roi,1,57,0.14521600306034088,2.068959951400757,2.2141759395599365,2.227366
chelsea-odd-roi,planned-roi,1,58,0.1693120002746582,2.074176073074341,2.243488073348999,2.256441
chelsea-odd-roi,planned-roi,1,59,0.177824005484581,2.089600086212158,2.2674241065979004,2.280607
chelsea-odd-roi,planned-roi,1,60,0.14707200229167938,2.013024091720581,2.1600959300994873,2.173455
chelsea-odd-roi,planned-roi,1,61,0.14668799936771393,2.0617918968200684,2.208479881286621,2.221648
chelsea-odd-roi,planned-roi,1,62,0.16937600076198578,2.0860159397125244,2.255392074584961,2.268328
chelsea-odd-roi,planned-roi,1,63,0.1475519984960556,2.1316800117492676,2.2792320251464844,2.292475
chelsea-odd-roi,planned-roi,1,64,0.15875199437141418,2.067456007003784,2.226207971572876,2.239364
chelsea-odd-roi,planned-roi,1,65,0.16518400609493256,2.034656047821045,2.1998400688171387,2.213034
chelsea-odd-roi,planned-roi,1,66,0.17696000635623932,2.0209920406341553,2.1979520320892334,2.211322
chelsea-odd-roi,planned-roi,1,67,0.14902399480342865,2.277440071105957,2.426464080810547,2.439668
chelsea-odd-roi,planned-roi,1,68,0.15459200739860535,2.101088047027588,2.2556800842285156,2.26934
chelsea-odd-roi,planned-roi,1,69,0.18060800433158875,2.1194241046905518,2.300031900405884,2.313717
chelsea-odd-roi,planned-roi,1,70,0.14988799393177032,2.109951972961426,2.2598400115966797,2.273126
chelsea-odd-roi,planned-roi,1,71,0.15116800367832184,2.023103952407837,2.174272060394287,2.187897
chelsea-odd-roi,planned-roi,1,72,0.15110400319099426,2.029088020324707,2.180191993713379,2.193595
chelsea-odd-roi,planned-roi,1,73,0.16947199404239655,2.067807912826538,2.2372798919677734,2.253276
chelsea-odd-roi,planned-roi,1,74,0.1459839940071106,2.0793919563293457,2.2253758907318115,2.238623
chelsea-odd-roi,planned-roi,1,75,0.15219199657440186,2.0544960498809814,2.2066879272460938,2.219805
chelsea-odd-roi,planned-roi,1,76,0.14604799449443817,2.192095994949341,2.338144063949585,2.351705
chelsea-odd-roi,planned-roi,1,77,0.15958400070667267,2.054719924926758,2.214303970336914,2.229169
chelsea-odd-roi,planned-roi,1,78,0.147039994597435,1.983232021331787,2.1302719116210938,2.143649
chelsea-odd-roi,planned-roi,1,79,0.1737920045852661,2.0503039360046387,2.2240960597991943,2.237321
chelsea-odd-roi,planned-roi,1,80,0.1467839926481247,2.008255958557129,2.1550400257110596,2.167706
chelsea-odd-roi,planned-roi,1,81,0.1720000058412552,2.0360960960388184,2.2080960273742676,2.223771
chelsea-odd-roi,planned-roi,1,82,0.15612800419330597,2.0228800773620605,2.1790080070495605,2.192013
chelsea-odd-roi,planned-roi,1,83,0.1475519984960556,2.03056001663208,2.178112030029297,2.191963
chelsea-odd-roi,planned-roi,1,84,0.1493760049343109,2.058880090713501,2.2082560062408447,2.222249
chelsea-odd-roi,planned-roi,1,85,0.18131199479103088,2.1796159744262695,2.3609280586242676,2.374679
chelsea-odd-roi,planned-roi,1,86,0.14748799800872803,2.0764479637145996,2.223936080932617,2.237592
chelsea-odd-roi,planned-roi,1,87,0.1457280069589615,2.0296640396118164,2.175391912460327,2.189018
chelsea-odd-roi,planned-roi,1,88,0.14691199362277985,2.0800960063934326,2.227008104324341,2.240216
chelsea-odd-roi,planned-roi,1,89,0.16515199840068817,2.1364479064941406,2.3015999794006348,2.316601
chelsea-odd-roi,planned-roi,1,90,0.15091200172901154,2.082592010498047,2.233504056930542,2.247196
chelsea-odd-roi,planned-roi,1,91,0.14803199470043182,2.0514559745788574,2.1994879245758057,2.213285
chelsea-odd-roi,planned-roi,1,92,0.19068799912929535,2.1098239421844482,2.3005120754241943,2.317262
chelsea-odd-roi,planned-roi,1,93,0.1600320041179657,1.9965120553970337,2.1565439701080322,2.16996
chelsea-odd-roi,planned-roi,1,94,0.14454400539398193,1.9842239618301392,2.128767967224121,2.141687
chelsea-odd-roi,planned-roi,1,95,0.14508800208568573,1.9741439819335938,2.119231939315796,2.132813
chelsea-odd-roi,planned-roi,1,96,0.14336000382900238,1.963104009628296,2.10646390914917,2.119332
chelsea-odd-roi,planned-roi,1,97,0.15488000214099884,1.975648045539856,2.130527973175049,2.14351
chelsea-odd-roi,planned-roi,1,98,0.15919999778270721,1.98636794090271,2.1455678939819336,2.161076
chelsea-odd-roi,planned-roi,1,99,0.14633600413799286,1.9808000326156616,2.127135992050171,2.140334
chelsea-odd-roi,planned-roi,1,100,0.14636799693107605,1.990496039390564,2.136863946914673,2.150129
chelsea-odd-roi,planned-roi,1,101,0.14499199390411377,1.9958720207214355,2.1408638954162598,2.154045
chelsea-odd-roi,planned-roi,1,102,0.14480000734329224,1.9963200092315674,2.141119956970215,2.154516
chelsea-odd-roi,planned-roi,1,103,0.15689599514007568,1.9542399644851685,2.111135959625244,2.123819
chelsea-odd-roi,planned-roi,1,104,0.16396799683570862,2.104383945465088,2.2683520317077637,2.283973
chelsea-odd-roi,planned-roi,1,105,0.15279999375343323,2.048543930053711,2.2013440132141113,2.215028
chelsea-odd-roi,planned-roi,1,106,0.14902399480342865,2.070080041885376,2.219104051589966,2.232244
chelsea-odd-roi,planned-roi,1,107,0.15775999426841736,2.0133121013641357,2.171072006225586,2.187226
chelsea-odd-roi,planned-roi,1,108,0.16607999801635742,2.107072114944458,2.2731521129608154,2.288499
chelsea-odd-roi,planned-roi,1,109,0.1494079977273941,2.1454079151153564,2.294816017150879,2.30867
chelsea-odd-roi,planned-roi,1,110,0.15212799608707428,2.0823678970336914,2.2344961166381836,2.248008
chelsea-odd-roi,planned-roi,1,111,0.15929600596427917,2.096640110015869,2.2559359073638916,2.26969
chelsea-odd-roi,planned-roi,1,112,0.1615999937057495,2.0567359924316406,2.2183361053466797,2.231773
chelsea-odd-roi,planned-roi,1,113,0.1454399973154068,1.975648045539856,2.1210880279541016,2.133965
chelsea-odd-roi,planned-roi,1,114,0.15062400698661804,2.030208110809326,2.1808319091796875,2.193835
chelsea-odd-roi,planned-roi,1,115,0.14665600657463074,1.9851200580596924,2.1317760944366455,2.144691
chelsea-odd-roi,planned-roi,1,116,0.16659200191497803,2.0486719608306885,2.215264081954956,2.237592
chelsea-odd-roi,planned-roi,1,117,0.16124799847602844,2.073823928833008,2.235071897506714,2.254758
chelsea-odd-roi,planned-roi,1,118,0.14847999811172485,1.9996800422668457,2.148159980773926,2.161486
chelsea-odd-roi,planned-roi,1,119,0.16019199788570404,1.9591039419174194,2.119296073913574,2.132503
chelsea-odd-roi,planned-roi,1,120,0.18809600174427032,2.060192108154297,2.2482879161834717,2.261237
chelsea-odd-roi,planned-roi,1,121,0.14905600249767303,2.1455678939819336,2.294624090194702,2.307959
chelsea-odd-roi,planned-roi,1,122,0.14921599626541138,2.0939199924468994,2.243135929107666,2.257042
chelsea-odd-roi,planned-roi,1,123,0.14528000354766846,2.012320041656494,2.157599925994873,2.170981
chelsea-odd-roi,planned-roi,1,124,0.1613759994506836,1.9840960502624512,2.1454720497131348,2.158462
chelsea-odd-roi,planned-roi,1,125,0.14710399508476257,2.0601279735565186,2.2072319984436035,2.219895
chelsea-odd-roi,planned-roi,1,126,0.1488640010356903,2.026911973953247,2.1757760047912598,2.189259
chelsea-odd-roi,planned-roi,1,127,0.14710399508476257,1.9927680492401123,2.1398720741271973,2.153084
chelsea-odd-roi,planned-roi,1,128,0.146464005112648,2.040479898452759,2.186944007873535,2.200015
chelsea-odd-roi,planned-roi,1,129,0.17980800569057465,2.011904001235962,2.191711902618408,2.204532
chelsea-odd-roi,planned-roi,1,130,0.15110400319099426,2.002336025238037,2.153439998626709,2.166484
chelsea-odd-roi,planned-roi,1,131,0.14511999487876892,2.0281600952148438,2.1732800006866455,2.186254
chelsea-odd-roi,planned-roi,1,132,0.14640000462532043,2.0199038982391357,2.166304111480713,2.179543
chelsea-odd-roi,planned-roi,1,133,0.14480000734329224,2.108736038208008,2.2535359859466553,2.266957
chelsea-odd-roi,planned-roi,1,134,0.1520960032939911,2.063551902770996,2.2156479358673096,2.231172
chelsea-odd-roi,planned-roi,1,135,0.1621440052986145,2.0493760108947754,2.211519956588745,2.225092
chelsea-odd-roi,planned-roi,1,136,0.14883199334144592,2.114016056060791,2.262847900390625,2.276551
chelsea-odd-roi,planned-roi,1,137,0.1671999990940094,2.1064319610595703,2.273632049560547,2.288128
chelsea-odd-roi,planned-roi,1,138,0.1650560051202774,2.0020480155944824,2.1671040058135986,2.180806
chelsea-odd-roi,planned-roi,1,139,0.1454399973154068,2.091200113296509,2.236639976501465,2.249681
chelsea-odd-roi,planned-roi,1,140,0.14579200744628906,2.0051839351654053,2.1509759426116943,2.16413
chelsea-odd-roi,planned-roi,1,141,0.1438400000333786,2.0093119144439697,2.1531519889831543,2.166104
chelsea-odd-roi,planned-roi,1,142,0.16284799575805664,2.054368019104004,2.2172160148620605,2.233676
chelsea-odd-roi,planned-roi,1,143,0.14720000326633453,2.017024040222168,2.1642239093780518,2.17683
chelsea-odd-roi,planned-roi,1,144,0.14777599275112152,2.043872117996216,2.191648006439209,2.204551
chelsea-odd-roi,planned-roi,1,145,0.14579200744628906,2.0873920917510986,2.2331840991973877,2.246455
chelsea-odd-roi,planned-roi,1,146,0.18160000443458557,1.9930880069732666,2.1746881008148193,2.187787
chelsea-odd-roi,planned-roi,1,147,0.1581760048866272,2.0536320209503174,2.2118079662323,2.224472
chelsea-odd-roi,planned-roi,1,148,0.14643199741840363,2.0213119983673096,2.1677439212799072,2.180736
chelsea-odd-roi,planned-roi,1,149,0.1441279947757721,2.0789759159088135,2.2231040000915527,2.236531
chelsea-odd-roi,planned-roi,1,150,0.1709440052509308,1.9832639694213867,2.154207944869995,2.167886
chelsea-odd-roi,planned-roi,1,151,0.18329599499702454,2.035583972930908,2.2188799381256104,2.234096
chelsea-odd-roi,planned-roi,1,152,0.17056000232696533,2.009887933731079,2.180448055267334,2.193615
chelsea-odd-roi,planned-roi,1,153,0.14508800208568573,2.028831958770752,2.173919916152954,2.187105
chelsea-odd-roi,planned-roi,1,154,0.14550399780273438,2.0677120685577393,2.2132160663604736,2.226375
chelsea-odd-roi,planned-roi,1,155,0.18425600230693817,2.00380802154541,2.1880640983581543,2.201617
chelsea-odd-roi,planned-roi,1,156,0.14681600034236908,2.073888063430786,2.2207040786743164,2.233526
chelsea-odd-roi,planned-roi,1,157,0.1467839926481247,2.01200008392334,2.1587839126586914,2.172102
chelsea-odd-roi,planned-roi,1,158,0.14575999975204468,2.092319965362549,2.2380800247192383,2.251283
chelsea-odd-roi,planned-roi,1,159,0.17049600183963776,1.9787839651107788,2.149280071258545,2.163139
chelsea-odd-roi,planned-roi,1,160,0.1546880006790161,2.0380160808563232,2.19270396232605,2.207937
chelsea-odd-roi,planned-roi,1,161,0.14684799313545227,2.012320041656494,2.159168004989624,2.172403
chelsea-odd-roi,planned-roi,1,162,0.14486399292945862,2.0640640258789062,2.208928108215332,2.222088
chelsea-odd-roi,planned-roi,1,163,0.14927999675273895,2.077824115753174,2.2271039485931396,2.240245
chelsea-odd-roi,planned-roi,1,164,0.1695680022239685,2.059295892715454,2.2288639545440674,2.244102
chelsea-odd-roi,planned-roi,1,165,0.14892800152301788,2.0766398906707764,2.2255680561065674,2.239345
chelsea-odd-roi,planned-roi,1,166,0.15663999319076538,2.0467519760131836,2.2033920288085938,2.219043
chelsea-odd-roi,planned-roi,1,167,0.1493760049343109,2.1287999153137207,2.2781760692596436,2.291594
chelsea-odd-roi,planned-roi,1,168,0.15558399260044098,2.1112639904022217,2.266848087310791,2.28254
chelsea-odd-roi,planned-roi,1,169,0.14918400347232819,2.081631898880005,2.230815887451172,2.244392
chelsea-odd-roi,planned-roi,1,170,0.1486400067806244,2.067487955093384,2.21612811088562,2.22984
chelsea-odd-roi,planned-roi,1,171,0.17337599396705627,2.1071040630340576,2.280479907989502,2.293707
chelsea-odd-roi,planned-roi,1,172,0.152319997549057,2.0933120250701904,2.2456319332122803,2.258974
chelsea-odd-roi,planned-roi,1,173,0.1467839926481247,2.10262393951416,2.249408006668091,2.26237
chelsea-odd-roi,planned-roi,1,174,0.14553600549697876,2.0736000537872314,2.2191359996795654,2.239946
chelsea-odd-roi,planned-roi,1,175,0.16732800006866455,2.0585920810699463,2.2259199619293213,2.241848
chelsea-odd-roi,planned-roi,1,176,0.14860799908638,2.049407958984375,2.1980159282684326,2.211282
chelsea-odd-roi,planned-roi,1,177,0.15164799988269806,2.0830719470977783,2.23471999168396,2.248038
chelsea-odd-roi,planned-roi,1,178,0.1499519944190979,2.042112112045288,2.192064046859741,2.204952
chelsea-odd-roi,planned-roi,1,179,0.16233600676059723,2.004767894744873,2.1671040058135986,2.18306
chelsea-odd-roi,planned-roi,1,180,0.14684799313545227,2.0570878982543945,2.2039361000061035,2.217711
chelsea-odd-roi,planned-roi,1,181,0.15062400698661804,2.08076810836792,2.2313919067382812,2.244983
chelsea-odd-roi,planned-roi,1,182,0.151296004652977,2.05020809173584,2.2015039920806885,2.214837
chelsea-odd-roi,planned-roi,1,183,0.18054400384426117,2.001823902130127,2.182368040084839,2.194997
chelsea-odd-roi,planned-roi,1,184,0.14819200336933136,2.004960060119629,2.1531519889831543,2.166394
chelsea-odd-roi,planned-roi,1,185,0.14640000462532043,1.97980797290802,2.1262080669403076,2.138832
chelsea-odd-roi,planned-roi,1,186,0.14633600413799286,2.047231912612915,2.193567991256714,2.205973
chelsea-odd-roi,planned-roi,1,187,0.14425599575042725,2.000351905822754,2.1446080207824707,2.15713
chelsea-odd-roi,planned-roi,1,188,0.17923200130462646,1.9812159538269043,2.1604480743408203,2.173755
chelsea-odd-roi,planned-roi,1,189,0.14627200365066528,2.0077760219573975,2.154047966003418,2.167405
chelsea-odd-roi,planned-roi,1,190,0.1454399973154068,1.970911979675293,2.116352081298828,2.128767
chelsea-odd-roi,planned-roi,1,191,0.14511999487876892,1.9803520441055298,2.125472068786621,2.138561
chelsea-odd-roi,planned-roi,1,192,0.14326399564743042,1.9293760061264038,2.0726399421691895,2.085221
chelsea-odd-roi,planned-roi,1,193,0.14476799964904785,1.923359990119934,2.0681281089782715,2.081085
chelsea-odd-roi,planned-roi,1,194,0.14422400295734406,1.9723520278930664,2.1165759563446045,2.129198
chelsea-odd-roi,planned-roi,1,195,0.15651200711727142,1.9138239622116089,2.070336103439331,2.082527
chelsea-odd-roi,planned-roi,1,196,0.1483519971370697,1.9430079460144043,2.091360092163086,2.1043
chelsea-odd-roi,planned-roi,1,197,0.15187199413776398,2.232448101043701,2.384320020675659,2.397954
chelsea-odd-roi,planned-roi,1,198,0.15411199629306793,2.201888084411621,2.3559999465942383,2.370052
chelsea-odd-roi,planned-roi,1,199,0.16339200735092163,2.185312032699585,2.3487040996551514,2.369712
chelsea-odd-roi,planned-roi,1,200,0.14652800559997559,2.1745920181274414,2.321120023727417,2.334559
chelsea-odd-roi,planned-roi,1,201,0.14777599275112152,2.1040000915527344,2.2517759799957275,2.265124
chelsea-odd-roi,planned-roi,1,202,0.15798400342464447,2.0399680137634277,2.1979520320892334,2.213475
chelsea-odd-roi,planned-roi,1,203,0.14847999811172485,2.007391929626465,2.155872106552124,2.169268
chelsea-odd-roi,planned-roi,1,204,0.1457280069589615,2.056288003921509,2.2020161151885986,2.215468
chelsea-odd-roi,planned-roi,1,205,0.14899200201034546,2.0279040336608887,2.176896095275879,2.19041
chelsea-odd-roi,planned-roi,1,206,0.19164800643920898,2.040800094604492,2.232448101043701,2.245894
chelsea-odd-roi,planned-roi,1,207,0.14998400211334229,2.062592029571533,2.212575912475586,2.225925
chelsea-odd-roi,planned-roi,1,208,0.14921599626541138,2.0247039794921875,2.173919916152954,2.187356
chelsea-odd-roi,planned-roi,1,209,0.14716799557209015,2.034463882446289,2.1816320419311523,2.194756
chelsea-odd-roi,planned-roi,1,210,0.15830400586128235,2.005728006362915,2.164031982421875,2.177331
chelsea-odd-roi,planned-roi,1,211,0.15590399503707886,1.9889600276947021,2.144864082336426,2.160094
chelsea-odd-roi,planned-roi,1,212,0.14659200608730316,1.9832639694213867,2.1298561096191406,2.142638
chelsea-odd-roi,planned-roi,1,213,0.14560000598430634,1.9911680221557617,2.136768102645874,2.149359
chelsea-odd-roi,planned-roi,1,214,0.14633600413799286,2.0042879581451416,2.1506240367889404,2.163389
chelsea-odd-roi,planned-roi,1,215,0.14476799964904785,1.997920036315918,2.142688035964966,2.155537
chelsea-odd-roi,planned-roi,1,216,0.1722559928894043,1.9914560317993164,2.1637120246887207,2.17707
chelsea-odd-roi,planned-roi,1,217,0.1491519957780838,2.004703998565674,2.153856039047241,2.167085
chelsea-odd-roi,planned-roi,1,218,0.14652800559997559,2.0040640830993652,2.150592088699341,2.16373
chelsea-odd-roi,planned-roi,1,219,0.147039994597435,2.0120959281921387,2.1591360569000244,2.171943
chelsea-odd-roi,planned-roi,1,220,0.14713600277900696,1.9950720071792603,2.1422080993652344,2.155368
chelsea-odd-roi,planned-roi,1,221,0.14688000082969666,1.9901759624481201,2.1370561122894287,2.149818
chelsea-odd-roi,planned-roi,1,222,0.15859200060367584,1.9916800260543823,2.1502718925476074,2.165352
chelsea-odd-roi,planned-roi,1,223,0.14662399888038635,2.016832113265991,2.1634559631347656,2.175849
chelsea-odd-roi,planned-roi,1,224,0.14608000218868256,2.016256093978882,2.1623361110687256,2.174846
chelsea-odd-roi,planned-roi,1,225,0.14476799964904785,2.0015358924865723,2.14630389213562,2.159254
chelsea-odd-roi,planned-roi,1,226,0.14505599439144135,1.9890880584716797,2.1341440677642822,2.146834
chelsea-odd-roi,planned-roi,1,227,0.17670400440692902,2.0996479988098145,2.2763519287109375,2.28887
chelsea-odd-roi,planned-roi,1,228,0.14742399752140045,2.0011520385742188,2.148576021194458,2.161446
chelsea-odd-roi,planned-roi,1,229,0.1472959965467453,2.007744073867798,2.1550400257110596,2.168287
chelsea-odd-roi,planned-roi,1,230,0.1438719928264618,1.997056007385254,2.140928030014038,2.153815
chelsea-odd-roi,planned-roi,1,231,0.1446399986743927,1.99452805519104,2.1391680240631104,2.151752
chelsea-odd-roi,planned-roi,1,232,0.17689600586891174,1.9943360090255737,2.171231985092163,2.184081
chelsea-odd-roi,planned-roi,1,233,0.14697599411010742,1.9919359683990479,2.1389119625091553,2.151471
chelsea-odd-roi,planned-roi,1,234,0.14739200472831726,2.013535976409912,2.1609280109405518,2.173645
chelsea-odd-roi,planned-roi,1,235,0.1491519957780838,2.0615038871765137,2.210655927658081,2.223581
chelsea-odd-roi,planned-roi,1,236,0.14707200229167938,1.976639986038208,2.1237120628356934,2.136809
chelsea-odd-roi,planned-roi,1,237,0.17628799378871918,2.012576103210449,2.18886399269104,2.201927
chelsea-odd-roi,planned-roi,1,238,0.14735999703407288,2.0050559043884277,2.1524159908294678,2.165963
chelsea-odd-roi,planned-roi,1,239,0.14764800667762756,1.9974080324172974,2.1450560092926025,2.158071
chelsea-odd-roi,planned-roi,1,240,0.14473600685596466,1.9989440441131592,2.1436800956726074,2.155698
chelsea-odd-roi,planned-roi,1,241,0.14735999703407288,1.9979519844055176,2.1453120708465576,2.157911
chelsea-odd-roi,planned-roi,1,242,0.1454080045223236,1.9853119850158691,2.1307199001312256,2.143008
chelsea-odd-roi,planned-roi,1,243,0.16211199760437012,2.1331839561462402,2.2952959537506104,2.310913
chelsea-odd-roi,planned-roi,1,244,0.15056000649929047,2.0148799419403076,2.165440082550049,2.179104
chelsea-odd-roi,planned-roi,1,245,0.14767999947071075,2.0070719718933105,2.154752016067505,2.167265
chelsea-odd-roi,planned-roi,1,246,0.14377599954605103,2.0114879608154297,2.155263900756836,2.167636
chelsea-odd-roi,planned-roi,1,247,0.1746239960193634,2.0033280849456787,2.1779520511627197,2.191211
chelsea-odd-roi,planned-roi,1,248,0.14892800152301788,2.088671922683716,2.237600088119507,2.250631
chelsea-odd-roi,planned-roi,1,249,0.14720000326633453,2.0160319805145264,2.1632320880889893,2.176299
chelsea-odd-roi,planned-roi,1,250,0.14732800424098969,2.0106239318847656,2.157952070236206,2.170931
chelsea-odd-roi,planned-roi,1,251,0.1478399932384491,2.1259520053863525,2.273792028427124,2.287317
chelsea-odd-roi,planned-roi,1,252,0.1544319987297058,2.0061120986938477,2.160543918609619,2.174256
chelsea-odd-roi,planned-roi,1,253,0.14787200093269348,2.020128011703491,2.1679999828338623,2.180776
chelsea-odd-roi,planned-roi,1,254,0.14467200636863708,1.9949760437011719,2.139647960662842,2.152223
chelsea-odd-roi,planned-roi,1,255,0.14614400267601013,2.0222721099853516,2.1684160232543945,2.181167
chelsea-odd-roi,planned-roi,1,256,0.1584639996290207,1.9704320430755615,2.1288959980010986,2.141836
chelsea-odd-roi,planned-roi,1,257,0.16143999993801117,1.9943679571151733,2.1558079719543457,2.171111
chelsea-odd-roi,planned-roi,1,258,0.14793600142002106,1.9951039552688599,2.1430399417877197,2.156018
chelsea-odd-roi,planned-roi,1,259,0.144896000623703,1.996608018875122,2.1415040493011475,2.154006
chelsea-odd-roi,planned-roi,1,260,0.14812800288200378,2.1186559200286865,2.2667839527130127,2.279075
chelsea-odd-roi,planned-roi,1,261,0.16208000481128693,2.029088020324707,2.1911680698394775,2.204452
chelsea-odd-roi,planned-roi,1,262,0.15068799257278442,2.025887966156006,2.1765758991241455,2.192924
chelsea-odd-roi,planned-roi,1,263,0.14396800100803375,2.013375997543335,2.157344102859497,2.17041
chelsea-odd-roi,planned-roi,1,264,0.14825600385665894,1.9975359439849854,2.145792007446289,2.158782
chelsea-odd-roi,planned-roi,1,265,0.14399999380111694,1.9128639698028564,2.056864023208618,2.069557
chelsea-odd-roi,planned-roi,1,266,0.16009600460529327,1.9716479778289795,2.131743907928467,2.14411
chelsea-odd-roi,planned-roi,1,267,0.17030400037765503,1.9287359714508057,2.0990400314331055,2.112042
chelsea-odd-roi,planned-roi,1,268,0.14496000111103058,1.9730240106582642,2.1179840564727783,2.13101
chelsea-odd-roi,planned-roi,1,269,0.14419199526309967,2.128767967224121,2.2729599475860596,2.286156
chelsea-odd-roi,planned-roi,1,270,0.15199999511241913,2.052448034286499,2.2044479846954346,2.218092
chelsea-odd-roi,planned-roi,1,271,0.14899200201034546,2.034976005554199,2.1839680671691895,2.19673
chelsea-odd-roi,planned-roi,1,272,0.1842239946126938,2.0159358978271484,2.200160026550293,2.213365
chelsea-odd-roi,planned-roi,1,273,0.14927999675273895,1.9747200012207031,2.124000072479248,2.13702
chelsea-odd-roi,planned-roi,1,274,0.14636799693107605,2.0252161026000977,2.171583890914917,2.184491
chelsea-odd-roi,planned-roi,1,275,0.14342400431632996,1.9767680168151855,2.120192050933838,2.133274
chelsea-odd-roi,planned-roi,1,276,0.14528000354766846,1.9686399698257446,2.113919973373413,2.126553
chelsea-odd-roi,planned-roi,1,277,0.1464959979057312,1.935968041419983,2.0824639797210693,2.095637
chelsea-odd-roi,planned-roi,1,278,0.18025599420070648,2.053920030593872,2.23417592048645,2.246896
chelsea-odd-roi,planned-roi,1,279,0.1475519984960556,1.9875520467758179,2.135103940963745,2.148336
chelsea-odd-roi,planned-roi,1,280,0.14662399888038635,2.0025599002838135,2.149183988571167,2.162068
chelsea-odd-roi,planned-roi,1,281,0.1534080058336258,1.968000054359436,2.121407985687256,2.135818
chelsea-odd-roi,planned-roi,1,282,0.14528000354766846,1.9964799880981445,2.1417601108551025,2.155107
chelsea-odd-roi,planned-roi,1,283,0.17871999740600586,2.0099198818206787,2.1886401176452637,2.201637
chelsea-odd-roi,planned-roi,1,284,0.1467200070619583,1.994879961013794,2.1415998935699463,2.154566
chelsea-odd-roi,planned-roi,1,285,0.143327996134758,2.0227839946746826,2.166111946105957,2.178943
chelsea-odd-roi,planned-roi,1,286,0.1435520052909851,2.0963199138641357,2.2398719787597656,2.253235
chelsea-odd-roi,planned-roi,1,287,0.14950400590896606,1.987936019897461,2.1374399662017822,2.15076
chelsea-odd-roi,planned-roi,1,288,0.18006399273872375,1.9792640209197998,2.159327983856201,2.172613
chelsea-odd-roi,planned-roi,1,289,0.14908799529075623,2.0602879524230957,2.209376096725464,2.222489
chelsea-odd-roi,planned-roi,1,290,0.1472959965467453,1.9872000217437744,2.134495973587036,2.147425
chelsea-odd-roi,planned-roi,1,291,0.14550399780273438,2.0115199089050293,2.1570239067077637,2.170009
chelsea-odd-roi,planned-roi,1,292,0.1456640064716339,1.989408016204834,2.1350719928741455,2.148007
chelsea-odd-roi,planned-roi,1,293,0.1687680035829544,2.103487968444824,2.2722558975219727,2.285104
chelsea-odd-roi,planned-roi,1,294,0.14665600657463074,2.010848045349121,2.157504081726074,2.170921
chelsea-odd-roi,planned-roi,1,295,0.14591999351978302,2.0905919075012207,2.2365119457244873,2.250061
chelsea-odd-roi,planned-roi,1,296,0.15753600001335144,2.061919927597046,2.2194559574127197,2.235598
chelsea-odd-roi,planned-roi,1,297,0.18291200697422028,2.0294079780578613,2.21232008934021,2.225483
chelsea-odd-roi,planned-roi,1,298,0.15004800260066986,2.0643200874328613,2.2143681049346924,2.228178
chelsea-odd-roi,planned-roi,1,299,0.14921599626541138,2.0342400074005127,2.1834559440612793,2.19657
chelsea-odd-roi,baseline,1,0,0.15110400319099426,2.0383360385894775,2.1894400119781494,2.214066
chelsea-odd-roi,baseline,1,1,0.1671999990940094,2.1101760864257812,2.2773759365081787,2.290762
chelsea-odd-roi,baseline,1,2,0.14425599575042725,1.9903359413146973,2.134592056274414,2.148257
chelsea-odd-roi,baseline,1,3,0.14313599467277527,2.016767978668213,2.1599040031433105,2.173194
chelsea-odd-roi,baseline,1,4,0.14284799993038177,2.027071952819824,2.169919967651367,2.182809
chelsea-odd-roi,baseline,1,5,0.14339199662208557,2.009471893310547,2.1528639793395996,2.165883
chelsea-odd-roi,baseline,1,6,0.17971199750900269,1.9851200580596924,2.16483211517334,2.177681
chelsea-odd-roi,baseline,1,7,0.14339199662208557,2.0148799419403076,2.1582720279693604,2.171762
chelsea-odd-roi,baseline,1,8,0.14281600713729858,2.007904052734375,2.1507198810577393,2.16365
chelsea-odd-roi,baseline,1,9,0.1422400027513504,2.1167678833007812,2.2590079307556152,2.271994
chelsea-odd-roi,baseline,1,10,0.14531199634075165,2.119744062423706,2.2650558948516846,2.279285
chelsea-odd-roi,baseline,1,11,0.1478080004453659,2.0458879470825195,2.1936960220336914,2.207476
chelsea-odd-roi,baseline,1,12,0.14374400675296783,2.020416021347046,2.1641600131988525,2.17695
chelsea-odd-roi,baseline,1,13,0.1438400000333786,2.0158400535583496,2.159679889678955,2.172243
chelsea-odd-roi,baseline,1,14,0.14348800480365753,1.991711974143982,2.135200023651123,2.148397
chelsea-odd-roi,baseline,1,15,0.16940799355506897,1.9831360578536987,2.1525440216064453,2.166254
chelsea-odd-roi,baseline,1,16,0.14483200013637543,2.016319990158081,2.161151885986328,2.174366
chelsea-odd-roi,baseline,1,17,0.1414719969034195,1.9985599517822266,2.1400320529937744,2.153034
chelsea-odd-roi,baseline,1,18,0.1393599957227707,2.0642240047454834,2.2035839557647705,2.216499
chelsea-odd-roi,baseline,1,19,0.14339199662208557,2.0556480884552,2.199039936065674,2.212274
chelsea-odd-roi,baseline,1,20,0.17584000527858734,2.02892804145813,2.204767942428589,2.217261
chelsea-odd-roi,baseline,1,21,0.14720000326633453,2.063199996948242,2.210400104522705,2.223401
chelsea-odd-roi,baseline,1,22,0.14297600090503693,2.0507519245147705,2.193727970123291,2.206835
chelsea-odd-roi,baseline,1,23,0.1435839980840683,2.0430400371551514,2.186624050140381,2.199474
chelsea-odd-roi,baseline,1,24,0.1499519944190979,1.9660160541534424,2.1159679889678955,2.128796
chelsea-odd-roi,baseline,1,25,0.16659200191497803,1.995360016822815,2.161952018737793,2.17699
chelsea-odd-roi,baseline,1,26,0.14313599467277527,2.0496320724487305,2.192768096923828,2.206164
chelsea-odd-roi,baseline,1,27,0.18291200697422028,2.0269439220428467,2.2098560333251953,2.224182
chelsea-odd-roi,baseline,1,28,0.1430719941854477,1.9838720560073853,2.126944065093994,2.140435
chelsea-odd-roi,baseline,1,29,0.1406400054693222,1.9787839651107788,2.1194241046905518,2.132783
chelsea-odd-roi,baseline,1,30,0.1743679940700531,1.9884799718856812,2.1628479957580566,2.175678
chelsea-odd-roi,baseline,1,31,0.13849599659442902,1.988576054573059,2.1270720958709717,2.140014
chelsea-odd-roi,baseline,1,32,0.1391039937734604,1.9917759895324707,2.130880117416382,2.1438
chelsea-odd-roi,baseline,1,33,0.1369280070066452,1.981376051902771,2.1183040142059326,2.13102
chelsea-odd-roi,baseline,1,34,0.1406719982624054,2.0497920513153076,2.1904640197753906,2.203
chelsea-odd-roi,baseline,1,35,0.1616320013999939,2.1261119842529297,2.2877440452575684,2.300668
chelsea-odd-roi,baseline,1,36,0.14406399428844452,1.9919999837875366,2.136064052581787,2.149048
chelsea-odd-roi,baseline,1,37,0.13971200585365295,1.964352011680603,2.1040639877319336,2.116819
chelsea-odd-roi,baseline,1,38,0.13980799913406372,2.004159927368164,2.143968105316162,2.156709
chelsea-odd-roi,baseline,1,39,0.1385599970817566,1.9900799989700317,2.1286399364471436,2.141075
chelsea-odd-roi,baseline,1,40,0.1391039937734604,1.9743679761886597,2.1134719848632812,2.125853
chelsea-odd-roi,baseline,1,41,0.17776000499725342,1.947327971458435,2.1250879764556885,2.138772
chelsea-odd-roi,baseline,1,42,0.14473600685596466,2.0188798904418945,2.1636159420013428,2.177711
chelsea-odd-roi,baseline,1,43,0.14486399292945862,1.9498239755630493,2.0946879386901855,2.108296
chelsea-odd-roi,baseline,1,44,0.14131200313568115,2.15120005607605,2.2925119400024414,2.305385
chelsea-odd-roi,baseline,1,45,0.14575999975204468,1.9878079891204834,2.133568048477173,2.146354
chelsea-odd-roi,baseline,1,46,0.1764480024576187,1.9774399995803833,2.153887987136841,2.166924
chelsea-odd-roi,baseline,1,47,0.14547200500965118,2.0002241134643555,2.145695924758911,2.158101
chelsea-odd-roi,baseline,1,48,0.1430400013923645,2.0274240970611572,2.170464038848877,2.183299
chelsea-odd-roi,baseline,1,49,0.14108799397945404,1.987007975578308,2.128096103668213,2.141446
chelsea-odd-roi,baseline,1,50,0.14131200313568115,1.9746559858322144,2.1159679889678955,2.128617
chelsea-odd-roi,baseline,1,51,0.14086399972438812,1.9837119579315186,2.1245760917663574,2.13724
chelsea-odd-roi,baseline,1,52,0.1781120002269745,2.0293118953704834,2.2074239253997803,2.220446
chelsea-odd-roi,baseline,1,53,0.16448000073432922,2.07094407081604,2.235424041748047,2.249039
chelsea-odd-roi,baseline,1,54,0.14361600577831268,2.2158079147338867,2.359424114227295,2.373208
chelsea-odd-roi,baseline,1,55,0.1565759927034378,2.0659520626068115,2.2225279808044434,2.236681
chelsea-odd-roi,baseline,1,56,0.14723199605941772,2.0422399044036865,2.189471960067749,2.20326
chelsea-odd-roi,baseline,1,57,0.143327996134758,2.033888101577759,2.177216053009033,2.19016
chelsea-odd-roi,baseline,1,58,0.14265599846839905,1.9925440549850464,2.135200023651123,2.148196
chelsea-odd-roi,baseline,1,59,0.14188799262046814,1.9958720207214355,2.1377599239349365,2.151161
chelsea-odd-roi,baseline,1,60,0.15798400342464447,1.9738240242004395,2.131808042526245,2.145432
chelsea-odd-roi,baseline,1,61,0.15007999539375305,2.2843520641326904,2.434432029724121,2.450014
chelsea-odd-roi,baseline,1,62,0.14927999675273895,2.222111940383911,2.371392011642456,2.384825
chelsea-odd-roi,baseline,1,63,0.17504000663757324,2.1561279296875,2.3311679363250732,2.349452
chelsea-odd-roi,baseline,1,64,0.17670400440692902,2.165440082550049,2.342144012451172,2.356613
chelsea-odd-roi,baseline,1,65,0.1457280069589615,2.0632638931274414,2.2089920043945312,2.22284
chelsea-odd-roi,baseline,1,66,0.1653759926557541,2.3367679119110107,2.5021440982818604,2.517676
chelsea-odd-roi,baseline,1,67,0.14608000218868256,2.0983359813690186,2.2444159984588623,2.259485
chelsea-odd-roi,baseline,1,68,0.16991999745368958,2.106656074523926,2.276576042175293,2.293237
chelsea-odd-roi,baseline,1,69,0.14819200336933136,2.250943899154663,2.3991360664367676,2.412867
chelsea-odd-roi,baseline,1,70,0.1547199934720993,2.006175994873047,2.160896062850952,2.175097
chelsea-odd-roi,baseline,1,71,0.14688000082969666,2.049344062805176,2.1962239742279053,2.21007
chelsea-odd-roi,baseline,1,72,0.15907199680805206,1.9960639476776123,2.1551361083984375,2.168447
chelsea-odd-roi,baseline,1,73,0.17123199999332428,2.0310399532318115,2.2022719383239746,2.215589
chelsea-odd-roi,baseline,1,74,0.1451520025730133,2.1049599647521973,2.2501120567321777,2.263722
chelsea-odd-roi,baseline,1,75,0.14560000598430634,2.0910720825195312,2.2366719245910645,2.24968
chelsea-odd-roi,baseline,1,76,0.1566080003976822,2.069472074508667,2.2260799407958984,2.239445
chelsea-odd-roi,baseline,1,77,0.17059199512004852,2.138848066329956,2.3094398975372314,2.325525
chelsea-odd-roi,baseline,1,78,0.14684799313545227,2.0597119331359863,2.206559896469116,2.220746
chelsea-odd-roi,baseline,1,79,0.15084800124168396,2.103775978088379,2.2546238899230957,2.268008
chelsea-odd-roi,baseline,1,80,0.15081599354743958,1.9937599897384644,2.144576072692871,2.157931
chelsea-odd-roi,baseline,1,81,0.14524799585342407,2.077375888824463,2.2226240634918213,2.2359
chelsea-odd-roi,baseline,1,82,0.14640000462532043,2.0286080837249756,2.1750080585479736,2.188007
chelsea-odd-roi,baseline,1,83,0.14521600306034088,2.185375928878784,2.330591917037964,2.343823
chelsea-odd-roi,baseline,1,84,0.14892800152301788,2.0492799282073975,2.1982080936431885,2.211742
chelsea-odd-roi,baseline,1,85,0.1478080004453659,2.1548800468444824,2.302687883377075,2.316081
chelsea-odd-roi,baseline,1,86,0.15318399667739868,2.0864319801330566,2.2396159172058105,2.253165
chelsea-odd-roi,baseline,1,87,0.15833599865436554,2.210911989212036,2.3692479133605957,2.382892
chelsea-odd-roi,baseline,1,88,0.17814399302005768,2.4183359146118164,2.596479892730713,2.611889
chelsea-odd-roi,baseline,1,89,0.15830400586128235,2.2683520317077637,2.4266560077667236,2.44078
chelsea-odd-roi,baseline,1,90,0.14608000218868256,2.1429760456085205,2.2890560626983643,2.30268
chelsea-odd-roi,baseline,1,91,0.15068799257278442,2.0552000999450684,2.205888032913208,2.220085
chelsea-odd-roi,baseline,1,92,0.15961599349975586,2.0908799171447754,2.2504959106445312,2.264573
chelsea-odd-roi,baseline,1,93,0.14505599439144135,2.1256320476531982,2.270688056945801,2.283892
chelsea-odd-roi,baseline,1,94,0.15299199521541595,2.0585598945617676,2.2115519046783447,2.225484
chelsea-odd-roi,baseline,1,95,0.1472640037536621,2.096735954284668,2.24399995803833,2.257051
chelsea-odd-roi,baseline,1,96,0.14774399995803833,2.0499520301818848,2.1976959705352783,2.211483
chelsea-odd-roi,baseline,1,97,0.1546880006790161,2.015007972717285,2.169696092605591,2.184862
chelsea-odd-roi,baseline,1,98,0.14431999623775482,2.0549440383911133,2.1992640495300293,2.213075
chelsea-odd-roi,baseline,1,99,0.14531199634075165,1.9858880043029785,2.131200075149536,2.144251
chelsea-odd-roi,baseline,1,100,0.1520639955997467,2.068416118621826,2.220479965209961,2.233516
chelsea-odd-roi,baseline,1,101,0.14684799313545227,2.0307199954986572,2.177567958831787,2.19049
chelsea-odd-roi,baseline,1,102,0.14256000518798828,2.2105278968811035,2.353087902069092,2.365936
chelsea-odd-roi,baseline,1,103,0.14694400131702423,2.3001279830932617,2.4470720291137695,2.46045
chelsea-odd-roi,baseline,1,104,0.14585599303245544,2.0585598945617676,2.204416036605835,2.218312
chelsea-odd-roi,baseline,1,105,0.1441279947757721,2.051584005355835,2.195712089538574,2.209439
chelsea-odd-roi,baseline,1,106,0.14339199662208557,2.117216110229492,2.260607957839966,2.274558
chelsea-odd-roi,baseline,1,107,0.15273599326610565,2.0264639854431152,2.1791999340057373,2.192533
chelsea-odd-roi,baseline,1,108,0.14591999351978302,2.0386879444122314,2.184607982635498,2.198112
chelsea-odd-roi,baseline,1,109,0.14323200285434723,2.0739519596099854,2.217184066772461,2.230782
chelsea-odd-roi,baseline,1,110,0.14710399508476257,2.09552001953125,2.242624044418335,2.256531
chelsea-odd-roi,baseline,1,111,0.17295999825000763,2.0788159370422363,2.2517759799957275,2.265214
chelsea-odd-roi,baseline,1,112,0.14534400403499603,2.0304319858551025,2.1757760047912598,2.188217
chelsea-odd-roi,baseline,1,113,0.143327996134758,2.032831907272339,2.1761600971221924,2.188808
chelsea-odd-roi,baseline,1,114,0.142752006649971,2.129568099975586,2.272320032119751,2.285514
chelsea-odd-roi,baseline,1,115,0.18432000279426575,2.0684800148010254,2.2527999877929688,2.267387
chelsea-odd-roi,baseline,1,116,0.14748799800872803,2.0917439460754395,2.239232063293457,2.252976
chelsea-odd-roi,baseline,1,117,0.14579200744628906,2.033184051513672,2.178976058959961,2.192564
chelsea-odd-roi,baseline,1,118,0.17692799866199493,2.02345609664917,2.2003839015960693,2.213185
chelsea-odd-roi,baseline,1,119,0.1841920018196106,2.136352062225342,2.3205440044403076,2.336272
chelsea-odd-roi,baseline,1,120,0.14684799313545227,2.140223979949951,2.287071943283081,2.300768
chelsea-odd-roi,baseline,1,121,0.14560000598430634,2.0874240398406982,2.2330238819122314,2.246555
chelsea-odd-roi,baseline,1,122,0.1520320028066635,2.0793919563293457,2.23142409324646,2.245584
chelsea-odd-roi,baseline,1,123,0.14793600142002106,2.122591972351074,2.2705280780792236,2.283882
chelsea-odd-roi,baseline,1,124,0.14611199498176575,2.042112112045288,2.1882240772247314,2.201377
chelsea-odd-roi,baseline,1,125,0.14444799721240997,1.9869439601898193,2.131392002105713,2.144441
chelsea-odd-roi,baseline,1,126,0.14697599411010742,2.067903995513916,2.2148799896240234,2.227957
chelsea-odd-roi,baseline,1,127,0.14774399995803833,2.123231887817383,2.2709760665893555,2.284182
chelsea-odd-roi,baseline,1,128,0.1456959992647171,2.0824320316314697,2.228127956390381,2.241688
chelsea-odd-roi,baseline,1,129,0.14614400267601013,2.0088961124420166,2.1550400257110596,2.168407
chelsea-odd-roi,baseline,1,130,0.14361600577831268,2.0674240589141846,2.2110400199890137,2.224081
chelsea-odd-roi,baseline,1,131,0.14812800288200378,2.2168960571289062,2.3650240898132324,2.378075
chelsea-odd-roi,baseline,1,132,0.14368000626564026,2.0464320182800293,2.1901121139526367,2.20297
chelsea-odd-roi,baseline,1,133,0.14688000082969666,1.9770560264587402,2.1239359378814697,2.13769
chelsea-odd-roi,baseline,1,134,0.14259199798107147,2.0203518867492676,2.1629440784454346,2.175898
chelsea-odd-roi,baseline,1,135,0.14550399780273438,2.07206392288208,2.2175679206848145,2.230851
chelsea-odd-roi,baseline,1,136,0.14761599898338318,2.015360116958618,2.162976026535034,2.175889
chelsea-odd-roi,baseline,1,137,0.14428800344467163,2.0409278869628906,2.185215950012207,2.197902
chelsea-odd-roi,baseline,1,138,0.14601600170135498,2.029279947280884,2.1752960681915283,2.188558
chelsea-odd-roi,baseline,1,139,0.15145599842071533,2.042367935180664,2.193824052810669,2.207236
chelsea-odd-roi,baseline,1,140,0.14336000382900238,2.032896041870117,2.176255941390991,2.189569
chelsea-odd-roi,baseline,1,141,0.14368000626564026,2.0150721073150635,2.158751964569092,2.172914
chelsea-odd-roi,baseline,1,142,0.15164799988269806,2.0452799797058105,2.196928024291992,2.211993
chelsea-odd-roi,baseline,1,143,0.14406399428844452,1.9928959608078003,2.136960029602051,2.15056
chelsea-odd-roi,baseline,1,144,0.16060799360275269,2.0396480560302734,2.200256109237671,2.213455
chelsea-odd-roi,baseline,1,145,0.1446080058813095,2.0639679431915283,2.208575963973999,2.221988
chelsea-odd-roi,baseline,1,146,0.1446399986743927,2.053663969039917,2.1983039379119873,2.212293
chelsea-odd-roi,baseline,1,147,0.14582400023937225,2.0442559719085693,2.190079927444458,2.20345
chelsea-odd-roi,baseline,1,148,0.1459520012140274,2.0939199924468994,2.2398719787597656,2.253706
chelsea-odd-roi,baseline,1,149,0.14627200365066528,2.131711959838867,2.2779839038848877,2.291504
chelsea-odd-roi,baseline,1,150,0.169855996966362,2.095360040664673,2.265216112136841,2.280006
chelsea-odd-roi,baseline,1,151,0.1531520038843155,2.0515201091766357,2.20467209815979,2.219594
chelsea-odd-roi,baseline,1,152,0.14627200365066528,2.047136068344116,2.1934080123901367,2.207316
chelsea-odd-roi,baseline,1,153,0.14688000082969666,2.006239891052246,2.1531200408935547,2.167025
chelsea-odd-roi,baseline,1,154,0.14681600034236908,2.115072011947632,2.261888027191162,2.275189
chelsea-odd-roi,baseline,1,155,0.1478399932384491,2.0759999752044678,2.2238399982452393,2.236921
chelsea-odd-roi,baseline,1,156,0.15775999426841736,2.040127992630005,2.197887897491455,2.211112
chelsea-odd-roi,baseline,1,157,0.14867199957370758,2.111680030822754,2.2603518962860107,2.273826
chelsea-odd-roi,baseline,1,158,0.1478399932384491,2.0984320640563965,2.246272087097168,2.259546
chelsea-odd-roi,baseline,1,159,0.1470080018043518,2.1573119163513184,2.3043200969696045,2.318124
chelsea-odd-roi,baseline,1,160,0.14918400347232819,2.119647979736328,2.268831968307495,2.284633
chelsea-odd-roi,baseline,1,161,0.14694400131702423,2.121311902999878,2.2682559490203857,2.281438
chelsea-odd-roi,baseline,1,162,0.14771200716495514,2.213792085647583,2.361504077911377,2.37501
chelsea-odd-roi,baseline,1,163,0.1502400040626526,2.1088318824768066,2.2590720653533936,2.275539
chelsea-odd-roi,baseline,1,164,0.17683200538158417,2.214495897293091,2.3913280963897705,2.40789
chelsea-odd-roi,baseline,1,165,0.14742399752140045,2.0870718955993652,2.2344961166381836,2.248198
chelsea-odd-roi,baseline,1,166,0.14815999567508698,2.0985279083251953,2.246687889099121,2.259566
chelsea-odd-roi,baseline,1,167,0.14396800100803375,2.02620792388916,2.1701760292053223,2.18345
chelsea-odd-roi,baseline,1,168,0.15199999511241913,2.015712022781372,2.1677119731903076,2.183339
chelsea-odd-roi,baseline,1,169,0.14655999839305878,2.0191359519958496,2.165695905685425,2.178472
chelsea-odd-roi,baseline,1,170,0.1555200070142746,2.0064001083374023,2.1619200706481934,2.175417
chelsea-odd-roi,baseline,1,171,0.1435520052909851,2.0095040798187256,2.1530559062957764,2.166323
chelsea-odd-roi,baseline,1,172,0.14767999947071075,2.049247980117798,2.196928024291992,2.21009
chelsea-odd-roi,baseline,1,173,0.1449279934167862,2.016864061355591,2.161792039871216,2.175318
chelsea-odd-roi,baseline,1,174,0.14419199526309967,2.020672082901001,2.1648640632629395,2.177761
chelsea-odd-roi,baseline,1,175,0.16076800227165222,2.0464320182800293,2.207200050354004,2.220265
chelsea-odd-roi,baseline,1,176,0.1467519998550415,2.01910400390625,2.165855884552002,2.178673
chelsea-odd-roi,baseline,1,177,0.1459839940071106,2.0437440872192383,2.189728021621704,2.20356
chelsea-odd-roi,baseline,1,178,0.1430400013923645,2.029088020324707,2.1721279621124268,2.185493
chelsea-odd-roi,baseline,1,179,0.14364799857139587,2.0246078968048096,2.1682560443878174,2.180886
chelsea-odd-roi,baseline,1,180,0.14803199470043182,2.035936117172241,2.1839680671691895,2.197271
chelsea-odd-roi,baseline,1,181,0.14483200013637543,2.0456960201263428,2.19052791595459,2.203951
chelsea-odd-roi,baseline,1,182,0.14419199526309967,2.0478720664978027,2.192064046859741,2.206064
chelsea-odd-roi,baseline,1,183,0.14531199634075165,2.026560068130493,2.1718719005584717,2.185443
chelsea-odd-roi,baseline,1,184,0.15571199357509613,2.018336057662964,2.1740479469299316,2.187266
chelsea-odd-roi,baseline,1,185,0.14905600249767303,2.0382080078125,2.1872639656066895,2.200686
chelsea-odd-roi,baseline,1,186,0.14732800424098969,2.044735908508301,2.192064046859741,2.205283
chelsea-odd-roi,baseline,1,187,0.14483200013637543,2.0206398963928223,2.1654720306396484,2.178582
chelsea-odd-roi,baseline,1,188,0.14339199662208557,1.999519944190979,2.142911911010742,2.155688
chelsea-odd-roi,baseline,1,189,0.1536320000886917,2.0079360008239746,2.1615679264068604,2.174857
chelsea-odd-roi,baseline,1,190,0.14691199362277985,2.054527997970581,2.2014400959014893,2.214707
chelsea-odd-roi,baseline,1,191,0.14611199498176575,2.007391929626465,2.153503894805908,2.167125
chelsea-odd-roi,baseline,1,192,0.1459520012140274,1.9975680112838745,2.1435201168060303,2.156769
chelsea-odd-roi,baseline,1,193,0.14390400052070618,2.050015926361084,2.1939198970794678,2.206605
chelsea-odd-roi,baseline,1,194,0.1571200042963028,2.256416082382202,2.4135360717773438,2.426708
chelsea-odd-roi,baseline,1,195,0.1467200070619583,2.4480319023132324,2.594752073287964,2.608283
chelsea-odd-roi,baseline,1,196,0.23686400055885315,2.3609280586242676,2.597791910171509,2.61203
chelsea-odd-roi,baseline,1,197,0.1472640037536621,2.032639980316162,2.179903984069824,2.193345
chelsea-odd-roi,baseline,1,198,0.1568319946527481,2.0074880123138428,2.1643199920654297,2.177852
chelsea-odd-roi,baseline,1,199,0.1475519984960556,2.026047945022583,2.1735999584198,2.186605
chelsea-odd-roi,baseline,1,200,0.14684799313545227,2.002624034881592,2.1494719982147217,2.162568
chelsea-odd-roi,baseline,1,201,0.1438080072402954,2.0408639907836914,2.1846721172332764,2.197782
chelsea-odd-roi,baseline,1,202,0.1443520039319992,2.0028159618377686,2.147167921066284,2.160274
chelsea-odd-roi,baseline,1,203,0.14499199390411377,2.0645759105682373,2.2095680236816406,2.222519
chelsea-odd-roi,baseline,1,204,0.15187199413776398,2.017695903778076,2.1695680618286133,2.184011
chelsea-odd-roi,baseline,1,205,0.14582400023937225,2.030143976211548,2.1759679317474365,2.189219
chelsea-odd-roi,baseline,1,206,0.1483200043439865,2.031935930252075,2.180255889892578,2.193846
chelsea-odd-roi,baseline,1,207,0.14659200608730316,2.025376081466675,2.1719679832458496,2.185333
chelsea-odd-roi,baseline,1,208,0.1563519984483719,2.023616075515747,2.1799681186676025,2.193816
chelsea-odd-roi,baseline,1,209,0.14550399780273438,2.018079996109009,2.163583993911743,2.177691
chelsea-odd-roi,baseline,1,210,0.1443839967250824,2.030143976211548,2.174527883529663,2.187976
chelsea-odd-roi,baseline,1,211,0.14953599870204926,2.008928060531616,2.158463954925537,2.171441
chelsea-odd-roi,baseline,1,212,0.1462399959564209,2.0890560150146484,2.2352960109710693,2.248247
chelsea-odd-roi,baseline,1,213,0.15724800527095795,2.0407040119171143,2.1979520320892334,2.211302
chelsea-odd-roi,baseline,1,214,0.1475840061903,2.016256093978882,2.1638400554656982,2.17718
chelsea-odd-roi,baseline,1,215,0.1440960019826889,2.017695903778076,2.161792039871216,2.175768
chelsea-odd-roi,baseline,1,216,0.14294399321079254,2.0244479179382324,2.1673920154571533,2.180896
chelsea-odd-roi,baseline,1,217,0.14348800480365753,2.05401611328125,2.1975040435791016,2.210701
chelsea-odd-roi,baseline,1,218,0.1451520025730133,2.0135679244995117,2.158720016479492,2.172384
chelsea-odd-roi,baseline,1,219,0.1435839980840683,2.023103952407837,2.1666879653930664,2.181016
chelsea-odd-roi,baseline,1,220,0.1456959992647171,2.0346240997314453,2.1803200244903564,2.193845
chelsea-odd-roi,baseline,1,221,0.14371199905872345,2.0082240104675293,2.1519360542297363,2.165573
chelsea-odd-roi,baseline,1,222,0.14313599467277527,2.003551959991455,2.1466879844665527,2.159693
chelsea-odd-roi,baseline,1,223,0.1512639969587326,2.0262720584869385,2.1775360107421875,2.195017
chelsea-odd-roi,baseline,1,224,0.14640000462532043,2.0071680545806885,2.1535680294036865,2.166344
chelsea-odd-roi,baseline,1,225,0.14419199526309967,2.025599956512451,2.1697919368743896,2.183009
chelsea-odd-roi,baseline,1,226,0.14399999380111694,2.0119359493255615,2.1559360027313232,2.169229
chelsea-odd-roi,baseline,1,227,0.14316800236701965,2.007296085357666,2.1504640579223633,2.16356
chelsea-odd-roi,baseline,1,228,0.15596799552440643,2.0104000568389893,2.166368007659912,2.179534
chelsea-odd-roi,baseline,1,229,0.1446399986743927,2.0568959712982178,2.201535940170288,2.215028
chelsea-odd-roi,baseline,1,230,0.14611199498176575,2.013823986053467,2.15993595123291,2.173325
chelsea-odd-roi,baseline,1,231,0.14368000626564026,2.0403199195861816,2.184000015258789,2.197001
chelsea-odd-roi,baseline,1,232,0.14662399888038635,2.005120038986206,2.1517438888549805,2.165373
chelsea-odd-roi,baseline,1,233,0.14591999351978302,2.011199951171875,2.1571199893951416,2.17089
chelsea-odd-roi,baseline,1,234,0.14608000218868256,2.013279914855957,2.159359931945801,2.172643
chelsea-odd-roi,baseline,1,235,0.14076800644397736,2.025887966156006,2.166656017303467,2.179724
chelsea-odd-roi,baseline,1,236,0.15343999862670898,2.007296085357666,2.160736083984375,2.175278
chelsea-odd-roi,baseline,1,237,0.1432960033416748,2.035520076751709,2.178816080093384,2.192082
chelsea-odd-roi,baseline,1,238,0.14950400590896606,1.9918400049209595,2.1413440704345703,2.155367
chelsea-odd-roi,baseline,1,239,0.1443839967250824,2.0109760761260986,2.155359983444214,2.168688
chelsea-odd-roi,baseline,1,240,0.14585599303245544,2.0201919078826904,2.166048049926758,2.179974
chelsea-odd-roi,baseline,1,241,0.1441279947757721,2.0011520385742188,2.145279884338379,2.158432
chelsea-odd-roi,baseline,1,242,0.14534400403499603,1.996575951576233,2.1419200897216797,2.155597
chelsea-odd-roi,baseline,1,243,0.15379199385643005,2.0339839458465576,2.1877760887145996,2.200595
chelsea-odd-roi,baseline,1,244,0.1528320014476776,2.0134079456329346,2.1662399768829346,2.179784
chelsea-odd-roi,baseline,1,245,0.14396800100803375,1.996224045753479,2.1401920318603516,2.153314
chelsea-odd-roi,baseline,1,246,0.14483200013637543,2.0330560207366943,2.1778879165649414,2.191102
chelsea-odd-roi,baseline,1,247,0.14195199310779572,2.008928060531616,2.1508800983428955,2.164661
chelsea-odd-roi,baseline,1,248,0.15267199277877808,2.008064031600952,2.160736083984375,2.173986
chelsea-odd-roi,baseline,1,249,0.14470399916172028,2.015199899673462,2.1599040031433105,2.172763
chelsea-odd-roi,baseline,1,250,0.14390400052070618,1.9888639450073242,2.132767915725708,2.146144
chelsea-odd-roi,baseline,1,251,0.143327996134758,2.0900158882141113,2.233344078063965,2.246175
chelsea-odd-roi,baseline,1,252,0.14534400403499603,2.0000319480895996,2.145375967025757,2.158292
chelsea-odd-roi,baseline,1,253,0.15529599785804749,1.9937599897384644,2.1490559577941895,2.161947
chelsea-odd-roi,baseline,1,254,0.1446080058813095,1.9986239671707153,2.1432321071624756,2.156499
chelsea-odd-roi,baseline,1,255,0.14419199526309967,2.0272960662841797,2.171488046646118,2.184531
chelsea-odd-roi,baseline,1,256,0.14313599467277527,1.9834239482879639,2.1265599727630615,2.139393
chelsea-odd-roi,baseline,1,257,0.14256000518798828,1.9901440143585205,2.132704019546509,2.145833
chelsea-odd-roi,baseline,1,258,0.141184002161026,2.025376081466675,2.166559934616089,2.179584
chelsea-odd-roi,baseline,1,259,0.14499199390411377,1.981279969215393,2.126271963119507,2.140595
chelsea-odd-roi,baseline,1,260,0.1424960047006607,1.9776320457458496,2.1201279163360596,2.132993
chelsea-odd-roi,baseline,1,261,0.14182400703430176,1.9940160512924194,2.1358399391174316,2.148396
chelsea-odd-roi,baseline,1,262,0.14204800128936768,1.9761919975280762,2.1182401180267334,2.13077
chelsea-odd-roi,baseline,1,263,0.13884800672531128,2.0695040225982666,2.2083520889282227,2.221097
chelsea-odd-roi,baseline,1,264,0.16131199896335602,2.032128095626831,2.1934399604797363,2.206775
chelsea-odd-roi,baseline,1,265,0.14511999487876892,2.066848039627075,2.211967945098877,2.225033
chelsea-odd-roi,baseline,1,266,0.14579200744628906,2.0375680923461914,2.1833600997924805,2.196149
chelsea-odd-roi,baseline,1,267,0.14496000111103058,2.027679920196533,2.172640085220337,2.185373
chelsea-odd-roi,baseline,1,268,0.14633600413799286,2.0478720664978027,2.1942079067230225,2.207045
chelsea-odd-roi,baseline,1,269,0.16227200627326965,2.0454719066619873,2.2077438831329346,2.232013
chelsea-odd-roi,baseline,1,270,0.14630399644374847,2.044991970062256,2.191296100616455,2.20384
chelsea-odd-roi,baseline,1,271,0.14588800072669983,2.091104030609131,2.2369918823242188,2.251563
chelsea-odd-roi,baseline,1,272,0.14601600170135498,2.081023931503296,2.2270400524139404,2.241208
chelsea-odd-roi,baseline,1,273,0.1573760062456131,2.0232961177825928,2.1806719303131104,2.204231
chelsea-odd-roi,baseline,1,274,0.143327996134758,1.9830080270767212,2.126336097717285,2.139132
chelsea-odd-roi,baseline,1,275,0.141184002161026,1.9886080026626587,2.1297919750213623,2.142667
chelsea-odd-roi,baseline,1,276,0.1438400000333786,2.19052791595459,2.3343679904937744,2.347428
chelsea-odd-roi,baseline,1,277,0.17023999989032745,2.0818240642547607,2.2520639896392822,2.265644
chelsea-odd-roi,baseline,1,278,0.14374400675296783,2.0656321048736572,2.209376096725464,2.22274
chelsea-odd-roi,baseline,1,279,0.14844800531864166,2.000447988510132,2.1488959789276123,2.162158
chelsea-odd-roi,baseline,1,280,0.14585599303245544,2.1826560497283936,2.328511953353882,2.34188
chelsea-odd-roi,baseline,1,281,0.1573760062456131,2.0952320098876953,2.252608060836792,2.265765
chelsea-odd-roi,baseline,1,282,0.14601600170135498,2.0963199138641357,2.2423360347747803,2.255589
chelsea-odd-roi,baseline,1,283,0.1456640064716339,2.0617599487304688,2.2074239253997803,2.220646
chelsea-odd-roi,baseline,1,284,0.14748799800872803,2.0616960525512695,2.209183931350708,2.222709
chelsea-odd-roi,baseline,1,285,0.14819200336933136,2.080319881439209,2.2285120487213135,2.24333
chelsea-odd-roi,baseline,1,286,0.14156800508499146,2.0426878929138184,2.184256076812744,2.197401
chelsea-odd-roi,baseline,1,287,0.14553600549697876,1.9803199768066406,2.1258559226989746,2.138632
chelsea-odd-roi,baseline,1,288,0.14179199934005737,2.238879919052124,2.380671977996826,2.393568
chelsea-odd-roi,baseline,1,289,0.17667199671268463,2.1396799087524414,2.316351890563965,2.331475
chelsea-odd-roi,baseline,1,290,0.14691199362277985,2.0906879901885986,2.237600088119507,2.250801
chelsea-odd-roi,baseline,1,291,0.15990400314331055,2.0448319911956787,2.2047359943389893,2.218263
chelsea-odd-roi,baseline,1,292,0.1552640050649643,2.0613439083099365,2.2166080474853516,2.230251
chelsea-odd-roi,baseline,1,293,0.14476799964904785,2.049312114715576,2.194080114364624,2.207647
chelsea-odd-roi,baseline,1,294,0.1430400013923645,2.0377280712127686,2.1807680130004883,2.194116
chelsea-odd-roi,baseline,1,295,0.15350399911403656,1.9932479858398438,2.146752119064331,2.162287
chelsea-odd-roi,baseline,1,296,0.14192000031471252,2.0946879386901855,2.2366080284118652,2.250231
chelsea-odd-roi,baseline,1,297,0.15296000242233276,2.1666879653930664,2.319648027420044,2.334558
chelsea-odd-roi,baseline,1,298,0.15433600544929504,2.080512046813965,2.2348480224609375,2.248368
chelsea-odd-roi,baseline,1,299,0.14326399564743042,2.1624319553375244,2.3056960105895996,2.319586
chelsea-odd-roi,baseline,2,0,0.15318399667739868,2.0725440979003906,2.2257280349731445,2.24975
chelsea-odd-roi,baseline,2,1,0.15222400426864624,2.1555519104003906,2.3077759742736816,2.324083
chelsea-odd-roi,baseline,2,2,0.14662399888038635,2.037343978881836,2.1839680671691895,2.197842
chelsea-odd-roi,baseline,2,3,0.14688000082969666,2.026047945022583,2.1729280948638916,2.186224
chelsea-odd-roi,baseline,2,4,0.14361600577831268,2.0806400775909424,2.2242560386657715,2.237782
chelsea-odd-roi,baseline,2,5,0.1483840048313141,2.009471893310547,2.157855987548828,2.171642
chelsea-odd-roi,baseline,2,6,0.14470399916172028,2.0993919372558594,2.244096040725708,2.257512
chelsea-odd-roi,baseline,2,7,0.14636799693107605,2.0773439407348633,2.2237119674682617,2.236861
chelsea-odd-roi,baseline,2,8,0.14217600226402283,2.0046401023864746,2.1468160152435303,2.159534
chelsea-odd-roi,baseline,2,9,0.17769600450992584,2.1237120628356934,2.301408052444458,2.314078
chelsea-odd-roi,baseline,2,10,0.14563199877738953,1.9891200065612793,2.134752035140991,2.147715
chelsea-odd-roi,baseline,2,11,0.14390400052070618,2.0463039875030518,2.1902079582214355,2.20323
chelsea-odd-roi,baseline,2,12,0.14319999516010284,1.9797120094299316,2.1229119300842285,2.136028
chelsea-odd-roi,baseline,2,13,0.14547200500965118,2.029695987701416,2.175168037414551,2.188657
chelsea-odd-roi,baseline,2,14,0.14851200580596924,2.0115199089050293,2.160032033920288,2.173605
chelsea-odd-roi,baseline,2,15,0.14643199741840363,2.1660799980163574,2.312511920928955,2.325795
chelsea-odd-roi,baseline,2,16,0.14537599682807922,2.0743680000305176,2.2197439670562744,2.232715
chelsea-odd-roi,baseline,2,17,0.14473600685596466,2.0681281089782715,2.2128639221191406,2.225954
chelsea-odd-roi,baseline,2,18,0.18329599499702454,2.0803520679473877,2.26364803314209,2.277883
chelsea-odd-roi,baseline,2,19,0.15465599298477173,2.045151948928833,2.19980788230896,2.215398
chelsea-odd-roi,baseline,2,20,0.1512639969587326,2.023776054382324,2.1750400066375732,2.189689
chelsea-odd-roi,baseline,2,21,0.15436799824237823,2.000960111618042,2.1553280353546143,2.167906
chelsea-odd-roi,baseline,2,22,0.14556799829006195,2.0595200061798096,2.205087900161743,2.218112
chelsea-odd-roi,baseline,2,23,0.14633600413799286,2.0825600624084473,2.228895902633667,2.242229
chelsea-odd-roi,baseline,2,24,0.14748799800872803,1.9977279901504517,2.1452159881591797,2.159503
chelsea-odd-roi,baseline,2,25,0.14368000626564026,2.034912109375,2.1785919666290283,2.192173
chelsea-odd-roi,baseline,2,26,0.1568319946527481,2.0986239910125732,2.25545597076416,2.268669
chelsea-odd-roi,baseline,2,27,0.14582400023937225,2.062432050704956,2.2082560062408447,2.221288
chelsea-odd-roi,baseline,2,28,0.1451839953660965,2.062943935394287,2.208127975463867,2.221267
chelsea-odd-roi,baseline,2,29,0.14694400131702423,2.019808053970337,2.1667520999908447,2.180606
chelsea-odd-roi,baseline,2,30,0.18118399381637573,2.0831680297851562,2.2643520832061768,2.279055
chelsea-odd-roi,baseline,2,31,0.14336000382900238,2.052031993865967,2.195391893386841,2.208088
chelsea-odd-roi,baseline,2,32,0.14553600549697876,2.075200080871582,2.220736026763916,2.233666
chelsea-odd-roi,baseline,2,33,0.14390400052070618,1.994752049446106,2.1386559009552,2.151552
chelsea-odd-roi,baseline,2,34,0.14480000734329224,2.1568961143493652,2.3016960620880127,2.31513
chelsea-odd-roi,baseline,2,35,0.1603199988603592,2.046272039413452,2.206592082977295,2.220306
chelsea-odd-roi,baseline,2,36,0.1443839967250824,2.020128011703491,2.1645119190216064,2.178693
chelsea-odd-roi,baseline,2,37,0.1590079963207245,1.9704960584640503,2.1295039653778076,2.145743
chelsea-odd-roi,baseline,2,38,0.1430719941854477,2.0576000213623047,2.200671911239624,2.213796
chelsea-odd-roi,baseline,2,39,0.1454399973154068,1.981119990348816,2.1265599727630615,2.140475
chelsea-odd-roi,baseline,2,40,0.14079999923706055,2.061471939086914,2.2022719383239746,2.215548
chelsea-odd-roi,baseline,2,41,0.14287999272346497,2.0311999320983887,2.1740798950195312,2.187897
chelsea-odd-roi,baseline,2,42,0.142752006649971,1.9780160188674927,2.1207680702209473,2.134035
chelsea-odd-roi,baseline,2,43,0.17587199807167053,2.126176118850708,2.3020479679107666,2.314979
chelsea-odd-roi,baseline,2,44,0.1475519984960556,2.0895040035247803,2.237056016921997,2.250281
chelsea-odd-roi,baseline,2,45,0.14659200608730316,2.0552000999450684,2.201792001724243,2.215368
chelsea-odd-roi,baseline,2,46,0.1441279947757721,2.0367679595947266,2.180896043777466,2.193845
chelsea-odd-roi,baseline,2,47,0.1666879951953888,2.0733120441436768,2.240000009536743,2.253587
chelsea-odd-roi,baseline,2,48,0.14371199905872345,2.1584959030151367,2.3022079467773438,2.314368
chelsea-odd-roi,baseline,2,49,0.14591999351978302,2.077120065689087,2.2230401039123535,2.236029
chelsea-odd-roi,baseline,2,50,0.14688000082969666,2.063839912414551,2.2107200622558594,2.224803
chelsea-odd-roi,baseline,2,51,0.16371199488639832,2.0788800716400146,2.2425920963287354,2.257452
chelsea-odd-roi,baseline,2,52,0.14828799664974213,2.085792064666748,2.2340800762176514,2.247286
chelsea-odd-roi,baseline,2,53,0.14483200013637543,2.0511040687561035,2.1959359645843506,2.209159
chelsea-odd-roi,baseline,2,54,0.1456959992647171,2.084831953048706,2.2305281162261963,2.243741
chelsea-odd-roi,baseline,2,55,0.1570879966020584,2.0194239616394043,2.1765120029449463,2.18998
chelsea-odd-roi,baseline,2,56,0.1427839994430542,2.0991361141204834,2.241919994354248,2.255098
chelsea-odd-roi,baseline,2,57,0.1443839967250824,2.0743680000305176,2.218751907348633,2.232014
chelsea-odd-roi,baseline,2,58,0.1459520012140274,2.084320068359375,2.230272054672241,2.243561
chelsea-odd-roi,baseline,2,59,0.1558080017566681,2.0203518867492676,2.1761600971221924,2.189559
chelsea-odd-roi,baseline,2,60,0.15142400562763214,2.201184034347534,2.3526079654693604,2.365626
chelsea-odd-roi,baseline,2,61,0.14521600306034088,2.005919933319092,2.1511359214782715,2.164932
chelsea-odd-roi,baseline,2,62,0.14256000518798828,2.037343978881836,2.179903984069824,2.193184
chelsea-odd-roi,baseline,2,63,0.15331199765205383,2.009119987487793,2.1624319553375244,2.175959
chelsea-odd-roi,baseline,2,64,0.14431999623775482,1.9961600303649902,2.1404800415039062,2.153805
chelsea-odd-roi,baseline,2,65,0.14351999759674072,1.9961919784545898,2.13971209526062,2.153294
chelsea-odd-roi,baseline,2,66,0.14467200636863708,2.0109760761260986,2.1556479930877686,2.169068
chelsea-odd-roi,baseline,2,67,0.14476799964904785,1.982208013534546,2.1269760131835938,2.140365
chelsea-odd-roi,baseline,2,68,0.14294399321079254,2.1289920806884766,2.2719359397888184,2.285444
chelsea-odd-roi,baseline,2,69,0.1472640037536621,2.0407679080963135,2.1880319118499756,2.201768
chelsea-odd-roi,baseline,2,70,0.1456640064716339,2.006943941116333,2.1526079177856445,2.166314
chelsea-odd-roi,baseline,2,71,0.14428800344467163,2.0102078914642334,2.15449595451355,2.167917
chelsea-odd-roi,baseline,2,72,0.14454400539398193,2.107840061187744,2.2523839473724365,2.265264
chelsea-odd-roi,baseline,2,73,0.1478399932384491,2.02457594871521,2.1724159717559814,2.194807
chelsea-odd-roi,baseline,2,74,0.1459839940071106,2.110016107559204,2.25600004196167,2.26953
chelsea-odd-roi,baseline,2,75,0.14588800072669983,2.0818560123443604,2.2277441024780273,2.241648
chelsea-odd-roi,baseline,2,76,0.14537599682807922,2.047136068344116,2.192512035369873,2.206034
chelsea-odd-roi,baseline,2,77,0.19865599274635315,2.091104030609131,2.289760112762451,2.305635
chelsea-odd-roi,baseline,2,78,0.1546880006790161,2.1019198894500732,2.256608009338379,2.270431
chelsea-odd-roi,baseline,2,79,0.146464005112648,2.0153920650482178,2.161855936050415,2.175628
chelsea-odd-roi,baseline,2,80,0.14486399292945862,2.3049280643463135,2.44979190826416,2.463555
chelsea-odd-roi,baseline,2,81,0.18729600310325623,3.205183982849121,3.39247989654541,3.406454
chelsea-odd-roi,baseline,2,82,0.20054399967193604,2.925152063369751,3.1256959438323975,3.139759
chelsea-odd-roi,baseline,2,83,0.16092799603939056,2.017087936401367,2.178015947341919,2.192093
chelsea-odd-roi,baseline,2,84,0.14707200229167938,2.0788159370422363,2.2258880138397217,2.238944
chelsea-odd-roi,baseline,2,85,0.14403200149536133,2.0945920944213867,2.238624095916748,2.252364
chelsea-odd-roi,baseline,2,86,0.14735999703407288,2.0357439517974854,2.1831040382385254,2.195889
chelsea-odd-roi,baseline,2,87,0.14716799557209015,2.0243520736694336,2.1715199947357178,2.184933
chelsea-odd-roi,baseline,2,88,0.1576640009880066,2.018656015396118,2.1763200759887695,2.191963
chelsea-odd-roi,baseline,2,89,0.14560000598430634,2.0323519706726074,2.1779520511627197,2.191412
chelsea-odd-roi,baseline,2,90,0.1454080045223236,2.0476160049438477,2.193023920059204,2.206114
chelsea-odd-roi,baseline,2,91,0.1486400067806244,2.027456045150757,2.176095962524414,2.19013
chelsea-odd-roi,baseline,2,92,0.15919999778270721,2.044800043106079,2.2039999961853027,2.218083
chelsea-odd-roi,baseline,2,93,0.14847999811172485,2.0251519680023193,2.1736319065093994,2.186424
chelsea-odd-roi,baseline,2,94,0.147039994597435,2.031327962875366,2.178368091583252,2.191392
chelsea-odd-roi,baseline,2,95,0.144896000623703,2.0413761138916016,2.186271905899048,2.199705
chelsea-odd-roi,baseline,2,96,0.14448000490665436,2.0709760189056396,2.215456008911133,2.228739
chelsea-odd-roi,baseline,2,97,0.17241600155830383,2.099168062210083,2.2715840339660645,2.29564
chelsea-odd-roi,baseline,2,98,0.1457280069589615,2.106719970703125,2.252448081970215,2.265273
chelsea-odd-roi,baseline,2,99,0.14560000598430634,2.0685760974884033,2.2141759395599365,2.227838
chelsea-odd-roi,baseline,2,100,0.14528000354766846,2.091360092163086,2.236639976501465,2.250021
chelsea-odd-roi,baseline,2,101,0.1478080004453659,2.1004478931427,2.248255968093872,2.261718
chelsea-odd-roi,baseline,2,102,0.14870400726795197,2.051680088043213,2.2003839015960693,2.213445
chelsea-odd-roi,baseline,2,103,0.14496000111103058,2.06825590133667,2.2132160663604736,2.226695
chelsea-odd-roi,baseline,2,104,0.1576640009880066,2.1579840183258057,2.315648078918457,2.32925
chelsea-odd-roi,baseline,2,105,0.15459200739860535,2.166975975036621,2.321568012237549,2.337253
chelsea-odd-roi,baseline,2,106,0.1478399932384491,2.034976005554199,2.1828160285949707,2.19654
chelsea-odd-roi,baseline,2,107,0.17759999632835388,2.019615888595581,2.197216033935547,2.212784
chelsea-odd-roi,baseline,2,108,0.17283199727535248,2.024064064025879,2.1968960762023926,2.210021
chelsea-odd-roi,baseline,2,109,0.14556799829006195,2.0660159587860107,2.2115840911865234,2.224752
chelsea-odd-roi,baseline,2,110,0.14291200041770935,1.9943679571151733,2.137279987335205,2.150359
chelsea-odd-roi,baseline,2,111,0.1555519998073578,2.0845119953155518,2.2400639057159424,2.253957
chelsea-odd-roi,baseline,2,112,0.17446400225162506,2.0369598865509033,2.2114241123199463,2.227617
chelsea-odd-roi,baseline,2,113,0.14591999351978302,2.0871999263763428,2.2331199645996094,2.246415
chelsea-odd-roi,baseline,2,114,0.14182400703430176,2.070240020751953,2.212064027786255,2.225684
chelsea-odd-roi,baseline,2,115,0.1454080045223236,2.03056001663208,2.1759679317474365,2.189329
chelsea-odd-roi,baseline,2,116,0.15478399395942688,2.1167359352111816,2.271519899368286,2.284423
chelsea-odd-roi,baseline,2,117,0.14636799693107605,2.065119981765747,2.2114880084991455,2.224913
chelsea-odd-roi,baseline,2,118,0.14611199498176575,2.129631996154785,2.2757439613342285,2.289431
chelsea-odd-roi,baseline,2,119,0.14691199362277985,1.990496039390564,2.1374080181121826,2.15061
chelsea-odd-roi,baseline,2,120,0.1562879979610443,2.0549440383911133,2.2112319469451904,2.224182
chelsea-odd-roi,baseline,2,121,0.14243200421333313,2.0713279247283936,2.2137598991394043,2.226645
chelsea-odd-roi,baseline,2,122,0.14316800236701965,1.988703966140747,2.1318719387054443,2.145001
chelsea-odd-roi,baseline,2,123,0.14342400431632996,2.0164480209350586,2.159872055053711,2.172673
chelsea-odd-roi,baseline,2,124,0.14486399292945862,2.040832042694092,2.1856958866119385,2.205924
chelsea-odd-roi,baseline,2,125,0.14771200716495514,2.0816640853881836,2.2293760776519775,2.243882
chelsea-odd-roi,baseline,2,126,0.14547200500965118,2.032831907272339,2.1783039569854736,2.191992
chelsea-odd-roi,baseline,2,127,0.15052799880504608,1.9770879745483398,2.1276159286499023,2.142657
chelsea-odd-roi,baseline,2,128,0.1462080031633377,2.062432050704956,2.2086400985717773,2.221537
chelsea-odd-roi,baseline,2,129,0.1544319987297058,2.0093119144439697,2.1637439727783203,2.176559
chelsea-odd-roi,baseline,2,130,0.14406399428844452,2.0376319885253906,2.1816959381103516,2.194296
chelsea-odd-roi,baseline,2,131,0.1454399973154068,2.04150390625,2.186944007873535,2.199994
chelsea-odd-roi,baseline,2,132,0.14399999380111694,2.0385279655456543,2.182528018951416,2.195518
chelsea-odd-roi,baseline,2,133,0.14473600685596466,1.997696042060852,2.1424319744110107,2.155407
chelsea-odd-roi,baseline,2,134,0.15331199765205383,2.060447931289673,2.2137598991394043,2.227026
chelsea-odd-roi,baseline,2,135,0.14220799505710602,2.201792001724243,2.3440001010894775,2.357674
chelsea-odd-roi,baseline,2,136,0.1419840008020401,1.9922239780426025,2.1342079639434814,2.147385
chelsea-odd-roi,baseline,2,137,0.14880000054836273,1.9565119743347168,2.1053121089935303,2.11797
chelsea-odd-roi,baseline,2,138,0.1409280002117157,1.9650880098342896,2.106015920639038,2.118582
chelsea-odd-roi,baseline,2,139,0.1544640064239502,1.9924479722976685,2.146912097930908,2.159824
chelsea-odd-roi,baseline,2,140,0.142752006649971,1.9689600467681885,2.1117119789123535,2.125072
chelsea-odd-roi,baseline,2,141,0.14425599575042725,1.99891197681427,2.1431679725646973,2.156289
chelsea-odd-roi,baseline,2,142,0.14425599575042725,2.012415885925293,2.1566720008850098,2.169629
chelsea-odd-roi,baseline,2,143,0.1425279974937439,1.988319993019104,2.130847930908203,2.143719
chelsea-odd-roi,baseline,2,144,0.15167999267578125,1.9931199550628662,2.1447999477386475,2.157611
chelsea-odd-roi,baseline,2,145,0.14972800016403198,2.044991970062256,2.1947200298309326,2.214937
chelsea-odd-roi,baseline,2,146,0.14403200149536133,2.0777599811553955,2.221791982650757,2.235649
chelsea-odd-roi,baseline,2,147,0.14406399428844452,1.99235200881958,2.136415958404541,2.15058
chelsea-odd-roi,baseline,2,148,0.15689599514007568,2.060703992843628,2.217600107192993,2.234036
chelsea-odd-roi,baseline,2,149,0.15296000242233276,2.0694079399108887,2.222368001937866,2.23647
chelsea-odd-roi,baseline,2,150,0.14348800480365753,2.0752639770507812,2.218751907348633,2.231693
chelsea-odd-roi,baseline,2,151,0.14310400187969208,2.017119884490967,2.160223960876465,2.173145
chelsea-odd-roi,baseline,2,152,0.1425279974937439,2.0575039386749268,2.2000319957733154,2.213005
chelsea-odd-roi,baseline,2,153,0.14924800395965576,2.0104639530181885,2.159712076187134,2.180866
chelsea-odd-roi,baseline,2,154,0.1457280069589615,2.038144111633301,2.1838719844818115,2.197201
chelsea-odd-roi,baseline,2,155,0.1456640064716339,1.9863359928131104,2.131999969482422,2.145342
chelsea-odd-roi,baseline,2,156,0.14214399456977844,2.0267200469970703,2.1688640117645264,2.181968
chelsea-odd-roi,baseline,2,157,0.14230400323867798,2.0602879524230957,2.202591896057129,2.215428
chelsea-odd-roi,baseline,2,158,0.1440960019826889,2.1079039573669434,2.252000093460083,2.265564
chelsea-odd-roi,baseline,2,159,0.17587199807167053,2.010240077972412,2.1861119270324707,2.200626
chelsea-odd-roi,baseline,2,160,0.14416000247001648,2.070240020751953,2.214400053024292,2.226835
chelsea-odd-roi,baseline,2,161,0.14591999351978302,2.0174078941345215,2.163327932357788,2.176069
chelsea-odd-roi,baseline,2,162,0.14454400539398193,2.058176040649414,2.2027199268341064,2.222239
chelsea-odd-roi,baseline,2,163,0.14611199498176575,2.0488319396972656,2.194943904876709,2.208548
chelsea-odd-roi,baseline,2,164,0.14368000626564026,2.0501439571380615,2.193824052810669,2.206464
chelsea-odd-roi,baseline,2,165,0.14608000218868256,2.036479949951172,2.1825599670410156,2.195618
chelsea-odd-roi,baseline,2,166,0.14428800344467163,2.0157759189605713,2.1600639820098877,2.173274
chelsea-odd-roi,baseline,2,167,0.15875199437141418,2.018399953842163,2.177151918411255,2.190851
chelsea-odd-roi,baseline,2,168,0.1624000072479248,1.9872000217437744,2.149600028991699,2.164732
chelsea-odd-roi,baseline,2,169,0.14377599954605103,2.014336109161377,2.158112049102783,2.17084
chelsea-odd-roi,baseline,2,170,0.1440960019826889,2.076159954071045,2.2202560901641846,2.233476
chelsea-odd-roi,baseline,2,171,0.14441600441932678,2.041696071624756,2.1861119270324707,2.199174
chelsea-odd-roi,baseline,2,172,0.16687999665737152,1.9828799962997437,2.1497600078582764,2.166203
chelsea-odd-roi,baseline,2,173,0.142752006649971,2.037760019302368,2.180511951446533,2.193625
chelsea-odd-roi,baseline,2,174,0.14422400295734406,2.087167978286743,2.2313919067382812,2.244132
chelsea-odd-roi,baseline,2,175,0.14742399752140045,2.0048000812530518,2.152224063873291,2.165753
chelsea-odd-roi,baseline,2,176,0.14284799993038177,2.0263679027557373,2.1692159175872803,2.181717
chelsea-odd-roi,baseline,2,177,0.1549759954214096,1.9793280363082886,2.1343040466308594,2.147275
chelsea-odd-roi,baseline,2,178,0.14300799369812012,2.1324479579925537,2.275455951690674,2.288169
chelsea-odd-roi,baseline,2,179,0.14348800480365753,2.0059518814086914,2.149440050125122,2.162608
chelsea-odd-roi,baseline,2,180,0.14188799262046814,1.9850879907608032,2.1269760131835938,2.140194
chelsea-odd-roi,baseline,2,181,0.1568319946527481,2.0219199657440186,2.1787519454956055,2.191922
chelsea-odd-roi,baseline,2,182,0.14767999947071075,2.156480073928833,2.3041601181030273,2.317864
chelsea-odd-roi,baseline,2,183,0.14611199498176575,2.0391359329223633,2.1852478981018066,2.198513
chelsea-odd-roi,baseline,2,184,0.14448000490665436,2.0165441036224365,2.1610240936279297,2.174106
chelsea-odd-roi,baseline,2,185,0.1443520039319992,2.030208110809326,2.174560070037842,2.187506
chelsea-odd-roi,baseline,2,186,0.15292799472808838,1.9978560209274292,2.1507840156555176,2.16387
chelsea-odd-roi,baseline,2,187,0.14284799993038177,2.2741119861602783,2.4169600009918213,2.430385
chelsea-odd-roi,baseline,2,188,0.1456959992647171,3.413408041000366,3.5591039657592773,3.573097
chelsea-odd-roi,baseline,2,189,0.1801919937133789,2.950495958328247,3.130687952041626,3.181933
chelsea-odd-roi,baseline,2,190,0.20774400234222412,2.1462719440460205,2.354016065597534,2.369272
chelsea-odd-roi,baseline,2,191,0.15772800147533417,2.0382080078125,2.1959359645843506,2.209439
chelsea-odd-roi,baseline,2,192,0.14633600413799286,2.027712106704712,2.1740479469299316,2.187365
chelsea-odd-roi,baseline,2,193,0.14630399644374847,1.9729599952697754,2.1192638874053955,2.132652
chelsea-odd-roi,baseline,2,194,0.14243200421333313,2.0690879821777344,2.211519956588745,2.224692
chelsea-odd-roi,baseline,2,195,0.14444799721240997,2.0146560668945312,2.159104108810425,2.172302
chelsea-odd-roi,baseline,2,196,0.1796800047159195,2.003488063812256,2.1831679344177246,2.195789
chelsea-odd-roi,baseline,2,197,0.14601600170135498,2.0365118980407715,2.182528018951416,2.195548
chelsea-odd-roi,baseline,2,198,0.14419199526309967,2.0491840839385986,2.193376064300537,2.206235
chelsea-odd-roi,baseline,2,199,0.1467839926481247,2.0406079292297363,2.187391996383667,2.200505
chelsea-odd-roi,baseline,2,200,0.14528000354766846,2.0891520977020264,2.2344319820404053,2.247337
chelsea-odd-roi,baseline,2,201,0.1483840048313141,2.068608045578003,2.216991901397705,2.230381
chelsea-odd-roi,baseline,2,202,0.14636799693107605,2.1910080909729004,2.337376117706299,2.350573
chelsea-odd-roi,baseline,2,203,0.17555199563503265,2.0258240699768066,2.201375961303711,2.214507
chelsea-odd-roi,baseline,2,204,0.19094400107860565,2.0214080810546875,2.2123520374298096,2.225373
chelsea-odd-roi,baseline,2,205,0.15625600516796112,2.026560068130493,2.1828160285949707,2.195438
chelsea-odd-roi,baseline,2,206,0.1440960019826889,2.0679359436035156,2.2120320796966553,2.224923
chelsea-odd-roi,baseline,2,207,0.1459520012140274,2.037760019302368,2.1837120056152344,2.19663
chelsea-odd-roi,baseline,2,208,0.1427839994430542,2.0315840244293213,2.174367904663086,2.187486
chelsea-odd-roi,baseline,2,209,0.14854399859905243,2.003743886947632,2.1522879600524902,2.176489
chelsea-odd-roi,baseline,2,210,0.14608000218868256,2.0021440982818604,2.148224115371704,2.161657
chelsea-odd-roi,baseline,2,211,0.14457599818706512,2.0922560691833496,2.2368319034576416,2.24936
chelsea-odd-roi,baseline,2,212,0.173567995429039,2.0038399696350098,2.17740797996521,2.19024
chelsea-odd-roi,baseline,2,213,0.15222400426864624,2.1186881065368652,2.270911931991577,2.283661
chelsea-odd-roi,baseline,2,214,0.14454400539398193,1.974303960800171,2.1188480854034424,2.131882
chelsea-odd-roi,baseline,2,215,0.14444799721240997,2.0299201011657715,2.174367904663086,2.187776
chelsea-odd-roi,baseline,2,216,0.14233599603176117,1.969823956489563,2.1121599674224854,2.125342
chelsea-odd-roi,baseline,2,217,0.14265599846839905,1.961087942123413,2.1037440299987793,2.11709
chelsea-odd-roi,baseline,2,218,0.1414719969034195,2.0301120281219482,2.171583890914917,2.184331
chelsea-odd-roi,baseline,2,219,0.15433600544929504,1.9973119497299194,2.1516480445861816,2.165272
chelsea-odd-roi,baseline,2,220,0.17257599532604218,1.9744319915771484,2.147007942199707,2.162168
chelsea-odd-roi,baseline,2,221,0.14319999516010284,2.0252161026000977,2.1684160232543945,2.181496
chelsea-odd-roi,baseline,2,222,0.14422400295734406,2.01200008392334,2.156224012374878,2.169589
chelsea-odd-roi,baseline,2,223,0.1443520039319992,2.038271903991699,2.182624101638794,2.195658
chelsea-odd-roi,baseline,2,224,0.15779200196266174,2.0367040634155273,2.194495916366577,2.207757
chelsea-odd-roi,baseline,2,225,0.14271999895572662,2.0287680625915527,2.171488046646118,2.184431
chelsea-odd-roi,baseline,2,226,0.14287999272346497,2.051680088043213,2.1945600509643555,2.208308
chelsea-odd-roi,baseline,2,227,0.14339199662208557,2.0818240642547607,2.2252159118652344,2.238103
chelsea-odd-roi,baseline,2,228,0.16624000668525696,2.063807964324951,2.2300479412078857,2.24324
chelsea-odd-roi,baseline,2,229,0.150176003575325,2.014400005340576,2.1645760536193848,2.178833
chelsea-odd-roi,baseline,2,230,0.1764480024576187,1.999295949935913,2.17574405670166,2.191202
chelsea-odd-roi,baseline,2,231,0.14528000354766846,2.0295040607452393,2.174783945083618,2.187926
chelsea-odd-roi,baseline,2,232,0.14534400403499603,2.0597119331359863,2.2050559520721436,2.217882
chelsea-odd-roi,baseline,2,233,0.1578879952430725,2.032320022583008,2.1902079582214355,2.20341
chelsea-odd-roi,baseline,2,234,0.1438080072402954,2.047744035720825,2.191551923751831,2.204592
chelsea-odd-roi,baseline,2,235,0.14640000462532043,2.130880117416382,2.27728009223938,2.290773
chelsea-odd-roi,baseline,2,236,0.14444799721240997,2.075648069381714,2.2200961112976074,2.233065
chelsea-odd-roi,baseline,2,237,0.16185599565505981,1.9936000108718872,2.155456066131592,2.168757
chelsea-odd-roi,baseline,2,238,0.142752006649971,2.0866880416870117,2.2294399738311768,2.242299
chelsea-odd-roi,baseline,2,239,0.14553600549697876,2.0702080726623535,2.2157440185546875,2.228678
chelsea-odd-roi,baseline,2,240,0.14486399292945862,2.0269439220428467,2.1718080043792725,2.185042
chelsea-odd-roi,baseline,2,241,0.1613440066576004,1.9832639694213867,2.1446080207824707,2.158062
chelsea-odd-roi,baseline,2,242,0.1488959938287735,2.0444159507751465,2.193311929702759,2.206164
chelsea-odd-roi,baseline,2,243,0.16326400637626648,1.9955519437789917,2.15881609916687,2.171531
chelsea-odd-roi,baseline,2,244,0.14403200149536133,2.046783924102783,2.1908159255981445,2.203891
chelsea-odd-roi,baseline,2,245,0.16342400014400482,2.084383964538574,2.2478079795837402,2.260707
chelsea-odd-roi,baseline,2,246,0.1544319987297058,2.019200086593628,2.1736319065093994,2.187225
chelsea-odd-roi,baseline,2,247,0.14287999272346497,2.0267839431762695,2.169663906097412,2.182969
chelsea-odd-roi,baseline,2,248,0.14214399456977844,2.021696090698242,2.1638400554656982,2.17676
chelsea-odd-roi,baseline,2,249,0.14195199310779572,2.0301759243011475,2.1721279621124268,2.184972
chelsea-odd-roi,baseline,2,250,0.14323200285434723,1.9572160243988037,2.1004478931427,2.112883
chelsea-odd-roi,baseline,2,251,0.15673600137233734,1.9913280010223389,2.148063898086548,2.160505
chelsea-odd-roi,baseline,2,252,0.14265599846839905,2.035936117172241,2.1785919666290283,2.191452
chelsea-odd-roi,baseline,2,253,0.14496000111103058,2.1900479793548584,2.335007905960083,2.34847
chelsea-odd-roi,baseline,2,254,0.14470399916172028,2.0090560913085938,2.1537599563598633,2.166955
chelsea-odd-roi,baseline,2,255,0.1536960005760193,1.9970879554748535,2.1507840156555176,2.164221
chelsea-odd-roi,baseline,2,256,0.1558080017566681,2.0393919944763184,2.195199966430664,2.208257
chelsea-odd-roi,baseline,2,257,0.14300799369812012,1.981119990348816,2.1241281032562256,2.138532
chelsea-odd-roi,baseline,2,258,0.1454080045223236,2.041088104248047,2.1864960193634033,2.199965
chelsea-odd-roi,baseline,2,259,0.14454400539398193,2.024415969848633,2.1689600944519043,2.182448
chelsea-odd-roi,baseline,2,260,0.16201600432395935,2.0311360359191895,2.1931519508361816,2.209269
chelsea-odd-roi,baseline,2,261,0.14550399780273438,2.026815891265869,2.1723198890686035,2.184812
chelsea-odd-roi,baseline,2,262,0.16313600540161133,2.0834240913391113,2.2465600967407227,2.261909
chelsea-odd-roi,baseline,2,263,0.1547520011663437,1.9930239915847778,2.147775888442993,2.161006
chelsea-odd-roi,baseline,2,264,0.14313599467277527,2.1039679050445557,2.2471039295196533,2.268859
chelsea-odd-roi,baseline,2,265,0.14630399644374847,2.092223882675171,2.23852801322937,2.252465
chelsea-odd-roi,baseline,2,266,0.14403200149536133,1.9889600276947021,2.1329920291900635,2.146474
chelsea-odd-roi,baseline,2,267,0.16819199919700623,2.0167040824890137,2.1848959922790527,2.198433
chelsea-odd-roi,baseline,2,268,0.14457599818706512,2.0690560340881348,2.213632106781006,2.227276
chelsea-odd-roi,baseline,2,269,0.18367999792099,2.007999897003174,2.1916799545288086,2.206695
chelsea-odd-roi,baseline,2,270,0.1539520025253296,2.148416042327881,2.302367925643921,2.31576
chelsea-odd-roi,baseline,2,271,0.14601600170135498,2.024991989135742,2.1710081100463867,2.184351
chelsea-odd-roi,baseline,2,272,0.14220799505710602,2.0564799308776855,2.19868803024292,2.212263
chelsea-odd-roi,baseline,2,273,0.1635199934244156,2.036992073059082,2.200511932373047,2.215268
chelsea-odd-roi,baseline,2,274,0.17158399522304535,2.009119987487793,2.180704116821289,2.193505
chelsea-odd-roi,baseline,2,275,0.14339199662208557,2.0715200901031494,2.214911937713623,2.227787
chelsea-odd-roi,baseline,2,276,0.14399999380111694,2.081984043121338,2.2259840965270996,2.238564
chelsea-odd-roi,baseline,2,277,0.15654399991035461,2.0242559909820557,2.180799961090088,2.193786
chelsea-odd-roi,baseline,2,278,0.14499199390411377,2.083872079849243,2.2288639545440674,2.241668
chelsea-odd-roi,baseline,2,279,0.1730560064315796,2.1199679374694824,2.2930240631103516,2.305955
chelsea-odd-roi,baseline,2,280,0.14591999351978302,2.0692479610443115,2.215167999267578,2.22935
chelsea-odd-roi,baseline,2,281,0.15372799336910248,2.0073280334472656,2.1610560417175293,2.174396
chelsea-odd-roi,baseline,2,282,0.17555199563503265,2.037184000015259,2.212735891342163,2.226975
chelsea-odd-roi,baseline,2,283,0.14537599682807922,2.0024960041046143,2.147871971130371,2.160896
chelsea-odd-roi,baseline,2,284,0.14243200421333313,1.9908479452133179,2.133280038833618,2.146153
chelsea-odd-roi,baseline,2,285,0.14076800644397736,2.0120320320129395,2.1528000831604004,2.166404
chelsea-odd-roi,baseline,2,286,0.15929600596427917,1.9875199794769287,2.1468160152435303,2.159574
chelsea-odd-roi,baseline,2,287,0.1425279974937439,2.0778560638427734,2.220383882522583,2.232545
chelsea-odd-roi,baseline,2,288,0.14364799857139587,1.9795199632644653,2.1231679916381836,2.136118
chelsea-odd-roi,baseline,2,289,0.143327996134758,2.007967948913574,2.1512959003448486,2.164421
chelsea-odd-roi,baseline,2,290,0.14361600577831268,1.9871679544448853,2.130784034729004,2.143029
chelsea-odd-roi,baseline,2,291,0.15411199629306793,2.020159959793091,2.174272060394287,2.187657
chelsea-odd-roi,baseline,2,292,0.14403200149536133,1.9911359548568726,2.1351680755615234,2.148527
chelsea-odd-roi,baseline,2,293,0.14361600577831268,2.0829761028289795,2.2265920639038086,2.239665
chelsea-odd-roi,baseline,2,294,0.1462399959564209,2.2027199268341064,2.3489599227905273,2.361921
chelsea-odd-roi,baseline,2,295,0.15936000645160675,2.6458239555358887,2.8051838874816895,2.818823
chelsea-odd-roi,baseline,2,296,0.23971199989318848,2.619040012359619,2.8587520122528076,2.872324
chelsea-odd-roi,baseline,2,297,0.14947199821472168,1.9735039472579956,2.122976064682007,2.13678
chelsea-odd-roi,baseline,2,298,0.14422400295734406,1.9765759706497192,2.120800018310547,2.134485
chelsea-odd-roi,baseline,2,299,0.15423999726772308,1.9867839813232422,2.141024112701416,2.154596
chelsea-odd-roi,planned-roi,2,0,0.16659200191497803,2.1065919399261475,2.273184061050415,2.296441
chelsea-odd-roi,planned-roi,2,1,0.16316799819469452,2.149440050125122,2.312608003616333,2.327238
chelsea-odd-roi,planned-roi,2,2,0.15244799852371216,2.070143938064575,2.2225921154022217,2.2361
chelsea-odd-roi,planned-roi,2,3,0.14844800531864166,2.0473599433898926,2.195807933807373,2.208778
chelsea-odd-roi,planned-roi,2,4,0.18243199586868286,2.045056104660034,2.2274880409240723,2.241147
chelsea-odd-roi,planned-roi,2,5,0.14710399508476257,2.0821120738983154,2.2292160987854004,2.241828
chelsea-odd-roi,planned-roi,2,6,0.14825600385665894,2.0906240940093994,2.238879919052124,2.252635
chelsea-odd-roi,planned-roi,2,7,0.14486399292945862,2.231328010559082,2.376192092895508,2.389662
chelsea-odd-roi,planned-roi,2,8,0.15059199929237366,2.0610239505767822,2.211616039276123,2.224622
chelsea-odd-roi,planned-roi,2,9,0.21859200298786163,2.210848093032837,2.4294400215148926,2.443414
chelsea-odd-roi,planned-roi,2,10,0.1693439930677414,2.2007040977478027,2.3700480461120605,2.384114
chelsea-odd-roi,planned-roi,2,11,0.15727999806404114,2.180704116821289,2.337984085083008,2.352166
chelsea-odd-roi,planned-roi,2,12,0.15216000378131866,2.075455904006958,2.22761607170105,2.241018
chelsea-odd-roi,planned-roi,2,13,0.16124799847602844,2.1112000942230225,2.2724480628967285,2.285845
chelsea-odd-roi,planned-roi,2,14,0.15094399452209473,2.2066240310668945,2.3575680255889893,2.371004
chelsea-odd-roi,planned-roi,2,15,0.1496960073709488,2.0959360599517822,2.2456319332122803,2.259055
chelsea-odd-roi,planned-roi,2,16,0.16672000288963318,2.1446399688720703,2.3113598823547363,2.324233
chelsea-odd-roi,planned-roi,2,17,0.14860799908638,2.0721919536590576,2.2207999229431152,2.234197
chelsea-odd-roi,planned-roi,2,18,0.14979200065135956,2.0493760108947754,2.1991679668426514,2.212594
chelsea-odd-roi,planned-roi,2,19,0.15014399588108063,2.09881591796875,2.248960018157959,2.26278
chelsea-odd-roi,planned-roi,2,20,0.15535999834537506,2.0652480125427246,2.2206079959869385,2.237121
chelsea-odd-roi,planned-roi,2,21,0.15116800367832184,2.136928081512451,2.2880959510803223,2.300988
chelsea-odd-roi,planned-roi,2,22,0.15481600165367126,2.0324480533599854,2.1872639656066895,2.200155
chelsea-odd-roi,planned-roi,2,23,0.14950400590896606,2.1346240043640137,2.284127950668335,2.297263
chelsea-odd-roi,planned-roi,2,24,0.1528320014476776,3.379744052886963,3.532576084136963,3.559816
chelsea-odd-roi,planned-roi,2,25,0.56905597448349,3.0663039684295654,3.6353600025177,3.672397
chelsea-odd-roi,planned-roi,2,26,0.16451199352741241,2.0052480697631836,2.16975998878479,2.184091
chelsea-odd-roi,planned-roi,2,27,0.1648000031709671,2.0194239616394043,2.1842238903045654,2.198101
chelsea-odd-roi,planned-roi,2,28,0.16793599724769592,2.007711887359619,2.1756479740142822,2.189389
chelsea-odd-roi,planned-roi,2,29,0.15059199929237366,2.016479969024658,2.167072057723999,2.180506
chelsea-odd-roi,planned-roi,2,30,0.14988799393177032,2.0445120334625244,2.1944000720977783,2.207696
chelsea-odd-roi,planned-roi,2,31,0.15043200552463531,2.003999948501587,2.1544320583343506,2.167766
chelsea-odd-roi,planned-roi,2,32,0.1475519984960556,1.922592043876648,2.070143938064575,2.083198
chelsea-odd-roi,planned-roi,2,33,0.14822399616241455,2.020672082901001,2.168895959854126,2.182538
chelsea-odd-roi,planned-roi,2,34,0.15996800363063812,2.0114240646362305,2.1713919639587402,2.184311
chelsea-odd-roi,planned-roi,2,35,0.14956800639629364,2.0309760570526123,2.180543899536133,2.193335
chelsea-odd-roi,planned-roi,2,36,0.14857600629329681,2.0050559043884277,2.1536319255828857,2.167255
chelsea-odd-roi,planned-roi,2,37,0.14851200580596924,1.997439980506897,2.145951986312866,2.159013
chelsea-odd-roi,planned-roi,2,38,0.14963200688362122,2.028991937637329,2.178623914718628,2.191522
chelsea-odd-roi,planned-roi,2,39,0.15827199816703796,2.0112318992614746,2.169503927230835,2.182728
chelsea-odd-roi,planned-roi,2,40,0.14931200444698334,2.007391929626465,2.1567039489746094,2.169419
chelsea-odd-roi,planned-roi,2,41,0.14681600034236908,1.9890880584716797,2.13590407371521,2.148947
chelsea-odd-roi,planned-roi,2,42,0.14803199470043182,1.9781759977340698,2.1262080669403076,2.139203
chelsea-odd-roi,planned-roi,2,43,0.14860799908638,2.0014400482177734,2.150048017501831,2.162949
chelsea-odd-roi,planned-roi,2,44,0.16150400042533875,1.999135971069336,2.160640001296997,2.173995
chelsea-odd-roi,planned-roi,2,45,0.15087999403476715,1.9866559505462646,2.13753604888916,2.150701
chelsea-odd-roi,planned-roi,2,46,0.15663999319076538,1.9765440225601196,2.1331839561462402,2.146584
chelsea-odd-roi,planned-roi,2,47,0.14611199498176575,1.97542405128479,2.1215360164642334,2.134365
chelsea-odd-roi,planned-roi,2,48,0.15222400426864624,2.002847909927368,2.155071973800659,2.167856
chelsea-odd-roi,planned-roi,2,49,0.14767999947071075,1.9819519519805908,2.129631996154785,2.142608
chelsea-odd-roi,planned-roi,2,50,0.16316799819469452,1.9900480508804321,2.1532158851623535,2.166254
chelsea-odd-roi,planned-roi,2,51,0.1528639942407608,1.9823360443115234,2.135200023651123,2.148026
chelsea-odd-roi,planned-roi,2,52,0.1451839953660965,1.9859199523925781,2.131103992462158,2.14382
chelsea-odd-roi,planned-roi,2,53,0.14604799449443817,1.9678399562835693,2.1138880252838135,2.126383
chelsea-odd-roi,planned-roi,2,54,0.15404799580574036,2.036128044128418,2.190176010131836,2.202629
chelsea-odd-roi,planned-roi,2,55,0.14870400726795197,1.9528640508651733,2.1015679836273193,2.114255
chelsea-odd-roi,planned-roi,2,56,0.1669439971446991,1.9824960231781006,2.149440050125122,2.16386
chelsea-odd-roi,planned-roi,2,57,0.15007999539375305,1.991104006767273,2.141184091567993,2.154195
chelsea-odd-roi,planned-roi,2,58,0.14921599626541138,2.0231680870056152,2.172384023666382,2.185032
chelsea-odd-roi,planned-roi,2,59,0.14742399752140045,2.0155839920043945,2.163007974624634,2.175718
chelsea-odd-roi,planned-roi,2,60,0.14720000326633453,2.0021440982818604,2.149343967437744,2.162287
chelsea-odd-roi,planned-roi,2,61,0.15583999454975128,1.9289599657058716,2.0848000049591064,2.0979
chelsea-odd-roi,planned-roi,2,62,0.16764800250530243,1.9916479587554932,2.1592960357666016,2.171913
chelsea-odd-roi,planned-roi,2,63,0.14851200580596924,2.0082879066467285,2.1568000316619873,2.169338
chelsea-odd-roi,planned-roi,2,64,0.14640000462532043,1.9599039554595947,2.1063039302825928,2.118812
chelsea-odd-roi,planned-roi,2,65,0.15427200496196747,1.9501760005950928,2.104448080062866,2.11711
chelsea-odd-roi,planned-roi,2,66,0.1459520012140274,2.0009920597076416,2.146944046020508,2.159774
chelsea-odd-roi,planned-roi,2,67,0.14553600549697876,1.9919359683990479,2.137471914291382,2.150059
chelsea-odd-roi,planned-roi,2,68,0.1570879966020584,2.0064001083374023,2.1634879112243652,2.176539
chelsea-odd-roi,planned-roi,2,69,0.14668799936771393,1.97433602809906,2.1210238933563232,2.133885
chelsea-odd-roi,planned-roi,2,70,0.14640000462532043,1.950816035270691,2.0972158908843994,2.109808
chelsea-odd-roi,planned-roi,2,71,0.1441279947757721,1.9658880233764648,2.110016107559204,2.122718
chelsea-odd-roi,planned-roi,2,72,0.15379199385643005,1.9693119525909424,2.1231040954589844,2.135858
chelsea-odd-roi,planned-roi,2,73,0.14735999703407288,1.9905920028686523,2.1379520893096924,2.151962
chelsea-odd-roi,planned-roi,2,74,0.17766399681568146,2.0293760299682617,2.2070400714874268,2.220546
chelsea-odd-roi,planned-roi,2,75,0.14556799829006195,2.1366078853607178,2.2821760177612305,2.294668
chelsea-odd-roi,planned-roi,2,76,0.1470080018043518,2.0048959255218506,2.1519041061401367,2.164942
chelsea-odd-roi,planned-roi,2,77,0.1475519984960556,2.0036160945892334,2.15116810798645,2.16429
chelsea-odd-roi,planned-roi,2,78,0.14579200744628906,1.9657599925994873,2.1115520000457764,2.12412
chelsea-odd-roi,planned-roi,2,79,0.1603199988603592,2.0154879093170166,2.1758079528808594,2.188577
chelsea-odd-roi,planned-roi,2,80,0.14956800639629364,2.0225279331207275,2.172096014022827,2.184962
chelsea-odd-roi,planned-roi,2,81,0.14406399428844452,1.9972800016403198,2.1413440704345703,2.154205
chelsea-odd-roi,planned-roi,2,82,0.1451520025730133,1.971168041229248,2.1163198947906494,2.129097
chelsea-odd-roi,planned-roi,2,83,0.14553600549697876,1.9846080541610718,2.130143880844116,2.142899
chelsea-odd-roi,planned-roi,2,84,0.15385599434375763,1.9567999839782715,2.1106560230255127,2.123238
chelsea-odd-roi,planned-roi,2,85,0.15731200575828552,1.9764480590820312,2.1337599754333496,2.146704
chelsea-odd-roi,planned-roi,2,86,0.1467839926481247,1.9631680250167847,2.109951972961426,2.122969
chelsea-odd-roi,planned-roi,2,87,0.14534400403499603,1.9794559478759766,2.124799966812134,2.13777
chelsea-odd-roi,planned-roi,2,88,0.14636799693107605,1.9654079675674438,2.111776113510132,2.12459
chelsea-odd-roi,planned-roi,2,89,0.1462080031633377,1.99235200881958,2.1385600566864014,2.151712
chelsea-odd-roi,planned-roi,2,90,0.1488959938287735,1.9722559452056885,2.121151924133301,2.134035
chelsea-odd-roi,planned-roi,2,91,0.1634880006313324,1.9863040447235107,2.149791955947876,2.162628
chelsea-odd-roi,planned-roi,2,92,0.1446399986743927,1.9882880449295044,2.132927894592285,2.145983
chelsea-odd-roi,planned-roi,2,93,0.14918400347232819,1.9733760356903076,2.1225600242614746,2.135237
chelsea-odd-roi,planned-roi,2,94,0.16950400173664093,1.9797120094299316,2.1492159366607666,2.161817
chelsea-odd-roi,planned-roi,2,95,0.1509760022163391,2.0087039470672607,2.159679889678955,2.172904
chelsea-odd-roi,planned-roi,2,96,0.14790399372577667,1.9961919784545898,2.1440958976745605,2.157711
chelsea-odd-roi,planned-roi,2,97,0.1491519957780838,1.9958080053329468,2.1449599266052246,2.165983
chelsea-odd-roi,planned-roi,2,98,0.1454080045223236,1.9543039798736572,2.0997118949890137,2.112402
chelsea-odd-roi,planned-roi,2,99,0.14803199470043182,1.9852479696273804,2.133280038833618,2.145833
chelsea-odd-roi,planned-roi,2,100,0.1494079977273941,2.024991989135742,2.1744000911712646,2.188727
chelsea-odd-roi,planned-roi,2,101,0.15372799336910248,1.9824639558792114,2.1361920833587646,2.148958
chelsea-odd-roi,planned-roi,2,102,0.15663999319076538,1.9785280227661133,2.1351680755615234,2.148097
chelsea-odd-roi,planned-roi,2,103,0.14720000326633453,2.0206398963928223,2.167840003967285,2.180646
chelsea-odd-roi,planned-roi,2,104,0.14659200608730316,1.987712025642395,2.1343040466308594,2.146955
chelsea-odd-roi,planned-roi,2,105,0.1446080058813095,1.9808640480041504,2.125472068786621,2.138482
chelsea-odd-roi,planned-roi,2,106,0.14575999975204468,1.9580479860305786,2.1038079261779785,2.117389
chelsea-odd-roi,planned-roi,2,107,0.1555200070142746,1.9619200229644775,2.1174399852752686,2.130459
chelsea-odd-roi,planned-roi,2,108,0.14652800559997559,1.9918080568313599,2.138335943222046,2.151111
chelsea-odd-roi,planned-roi,2,109,0.14761599898338318,2.0263679027557373,2.1739840507507324,2.187145
chelsea-odd-roi,planned-roi,2,110,0.1438080072402954,2.0096960067749023,2.153503894805908,2.166053
chelsea-odd-roi,planned-roi,2,111,0.15305599570274353,2.116960048675537,2.2700159549713135,2.283011
chelsea-odd-roi,planned-roi,2,112,0.14847999811172485,2.038144111633301,2.186624050140381,2.199835
chelsea-odd-roi,planned-roi,2,113,0.15798400342464447,2.1501760482788086,2.3081600666046143,2.32184
chelsea-odd-roi,planned-roi,2,114,0.16742399334907532,2.127903938293457,2.29532790184021,2.310502
chelsea-odd-roi,planned-roi,2,115,0.15011200308799744,1.9650880098342896,2.1152000427246094,2.128287
chelsea-odd-roi,planned-roi,2,116,0.14454400539398193,1.9579520225524902,2.1024959087371826,2.115637
chelsea-odd-roi,planned-roi,2,117,0.15564799308776855,1.9638400077819824,2.119488000869751,2.132463
chelsea-odd-roi,planned-roi,2,118,0.14892800152301788,2.001568078994751,2.150496006011963,2.16396
chelsea-odd-roi,planned-roi,2,119,0.14659200608730316,1.9866559505462646,2.1332480907440186,2.146424
chelsea-odd-roi,planned-roi,2,120,0.14457599818706512,1.973695993423462,2.118272066116333,2.131531
chelsea-odd-roi,planned-roi,2,121,0.14748799800872803,2.052992105484009,2.2004799842834473,2.213245
chelsea-odd-roi,planned-roi,2,122,0.14534400403499603,1.9876480102539062,2.1329920291900635,2.146013
chelsea-odd-roi,planned-roi,2,123,0.16153599321842194,1.9864319562911987,2.147968053817749,2.161016
chelsea-odd-roi,planned-roi,2,124,0.14876799285411835,1.9806400537490845,2.1294078826904297,2.142488
chelsea-odd-roi,planned-roi,2,125,0.14476799964904785,1.9784959554672241,2.1232640743255615,2.135988
chelsea-odd-roi,planned-roi,2,126,0.14588800072669983,2.004319906234741,2.150207996368408,2.16353
chelsea-odd-roi,planned-roi,2,127,0.14627200365066528,1.99235200881958,2.1386239528656006,2.151362
chelsea-odd-roi,planned-roi,2,128,0.14870400726795197,1.9606720209121704,2.1093759536743164,2.122247
chelsea-odd-roi,planned-roi,2,129,0.15600000321865082,1.9778560400009155,2.1338560581207275,2.146604
chelsea-odd-roi,planned-roi,2,130,0.14483200013637543,1.9963200092315674,2.1411519050598145,2.153574
chelsea-odd-roi,planned-roi,2,131,0.14591999351978302,1.9994560480117798,2.145375967025757,2.158292
chelsea-odd-roi,planned-roi,2,132,0.14579200744628906,1.9882559776306152,2.1340479850769043,2.146984
chelsea-odd-roi,planned-roi,2,133,0.14771200716495514,1.9767040014266968,2.1244161128997803,2.13773
chelsea-odd-roi,planned-roi,2,134,0.1462399959564209,1.9555840492248535,2.1018240451812744,2.114916
chelsea-odd-roi,planned-roi,2,135,0.1759680062532425,1.9861760139465332,2.1621439456939697,2.175127
chelsea-odd-roi,planned-roi,2,136,0.1562879979610443,2.0041279792785645,2.1604158878326416,2.173374
chelsea-odd-roi,planned-roi,2,137,0.1478080004453659,2.047327995300293,2.195136070251465,2.207787
chelsea-odd-roi,planned-roi,2,138,0.15465599298477173,1.9998400211334229,2.15449595451355,2.169619
chelsea-odd-roi,planned-roi,2,139,0.14511999487876892,2.0275840759277344,2.172703981399536,2.185853
chelsea-odd-roi,planned-roi,2,140,0.1576319932937622,2.0095040798187256,2.1671359539031982,2.179364
chelsea-odd-roi,planned-roi,2,141,0.14847999811172485,1.993664026260376,2.142143964767456,2.154756
chelsea-odd-roi,planned-roi,2,142,0.14790399372577667,1.9952319860458374,2.1431360244750977,2.155598
chelsea-odd-roi,planned-roi,2,143,0.15161600708961487,1.97433602809906,2.1259520053863525,2.138742
chelsea-odd-roi,planned-roi,2,144,0.1520320028066635,1.9565759897232056,2.1086080074310303,2.122648
chelsea-odd-roi,planned-roi,2,145,0.14371199905872345,1.981503963470459,2.125216007232666,2.138261
chelsea-odd-roi,planned-roi,2,146,0.15670399367809296,2.0043840408325195,2.161087989807129,2.173244
chelsea-odd-roi,planned-roi,2,147,0.14713600277900696,2.0009920597076416,2.148128032684326,2.160636
chelsea-odd-roi,planned-roi,2,148,0.1467519998550415,2.021343946456909,2.1680960655212402,2.180806
chelsea-odd-roi,planned-roi,2,149,0.1475200057029724,1.977247953414917,2.124768018722534,2.14376
chelsea-odd-roi,planned-roi,2,150,0.14582400023937225,1.992095947265625,2.1379199028015137,2.151161
chelsea-odd-roi,planned-roi,2,151,0.1554879993200302,1.9650880098342896,2.1205759048461914,2.135817
chelsea-odd-roi,planned-roi,2,152,0.156031996011734,1.9489279985427856,2.1049599647521973,2.1179
chelsea-odd-roi,planned-roi,2,153,0.14416000247001648,1.9836159944534302,2.1277759075164795,2.140485
chelsea-odd-roi,planned-roi,2,154,0.14614400267601013,1.9905279874801636,2.136672019958496,2.148947
chelsea-odd-roi,planned-roi,2,155,0.14537599682807922,1.967743992805481,2.1131200790405273,2.125922
chelsea-odd-roi,planned-roi,2,156,0.1472959965467453,1.9883519411087036,2.135648012161255,2.148267
chelsea-odd-roi,planned-roi,2,157,0.1443839967250824,1.9460480213165283,2.0904319286346436,2.102928
chelsea-odd-roi,planned-roi,2,158,0.1568640023469925,1.9570560455322266,2.113919973373413,2.126043
chelsea-odd-roi,planned-roi,2,159,0.14787200093269348,1.9727040529251099,2.1205759048461914,2.134285
chelsea-odd-roi,planned-roi,2,160,0.1441279947757721,1.9875839948654175,2.131711959838867,2.14403
chelsea-odd-roi,planned-roi,2,161,0.14604799449443817,1.9633920192718506,2.1094400882720947,2.122337
chelsea-odd-roi,planned-roi,2,162,0.14406399428844452,1.9814079999923706,2.125472068786621,2.138592
chelsea-odd-roi,planned-roi,2,163,0.14630399644374847,1.9611200094223022,2.107424020767212,2.120435
chelsea-odd-roi,planned-roi,2,164,0.14502400159835815,1.9500800371170044,2.0951039791107178,2.108396
chelsea-odd-roi,planned-roi,2,165,0.1637440025806427,1.9864959716796875,2.150239944458008,2.16363
chelsea-odd-roi,planned-roi,2,166,0.14857600629329681,1.983456015586853,2.1320319175720215,2.145132
chelsea-odd-roi,planned-roi,2,167,0.14611199498176575,1.9771519899368286,2.1232640743255615,2.136078
chelsea-odd-roi,planned-roi,2,168,0.14348800480365753,2.001568078994751,2.1450560092926025,2.157831
chelsea-odd-roi,planned-roi,2,169,0.14524799585342407,1.9779200553894043,2.1231679916381836,2.135868
chelsea-odd-roi,planned-roi,2,170,0.1435520052909851,1.9736319780349731,2.1171839237213135,2.129448
chelsea-odd-roi,planned-roi,2,171,0.15507200360298157,1.9462080001831055,2.1012799739837646,2.113955
chelsea-odd-roi,planned-roi,2,172,0.1491519957780838,1.965183973312378,2.1143360137939453,2.13736
chelsea-odd-roi,planned-roi,2,173,0.14739200472831726,1.9832639694213867,2.1306560039520264,2.143359
chelsea-odd-roi,planned-roi,2,174,0.14787200093269348,1.9935359954833984,2.1414079666137695,2.153875
chelsea-odd-roi,planned-roi,2,175,0.14880000054836273,1.9833600521087646,2.132159948348999,2.145382
chelsea-odd-roi,planned-roi,2,176,0.14694400131702423,1.985376000404358,2.132319927215576,2.145422
chelsea-odd-roi,planned-roi,2,177,0.14614400267601013,1.9828799962997437,2.129024028778076,2.141706
chelsea-odd-roi,planned-roi,2,178,0.16473600268363953,1.9847359657287598,2.1494719982147217,2.161617
chelsea-odd-roi,planned-roi,2,179,0.14563199877738953,2.021631956100464,2.167263984680176,2.179924
chelsea-odd-roi,planned-roi,2,180,0.14473600685596466,1.990496039390564,2.1352319717407227,2.147755
chelsea-odd-roi,planned-roi,2,181,0.1472959965467453,2.0127038955688477,2.1600000858306885,2.172754
chelsea-odd-roi,planned-roi,2,182,0.14473600685596466,1.9846400022506714,2.12937593460083,2.142217
chelsea-odd-roi,planned-roi,2,183,0.15334400534629822,1.958624005317688,2.1119680404663086,2.125132
chelsea-odd-roi,planned-roi,2,184,0.14665600657463074,1.9746559858322144,2.121311902999878,2.134796
chelsea-odd-roi,planned-roi,2,185,0.1462080031633377,1.9602559804916382,2.10646390914917,2.118972
chelsea-odd-roi,planned-roi,2,186,0.14553600549697876,2.0097920894622803,2.1553280353546143,2.167235
chelsea-odd-roi,planned-roi,2,187,0.14630399644374847,1.9925440549850464,2.138848066329956,2.151701
chelsea-odd-roi,planned-roi,2,188,0.14739200472831726,1.9896639585494995,2.1370561122894287,2.149959
chelsea-odd-roi,planned-roi,2,189,0.162432000041008,1.960096001625061,2.122528076171875,2.135327
chelsea-odd-roi,planned-roi,2,190,0.14851200580596924,2.0118720531463623,2.160383939743042,2.173986
chelsea-odd-roi,planned-roi,2,191,0.1462080031633377,2.022336006164551,2.168544054031372,2.181907
chelsea-odd-roi,planned-roi,2,192,0.1459839940071106,2.00380802154541,2.149791955947876,2.162909
chelsea-odd-roi,planned-roi,2,193,0.15609599649906158,2.004863977432251,2.1609599590301514,2.173955
chelsea-odd-roi,planned-roi,2,194,0.14601600170135498,1.9922560453414917,2.1382720470428467,2.15077
chelsea-odd-roi,planned-roi,2,195,0.1592320054769516,1.9899840354919434,2.1492159366607666,2.161827
chelsea-odd-roi,planned-roi,2,196,0.1475840061903,1.9998719692230225,2.147455930709839,2.160285
chelsea-odd-roi,planned-roi,2,197,0.1443839967250824,2.0106239318847656,2.15500807762146,2.168196
chelsea-odd-roi,planned-roi,2,198,0.14537599682807922,1.9618879556655884,2.1072640419006348,2.120834
chelsea-odd-roi,planned-roi,2,199,0.1462080031633377,1.9969279766082764,2.1431360244750977,2.155978
chelsea-odd-roi,planned-roi,2,200,0.1446080058813095,2.010240077972412,2.154848098754883,2.167816
chelsea-odd-roi,planned-roi,2,201,0.15094399452209473,1.9635839462280273,2.114527940750122,2.136329
chelsea-odd-roi,planned-roi,2,202,0.14319999516010284,1.9838720560073853,2.1270720958709717,2.139594
chelsea-odd-roi,planned-roi,2,203,0.15459200739860535,1.962399959564209,2.1169919967651367,2.129007
chelsea-odd-roi,planned-roi,2,204,0.14614400267601013,1.990015983581543,2.136159896850586,2.149258
chelsea-odd-roi,planned-roi,2,205,0.1467200070619583,1.9807679653167725,2.127487897872925,2.141276
chelsea-odd-roi,planned-roi,2,206,0.1454399973154068,1.960960030555725,2.1064000129699707,2.118721
chelsea-odd-roi,planned-roi,2,207,0.16371199488639832,2.0232961177825928,2.1870079040527344,2.199034
chelsea-odd-roi,planned-roi,2,208,0.14611199498176575,1.9643199443817139,2.1104319095611572,2.122998
chelsea-odd-roi,planned-roi,2,209,0.14537599682807922,1.9865280389785767,2.131903886795044,2.144611
chelsea-odd-roi,planned-roi,2,210,0.14585599303245544,1.9759039878845215,2.1217598915100098,2.134225
chelsea-odd-roi,planned-roi,2,211,0.1483519971370697,1.9994239807128906,2.147775888442993,2.160475
chelsea-odd-roi,planned-roi,2,212,0.14735999703407288,1.991711974143982,2.1390719413757324,2.151832
chelsea-odd-roi,planned-roi,2,213,0.1555200070142746,1.9815679788589478,2.1370880603790283,2.149478
chelsea-odd-roi,planned-roi,2,214,0.1467519998550415,2.000351905822754,2.147104024887085,2.159414
chelsea-odd-roi,planned-roi,2,215,0.14774399995803833,1.9824960231781006,2.130239963531494,2.143149
chelsea-odd-roi,planned-roi,2,216,0.14588800072669983,2.0247039794921875,2.1705920696258545,2.18368
chelsea-odd-roi,planned-roi,2,217,0.14416000247001648,1.9702399969100952,2.1143999099731445,2.126954
chelsea-odd-roi,planned-roi,2,218,0.14582400023937225,1.9566400051116943,2.102463960647583,2.115106
chelsea-odd-roi,planned-roi,2,219,0.156031996011734,2.0162880420684814,2.1723198890686035,2.185012
chelsea-odd-roi,planned-roi,2,220,0.15824000537395477,2.032480001449585,2.1907200813293457,2.204923
chelsea-odd-roi,planned-roi,2,221,0.1464959979057312,2.038719892501831,2.185215950012207,2.198572
chelsea-odd-roi,planned-roi,2,222,0.1446080058813095,2.011359930038452,2.155967950820923,2.169389
chelsea-odd-roi,planned-roi,2,223,0.146464005112648,2.064608097076416,2.2110719680786133,2.224502
chelsea-odd-roi,planned-roi,2,224,0.15382400155067444,1.9886080026626587,2.1424319744110107,2.156018
chelsea-odd-roi,planned-roi,2,225,0.1464959979057312,2.043776035308838,2.190272092819214,2.202919
chelsea-odd-roi,planned-roi,2,226,0.15212799608707428,1.9825279712677002,2.1346559524536133,2.147706
chelsea-odd-roi,planned-roi,2,227,0.1518400013446808,1.9702399969100952,2.122080087661743,2.135738
chelsea-odd-roi,planned-roi,2,228,0.16383999586105347,2.03004789352417,2.193887948989868,2.207045
chelsea-odd-roi,planned-roi,2,229,0.1600320041179657,2.002592086791992,2.162623882293701,2.175829
chelsea-odd-roi,planned-roi,2,230,0.15663999319076538,2.0425920486450195,2.1992321014404297,2.212344
chelsea-odd-roi,planned-roi,2,231,0.14713600277900696,1.9979840517044067,2.1451199054718018,2.158372
chelsea-odd-roi,planned-roi,2,232,0.1462080031633377,1.9850560426712036,2.1312639713287354,2.144131
chelsea-odd-roi,planned-roi,2,233,0.14800000190734863,1.9692480564117432,2.117248058319092,2.129879
chelsea-odd-roi,planned-roi,2,234,0.15516799688339233,2.0066239833831787,2.161792039871216,2.174957
chelsea-odd-roi,planned-roi,2,235,0.1499200016260147,1.9886399507522583,2.1385600566864014,2.152613
chelsea-odd-roi,planned-roi,2,236,0.1483519971370697,1.9666240215301514,2.114975929260254,2.128447
chelsea-odd-roi,planned-roi,2,237,0.14652800559997559,1.9971840381622314,2.143712043762207,2.156879
chelsea-odd-roi,planned-roi,2,238,0.15695999562740326,1.9624639749526978,2.1194241046905518,2.132232
chelsea-odd-roi,planned-roi,2,239,0.14428800344467163,1.9987200498580933,2.14300799369812,2.155658
chelsea-odd-roi,planned-roi,2,240,0.15331199765205383,1.9818559885025024,2.1351680755615234,2.147685
chelsea-odd-roi,planned-roi,2,241,0.14655999839305878,1.9463679790496826,2.092927932739258,2.105642
chelsea-odd-roi,planned-roi,2,242,0.16115200519561768,1.9816639423370361,2.1428160667419434,2.156138
chelsea-odd-roi,planned-roi,2,243,0.14563199877738953,1.9612799882888794,2.1069118976593018,2.119543
chelsea-odd-roi,planned-roi,2,244,0.15145599842071533,2.0169920921325684,2.168447971343994,2.183951
chelsea-odd-roi,planned-roi,2,245,0.1472959965467453,1.9734079837799072,2.120703935623169,2.133474
chelsea-odd-roi,planned-roi,2,246,0.17263999581336975,1.974303960800171,2.146944046020508,2.159753
chelsea-odd-roi,planned-roi,2,247,0.14812800288200378,1.9913280010223389,2.139456033706665,2.152323
chelsea-odd-roi,planned-roi,2,248,0.14812800288200378,1.9997440576553345,2.147871971130371,2.160865
chelsea-odd-roi,planned-roi,2,249,0.1613440066576004,1.9843839406967163,2.14572811126709,2.158342
chelsea-odd-roi,planned-roi,2,250,0.1478080004453659,1.9758720397949219,2.1236801147460938,2.136528
chelsea-odd-roi,planned-roi,2,251,0.14655999839305878,2.0147199630737305,2.1612799167633057,2.173915
chelsea-odd-roi,planned-roi,2,252,0.1582079976797104,1.9680320024490356,2.1262400150299072,2.139183
chelsea-odd-roi,planned-roi,2,253,0.1472640037536621,2.023616075515747,2.170880079269409,2.18357
chelsea-odd-roi,planned-roi,2,254,0.1475519984960556,1.9686720371246338,2.1162240505218506,2.129287
chelsea-odd-roi,planned-roi,2,255,0.14534400403499603,1.986624002456665,2.1319680213928223,2.144751
chelsea-odd-roi,planned-roi,2,256,0.16208000481128693,1.9784640073776245,2.1405439376831055,2.154195
chelsea-odd-roi,planned-roi,2,257,0.1467519998550415,1.965664029121399,2.1124160289764404,2.125302
chelsea-odd-roi,planned-roi,2,258,0.16143999993801117,2.017024040222168,2.178463935852051,2.191442
chelsea-odd-roi,planned-roi,2,259,0.14771200716495514,1.9567359685897827,2.104448080062866,2.117801
chelsea-odd-roi,planned-roi,2,260,0.1459839940071106,2.0076160430908203,2.153599977493286,2.166584
chelsea-odd-roi,planned-roi,2,261,0.147039994597435,1.9758399724960327,2.122879981994629,2.136459
chelsea-odd-roi,planned-roi,2,262,0.1459520012140274,2.015872001647949,2.1618239879608154,2.174556
chelsea-odd-roi,planned-roi,2,263,0.16710400581359863,1.9885120391845703,2.155616044998169,2.168788
chelsea-odd-roi,planned-roi,2,264,0.15516799688339233,1.9778879880905151,2.1330559253692627,2.145412
chelsea-odd-roi,planned-roi,2,265,0.14627200365066528,2.042623996734619,2.1888959407806396,2.201587
chelsea-odd-roi,planned-roi,2,266,0.15967999398708344,1.993407964706421,2.153088092803955,2.165874
chelsea-odd-roi,planned-roi,2,267,0.14528000354766846,1.9973759651184082,2.142656087875366,2.155328
chelsea-odd-roi,planned-roi,2,268,0.1424960047006607,1.91593599319458,2.058432102203369,2.07149
chelsea-odd-roi,planned-roi,2,269,0.14336000382900238,1.9247679710388184,2.0681281089782715,2.080734
chelsea-odd-roi,planned-roi,2,270,0.15171200037002563,1.9802559614181519,2.1319680213928223,2.144491
chelsea-odd-roi,planned-roi,2,271,0.14694400131702423,1.9834879636764526,2.130431890487671,2.1437
chelsea-odd-roi,planned-roi,2,272,0.14643199741840363,1.959712028503418,2.1061439514160156,2.118742
chelsea-odd-roi,planned-roi,2,273,0.14368000626564026,1.9717119932174683,2.115391969680786,2.128115
chelsea-odd-roi,planned-roi,2,274,0.14419199526309967,1.9158079624176025,2.059999942779541,2.072632
chelsea-odd-roi,planned-roi,2,275,0.14179199934005737,1.964128017425537,2.1059200763702393,2.118571
chelsea-odd-roi,planned-roi,2,276,0.14476799964904785,2.012928009033203,2.157696008682251,2.17019
chelsea-odd-roi,planned-roi,2,277,0.16230399906635284,1.9095040559768677,2.071808099746704,2.09132
chelsea-odd-roi,planned-roi,2,278,0.14591999351978302,1.9190399646759033,2.06496000289917,2.07785
chelsea-odd-roi,planned-roi,2,279,0.14348800480365753,1.9883840084075928,2.1318719387054443,2.144761
chelsea-odd-roi,planned-roi,2,280,0.14643199741840363,1.978335976600647,2.124768018722534,2.13735
chelsea-odd-roi,planned-roi,2,281,0.1464959979057312,2.0320000648498535,2.1784958839416504,2.191262
chelsea-odd-roi,planned-roi,2,282,0.15753600001335144,2.009567975997925,2.1671040058135986,2.180095
chelsea-odd-roi,planned-roi,2,283,0.15724800527095795,1.9635839462280273,2.1208319664001465,2.133744
chelsea-odd-roi,planned-roi,2,284,0.14908799529075623,2.0448319911956787,2.1939198970794678,2.207326
chelsea-odd-roi,planned-roi,2,285,0.14790399372577667,1.982367992401123,2.1302719116210938,2.142668
chelsea-odd-roi,planned-roi,2,286,0.14511999487876892,2.014431953430176,2.1595520973205566,2.172143
chelsea-odd-roi,planned-roi,2,287,0.14582400023937225,1.984063982963562,2.1298880577087402,2.142558
chelsea-odd-roi,planned-roi,2,288,0.14627200365066528,1.9738880395889282,2.1201601028442383,2.133604
chelsea-odd-roi,planned-roi,2,289,0.15702399611473083,1.9660799503326416,2.1231040954589844,2.136859
chelsea-odd-roi,planned-roi,2,290,0.15030400454998016,1.9950400590896606,2.1453440189361572,2.157741
chelsea-odd-roi,planned-roi,2,291,0.15887999534606934,2.007999897003174,2.166879892349243,2.179694
chelsea-odd-roi,planned-roi,2,292,0.14668799936771393,2.0206398963928223,2.167327880859375,2.179774
chelsea-odd-roi,planned-roi,2,293,0.1472959965467453,1.9839359521865845,2.1312320232391357,2.143809
chelsea-odd-roi,planned-roi,2,294,0.14563199877738953,2.003200054168701,2.148832082748413,2.161747
chelsea-odd-roi,planned-roi,2,295,0.1562879979610443,2.003551959991455,2.1598401069641113,2.172513
chelsea-odd-roi,planned-roi,2,296,0.1462080031633377,1.9587199687957764,2.1049280166625977,2.117159
chelsea-odd-roi,planned-roi,2,297,0.14713600277900696,1.9655359983444214,2.1126720905303955,2.125662
chelsea-odd-roi,planned-roi,2,298,0.14537599682807922,1.9698560237884521,2.115231990814209,2.127635
chelsea-odd-roi,planned-roi,2,299,0.14531199634075165,1.977120041847229,2.122431993484497,2.135206
chelsea-odd-roi,planned-roi,3,0,0.15961599349975586,1.9926400184631348,2.1522560119628906,2.175007
chelsea-odd-roi,planned-roi,3,1,0.14867199957370758,2.015104055404663,2.16377592086792,2.177521
chelsea-odd-roi,planned-roi,3,2,0.15619200468063354,1.9800959825515747,2.1362879276275635,2.150851
chelsea-odd-roi,planned-roi,3,3,0.1554879993200302,2.0102720260620117,2.165760040283203,2.178923
chelsea-odd-roi,planned-roi,3,4,0.1544640064239502,2.0029120445251465,2.1573760509490967,2.170731
chelsea-odd-roi,planned-roi,3,5,0.15094399452209473,2.0163519382476807,2.1672959327697754,2.180155
chelsea-odd-roi,planned-roi,3,6,0.14793600142002106,1.9843839406967163,2.132319927215576,2.145222
chelsea-odd-roi,planned-roi,3,7,0.14659200608730316,1.9897279739379883,2.136320114135742,2.148817
chelsea-odd-roi,planned-roi,3,8,0.14537599682807922,1.9711359739303589,2.1165120601654053,2.129448
chelsea-odd-roi,planned-roi,3,9,0.14265599846839905,1.91103994846344,2.0536959171295166,2.066503
chelsea-odd-roi,planned-roi,3,10,0.14284799993038177,1.948415994644165,2.091264009475708,2.103749
chelsea-odd-roi,planned-roi,3,11,0.15881599485874176,1.9323519468307495,2.09116792678833,2.10423
chelsea-odd-roi,planned-roi,3,12,0.14608000218868256,1.9709440469741821,2.1170239448547363,2.129578
chelsea-odd-roi,planned-roi,3,13,0.14662399888038635,1.9646079540252686,2.111232042312622,2.12397
chelsea-odd-roi,planned-roi,3,14,0.1470080018043518,1.9831680059432983,2.130176067352295,2.143268
chelsea-odd-roi,planned-roi,3,15,0.1512639969587326,1.9660799503326416,2.1173439025878906,2.13075
chelsea-odd-roi,planned-roi,3,16,0.1440960019826889,1.956704020500183,2.100800037384033,2.113914
chelsea-odd-roi,planned-roi,3,17,0.1520320028066635,1.9707200527191162,2.1227519512176514,2.135997
chelsea-odd-roi,planned-roi,3,18,0.1544319987297058,1.9033279418945312,2.057760000228882,2.078741
chelsea-odd-roi,planned-roi,3,19,0.1457280069589615,1.9181760549545288,2.063904047012329,2.076958
chelsea-odd-roi,planned-roi,3,20,0.14815999567508698,1.917855978012085,2.0660159587860107,2.07857
chelsea-odd-roi,planned-roi,3,21,0.14547200500965118,1.976863980293274,2.122335910797119,2.135036
chelsea-odd-roi,planned-roi,3,22,0.1478399932384491,2.015455961227417,2.1632959842681885,2.176119
chelsea-odd-roi,planned-roi,3,23,0.16211199760437012,1.9795199632644653,2.141632080078125,2.154667
chelsea-odd-roi,planned-roi,3,24,0.14668799936771393,1.973471999168396,2.1201601028442383,2.132833
chelsea-odd-roi,planned-roi,3,25,0.15721599757671356,2.0034561157226562,2.1606719493865967,2.173154
chelsea-odd-roi,planned-roi,3,26,0.14745600521564484,2.022304058074951,2.16975998878479,2.182639
chelsea-odd-roi,planned-roi,3,27,0.1472959965467453,1.9819200038909912,2.129215955734253,2.145912
chelsea-odd-roi,planned-roi,3,28,0.1478399932384491,1.9486080408096313,2.0964479446411133,2.109638
chelsea-odd-roi,planned-roi,3,29,0.1470080018043518,1.9519679546356201,2.098975896835327,2.111611
chelsea-odd-roi,planned-roi,3,30,0.15321600437164307,1.9712320566177368,2.12444806098938,2.13718
chelsea-odd-roi,planned-roi,3,31,0.15507200360298157,1.948896050453186,2.1039679050445557,2.116218
chelsea-odd-roi,planned-roi,3,32,0.14860799908638,1.9109439849853516,2.059551954269409,2.080955
chelsea-odd-roi,planned-roi,3,33,0.15839999914169312,2.0976641178131104,2.256063938140869,2.268829
chelsea-odd-roi,planned-roi,3,34,0.14713600277900696,1.99344003200531,2.140575885772705,2.153925
chelsea-odd-roi,planned-roi,3,35,0.14771200716495514,2.006783962249756,2.15449595451355,2.166985
chelsea-odd-roi,planned-roi,3,36,0.14787200093269348,1.9952319860458374,2.143104076385498,2.156248
chelsea-odd-roi,planned-roi,3,37,0.16524800658226013,2.0077760219573975,2.1730239391326904,2.185593
chelsea-odd-roi,planned-roi,3,38,0.1510079950094223,2.0150399208068848,2.166048049926758,2.179394
chelsea-odd-roi,planned-roi,3,39,0.1493760049343109,1.9873600006103516,2.1367359161376953,2.149438
chelsea-odd-roi,planned-roi,3,40,0.16025599837303162,1.9974080324172974,2.1576640605926514,2.17061
chelsea-odd-roi,planned-roi,3,41,0.14399999380111694,1.9184000492095947,2.0624001026153564,2.074876
chelsea-odd-roi,planned-roi,3,42,0.14316800236701965,1.9371839761734009,2.0803520679473877,2.092482
chelsea-odd-roi,planned-roi,3,43,0.1520639955997467,2.005631923675537,2.157696008682251,2.17043
chelsea-odd-roi,planned-roi,3,44,0.16633599996566772,1.9728959798812866,2.1392319202423096,2.152002
chelsea-odd-roi,planned-roi,3,45,0.14694400131702423,2.0240960121154785,2.1710400581359863,2.18408
chelsea-odd-roi,planned-roi,3,46,0.14713600277900696,1.9641920328140259,2.111327886581421,2.12427
chelsea-odd-roi,planned-roi,3,47,0.14614400267601013,1.9744319915771484,2.1205759048461914,2.133284
chelsea-odd-roi,planned-roi,3,48,0.14419199526309967,1.946079969406128,2.0902719497680664,2.103729
chelsea-odd-roi,planned-roi,3,49,0.15299199521541595,1.9633280038833618,2.1163198947906494,2.129138
chelsea-odd-roi,planned-roi,3,50,0.15033599734306335,1.9503999948501587,2.100735902786255,2.122778
chelsea-odd-roi,planned-roi,3,51,0.14393599331378937,1.8993279933929443,2.0432639122009277,2.055756
chelsea-odd-roi,planned-roi,3,52,0.1422400027513504,1.9097280502319336,2.0519680976867676,2.06446
chelsea-odd-roi,planned-roi,3,53,0.143327996134758,1.900447964668274,2.043776035308838,2.056358
chelsea-odd-roi,planned-roi,3,54,0.14300799369812012,2.006335973739624,2.149343967437744,2.162448
chelsea-odd-roi,planned-roi,3,55,0.14950400590896606,2.0567679405212402,2.2062718868255615,2.219234
chelsea-odd-roi,planned-roi,3,56,0.15596799552440643,1.982975959777832,2.138943910598755,2.152223
chelsea-odd-roi,planned-roi,3,57,0.15699200332164764,1.972864031791687,2.1298561096191406,2.142788
chelsea-odd-roi,planned-roi,3,58,0.15347200632095337,1.980672001838684,2.1341440677642822,2.148196
chelsea-odd-roi,planned-roi,3,59,0.14652800559997559,1.9909440279006958,2.137471914291382,2.15053
chelsea-odd-roi,planned-roi,3,60,0.14761599898338318,2.0628159046173096,2.2104320526123047,2.22352
chelsea-odd-roi,planned-roi,3,61,0.14857600629329681,2.131103992462158,2.279680013656616,2.292655
chelsea-odd-roi,planned-roi,3,62,0.15273599326610565,1.9694080352783203,2.1221439838409424,2.135848
chelsea-odd-roi,planned-roi,3,63,0.14665600657463074,2.008768081665039,2.155424118041992,2.168407
chelsea-odd-roi,planned-roi,3,64,0.14697599411010742,2.0400960445404053,2.1870720386505127,2.200125
chelsea-odd-roi,planned-roi,3,65,0.1493760049343109,2.0237441062927246,2.1731200218200684,2.186425
chelsea-odd-roi,planned-roi,3,66,0.1472640037536621,1.9578239917755127,2.105087995529175,2.11789
chelsea-odd-roi,planned-roi,3,67,0.15689599514007568,2.017728090286255,2.174623966217041,2.187326
chelsea-odd-roi,planned-roi,3,68,0.14828799664974213,2.022144079208374,2.1704320907592773,2.1838
chelsea-odd-roi,planned-roi,3,69,0.14927999675273895,2.0083200931549072,2.157599925994873,2.170941
chelsea-odd-roi,planned-roi,3,70,0.14902399480342865,2.038719892501831,2.187743902206421,2.200926
chelsea-odd-roi,planned-roi,3,71,0.14553600549697876,2.0733120441436768,2.2188479900360107,2.231393
chelsea-odd-roi,planned-roi,3,72,0.1584320068359375,1.9960960149765015,2.1545279026031494,2.167265
chelsea-odd-roi,planned-roi,3,73,0.14739200472831726,2.015552043914795,2.1629440784454346,2.175978
chelsea-odd-roi,planned-roi,3,74,0.15292799472808838,2.020512104034424,2.1734399795532227,2.186534
chelsea-odd-roi,planned-roi,3,75,0.1520320028066635,2.013792037963867,2.1658239364624023,2.178762
chelsea-odd-roi,planned-roi,3,76,0.14880000054836273,2.0120959281921387,2.160896062850952,2.174066
chelsea-odd-roi,planned-roi,3,77,0.16342400014400482,2.04150390625,2.204927921295166,2.217702
chelsea-odd-roi,planned-roi,3,78,0.14959999918937683,2.0218238830566406,2.17142391204834,2.184351
chelsea-odd-roi,planned-roi,3,79,0.14947199821472168,2.006688117980957,2.1561601161956787,2.169088
chelsea-odd-roi,planned-roi,3,80,0.1475519984960556,2.073791980743408,2.221343994140625,2.234087
chelsea-odd-roi,planned-roi,3,81,0.1491519957780838,2.062880039215088,2.2120320796966553,2.225113
chelsea-odd-roi,planned-roi,3,82,0.15305599570274353,2.019455909729004,2.1725120544433594,2.185342
chelsea-odd-roi,planned-roi,3,83,0.15228800475597382,2.0445759296417236,2.196863889694214,2.21
chelsea-odd-roi,planned-roi,3,84,0.16883200407028198,1.9814399480819702,2.1502718925476074,2.164802
chelsea-odd-roi,planned-roi,3,85,0.15673600137233734,2.0621120929718018,2.2188479900360107,2.233405
chelsea-odd-roi,planned-roi,3,86,0.15929600596427917,1.9835200309753418,2.1428160667419434,2.155747
chelsea-odd-roi,planned-roi,3,87,0.14847999811172485,2.0074241161346436,2.1559040546417236,2.168026
chelsea-odd-roi,planned-roi,3,88,0.14640000462532043,1.9707839488983154,2.1171839237213135,2.129568
chelsea-odd-roi,planned-roi,3,89,0.14534400403499603,1.9879679679870605,2.1333119869232178,2.145913
chelsea-odd-roi,planned-roi,3,90,0.14847999811172485,2.026304006576538,2.174783945083618,2.187756
chelsea-odd-roi,planned-roi,3,91,0.15670399367809296,1.9422399997711182,2.0989439487457275,2.111641
chelsea-odd-roi,planned-roi,3,92,0.1712000072002411,1.9915519952774048,2.1627519130706787,2.176189
chelsea-odd-roi,planned-roi,3,93,0.14601600170135498,1.9491519927978516,2.095168113708496,2.108276
chelsea-odd-roi,planned-roi,3,94,0.14339199662208557,2.0058560371398926,2.149247884750366,2.161316
chelsea-odd-roi,planned-roi,3,95,0.14588800072669983,1.949887990951538,2.095776081085205,2.108817
chelsea-odd-roi,planned-roi,3,96,0.14575999975204468,1.9805760383605957,2.126336097717285,2.138532
chelsea-odd-roi,planned-roi,3,97,0.1472640037536621,1.9596480131149292,2.1069118976593018,2.120985
chelsea-odd-roi,planned-roi,3,98,0.16096000373363495,1.9826560020446777,2.143615961074829,2.156018
chelsea-odd-roi,planned-roi,3,99,0.15398399531841278,1.9825279712677002,2.136512041091919,2.149208
chelsea-odd-roi,planned-roi,3,100,0.14777599275112152,1.9907840490341187,2.1385600566864014,2.151181
chelsea-odd-roi,planned-roi,3,101,0.14604799449443817,1.9919040203094482,2.1379520893096924,2.151231
chelsea-odd-roi,planned-roi,3,102,0.14892800152301788,1.970080018043518,2.1190080642700195,2.131971
chelsea-odd-roi,planned-roi,3,103,0.14588800072669983,1.9609919786453247,2.106879949569702,2.119132
chelsea-odd-roi,planned-roi,3,104,0.15587200224399567,2.008960008621216,2.16483211517334,2.177792
chelsea-odd-roi,planned-roi,3,105,0.14790399372577667,1.955839991569519,2.1037440299987793,2.116368
chelsea-odd-roi,planned-roi,3,106,0.146464005112648,2.013216018676758,2.159679889678955,2.172303
chelsea-odd-roi,planned-roi,3,107,0.14803199470043182,1.959231972694397,2.1072640419006348,2.120104
chelsea-odd-roi,planned-roi,3,108,0.14528000354766846,2.042975902557373,2.188256025314331,2.200967
chelsea-odd-roi,planned-roi,3,109,0.14767999947071075,1.9657280445098877,2.113408088684082,2.126353
chelsea-odd-roi,planned-roi,3,110,0.15542399883270264,2.125119924545288,2.2805440425872803,2.293407
chelsea-odd-roi,planned-roi,3,111,0.14585599303245544,1.9728959798812866,2.1187520027160645,2.131461
chelsea-odd-roi,planned-roi,3,112,0.14591999351978302,1.9665600061416626,2.1124799251556396,2.125031
chelsea-odd-roi,planned-roi,3,113,0.14636799693107605,1.9705920219421387,2.116960048675537,2.129969
chelsea-odd-roi,planned-roi,3,114,0.14959999918937683,1.9867839813232422,2.1363840103149414,2.149168
chelsea-odd-roi,planned-roi,3,115,0.14710399508476257,2.001055955886841,2.148159980773926,2.160896
chelsea-odd-roi,planned-roi,3,116,0.15033599734306335,2.020672082901001,2.1710081100463867,2.184702
chelsea-odd-roi,planned-roi,3,117,0.150751993060112,2.005568027496338,2.156320095062256,2.169549
chelsea-odd-roi,planned-roi,3,118,0.14950400590896606,1.9904639720916748,2.139967918395996,2.152733
chelsea-odd-roi,planned-roi,3,119,0.1459520012140274,1.9875199794769287,2.133471965789795,2.146043
chelsea-odd-roi,planned-roi,3,120,0.14480000734329224,2.0032958984375,2.1480960845947266,2.160705
chelsea-odd-roi,planned-roi,3,121,0.15987199544906616,1.966048002243042,2.125920057296753,2.138842
chelsea-odd-roi,planned-roi,3,122,0.14611199498176575,2.0848639011383057,2.230976104736328,2.243661
chelsea-odd-roi,planned-roi,3,123,0.15039999783039093,2.013184070587158,2.163583993911743,2.176749
chelsea-odd-roi,planned-roi,3,124,0.1499200016260147,2.0076799392700195,2.157599925994873,2.17069
chelsea-odd-roi,planned-roi,3,125,0.1486400067806244,1.9790079593658447,2.127648115158081,2.140435
chelsea-odd-roi,planned-roi,3,126,0.1570879966020584,2.020128011703491,2.177216053009033,2.19036
chelsea-odd-roi,planned-roi,3,127,0.15081599354743958,2.047071933746338,2.197887897491455,2.211181
chelsea-odd-roi,planned-roi,3,128,0.14691199362277985,2.0,2.146912097930908,2.159383
chelsea-odd-roi,planned-roi,3,129,0.15014399588108063,2.011136054992676,2.1612799167633057,2.173805
chelsea-odd-roi,planned-roi,3,130,0.14847999811172485,1.9769279956817627,2.1254079341888428,2.138211
chelsea-odd-roi,planned-roi,3,131,0.14921599626541138,1.996127963066101,2.1453440189361572,2.165894
chelsea-odd-roi,planned-roi,3,132,0.15651200711727142,1.9844800233840942,2.1409919261932373,2.154486
chelsea-odd-roi,planned-roi,3,133,0.14745600521564484,2.0622079372406006,2.2096641063690186,2.222519
chelsea-odd-roi,planned-roi,3,134,0.14735999703407288,2.0307199954986572,2.1780800819396973,2.191022
chelsea-odd-roi,planned-roi,3,135,0.14735999703407288,1.9914239645004272,2.1387839317321777,2.151812
chelsea-odd-roi,planned-roi,3,136,0.1504960060119629,1.98854398727417,2.139039993286133,2.151962
chelsea-odd-roi,planned-roi,3,137,0.1608320027589798,2.0142080783843994,2.1750400066375732,2.188307
chelsea-odd-roi,planned-roi,3,138,0.1491519957780838,2.0009920597076416,2.150144100189209,2.16317
chelsea-odd-roi,planned-roi,3,139,0.14777599275112152,1.9786880016326904,2.1264638900756836,2.139764
chelsea-odd-roi,planned-roi,3,140,0.1509760022163391,2.0203840732574463,2.1713600158691406,2.184341
chelsea-odd-roi,planned-roi,3,141,0.14777599275112152,2.0190720558166504,2.1668479442596436,2.179113
chelsea-odd-roi,planned-roi,3,142,0.16073599457740784,2.01145601272583,2.172192096710205,2.185843
chelsea-odd-roi,planned-roi,3,143,0.14796799421310425,1.9972480535507202,2.1452159881591797,2.158653
chelsea-odd-roi,planned-roi,3,144,0.1454080045223236,1.9522559642791748,2.0976641178131104,2.110179
chelsea-odd-roi,planned-roi,3,145,0.14796799421310425,1.9905920028686523,2.1385600566864014,2.151391
chelsea-odd-roi,planned-roi,3,146,0.147039994597435,1.9742079973220825,2.1212480068206787,2.134085
chelsea-odd-roi,planned-roi,3,147,0.15273599326610565,1.9562560319900513,2.108992099761963,2.123829
chelsea-odd-roi,planned-roi,3,148,0.15488000214099884,1.9906560182571411,2.145535945892334,2.158151
chelsea-odd-roi,planned-roi,3,149,0.1467200070619583,1.9599360227584839,2.106656074523926,2.119032
chelsea-odd-roi,planned-roi,3,150,0.14486399292945862,1.9786880016326904,2.123552083969116,2.136048
chelsea-odd-roi,planned-roi,3,151,0.14880000054836273,1.984928011894226,2.13372802734375,2.146633
chelsea-odd-roi,planned-roi,3,152,0.1480640023946762,1.9664640426635742,2.114527940750122,2.127354
chelsea-odd-roi,planned-roi,3,153,0.1491519957780838,1.9756159782409668,2.124768018722534,2.13762
chelsea-odd-roi,planned-roi,3,154,0.14742399752140045,2.0588479042053223,2.2062718868255615,2.219384
chelsea-odd-roi,planned-roi,3,155,0.15094399452209473,2.008415937423706,2.159359931945801,2.172393
chelsea-odd-roi,planned-roi,3,156,0.1478399932384491,2.0110080242156982,2.1588480472564697,2.171692
chelsea-odd-roi,planned-roi,3,157,0.14927999675273895,2.017791986465454,2.167072057723999,2.180014
chelsea-odd-roi,planned-roi,3,158,0.14694400131702423,2.023616075515747,2.170559883117676,2.18345
chelsea-odd-roi,planned-roi,3,159,0.160288006067276,2.0184640884399414,2.1787519454956055,2.191552
chelsea-odd-roi,planned-roi,3,160,0.15004800260066986,2.0385279655456543,2.1885759830474854,2.201417
chelsea-odd-roi,planned-roi,3,161,0.15116800367832184,1.9653120040893555,2.1164801120758057,2.129598
chelsea-odd-roi,planned-roi,3,162,0.1470080018043518,1.9933760166168213,2.1403839588165283,2.153945
chelsea-odd-roi,planned-roi,3,163,0.14640000462532043,2.040287971496582,2.18668794631958,2.199644
chelsea-odd-roi,planned-roi,3,164,0.14761599898338318,1.9701119661331177,2.1177279949188232,2.13079
chelsea-odd-roi,planned-roi,3,165,0.16355200111865997,2.0222079753875732,2.185760021209717,2.200916
chelsea-odd-roi,planned-roi,3,166,0.15094399452209473,1.977344036102295,2.1282880306243896,2.141346
chelsea-odd-roi,planned-roi,3,167,0.15542399883270264,1.9648640155792236,2.1202878952026367,2.134456
chelsea-odd-roi,planned-roi,3,168,0.1493760049343109,1.9950400590896606,2.144416093826294,2.15697
chelsea-odd-roi,planned-roi,3,169,0.1488959938287735,1.9894399642944336,2.138335943222046,2.151612
chelsea-odd-roi,planned-roi,3,170,0.15545600652694702,2.031008005142212,2.1864640712738037,2.199804
chelsea-odd-roi,planned-roi,3,171,0.14895999431610107,2.003135919570923,2.1520960330963135,2.164702
chelsea-odd-roi,planned-roi,3,172,0.14636799693107605,2.015872001647949,2.1622400283813477,2.174927
chelsea-odd-roi,planned-roi,3,173,0.14988799393177032,2.0136959552764893,2.163583993911743,2.176519
chelsea-odd-roi,planned-roi,3,174,0.14796799421310425,1.9930239915847778,2.1409919261932373,2.154175
chelsea-odd-roi,planned-roi,3,175,0.15619200468063354,1.974784016609192,2.1309759616851807,2.156679
chelsea-odd-roi,planned-roi,3,176,0.150176003575325,1.9932479858398438,2.1434240341186523,2.156198
chelsea-odd-roi,planned-roi,3,177,0.14761599898338318,2.021023988723755,2.168639898300171,2.181186
chelsea-odd-roi,planned-roi,3,178,0.14851200580596924,2.0740480422973633,2.222559928894043,2.235679
chelsea-odd-roi,planned-roi,3,179,0.1509760022163391,2.0411200523376465,2.192095994949341,2.204772
chelsea-odd-roi,planned-roi,3,180,0.15955199301242828,2.111776113510132,2.2713279724121094,2.285033
chelsea-odd-roi,planned-roi,3,181,0.15907199680805206,2.0447680950164795,2.2038400173187256,2.217902
chelsea-odd-roi,planned-roi,3,182,0.15535999834537506,1.992959976196289,2.148319959640503,2.162137
chelsea-odd-roi,planned-roi,3,183,0.1502079963684082,2.0302720069885254,2.1804800033569336,2.193636
chelsea-odd-roi,planned-roi,3,184,0.15039999783039093,1.978111982345581,2.128511905670166,2.141286
chelsea-odd-roi,planned-roi,3,185,0.16070400178432465,1.9915519952774048,2.1522560119628906,2.165192
chelsea-odd-roi,planned-roi,3,186,0.15123200416564941,1.9994560480117798,2.1506879329681396,2.163519
chelsea-odd-roi,planned-roi,3,187,0.14812800288200378,2.0375680923461914,2.1856958866119385,2.198413
chelsea-odd-roi,planned-roi,3,188,0.14723199605941772,1.9929280281066895,2.140160083770752,2.153214
chelsea-odd-roi,planned-roi,3,189,0.14697599411010742,1.9666240215301514,2.113600015640259,2.126383
chelsea-odd-roi,planned-roi,3,190,0.1571200042963028,1.9723520278930664,2.129472017288208,2.142828
chelsea-odd-roi,planned-roi,3,191,0.1520320028066635,2.0048959255218506,2.156928062438965,2.170149
chelsea-odd-roi,planned-roi,3,192,0.15004800260066986,2.0562241077423096,2.2062718868255615,2.219384
chelsea-odd-roi,planned-roi,3,193,0.14867199957370758,2.0064001083374023,2.155071973800659,2.167726
chelsea-odd-roi,planned-roi,3,194,0.14883199334144592,1.9962559938430786,2.145087957382202,2.158081
chelsea-odd-roi,planned-roi,3,195,0.14710399508476257,1.9918080568313599,2.1389119625091553,2.152283
chelsea-odd-roi,planned-roi,3,196,0.14822399616241455,2.016511917114258,2.164736032485962,2.178171
chelsea-odd-roi,planned-roi,3,197,0.1467839926481247,2.0100479125976562,2.156831979751587,2.169509
chelsea-odd-roi,planned-roi,3,198,0.14825600385665894,2.0105600357055664,2.15881609916687,2.171501
chelsea-odd-roi,planned-roi,3,199,0.1478399932384491,2.0166399478912354,2.164479970932007,2.177931
chelsea-odd-roi,planned-roi,3,200,0.14956800639629364,2.00982403755188,2.1593921184539795,2.172463
chelsea-odd-roi,planned-roi,3,201,0.15958400070667267,2.0613439083099365,2.2209279537200928,2.233876
chelsea-odd-roi,planned-roi,3,202,0.147039994597435,1.9914239645004272,2.1384639739990234,2.152112
chelsea-odd-roi,planned-roi,3,203,0.14873600006103516,1.9892799854278564,2.1380159854888916,2.15084
chelsea-odd-roi,planned-roi,3,204,0.14899200201034546,1.9742720127105713,2.1232640743255615,2.136198
chelsea-odd-roi,planned-roi,3,205,0.14924800395965576,1.9538559913635254,2.1031041145324707,2.115467
chelsea-odd-roi,planned-roi,3,206,0.1555519998073578,2.1294078826904297,2.2849600315093994,2.297502
chelsea-odd-roi,planned-roi,3,207,0.14800000190734863,2.0293760299682617,2.1773760318756104,2.190821
chelsea-odd-roi,planned-roi,3,208,0.1478399932384491,1.9737919569015503,2.1216320991516113,2.134425
chelsea-odd-roi,planned-roi,3,209,0.14819200336933136,1.9918400049209595,2.1400320529937744,2.153154
chelsea-odd-roi,planned-roi,3,210,0.1457280069589615,2.096832036972046,2.2425599098205566,2.255629
chelsea-odd-roi,planned-roi,3,211,0.1629440039396286,1.9926079511642456,2.1555519104003906,2.168417
chelsea-odd-roi,planned-roi,3,212,0.14716799557209015,2.0018880367279053,2.1490559577941895,2.162238
chelsea-odd-roi,planned-roi,3,213,0.14934399724006653,1.9880000352859497,2.1373438835144043,2.150119
chelsea-odd-roi,planned-roi,3,214,0.14774399995803833,1.9972800016403198,2.145024061203003,2.157711
chelsea-odd-roi,planned-roi,3,215,0.14908799529075623,2.01094388961792,2.160032033920288,2.173384
chelsea-odd-roi,planned-roi,3,216,0.1562879979610443,1.981119990348816,2.1374080181121826,2.15091
chelsea-odd-roi,planned-roi,3,217,0.1528320014476776,2.046112060546875,2.198944091796875,2.211943
chelsea-odd-roi,planned-roi,3,218,0.1584639996290207,2.0297279357910156,2.1881918907165527,2.201377
chelsea-odd-roi,planned-roi,3,219,0.14908799529075623,2.019871950149536,2.1689600944519043,2.181938
chelsea-odd-roi,planned-roi,3,220,0.14860799908638,2.0818560123443604,2.230463981628418,2.243791
chelsea-odd-roi,planned-roi,3,221,0.16022400557994843,2.003040075302124,2.163264036178589,2.17698
chelsea-odd-roi,planned-roi,3,222,0.15065599977970123,2.004159927368164,2.154815912246704,2.168357
chelsea-odd-roi,planned-roi,3,223,0.150176003575325,2.0218238830566406,2.171999931335449,2.185093
chelsea-odd-roi,planned-roi,3,224,0.15078400075435638,2.010175943374634,2.1609599590301514,2.173685
chelsea-odd-roi,planned-roi,3,225,0.15744000673294067,1.9791680574417114,2.1366078853607178,2.149499
chelsea-odd-roi,planned-roi,3,226,0.1563200056552887,2.0114879608154297,2.1678080558776855,2.181016
chelsea-odd-roi,planned-roi,3,227,0.15014399588108063,2.0167040824890137,2.1668479442596436,2.180245
chelsea-odd-roi,planned-roi,3,228,0.1502400040626526,1.9733120203018188,2.123552083969116,2.136639
chelsea-odd-roi,planned-roi,3,229,0.14777599275112152,1.9907840490341187,2.1385600566864014,2.151551
chelsea-odd-roi,planned-roi,3,230,0.15039999783039093,1.963263988494873,2.113663911819458,2.126824
chelsea-odd-roi,planned-roi,3,231,0.14611199498176575,1.9958080053329468,2.1419200897216797,2.154706
chelsea-odd-roi,planned-roi,3,232,0.16051200032234192,2.0055360794067383,2.166048049926758,2.179133
chelsea-odd-roi,planned-roi,3,233,0.14857600629329681,2.027168035507202,2.17574405670166,2.188568
chelsea-odd-roi,planned-roi,3,234,0.15116800367832184,2.006079912185669,2.157248020172119,2.17031
chelsea-odd-roi,planned-roi,3,235,0.14627200365066528,1.9929920434951782,2.1392641067504883,2.151912
chelsea-odd-roi,planned-roi,3,236,0.15423999726772308,1.9697920083999634,2.1240320205688477,2.136768
chelsea-odd-roi,planned-roi,3,237,0.1549759954214096,1.9615999460220337,2.1165759563446045,2.129097
chelsea-odd-roi,planned-roi,3,238,0.15030400454998016,2.0298879146575928,2.180191993713379,2.193285
chelsea-odd-roi,planned-roi,3,239,0.1491200029850006,2.0486719608306885,2.1977920532226562,2.211572
chelsea-odd-roi,planned-roi,3,240,0.15827199816703796,2.0153920650482178,2.173664093017578,2.187426
chelsea-odd-roi,planned-roi,3,241,0.14777599275112152,2.010848045349121,2.1586239337921143,2.171782
chelsea-odd-roi,planned-roi,3,242,0.15955199301242828,1.9798719882965088,2.1394240856170654,2.153474
chelsea-odd-roi,planned-roi,3,243,0.1510400027036667,1.9867199659347534,2.1377599239349365,2.151001
chelsea-odd-roi,planned-roi,3,244,0.14688000082969666,1.9736000299453735,2.1204800605773926,2.133404
chelsea-odd-roi,planned-roi,3,245,0.1459520012140274,2.0380799770355225,2.1840319633483887,2.19713
chelsea-odd-roi,planned-roi,3,246,0.15529599785804749,2.1043519973754883,2.259648084640503,2.273156
chelsea-odd-roi,planned-roi,3,247,0.19439999759197235,2.020224094390869,2.2146239280700684,2.22994
chelsea-odd-roi,planned-roi,3,248,0.1565759927034378,2.0207359790802,2.177311897277832,2.1903
chelsea-odd-roi,planned-roi,3,249,0.1568640023469925,2.006848096847534,2.1637120246887207,2.178222
chelsea-odd-roi,planned-roi,3,250,0.14617599546909332,2.017184019088745,2.163360118865967,2.176079
chelsea-odd-roi,planned-roi,3,251,0.15292799472808838,1.9956159591674805,2.1485440731048584,2.161907
chelsea-odd-roi,planned-roi,3,252,0.1576640009880066,2.0384318828582764,2.1960959434509277,2.208948
chelsea-odd-roi,planned-roi,3,253,0.1467519998550415,1.9845759868621826,2.1313281059265137,2.144371
chelsea-odd-roi,planned-roi,3,254,0.14668799936771393,1.9973759651184082,2.144063949584961,2.15714
chelsea-odd-roi,planned-roi,3,255,0.14793600142002106,2.0196800231933594,2.1676158905029297,2.180595
chelsea-odd-roi,planned-roi,3,256,0.14764800667762756,2.015552043914795,2.1631999015808105,2.176259
chelsea-odd-roi,planned-roi,3,257,0.15494400262832642,2.0240321159362793,2.178976058959961,2.192323
chelsea-odd-roi,planned-roi,3,258,0.15030400454998016,2.001823902130127,2.152127981185913,2.165352
chelsea-odd-roi,planned-roi,3,259,0.14739200472831726,2.0294079780578613,2.176800012588501,2.18974
chelsea-odd-roi,planned-roi,3,260,0.1515520066022873,2.0167040824890137,2.1682560443878174,2.181467
chelsea-odd-roi,planned-roi,3,261,0.1493760049343109,2.0421760082244873,2.191551923751831,2.204712
chelsea-odd-roi,planned-roi,3,262,0.164000004529953,2.002271890640259,2.166271924972534,2.179404
chelsea-odd-roi,planned-roi,3,263,0.14953599870204926,2.0332159996032715,2.1827518939971924,2.195458
chelsea-odd-roi,planned-roi,3,264,0.14608000218868256,2.0009920597076416,2.1470720767974854,2.160044
chelsea-odd-roi,planned-roi,3,265,0.14668799936771393,2.0077760219573975,2.15446400642395,2.167666
chelsea-odd-roi,planned-roi,3,266,0.15107199549674988,2.0294721126556396,2.180543899536133,2.193525
chelsea-odd-roi,planned-roi,3,267,0.15760000050067902,1.9852800369262695,2.1428799629211426,2.156499
chelsea-odd-roi,planned-roi,3,268,0.1517760008573532,1.999616026878357,2.1513919830322266,2.164231
chelsea-odd-roi,planned-roi,3,269,0.1504960060119629,2.018656015396118,2.169152021408081,2.182158
chelsea-odd-roi,planned-roi,3,270,0.15039999783039093,2.0487680435180664,2.1991679668426514,2.212113
chelsea-odd-roi,planned-roi,3,271,0.1496960073709488,1.998528003692627,2.148224115371704,2.160765
chelsea-odd-roi,planned-roi,3,272,0.16236799955368042,1.9950400590896606,2.1574079990386963,2.17037
chelsea-odd-roi,planned-roi,3,273,0.15084800124168396,2.0502400398254395,2.2010879516601562,2.214657
chelsea-odd-roi,planned-roi,3,274,0.1491200029850006,2.0209600925445557,2.1700799465179443,2.183229
chelsea-odd-roi,planned-roi,3,275,0.15078400075435638,2.044384002685547,2.1951680183410645,2.208438
chelsea-odd-roi,planned-roi,3,276,0.15132799744606018,2.338752031326294,2.4900801181793213,2.503264
chelsea-odd-roi,planned-roi,3,277,0.16448000073432922,2.0522239208221436,2.2167038917541504,2.233846
chelsea-odd-roi,planned-roi,3,278,0.1510400027036667,2.000351905822754,2.1513919830322266,2.164611
chelsea-odd-roi,planned-roi,3,279,0.1480959951877594,2.022304058074951,2.1703999042510986,2.18382
chelsea-odd-roi,planned-roi,3,280,0.1597760021686554,1.992192029953003,2.151968002319336,2.164741
chelsea-odd-roi,planned-roi,3,281,0.15014399588108063,2.021791934967041,2.17193603515625,2.184701
chelsea-odd-roi,planned-roi,3,282,0.1480959951877594,2.0121920108795166,2.160288095474243,2.173525
chelsea-odd-roi,planned-roi,3,283,0.14800000190734863,1.9986239671707153,2.1466240882873535,2.159704
chelsea-odd-roi,planned-roi,3,284,0.14988799393177032,2.0515520572662354,2.2014400959014893,2.214747
chelsea-odd-roi,planned-roi,3,285,0.156031996011734,1.9872959852218628,2.1433279514312744,2.156419
chelsea-odd-roi,planned-roi,3,286,0.14796799421310425,1.9970240592956543,2.1449921131134033,2.157641
chelsea-odd-roi,planned-roi,3,287,0.14908799529075623,2.0005760192871094,2.1496639251708984,2.162448
chelsea-odd-roi,planned-roi,3,288,0.1483200043439865,1.9983680248260498,2.1466879844665527,2.159624
chelsea-odd-roi,planned-roi,3,289,0.15385599434375763,1.9930880069732666,2.146944046020508,2.159684
chelsea-odd-roi,planned-roi,3,290,0.14761599898338318,2.0392000675201416,2.1868159770965576,2.199775
chelsea-odd-roi,planned-roi,3,291,0.15990400314331055,2.0208640098571777,2.1807680130004883,2.193535
chelsea-odd-roi,planned-roi,3,292,0.14883199334144592,1.9940799474716187,2.142911911010742,2.156369
chelsea-odd-roi,planned-roi,3,293,0.14860799908638,2.0708160400390625,2.21942400932312,2.232594
chelsea-odd-roi,planned-roi,3,294,0.1475519984960556,2.0139200687408447,2.1614720821380615,2.174627
chelsea-odd-roi,planned-roi,3,295,0.1483200043439865,1.9919999837875366,2.140320062637329,2.153324
chelsea-odd-roi,planned-roi,3,296,0.15971200168132782,2.006880044937134,2.1665918827056885,2.179614
chelsea-odd-roi,planned-roi,3,297,0.14739200472831726,2.020224094390869,2.1676158905029297,2.180064
chelsea-odd-roi,planned-roi,3,298,0.15676799416542053,2.041248083114624,2.1980159282684326,2.211162
chelsea-odd-roi,planned-roi,3,299,0.1502079963684082,2.010751962661743,2.1609599590301514,2.174376
chelsea-odd-roi,baseline,3,0,0.15190400183200836,2.0323519706726074,2.184256076812744,2.206254
chelsea-odd-roi,baseline,3,1,0.14422400295734406,2.0202879905700684,2.1645119190216064,2.178923
chelsea-odd-roi,baseline,3,2,0.14403200149536133,1.9782079458236694,2.1222400665283203,2.135647
chelsea-odd-roi,baseline,3,3,0.15436799824237823,2.0436480045318604,2.1980159282684326,2.211001
chelsea-odd-roi,baseline,3,4,0.1438400000333786,2.0009279251098633,2.144767999649048,2.158221
chelsea-odd-roi,baseline,3,5,0.14124800264835358,2.0914559364318848,2.232703924179077,2.245925
chelsea-odd-roi,baseline,3,6,0.14547200500965118,2.006943941116333,2.1524159908294678,2.165543
chelsea-odd-roi,baseline,3,7,0.16492800414562225,1.9995839595794678,2.1645119190216064,2.178292
chelsea-odd-roi,baseline,3,8,0.14793600142002106,2.017184019088745,2.1651198863983154,2.178232
chelsea-odd-roi,baseline,3,9,0.14422400295734406,2.0059518814086914,2.1501760482788086,2.1633
chelsea-odd-roi,baseline,3,10,0.14560000598430634,2.0457279682159424,2.1913280487060547,2.204352
chelsea-odd-roi,baseline,3,11,0.14259199798107147,1.999392032623291,2.141983985900879,2.154967
chelsea-odd-roi,baseline,3,12,0.14156800508499146,2.0731520652770996,2.2147200107574463,2.227616
chelsea-odd-roi,baseline,3,13,0.14496000111103058,2.034656047821045,2.1796159744262695,2.193004
chelsea-odd-roi,baseline,3,14,0.146464005112648,2.0060160160064697,2.152479887008667,2.165303
chelsea-odd-roi,baseline,3,15,0.14924800395965576,1.9943679571151733,2.143615961074829,2.159283
chelsea-odd-roi,baseline,3,16,0.1443839967250824,1.9886720180511475,2.1330559253692627,2.145763
chelsea-odd-roi,baseline,3,17,0.14182400703430176,2.073823928833008,2.2156479358673096,2.228058
chelsea-odd-roi,baseline,3,18,0.146464005112648,1.9789760112762451,2.1254398822784424,2.139233
chelsea-odd-roi,baseline,3,19,0.1422400027513504,2.04038405418396,2.182624101638794,2.195448
chelsea-odd-roi,baseline,3,20,0.14326399564743042,2.007744073867798,2.151007890701294,2.16396
chelsea-odd-roi,baseline,3,21,0.1420159935951233,1.9834239482879639,2.1254398822784424,2.138141
chelsea-odd-roi,baseline,3,22,0.15193599462509155,2.0088961124420166,2.160831928253174,2.173715
chelsea-odd-roi,baseline,3,23,0.15436799824237823,2.0144639015197754,2.1688320636749268,2.181757
chelsea-odd-roi,baseline,3,24,0.1435520052909851,1.973088026046753,2.116640090942383,2.129207
chelsea-odd-roi,baseline,3,25,0.14179199934005737,1.9300800561904907,2.0718719959259033,2.08468
chelsea-odd-roi,baseline,3,26,0.13945600390434265,1.9710719585418701,2.110527992248535,2.123559
chelsea-odd-roi,baseline,3,27,0.14371199905872345,2.002016067504883,2.14572811126709,2.158943
chelsea-odd-roi,baseline,3,28,0.14323200285434723,2.0284159183502197,2.1716480255126953,2.184801
chelsea-odd-roi,baseline,3,29,0.1642879992723465,2.0116159915924072,2.1759040355682373,2.189209
chelsea-odd-roi,baseline,3,30,0.1462399959564209,2.0048000812530518,2.1510400772094727,2.16408
chelsea-odd-roi,baseline,3,31,0.14534400403499603,2.023008108139038,2.168351888656616,2.181247
chelsea-odd-roi,baseline,3,32,0.15248000621795654,1.9947839975357056,2.147264003753662,2.162688
chelsea-odd-roi,baseline,3,33,0.14662399888038635,2.050015926361084,2.1966400146484375,2.20979
chelsea-odd-roi,baseline,3,34,0.15459200739860535,2.0228159427642822,2.17740797996521,2.19055
chelsea-odd-roi,baseline,3,35,0.14707200229167938,2.0476479530334473,2.1947200298309326,2.207736
chelsea-odd-roi,baseline,3,36,0.14652800559997559,2.0246400833129883,2.171168088912964,2.184482
chelsea-odd-roi,baseline,3,37,0.14505599439144135,2.006880044937134,2.1519360542297363,2.164842
chelsea-odd-roi,baseline,3,38,0.14825600385665894,2.0199360847473145,2.168191909790039,2.18375
chelsea-odd-roi,baseline,3,39,0.15263999998569489,2.0422399044036865,2.1948800086975098,2.208357
chelsea-odd-roi,baseline,3,40,0.14342400431632996,2.0581440925598145,2.2015678882598877,2.214607
chelsea-odd-roi,baseline,3,41,0.14448000490665436,2.032320022583008,2.176800012588501,2.18985
chelsea-odd-roi,baseline,3,42,0.1472640037536621,2.0190720558166504,2.1663360595703125,2.179634
chelsea-odd-roi,baseline,3,43,0.14268800616264343,2.0239360332489014,2.166624069213867,2.180445
chelsea-odd-roi,baseline,3,44,0.14585599303245544,1.995519995689392,2.14137601852417,2.154696
chelsea-odd-roi,baseline,3,45,0.14371199905872345,2.0181119441986084,2.1618239879608154,2.174766
chelsea-odd-roi,baseline,3,46,0.14537599682807922,2.0183680057525635,2.1637439727783203,2.17681
chelsea-odd-roi,baseline,3,47,0.14214399456977844,2.0256640911102295,2.1678080558776855,2.180816
chelsea-odd-roi,baseline,3,48,0.14476799964904785,1.9759999513626099,2.1207680702209473,2.133774
chelsea-odd-roi,baseline,3,49,0.1518079936504364,2.066335916519165,2.218143939971924,2.230861
chelsea-odd-roi,baseline,3,50,0.14336000382900238,2.0084800720214844,2.1518399715423584,2.164541
chelsea-odd-roi,baseline,3,51,0.14243200421333313,2.01859188079834,2.1610240936279297,2.174115
chelsea-odd-roi,baseline,3,52,0.15065599977970123,1.9886399507522583,2.139296054840088,2.153094
chelsea-odd-roi,baseline,3,53,0.14591999351978302,1.969472050666809,2.115391969680786,2.128106
chelsea-odd-roi,baseline,3,54,0.15222400426864624,2.0295040607452393,2.181727886199951,2.194958
chelsea-odd-roi,baseline,3,55,0.14300799369812012,2.0212481021881104,2.1642560958862305,2.177231
chelsea-odd-roi,baseline,3,56,0.14364799857139587,2.048095941543579,2.191744089126587,2.204953
chelsea-odd-roi,baseline,3,57,0.14630399644374847,2.0153279304504395,2.1616320610046387,2.175057
chelsea-odd-roi,baseline,3,58,0.1449279934167862,2.0141758918762207,2.159104108810425,2.172213
chelsea-odd-roi,baseline,3,59,0.15839999914169312,2.0239360332489014,2.1823360919952393,2.195418
chelsea-odd-roi,baseline,3,60,0.14508800208568573,2.038815975189209,2.183903932571411,2.19683
chelsea-odd-roi,baseline,3,61,0.14425599575042725,2.002079963684082,2.146336078643799,2.159324
chelsea-odd-roi,baseline,3,62,0.14377599954605103,1.9579520225524902,2.1017279624938965,2.114616
chelsea-odd-roi,baseline,3,63,0.14099200069904327,2.0188798904418945,2.159872055053711,2.173605
chelsea-odd-roi,baseline,3,64,0.1425279974937439,1.9922560453414917,2.134783983230591,2.148096
chelsea-odd-roi,baseline,3,65,0.1563519984483719,2.0663681030273438,2.22271990776062,2.2366
chelsea-odd-roi,baseline,3,66,0.1457280069589615,2.004159927368164,2.149888038635254,2.163049
chelsea-odd-roi,baseline,3,67,0.143327996134758,2.0130879878997803,2.1564159393310547,2.169358
chelsea-odd-roi,baseline,3,68,0.14713600277900696,2.04915189743042,2.1962881088256836,2.209399
chelsea-odd-roi,baseline,3,69,0.15279999375343323,2.0229439735412598,2.17574405670166,2.188928
chelsea-odd-roi,baseline,3,70,0.15542399883270264,2.0591039657592773,2.2145280838012695,2.227276
chelsea-odd-roi,baseline,3,71,0.14294399321079254,2.0001919269561768,2.1431360244750977,2.15676
chelsea-odd-roi,baseline,3,72,0.14281600713729858,2.0627200603485107,2.205535888671875,2.218423
chelsea-odd-roi,baseline,3,73,0.1456959992647171,2.03056001663208,2.176255941390991,2.190079
chelsea-odd-roi,baseline,3,74,0.15510399639606476,2.0542080402374268,2.2093119621276855,2.222199
chelsea-odd-roi,baseline,3,75,0.1528639942407608,2.033535957336426,2.1863999366760254,2.199695
chelsea-odd-roi,baseline,3,76,0.14399999380111694,1.9975999593734741,2.1415998935699463,2.154165
chelsea-odd-roi,baseline,3,77,0.14294399321079254,2.036992073059082,2.179935932159424,2.193966
chelsea-odd-roi,baseline,3,78,0.14371199905872345,2.022655963897705,2.166368007659912,2.179484
chelsea-odd-roi,baseline,3,79,0.15705600380897522,2.0747199058532715,2.231775999069214,2.245163
chelsea-odd-roi,baseline,3,80,0.14207999408245087,2.0007998943328857,2.1428799629211426,2.155447
chelsea-odd-roi,baseline,3,81,0.14220799505710602,2.0174720287323,2.159679889678955,2.172694
chelsea-odd-roi,baseline,3,82,0.14668799936771393,2.025631904602051,2.1723198890686035,2.185092
chelsea-odd-roi,baseline,3,83,0.14534400403499603,2.100032091140747,2.2453761100769043,2.258003
chelsea-odd-roi,baseline,3,84,0.1650560051202774,2.065567970275879,2.230623960494995,2.245093
chelsea-odd-roi,baseline,3,85,0.14563199877738953,2.040895938873291,2.186527967453003,2.199745
chelsea-odd-roi,baseline,3,86,0.14579200744628906,2.0715200901031494,2.2173120975494385,2.229961
chelsea-odd-roi,baseline,3,87,0.14371199905872345,2.113600015640259,2.257312059402466,2.270542
chelsea-odd-roi,baseline,3,88,0.15084800124168396,2.130592107772827,2.281440019607544,2.297553
chelsea-odd-roi,baseline,3,89,0.14419199526309967,2.09987211227417,2.2440640926361084,2.257001
chelsea-odd-roi,baseline,3,90,0.15609599649906158,2.056256055831909,2.2123520374298096,2.225444
chelsea-odd-roi,baseline,3,91,0.1597760021686554,2.032480001449585,2.192255973815918,2.205193
chelsea-odd-roi,baseline,3,92,0.14735999703407288,2.0750720500946045,2.2224318981170654,2.235679
chelsea-odd-roi,baseline,3,93,0.1443520039319992,1.9409600496292114,2.0853118896484375,2.0979
chelsea-odd-roi,baseline,3,94,0.1409599930047989,1.928671956062317,2.069632053375244,2.082327
chelsea-odd-roi,baseline,3,95,0.14060799777507782,1.9384000301361084,2.079008102416992,2.091099
chelsea-odd-roi,baseline,3,96,0.13942399621009827,2.3935680389404297,2.532991886138916,2.546089
chelsea-odd-roi,baseline,3,97,0.14511999487876892,2.0281600952148438,2.1732800006866455,2.186464
chelsea-odd-roi,baseline,3,98,0.14480000734329224,2.009183883666992,2.1539840698242188,2.167215
chelsea-odd-roi,baseline,3,99,0.14448000490665436,1.991968035697937,2.1364479064941406,2.149338
chelsea-odd-roi,baseline,3,100,0.15279999375343323,2.039520025253296,2.1923201084136963,2.205663
chelsea-odd-roi,baseline,3,101,0.14582400023937225,2.052095890045166,2.197920083999634,2.211803
chelsea-odd-roi,baseline,3,102,0.14297600090503693,2.0600318908691406,2.203007936477661,2.216199
chelsea-odd-roi,baseline,3,103,0.14393599331378937,2.029088020324707,2.1730239391326904,2.185994
chelsea-odd-roi,baseline,3,104,0.142752006649971,2.0285120010375977,2.1712639331817627,2.184241
chelsea-odd-roi,baseline,3,105,0.1526080071926117,2.046976089477539,2.1995840072631836,2.212644
chelsea-odd-roi,baseline,3,106,0.14582400023937225,2.0303680896759033,2.176192045211792,2.189178
chelsea-odd-roi,baseline,3,107,0.14521600306034088,2.0226240158081055,2.167840003967285,2.181447
chelsea-odd-roi,baseline,3,108,0.14150400459766388,2.048288106918335,2.1897919178009033,2.20308
chelsea-odd-roi,baseline,3,109,0.1430400013923645,2.036832094192505,2.1798720359802246,2.192844
chelsea-odd-roi,baseline,3,110,0.1664000004529953,2.0720319747924805,2.238431930541992,2.251223
chelsea-odd-roi,baseline,3,111,0.14416000247001648,2.093247890472412,2.237407922744751,2.250291
chelsea-odd-roi,baseline,3,112,0.14553600549697876,2.0918400287628174,2.2373759746551514,2.250452
chelsea-odd-roi,baseline,3,113,0.15411199629306793,2.0971839427948,2.251296043395996,2.264412
chelsea-odd-roi,baseline,3,114,0.14454400539398193,2.017632007598877,2.1621758937835693,2.175288
chelsea-odd-roi,baseline,3,115,0.15423999726772308,2.058367967605591,2.2126080989837646,2.226495
chelsea-odd-roi,baseline,3,116,0.1462080031633377,2.016671895980835,2.1628799438476562,2.176159
chelsea-odd-roi,baseline,3,117,0.14847999811172485,2.0354878902435303,2.1839680671691895,2.199214
chelsea-odd-roi,baseline,3,118,0.1552640050649643,2.0789120197296143,2.23417592048645,2.248979
chelsea-odd-roi,baseline,3,119,0.16550399363040924,2.0617599487304688,2.227263927459717,2.243771
chelsea-odd-roi,baseline,3,120,0.14720000326633453,2.049247980117798,2.1964480876922607,2.209749
chelsea-odd-roi,baseline,3,121,0.1454080045223236,2.0356481075286865,2.181056022644043,2.194226
chelsea-odd-roi,baseline,3,122,0.1666879951953888,2.041343927383423,2.2080318927764893,2.223981
chelsea-odd-roi,baseline,3,123,0.1472640037536621,2.028032064437866,2.1752960681915283,2.188427
chelsea-odd-roi,baseline,3,124,0.14454400539398193,2.1506879329681396,2.295232057571411,2.308309
chelsea-odd-roi,baseline,3,125,0.14399999380111694,2.0476160049438477,2.1916160583496094,2.212694
chelsea-odd-roi,baseline,3,126,0.1467839926481247,2.0497920513153076,2.1965761184692383,2.209739
chelsea-odd-roi,baseline,3,127,0.14399999380111694,2.0564799308776855,2.2004799842834473,2.213275
chelsea-odd-roi,baseline,3,128,0.14534400403499603,2.0575358867645264,2.2028799057006836,2.21636
chelsea-odd-roi,baseline,3,129,0.14486399292945862,1.9970879554748535,2.1419520378112793,2.155778
chelsea-odd-roi,baseline,3,130,0.1536639928817749,2.101088047027588,2.2547519207000732,2.268179
chelsea-odd-roi,baseline,3,131,0.14560000598430634,2.0383999347686768,2.184000015258789,2.19727
chelsea-odd-roi,baseline,3,132,0.14630399644374847,2.0246078968048096,2.170912027359009,2.18367
chelsea-odd-roi,baseline,3,133,0.14476799964904785,2.021536111831665,2.166304111480713,2.179354
chelsea-odd-roi,baseline,3,134,0.14233599603176117,2.0226879119873047,2.1650240421295166,2.178071
chelsea-odd-roi,baseline,3,135,0.14547200500965118,1.9617919921875,2.1072640419006348,2.120594
chelsea-odd-roi,baseline,3,136,0.15398399531841278,2.3007678985595703,2.454751968383789,2.467361
chelsea-odd-roi,baseline,3,137,0.16099199652671814,2.300992012023926,2.4619839191436768,2.476043
chelsea-odd-roi,baseline,3,138,0.15884800255298615,2.284127950668335,2.4429759979248047,2.457095
chelsea-odd-roi,baseline,3,139,0.1582079976797104,2.195807933807373,2.354016065597534,2.367849
chelsea-odd-roi,baseline,3,140,0.15824000537395477,2.064255952835083,2.2224960327148438,2.235499
chelsea-odd-roi,baseline,3,141,0.14534400403499603,2.0356481075286865,2.1809918880462646,2.194416
chelsea-odd-roi,baseline,3,142,0.14511999487876892,2.031008005142212,2.1761279106140137,2.189139
chelsea-odd-roi,baseline,3,143,0.1467519998550415,2.019551992416382,2.166304111480713,2.179544
chelsea-odd-roi,baseline,3,144,0.1523520052433014,2.0167999267578125,2.169152021408081,2.182198
chelsea-odd-roi,baseline,3,145,0.14636799693107605,2.0157759189605713,2.1621439456939697,2.175378
chelsea-odd-roi,baseline,3,146,0.14377599954605103,2.0541439056396484,2.197920083999634,2.211362
chelsea-odd-roi,baseline,3,147,0.14684799313545227,2.0615999698638916,2.2084479331970215,2.221458
chelsea-odd-roi,baseline,3,148,0.14470399916172028,2.0199038982391357,2.1646080017089844,2.177731
chelsea-odd-roi,baseline,3,149,0.15651200711727142,2.194943904876709,2.3514559268951416,2.364504
chelsea-odd-roi,baseline,3,150,0.1737920045852661,2.271104097366333,2.4448959827423096,2.458327
chelsea-odd-roi,baseline,3,151,0.1480640023946762,2.110464096069336,2.258527994155884,2.271794
chelsea-odd-roi,baseline,3,152,0.14793600142002106,2.0575039386749268,2.205440044403076,2.218753
chelsea-odd-roi,baseline,3,153,0.14454400539398193,2.0718400478363037,2.216383934020996,2.22957
chelsea-odd-roi,baseline,3,154,0.14867199957370758,2.0230400562286377,2.1717119216918945,2.184722
chelsea-odd-roi,baseline,3,155,0.14457599818706512,2.093247890472412,2.237823963165283,2.250611
chelsea-odd-roi,baseline,3,156,0.14707200229167938,2.0349440574645996,2.182015895843506,2.19671
chelsea-odd-roi,baseline,3,157,0.14396800100803375,2.022559881210327,2.1665279865264893,2.180405
chelsea-odd-roi,baseline,3,158,0.15510399639606476,2.0156800746917725,2.1707839965820312,2.183921
chelsea-odd-roi,baseline,3,159,0.14511999487876892,2.0793280601501465,2.2244479656219482,2.238053
chelsea-odd-roi,baseline,3,160,0.17295999825000763,2.011967897415161,2.1849279403686523,2.198382
chelsea-odd-roi,baseline,3,161,0.1443520039319992,2.0264639854431152,2.170815944671631,2.184321
chelsea-odd-roi,baseline,3,162,0.14419199526309967,2.062592029571533,2.2067840099334717,2.220587
chelsea-odd-roi,baseline,3,163,0.1502079963684082,2.0474560260772705,2.1976640224456787,2.211393
chelsea-odd-roi,baseline,3,164,0.14643199741840363,2.064352035522461,2.2107839584350586,2.224221
chelsea-odd-roi,baseline,3,165,0.14924800395965576,2.0411200523376465,2.1903679370880127,2.20332
chelsea-odd-roi,baseline,3,166,0.14748799800872803,2.013184070587158,2.1606719493865967,2.172854
chelsea-odd-roi,baseline,3,167,0.14473600685596466,2.0679359436035156,2.212671995162964,2.225434
chelsea-odd-roi,baseline,3,168,0.1449279934167862,2.100895881652832,2.245824098587036,2.258724
chelsea-odd-roi,baseline,3,169,0.16310399770736694,2.026911973953247,2.190016031265259,2.203009
chelsea-odd-roi,baseline,3,170,0.14556799829006195,2.0224320888519287,2.1679999828338623,2.181427
chelsea-odd-roi,baseline,3,171,0.1446399986743927,2.0698559284210205,2.214495897293091,2.227917
chelsea-odd-roi,baseline,3,172,0.1441279947757721,2.0185279846191406,2.16265606880188,2.175327
chelsea-odd-roi,baseline,3,173,0.14739200472831726,2.056096076965332,2.2034881114959717,2.21636
chelsea-odd-roi,baseline,3,174,0.14655999839305878,2.015199899673462,2.161760091781616,2.174657
chelsea-odd-roi,baseline,3,175,0.15718400478363037,2.0665600299835205,2.2237439155578613,2.23649
chelsea-odd-roi,baseline,3,176,0.14627200365066528,2.136255979537964,2.2825279235839844,2.29564
chelsea-odd-roi,baseline,3,177,0.14684799313545227,2.0802879333496094,2.2271358966827393,2.241548
chelsea-odd-roi,baseline,3,178,0.15318399667739868,2.0715839862823486,2.2247679233551025,2.239415
chelsea-odd-roi,baseline,3,179,0.17526400089263916,2.1411519050598145,2.316416025161743,2.329421
chelsea-odd-roi,baseline,3,180,0.14934399724006653,2.18176007270813,2.331104040145874,2.344203
chelsea-odd-roi,baseline,3,181,0.14777599275112152,2.0658559799194336,2.213632106781006,2.226966
chelsea-odd-roi,baseline,3,182,0.1554879993200302,2.1842880249023438,2.339776039123535,2.354129
chelsea-odd-roi,baseline,3,183,0.14761599898338318,2.2101759910583496,2.3577919006347656,2.371245
chelsea-odd-roi,baseline,3,184,0.1475519984960556,2.0776638984680176,2.2252159118652344,2.238423
chelsea-odd-roi,baseline,3,185,0.14563199877738953,2.1199679374694824,2.2655999660491943,2.278634
chelsea-odd-roi,baseline,3,186,0.1440960019826889,2.121567964553833,2.2656641006469727,2.278614
chelsea-odd-roi,baseline,3,187,0.1571200042963028,2.104703903198242,2.261823892593384,2.275058
chelsea-odd-roi,baseline,3,188,0.14563199877738953,2.1022720336914062,2.247904062271118,2.260818
chelsea-odd-roi,baseline,3,189,0.15760000050067902,2.0445120334625244,2.2021119594573975,2.215358
chelsea-odd-roi,baseline,3,190,0.1472959965467453,2.1317760944366455,2.2790720462799072,2.292595
chelsea-odd-roi,baseline,3,191,0.1486400067806244,2.0733120441436768,2.221951961517334,2.234938
chelsea-odd-roi,baseline,3,192,0.14556799829006195,2.0834879875183105,2.229055881500244,2.242229
chelsea-odd-roi,baseline,3,193,0.14230400323867798,2.1571199893951416,2.299423933029175,2.312866
chelsea-odd-roi,baseline,3,194,0.18025599420070648,2.039680004119873,2.219935894012451,2.234547
chelsea-odd-roi,baseline,3,195,0.14444799721240997,2.0885438919067383,2.232991933822632,2.245984
chelsea-odd-roi,baseline,3,196,0.14483200013637543,2.002687931060791,2.147520065307617,2.160565
chelsea-odd-roi,baseline,3,197,0.14297600090503693,2.084127902984619,2.2271039485931396,2.240577
chelsea-odd-roi,baseline,3,198,0.15670399367809296,2.0230720043182373,2.1797759532928467,2.193345
chelsea-odd-roi,baseline,3,199,0.16944000124931335,2.0415680408477783,2.211008071899414,2.227486
chelsea-odd-roi,baseline,3,200,0.1438080072402954,2.0868160724639893,2.230623960494995,2.243521
chelsea-odd-roi,baseline,3,201,0.1510400027036667,2.0866880416870117,2.2377281188964844,2.253286
chelsea-odd-roi,baseline,3,202,0.16649599373340607,2.035615921020508,2.2021119594573975,2.215588
chelsea-odd-roi,baseline,3,203,0.1565759927034378,2.0627520084381104,2.219327926635742,2.232635
chelsea-odd-roi,baseline,3,204,0.1457280069589615,2.0719358921051025,2.2176640033721924,2.230842
chelsea-odd-roi,baseline,3,205,0.14819200336933136,2.1563520431518555,2.304543972015381,2.317543
chelsea-odd-roi,baseline,3,206,0.15689599514007568,2.0230720043182373,2.1799681186676025,2.192984
chelsea-odd-roi,baseline,3,207,0.14511999487876892,2.0242559909820557,2.1693758964538574,2.182739
chelsea-odd-roi,baseline,3,208,0.14511999487876892,2.0430080890655518,2.1881279945373535,2.201186
chelsea-odd-roi,baseline,3,209,0.14339199662208557,2.0048959255218506,2.1482880115509033,2.161186
chelsea-odd-roi,baseline,3,210,0.14236800372600555,1.981279969215393,2.123647928237915,2.136208
chelsea-odd-roi,baseline,3,211,0.15273599326610565,2.0303680896759033,2.1831040382385254,2.195999
chelsea-odd-roi,baseline,3,212,0.14448000490665436,2.031935930252075,2.1764159202575684,2.1901
chelsea-odd-roi,baseline,3,213,0.14553600549697876,2.139039993286133,2.284575939178467,2.297883
chelsea-odd-roi,baseline,3,214,0.14451199769973755,2.0984320640563965,2.2429440021514893,2.257082
chelsea-odd-roi,baseline,3,215,0.1576319932937622,2.0895040035247803,2.247136116027832,2.260707
chelsea-odd-roi,baseline,3,216,0.1502079963684082,2.0395519733428955,2.1897599697113037,2.202969
chelsea-odd-roi,baseline,3,217,0.14633600413799286,2.0312960147857666,2.1776320934295654,2.190581
chelsea-odd-roi,baseline,3,218,0.14428800344467163,2.090496063232422,2.234783887863159,2.247798
chelsea-odd-roi,baseline,3,219,0.1749120056629181,2.046015977859497,2.2209279537200928,2.234688
chelsea-odd-roi,baseline,3,220,0.15811200439929962,2.0703039169311523,2.2284159660339355,2.241988
chelsea-odd-roi,baseline,3,221,0.1555519998073578,2.0623679161071777,2.2179200649261475,2.230962
chelsea-odd-roi,baseline,3,222,0.1443839967250824,2.0749120712280273,2.2192959785461426,2.233095
chelsea-odd-roi,baseline,3,223,0.15545600652694702,1.992959976196289,2.148416042327881,2.161407
chelsea-odd-roi,baseline,3,224,0.1451520025730133,1.9903359413146973,2.1354880332946777,2.148878
chelsea-odd-roi,baseline,3,225,0.1547520011663437,2.0452160835266113,2.199968099594116,2.212874
chelsea-odd-roi,baseline,3,226,0.14505599439144135,2.062079906463623,2.2071359157562256,2.227957
chelsea-odd-roi,baseline,3,227,0.15510399639606476,2.0905919075012207,2.2456960678100586,2.260807
chelsea-odd-roi,baseline,3,228,0.1528639942407608,2.0174400806427,2.1703040599823,2.18415
chelsea-odd-roi,baseline,3,229,0.15027199685573578,2.099168062210083,2.2494399547576904,2.26258
chelsea-odd-roi,baseline,3,230,0.14403200149536133,2.078239917755127,2.2222719192504883,2.23575
chelsea-odd-roi,baseline,3,231,0.1414400041103363,2.1594560146331787,2.300895929336548,2.314719
chelsea-odd-roi,baseline,3,232,0.14688000082969666,2.0751678943634033,2.222048044204712,2.235188
chelsea-odd-roi,baseline,3,233,0.14630399644374847,2.061919927597046,2.208224058151245,2.221247
chelsea-odd-roi,baseline,3,234,0.16019199788570404,2.1688320636749268,2.329024076461792,2.343011
chelsea-odd-roi,baseline,3,235,0.1565759927034378,2.1011838912963867,2.2577600479125977,2.270692
chelsea-odd-roi,baseline,3,236,0.1451839953660965,2.1686720848083496,2.3138558864593506,2.327148
chelsea-odd-roi,baseline,3,237,0.14265599846839905,1.9674559831619263,2.110111951828003,2.122728
chelsea-odd-roi,baseline,3,238,0.14166399836540222,2.04966402053833,2.1913280487060547,2.204162
chelsea-odd-roi,baseline,3,239,0.15833599865436554,1.9806400537490845,2.1389760971069336,2.151882
chelsea-odd-roi,baseline,3,240,0.14182400703430176,1.9973440170288086,2.1391680240631104,2.152063
chelsea-odd-roi,baseline,3,241,0.1462080031633377,2.000607967376709,2.1468160152435303,2.160305
chelsea-odd-roi,baseline,3,242,0.14192000031471252,2.053056001663208,2.1949760913848877,2.207897
chelsea-odd-roi,baseline,3,243,0.15571199357509613,2.0596160888671875,2.2153279781341553,2.231883
chelsea-odd-roi,baseline,3,244,0.15600000321865082,2.0481600761413574,2.20415997505188,2.217211
chelsea-odd-roi,baseline,3,245,0.14560000598430634,2.0219199657440186,2.167520046234131,2.180615
chelsea-odd-roi,baseline,3,246,0.14511999487876892,2.04748797416687,2.192608118057251,2.205493
chelsea-odd-roi,baseline,3,247,0.14608000218868256,2.060256004333496,2.20633602142334,2.219465
chelsea-odd-roi,baseline,3,248,0.1555200070142746,2.028127908706665,2.183648109436035,2.19663
chelsea-odd-roi,baseline,3,249,0.14655999839305878,2.0610239505767822,2.2075839042663574,2.220626
chelsea-odd-roi,baseline,3,250,0.1488959938287735,2.005568027496338,2.15446400642395,2.167996
chelsea-odd-roi,baseline,3,251,0.1440960019826889,1.9954240322113037,2.1395199298858643,2.153585
chelsea-odd-roi,baseline,3,252,0.14591999351978302,2.0361599922180176,2.182080030441284,2.195709
chelsea-odd-roi,baseline,3,253,0.15360000729560852,1.9962879419326782,2.149888038635254,2.162719
chelsea-odd-roi,baseline,3,254,0.1441279947757721,2.0330560207366943,2.1771841049194336,2.18978
chelsea-odd-roi,baseline,3,255,0.1584320068359375,2.0460479259490967,2.204479932785034,2.217731
chelsea-odd-roi,baseline,3,256,0.14486399292945862,2.1578879356384277,2.3027520179748535,2.316261
chelsea-odd-roi,baseline,3,257,0.15833599865436554,2.1263999938964844,2.284735918045044,2.297944
chelsea-odd-roi,baseline,3,258,0.1438080072402954,2.042815923690796,2.186624050140381,2.200575
chelsea-odd-roi,baseline,3,259,0.16329599916934967,2.0347840785980225,2.198080062866211,2.211152
chelsea-odd-roi,baseline,3,260,0.14448000490665436,2.0793919563293457,2.223871946334839,2.237181
chelsea-odd-roi,baseline,3,261,0.1621759980916977,2.0749120712280273,2.2370879650115967,2.250151
chelsea-odd-roi,baseline,3,262,0.14988799393177032,2.045664072036743,2.195552110671997,2.208718
chelsea-odd-roi,baseline,3,263,0.1451839953660965,2.1180479526519775,2.2632319927215576,2.276181
chelsea-odd-roi,baseline,3,264,0.14550399780273438,2.045088052749634,2.190592050552368,2.203821
chelsea-odd-roi,baseline,3,265,0.15360000729560852,2.06441593170166,2.2180159091949463,2.231443
chelsea-odd-roi,baseline,3,266,0.14588800072669983,2.0127360820770264,2.1586239337921143,2.171973
chelsea-odd-roi,baseline,3,267,0.1420159935951233,2.0016961097717285,2.143712043762207,2.156679
chelsea-odd-roi,baseline,3,268,0.1616639941930771,2.020064115524292,2.181727886199951,2.194587
chelsea-odd-roi,baseline,3,269,0.1422719955444336,2.0006399154663086,2.142911911010742,2.155858
chelsea-odd-roi,baseline,3,270,0.15113599598407745,2.0232319831848145,2.174367904663086,2.187876
chelsea-odd-roi,baseline,3,271,0.1451839953660965,2.125375986099243,2.2705600261688232,2.283842
chelsea-odd-roi,baseline,3,272,0.16787199676036835,2.1761600971221924,2.344032049179077,2.357804
chelsea-odd-roi,baseline,3,273,0.16220800578594208,2.081536054611206,2.243743896484375,2.257472
chelsea-odd-roi,baseline,3,274,0.1520320028066635,2.1023359298706055,2.2543680667877197,2.268108
chelsea-odd-roi,baseline,3,275,0.16953599452972412,2.038975954055786,2.2085120677948,2.221728
chelsea-odd-roi,baseline,3,276,0.16582399606704712,2.09932804107666,2.2651519775390625,2.278264
chelsea-odd-roi,baseline,3,277,0.16489599645137787,2.0881600379943848,2.253056049346924,2.266586
chelsea-odd-roi,baseline,3,278,0.15408000349998474,2.0892159938812256,2.243295907974243,2.25634
chelsea-odd-roi,baseline,3,279,0.1456959992647171,2.0825281143188477,2.228224039077759,2.241718
chelsea-odd-roi,baseline,3,280,0.14988799393177032,2.0531840324401855,2.2030720710754395,2.217381
chelsea-odd-roi,baseline,3,281,0.16451199352741241,2.1346240043640137,2.29913592338562,2.312996
chelsea-odd-roi,baseline,3,282,0.14547200500965118,2.148159980773926,2.2936320304870605,2.307397
chelsea-odd-roi,baseline,3,283,0.1518079936504364,2.060767889022827,2.212575912475586,2.226576
chelsea-odd-roi,baseline,3,284,0.1536639928817749,2.0668160915374756,2.220479965209961,2.233726
chelsea-odd-roi,baseline,3,285,0.15478399395942688,2.019200086593628,2.1739840507507324,2.187526
chelsea-odd-roi,baseline,3,286,0.1555200070142746,2.083008050918579,2.23852801322937,2.253335
chelsea-odd-roi,baseline,3,287,0.1435839980840683,2.0885119438171387,2.232095956802368,2.245213
chelsea-odd-roi,baseline,3,288,0.1547520011663437,2.0384318828582764,2.1931838989257812,2.206886
chelsea-odd-roi,baseline,3,289,0.1430719941854477,2.1460800170898438,2.289151906967163,2.30252
chelsea-odd-roi,baseline,3,290,0.1459520012140274,2.124191999435425,2.270143985748291,2.283802
chelsea-odd-roi,baseline,3,291,0.14441600441932678,2.1754560470581055,2.3198719024658203,2.333407
chelsea-odd-roi,baseline,3,292,0.160863995552063,2.280319929122925,2.4411840438842773,2.455893
chelsea-odd-roi,baseline,3,293,0.158720001578331,2.0858559608459473,2.2445759773254395,2.258304
chelsea-odd-roi,baseline,3,294,0.15561600029468536,2.0180160999298096,2.1736319065093994,2.187456
chelsea-odd-roi,baseline,3,295,0.14633600413799286,2.016223907470703,2.162559986114502,2.176269
chelsea-odd-roi,baseline,3,296,0.14364799857139587,2.0303680896759033,2.174015998840332,2.186825
chelsea-odd-roi,baseline,3,297,0.14444799721240997,2.0207359790802,2.1651840209960938,2.178252
chelsea-odd-roi,baseline,3,298,0.14422400295734406,1.9367040395736694,2.080928087234497,2.093944
chelsea-odd-roi,baseline,3,299,0.14294399321079254,1.9421759843826294,2.0851199626922607,2.09814
chelsea-4k-roi,baseline,0,0,7.940671920776367,0.969760000705719,8.910431861877441,8.950137
chelsea-4k-roi,baseline,0,1,7.871424198150635,0.9716799855232239,8.843104362487793,8.864657
chelsea-4k-roi,baseline,0,2,7.877024173736572,0.9701759815216064,8.847200393676758,8.871899
chelsea-4k-roi,baseline,0,3,7.848512172698975,0.9641280174255371,8.812640190124512,8.835964
chelsea-4k-roi,baseline,0,4,7.841983795166016,0.9646400213241577,8.806624412536621,8.827061
chelsea-4k-roi,baseline,0,5,7.866176128387451,0.9727360010147095,8.838912010192871,8.859219
chelsea-4k-roi,baseline,0,6,7.874495983123779,0.9732480049133301,8.84774398803711,8.874463
chelsea-4k-roi,baseline,0,7,7.894911766052246,0.9888319969177246,8.883744239807129,8.909346
chelsea-4k-roi,baseline,0,8,7.9028801918029785,0.988864004611969,8.891743659973145,8.916606
chelsea-4k-roi,baseline,0,9,7.905951976776123,0.9833279848098755,8.889280319213867,8.910347
chelsea-4k-roi,baseline,0,10,7.89027214050293,0.9834880232810974,8.873760223388672,8.895203
chelsea-4k-roi,baseline,0,11,7.888319969177246,0.9821119904518127,8.870431900024414,8.893251
chelsea-4k-roi,baseline,0,12,7.902368068695068,0.978879988193512,8.881248474121094,8.903787
chelsea-4k-roi,baseline,0,13,7.8757758140563965,0.9790719747543335,8.85484790802002,8.877006
chelsea-4k-roi,baseline,0,14,7.8823041915893555,0.978655993938446,8.860960006713867,8.884147
chelsea-4k-roi,baseline,0,15,7.883103847503662,0.9803839921951294,8.86348819732666,8.888654
chelsea-4k-roi,baseline,0,16,7.922912120819092,0.9969919919967651,8.919903755187988,8.940693
chelsea-4k-roi,baseline,0,17,7.939487934112549,0.9984639883041382,8.937952041625977,8.960994
chelsea-4k-roi,baseline,0,18,7.934336185455322,0.9914559721946716,8.92579174041748,8.947283
chelsea-4k-roi,baseline,0,19,7.931168079376221,0.9915840029716492,8.922752380371094,8.943377
chelsea-4k-roi,baseline,0,20,7.913887977600098,0.9903680086135864,8.904255867004395,8.926651
chelsea-4k-roi,baseline,0,21,7.90777587890625,0.9862719774246216,8.894047737121582,8.915775
chelsea-4k-roi,baseline,0,22,7.89792013168335,0.9890879988670349,8.887007713317871,8.909025
chelsea-4k-roi,baseline,0,23,7.904575824737549,0.9887999892234802,8.893376350402832,8.914813
chelsea-4k-roi,baseline,0,24,7.901631832122803,0.9884160161018372,8.890048027038574,8.91204
chelsea-4k-roi,baseline,0,25,7.896543979644775,0.9861760139465332,8.882719993591309,8.90556
chelsea-4k-roi,baseline,0,26,7.911871910095215,0.9862719774246216,8.898143768310547,8.921835
chelsea-4k-roi,baseline,0,27,7.911007881164551,0.9917759895324707,8.90278434753418,8.9257
chelsea-4k-roi,baseline,0,28,7.904543876647949,0.9904959797859192,8.895039558410645,8.916857
chelsea-4k-roi,baseline,0,29,7.883359909057617,0.9865599870681763,8.869919776916504,8.891168
chelsea-4k-roi,baseline,0,30,7.913055896759033,0.9861760139465332,8.899231910705566,8.922866
chelsea-4k-roi,baseline,0,31,7.897535800933838,0.9877439737319946,8.885279655456543,8.910077
chelsea-4k-roi,baseline,0,32,7.8937602043151855,0.9911999702453613,8.884960174560547,8.908875
chelsea-4k-roi,baseline,0,33,7.93990421295166,0.9901120066642761,8.930015563964844,8.954063
chelsea-4k-roi,baseline,0,34,7.907008171081543,0.9954879879951477,8.902496337890625,8.926942
chelsea-4k-roi,baseline,0,35,7.932831764221191,0.996832013130188,8.92966365814209,8.955095
chelsea-4k-roi,baseline,0,36,7.925343990325928,1.012511968612671,8.93785572052002,8.961614
chelsea-4k-roi,baseline,0,37,7.975967884063721,1.0100480318069458,8.986016273498535,9.009448
chelsea-4k-roi,baseline,0,38,7.965375900268555,0.9988160133361816,8.964192390441895,8.987023
chelsea-4k-roi,baseline,0,39,7.947775840759277,0.9987519979476929,8.946528434753418,8.969677
chelsea-4k-roi,baseline,0,40,7.956128120422363,0.9965440034866333,8.952672004699707,8.974705
chelsea-4k-roi,baseline,0,41,7.915999889373779,0.9866880178451538,8.902688026428223,8.923978
chelsea-4k-roi,baseline,0,42,7.908383846282959,0.9877439737319946,8.896127700805664,8.924869
chelsea-4k-roi,baseline,0,43,7.8778557777404785,0.9742720127105713,8.852128028869629,8.885229
chelsea-4k-roi,baseline,0,44,7.886847972869873,0.9778559803962708,8.864704132080078,8.888714
chelsea-4k-roi,baseline,0,45,7.918240070343018,0.9837120175361633,8.901951789855957,8.927433
chelsea-4k-roi,baseline,0,46,7.889247894287109,0.9850559830665588,8.874303817749023,8.898188
chelsea-4k-roi,baseline,0,47,7.902527809143066,0.9721279740333557,8.874655723571777,8.899019
chelsea-4k-roi,baseline,0,48,7.879327774047852,0.970848023891449,8.850175857543945,8.874332
chelsea-4k-roi,baseline,0,49,7.878143787384033,0.970848023891449,8.848992347717285,8.874633
chelsea-4k-roi,baseline,0,50,7.85964822769165,0.9673600196838379,8.827008247375488,8.853931
chelsea-4k-roi,baseline,0,51,7.862207889556885,0.9674239754676819,8.829631805419922,8.854192
chelsea-4k-roi,baseline,0,52,7.834591865539551,0.9635519981384277,8.798144340515137,8.823135
chelsea-4k-roi,baseline,0,53,7.856832027435303,0.9643200039863586,8.821151733398438,8.848914
chelsea-4k-roi,baseline,0,54,7.83900785446167,0.9680320024490356,8.807040214538574,8.83329
chelsea-4k-roi,baseline,0,55,7.8471999168396,0.9680320024490356,8.815232276916504,8.840391
chelsea-4k-roi,baseline,0,56,7.849823951721191,0.9658560156822205,8.815679550170898,8.835954
chelsea-4k-roi,baseline,0,57,7.862207889556885,0.9707199931144714,8.832927703857422,8.853521
chelsea-4k-roi,baseline,0,58,7.8718719482421875,0.9683520197868347,8.840224266052246,8.865819
chelsea-4k-roi,baseline,0,59,7.85811185836792,0.9631360173225403,8.821248054504395,8.844167
chelsea-4k-roi,baseline,0,60,7.868319988250732,0.967136025428772,8.835455894470215,8.860451
chelsea-4k-roi,baseline,0,61,7.845983982086182,0.9610559940338135,8.807040214538574,8.831938
chelsea-4k-roi,baseline,0,62,7.852863788604736,0.9627519845962524,8.8156156539917,8.841613
chelsea-4k-roi,baseline,0,63,7.960639953613281,1.0326720476150513,8.993311882019043,9.01733
chelsea-4k-roi,baseline,0,64,8.035872459411621,1.0332159996032715,9.069087982177734,9.101066
chelsea-4k-roi,baseline,0,65,8.03660774230957,1.0297600030899048,9.066368103027344,9.091021
chelsea-4k-roi,baseline,0,66,8.029151916503906,1.0321279764175415,9.061280250549316,9.08396
chelsea-4k-roi,baseline,0,67,8.0316801071167,1.0414079427719116,9.073087692260742,9.09681
chelsea-4k-roi,baseline,0,68,8.06492805480957,1.0423040390014648,9.107232093811035,9.12953
chelsea-4k-roi,baseline,0,69,8.05350399017334,1.0381759405136108,9.091679573059082,9.113585
chelsea-4k-roi,baseline,0,70,8.0480318069458,1.0424000024795532,9.090432167053223,9.115367
chelsea-4k-roi,baseline,0,71,8.054911613464355,1.0401920080184937,9.095104217529297,9.122248
chelsea-4k-roi,baseline,0,72,8.048480033874512,1.0399999618530273,9.088479995727539,9.115197
chelsea-4k-roi,baseline,0,73,8.052288055419922,1.039199948310852,9.091487884521484,9.115828
chelsea-4k-roi,baseline,0,74,8.062015533447266,1.0455360412597656,9.107551574707031,9.132944
chelsea-4k-roi,baseline,0,75,8.077376365661621,1.0471999645233154,9.1245756149292,9.145583
chelsea-4k-roi,baseline,0,76,8.064640045166016,1.0433919429779053,9.1080322265625,9.131402
chelsea-4k-roi,baseline,0,77,8.077343940734863,1.0425920486450195,9.119935989379883,9.144682
chelsea-4k-roi,baseline,0,78,8.0697603225708,1.0363199710845947,9.106080055236816,9.130992
chelsea-4k-roi,baseline,0,79,8.049951553344727,1.034559965133667,9.084511756896973,9.108758
chelsea-4k-roi,baseline,0,80,8.03337574005127,1.0362240076065063,9.069600105285645,9.098783
chelsea-4k-roi,baseline,0,81,8.050496101379395,1.0333119630813599,9.083807945251465,9.112203
chelsea-4k-roi,baseline,0,82,8.057472229003906,1.037600040435791,9.095071792602539,9.122809
chelsea-4k-roi,baseline,0,83,8.053983688354492,1.0368319749832153,9.090815544128418,9.115168
chelsea-4k-roi,baseline,0,84,8.061759948730469,1.0346879959106445,9.096447944641113,9.122378
chelsea-4k-roi,baseline,0,85,8.065024375915527,1.0462720394134521,9.111295700073242,9.137481
chelsea-4k-roi,baseline,0,86,8.078816413879395,1.0455039739608765,9.124320030212402,9.150661
chelsea-4k-roi,baseline,0,87,8.101823806762695,1.05840003490448,9.160223960876465,9.186395
chelsea-4k-roi,baseline,0,88,8.103615760803223,1.0602240562438965,9.163840293884277,9.192655
chelsea-4k-roi,baseline,0,89,8.115103721618652,1.0504640340805054,9.165568351745605,9.194307
chelsea-4k-roi,baseline,0,90,8.091423988342285,1.051103949546814,9.14252758026123,9.171763
chelsea-4k-roi,baseline,0,91,8.090656280517578,1.0330560207366943,9.123711585998535,9.153235
chelsea-4k-roi,baseline,0,92,8.048928260803223,1.0352319478988647,9.084159851074219,9.111842
chelsea-4k-roi,baseline,0,93,8.049375534057617,1.0324480533599854,9.08182430267334,9.108427
chelsea-4k-roi,baseline,0,94,8.053791999816895,1.0266560316085815,9.080448150634766,9.108077
chelsea-4k-roi,baseline,0,95,8.013888359069824,1.025823950767517,9.039711952209473,9.07106
chelsea-4k-roi,baseline,0,96,8.047712326049805,1.0325119495391846,9.08022403717041,9.109749
chelsea-4k-roi,baseline,0,97,8.043295860290527,1.0318399667739868,9.075136184692383,9.105393
chelsea-4k-roi,baseline,0,98,8.067520141601562,1.049183964729309,9.116703987121582,9.145093
chelsea-4k-roi,baseline,0,99,8.086848258972168,1.0487680435180664,9.135616302490234,9.167196
chelsea-4k-roi,baseline,0,100,8.097696304321289,1.0430079698562622,9.140704154968262,9.167266
chelsea-4k-roi,baseline,0,101,8.057503700256348,1.041759967803955,9.099264144897461,9.121637
chelsea-4k-roi,baseline,0,102,8.053919792175293,1.02566397190094,9.079584121704102,9.101126
chelsea-4k-roi,baseline,0,103,8.00534439086914,1.0235199928283691,9.028863906860352,9.049057
chelsea-4k-roi,baseline,0,104,8.004575729370117,1.0177600383758545,9.02233600616455,9.045902
chelsea-4k-roi,baseline,0,105,7.949567794799805,0.9977279901504517,8.947296142578125,8.975095
chelsea-4k-roi,baseline,0,106,7.940671920776367,1.0022079944610596,8.942879676818848,8.967964
chelsea-4k-roi,baseline,0,107,7.960383892059326,1.0007359981536865,8.961119651794434,8.981485
chelsea-4k-roi,baseline,0,108,7.957344055175781,1.0025279521942139,8.959872245788574,8.986963
chelsea-4k-roi,baseline,0,109,8.014816284179688,1.0310720205307007,9.04588794708252,9.074786
chelsea-4k-roi,baseline,0,110,8.030624389648438,1.0318399667739868,9.062463760375977,9.089278
chelsea-4k-roi,baseline,0,111,8.019264221191406,1.0141760110855103,9.033439636230469,9.059553
chelsea-4k-roi,baseline,0,112,7.98364782333374,1.0143359899520874,8.997983932495117,9.021555
chelsea-4k-roi,baseline,0,113,7.982624053955078,0.9965760111808777,8.97920036315918,9.003769
chelsea-4k-roi,baseline,0,114,7.929440021514893,1.0007679462432861,8.930208206176758,8.954002
chelsea-4k-roi,baseline,0,115,7.93942403793335,0.996832013130188,8.936256408691406,8.960373
chelsea-4k-roi,baseline,0,116,7.956511974334717,0.9968960285186768,8.953408241271973,8.979662
chelsea-4k-roi,baseline,0,117,7.9482879638671875,0.9983360171318054,8.946623802185059,8.979131
chelsea-4k-roi,baseline,0,118,7.984000205993652,1.008255958557129,8.992256164550781,9.01802
chelsea-4k-roi,baseline,0,119,7.955615997314453,1.0066560506820679,8.962271690368652,8.987995
chelsea-4k-roi,baseline,0,120,7.963263988494873,1.0077760219573975,8.971039772033691,8.993744
chelsea-4k-roi,baseline,0,121,7.966847896575928,1.0070719718933105,8.973919868469238,8.995906
chelsea-4k-roi,baseline,0,122,7.950655937194824,0.9931520223617554,8.943807601928711,8.966913
chelsea-4k-roi,baseline,0,123,7.93609619140625,0.9929599761962891,8.929056167602539,8.954694
chelsea-4k-roi,baseline,0,124,7.921088218688965,0.9779199957847595,8.899007797241211,8.923947
chelsea-4k-roi,baseline,0,125,7.8778557777404785,0.9735040068626404,8.851360321044922,8.876054
chelsea-4k-roi,baseline,0,126,7.879648208618164,0.9746879935264587,8.85433578491211,8.878439
chelsea-4k-roi,baseline,0,127,7.866847991943359,0.9701120257377625,8.836959838867188,8.86607
chelsea-4k-roi,baseline,0,128,7.843167781829834,0.9713280200958252,8.814496040344238,8.836635
chelsea-4k-roi,baseline,0,129,7.891488075256348,0.9832000136375427,8.874688148498535,8.901343
chelsea-4k-roi,baseline,0,130,7.894944190979004,0.9864959716796875,8.881440162658691,8.902535
chelsea-4k-roi,baseline,0,131,7.902688026428223,0.9803199768066406,8.883008003234863,8.903917
chelsea-4k-roi,baseline,0,132,7.888864040374756,0.9817919731140137,8.87065601348877,8.893822
chelsea-4k-roi,baseline,0,133,7.884448051452637,0.9731199741363525,8.85756778717041,8.881253
chelsea-4k-roi,baseline,0,134,7.860159873962402,0.974943995475769,8.835103988647461,8.857536
chelsea-4k-roi,baseline,0,135,7.866112232208252,0.9712640047073364,8.83737564086914,8.864037
chelsea-4k-roi,baseline,0,136,7.895999908447266,0.9836159944534302,8.879615783691406,8.906441
chelsea-4k-roi,baseline,0,137,7.903200149536133,0.9767680168151855,8.87996768951416,8.910257
chelsea-4k-roi,baseline,0,138,7.898303985595703,0.9866880178451538,8.884991645812988,8.910206
chelsea-4k-roi,baseline,0,139,7.910208225250244,0.991104006767273,8.901311874389648,8.92561
chelsea-4k-roi,baseline,0,140,7.90934419631958,0.9910719990730286,8.900416374206543,8.921384
chelsea-4k-roi,baseline,0,141,7.906400203704834,0.9898880124092102,8.89628791809082,8.917338
chelsea-4k-roi,baseline,0,142,7.904352188110352,0.9840319752693176,8.888383865356445,8.912139
chelsea-4k-roi,baseline,0,143,7.898431777954102,0.9823359847068787,8.880767822265625,8.908214
chelsea-4k-roi,baseline,0,144,7.897759914398193,0.9849600195884705,8.882719993591309,8.907473
chelsea-4k-roi,baseline,0,145,7.885824203491211,0.9808319807052612,8.866656303405762,8.89921
chelsea-4k-roi,baseline,0,146,7.900063991546631,0.9800000190734863,8.880064010620117,8.90602
chelsea-4k-roi,baseline,0,147,7.936031818389893,0.9980800151824951,8.934111595153809,8.961004
chelsea-4k-roi,baseline,0,148,7.947775840759277,1.0009599924087524,8.948736190795898,8.972651
chelsea-4k-roi,baseline,0,149,7.939807891845703,1.0107519626617432,8.950559616088867,8.970679
chelsea-4k-roi,baseline,0,150,7.977695941925049,1.0096960067749023,8.98739242553711,9.007635
chelsea-4k-roi,baseline,0,151,7.9767680168151855,0.9980159997940063,8.974783897399902,9.001665
chelsea-4k-roi,baseline,0,152,7.92460823059082,0.9961919784545898,8.92080020904541,8.94494
chelsea-4k-roi,baseline,0,153,7.921504020690918,0.9939200282096863,8.915424346923828,8.941455
chelsea-4k-roi,baseline,0,154,7.90342378616333,0.98089599609375,8.884320259094238,8.911418
chelsea-4k-roi,baseline,0,155,7.889023780822754,0.9821439981460571,8.87116813659668,8.902745
chelsea-4k-roi,baseline,0,156,7.87059211730957,0.9753919839859009,8.84598445892334,8.869715
chelsea-4k-roi,baseline,0,157,7.883456230163574,0.9726399779319763,8.856096267700195,8.881694
chelsea-4k-roi,baseline,0,158,7.892928123474121,0.9845759868621826,8.877504348754883,8.902275
chelsea-4k-roi,baseline,0,159,7.897183895111084,0.9866880178451538,8.883872032165527,8.906111
chelsea-4k-roi,baseline,0,160,7.891776084899902,0.9745280146598816,8.866304397583008,8.887632
chelsea-4k-roi,baseline,0,161,7.888832092285156,0.9728000164031982,8.861632347106934,8.883056
chelsea-4k-roi,baseline,0,162,7.879487991333008,0.9712960124015808,8.850784301757812,8.875564
chelsea-4k-roi,baseline,0,163,7.8712639808654785,0.9727360010147095,8.843999862670898,8.869325
chelsea-4k-roi,baseline,0,164,7.861055850982666,0.9734079837799072,8.834464073181152,8.860371
chelsea-4k-roi,baseline,0,165,7.87667179107666,0.9763839840888977,8.853055953979492,8.878108
chelsea-4k-roi,baseline,0,166,7.870143890380859,0.9769600033760071,8.8471040725708,8.87967
chelsea-4k-roi,baseline,0,167,7.9285759925842285,1.0,8.928576469421387,8.951639
chelsea-4k-roi,baseline,0,168,7.922239780426025,1.00108802318573,8.923328399658203,8.954864
chelsea-4k-roi,baseline,0,169,7.957119941711426,0.9997760057449341,8.95689582824707,8.983017
chelsea-4k-roi,baseline,0,170,7.949344158172607,0.999455988407135,8.948800086975098,8.97156
chelsea-4k-roi,baseline,0,171,7.934944152832031,0.9979199767112732,8.93286418914795,8.955115
chelsea-4k-roi,baseline,0,172,7.941247940063477,1.0002559423446655,8.941503524780273,8.962336
chelsea-4k-roi,baseline,0,173,7.9416961669921875,0.9988160133361816,8.940511703491211,8.963828
chelsea-4k-roi,baseline,0,174,7.963456153869629,1.0087679624557495,8.972224235534668,9.000293
chelsea-4k-roi,baseline,0,175,7.957183837890625,1.0096640586853027,8.966848373413086,8.990018
chelsea-4k-roi,baseline,0,176,7.975264072418213,1.0149120092391968,8.9901762008667,9.012552
chelsea-4k-roi,baseline,0,177,7.981023788452148,1.0118080377578735,8.99283218383789,9.015206
chelsea-4k-roi,baseline,0,178,7.992959976196289,1.0309439897537231,9.023903846740723,9.04404
chelsea-4k-roi,baseline,0,179,8.043968200683594,1.0303679704666138,9.074336051940918,9.098622
chelsea-4k-roi,baseline,0,180,8.054240226745605,1.0224319696426392,9.076671600341797,9.099574
chelsea-4k-roi,baseline,0,181,8.017248153686523,1.0230400562286377,9.040287971496582,9.060805
chelsea-4k-roi,baseline,0,182,8.018239974975586,1.0184320211410522,9.03667163848877,9.05751
chelsea-4k-roi,baseline,0,183,7.992288112640381,1.0132160186767578,9.00550365447998,9.030248
chelsea-4k-roi,baseline,0,184,7.9858880043029785,1.014623999595642,9.00051212310791,9.022156
chelsea-4k-roi,baseline,0,185,8.053248405456543,1.0375360250473022,9.090784072875977,9.114286
chelsea-4k-roi,baseline,0,186,8.042464256286621,1.0408320426940918,9.083295822143555,9.108177
chelsea-4k-roi,baseline,0,187,8.067968368530273,1.049407958984375,9.117376327514648,9.140045
chelsea-4k-roi,baseline,0,188,8.070464134216309,1.0465279817581177,9.116991996765137,9.141548
chelsea-4k-roi,baseline,0,189,8.099648475646973,1.0578880310058594,9.157535552978516,9.181168
chelsea-4k-roi,baseline,0,190,8.114912033081055,1.0593600273132324,9.174271583557129,9.199185
chelsea-4k-roi,baseline,0,191,8.116064071655273,1.0485119819641113,9.164575576782227,9.192875
chelsea-4k-roi,baseline,0,192,8.069727897644043,1.0497280359268188,9.11945629119873,9.145794
chelsea-4k-roi,baseline,0,193,8.06499195098877,1.027392029762268,9.092384338378906,9.113925
chelsea-4k-roi,baseline,0,194,8.02889633178711,1.0265599489212036,9.055456161499023,9.084561
chelsea-4k-roi,baseline,0,195,8.049407958984375,1.0263999700546265,9.075807571411133,9.100375
chelsea-4k-roi,baseline,0,196,7.982175827026367,1.0185279846191406,9.000703811645508,9.022447
chelsea-4k-roi,baseline,0,197,7.99894380569458,1.0142719745635986,9.013216018676758,9.03777
chelsea-4k-roi,baseline,0,198,8.062080383300781,1.0391680002212524,9.101247787475586,9.129079
chelsea-4k-roi,baseline,0,199,8.064096450805664,1.039423942565918,9.103520393371582,9.127766
chelsea-4k-roi,baseline,0,200,8.06710433959961,1.0423040390014648,9.109408378601074,9.134476
chelsea-4k-roi,baseline,0,201,8.050911903381348,1.037727952003479,9.088640213012695,9.112613
chelsea-4k-roi,baseline,0,202,8.073951721191406,1.0328320264816284,9.106783866882324,9.131362
chelsea-4k-roi,baseline,0,203,8.043487548828125,1.0370240211486816,9.080512046813965,9.107716
chelsea-4k-roi,baseline,0,204,8.056159973144531,1.0265920162200928,9.082752227783203,9.107165
chelsea-4k-roi,baseline,0,205,8.017279624938965,1.0219839811325073,9.039263725280762,9.063639
chelsea-4k-roi,baseline,0,206,8.006239891052246,1.025215983390808,9.031455993652344,9.055026
chelsea-4k-roi,baseline,0,207,8.015423774719238,1.0221760272979736,9.037599563598633,9.06381
chelsea-4k-roi,baseline,0,208,8.005248069763184,1.0230079889297485,9.0282564163208,9.052462
chelsea-4k-roi,baseline,0,209,8.019455909729004,1.019935965538025,9.039392471313477,9.063009
chelsea-4k-roi,baseline,0,210,8.015711784362793,1.0234880447387695,9.039199829101562,9.063048
chelsea-4k-roi,baseline,0,211,8.06719970703125,1.0443840026855469,9.111583709716797,9.138012
chelsea-4k-roi,baseline,0,212,8.075872421264648,1.047935962677002,9.123807907104492,9.155688
chelsea-4k-roi,baseline,0,213,8.084416389465332,1.038815975189209,9.123231887817383,9.146064
chelsea-4k-roi,baseline,0,214,8.06668758392334,1.0414400100708008,9.10812759399414,9.128358
chelsea-4k-roi,baseline,0,215,8.06332778930664,1.020799994468689,9.084128379821777,9.104881
chelsea-4k-roi,baseline,0,216,8.019647598266602,1.0249279737472534,9.044575691223145,9.06461
chelsea-4k-roi,baseline,0,217,8.013152122497559,1.0195200443267822,9.032671928405762,9.052743
chelsea-4k-roi,baseline,0,218,7.966047763824463,1.0143040418624878,8.980352401733398,9.001915
chelsea-4k-roi,baseline,0,219,7.961215972900391,1.0134400129318237,8.974656105041504,8.998982
chelsea-4k-roi,baseline,0,220,7.987616062164307,1.0131200551986694,9.000736236572266,9.029348
chelsea-4k-roi,baseline,0,221,7.971424102783203,1.0115200281143188,8.982943534851074,9.001986
chelsea-4k-roi,baseline,0,222,8.02079963684082,1.0394879579544067,9.060288429260254,9.080004
chelsea-4k-roi,baseline,0,223,8.060447692871094,1.0397119522094727,9.100159645080566,9.119674
chelsea-4k-roi,baseline,0,224,8.036640167236328,1.0229120254516602,9.059552192687988,9.079013
chelsea-4k-roi,baseline,0,225,8.011679649353027,1.0207359790802002,9.032416343688965,9.059673
chelsea-4k-roi,baseline,0,226,8.0033597946167,1.012671947479248,9.016032218933105,9.041656
chelsea-4k-roi,baseline,0,227,8.000543594360352,1.0107519626617432,9.011296272277832,9.035186
chelsea-4k-roi,baseline,0,228,7.96995210647583,1.0100159645080566,8.979968070983887,9.003438
chelsea-4k-roi,baseline,0,229,7.9549760818481445,0.9980480074882507,8.953023910522461,8.9785
chelsea-4k-roi,baseline,0,230,7.941887855529785,0.999455988407135,8.941344261169434,8.965791
chelsea-4k-roi,baseline,0,231,7.9235520362854,0.9914559721946716,8.915007591247559,8.939501
chelsea-4k-roi,baseline,0,232,7.936863899230957,0.9921280145645142,8.92899227142334,8.95239
chelsea-4k-roi,baseline,0,233,7.926943778991699,0.985696017742157,8.912639617919922,8.934984
chelsea-4k-roi,baseline,0,234,7.909759998321533,0.9889919757843018,8.898752212524414,8.924408
chelsea-4k-roi,baseline,0,235,7.906015872955322,0.9735360145568848,8.879551887512207,8.900181
chelsea-4k-roi,baseline,0,236,7.889855861663818,0.9757760167121887,8.865632057189941,8.889426
chelsea-4k-roi,baseline,0,237,7.870431900024414,0.9696000218391418,8.840031623840332,8.864227
chelsea-4k-roi,baseline,0,238,7.861248016357422,0.9661120176315308,8.827360153198242,8.850506
chelsea-4k-roi,baseline,0,239,7.8706560134887695,0.9674879908561707,8.838144302368164,8.862595
chelsea-4k-roi,baseline,0,240,7.8639678955078125,0.9630720019340515,8.82703971862793,8.85335
chelsea-4k-roi,baseline,0,241,7.851263999938965,0.9614719748497009,8.812735557556152,8.836876
chelsea-4k-roi,baseline,0,242,7.887423992156982,0.9839360117912292,8.871359825134277,8.891909
chelsea-4k-roi,baseline,0,243,7.911104202270508,0.984063982963562,8.89516830444336,8.913501
chelsea-4k-roi,baseline,0,244,7.899712085723877,0.9824640154838562,8.882176399230957,8.903106
chelsea-4k-roi,baseline,0,245,7.893792152404785,0.9784319996833801,8.872223854064941,8.895785
chelsea-4k-roi,baseline,0,246,7.899456024169922,0.9834240078926086,8.882880210876465,8.90573
chelsea-4k-roi,baseline,0,247,7.8903679847717285,0.9805120229721069,8.870880126953125,8.892439
chelsea-4k-roi,baseline,0,248,7.902815818786621,0.9831680059432983,8.885984420776367,8.909085
chelsea-4k-roi,baseline,0,249,7.942080020904541,0.9958720207214355,8.937952041625977,8.961194
chelsea-4k-roi,baseline,0,250,7.932831764221191,0.9964799880981445,8.929311752319336,8.954344
chelsea-4k-roi,baseline,0,251,7.948575973510742,0.9990400075912476,8.947615623474121,8.970939
chelsea-4k-roi,baseline,0,252,7.94163179397583,0.9994879961013794,8.941120147705078,8.962947
chelsea-4k-roi,baseline,0,253,7.956160068511963,0.9987199902534485,8.954879760742188,8.97803
chelsea-4k-roi,baseline,0,254,7.939231872558594,1.0011520385742188,8.940383911132812,8.961965
chelsea-4k-roi,baseline,0,255,7.940159797668457,0.989791989326477,8.929951667785645,8.951329
chelsea-4k-roi,baseline,0,256,7.902527809143066,0.9875519871711731,8.890080451965332,8.91262
chelsea-4k-roi,baseline,0,257,7.914112091064453,0.9862719774246216,8.900383949279785,8.931409
chelsea-4k-roi,baseline,0,258,7.875455856323242,0.9735040068626404,8.848959922790527,8.872138
chelsea-4k-roi,baseline,0,259,7.8915839195251465,0.9745280146598816,8.866111755371094,8.892289
chelsea-4k-roi,baseline,0,260,7.8809919357299805,0.9724479913711548,8.853440284729004,8.87296
chelsea-4k-roi,baseline,0,261,7.870463848114014,0.9758080244064331,8.846272468566895,8.863366
chelsea-4k-roi,baseline,0,262,7.906559944152832,0.9891520142555237,8.895711898803711,8.917929
chelsea-4k-roi,baseline,0,263,7.910880088806152,0.988864004611969,8.899744033813477,8.921504
chelsea-4k-roi,baseline,0,264,7.908991813659668,0.9770879745483398,8.886079788208008,8.909135
chelsea-4k-roi,baseline,0,265,7.875648021697998,0.9768959879875183,8.852543830871582,8.875114
chelsea-4k-roi,baseline,0,266,7.8632001876831055,0.9798719882965088,8.843071937561035,8.865058
chelsea-4k-roi,baseline,0,267,7.871935844421387,0.9753280282020569,8.847264289855957,8.871718
chelsea-4k-roi,baseline,0,268,7.864416122436523,0.9761599898338318,8.840576171875,8.860271
chelsea-4k-roi,baseline,0,269,7.906752109527588,0.9845759868621826,8.891327857971191,8.910867
chelsea-4k-roi,baseline,0,270,7.910528182983398,0.9897599816322327,8.900287628173828,8.922455
chelsea-4k-roi,baseline,0,271,7.92460823059082,1.0098880529403687,8.93449592590332,8.952981
chelsea-4k-roi,baseline,0,272,7.968063831329346,1.009503960609436,8.977567672729492,8.999162
chelsea-4k-roi,baseline,0,273,7.966047763824463,0.9982720017433167,8.964320182800293,8.984149
chelsea-4k-roi,baseline,0,274,7.95030403137207,0.9993919730186462,8.949695587158203,8.968566
chelsea-4k-roi,baseline,0,275,7.941887855529785,0.9984959959983826,8.940383911132812,8.95894
chelsea-4k-roi,baseline,0,276,7.9370880126953125,1.0020159482955933,8.939104080200195,8.962455
chelsea-4k-roi,baseline,0,277,7.928319931030273,0.9998400211334229,8.928159713745117,8.946872
chelsea-4k-roi,baseline,0,278,7.962912082672119,0.9969599843025208,8.959872245788574,8.981154
chelsea-4k-roi,baseline,0,279,7.945407867431641,0.9975039958953857,8.942912101745605,8.96517
chelsea-4k-roi,baseline,0,280,7.976736068725586,1.0112639665603638,8.98799991607666,9.007544
chelsea-4k-roi,baseline,0,281,7.95900821685791,1.0090240240097046,8.968031883239746,8.99153
chelsea-4k-roi,baseline,0,282,7.979455947875977,1.012992024421692,8.992447853088379,9.015296
chelsea-4k-roi,baseline,0,283,7.97324800491333,1.0146559476852417,8.987903594970703,9.01108
chelsea-4k-roi,baseline,0,284,7.982336044311523,1.0136640071868896,8.996000289916992,9.018371
chelsea-4k-roi,baseline,0,285,7.999936103820801,1.011423945426941,9.011360168457031,9.035016
chelsea-4k-roi,baseline,0,286,7.959296226501465,1.0137280225753784,8.973024368286133,9.002507
chelsea-4k-roi,baseline,0,287,7.976480007171631,1.0150079727172852,8.991488456726074,9.017459
chelsea-4k-roi,baseline,0,288,7.981311798095703,1.0128639936447144,8.994175910949707,9.021235
chelsea-4k-roi,baseline,0,289,8.004608154296875,1.0189440250396729,9.023551940917969,9.045772
chelsea-4k-roi,baseline,0,290,8.002559661865234,1.0209599733352661,9.023520469665527,9.048636
chelsea-4k-roi,baseline,0,291,8.029855728149414,1.04038405418396,9.070240020751953,9.095568
chelsea-4k-roi,baseline,0,292,8.057472229003906,1.0397440195083618,9.09721565246582,9.126605
chelsea-4k-roi,baseline,0,293,8.05123233795166,1.03929603099823,9.090527534484863,9.116639
chelsea-4k-roi,baseline,0,294,8.046751976013184,1.0367679595947266,9.08351993560791,9.10383
chelsea-4k-roi,baseline,0,295,8.067296028137207,1.0236159563064575,9.090911865234375,9.113946
chelsea-4k-roi,baseline,0,296,8.036191940307617,1.0253440141677856,9.061535835266113,9.082298
chelsea-4k-roi,baseline,0,297,8.025279998779297,1.0271999835968018,9.05247974395752,9.075307
chelsea-4k-roi,baseline,0,298,8.008416175842285,1.0236799716949463,9.032095909118652,9.055998
chelsea-4k-roi,baseline,0,299,7.996863842010498,1.023584008216858,9.020447731018066,9.043449
chelsea-4k-roi,planned-roi,0,0,4.719007968902588,1.0440000295639038,5.763008117675781,5.795244
chelsea-4k-roi,planned-roi,0,1,4.676447868347168,1.036255955696106,5.712704181671143,5.73243
chelsea-4k-roi,planned-roi,0,2,4.678592205047607,1.0267200469970703,5.7053117752075195,5.722875
chelsea-4k-roi,planned-roi,0,3,4.65177583694458,1.026047945022583,5.677824020385742,5.694512
chelsea-4k-roi,planned-roi,0,4,4.658400058746338,1.026304006576538,5.684703826904297,5.701072
chelsea-4k-roi,planned-roi,0,5,4.641983985900879,1.0171200037002563,5.659103870391846,5.678638
chelsea-4k-roi,planned-roi,0,6,4.642047882080078,1.0172159671783447,5.659264087677002,5.681983
chelsea-4k-roi,planned-roi,0,7,4.636832237243652,1.0152000188827515,5.652031898498535,5.671177
chelsea-4k-roi,planned-roi,0,8,4.633855819702148,1.018399953842163,5.652256011962891,5.671067
chelsea-4k-roi,planned-roi,0,9,4.647583961486816,1.0195839405059814,5.667168140411377,5.68668
chelsea-4k-roi,planned-roi,0,10,4.651711940765381,1.0208640098571777,5.672575950622559,5.694642
chelsea-4k-roi,planned-roi,0,11,4.642687797546387,1.0179840326309204,5.660672187805176,5.680281
chelsea-4k-roi,planned-roi,0,12,4.62278413772583,1.0147520303726196,5.63753604888916,5.657456
chelsea-4k-roi,planned-roi,0,13,4.619679927825928,1.0105600357055664,5.630239963531494,5.647631
chelsea-4k-roi,planned-roi,0,14,4.633440017700195,1.013759970664978,5.647200107574463,5.666149
chelsea-4k-roi,planned-roi,0,15,4.62608003616333,1.014240026473999,5.64031982421875,5.658207
chelsea-4k-roi,planned-roi,0,16,4.639520168304443,1.021888017654419,5.661407947540283,5.680321
chelsea-4k-roi,planned-roi,0,17,4.636352062225342,1.0184639692306519,5.654816150665283,5.674271
chelsea-4k-roi,planned-roi,0,18,4.638656139373779,1.020799994468689,5.6594557762146,5.680441
chelsea-4k-roi,planned-roi,0,19,4.636447906494141,1.012992024421692,5.649439811706543,5.668303
chelsea-4k-roi,planned-roi,0,20,4.631487846374512,1.0131200551986694,5.644608020782471,5.666219
chelsea-4k-roi,planned-roi,0,21,4.630591869354248,1.013535976409912,5.64412784576416,5.663324
chelsea-4k-roi,planned-roi,0,22,4.63212776184082,1.0164480209350586,5.648575782775879,5.671297
chelsea-4k-roi,planned-roi,0,23,4.650432109832764,1.0232640504837036,5.673696041107178,5.693531
chelsea-4k-roi,planned-roi,0,24,4.654304027557373,1.0235199928283691,5.677824020385742,5.696556
chelsea-4k-roi,planned-roi,0,25,4.639071941375732,1.0228159427642822,5.661888122558594,5.682413
chelsea-4k-roi,planned-roi,0,26,4.6427202224731445,1.0159679651260376,5.658688068389893,5.677917
chelsea-4k-roi,planned-roi,0,27,4.629119873046875,1.014464020729065,5.64358377456665,5.661893
chelsea-4k-roi,planned-roi,0,28,4.635456085205078,1.0168960094451904,5.6523518562316895,5.67359
chelsea-4k-roi,planned-roi,0,29,4.649151802062988,1.0174720287322998,5.666624069213867,5.68674
chelsea-4k-roi,planned-roi,0,30,4.654560089111328,1.029088020324707,5.683648109436035,5.703005
chelsea-4k-roi,planned-roi,0,31,4.666656017303467,1.0303679704666138,5.697023868560791,5.720952
chelsea-4k-roi,planned-roi,0,32,4.665855884552002,1.0289599895477295,5.6948161125183105,5.713882
chelsea-4k-roi,planned-roi,0,33,4.644800186157227,1.0216000080108643,5.666399955749512,5.689384
chelsea-4k-roi,planned-roi,0,34,4.644480228424072,1.022655963897705,5.667136192321777,5.685358
chelsea-4k-roi,planned-roi,0,35,4.649343967437744,1.0186879634857178,5.668032169342041,5.691317
chelsea-4k-roi,planned-roi,0,36,4.644800186157227,1.018496036529541,5.663296222686768,5.683486
chelsea-4k-roi,planned-roi,0,37,4.627744197845459,1.0112639665603638,5.639008045196533,5.661442
chelsea-4k-roi,planned-roi,0,38,4.637663841247559,1.0121279954910278,5.649792194366455,5.674422
chelsea-4k-roi,planned-roi,0,39,4.631167888641357,1.0101439952850342,5.641312122344971,5.662454
chelsea-4k-roi,planned-roi,0,40,4.615776062011719,1.0039360523223877,5.619711875915527,5.638688
chelsea-4k-roi,planned-roi,0,41,4.616000175476074,1.0036159753799438,5.6196160316467285,5.636785
chelsea-4k-roi,planned-roi,0,42,4.622111797332764,1.0035200119018555,5.625631809234619,5.64723
chelsea-4k-roi,planned-roi,0,43,4.622655868530273,1.0024319887161255,5.625088214874268,5.644806
chelsea-4k-roi,planned-roi,0,44,4.5984320640563965,0.9987519979476929,5.597184181213379,5.618147
chelsea-4k-roi,planned-roi,0,45,4.601439952850342,0.9986240267753601,5.600063800811768,5.62054
chelsea-4k-roi,planned-roi,0,46,4.605823993682861,1.0003199577331543,5.606143951416016,5.624957
chelsea-4k-roi,planned-roi,0,47,4.593472003936768,0.998304009437561,5.591775894165039,5.612268
chelsea-4k-roi,planned-roi,0,48,4.612063884735107,1.0,5.612063884735107,5.631967
chelsea-4k-roi,planned-roi,0,49,4.604032039642334,0.9982079863548279,5.602240085601807,5.621451
chelsea-4k-roi,planned-roi,0,50,4.610335826873779,1.0001920461654663,5.610527992248535,5.63374
chelsea-4k-roi,planned-roi,0,51,4.602208137512207,0.9902399778366089,5.5924482345581055,5.611526
chelsea-4k-roi,planned-roi,0,52,4.579296112060547,0.9904639720916748,5.569759845733643,5.589112
chelsea-4k-roi,planned-roi,0,53,4.592639923095703,0.9927679896354675,5.5854082107543945,5.605377
chelsea-4k-roi,planned-roi,0,54,4.5900797843933105,0.9972800016403198,5.58735990524292,5.607049
chelsea-4k-roi,planned-roi,0,55,4.596223831176758,0.9968640208244324,5.593088150024414,5.610565
chelsea-4k-roi,planned-roi,0,56,4.595232009887695,0.9956160187721252,5.590847969055176,5.607921
chelsea-4k-roi,planned-roi,0,57,4.601856231689453,0.9970560073852539,5.598911762237549,5.616324
chelsea-4k-roi,planned-roi,0,58,4.575071811676025,0.9876160025596619,5.562687873840332,5.580859
chelsea-4k-roi,planned-roi,0,59,4.579296112060547,0.986847996711731,5.566143989562988,5.585157
chelsea-4k-roi,planned-roi,0,60,4.602848052978516,0.9892160296440125,5.592063903808594,5.612889
chelsea-4k-roi,planned-roi,0,61,4.591231822967529,0.9987519979476929,5.589983940124512,5.60753
chelsea-4k-roi,planned-roi,0,62,4.604063987731934,0.9993600249290466,5.603424072265625,5.62052
chelsea-4k-roi,planned-roi,0,63,4.596479892730713,0.9975360035896301,5.594016075134277,5.611607
chelsea-4k-roi,planned-roi,0,64,4.590271949768066,0.9988800287246704,5.589151859283447,5.606769
chelsea-4k-roi,planned-roi,0,65,4.584767818450928,0.9887359738349915,5.5735039710998535,5.593179
chelsea-4k-roi,planned-roi,0,66,4.58892822265625,0.9904639720916748,5.579391956329346,5.596554
chelsea-4k-roi,planned-roi,0,67,4.577888011932373,0.9881280064582825,5.56601619720459,5.585257
chelsea-4k-roi,planned-roi,0,68,4.580832004547119,0.9943040013313293,5.575136184692383,5.593179
chelsea-4k-roi,planned-roi,0,69,4.608992099761963,0.9963200092315674,5.605311870574951,5.624065
chelsea-4k-roi,planned-roi,0,70,4.597663879394531,0.9965760111808777,5.594240188598633,5.611817
chelsea-4k-roi,planned-roi,0,71,4.594912052154541,0.9959999918937683,5.590911865234375,5.605667
chelsea-4k-roi,planned-roi,0,72,4.581600189208984,0.9882879853248596,5.569888114929199,5.586729
chelsea-4k-roi,planned-roi,0,73,4.5887041091918945,0.9869440197944641,5.575647830963135,5.593969
chelsea-4k-roi,planned-roi,0,74,4.577375888824463,0.989952027797699,5.567327976226807,5.582963
chelsea-4k-roi,planned-roi,0,75,4.582431793212891,0.9896640181541443,5.57209587097168,5.588802
chelsea-4k-roi,planned-roi,0,76,4.598080158233643,0.9961919784545898,5.594272136688232,5.612808
chelsea-4k-roi,planned-roi,0,77,4.581567764282227,0.9959679841995239,5.577536106109619,5.594521
chelsea-4k-roi,planned-roi,0,78,4.594655990600586,0.9969919919967651,5.591648101806641,5.608432
chelsea-4k-roi,planned-roi,0,79,4.593023777008057,0.9972479939460754,5.590271949768066,5.606639
chelsea-4k-roi,planned-roi,0,80,4.588479995727539,0.9958080053329468,5.584288120269775,5.603995
chelsea-4k-roi,planned-roi,0,81,4.612063884735107,0.9952960014343262,5.607359886169434,5.625607
chelsea-4k-roi,planned-roi,0,82,4.619071960449219,0.9959359765052795,5.6150078773498535,5.633028
chelsea-4k-roi,planned-roi,0,83,4.603231906890869,0.9938880205154419,5.5971198081970215,5.614831
chelsea-4k-roi,planned-roi,0,84,4.610335826873779,0.996288001537323,5.606624126434326,5.624777
chelsea-4k-roi,planned-roi,0,85,4.593120098114014,0.9953920245170593,5.588511943817139,5.605047
chelsea-4k-roi,planned-roi,0,86,4.602784156799316,1.0089279413223267,5.6117119789123535,5.626589
chelsea-4k-roi,planned-roi,0,87,4.608320236206055,1.0088319778442383,5.617152214050293,5.63412
chelsea-4k-roi,planned-roi,0,88,4.621984004974365,1.0106240510940552,5.632607936859131,5.653079
chelsea-4k-roi,planned-roi,0,89,4.608320236206055,1.0100480318069458,5.618368148803711,5.634691
chelsea-4k-roi,planned-roi,0,90,4.612736225128174,0.9984959959983826,5.611231803894043,5.629774
chelsea-4k-roi,planned-roi,0,91,4.609504222869873,0.9981120228767395,5.607615947723389,5.626879
chelsea-4k-roi,planned-roi,0,92,4.608448028564453,1.0014400482177734,5.609888076782227,5.629524
chelsea-4k-roi,planned-roi,0,93,4.597536087036133,0.9999679923057556,5.597504138946533,5.615042
chelsea-4k-roi,planned-roi,0,94,4.602240085601807,1.0014400482177734,5.60368013381958,5.626009
chelsea-4k-roi,planned-roi,0,95,4.59222412109375,0.9986240267753601,5.590847969055176,5.611215
chelsea-4k-roi,planned-roi,0,96,4.596864223480225,0.9979519844055176,5.594816207885742,5.613079
chelsea-4k-roi,planned-roi,0,97,4.617568016052246,0.9997119903564453,5.617280006408691,5.636815
chelsea-4k-roi,planned-roi,0,98,4.608831882476807,1.0005439519882202,5.609375953674316,5.626148
chelsea-4k-roi,planned-roi,0,99,4.626688003540039,0.997439980506897,5.6241278648376465,5.644356
chelsea-4k-roi,planned-roi,0,100,4.606688022613525,1.0095679759979248,5.616256237030029,5.633219
chelsea-4k-roi,planned-roi,0,101,4.6169281005859375,1.0088319778442383,5.625760078430176,5.641712
chelsea-4k-roi,planned-roi,0,102,4.619135856628418,1.011072039604187,5.6302080154418945,5.649804
chelsea-4k-roi,planned-roi,0,103,4.612895965576172,1.0088000297546387,5.6216959953308105,5.643355
chelsea-4k-roi,planned-roi,0,104,4.608448028564453,0.9976639747619629,5.606112003326416,5.626319
chelsea-4k-roi,planned-roi,0,105,4.609536170959473,0.998848021030426,5.608384132385254,5.629053
chelsea-4k-roi,planned-roi,0,106,4.597536087036133,0.9989759922027588,5.5965118408203125,5.615292
chelsea-4k-roi,planned-roi,0,107,4.598976135253906,1.0220799446105957,5.621056079864502,5.637085
chelsea-4k-roi,planned-roi,0,108,4.64358377456665,1.0246080160140991,5.668191909790039,5.683766
chelsea-4k-roi,planned-roi,0,109,4.643455982208252,1.0243200063705444,5.667776107788086,5.68654
chelsea-4k-roi,planned-roi,0,110,4.647615909576416,1.0247039794921875,5.6723198890686035,5.693781
chelsea-4k-roi,planned-roi,0,111,4.653247833251953,1.0113279819488525,5.664576053619385,5.682504
chelsea-4k-roi,planned-roi,0,112,4.62940788269043,1.0107200145721436,5.640128135681152,5.658528
chelsea-4k-roi,planned-roi,0,113,4.624415874481201,1.0129599571228027,5.637375831604004,5.657016
chelsea-4k-roi,planned-roi,0,114,4.619967937469482,1.0278400182724,5.647808074951172,5.666049
chelsea-4k-roi,planned-roi,0,115,4.659071922302246,1.0307519435882568,5.689824104309082,5.706631
chelsea-4k-roi,planned-roi,0,116,4.6615681648254395,1.0321279764175415,5.693696022033691,5.713581
chelsea-4k-roi,planned-roi,0,117,4.665823936462402,1.0318080186843872,5.6976318359375,5.716225
chelsea-4k-roi,planned-roi,0,118,4.646751880645752,1.0254080295562744,5.6721601486206055,5.691387
chelsea-4k-roi,planned-roi,0,119,4.642399787902832,1.023584008216858,5.665984153747559,5.685488
chelsea-4k-roi,planned-roi,0,120,4.657055854797363,1.024672031402588,5.681727886199951,5.699679
chelsea-4k-roi,planned-roi,0,121,4.658880233764648,1.037727952003479,5.696608066558838,5.716776
chelsea-4k-roi,planned-roi,0,122,4.6943678855896,1.037824034690857,5.732192039489746,5.751018
chelsea-4k-roi,planned-roi,0,123,4.665408134460449,1.040671944618225,5.706079959869385,5.724197
chelsea-4k-roi,planned-roi,0,124,4.68671989440918,1.038591980934143,5.725312232971191,5.746421
chelsea-4k-roi,planned-roi,0,125,4.664095878601074,1.0238399505615234,5.687935829162598,5.708814
chelsea-4k-roi,planned-roi,0,126,4.635968208312988,1.0223360061645508,5.658304214477539,5.677326
chelsea-4k-roi,planned-roi,0,127,4.637311935424805,1.022976040840149,5.660287857055664,5.676916
chelsea-4k-roi,planned-roi,0,128,4.64358377456665,1.0408320426940918,5.684415817260742,5.701663
chelsea-4k-roi,planned-roi,0,129,4.673920154571533,1.0401920080184937,5.714111804962158,5.731578
chelsea-4k-roi,planned-roi,0,130,4.670176029205322,1.0403519868850708,5.7105278968811035,5.726711
chelsea-4k-roi,planned-roi,0,131,4.6715521812438965,1.0392639636993408,5.710815906524658,5.728063
chelsea-4k-roi,planned-roi,0,132,4.649216175079346,1.022528052330017,5.671743869781494,5.688463
chelsea-4k-roi,planned-roi,0,133,4.630176067352295,1.0232319831848145,5.653408050537109,5.669775
chelsea-4k-roi,planned-roi,0,134,4.661087989807129,1.0257920026779175,5.686880111694336,5.703957
chelsea-4k-roi,planned-roi,0,135,4.648863792419434,1.036255955696106,5.685120105743408,5.702424
chelsea-4k-roi,planned-roi,0,136,4.666431903839111,1.0477759838104248,5.714208126068115,5.731458
chelsea-4k-roi,planned-roi,0,137,4.682015895843506,1.0398399829864502,5.721856117248535,5.742455
chelsea-4k-roi,planned-roi,0,138,4.673696041107178,1.0407999753952026,5.71449613571167,5.732059
chelsea-4k-roi,planned-roi,0,139,4.65337610244751,1.026047945022583,5.679423809051514,5.701793
chelsea-4k-roi,planned-roi,0,140,4.6495041847229,1.0248639583587646,5.674367904663086,5.691958
chelsea-4k-roi,planned-roi,0,141,4.669087886810303,1.0257600545883179,5.69484806060791,5.716776
chelsea-4k-roi,planned-roi,0,142,4.658559799194336,1.0303679704666138,5.688928127288818,5.711237
chelsea-4k-roi,planned-roi,0,143,4.662720203399658,1.030079960823059,5.692800045013428,5.715274
chelsea-4k-roi,planned-roi,0,144,4.657087802886963,1.0327999591827393,5.689888000488281,5.710697
chelsea-4k-roi,planned-roi,0,145,4.6727681159973145,1.0303679704666138,5.703135967254639,5.722054
chelsea-4k-roi,planned-roi,0,146,4.636703968048096,1.019968032836914,5.65667200088501,5.676255
chelsea-4k-roi,planned-roi,0,147,4.631743907928467,1.0184639692306519,5.650207996368408,5.671838
chelsea-4k-roi,planned-roi,0,148,4.641695976257324,1.0215359926223755,5.66323184967041,5.683566
chelsea-4k-roi,planned-roi,0,149,4.651391983032227,1.0410879850387573,5.692480087280273,5.71289
chelsea-4k-roi,planned-roi,0,150,4.6855998039245605,1.0389759540557861,5.724575996398926,5.745159
chelsea-4k-roi,planned-roi,0,151,4.670976161956787,1.0396159887313843,5.710591793060303,5.728082
chelsea-4k-roi,planned-roi,0,152,4.676352024078369,1.0423040390014648,5.718656063079834,5.740021
chelsea-4k-roi,planned-roi,0,153,4.6626877784729,1.033247947692871,5.69593620300293,5.717286
chelsea-4k-roi,planned-roi,0,154,4.651711940765381,1.0327999591827393,5.684512138366699,5.7061
chelsea-4k-roi,planned-roi,0,155,4.658271789550781,1.0291839838027954,5.687456130981445,5.704858
chelsea-4k-roi,planned-roi,0,156,4.664735794067383,1.0485119819641113,5.713247776031494,5.735014
chelsea-4k-roi,planned-roi,0,157,4.69920015335083,1.048416018486023,5.747615814208984,5.770618
chelsea-4k-roi,planned-roi,0,158,4.679232120513916,1.0478719472885132,5.727104187011719,5.746571
chelsea-4k-roi,planned-roi,0,159,4.688191890716553,1.045632004737854,5.733823776245117,5.749756
chelsea-4k-roi,planned-roi,0,160,4.669695854187012,1.0328960418701172,5.702591896057129,5.720862
chelsea-4k-roi,planned-roi,0,161,4.675039768218994,1.0355520248413086,5.710591793060303,5.727592
chelsea-4k-roi,planned-roi,0,162,4.676511764526367,1.036255955696106,5.712768077850342,5.731047
chelsea-4k-roi,planned-roi,0,163,4.674975872039795,1.0386559963226318,5.713632106781006,5.73286
chelsea-4k-roi,planned-roi,0,164,4.677408218383789,1.0399680137634277,5.717376232147217,5.738148
chelsea-4k-roi,planned-roi,0,165,4.685791969299316,1.039903998374939,5.725696086883545,5.749505
chelsea-4k-roi,planned-roi,0,166,4.67625617980957,1.03929603099823,5.715551853179932,5.735855
chelsea-4k-roi,planned-roi,0,167,4.661888122558594,1.027999997138977,5.689888000488281,5.710857
chelsea-4k-roi,planned-roi,0,168,4.657983779907227,1.0281920433044434,5.68617582321167,5.707612
chelsea-4k-roi,planned-roi,0,169,4.660768032073975,1.0279040336608887,5.688672065734863,5.70689
chelsea-4k-roi,planned-roi,0,170,4.658815860748291,1.030400037765503,5.689216136932373,5.707221
chelsea-4k-roi,planned-roi,0,171,4.665535926818848,1.0289280414581299,5.694464206695557,5.711248
chelsea-4k-roi,planned-roi,0,172,4.659520149230957,1.0312639474868774,5.690783977508545,5.708864
chelsea-4k-roi,planned-roi,0,173,4.659808158874512,1.0331840515136719,5.692992210388184,5.709325
chelsea-4k-roi,planned-roi,0,174,4.633823871612549,1.0202239751815796,5.654047966003418,5.670946
chelsea-4k-roi,planned-roi,0,175,4.633823871612549,1.0173439979553223,5.651167869567871,5.669824
chelsea-4k-roi,planned-roi,0,176,4.628479957580566,1.0203520059585571,5.648831844329834,5.665748
chelsea-4k-roi,planned-roi,0,177,4.6618242263793945,1.0251200199127197,5.686944007873535,5.704267
chelsea-4k-roi,planned-roi,0,178,4.633408069610596,1.0258560180664062,5.659264087677002,5.677276
chelsea-4k-roi,planned-roi,0,179,4.649184226989746,1.0232000350952148,5.672383785247803,5.690616
chelsea-4k-roi,planned-roi,0,180,4.636960029602051,1.0253440141677856,5.662303924560547,5.679479
chelsea-4k-roi,planned-roi,0,181,4.625919818878174,1.013983964920044,5.639904022216797,5.656604
chelsea-4k-roi,planned-roi,0,182,4.629439830780029,1.0113600492477417,5.6407999992370605,5.657846
chelsea-4k-roi,planned-roi,0,183,4.616191864013672,1.0112320184707642,5.6274237632751465,5.64693
chelsea-4k-roi,planned-roi,0,184,4.628191947937012,1.0306880474090576,5.658880233764648,5.677817
chelsea-4k-roi,planned-roi,0,185,4.640895843505859,1.0287679433822632,5.669663906097412,5.688763
chelsea-4k-roi,planned-roi,0,186,4.66102409362793,1.0343680381774902,5.69539213180542,5.713181
chelsea-4k-roi,planned-roi,0,187,4.650911808013916,1.0279680490493774,5.678880214691162,5.697487
chelsea-4k-roi,planned-roi,0,188,4.652160167694092,1.0223679542541504,5.674528121948242,5.690957
chelsea-4k-roi,planned-roi,0,189,4.639103889465332,1.024672031402588,5.66377592086792,5.679549
chelsea-4k-roi,planned-roi,0,190,4.658624172210693,1.0241279602050781,5.6827521324157715,5.704588
chelsea-4k-roi,planned-roi,0,191,4.648223876953125,1.0376640558242798,5.685887813568115,5.70633
chelsea-4k-roi,planned-roi,0,192,4.673759937286377,1.0396480560302734,5.71340799331665,5.731928
chelsea-4k-roi,planned-roi,0,193,4.669919967651367,1.0393919944763184,5.7093119621276855,5.728384
chelsea-4k-roi,planned-roi,0,194,4.668992042541504,1.0402560234069824,5.709248065948486,5.726951
chelsea-4k-roi,planned-roi,0,195,4.647168159484863,1.0223679542541504,5.669536113739014,5.687011
chelsea-4k-roi,planned-roi,0,196,4.635807991027832,1.0242559909820557,5.660064220428467,5.677226
chelsea-4k-roi,planned-roi,0,197,4.6594557762146,1.0257600545883179,5.685215950012207,5.705709
chelsea-4k-roi,planned-roi,0,198,4.650335788726807,1.0251519680023193,5.675487995147705,5.693531
chelsea-4k-roi,planned-roi,0,199,4.6407999992370605,1.0247360467910767,5.665535926818848,5.681693
chelsea-4k-roi,planned-roi,0,200,4.640448093414307,1.0242880582809448,5.664735794067383,5.684076
chelsea-4k-roi,planned-roi,0,201,4.650112152099609,1.025215983390808,5.675327777862549,5.691938
chelsea-4k-roi,planned-roi,0,202,4.628416061401367,1.0136959552764893,5.642111778259277,5.661422
chelsea-4k-roi,planned-roi,0,203,4.609600067138672,1.012511968612671,5.622111797332764,5.639549
chelsea-4k-roi,planned-roi,0,204,4.621600151062012,1.0144000053405762,5.636000156402588,5.654942
chelsea-4k-roi,planned-roi,0,205,4.628032207489014,1.0198400020599365,5.647871971130371,5.665127
chelsea-4k-roi,planned-roi,0,206,4.653503894805908,1.0215040445327759,5.6750078201293945,5.695354
chelsea-4k-roi,planned-roi,0,207,4.627871990203857,1.0184639692306519,5.646336078643799,5.662844
chelsea-4k-roi,planned-roi,0,208,4.636096000671387,1.0200639963150024,5.6561598777771,5.673901
chelsea-4k-roi,planned-roi,0,209,4.618207931518555,1.0145280361175537,5.6327362060546875,5.650536
chelsea-4k-roi,planned-roi,0,210,4.6254401206970215,1.0116159915924072,5.63705587387085,5.655323
chelsea-4k-roi,planned-roi,0,211,4.631872177124023,1.011072039604187,5.642943859100342,5.662223
chelsea-4k-roi,planned-roi,0,212,4.630911827087402,1.0183039903640747,5.649216175079346,5.669504
chelsea-4k-roi,planned-roi,0,213,4.627295970916748,1.021183967590332,5.64847993850708,5.671427
chelsea-4k-roi,planned-roi,0,214,4.634687900543213,1.0204800367355347,5.655168056488037,5.6738
chelsea-4k-roi,planned-roi,0,215,4.638815879821777,1.0184639692306519,5.657279968261719,5.677987
chelsea-4k-roi,planned-roi,0,216,4.621664047241211,1.0117440223693848,5.633408069610596,5.654101
chelsea-4k-roi,planned-roi,0,217,4.6208319664001465,1.0094720125198364,5.630303859710693,5.650515
chelsea-4k-roi,planned-roi,0,218,4.619423866271973,1.0104960203170776,5.62992000579834,5.647882
chelsea-4k-roi,planned-roi,0,219,4.621024131774902,1.0050239562988281,5.6260480880737305,5.650315
chelsea-4k-roi,planned-roi,0,220,4.619232177734375,1.0092480182647705,5.628479957580566,5.645918
chelsea-4k-roi,planned-roi,0,221,4.60214376449585,1.0100159645080566,5.6121602058410645,5.630104
chelsea-4k-roi,planned-roi,0,222,4.621056079864502,1.0080640316009521,5.629119873046875,5.647831
chelsea-4k-roi,planned-roi,0,223,4.61359977722168,0.9993600249290466,5.612959861755371,5.632038
chelsea-4k-roi,planned-roi,0,224,4.623487949371338,0.9966400265693665,5.620128154754639,5.642984
chelsea-4k-roi,planned-roi,0,225,4.594944000244141,0.9991359710693359,5.594079971313477,5.615082
chelsea-4k-roi,planned-roi,0,226,4.605055809020996,0.9978240132331848,5.602880001068115,5.623043
chelsea-4k-roi,planned-roi,0,227,4.602399826049805,0.9994239807128906,5.601823806762695,5.624546
chelsea-4k-roi,planned-roi,0,228,4.613247871398926,1.0003520250320435,5.61359977722168,5.632778
chelsea-4k-roi,planned-roi,0,229,4.604159832000732,1.0004479885101318,5.604608058929443,5.623434
chelsea-4k-roi,planned-roi,0,230,4.58684778213501,0.9946879744529724,5.581535816192627,5.599068
chelsea-4k-roi,planned-roi,0,231,4.593088150024414,0.9917759895324707,5.584864139556885,5.60736
chelsea-4k-roi,planned-roi,0,232,4.597023963928223,0.9924160242080688,5.589439868927002,5.610845
chelsea-4k-roi,planned-roi,0,233,4.598911762237549,0.9967679977416992,5.595680236816406,5.612928
chelsea-4k-roi,planned-roi,0,234,4.6104960441589355,0.996288001537323,5.606783866882324,5.627821
chelsea-4k-roi,planned-roi,0,235,4.593152046203613,0.9958720207214355,5.589024066925049,5.607721
chelsea-4k-roi,planned-roi,0,236,4.605792045593262,0.9965119957923889,5.602303981781006,5.619779
chelsea-4k-roi,planned-roi,0,237,4.5884480476379395,0.9876160025596619,5.576064109802246,5.594551
chelsea-4k-roi,planned-roi,0,238,4.574048042297363,0.9881280064582825,5.56217622756958,5.586057
chelsea-4k-roi,planned-roi,0,239,4.583680152893066,0.986303985118866,5.569983959197998,5.593389
chelsea-4k-roi,planned-roi,0,240,4.59446382522583,0.9897279739379883,5.584191799163818,5.606269
chelsea-4k-roi,planned-roi,0,241,4.601344108581543,0.9888960123062134,5.590240001678467,5.612057
chelsea-4k-roi,planned-roi,0,242,4.5992960929870605,0.9861440062522888,5.585440158843994,5.605027
chelsea-4k-roi,planned-roi,0,243,4.576992034912109,0.9867200255393982,5.563712120056152,5.583474
chelsea-4k-roi,planned-roi,0,244,4.592095851898193,0.9900799989700317,5.582176208496094,5.603134
chelsea-4k-roi,planned-roi,0,245,4.5977277755737305,0.9888960123062134,5.5866241455078125,5.604996
chelsea-4k-roi,planned-roi,0,246,4.592415809631348,0.9898560047149658,5.582272052764893,5.602002
chelsea-4k-roi,planned-roi,0,247,4.5900797843933105,0.9875839948654175,5.577663898468018,5.595542
chelsea-4k-roi,planned-roi,0,248,4.592639923095703,0.978272020816803,5.570911884307861,5.588221
chelsea-4k-roi,planned-roi,0,249,4.557439804077148,0.9808319807052612,5.538271903991699,5.556453
chelsea-4k-roi,planned-roi,0,250,4.5880961418151855,0.9828479886054993,5.570943832397461,5.588482
chelsea-4k-roi,planned-roi,0,251,4.56879997253418,0.9949439764022827,5.563744068145752,5.580199
chelsea-4k-roi,planned-roi,0,252,4.59449577331543,0.997215986251831,5.59171199798584,5.611246
chelsea-4k-roi,planned-roi,0,253,4.595808029174805,0.9965119957923889,5.592319965362549,5.609724
chelsea-4k-roi,planned-roi,0,254,4.611199855804443,0.9956799745559692,5.606880187988281,5.624105
chelsea-4k-roi,planned-roi,0,255,4.583263874053955,0.9877439737319946,5.571008205413818,5.587931
chelsea-4k-roi,planned-roi,0,256,4.58892822265625,0.9888960123062134,5.577824115753174,5.595973
chelsea-4k-roi,planned-roi,0,257,4.592095851898193,0.9865599870681763,5.578656196594238,5.597655
chelsea-4k-roi,planned-roi,0,258,4.5920000076293945,1.0005439519882202,5.592544078826904,5.609132
chelsea-4k-roi,planned-roi,0,259,4.610976219177246,0.996832013130188,5.6078081130981445,5.62657
chelsea-4k-roi,planned-roi,0,260,4.6162238121032715,0.9987840056419373,5.6150078773498535,5.633149
chelsea-4k-roi,planned-roi,0,261,4.615935802459717,0.9998400211334229,5.615776062011719,5.634511
chelsea-4k-roi,planned-roi,0,262,4.5865278244018555,0.9919040203094482,5.578432083129883,5.596584
chelsea-4k-roi,planned-roi,0,263,4.5872321128845215,0.989408016204834,5.5766401290893555,5.59409
chelsea-4k-roi,planned-roi,0,264,4.593791961669922,0.992031991481781,5.585824012756348,5.604165
chelsea-4k-roi,planned-roi,0,265,4.592288017272949,1.0100480318069458,5.6023359298706055,5.619398
chelsea-4k-roi,planned-roi,0,266,4.618239879608154,1.0111680030822754,5.62940788269043,5.64705
chelsea-4k-roi,planned-roi,0,267,4.629151821136475,1.007200002670288,5.636352062225342,5.654241
chelsea-4k-roi,planned-roi,0,268,4.622464179992676,1.0098559856414795,5.632319927215576,5.650586
chelsea-4k-roi,planned-roi,0,269,4.63270378112793,1.0018559694290161,5.6345601081848145,5.652799
chelsea-4k-roi,planned-roi,0,270,4.606560230255127,1.002336025238037,5.608895778656006,5.626669
chelsea-4k-roi,planned-roi,0,271,4.6202239990234375,1.000383973121643,5.620607852935791,5.638618
chelsea-4k-roi,planned-roi,0,272,4.603968143463135,1.0149760246276855,5.61894416809082,5.639558
chelsea-4k-roi,planned-roi,0,273,4.638207912445068,1.0199040174484253,5.658112049102783,5.675784
chelsea-4k-roi,planned-roi,0,274,4.644256114959717,1.018623948097229,5.662879943847656,5.681833
chelsea-4k-roi,planned-roi,0,275,4.63043212890625,1.0192320346832275,5.649663925170898,5.667381
chelsea-4k-roi,planned-roi,0,276,4.620031833648682,1.010848045349121,5.630879878997803,5.650015
chelsea-4k-roi,planned-roi,0,277,4.61952018737793,1.0090559720993042,5.628575801849365,5.645828
chelsea-4k-roi,planned-roi,0,278,4.612287998199463,1.0104639530181885,5.6227521896362305,5.64008
chelsea-4k-roi,planned-roi,0,279,4.6248321533203125,1.0181440114974976,5.642975807189941,5.663265
chelsea-4k-roi,planned-roi,0,280,4.643807888031006,1.0198719501495361,5.663680076599121,5.682433
chelsea-4k-roi,planned-roi,0,281,4.63756799697876,1.0221439599990845,5.659711837768555,5.677426
chelsea-4k-roi,planned-roi,0,282,4.6378560066223145,1.0208959579467773,5.658751964569092,5.677075
chelsea-4k-roi,planned-roi,0,283,4.639135837554932,1.017024040222168,5.6561598777771,5.674712
chelsea-4k-roi,planned-roi,0,284,4.637760162353516,1.02019202709198,5.657951831817627,5.674722
chelsea-4k-roi,planned-roi,0,285,4.63699197769165,1.018720030784607,5.655712127685547,5.671557
chelsea-4k-roi,planned-roi,0,286,4.643455982208252,1.0264639854431152,5.669919967651367,5.689053
chelsea-4k-roi,planned-roi,0,287,4.6626877784729,1.029695987701416,5.692383766174316,5.711738
chelsea-4k-roi,planned-roi,0,288,4.660031795501709,1.0312319993972778,5.6912641525268555,5.708733
chelsea-4k-roi,planned-roi,0,289,4.647071838378906,1.030784010887146,5.677855968475342,5.695464
chelsea-4k-roi,planned-roi,0,290,4.654560089111328,1.0258560180664062,5.680416107177734,5.699409
chelsea-4k-roi,planned-roi,0,291,4.641727924346924,1.0234559774398804,5.665184020996094,5.683586
chelsea-4k-roi,planned-roi,0,292,4.654240131378174,1.0247039794921875,5.678944110870361,5.695513
chelsea-4k-roi,planned-roi,0,293,4.644192218780518,1.0330560207366943,5.677248001098633,5.696876
chelsea-4k-roi,planned-roi,0,294,4.6736321449279785,1.040511965751648,5.714144229888916,5.731027
chelsea-4k-roi,planned-roi,0,295,4.6802239418029785,1.037984013557434,5.718207836151123,5.73957
chelsea-4k-roi,planned-roi,0,296,4.674176216125488,1.0391680002212524,5.713344097137451,5.734372
chelsea-4k-roi,planned-roi,0,297,4.685984134674072,1.027999997138977,5.71398401260376,5.734172
chelsea-4k-roi,planned-roi,0,298,4.654335975646973,1.0281280279159546,5.682464122772217,5.702745
chelsea-4k-roi,planned-roi,0,299,4.654784202575684,1.0277760028839111,5.682559967041016,5.703536
chelsea-4k-roi,planned-roi,1,0,4.735551834106445,1.043776035308838,5.779327869415283,5.813582
chelsea-4k-roi,planned-roi,1,1,4.695903778076172,1.0413440465927124,5.737247943878174,5.760802
chelsea-4k-roi,planned-roi,1,2,4.673855781555176,1.0282560586929321,5.702112197875977,5.720972
chelsea-4k-roi,planned-roi,1,3,4.652031898498535,1.0279680490493774,5.679999828338623,5.700882
chelsea-4k-roi,planned-roi,1,4,4.6526079177856445,1.0307199954986572,5.683328151702881,5.701893
chelsea-4k-roi,planned-roi,1,5,4.65561580657959,1.022528052330017,5.6781439781188965,5.696505
chelsea-4k-roi,planned-roi,1,6,4.648767948150635,1.0233919620513916,5.6721601486206055,5.688543
chelsea-4k-roi,planned-roi,1,7,4.648287773132324,1.024224042892456,5.672512054443359,5.689364
chelsea-4k-roi,planned-roi,1,8,4.642399787902832,1.0248639583587646,5.667263984680176,5.685078
chelsea-4k-roi,planned-roi,1,9,4.647552013397217,1.0148799419403076,5.6624321937561035,5.682764
chelsea-4k-roi,planned-roi,1,10,4.63804817199707,1.0143359899520874,5.652383804321289,5.670976
chelsea-4k-roi,planned-roi,1,11,4.631167888641357,1.0167039632797241,5.647871971130371,5.665228
chelsea-4k-roi,planned-roi,1,12,4.63212776184082,1.0140479803085327,5.646175861358643,5.664627
chelsea-4k-roi,planned-roi,1,13,4.631199836730957,1.011904001235962,5.643104076385498,5.658988
chelsea-4k-roi,planned-roi,1,14,4.628928184509277,1.0133440494537354,5.642271995544434,5.659299
chelsea-4k-roi,planned-roi,1,15,4.631072044372559,1.011904001235962,5.642975807189941,5.663305
chelsea-4k-roi,planned-roi,1,16,4.6420159339904785,1.021407961845398,5.663424015045166,5.684687
chelsea-4k-roi,planned-roi,1,17,4.644576072692871,1.018720030784607,5.663296222686768,5.67989
chelsea-4k-roi,planned-roi,1,18,4.6484479904174805,1.0223040580749512,5.670752048492432,5.693871
chelsea-4k-roi,planned-roi,1,19,4.621407985687256,1.0192320346832275,5.640639781951904,5.658658
chelsea-4k-roi,planned-roi,1,20,4.622943878173828,1.0164159536361694,5.639359951019287,5.657696
chelsea-4k-roi,planned-roi,1,21,4.648255825042725,1.0147199630737305,5.662975788116455,5.678939
chelsea-4k-roi,planned-roi,1,22,4.63372802734375,1.014464020729065,5.648191928863525,5.665168
chelsea-4k-roi,planned-roi,1,23,4.650815963745117,1.0308480262756348,5.681663990020752,5.698358
chelsea-4k-roi,planned-roi,1,24,4.663104057312012,1.0343680381774902,5.697472095489502,5.715164
chelsea-4k-roi,planned-roi,1,25,4.654367923736572,1.0312639474868774,5.685632228851318,5.701553
chelsea-4k-roi,planned-roi,1,26,4.665279865264893,1.0284479856491089,5.693727970123291,5.710907
chelsea-4k-roi,planned-roi,1,27,4.643775939941406,1.0250240564346313,5.668799877166748,5.686149
chelsea-4k-roi,planned-roi,1,28,4.649248123168945,1.0258560180664062,5.675104141235352,5.692859
chelsea-4k-roi,planned-roi,1,29,4.654016017913818,1.023360013961792,5.677375793457031,5.694952
chelsea-4k-roi,planned-roi,1,30,4.657855987548828,1.0325759649276733,5.690432071685791,5.709505
chelsea-4k-roi,planned-roi,1,31,4.655648231506348,1.0328960418701172,5.688543796539307,5.704828
chelsea-4k-roi,planned-roi,1,32,4.666560173034668,1.0340160131454468,5.700575828552246,5.718859
chelsea-4k-roi,planned-roi,1,33,4.663519859313965,1.0314559936523438,5.694975852966309,5.712569
chelsea-4k-roi,planned-roi,1,34,4.646944046020508,1.0253759622573853,5.6723198890686035,5.688584
chelsea-4k-roi,planned-roi,1,35,4.649248123168945,1.026047945022583,5.675295829772949,5.691527
chelsea-4k-roi,planned-roi,1,36,4.648352146148682,1.0258560180664062,5.674208164215088,5.689835
chelsea-4k-roi,planned-roi,1,37,4.635200023651123,1.0172480344772339,5.6524481773376465,5.669274
chelsea-4k-roi,planned-roi,1,38,4.6275200843811035,1.015071988105774,5.642591953277588,5.66
chelsea-4k-roi,planned-roi,1,39,4.638463973999023,1.0144000053405762,5.6528639793396,5.670486
chelsea-4k-roi,planned-roi,1,40,4.638944149017334,1.0137280225753784,5.652671813964844,5.671968
chelsea-4k-roi,planned-roi,1,41,4.619135856628418,1.0122560262680054,5.631392002105713,5.649894
chelsea-4k-roi,planned-roi,1,42,4.635968208312988,1.0106559991836548,5.6466240882873535,5.669834
chelsea-4k-roi,planned-roi,1,43,4.629856109619141,1.0136640071868896,5.643519878387451,5.661242
chelsea-4k-roi,planned-roi,1,44,4.613823890686035,1.013535976409912,5.627359867095947,5.645067
chelsea-4k-roi,planned-roi,1,45,4.634143829345703,1.0124800205230713,5.6466240882873535,5.665648
chelsea-4k-roi,planned-roi,1,46,4.632512092590332,1.0130560398101807,5.645567893981934,5.663485
chelsea-4k-roi,planned-roi,1,47,4.638400077819824,1.0117440223693848,5.650144100189209,5.667801
chelsea-4k-roi,planned-roi,1,48,4.619423866271973,1.0000640153884888,5.619487762451172,5.635793
chelsea-4k-roi,planned-roi,1,49,4.6045122146606445,1.0056639909744263,5.610176086425781,5.627921
chelsea-4k-roi,planned-roi,1,50,4.616767883300781,1.0033600330352783,5.620128154754639,5.637746
chelsea-4k-roi,planned-roi,1,51,4.625152111053467,1.02019202709198,5.645343780517578,5.660741
chelsea-4k-roi,planned-roi,1,52,4.6242241859436035,1.020576000213623,5.644800186157227,5.661402
chelsea-4k-roi,planned-roi,1,53,4.6266560554504395,1.0191999673843384,5.645855903625488,5.663706
chelsea-4k-roi,planned-roi,1,54,4.647712230682373,1.0199999809265137,5.667712211608887,5.684326
chelsea-4k-roi,planned-roi,1,55,4.627456188201904,1.0100480318069458,5.6375041007995605,5.659889
chelsea-4k-roi,planned-roi,1,56,4.612512111663818,1.0112639665603638,5.623775959014893,5.642073
chelsea-4k-roi,planned-roi,1,57,4.620192050933838,1.0083520412445068,5.628543853759766,5.647851
chelsea-4k-roi,planned-roi,1,58,4.642848014831543,1.0143040418624878,5.65715217590332,5.677677
chelsea-4k-roi,planned-roi,1,59,4.6299519538879395,1.010815978050232,5.640768051147461,5.660401
chelsea-4k-roi,planned-roi,1,60,4.62553596496582,1.0119680166244507,5.6375041007995605,5.656855
chelsea-4k-roi,planned-roi,1,61,4.621791839599609,1.012992024421692,5.63478422164917,5.651978
chelsea-4k-roi,planned-roi,1,62,4.624896049499512,1.0032960176467896,5.628191947937012,5.648362
chelsea-4k-roi,planned-roi,1,63,4.6170878410339355,1.0026880502700806,5.619775772094727,5.64003
chelsea-4k-roi,planned-roi,1,64,4.616960048675537,1.0040960311889648,5.621056079864502,5.64053
chelsea-4k-roi,planned-roi,1,65,4.63212776184082,1.018399953842163,5.6505279541015625,5.667672
chelsea-4k-roi,planned-roi,1,66,4.649151802062988,1.0207680463790894,5.669919967651367,5.68668
chelsea-4k-roi,planned-roi,1,67,4.632832050323486,1.0196800231933594,5.652512073516846,5.669945
chelsea-4k-roi,planned-roi,1,68,4.642399787902832,1.021407961845398,5.6638078689575195,5.682484
chelsea-4k-roi,planned-roi,1,69,4.637728214263916,1.012063980102539,5.649792194366455,5.667922
chelsea-4k-roi,planned-roi,1,70,4.625311851501465,1.014623999595642,5.6399359703063965,5.658337
chelsea-4k-roi,planned-roi,1,71,4.6235198974609375,1.0120960474014282,5.635615825653076,5.653791
chelsea-4k-roi,planned-roi,1,72,4.63046407699585,1.019808053970337,5.650271892547607,5.668242
chelsea-4k-roi,planned-roi,1,73,4.625376224517822,1.0181119441986084,5.643487930297852,5.661783
chelsea-4k-roi,planned-roi,1,74,4.657408237457275,1.0195200443267822,5.6769280433654785,5.698428
chelsea-4k-roi,planned-roi,1,75,4.650400161743164,1.0209280252456665,5.671328067779541,5.694562
chelsea-4k-roi,planned-roi,1,76,4.629695892333984,1.0106879472732544,5.640384197235107,5.659719
chelsea-4k-roi,planned-roi,1,77,4.623936176300049,1.0086719989776611,5.632607936859131,5.652078
chelsea-4k-roi,planned-roi,1,78,4.622687816619873,1.0111039876937866,5.633791923522949,5.651276
chelsea-4k-roi,planned-roi,1,79,4.6202239990234375,1.0100799798965454,5.630303859710693,5.649053
chelsea-4k-roi,planned-roi,1,80,4.626272201538086,1.0111680030822754,5.637440204620361,5.656315
chelsea-4k-roi,planned-roi,1,81,4.6072001457214355,1.0093120336532593,5.616511821746826,5.634491
chelsea-4k-roi,planned-roi,1,82,4.6229119300842285,1.0102720260620117,5.63318395614624,5.650595
chelsea-4k-roi,planned-roi,1,83,4.603392124176025,0.9999359846115112,5.603328227996826,5.624616
chelsea-4k-roi,planned-roi,1,84,4.61407995223999,0.9980480074882507,5.612127780914307,5.632157
chelsea-4k-roi,planned-roi,1,85,4.607647895812988,0.998304009437561,5.60595178604126,5.629754
chelsea-4k-roi,planned-roi,1,86,4.613344192504883,1.009119987487793,5.622464179992676,5.644476
chelsea-4k-roi,planned-roi,1,87,4.619647979736328,1.0097600221633911,5.62940788269043,5.650234
chelsea-4k-roi,planned-roi,1,88,4.625951766967773,1.0108799934387207,5.636832237243652,5.657526
chelsea-4k-roi,planned-roi,1,89,4.629312038421631,1.0098559856414795,5.639167785644531,5.659429
chelsea-4k-roi,planned-roi,1,90,4.604127883911133,0.9963200092315674,5.600448131561279,5.620039
chelsea-4k-roi,planned-roi,1,91,4.613120079040527,0.9944319725036621,5.6075520515441895,5.628012
chelsea-4k-roi,planned-roi,1,92,4.59548807144165,0.9968000054359436,5.592288017272949,5.613579
chelsea-4k-roi,planned-roi,1,93,4.611968040466309,1.0070719718933105,5.619040012359619,5.639529
chelsea-4k-roi,planned-roi,1,94,4.621407985687256,1.010815978050232,5.632224082946777,5.652027
chelsea-4k-roi,planned-roi,1,95,4.627391815185547,1.0110399723052979,5.638432025909424,5.656715
chelsea-4k-roi,planned-roi,1,96,4.610879898071289,1.009119987487793,5.619999885559082,5.645197
chelsea-4k-roi,planned-roi,1,97,4.618048191070557,0.9966400265693665,5.614687919616699,5.631928
chelsea-4k-roi,planned-roi,1,98,4.613183975219727,1.000704050064087,5.613887786865234,5.631617
chelsea-4k-roi,planned-roi,1,99,4.620863914489746,1.0000319480895996,5.620895862579346,5.641331
chelsea-4k-roi,planned-roi,1,100,4.607935905456543,1.0070719718933105,5.6150078773498535,5.632398
chelsea-4k-roi,planned-roi,1,101,4.613088130950928,1.0086719989776611,5.62175989151001,5.642513
chelsea-4k-roi,planned-roi,1,102,4.631040096282959,1.0103360414505005,5.64137601852417,5.662644
chelsea-4k-roi,planned-roi,1,103,4.625984191894531,1.0123200416564941,5.638304233551025,5.657777
chelsea-4k-roi,planned-roi,1,104,4.59987211227417,0.9969919919967651,5.596864223480225,5.619549
chelsea-4k-roi,planned-roi,1,105,4.60422420501709,0.9944319725036621,5.598656177520752,5.617906
chelsea-4k-roi,planned-roi,1,106,4.596159934997559,0.9975360035896301,5.593696117401123,5.61398
chelsea-4k-roi,planned-roi,1,107,4.58841609954834,0.9943040013313293,5.582719802856445,5.602793
chelsea-4k-roi,planned-roi,1,108,4.598368167877197,0.9961599707603455,5.5945281982421875,5.615342
chelsea-4k-roi,planned-roi,1,109,4.592095851898193,0.9949759840965271,5.587071895599365,5.61379
chelsea-4k-roi,planned-roi,1,110,4.60262393951416,0.9960960149765015,5.598720073699951,5.617425
chelsea-4k-roi,planned-roi,1,111,4.611008167266846,0.9948480129241943,5.605855941772461,5.625187
chelsea-4k-roi,planned-roi,1,112,4.583327770233154,0.9971200227737427,5.580448150634766,5.600249
chelsea-4k-roi,planned-roi,1,113,4.594207763671875,0.9961599707603455,5.590367794036865,5.610705
chelsea-4k-roi,planned-roi,1,114,4.601632118225098,0.9943040013313293,5.595935821533203,5.614841
chelsea-4k-roi,planned-roi,1,115,4.59552001953125,0.9945279955863953,5.590047836303711,5.609773
chelsea-4k-roi,planned-roi,1,116,4.604383945465088,0.9964159727096558,5.600800037384033,5.621471
chelsea-4k-roi,planned-roi,1,117,4.589536190032959,0.9944000244140625,5.5839362144470215,5.603504
chelsea-4k-roi,planned-roi,1,118,4.608736038208008,1.0089919567108154,5.617728233337402,5.640961
chelsea-4k-roi,planned-roi,1,119,4.619743824005127,1.0104639530181885,5.6302080154418945,5.651677
chelsea-4k-roi,planned-roi,1,120,4.635392189025879,1.010591983795166,5.645984172821045,5.665197
chelsea-4k-roi,planned-roi,1,121,4.621600151062012,1.0084799528121948,5.630080223083496,5.651787
chelsea-4k-roi,planned-roi,1,122,4.617728233337402,1.0010559558868408,5.618783950805664,5.64035
chelsea-4k-roi,planned-roi,1,123,4.605408191680908,0.9976000189781189,5.603007793426514,5.6208
chelsea-4k-roi,planned-roi,1,124,4.595200061798096,0.9993919730186462,5.594592094421387,5.615963
chelsea-4k-roi,planned-roi,1,125,4.606143951416016,1.0190080404281616,5.625152111053467,5.644616
chelsea-4k-roi,planned-roi,1,126,4.64902400970459,1.0200639963150024,5.669087886810303,5.689445
chelsea-4k-roi,planned-roi,1,127,4.642176151275635,1.02019202709198,5.662367820739746,5.683205
chelsea-4k-roi,planned-roi,1,128,4.654367923736572,1.0209599733352661,5.675327777862549,5.694432
chelsea-4k-roi,planned-roi,1,129,4.638976097106934,1.0098880529403687,5.648863792419434,5.669113
chelsea-4k-roi,planned-roi,1,130,4.628575801849365,1.0135040283203125,5.642079830169678,5.664516
chelsea-4k-roi,planned-roi,1,131,4.629759788513184,1.012895941734314,5.642655849456787,5.661813
chelsea-4k-roi,planned-roi,1,132,4.635583877563477,1.0313279628753662,5.666912078857422,5.68626
chelsea-4k-roi,planned-roi,1,133,4.650656223297119,1.030079960823059,5.680736064910889,5.701002
chelsea-4k-roi,planned-roi,1,134,4.654208183288574,1.0319360494613647,5.68614387512207,5.709896
chelsea-4k-roi,planned-roi,1,135,4.66044807434082,1.029695987701416,5.690144062042236,5.713601
chelsea-4k-roi,planned-roi,1,136,4.632768154144287,1.0127040147781372,5.645472049713135,5.669083
chelsea-4k-roi,planned-roi,1,137,4.631807804107666,1.012384057044983,5.644192218780518,5.672088
chelsea-4k-roi,planned-roi,1,138,4.646880149841309,1.0133440494537354,5.660223960876465,5.681793
chelsea-4k-roi,planned-roi,1,139,4.6211838722229,1.0159679651260376,5.637152194976807,5.657697
chelsea-4k-roi,planned-roi,1,140,4.622655868530273,1.0149120092391968,5.63756799697876,5.656024
chelsea-4k-roi,planned-roi,1,141,4.614687919616699,1.0123519897460938,5.627039909362793,5.650556
chelsea-4k-roi,planned-roi,1,142,4.640736103057861,1.0117119550704956,5.6524481773376465,5.675303
chelsea-4k-roi,planned-roi,1,143,4.61737585067749,1.004639983177185,5.622015953063965,5.640421
chelsea-4k-roi,planned-roi,1,144,4.618015766143799,1.000831961631775,5.618847846984863,5.642583
chelsea-4k-roi,planned-roi,1,145,4.604000091552734,1.0032000541687012,5.6072001457214355,5.628312
chelsea-4k-roi,planned-roi,1,146,4.628767967224121,1.0160640478134155,5.644832134246826,5.669334
chelsea-4k-roi,planned-roi,1,147,4.628928184509277,1.012992024421692,5.64192008972168,5.661602
chelsea-4k-roi,planned-roi,1,148,4.632927894592285,1.014240026473999,5.647168159484863,5.669104
chelsea-4k-roi,planned-roi,1,149,4.627327919006348,1.0129599571228027,5.64028787612915,5.663315
chelsea-4k-roi,planned-roi,1,150,4.639904022216797,1.0187519788742065,5.658656120300293,5.67989
chelsea-4k-roi,planned-roi,1,151,4.643104076385498,1.0212160348892212,5.66431999206543,5.686951
chelsea-4k-roi,planned-roi,1,152,4.6526079177856445,1.021888017654419,5.674496173858643,5.695664
chelsea-4k-roi,planned-roi,1,153,4.639039993286133,1.03929603099823,5.678336143493652,5.69999
chelsea-4k-roi,planned-roi,1,154,4.6906561851501465,1.038432002067566,5.729087829589844,5.748264
chelsea-4k-roi,planned-roi,1,155,4.682623863220215,1.0393279790878296,5.721951961517334,5.740091
chelsea-4k-roi,planned-roi,1,156,4.687456130981445,1.0412800312042236,5.72873592376709,5.749715
chelsea-4k-roi,planned-roi,1,157,4.684544086456299,1.0284479856491089,5.712992191314697,5.734032
chelsea-4k-roi,planned-roi,1,158,4.659008026123047,1.0308480262756348,5.689856052398682,5.712489
chelsea-4k-roi,planned-roi,1,159,4.65388822555542,1.0299839973449707,5.683872222900391,5.702935
chelsea-4k-roi,planned-roi,1,160,4.663871765136719,1.039680004119873,5.703551769256592,5.72585
chelsea-4k-roi,planned-roi,1,161,4.671167850494385,1.0388799905776978,5.710048198699951,5.730657
chelsea-4k-roi,planned-roi,1,162,4.687359809875488,1.0374079942703247,5.724768161773682,5.744759
chelsea-4k-roi,planned-roi,1,163,4.689087867736816,1.0417280197143555,5.730815887451172,5.755044
chelsea-4k-roi,planned-roi,1,164,4.664768218994141,1.0282880067825317,5.693056106567383,5.711028
chelsea-4k-roi,planned-roi,1,165,4.652383804321289,1.0251200199127197,5.677504062652588,5.698618
chelsea-4k-roi,planned-roi,1,166,4.664031982421875,1.0261119604110718,5.690144062042236,5.708333
chelsea-4k-roi,planned-roi,1,167,4.660639762878418,1.0302079916000366,5.690847873687744,5.708193
chelsea-4k-roi,planned-roi,1,168,4.673791885375977,1.0307519435882568,5.7045440673828125,5.722334
chelsea-4k-roi,planned-roi,1,169,4.65993595123291,1.0296319723129272,5.689568042755127,5.70629
chelsea-4k-roi,planned-roi,1,170,4.656256198883057,1.0313600301742554,5.687615871429443,5.70616
chelsea-4k-roi,planned-roi,1,171,4.634528160095215,1.0205119848251343,5.6550397872924805,5.676085
chelsea-4k-roi,planned-roi,1,172,4.632192134857178,1.0224640369415283,5.654655933380127,5.672779
chelsea-4k-roi,planned-roi,1,173,4.648223876953125,1.017632007598877,5.665855884552002,5.687201
chelsea-4k-roi,planned-roi,1,174,4.641088008880615,1.0315519571304321,5.672639846801758,5.692299
chelsea-4k-roi,planned-roi,1,175,4.663680076599121,1.0293760299682617,5.693056106567383,5.712559
chelsea-4k-roi,planned-roi,1,176,4.67091178894043,1.0316799879074097,5.702591896057129,5.722254
chelsea-4k-roi,planned-roi,1,177,4.646944046020508,1.0298559665679932,5.676799774169922,5.696495
chelsea-4k-roi,planned-roi,1,178,4.644415855407715,1.0236159563064575,5.668032169342041,5.689444
chelsea-4k-roi,planned-roi,1,179,4.662240028381348,1.0258879661560059,5.6881279945373535,5.709315
chelsea-4k-roi,planned-roi,1,180,4.659423828125,1.0247999429702759,5.6842241287231445,5.703786
chelsea-4k-roi,planned-roi,1,181,4.674111843109131,1.0304319858551025,5.7045440673828125,5.723766
chelsea-4k-roi,planned-roi,1,182,4.675424098968506,1.0319360494613647,5.707359790802002,5.729746
chelsea-4k-roi,planned-roi,1,183,4.671167850494385,1.0313600301742554,5.70252799987793,5.720892
chelsea-4k-roi,planned-roi,1,184,4.666751861572266,1.0335999727249146,5.700352191925049,5.717557
chelsea-4k-roi,planned-roi,1,185,4.641471862792969,1.0205440521240234,5.662015914916992,5.681523
chelsea-4k-roi,planned-roi,1,186,4.637887954711914,1.020095944404602,5.657983779907227,5.681011
chelsea-4k-roi,planned-roi,1,187,4.649983882904053,1.020799994468689,5.670783996582031,5.692669
chelsea-4k-roi,planned-roi,1,188,4.647776126861572,1.031008005142212,5.678783893585205,5.697907
chelsea-4k-roi,planned-roi,1,189,4.652031898498535,1.0311039686203003,5.683135986328125,5.705519
chelsea-4k-roi,planned-roi,1,190,4.672800064086914,1.0312639474868774,5.704063892364502,5.723426
chelsea-4k-roi,planned-roi,1,191,4.656288146972656,1.0321600437164307,5.688447952270508,5.709915
chelsea-4k-roi,planned-roi,1,192,4.6526079177856445,1.0243200063705444,5.6769280433654785,5.702344
chelsea-4k-roi,planned-roi,1,193,4.639359951019287,1.0239360332489014,5.663296222686768,5.684286
chelsea-4k-roi,planned-roi,1,194,4.657440185546875,1.022495985031128,5.679935932159424,5.698428
chelsea-4k-roi,planned-roi,1,195,4.640448093414307,1.0254080295562744,5.665855884552002,5.684016
chelsea-4k-roi,planned-roi,1,196,4.648255825042725,1.0247360467910767,5.67299222946167,5.691428
chelsea-4k-roi,planned-roi,1,197,4.659520149230957,1.022271990776062,5.68179178237915,5.700732
chelsea-4k-roi,planned-roi,1,198,4.661215782165527,1.0226240158081055,5.683839797973633,5.701473
chelsea-4k-roi,planned-roi,1,199,4.6472320556640625,1.015552043914795,5.662784099578857,5.681692
chelsea-4k-roi,planned-roi,1,200,4.64083194732666,1.0167360305786133,5.657567977905273,5.68002
chelsea-4k-roi,planned-roi,1,201,4.631904125213623,1.0139199495315552,5.645823955535889,5.669074
chelsea-4k-roi,planned-roi,1,202,4.646368026733398,1.0307519435882568,5.677120208740234,5.697456
chelsea-4k-roi,planned-roi,1,203,4.672704219818115,1.031008005142212,5.703711986541748,5.725459
chelsea-4k-roi,planned-roi,1,204,4.665279865264893,1.0324159860610962,5.697696208953857,5.721243
chelsea-4k-roi,planned-roi,1,205,4.665184020996094,1.0295360088348389,5.6947197914123535,5.715144
chelsea-4k-roi,planned-roi,1,206,4.644383907318115,1.0210880041122437,5.665472030639648,5.686059
chelsea-4k-roi,planned-roi,1,207,4.642816066741943,1.0240960121154785,5.666912078857422,5.689745
chelsea-4k-roi,planned-roi,1,208,4.658656120300293,1.0279040336608887,5.686560153961182,5.704748
chelsea-4k-roi,planned-roi,1,209,4.650176048278809,1.0291520357131958,5.679327964782715,5.700081
chelsea-4k-roi,planned-roi,1,210,4.673471927642822,1.0297280550003052,5.703199863433838,5.725279
chelsea-4k-roi,planned-roi,1,211,4.654016017913818,1.0323519706726074,5.686367988586426,5.708794
chelsea-4k-roi,planned-roi,1,212,4.671775817871094,1.0309760570526123,5.702752113342285,5.72594
chelsea-4k-roi,planned-roi,1,213,4.63267183303833,1.0212479829788208,5.6539201736450195,5.676084
chelsea-4k-roi,planned-roi,1,214,4.648863792419434,1.0223360061645508,5.671199798583984,5.691838
chelsea-4k-roi,planned-roi,1,215,4.650847911834717,1.0181119441986084,5.668960094451904,5.695143
chelsea-4k-roi,planned-roi,1,216,4.643040180206299,1.0207359790802002,5.66377592086792,5.683595
chelsea-4k-roi,planned-roi,1,217,4.639359951019287,1.0168639421463013,5.656223773956299,5.674712
chelsea-4k-roi,planned-roi,1,218,4.636703968048096,1.0206400156021118,5.657343864440918,5.676936
chelsea-4k-roi,planned-roi,1,219,4.641568183898926,1.0207359790802002,5.662303924560547,5.682844
chelsea-4k-roi,planned-roi,1,220,4.611743927001953,1.0107519626617432,5.622496128082275,5.644205
chelsea-4k-roi,planned-roi,1,221,4.619743824005127,1.010591983795166,5.630335807800293,5.649023
chelsea-4k-roi,planned-roi,1,222,4.6143999099731445,1.0100799798965454,5.6244797706604,5.6464
chelsea-4k-roi,planned-roi,1,223,4.624608039855957,1.009600043296814,5.6342082023620605,5.652979
chelsea-4k-roi,planned-roi,1,224,4.6137919425964355,1.0091840028762817,5.622975826263428,5.642723
chelsea-4k-roi,planned-roi,1,225,4.613984107971191,1.0100480318069458,5.624032020568848,5.646509
chelsea-4k-roi,planned-roi,1,226,4.628416061401367,1.0091840028762817,5.637599945068359,5.658457
chelsea-4k-roi,planned-roi,1,227,4.611135959625244,1.0105600357055664,5.6216959953308105,5.647221
chelsea-4k-roi,planned-roi,1,228,4.636320114135742,1.010208010673523,5.6465277671813965,5.671938
chelsea-4k-roi,planned-roi,1,229,4.617983818054199,1.0103679895401,5.628352165222168,5.649474
chelsea-4k-roi,planned-roi,1,230,4.622464179992676,1.0191359519958496,5.641600131988525,5.66025
chelsea-4k-roi,planned-roi,1,231,4.635839939117432,1.0190399885177612,5.654880046844482,5.674952
chelsea-4k-roi,planned-roi,1,232,4.63212776184082,1.0203200578689575,5.6524481773376465,5.671588
chelsea-4k-roi,planned-roi,1,233,4.6438398361206055,1.0179519653320312,5.661791801452637,5.681623
chelsea-4k-roi,planned-roi,1,234,4.643040180206299,1.0147199630737305,5.657760143280029,5.678467
chelsea-4k-roi,planned-roi,1,235,4.627808094024658,1.010848045349121,5.638656139373779,5.66016
chelsea-4k-roi,planned-roi,1,236,4.636672019958496,1.01363205909729,5.650303840637207,5.669143
chelsea-4k-roi,planned-roi,1,237,4.627583980560303,1.031999945640564,5.659584045410156,5.680271
chelsea-4k-roi,planned-roi,1,238,4.665535926818848,1.0310720205307007,5.696608066558838,5.721584
chelsea-4k-roi,planned-roi,1,239,4.663392066955566,1.0298880338668823,5.693280220031738,5.714172
chelsea-4k-roi,planned-roi,1,240,4.657536029815674,1.031008005142212,5.688543796539307,5.708253
chelsea-4k-roi,planned-roi,1,241,4.634143829345703,1.0164159536361694,5.650559902191162,5.670515
chelsea-4k-roi,planned-roi,1,242,4.629087924957275,1.0163520574569702,5.645440101623535,5.665027
chelsea-4k-roi,planned-roi,1,243,4.646944046020508,1.0181759595870972,5.6651201248168945,5.683615
chelsea-4k-roi,planned-roi,1,244,4.627840042114258,1.0209920406341553,5.648831844329834,5.67319
chelsea-4k-roi,planned-roi,1,245,4.646080017089844,1.0189440250396729,5.6650238037109375,5.686921
chelsea-4k-roi,planned-roi,1,246,4.631968021392822,1.0203200578689575,5.65228796005249,5.670155
chelsea-4k-roi,planned-roi,1,247,4.638016223907471,1.0190720558166504,5.657087802886963,5.676875
chelsea-4k-roi,planned-roi,1,248,4.611968040466309,1.009376049041748,5.621344089508057,5.640099
chelsea-4k-roi,planned-roi,1,249,4.618495941162109,1.008288025856018,5.626783847808838,5.644416
chelsea-4k-roi,planned-roi,1,250,4.620543956756592,1.0107200145721436,5.6312642097473145,5.649104
chelsea-4k-roi,planned-roi,1,251,4.615839958190918,1.0104000568389893,5.626239776611328,5.64692
chelsea-4k-roi,planned-roi,1,252,4.611584186553955,1.0102720260620117,5.621856212615967,5.644066
chelsea-4k-roi,planned-roi,1,253,4.618015766143799,1.01145601272583,5.629471778869629,5.647811
chelsea-4k-roi,planned-roi,1,254,4.618720054626465,1.0106559991836548,5.62937593460083,5.650095
chelsea-4k-roi,planned-roi,1,255,4.605984210968018,1.0004479885101318,5.60643196105957,5.624225
chelsea-4k-roi,planned-roi,1,256,4.611839771270752,0.9983360171318054,5.610176086425781,5.629884
chelsea-4k-roi,planned-roi,1,257,4.622015953063965,0.9967359900474548,5.6187520027160645,5.639649
chelsea-4k-roi,planned-roi,1,258,4.601344108581543,1.0121599435806274,5.613503932952881,5.632418
chelsea-4k-roi,planned-roi,1,259,4.628704071044922,1.012384057044983,5.641088008880615,5.66009
chelsea-4k-roi,planned-roi,1,260,4.636000156402588,1.0147520303726196,5.650752067565918,5.671296
chelsea-4k-roi,planned-roi,1,261,4.635456085205078,1.0115200281143188,5.646975994110107,5.668032
chelsea-4k-roi,planned-roi,1,262,4.616640090942383,1.001952052116394,5.618591785430908,5.639959
chelsea-4k-roi,planned-roi,1,263,4.631040096282959,1.0026240348815918,5.633664131164551,5.653089
chelsea-4k-roi,planned-roi,1,264,4.619487762451172,1.0051840543746948,5.624671936035156,5.644417
chelsea-4k-roi,planned-roi,1,265,4.620512008666992,1.009600043296814,5.630112171173096,5.649484
chelsea-4k-roi,planned-roi,1,266,4.625408172607422,1.0088640451431274,5.63427209854126,5.654381
chelsea-4k-roi,planned-roi,1,267,4.6151041984558105,1.0090240240097046,5.6241278648376465,5.642213
chelsea-4k-roi,planned-roi,1,268,4.623871803283691,1.0104960203170776,5.634367942810059,5.652979
chelsea-4k-roi,planned-roi,1,269,4.6056318283081055,0.9951040148735046,5.600736141204834,5.623325
chelsea-4k-roi,planned-roi,1,270,4.59500789642334,0.9961280226707458,5.5911359786987305,5.610415
chelsea-4k-roi,planned-roi,1,271,4.589471817016602,0.9956799745559692,5.5851521492004395,5.603384
chelsea-4k-roi,planned-roi,1,272,4.5951361656188965,1.011423945426941,5.606560230255127,5.623985
chelsea-4k-roi,planned-roi,1,273,4.618815898895264,1.0097919702529907,5.628608226776123,5.647631
chelsea-4k-roi,planned-roi,1,274,4.627679824829102,1.0134400129318237,5.641119956970215,5.659439
chelsea-4k-roi,planned-roi,1,275,4.630527973175049,1.0131200551986694,5.643648147583008,5.664527
chelsea-4k-roi,planned-roi,1,276,4.613471984863281,1.0029759407043457,5.616447925567627,5.635984
chelsea-4k-roi,planned-roi,1,277,4.613696098327637,1.0016000270843506,5.615295886993408,5.634932
chelsea-4k-roi,planned-roi,1,278,4.613376140594482,1.002336025238037,5.6157121658325195,5.634902
chelsea-4k-roi,planned-roi,1,279,4.612287998199463,1.0039680004119873,5.616256237030029,5.636865
chelsea-4k-roi,planned-roi,1,280,4.608831882476807,1.0098559856414795,5.618688106536865,5.637816
chelsea-4k-roi,planned-roi,1,281,4.621664047241211,1.0090559720993042,5.630720138549805,5.65343
chelsea-4k-roi,planned-roi,1,282,4.632415771484375,1.0096960067749023,5.642111778259277,5.661502
chelsea-4k-roi,planned-roi,1,283,4.622079849243164,0.9989439845085144,5.621024131774902,5.64061
chelsea-4k-roi,planned-roi,1,284,4.603424072265625,0.9996479749679565,5.603072166442871,5.623935
chelsea-4k-roi,planned-roi,1,285,4.609920024871826,0.9983680248260498,5.608287811279297,5.628192
chelsea-4k-roi,planned-roi,1,286,4.612448215484619,1.0001280307769775,5.612576007843018,5.630906
chelsea-4k-roi,planned-roi,1,287,4.5951361656188965,1.0010559558868408,5.596191883087158,5.617145
chelsea-4k-roi,planned-roi,1,288,4.613728046417236,0.9997119903564453,5.613440036773682,5.631957
chelsea-4k-roi,planned-roi,1,289,4.6142401695251465,0.9992960095405579,5.6135358810424805,5.633129
chelsea-4k-roi,planned-roi,1,290,4.593599796295166,0.9993919730186462,5.592991828918457,5.613068
chelsea-4k-roi,planned-roi,1,291,4.625951766967773,0.9982720017433167,5.6242241859436035,5.643595
chelsea-4k-roi,planned-roi,1,292,4.6175360679626465,0.9998720288276672,5.61740779876709,5.637235
chelsea-4k-roi,planned-roi,1,293,4.608895778656006,0.9980159997940063,5.606912136077881,5.627871
chelsea-4k-roi,planned-roi,1,294,4.610208034515381,1.0005760192871094,5.61078405380249,5.629754
chelsea-4k-roi,planned-roi,1,295,4.620351791381836,1.0003199577331543,5.620672225952148,5.640981
chelsea-4k-roi,planned-roi,1,296,4.614719867706299,1.0002559423446655,5.614975929260254,5.635583
chelsea-4k-roi,planned-roi,1,297,4.635519981384277,1.0087039470672607,5.644224166870117,5.665438
chelsea-4k-roi,planned-roi,1,298,4.624639987945557,1.010815978050232,5.635456085205078,5.654331
chelsea-4k-roi,planned-roi,1,299,4.6211838722229,1.0101120471954346,5.631296157836914,5.652538
chelsea-4k-roi,baseline,1,0,8.096575736999512,1.0425599813461304,9.13913631439209,9.17669
chelsea-4k-roi,baseline,1,1,8.106016159057617,1.032863974571228,9.138879776000977,9.167197
chelsea-4k-roi,baseline,1,2,8.060799598693848,1.0347520112991333,9.095552444458008,9.123119
chelsea-4k-roi,baseline,1,3,8.041152000427246,1.0219839811325073,9.063136100769043,9.088487
chelsea-4k-roi,baseline,1,4,8.006719589233398,1.0239039659500122,9.030624389648438,9.05711
chelsea-4k-roi,baseline,1,5,8.01904010772705,1.0232640504837036,9.042304039001465,9.071661
chelsea-4k-roi,baseline,1,6,7.979551792144775,1.0115840435028076,8.991135597229004,9.015456
chelsea-4k-roi,baseline,1,7,7.971039772033691,1.0139520168304443,8.984992027282715,9.010048
chelsea-4k-roi,baseline,1,8,7.9672322273254395,1.0127359628677368,8.979968070983887,9.00479
chelsea-4k-roi,baseline,1,9,7.976448059082031,1.0116159915924072,8.98806381225586,9.013503
chelsea-4k-roi,baseline,1,10,8.026847839355469,1.0410239696502686,9.067872047424316,9.094196
chelsea-4k-roi,baseline,1,11,8.067328453063965,1.0387519598007202,9.106080055236816,9.130911
chelsea-4k-roi,baseline,1,12,8.054911613464355,1.0299839973449707,9.084896087646484,9.108457
chelsea-4k-roi,baseline,1,13,8.03219223022461,1.030303955078125,9.062496185302734,9.085933
chelsea-4k-roi,baseline,1,14,8.038016319274902,1.0252480506896973,9.063263893127441,9.092372
chelsea-4k-roi,baseline,1,15,8.014656066894531,1.020095944404602,9.034751892089844,9.05783
chelsea-4k-roi,baseline,1,16,8.005887985229492,1.0191680192947388,9.025055885314941,9.048266
chelsea-4k-roi,baseline,1,17,7.977503776550293,1.015071988105774,8.992575645446777,9.021425
chelsea-4k-roi,baseline,1,18,7.988800048828125,1.0142719745635986,9.003071784973145,9.026603
chelsea-4k-roi,baseline,1,19,7.987552165985107,1.0115840435028076,8.999135971069336,9.026663
chelsea-4k-roi,baseline,1,20,7.982272148132324,1.0153919458389282,8.997664451599121,9.022728
chelsea-4k-roi,baseline,1,21,8.0131196975708,1.0430400371551514,9.056159973144531,9.078732
chelsea-4k-roi,baseline,1,22,8.046048164367676,1.038591980934143,9.084639549255371,9.109539
chelsea-4k-roi,baseline,1,23,8.054335594177246,1.0251840353012085,9.079520225524902,9.104562
chelsea-4k-roi,baseline,1,24,8.033663749694824,1.0269759893417358,9.060640335083008,9.084721
chelsea-4k-roi,baseline,1,25,8.036576271057129,1.0173759460449219,9.05395221710205,9.079002
chelsea-4k-roi,baseline,1,26,7.99721622467041,1.0173759460449219,9.014592170715332,9.037229
chelsea-4k-roi,baseline,1,27,8.011296272277832,1.0118399858474731,9.023136138916016,9.046403
chelsea-4k-roi,baseline,1,28,7.985663890838623,1.0134079456329346,8.999072074890137,9.021535
chelsea-4k-roi,baseline,1,29,7.990047931671143,1.0123519897460938,9.002400398254395,9.025632
chelsea-4k-roi,baseline,1,30,7.948832035064697,1.0022079944610596,8.951040267944336,8.975065
chelsea-4k-roi,baseline,1,31,7.951744079589844,1.002079963684082,8.953824043273926,8.978159
chelsea-4k-roi,baseline,1,32,8.04092788696289,1.0404479503631592,9.081376075744629,9.104871
chelsea-4k-roi,baseline,1,33,8.046303749084473,1.0408320426940918,9.087136268615723,9.11009
chelsea-4k-roi,baseline,1,34,8.041024208068848,1.0283199548721313,9.069343566894531,9.092263
chelsea-4k-roi,baseline,1,35,8.037343978881836,1.0253759622573853,9.06272029876709,9.087886
chelsea-4k-roi,baseline,1,36,8.030688285827637,1.012992024421692,9.043680191040039,9.065032
chelsea-4k-roi,baseline,1,37,7.9719038009643555,1.011199951171875,8.98310375213623,9.008926
chelsea-4k-roi,baseline,1,38,7.985343933105469,1.011296033859253,8.9966402053833,9.021716
chelsea-4k-roi,baseline,1,39,7.977439880371094,1.0077760219573975,8.98521614074707,9.009317
chelsea-4k-roi,baseline,1,40,7.97599983215332,1.0128639936447144,8.988863945007324,9.011871
chelsea-4k-roi,baseline,1,41,7.966047763824463,1.0100480318069458,8.976096153259277,8.999863
chelsea-4k-roi,baseline,1,42,7.967487812042236,1.01363205909729,8.981120109558105,9.006854
chelsea-4k-roi,baseline,1,43,7.978496074676514,1.0165760517120361,8.995072364807129,9.021485
chelsea-4k-roi,baseline,1,44,7.990367889404297,1.0200320482254028,9.01039981842041,9.035867
chelsea-4k-roi,baseline,1,45,7.998784065246582,1.009727954864502,9.008511543273926,9.035045
chelsea-4k-roi,baseline,1,46,7.97379207611084,1.0119680166244507,8.985759735107422,9.008455
chelsea-4k-roi,baseline,1,47,7.986368179321289,0.998528003692627,8.984895706176758,9.011511
chelsea-4k-roi,baseline,1,48,7.955103874206543,1.0033600330352783,8.958463668823242,8.986442
chelsea-4k-roi,baseline,1,49,7.957824230194092,1.000831961631775,8.958656311035156,8.984419
chelsea-4k-roi,baseline,1,50,7.945312023162842,0.9987840056419373,8.944095611572266,8.969627
chelsea-4k-roi,baseline,1,51,7.940703868865967,0.9985600113868713,8.939264297485352,8.969236
chelsea-4k-roi,baseline,1,52,7.95139217376709,0.9986240267753601,8.950016021728516,8.976827
chelsea-4k-roi,baseline,1,53,7.945407867431641,0.9963200092315674,8.941727638244629,8.969416
chelsea-4k-roi,baseline,1,54,7.943136215209961,0.998528003692627,8.94166374206543,8.965711
chelsea-4k-roi,baseline,1,55,7.948959827423096,0.9983680248260498,8.947327613830566,8.967634
chelsea-4k-roi,baseline,1,56,7.93884801864624,1.007423996925354,8.946271896362305,8.971279
chelsea-4k-roi,baseline,1,57,7.9706878662109375,1.0086079835891724,8.97929573059082,9.004139
chelsea-4k-roi,baseline,1,58,7.961631774902344,1.0097919702529907,8.971424102783203,8.995005
chelsea-4k-roi,baseline,1,59,7.980256080627441,1.0134400129318237,8.993696212768555,9.016547
chelsea-4k-roi,baseline,1,60,7.975391864776611,1.0156160593032837,8.991007804870605,9.015646
chelsea-4k-roi,baseline,1,61,7.980768203735352,1.013983964920044,8.994751930236816,9.019142
chelsea-4k-roi,baseline,1,62,7.986815929412842,1.015712022781372,9.002528190612793,9.031971
chelsea-4k-roi,baseline,1,63,8.019552230834961,1.0215359926223755,9.041088104248047,9.067515
chelsea-4k-roi,baseline,1,64,8.004287719726562,1.020095944404602,9.024383544921875,9.046563
chelsea-4k-roi,baseline,1,65,7.996128082275391,1.0144000053405762,9.010527610778809,9.034425
chelsea-4k-roi,baseline,1,66,7.97814416885376,1.013856053352356,8.991999626159668,9.018691
chelsea-4k-roi,baseline,1,67,7.987616062164307,1.0119680166244507,8.999584197998047,9.025842
chelsea-4k-roi,baseline,1,68,7.990719795227051,1.0174399614334106,9.008159637451172,9.032723
chelsea-4k-roi,baseline,1,69,7.983488082885742,1.0115840435028076,8.995072364807129,9.021906
chelsea-4k-roi,baseline,1,70,7.962528228759766,1.0026559829711914,8.965184211730957,8.99143
chelsea-4k-roi,baseline,1,71,7.949535846710205,1.00108802318573,8.950624465942383,8.9779
chelsea-4k-roi,baseline,1,72,7.937119960784912,0.9996160268783569,8.936736106872559,8.962506
chelsea-4k-roi,baseline,1,73,7.925856113433838,1.0001599788665771,8.926015853881836,8.952751
chelsea-4k-roi,baseline,1,74,7.985568046569824,1.0223679542541504,9.007935523986816,9.033563
chelsea-4k-roi,baseline,1,75,8.0065279006958,1.0231679677963257,9.029696464538574,9.056389
chelsea-4k-roi,baseline,1,76,8.014335632324219,1.016160011291504,9.030495643615723,9.059703
chelsea-4k-roi,baseline,1,77,7.995520114898682,1.0167039632797241,9.012224197387695,9.038752
chelsea-4k-roi,baseline,1,78,7.994847774505615,1.0035840272903442,8.998432159423828,9.023729
chelsea-4k-roi,baseline,1,79,7.985439777374268,1.00108802318573,8.986528396606445,9.017039
chelsea-4k-roi,baseline,1,80,7.959616184234619,1.0009599924087524,8.960576057434082,8.984429
chelsea-4k-roi,baseline,1,81,7.943327903747559,1.0012799501419067,8.944607734680176,8.970407
chelsea-4k-roi,baseline,1,82,7.960671901702881,0.998848021030426,8.95952033996582,8.986222
chelsea-4k-roi,baseline,1,83,7.998976230621338,1.0183680057525635,9.01734447479248,9.042547
chelsea-4k-roi,baseline,1,84,8.005184173583984,1.0186879634857178,9.023872375488281,9.051381
chelsea-4k-roi,baseline,1,85,8.023712158203125,1.0327999591827393,9.056511878967285,9.081977
chelsea-4k-roi,baseline,1,86,8.035615921020508,1.0319039821624756,9.067520141601562,9.093374
chelsea-4k-roi,baseline,1,87,8.04207992553711,1.0148160457611084,9.056896209716797,9.082488
chelsea-4k-roi,baseline,1,88,7.994592189788818,1.0167039632797241,9.011296272277832,9.039473
chelsea-4k-roi,baseline,1,89,7.988128185272217,1.0126080513000488,9.000736236572266,9.025571
chelsea-4k-roi,baseline,1,90,7.955967903137207,1.015552043914795,8.97152042388916,8.997279
chelsea-4k-roi,baseline,1,91,7.994336128234863,1.0103679895401,9.004704475402832,9.027905
chelsea-4k-roi,baseline,1,92,7.9892802238464355,1.0117119550704956,9.000991821289062,9.023598
chelsea-4k-roi,baseline,1,93,7.968192100524902,1.0134719610214233,8.981663703918457,9.00478
chelsea-4k-roi,baseline,1,94,7.988607883453369,1.0127999782562256,9.001407623291016,9.025561
chelsea-4k-roi,baseline,1,95,7.97376012802124,1.01254403591156,8.98630428314209,9.007915
chelsea-4k-roi,baseline,1,96,8.024895668029785,1.0403519868850708,9.065247535705566,9.09032
chelsea-4k-roi,baseline,1,97,8.049983978271484,1.0411200523376465,9.091103553771973,9.119223
chelsea-4k-roi,baseline,1,98,8.05247974395752,1.0278719663619995,9.080351829528809,9.1104
chelsea-4k-roi,baseline,1,99,8.004511833190918,1.0219520330429077,9.026464462280273,9.051231
chelsea-4k-roi,baseline,1,100,8.020095825195312,1.0188159942626953,9.038911819458008,9.060995
chelsea-4k-roi,baseline,1,101,7.975071907043457,1.0184320211410522,8.99350357055664,9.017128
chelsea-4k-roi,baseline,1,102,7.995584011077881,1.0181759595870972,9.01375961303711,9.038301
chelsea-4k-roi,baseline,1,103,7.9805121421813965,1.0206400156021118,9.001152038574219,9.025732
chelsea-4k-roi,baseline,1,104,8.010368347167969,1.0185600519180298,9.02892780303955,9.057139
chelsea-4k-roi,baseline,1,105,7.985375881195068,1.0129280090332031,8.99830436706543,9.02479
chelsea-4k-roi,baseline,1,106,7.971936225891113,1.0138239860534668,8.985759735107422,9.012102
chelsea-4k-roi,baseline,1,107,8.015168190002441,1.0320639610290527,9.047231674194336,9.073534
chelsea-4k-roi,baseline,1,108,8.038592338562012,1.0320639610290527,9.070655822753906,9.09701
chelsea-4k-roi,baseline,1,109,8.045696258544922,1.0237120389938354,9.069408416748047,9.099253
chelsea-4k-roi,baseline,1,110,8.016096115112305,1.0237120389938354,9.03980827331543,9.065953
chelsea-4k-roi,baseline,1,111,8.019776344299316,1.0152959823608398,9.035072326660156,9.062378
chelsea-4k-roi,baseline,1,112,7.969279766082764,1.0103039741516113,8.979583740234375,9.008346
chelsea-4k-roi,baseline,1,113,7.98415994644165,1.0142719745635986,8.998432159423828,9.026092
chelsea-4k-roi,baseline,1,114,8.010432243347168,1.0262399911880493,9.03667163848877,9.061346
chelsea-4k-roi,baseline,1,115,8.008223533630371,1.0208319425582886,9.02905559539795,9.053614
chelsea-4k-roi,baseline,1,116,8.013152122497559,1.0326720476150513,9.04582405090332,9.07107
chelsea-4k-roi,baseline,1,117,8.037759780883789,1.0304960012435913,9.068256378173828,9.092463
chelsea-4k-roi,baseline,1,118,8.025471687316895,1.0332800149917603,9.058752059936523,9.08355
chelsea-4k-roi,baseline,1,119,8.020544052124023,1.0296640396118164,9.05020809173584,9.074066
chelsea-4k-roi,baseline,1,120,8.042431831359863,1.0225600004196167,9.06499195098877,9.089999
chelsea-4k-roi,baseline,1,121,8.021120071411133,1.0222400426864624,9.043359756469727,9.07046
chelsea-4k-roi,baseline,1,122,8.008735656738281,1.0181440114974976,9.026880264282227,9.052723
chelsea-4k-roi,baseline,1,123,7.980192184448242,1.0106879472732544,8.990880012512207,9.015486
chelsea-4k-roi,baseline,1,124,7.973855972290039,1.0135680437088013,8.98742389678955,9.009998
chelsea-4k-roi,baseline,1,125,8.005087852478027,1.0246399641036987,9.029727935791016,9.056138
chelsea-4k-roi,baseline,1,126,7.991040229797363,1.0253440141677856,9.01638412475586,9.040825
chelsea-4k-roi,baseline,1,127,8.016511917114258,1.0234559774398804,9.03996753692627,9.067745
chelsea-4k-roi,baseline,1,128,8.009856224060059,1.0243200063705444,9.034175872802734,9.058151
chelsea-4k-roi,baseline,1,129,8.00937557220459,1.0246399641036987,9.034015655517578,9.055057
chelsea-4k-roi,baseline,1,130,8.01916790008545,1.0264320373535156,9.045599937438965,9.067596
chelsea-4k-roi,baseline,1,131,8.009440422058105,1.021183967590332,9.030624389648438,9.058151
chelsea-4k-roi,baseline,1,132,8.012479782104492,1.0235199928283691,9.03600025177002,9.063139
chelsea-4k-roi,baseline,1,133,8.017120361328125,1.0133440494537354,9.030464172363281,9.053734
chelsea-4k-roi,baseline,1,134,7.966400146484375,1.015104055404663,8.981504440307617,9.005761
chelsea-4k-roi,baseline,1,135,7.988096237182617,1.0099200010299683,8.998016357421875,9.022918
chelsea-4k-roi,baseline,1,136,7.976640224456787,1.013759970664978,8.990400314331055,9.018741
chelsea-4k-roi,baseline,1,137,7.976448059082031,1.0126399993896484,8.98908805847168,9.014905
chelsea-4k-roi,baseline,1,138,8.024288177490234,1.0312960147857666,9.055583953857422,9.078282
chelsea-4k-roi,baseline,1,139,8.033247947692871,1.0309439897537231,9.064191818237305,9.092413
chelsea-4k-roi,baseline,1,140,8.028032302856445,1.0225919485092163,9.050623893737793,9.076378
chelsea-4k-roi,baseline,1,141,8.010368347167969,1.0253759622573853,9.035743713378906,9.063019
chelsea-4k-roi,baseline,1,142,8.010335922241211,1.0177600383758545,9.028096199035645,9.056869
chelsea-4k-roi,baseline,1,143,8.008064270019531,1.0156480073928833,9.023712158203125,9.04468
chelsea-4k-roi,baseline,1,144,7.979392051696777,1.0145280361175537,8.99392032623291,9.017079
chelsea-4k-roi,baseline,1,145,7.974175930023193,1.012895941734314,8.987071990966797,9.013112
chelsea-4k-roi,baseline,1,146,7.965439796447754,1.0135680437088013,8.979007720947266,9.005881
chelsea-4k-roi,baseline,1,147,7.954304218292236,1.0018880367279053,8.956192016601562,8.981234
chelsea-4k-roi,baseline,1,148,7.951488018035889,1.0019840002059937,8.953472137451172,8.978731
chelsea-4k-roi,baseline,1,149,7.982624053955078,1.005952000617981,8.98857593536377,9.01816
chelsea-4k-roi,baseline,1,150,7.967840194702148,1.0086719989776611,8.97651195526123,9.006032
chelsea-4k-roi,baseline,1,151,7.954783916473389,1.0111360549926758,8.965920448303223,8.991409
chelsea-4k-roi,baseline,1,152,7.958367824554443,1.0080640316009521,8.966431617736816,8.990458
chelsea-4k-roi,baseline,1,153,7.961088180541992,0.997759997844696,8.958847999572754,8.983778
chelsea-4k-roi,baseline,1,154,7.9436798095703125,0.9991040229797363,8.942784309387207,8.96491
chelsea-4k-roi,baseline,1,155,7.946847915649414,1.0000640153884888,8.946911811828613,8.969376
chelsea-4k-roi,baseline,1,156,7.937280178070068,0.9996479749679565,8.936927795410156,8.95875
chelsea-4k-roi,baseline,1,157,7.9437761306762695,1.0020480155944824,8.945823669433594,8.970388
chelsea-4k-roi,baseline,1,158,7.920703887939453,0.9990720152854919,8.91977596282959,8.943066
chelsea-4k-roi,baseline,1,159,7.936543941497803,0.9993280172348022,8.935872077941895,8.962706
chelsea-4k-roi,baseline,1,160,7.959551811218262,1.0097600221633911,8.969311714172363,8.996327
chelsea-4k-roi,baseline,1,161,7.95363187789917,1.0095679759979248,8.963199615478516,8.989266
chelsea-4k-roi,baseline,1,162,7.96998405456543,1.0001280307769775,8.970111846923828,8.99823
chelsea-4k-roi,baseline,1,163,7.9364800453186035,0.996832013130188,8.93331241607666,8.959171
chelsea-4k-roi,baseline,1,164,7.9481282234191895,0.9985600113868713,8.946687698364258,8.975977
chelsea-4k-roi,baseline,1,165,7.939231872558594,0.9994879961013794,8.938719749450684,8.964409
chelsea-4k-roi,baseline,1,166,7.929952144622803,0.9993600249290466,8.929311752319336,8.952511
chelsea-4k-roi,baseline,1,167,8.00153636932373,1.0203520059585571,9.02188777923584,9.046213
chelsea-4k-roi,baseline,1,168,8.001664161682129,1.0168639421463013,9.01852798461914,9.042728
chelsea-4k-roi,baseline,1,169,7.995552062988281,1.018239974975586,9.013792037963867,9.039062
chelsea-4k-roi,baseline,1,170,7.997568130493164,1.0226880311965942,9.020256042480469,9.047776
chelsea-4k-roi,baseline,1,171,7.995808124542236,1.0095679759979248,9.005375862121582,9.033874
chelsea-4k-roi,baseline,1,172,7.97763204574585,1.0113919973373413,8.98902416229248,9.020163
chelsea-4k-roi,baseline,1,173,7.976160049438477,1.0116480588912964,8.987808227539062,9.016027
chelsea-4k-roi,baseline,1,174,7.978943824768066,1.0145920515060425,8.993535995483398,9.018601
chelsea-4k-roi,baseline,1,175,7.979231834411621,1.0053759813308716,8.984607696533203,9.010688
chelsea-4k-roi,baseline,1,176,7.964767932891846,0.9990079998970032,8.963775634765625,8.992932
chelsea-4k-roi,baseline,1,177,7.95136022567749,1.0025919675827026,8.953951835632324,8.978791
chelsea-4k-roi,baseline,1,178,7.937471866607666,1.0023679733276367,8.939840316772461,8.966752
chelsea-4k-roi,baseline,1,179,7.952064037322998,0.9989759922027588,8.951040267944336,8.974955
chelsea-4k-roi,baseline,1,180,7.936192035675049,1.009119987487793,8.945311546325684,8.968445
chelsea-4k-roi,baseline,1,181,7.946784019470215,1.0092480182647705,8.956031799316406,8.981495
chelsea-4k-roi,baseline,1,182,7.966080188751221,1.010815978050232,8.976896286010742,8.999762
chelsea-4k-roi,baseline,1,183,7.954847812652588,1.0074880123138428,8.962335586547852,8.983588
chelsea-4k-roi,baseline,1,184,7.943647861480713,1.0108799934387207,8.954527854919434,8.978089
chelsea-4k-roi,baseline,1,185,7.967872142791748,1.0066879987716675,8.974559783935547,8.999432
chelsea-4k-roi,baseline,1,186,7.957376003265381,1.0089600086212158,8.966336250305176,8.993092
chelsea-4k-roi,baseline,1,187,7.96560001373291,1.0054399967193604,8.971039772033691,8.996177
chelsea-4k-roi,baseline,1,188,7.9832000732421875,1.0066239833831787,8.989824295043945,9.015616
chelsea-4k-roi,baseline,1,189,7.983263969421387,1.0191999673843384,9.002464294433594,9.023528
chelsea-4k-roi,baseline,1,190,7.987648010253906,1.0192639827728271,9.006912231445312,9.033574
chelsea-4k-roi,baseline,1,191,8.010335922241211,1.031008005142212,9.041343688964844,9.065072
chelsea-4k-roi,baseline,1,192,8.020992279052734,1.0324159860610962,9.053407669067383,9.080965
chelsea-4k-roi,baseline,1,193,8.026495933532715,1.025920033454895,9.05241584777832,9.074526
chelsea-4k-roi,baseline,1,194,8.012288093566895,1.0270400047302246,9.039327621459961,9.059753
chelsea-4k-roi,baseline,1,195,8.008959770202637,1.014464020729065,9.02342414855957,9.045932
chelsea-4k-roi,baseline,1,196,8.003199577331543,1.0115519762039185,9.014752388000488,9.039773
chelsea-4k-roi,baseline,1,197,7.97654390335083,1.013759970664978,8.990303993225098,9.013423
chelsea-4k-roi,baseline,1,198,7.975008010864258,1.0158079862594604,8.990816116333008,9.014946
chelsea-4k-roi,baseline,1,199,7.987199783325195,1.0134400129318237,9.000639915466309,9.024109
chelsea-4k-roi,baseline,1,200,8.037247657775879,1.0309439897537231,9.068191528320312,9.095337
chelsea-4k-roi,baseline,1,201,8.052224159240723,1.0314559936523438,9.083680152893066,9.109478
chelsea-4k-roi,baseline,1,202,8.033472061157227,1.034656047821045,9.068127632141113,9.092563
chelsea-4k-roi,baseline,1,203,8.02883243560791,1.0304319858551025,9.059264183044434,9.079934
chelsea-4k-roi,baseline,1,204,8.029472351074219,1.0226240158081055,9.052096366882324,9.075397
chelsea-4k-roi,baseline,1,205,7.994495868682861,1.0233919620513916,9.017888069152832,9.04477
chelsea-4k-roi,baseline,1,206,7.999296188354492,1.0137920379638672,9.01308822631836,9.040454
chelsea-4k-roi,baseline,1,207,7.968255996704102,1.0122560262680054,8.980511665344238,9.003688
chelsea-4k-roi,baseline,1,208,7.971231937408447,1.0117119550704956,8.982943534851074,9.005151
chelsea-4k-roi,baseline,1,209,7.971104145050049,1.0039039850234985,8.975008010864258,9.003267
chelsea-4k-roi,baseline,1,210,7.949855804443359,1.001952052116394,8.951807975769043,8.975897
chelsea-4k-roi,baseline,1,211,7.987872123718262,1.018720030784607,9.006591796875,9.031531
chelsea-4k-roi,baseline,1,212,8.01302433013916,1.0176960229873657,9.030719757080078,9.054756
chelsea-4k-roi,baseline,1,213,8.013440132141113,1.033120036125183,9.046560287475586,9.071781
chelsea-4k-roi,baseline,1,214,8.022560119628906,1.0318080186843872,9.054368019104004,9.078191
chelsea-4k-roi,baseline,1,215,8.025312423706055,1.0107840299606323,9.03609561920166,9.057039
chelsea-4k-roi,baseline,1,216,7.969888210296631,1.0145920515060425,8.984479904174805,9.004329
chelsea-4k-roi,baseline,1,217,7.972959995269775,1.009984016418457,8.982943534851074,9.002787
chelsea-4k-roi,baseline,1,218,7.969120025634766,1.0093120336532593,8.978431701660156,9.001846
chelsea-4k-roi,baseline,1,219,7.96230411529541,1.0072640180587769,8.969568252563477,8.994465
chelsea-4k-roi,baseline,1,220,7.989215850830078,1.0202560424804688,9.009471893310547,9.03781
chelsea-4k-roi,baseline,1,221,7.996287822723389,1.0179519653320312,9.014240264892578,9.04428
chelsea-4k-roi,baseline,1,222,7.987167835235596,1.0198719501495361,9.007040023803711,9.033674
chelsea-4k-roi,baseline,1,223,8.001248359680176,1.0203200578689575,9.021568298339844,9.046163
chelsea-4k-roi,baseline,1,224,8.008480072021484,1.0316799879074097,9.040160179138184,9.066504
chelsea-4k-roi,baseline,1,225,8.025279998779297,1.030400037765503,9.055680274963379,9.08385
chelsea-4k-roi,baseline,1,226,8.04691219329834,1.0203200578689575,9.067232131958008,9.094976
chelsea-4k-roi,baseline,1,227,7.9925761222839355,1.01910400390625,9.011679649353027,9.045301
chelsea-4k-roi,baseline,1,228,7.974368095397949,1.0102399587631226,8.984607696533203,9.006743
chelsea-4k-roi,baseline,1,229,7.949728012084961,1.0017919540405273,8.951519966125488,8.973663
chelsea-4k-roi,baseline,1,230,7.962944030761719,1.0000959634780884,8.963040351867676,8.984469
chelsea-4k-roi,baseline,1,231,7.981567859649658,1.0186879634857178,9.000255584716797,9.025952
chelsea-4k-roi,baseline,1,232,7.9990081787109375,1.019935965538025,9.018943786621094,9.042637
chelsea-4k-roi,baseline,1,233,8.010080337524414,1.0309439897537231,9.041024208068848,9.071522
chelsea-4k-roi,baseline,1,234,8.036895751953125,1.0300159454345703,9.066911697387695,9.091642
chelsea-4k-roi,baseline,1,235,8.020511627197266,1.020576000213623,9.041088104248047,9.067966
chelsea-4k-roi,baseline,1,236,8.017312049865723,1.024672031402588,9.041983604431152,9.069809
chelsea-4k-roi,baseline,1,237,8.02780818939209,1.0157760381698608,9.043583869934082,9.070099
chelsea-4k-roi,baseline,1,238,7.999680042266846,1.0173439979553223,9.017024040222168,9.042747
chelsea-4k-roi,baseline,1,239,8.00607967376709,1.0152640342712402,9.021344184875488,9.049328
chelsea-4k-roi,baseline,1,240,8.008768081665039,1.0198719501495361,9.028639793395996,9.053173
chelsea-4k-roi,baseline,1,241,7.990880012512207,1.0210239887237549,9.011903762817383,9.036048
chelsea-4k-roi,baseline,1,242,7.9983038902282715,1.0200639963150024,9.018367767333984,9.041886
chelsea-4k-roi,baseline,1,243,7.978720188140869,1.017791986465454,8.996512413024902,9.019332
chelsea-4k-roi,baseline,1,244,8.033984184265137,1.0410560369491577,9.075039863586426,9.105232
chelsea-4k-roi,baseline,1,245,8.054816246032715,1.0371520519256592,9.091967582702637,9.119895
chelsea-4k-roi,baseline,1,246,8.05452823638916,1.0350719690322876,9.089599609375,9.118592
chelsea-4k-roi,baseline,1,247,8.03878402709961,1.0352319478988647,9.074015617370605,9.098682
chelsea-4k-roi,baseline,1,248,8.039839744567871,1.024448037147522,9.064288139343262,9.09003
chelsea-4k-roi,baseline,1,249,8.012960433959961,1.0253440141677856,9.038304328918457,9.0643
chelsea-4k-roi,baseline,1,250,8.032511711120605,1.023103952407837,9.05561637878418,9.081637
chelsea-4k-roi,baseline,1,251,7.960031986236572,1.0140800476074219,8.974111557006836,9.001275
chelsea-4k-roi,baseline,1,252,7.989312171936035,1.0136959552764893,9.003007888793945,9.027655
chelsea-4k-roi,baseline,1,253,7.9721598625183105,1.0153919458389282,8.98755168914795,9.012622
chelsea-4k-roi,baseline,1,254,7.975135803222656,1.0133119821548462,8.988448143005371,9.013954
chelsea-4k-roi,baseline,1,255,8.020832061767578,1.0309760570526123,9.05180835723877,9.082408
chelsea-4k-roi,baseline,1,256,8.031007766723633,1.033247947692871,9.064255714416504,9.089448
chelsea-4k-roi,baseline,1,257,8.023551940917969,1.0250240564346313,9.048576354980469,9.075688
chelsea-4k-roi,baseline,1,258,7.99510383605957,1.0227199792861938,9.017824172973633,9.04425
chelsea-4k-roi,baseline,1,259,8.026047706604004,1.0117759704589844,9.037823677062988,9.066254
chelsea-4k-roi,baseline,1,260,7.9818878173828125,1.0113279819488525,8.993215560913086,9.02434
chelsea-4k-roi,baseline,1,261,7.990111827850342,1.0082240104675293,8.998335838317871,9.023408
chelsea-4k-roi,baseline,1,262,7.95689582824707,1.002303957939148,8.959199905395508,8.983788
chelsea-4k-roi,baseline,1,263,7.949312210083008,1.0012799501419067,8.950592041015625,8.973292
chelsea-4k-roi,baseline,1,264,7.979167938232422,1.0098240375518799,8.988991737365723,9.016828
chelsea-4k-roi,baseline,1,265,7.969823837280273,1.009119987487793,8.978943824768066,9.006422
chelsea-4k-roi,baseline,1,266,7.953120231628418,1.011423945426941,8.964544296264648,8.989958
chelsea-4k-roi,baseline,1,267,7.97983980178833,1.0078400373458862,8.987680435180664,9.012832
chelsea-4k-roi,baseline,1,268,7.963776111602783,1.0028480291366577,8.96662425994873,8.989647
chelsea-4k-roi,baseline,1,269,7.950943946838379,1.0033600330352783,8.954303741455078,8.978911
chelsea-4k-roi,baseline,1,270,7.955071926116943,1.0096960067749023,8.964768409729004,8.988115
chelsea-4k-roi,baseline,1,271,7.9687042236328125,1.0094399452209473,8.978143692016602,9.002547
chelsea-4k-roi,baseline,1,272,7.9521918296813965,1.011423945426941,8.963616371154785,8.987634
chelsea-4k-roi,baseline,1,273,7.96560001373291,1.0090880393981934,8.974687576293945,8.998871
chelsea-4k-roi,baseline,1,274,7.960608005523682,1.0104960203170776,8.97110366821289,8.995086
chelsea-4k-roi,baseline,1,275,7.976672172546387,1.0073599815368652,8.984031677246094,9.013953
chelsea-4k-roi,baseline,1,276,7.969503879547119,1.0078719854354858,8.977375984191895,9.001244
chelsea-4k-roi,baseline,1,277,7.982783794403076,1.0192960500717163,9.002079963684082,9.026313
chelsea-4k-roi,baseline,1,278,7.984255790710449,1.022752046585083,9.007007598876953,9.031921
chelsea-4k-roi,baseline,1,279,7.989696025848389,1.0135680437088013,9.003264427185059,9.029658
chelsea-4k-roi,baseline,1,280,7.9891839027404785,1.0117759704589844,9.000960350036621,9.024209
chelsea-4k-roi,baseline,1,281,7.972479820251465,1.0024000406265259,8.97488021850586,8.99842
chelsea-4k-roi,baseline,1,282,7.945407867431641,1.0044159889221191,8.949824333190918,8.975907
chelsea-4k-roi,baseline,1,283,7.9541120529174805,1.0012480020523071,8.955360412597656,8.98516
chelsea-4k-roi,baseline,1,284,7.925951957702637,0.9995200037956238,8.925472259521484,8.950388
chelsea-4k-roi,baseline,1,285,7.941792011260986,0.998528003692627,8.940320014953613,8.963217
chelsea-4k-roi,baseline,1,286,7.949440002441406,1.0134400129318237,8.96288013458252,8.987453
chelsea-4k-roi,baseline,1,287,7.97708797454834,1.0104639530181885,8.98755168914795,9.012161
chelsea-4k-roi,baseline,1,288,7.9759039878845215,1.0208959579467773,8.996800422668457,9.022357
chelsea-4k-roi,baseline,1,289,8.006719589233398,1.0205440521240234,9.027263641357422,9.053864
chelsea-4k-roi,baseline,1,290,7.998623847961426,1.0122239589691162,9.010848045349121,9.034716
chelsea-4k-roi,baseline,1,291,7.9792962074279785,1.0134400129318237,8.992735862731934,9.015967
chelsea-4k-roi,baseline,1,292,7.9824957847595215,1.0102720260620117,8.992768287658691,9.020273
chelsea-4k-roi,baseline,1,293,7.9456000328063965,1.0042239427566528,8.949824333190918,8.973343
chelsea-4k-roi,baseline,1,294,7.955840110778809,1.003551959991455,8.959391593933105,8.986402
chelsea-4k-roi,baseline,1,295,7.928768157958984,0.9996479749679565,8.92841625213623,8.953472
chelsea-4k-roi,baseline,1,296,7.944799900054932,0.9998400211334229,8.944640159606934,8.966953
chelsea-4k-roi,baseline,1,297,7.993696212768555,1.0196800231933594,9.013376235961914,9.038512
chelsea-4k-roi,baseline,1,298,8.01097583770752,1.0164799690246582,9.027456283569336,9.051591
chelsea-4k-roi,baseline,1,299,7.995391845703125,1.0217280387878418,9.017120361328125,9.044009
chelsea-4k-roi,baseline,2,0,8.0863037109375,1.0378880500793457,9.124192237854004,9.162149
chelsea-4k-roi,baseline,2,1,8.032992362976074,1.0357439517974854,9.06873607635498,9.095758
chelsea-4k-roi,baseline,2,2,8.050623893737793,1.0257920026779175,9.076416015625,9.102057
chelsea-4k-roi,baseline,2,3,8.015711784362793,1.0279359817504883,9.043647766113281,9.068106
chelsea-4k-roi,baseline,2,4,7.989727973937988,1.0174720287322998,9.007200241088867,9.035066
chelsea-4k-roi,baseline,2,5,7.944479942321777,1.0022720098495483,8.946751594543457,8.972471
chelsea-4k-roi,baseline,2,6,7.953951835632324,1.0019199848175049,8.95587158203125,8.982025
chelsea-4k-roi,baseline,2,7,7.961887836456299,1.003999948501587,8.965888023376465,8.99121
chelsea-4k-roi,baseline,2,8,7.96943998336792,1.0016000270843506,8.971039772033691,8.994083
chelsea-4k-roi,baseline,2,9,8.021120071411133,1.0381759405136108,9.059295654296875,9.087566
chelsea-4k-roi,baseline,2,10,8.053983688354492,1.03929603099823,9.093279838562012,9.120616
chelsea-4k-roi,baseline,2,11,8.063039779663086,1.0281599760055542,9.09119987487793,9.11716
chelsea-4k-roi,baseline,2,12,8.034208297729492,1.0275520086288452,9.061759948730469,9.087946
chelsea-4k-roi,baseline,2,13,8.022687911987305,1.0156160593032837,9.038304328918457,9.062458
chelsea-4k-roi,baseline,2,14,7.978464126586914,1.016543984413147,8.99500846862793,9.021596
chelsea-4k-roi,baseline,2,15,7.9904961585998535,1.0150079727172852,9.00550365447998,9.033053
chelsea-4k-roi,baseline,2,16,7.964479923248291,1.0152959823608398,8.979776382446289,9.002416
chelsea-4k-roi,baseline,2,17,7.985343933105469,1.0100799798965454,8.995424270629883,9.020814
chelsea-4k-roi,baseline,2,18,7.980768203735352,1.0130879878997803,8.993856430053711,9.022557
chelsea-4k-roi,baseline,2,19,7.9806718826293945,1.0107840299606323,8.991456031799316,9.016668
chelsea-4k-roi,baseline,2,20,8.027551651000977,1.032960057258606,9.060511589050293,9.086895
chelsea-4k-roi,baseline,2,21,8.04742431640625,1.029952049255371,9.077376365661621,9.104341
chelsea-4k-roi,baseline,2,22,8.047167778015137,1.0249279737472534,9.07209587097168,9.100244
chelsea-4k-roi,baseline,2,23,8.023776054382324,1.0258560180664062,9.04963207244873,9.075488
chelsea-4k-roi,baseline,2,24,8.031231880187988,1.0134400129318237,9.044672012329102,9.070569
chelsea-4k-roi,baseline,2,25,7.977503776550293,1.0116480588912964,8.989151954650879,9.013162
chelsea-4k-roi,baseline,2,26,8.001343727111816,1.0105279684066772,9.011872291564941,9.039533
chelsea-4k-roi,baseline,2,27,7.99510383605957,1.0129280090332031,9.008031845092773,9.034264
chelsea-4k-roi,baseline,2,28,7.97049617767334,1.0133119821548462,8.983807563781738,9.011
chelsea-4k-roi,baseline,2,29,7.998559951782227,1.0221760272979736,9.020735740661621,9.055326
chelsea-4k-roi,baseline,2,30,8.000639915466309,1.0207359790802002,9.02137565612793,9.045171
chelsea-4k-roi,baseline,2,31,8.009023666381836,1.024191975593567,9.03321647644043,9.056048
chelsea-4k-roi,baseline,2,32,8.006431579589844,1.0258560180664062,9.03228759765625,9.056949
chelsea-4k-roi,baseline,2,33,8.020064353942871,1.022655963897705,9.042719841003418,9.065712
chelsea-4k-roi,baseline,2,34,8.023776054382324,1.0221760272979736,9.045951843261719,9.069929
chelsea-4k-roi,baseline,2,35,8.015999794006348,1.0133119821548462,9.029312133789062,9.055777
chelsea-4k-roi,baseline,2,36,7.974592208862305,1.0131839513778687,8.987775802612305,9.013023
chelsea-4k-roi,baseline,2,37,7.975711822509766,1.0105279684066772,8.98624038696289,9.01142
chelsea-4k-roi,baseline,2,38,7.957503795623779,1.0025279521942139,8.96003246307373,8.987233
chelsea-4k-roi,baseline,2,39,7.948736190795898,1.0031039714813232,8.9518404006958,8.979061
chelsea-4k-roi,baseline,2,40,8.033599853515625,1.023967981338501,9.057567596435547,9.081887
chelsea-4k-roi,baseline,2,41,8.022303581237793,1.0228159427642822,9.045120239257812,9.072142
chelsea-4k-roi,baseline,2,42,8.035648345947266,1.0288000106811523,9.064448356628418,9.092483
chelsea-4k-roi,baseline,2,43,8.039199829101562,1.0303679704666138,9.069567680358887,9.096819
chelsea-4k-roi,baseline,2,44,8.029727935791016,1.0176000595092773,9.047327995300293,9.070259
chelsea-4k-roi,baseline,2,45,8.008864402770996,1.0193599462509155,9.028223991394043,9.053083
chelsea-4k-roi,baseline,2,46,8.008607864379883,1.015328049659729,9.02393627166748,9.052843
chelsea-4k-roi,baseline,2,47,7.983232021331787,1.0130560398101807,8.996288299560547,9.023128
chelsea-4k-roi,baseline,2,48,7.991903781890869,1.0151360034942627,9.007040023803711,9.029447
chelsea-4k-roi,baseline,2,49,7.953567981719971,1.0012480020523071,8.954815864562988,8.976026
chelsea-4k-roi,baseline,2,50,7.976352214813232,1.0033279657363892,8.979680061340332,9.001545
chelsea-4k-roi,baseline,2,51,7.961056232452393,1.0067520141601562,8.96780776977539,8.990288
chelsea-4k-roi,baseline,2,52,7.981664180755615,1.0104639530181885,8.992128372192383,9.015366
chelsea-4k-roi,baseline,2,53,8.016736030578613,1.0368640422821045,9.053600311279297,9.07677
chelsea-4k-roi,baseline,2,54,8.060704231262207,1.037600040435791,9.09830379486084,9.121147
chelsea-4k-roi,baseline,2,55,8.043071746826172,1.0164159536361694,9.059488296508789,9.087025
chelsea-4k-roi,baseline,2,56,8.001983642578125,1.0158079862594604,9.017791748046875,9.04395
chelsea-4k-roi,baseline,2,57,7.981567859649658,1.0129599571228027,8.994527816772461,9.021655
chelsea-4k-roi,baseline,2,58,7.971648216247559,1.0115519762039185,8.983200073242188,9.008476
chelsea-4k-roi,baseline,2,59,7.970431804656982,1.0126080513000488,8.983039855957031,9.009467
chelsea-4k-roi,baseline,2,60,7.985184192657471,1.012768030166626,8.997952461242676,9.023889
chelsea-4k-roi,baseline,2,61,7.984799861907959,1.0118399858474731,8.9966402053833,9.021916
chelsea-4k-roi,baseline,2,62,7.978655815124512,1.015071988105774,8.993727684020996,9.016828
chelsea-4k-roi,baseline,2,63,7.9626240730285645,1.0130560398101807,8.975680351257324,9.000413
chelsea-4k-roi,baseline,2,64,7.997407913208008,1.0206079483032227,9.01801586151123,9.047985
chelsea-4k-roi,baseline,2,65,7.990047931671143,1.0192639827728271,9.00931167602539,9.035807
chelsea-4k-roi,baseline,2,66,8.00102424621582,1.0128639936447144,9.013888359069824,9.043118
chelsea-4k-roi,baseline,2,67,7.958079814910889,1.0139520168304443,8.972031593322754,8.994184
chelsea-4k-roi,baseline,2,68,7.982240200042725,1.00655996799469,8.988800048828125,9.009117
chelsea-4k-roi,baseline,2,69,7.9567999839782715,1.0007359981536865,8.957535743713379,8.977308
chelsea-4k-roi,baseline,2,70,7.958687782287598,1.0014400482177734,8.960127830505371,8.981515
chelsea-4k-roi,baseline,2,71,7.935488224029541,1.0011199712753296,8.93660831451416,8.957599
chelsea-4k-roi,baseline,2,72,7.930975914001465,0.9997439980506897,8.930720329284668,8.956687
chelsea-4k-roi,baseline,2,73,7.962592124938965,1.0080640316009521,8.970656394958496,8.998801
chelsea-4k-roi,baseline,2,74,7.97708797454834,1.0094399452209473,8.986528396606445,9.014044
chelsea-4k-roi,baseline,2,75,7.966368198394775,1.02128005027771,8.987648010253906,9.015096
chelsea-4k-roi,baseline,2,76,8.00387191772461,1.0194560289382935,9.023327827453613,9.048516
chelsea-4k-roi,baseline,2,77,8.009023666381836,1.0117440223693848,9.020768165588379,9.045062
chelsea-4k-roi,baseline,2,78,7.983007907867432,1.0120320320129395,8.995039939880371,9.020865
chelsea-4k-roi,baseline,2,79,7.968544006347656,1.0134079456329346,8.981951713562012,9.00513
chelsea-4k-roi,baseline,2,80,7.946656227111816,1.0038080215454102,8.950464248657227,8.974103
chelsea-4k-roi,baseline,2,81,7.9416961669921875,0.9993280172348022,8.941023826599121,8.96528
chelsea-4k-roi,baseline,2,82,7.948991775512695,0.9980800151824951,8.94707202911377,8.97161
chelsea-4k-roi,baseline,2,83,7.946944236755371,1.0000640153884888,8.94700813293457,8.974694
chelsea-4k-roi,baseline,2,84,7.994912147521973,1.0303360223770142,9.025247573852539,9.049888
chelsea-4k-roi,baseline,2,85,8.025279998779297,1.0295679569244385,9.054847717285156,9.087185
chelsea-4k-roi,baseline,2,86,8.03548812866211,1.0230720043182373,9.058560371398926,9.082909
chelsea-4k-roi,baseline,2,87,8.015935897827148,1.0249919891357422,9.04092788696289,9.063219
chelsea-4k-roi,baseline,2,88,7.997471809387207,1.0151360034942627,9.01260757446289,9.035757
chelsea-4k-roi,baseline,2,89,7.961984157562256,1.0117759704589844,8.973759651184082,8.995035
chelsea-4k-roi,baseline,2,90,7.9738240242004395,1.0142719745635986,8.988096237182617,9.009167
chelsea-4k-roi,baseline,2,91,7.977248191833496,1.0138880014419556,8.991135597229004,9.013843
chelsea-4k-roi,baseline,2,92,7.970272064208984,1.0163520574569702,8.986623764038086,9.013293
chelsea-4k-roi,baseline,2,93,8.038559913635254,1.0306240320205688,9.069184303283691,9.092623
chelsea-4k-roi,baseline,2,94,8.014816284179688,1.0319039821624756,9.046719551086426,9.074656
chelsea-4k-roi,baseline,2,95,8.062399864196777,1.0476160049438477,9.110015869140625,9.132984
chelsea-4k-roi,baseline,2,96,8.090496063232422,1.0512319803237915,9.141728401184082,9.166475
chelsea-4k-roi,baseline,2,97,8.079839706420898,1.0307199954986572,9.110560417175293,9.135659
chelsea-4k-roi,baseline,2,98,8.008383750915527,1.030527949333191,9.038911819458008,9.063048
chelsea-4k-roi,baseline,2,99,8.015135765075684,1.0136640071868896,9.028800010681152,9.052292
chelsea-4k-roi,baseline,2,100,7.972479820251465,1.0139520168304443,8.986432075500488,9.01112
chelsea-4k-roi,baseline,2,101,7.965472221374512,1.0123519897460938,8.977824211120605,8.999983
chelsea-4k-roi,baseline,2,102,7.9934401512146,1.0123519897460938,9.005791664123535,9.030298
chelsea-4k-roi,baseline,2,103,7.971615791320801,1.0124479532241821,8.984064102172852,9.007894
chelsea-4k-roi,baseline,2,104,8.016032218933105,1.0251519680023193,9.041184425354004,9.064261
chelsea-4k-roi,baseline,2,105,8.015168190002441,1.0240960121154785,9.039263725280762,9.059943
chelsea-4k-roi,baseline,2,106,8.03929615020752,1.0403200387954712,9.079615592956543,9.101117
chelsea-4k-roi,baseline,2,107,8.058624267578125,1.039423942565918,9.098048210144043,9.121437
chelsea-4k-roi,baseline,2,108,8.042336463928223,1.0287679433822632,9.071104049682617,9.112563
chelsea-4k-roi,baseline,2,109,8.024736404418945,1.027008056640625,9.05174446105957,9.075096
chelsea-4k-roi,baseline,2,110,8.044511795043945,1.0133440494537354,9.057855606079102,9.083139
chelsea-4k-roi,baseline,2,111,7.965087890625,1.0098240375518799,8.9749116897583,9.000243
chelsea-4k-roi,baseline,2,112,7.9879679679870605,1.0150400400161743,9.003007888793945,9.026844
chelsea-4k-roi,baseline,2,113,7.952544212341309,1.0017919540405273,8.954336166381836,8.978069
chelsea-4k-roi,baseline,2,114,7.958655834197998,1.0008000135421753,8.959456443786621,8.981715
chelsea-4k-roi,baseline,2,115,8.024031639099121,1.0261759757995605,9.05020809173584,9.078201
chelsea-4k-roi,baseline,2,116,8.018272399902344,1.0250240564346313,9.043295860290527,9.074245
chelsea-4k-roi,baseline,2,117,8.065152168273926,1.0376960039138794,9.102848052978516,9.132023
chelsea-4k-roi,baseline,2,118,8.06054401397705,1.0383039712905884,9.098848342895508,9.12334
chelsea-4k-roi,baseline,2,119,8.058976173400879,1.0288000106811523,9.087776184082031,9.111251
chelsea-4k-roi,baseline,2,120,8.031135559082031,1.0295679569244385,9.060704231262207,9.093275
chelsea-4k-roi,baseline,2,121,8.034943580627441,1.010815978050232,9.045760154724121,9.075817
chelsea-4k-roi,baseline,2,122,7.9850239753723145,1.0129280090332031,8.997952461242676,9.023609
chelsea-4k-roi,baseline,2,123,7.978271961212158,1.015552043914795,8.993824005126953,9.018822
chelsea-4k-roi,baseline,2,124,7.958816051483154,1.0039680004119873,8.962783813476562,8.99192
chelsea-4k-roi,baseline,2,125,7.94323205947876,1.002784013748169,8.946016311645508,8.970538
chelsea-4k-roi,baseline,2,126,7.990560054779053,1.02128005027771,9.011839866638184,9.034866
chelsea-4k-roi,baseline,2,127,8.001567840576172,1.0185600519180298,9.02012825012207,9.042377
chelsea-4k-roi,baseline,2,128,8.025407791137695,1.0394879579544067,9.064895629882812,9.086905
chelsea-4k-roi,baseline,2,129,8.056639671325684,1.0392320156097412,9.095871925354004,9.127556
chelsea-4k-roi,baseline,2,130,8.045056343078613,1.0232640504837036,9.068320274353027,9.093104
chelsea-4k-roi,baseline,2,131,8.02239990234375,1.0264960527420044,9.048895835876465,9.084401
chelsea-4k-roi,baseline,2,132,8.02070426940918,1.011199951171875,9.031904220581055,9.062707
chelsea-4k-roi,baseline,2,133,7.974207878112793,1.0104320049285889,8.984640121459961,9.008556
chelsea-4k-roi,baseline,2,134,7.9817280769348145,1.0131839513778687,8.994912147521973,9.021375
chelsea-4k-roi,baseline,2,135,7.958816051483154,1.002943992614746,8.961759567260742,8.986042
chelsea-4k-roi,baseline,2,136,7.9594879150390625,0.9993919730186462,8.958880424499512,8.984069
chelsea-4k-roi,baseline,2,137,7.9622721672058105,1.0080640316009521,8.970335960388184,8.994795
chelsea-4k-roi,baseline,2,138,7.952640056610107,1.008288025856018,8.960927963256836,8.986382
chelsea-4k-roi,baseline,2,139,8.018367767333984,1.0298880338668823,9.048255920410156,9.073724
chelsea-4k-roi,baseline,2,140,8.03542423248291,1.0288640260696411,9.064288139343262,9.089198
chelsea-4k-roi,baseline,2,141,8.035615921020508,1.0121920108795166,9.047807693481445,9.078722
chelsea-4k-roi,baseline,2,142,8.004480361938477,1.0168319940567017,9.02131175994873,9.050649
chelsea-4k-roi,baseline,2,143,7.997663974761963,1.0029759407043457,9.000639915466309,9.029838
chelsea-4k-roi,baseline,2,144,7.947328090667725,1.0039360523223877,8.951264381408691,8.97854
chelsea-4k-roi,baseline,2,145,7.947999954223633,1.0024319887161255,8.950431823730469,8.975355
chelsea-4k-roi,baseline,2,146,7.970560073852539,1.0097919702529907,8.980352401733398,9.005801
chelsea-4k-roi,baseline,2,147,7.969376087188721,1.0085439682006836,8.977919578552246,9.004169
chelsea-4k-roi,baseline,2,148,7.985983848571777,1.021183967590332,9.00716781616211,9.034054
chelsea-4k-roi,baseline,2,149,8.00438404083252,1.018399953842163,9.022784233093262,9.048907
chelsea-4k-roi,baseline,2,150,8.01375961303711,1.0295039415359497,9.043264389038086,9.068887
chelsea-4k-roi,baseline,2,151,8.03321647644043,1.030176043510437,9.06339168548584,9.088186
chelsea-4k-roi,baseline,2,152,8.035167694091797,1.0224000215530396,9.057567596435547,9.082558
chelsea-4k-roi,baseline,2,153,7.986911773681641,1.0198400020599365,9.006752014160156,9.031731
chelsea-4k-roi,baseline,2,154,8.000896453857422,1.015328049659729,9.016223907470703,9.043038
chelsea-4k-roi,baseline,2,155,7.985184192657471,1.013375997543335,8.998559951782227,9.022778
chelsea-4k-roi,baseline,2,156,7.97811222076416,1.0151679515838623,8.993280410766602,9.016167
chelsea-4k-roi,baseline,2,157,7.944479942321777,1.0035200119018555,8.947999954223633,8.973793
chelsea-4k-roi,baseline,2,158,7.954495906829834,1.0015360116958618,8.956031799316406,8.98521
chelsea-4k-roi,baseline,2,159,7.98851203918457,1.018239974975586,9.006752014160156,9.032752
chelsea-4k-roi,baseline,2,160,8.001279830932617,1.021664023399353,9.022944450378418,9.048276
chelsea-4k-roi,baseline,2,161,8.044544219970703,1.0396480560302734,9.084192276000977,9.108707
chelsea-4k-roi,baseline,2,162,8.067904472351074,1.0393279790878296,9.107232093811035,9.134026
chelsea-4k-roi,baseline,2,163,8.059552192687988,1.0236480236053467,9.083200454711914,9.107746
chelsea-4k-roi,baseline,2,164,8.005791664123535,1.0229120254516602,9.028703689575195,9.053474
chelsea-4k-roi,baseline,2,165,8.013152122497559,1.015231966972351,9.0283842086792,9.058251
chelsea-4k-roi,baseline,2,166,7.985599994659424,1.015936017036438,9.00153636932373,9.02452
chelsea-4k-roi,baseline,2,167,7.983520030975342,1.015712022781372,8.999232292175293,9.022456
chelsea-4k-roi,baseline,2,168,7.993343830108643,1.0166720151901245,9.010016441345215,9.034545
chelsea-4k-roi,baseline,2,169,7.983776092529297,1.011199951171875,8.994976043701172,9.017269
chelsea-4k-roi,baseline,2,170,7.988927841186523,1.0189759731292725,9.007904052734375,9.026974
chelsea-4k-roi,baseline,2,171,7.999680042266846,1.021183967590332,9.02086353302002,9.045171
chelsea-4k-roi,baseline,2,172,8.018624305725098,1.0308799743652344,9.049504280090332,9.069859
chelsea-4k-roi,baseline,2,173,8.021696090698242,1.0299839973449707,9.051679611206055,9.074435
chelsea-4k-roi,baseline,2,174,8.020352363586426,1.0137920379638672,9.034144401550293,9.055697
chelsea-4k-roi,baseline,2,175,7.965951919555664,1.0139199495315552,8.97987174987793,9.001475
chelsea-4k-roi,baseline,2,176,7.995327949523926,1.0066560506820679,9.001983642578125,9.023599
chelsea-4k-roi,baseline,2,177,7.941440105438232,0.9965760111808777,8.938015937805176,8.961144
chelsea-4k-roi,baseline,2,178,7.938720226287842,0.9984639883041382,8.93718433380127,8.95861
chelsea-4k-roi,baseline,2,179,7.957727909088135,1.008031964302063,8.965760231018066,8.983809
chelsea-4k-roi,baseline,2,180,7.960383892059326,1.0106879472732544,8.97107219696045,8.99161
chelsea-4k-roi,baseline,2,181,8.023967742919922,1.0407359600067139,9.064703941345215,9.084791
chelsea-4k-roi,baseline,2,182,8.046560287475586,1.0408320426940918,9.08739185333252,9.108698
chelsea-4k-roi,baseline,2,183,8.0480318069458,1.025920033454895,9.073951721191406,9.093955
chelsea-4k-roi,baseline,2,184,7.998784065246582,1.0281920433044434,9.026975631713867,9.049618
chelsea-4k-roi,baseline,2,185,8.03001594543457,1.0140479803085327,9.044063568115234,9.070099
chelsea-4k-roi,baseline,2,186,7.99180793762207,1.0168639421463013,9.008671760559082,9.034395
chelsea-4k-roi,baseline,2,187,7.987423896789551,1.0140479803085327,9.001472473144531,9.026242
chelsea-4k-roi,baseline,2,188,7.95743989944458,1.004480004310608,8.961919784545898,8.984429
chelsea-4k-roi,baseline,2,189,7.94927978515625,1.0015039443969727,8.950783729553223,8.974434
chelsea-4k-roi,baseline,2,190,7.944767951965332,1.003167986869812,8.947936058044434,8.973102
chelsea-4k-roi,baseline,2,191,7.9495038986206055,1.0026880502700806,8.952192306518555,8.977348
chelsea-4k-roi,baseline,2,192,7.9694719314575195,1.021664023399353,8.991135597229004,9.015526
chelsea-4k-roi,baseline,2,193,7.987840175628662,1.0206719636917114,9.008511543273926,9.029087
chelsea-4k-roi,baseline,2,194,7.986400127410889,1.015071988105774,9.001472473144531,9.026994
chelsea-4k-roi,baseline,2,195,7.998079776763916,1.014240026473999,9.012319564819336,9.032723
chelsea-4k-roi,baseline,2,196,7.988671779632568,1.0160000324249268,9.004672050476074,9.028706
chelsea-4k-roi,baseline,2,197,7.962592124938965,1.0133119821548462,8.97590446472168,8.996708
chelsea-4k-roi,baseline,2,198,7.968160152435303,1.0127359628677368,8.98089599609375,9.001896
chelsea-4k-roi,baseline,2,199,7.9904961585998535,1.0122560262680054,9.002752304077148,9.036047
chelsea-4k-roi,baseline,2,200,7.984960079193115,1.0144959688186646,8.999456405639648,9.03084
chelsea-4k-roi,baseline,2,201,7.964128017425537,1.0137920379638672,8.977919578552246,9.007404
chelsea-4k-roi,baseline,2,202,7.982687950134277,1.0132479667663574,8.995936393737793,9.020384
chelsea-4k-roi,baseline,2,203,8.026495933532715,1.0388799905776978,9.065376281738281,9.092082
chelsea-4k-roi,baseline,2,204,8.050304412841797,1.0397119522094727,9.09001636505127,9.115107
chelsea-4k-roi,baseline,2,205,8.040351867675781,1.0222400426864624,9.062591552734375,9.09054
chelsea-4k-roi,baseline,2,206,8.003135681152344,1.022879958152771,9.026016235351562,9.052002
chelsea-4k-roi,baseline,2,207,8.003935813903809,1.0163520574569702,9.020288467407227,9.042647
chelsea-4k-roi,baseline,2,208,8.030143737792969,1.0164480209350586,9.046591758728027,9.070199
chelsea-4k-roi,baseline,2,209,7.997504234313965,1.0141119956970215,9.011615753173828,9.036929
chelsea-4k-roi,baseline,2,210,7.975359916687012,1.014016032218933,8.989376068115234,9.016237
chelsea-4k-roi,baseline,2,211,7.98905611038208,1.0122560262680054,9.001312255859375,9.026713
chelsea-4k-roi,baseline,2,212,7.99183988571167,1.0123200416564941,9.004159927368164,9.033053
chelsea-4k-roi,baseline,2,213,7.968192100524902,1.0117759704589844,8.979968070983887,9.007885
chelsea-4k-roi,baseline,2,214,8.027872085571289,1.038432002067566,9.066304206848145,9.092763
chelsea-4k-roi,baseline,2,215,8.06265640258789,1.0407359600067139,9.103391647338867,9.127456
chelsea-4k-roi,baseline,2,216,8.053919792175293,1.0275839567184448,9.081503868103027,9.101677
chelsea-4k-roi,baseline,2,217,8.005151748657227,1.0275839567184448,9.032735824584961,9.056339
chelsea-4k-roi,baseline,2,218,8.034912109375,1.017408013343811,9.052319526672363,9.077279
chelsea-4k-roi,baseline,2,219,7.984127998352051,1.0149760246276855,8.999103546142578,9.023999
chelsea-4k-roi,baseline,2,220,7.975327968597412,1.0157439708709717,8.991071701049805,9.013844
chelsea-4k-roi,baseline,2,221,7.988671779632568,1.0175679922103882,9.006239891052246,9.032632
chelsea-4k-roi,baseline,2,222,7.9912638664245605,1.0218240022659302,9.01308822631836,9.061586
chelsea-4k-roi,baseline,2,223,8.055808067321777,1.0181759595870972,9.073984146118164,9.140356
chelsea-4k-roi,baseline,2,224,7.998688220977783,1.0190080404281616,9.017696380615234,9.038461
chelsea-4k-roi,baseline,2,225,8.045215606689453,1.0396159887313843,9.084832191467285,9.107275
chelsea-4k-roi,baseline,2,226,8.053248405456543,1.0418239831924438,9.095071792602539,9.115268
chelsea-4k-roi,baseline,2,227,8.039487838745117,1.0228159427642822,9.06230354309082,9.086594
chelsea-4k-roi,baseline,2,228,8.001503944396973,1.023103952407837,9.02460765838623,9.048316
chelsea-4k-roi,baseline,2,229,8.017279624938965,1.013983964920044,9.031264305114746,9.062528
chelsea-4k-roi,baseline,2,230,7.970592021942139,1.0127040147781372,8.983296394348145,9.006363
chelsea-4k-roi,baseline,2,231,7.965951919555664,1.0106879472732544,8.976639747619629,9.000704
chelsea-4k-roi,baseline,2,232,7.984255790710449,1.0113600492477417,8.99561595916748,9.0181
chelsea-4k-roi,baseline,2,233,7.9791998863220215,1.0101759433746338,8.989376068115234,9.017419
chelsea-4k-roi,baseline,2,234,8.000864028930664,1.0206079483032227,9.021471977233887,9.047815
chelsea-4k-roi,baseline,2,235,7.993120193481445,1.0198400020599365,9.012960433959961,9.032482
chelsea-4k-roi,baseline,2,236,8.002495765686035,1.0303360223770142,9.032832145690918,9.058111
chelsea-4k-roi,baseline,2,237,8.016351699829102,1.0285439491271973,9.044896125793457,9.066153
chelsea-4k-roi,baseline,2,238,8.027775764465332,1.022976040840149,9.050751686096191,9.072212
chelsea-4k-roi,baseline,2,239,8.009984016418457,1.0224319696426392,9.032416343688965,9.056198
chelsea-4k-roi,baseline,2,240,8.015999794006348,1.0130560398101807,9.02905559539795,9.054665
chelsea-4k-roi,baseline,2,241,7.960063934326172,1.0122239589691162,8.972288131713867,8.992451
chelsea-4k-roi,baseline,2,242,7.968128204345703,1.0138239860534668,8.981951713562012,9.005462
chelsea-4k-roi,baseline,2,243,7.949376106262207,1.001695990562439,8.951071739196777,8.972721
chelsea-4k-roi,baseline,2,244,7.954336166381836,1.0042239427566528,8.9585599899292,8.980052
chelsea-4k-roi,baseline,2,245,7.988224029541016,1.0197759866714478,9.008000373840332,9.028516
chelsea-4k-roi,baseline,2,246,7.993120193481445,1.0195839405059814,9.012703895568848,9.036788
chelsea-4k-roi,baseline,2,247,8.004032135009766,1.0396480560302734,9.043680191040039,9.067725
chelsea-4k-roi,baseline,2,248,8.044063568115234,1.041983962059021,9.086048126220703,9.107445
chelsea-4k-roi,baseline,2,249,8.068191528320312,1.0220799446105957,9.090271949768066,9.111652
chelsea-4k-roi,baseline,2,250,8.003616333007812,1.0226880311965942,9.026304244995117,9.049508
chelsea-4k-roi,baseline,2,251,8.013471603393555,1.0164159536361694,9.029888153076172,9.053574
chelsea-4k-roi,baseline,2,252,7.969151973724365,1.015231966972351,8.984383583068848,9.036448
chelsea-4k-roi,baseline,2,253,8.06662368774414,1.011199951171875,9.077823638916016,9.182479
chelsea-4k-roi,baseline,2,254,7.949952125549316,1.0044480562210083,8.954400062561035,8.97811
chelsea-4k-roi,baseline,2,255,7.941311836242676,1.0040960311889648,8.94540786743164,8.967974
chelsea-4k-roi,baseline,2,256,7.990880012512207,1.019808053970337,9.010687828063965,9.034234
chelsea-4k-roi,baseline,2,257,7.988383769989014,1.018272042274475,9.0066556930542,9.029918
chelsea-4k-roi,baseline,2,258,8.031744003295898,1.0310720205307007,9.06281566619873,9.088707
chelsea-4k-roi,baseline,2,259,8.03769588470459,1.0312319993972778,9.068927764892578,9.099593
chelsea-4k-roi,baseline,2,260,8.028863906860352,1.0113279819488525,9.040191650390625,9.062408
chelsea-4k-roi,baseline,2,261,7.9457597732543945,1.0136959552764893,8.959456443786621,8.980082
chelsea-4k-roi,baseline,2,262,7.982304096221924,1.0096319913864136,8.991935729980469,9.012322
chelsea-4k-roi,baseline,2,263,7.952159881591797,1.010208010673523,8.96236801147461,8.981275
chelsea-4k-roi,baseline,2,264,7.958975791931152,1.0090559720993042,8.968031883239746,8.990008
chelsea-4k-roi,baseline,2,265,8.009471893310547,1.018623948097229,9.028096199035645,9.049007
chelsea-4k-roi,baseline,2,266,8.00380802154541,1.0167039632797241,9.020511627197266,9.040324
chelsea-4k-roi,baseline,2,267,7.986207962036133,1.0159039497375488,9.00211238861084,9.020644
chelsea-4k-roi,baseline,2,268,7.998271942138672,1.0175360441207886,9.01580810546875,9.038872
chelsea-4k-roi,baseline,2,269,7.990943908691406,1.0226240158081055,9.013567924499512,9.033033
chelsea-4k-roi,baseline,2,270,7.9995198249816895,1.0255359411239624,9.025055885314941,9.045752
chelsea-4k-roi,baseline,2,271,8.006784439086914,1.020416021347046,9.027199745178223,9.047675
chelsea-4k-roi,baseline,2,272,8.005248069763184,1.0230720043182373,9.0283203125,9.045712
chelsea-4k-roi,baseline,2,273,8.031264305114746,1.0181119441986084,9.049375534057617,9.069508
chelsea-4k-roi,baseline,2,274,7.975615978240967,1.014016032218933,8.989631652832031,9.012562
chelsea-4k-roi,baseline,2,275,7.988448143005371,1.0147839784622192,9.0032320022583,9.026132
chelsea-4k-roi,baseline,2,276,7.952352046966553,1.0046080350875854,8.95695972442627,8.978871
chelsea-4k-roi,baseline,2,277,7.953440189361572,1.0019199848175049,8.955360412597656,8.976137
chelsea-4k-roi,baseline,2,278,8.011455535888672,1.019327998161316,9.030783653259277,9.05761
chelsea-4k-roi,baseline,2,279,7.990111827850342,1.0191359519958496,9.009247779846191,9.037891
chelsea-4k-roi,baseline,2,280,7.998496055603027,1.031872034072876,9.030367851257324,9.053394
chelsea-4k-roi,baseline,2,281,8.039456367492676,1.0308159589767456,9.070272445678711,9.092113
chelsea-4k-roi,baseline,2,282,8.041824340820312,1.0123519897460938,9.054176330566406,9.078311
chelsea-4k-roi,baseline,2,283,7.986112117767334,1.0117119550704956,8.997823715209961,9.0243
chelsea-4k-roi,baseline,2,284,7.957600116729736,1.0130239725112915,8.970623970031738,8.993923
chelsea-4k-roi,baseline,2,285,7.979328155517578,1.012287974357605,8.991616249084473,9.014665
chelsea-4k-roi,baseline,2,286,7.958240032196045,1.0127040147781372,8.97094440460205,8.990598
chelsea-4k-roi,baseline,2,287,7.982975959777832,1.02128005027771,9.004256248474121,9.026313
chelsea-4k-roi,baseline,2,288,7.997183799743652,1.0195839405059814,9.016768455505371,9.040173
chelsea-4k-roi,baseline,2,289,7.983839988708496,1.0189440250396729,9.00278377532959,9.026252
chelsea-4k-roi,baseline,2,290,8.007200241088867,1.021056056022644,9.0282564163208,9.049448
chelsea-4k-roi,baseline,2,291,8.009599685668945,1.0109119415283203,9.020511627197266,9.042167
chelsea-4k-roi,baseline,2,292,7.9767680168151855,1.014143943786621,8.990912437438965,9.0116
chelsea-4k-roi,baseline,2,293,7.967520236968994,1.0101439952850342,8.97766399383545,8.999041
chelsea-4k-roi,baseline,2,294,7.942624092102051,1.0115200281143188,8.954143524169922,8.973112
chelsea-4k-roi,baseline,2,295,7.95417594909668,1.0099200010299683,8.964096069335938,8.984449
chelsea-4k-roi,baseline,2,296,7.955647945404053,1.0117759704589844,8.967424392700195,8.992291
chelsea-4k-roi,baseline,2,297,7.976128101348877,1.007200002670288,8.983327865600586,9.008065
chelsea-4k-roi,baseline,2,298,7.9634881019592285,1.009119987487793,8.972607612609863,8.996467
chelsea-4k-roi,baseline,2,299,7.964640140533447,1.0094079971313477,8.974047660827637,8.998461
chelsea-4k-roi,planned-roi,2,0,4.696383953094482,1.0251200199127197,5.721504211425781,5.752751
chelsea-4k-roi,planned-roi,2,1,4.638944149017334,1.024224042892456,5.663167953491211,5.682324
chelsea-4k-roi,planned-roi,2,2,4.635519981384277,1.025439977645874,5.6609601974487305,5.678598
chelsea-4k-roi,planned-roi,2,3,4.642816066741943,1.022976040840149,5.665791988372803,5.684117
chelsea-4k-roi,planned-roi,2,4,4.642560005187988,1.0235519409179688,5.666111946105957,5.689314
chelsea-4k-roi,planned-roi,2,5,4.6466240882873535,1.0232640504837036,5.669888019561768,5.687422
chelsea-4k-roi,planned-roi,2,6,4.658080101013184,1.0236480236053467,5.681727886199951,5.698498
chelsea-4k-roi,planned-roi,2,7,4.641312122344971,1.0231679677963257,5.664480209350586,5.682184
chelsea-4k-roi,planned-roi,2,8,4.635615825653076,1.0232640504837036,5.658880233764648,5.677807
chelsea-4k-roi,planned-roi,2,9,4.671679973602295,1.0306880474090576,5.702367782592773,5.718588
chelsea-4k-roi,planned-roi,2,10,4.662752151489258,1.032960057258606,5.695712089538574,5.714873
chelsea-4k-roi,planned-roi,2,11,4.660863876342773,1.0279040336608887,5.688767910003662,5.705709
chelsea-4k-roi,planned-roi,2,12,4.66048002243042,1.0315519571304321,5.6920318603515625,5.714502
chelsea-4k-roi,planned-roi,2,13,4.640607833862305,1.0233919620513916,5.664000034332275,5.683555
chelsea-4k-roi,planned-roi,2,14,4.652480125427246,1.0257279872894287,5.678207874298096,5.696726
chelsea-4k-roi,planned-roi,2,15,4.6412482261657715,1.0228159427642822,5.664063930511475,5.684267
chelsea-4k-roi,planned-roi,2,16,4.6557440757751465,1.031391978263855,5.687136173248291,5.708733
chelsea-4k-roi,planned-roi,2,17,4.665760040283203,1.0303679704666138,5.696127891540527,5.720311
chelsea-4k-roi,planned-roi,2,18,4.668479919433594,1.033087968826294,5.701568126678467,5.722375
chelsea-4k-roi,planned-roi,2,19,4.655072212219238,1.027359962463379,5.682432174682617,5.703796
chelsea-4k-roi,planned-roi,2,20,4.632544040679932,1.0157439708709717,5.648287773132324,5.665949
chelsea-4k-roi,planned-roi,2,21,4.625472068786621,1.0153599977493286,5.64083194732666,5.657266
chelsea-4k-roi,planned-roi,2,22,4.6296000480651855,1.018880009651184,5.64847993850708,5.666971
chelsea-4k-roi,planned-roi,2,23,4.639904022216797,1.0178879499435425,5.657792091369629,5.676394
chelsea-4k-roi,planned-roi,2,24,4.641632080078125,1.0160640478134155,5.657695770263672,5.673761
chelsea-4k-roi,planned-roi,2,25,4.633056163787842,1.01692795753479,5.649983882904053,5.668993
chelsea-4k-roi,planned-roi,2,26,4.647776126861572,1.0164799690246582,5.6642560958862305,5.681412
chelsea-4k-roi,planned-roi,2,27,4.655104160308838,1.010815978050232,5.665919780731201,5.682725
chelsea-4k-roi,planned-roi,2,28,4.626143932342529,1.010815978050232,5.636960029602051,5.652629
chelsea-4k-roi,planned-roi,2,29,4.623712062835693,1.0134400129318237,5.637152194976807,5.6536
chelsea-4k-roi,planned-roi,2,30,4.626560211181641,1.0225919485092163,5.649151802062988,5.67288
chelsea-4k-roi,planned-roi,2,31,4.650847911834717,1.0201280117034912,5.670976161956787,5.692649
chelsea-4k-roi,planned-roi,2,32,4.639488220214844,1.021183967590332,5.660672187805176,5.683516
chelsea-4k-roi,planned-roi,2,33,4.646240234375,1.0212160348892212,5.667456150054932,5.6866
chelsea-4k-roi,planned-roi,2,34,4.619455814361572,1.0119359493255615,5.631392002105713,5.65307
chelsea-4k-roi,planned-roi,2,35,4.631743907928467,1.0103039741516113,5.642047882080078,5.662764
chelsea-4k-roi,planned-roi,2,36,4.63424015045166,1.006943941116333,5.641183853149414,5.663635
chelsea-4k-roi,planned-roi,2,37,4.629151821136475,1.025215983390808,5.654367923736572,5.675954
chelsea-4k-roi,planned-roi,2,38,4.646143913269043,1.0257600545883179,5.67190408706665,5.694552
chelsea-4k-roi,planned-roi,2,39,4.652383804321289,1.022976040840149,5.675360202789307,5.695864
chelsea-4k-roi,planned-roi,2,40,4.650976181030273,1.0236480236053467,5.674623966217041,5.698068
chelsea-4k-roi,planned-roi,2,41,4.639679908752441,1.016767978668213,5.656447887420654,5.678638
chelsea-4k-roi,planned-roi,2,42,4.63756799697876,1.017632007598877,5.655200004577637,5.674782
chelsea-4k-roi,planned-roi,2,43,4.639391899108887,1.0160000324249268,5.655392169952393,5.677065
chelsea-4k-roi,planned-roi,2,44,4.635263919830322,1.031391978263855,5.666656017303467,5.68681
chelsea-4k-roi,planned-roi,2,45,4.671648025512695,1.0317440032958984,5.703392028808594,5.723677
chelsea-4k-roi,planned-roi,2,46,4.659103870391846,1.032256007194519,5.691359996795654,5.709375
chelsea-4k-roi,planned-roi,2,47,4.665696144104004,1.0294400453567505,5.695136070251465,5.716996
chelsea-4k-roi,planned-roi,2,48,4.653120040893555,1.0270719528198242,5.680191993713379,5.700251
chelsea-4k-roi,planned-roi,2,49,4.669280052185059,1.0265599489212036,5.695839881896973,5.740712
chelsea-4k-roi,planned-roi,2,50,4.827263832092285,1.0283520221710205,5.855616092681885,5.95735
chelsea-4k-roi,planned-roi,2,51,4.655456066131592,1.0129599571228027,5.6684160232543945,5.686399
chelsea-4k-roi,planned-roi,2,52,4.638944149017334,1.0150079727172852,5.653952121734619,5.674852
chelsea-4k-roi,planned-roi,2,53,4.629856109619141,1.0164799690246582,5.646336078643799,5.662924
chelsea-4k-roi,planned-roi,2,54,4.632351875305176,1.0168319940567017,5.649184226989746,5.667582
chelsea-4k-roi,planned-roi,2,55,4.598176002502441,1.0024000406265259,5.600575923919678,5.617285
chelsea-4k-roi,planned-roi,2,56,4.606527805328369,1.00217604637146,5.608704090118408,5.627821
chelsea-4k-roi,planned-roi,2,57,4.605855941772461,1.002943992614746,5.608799934387207,5.625848
chelsea-4k-roi,planned-roi,2,58,4.620416164398193,1.0098240375518799,5.630239963531494,5.646449
chelsea-4k-roi,planned-roi,2,59,4.624383926391602,1.008255958557129,5.6326398849487305,5.649664
chelsea-4k-roi,planned-roi,2,60,4.617663860321045,1.0098559856414795,5.6275200843811035,5.647651
chelsea-4k-roi,planned-roi,2,61,4.608992099761963,1.0093120336532593,5.6183037757873535,5.634461
chelsea-4k-roi,planned-roi,2,62,4.611680030822754,1.0118080377578735,5.623487949371338,5.640951
chelsea-4k-roi,planned-roi,2,63,4.617599964141846,1.009376049041748,5.626976013183594,5.644016
chelsea-4k-roi,planned-roi,2,64,4.6036481857299805,1.009600043296814,5.613247871398926,5.629584
chelsea-4k-roi,planned-roi,2,65,4.632063865661621,1.030784010887146,5.662847995758057,5.681663
chelsea-4k-roi,planned-roi,2,66,4.656064033508301,1.0311360359191895,5.68720006942749,5.707402
chelsea-4k-roi,planned-roi,2,67,4.662847995758057,1.03164803981781,5.694496154785156,5.713471
chelsea-4k-roi,planned-roi,2,68,4.662079811096191,1.0324480533599854,5.694528102874756,5.711447
chelsea-4k-roi,planned-roi,2,69,4.653759956359863,1.0226880311965942,5.676447868347168,5.694492
chelsea-4k-roi,planned-roi,2,70,4.6465277671813965,1.0246080160140991,5.671135902404785,5.690866
chelsea-4k-roi,planned-roi,2,71,4.662271976470947,1.023103952407837,5.685376167297363,5.704067
chelsea-4k-roi,planned-roi,2,72,4.65996789932251,1.0248639583587646,5.6848320960998535,5.700961
chelsea-4k-roi,planned-roi,2,73,4.637279987335205,1.0249600410461426,5.662240028381348,5.679239
chelsea-4k-roi,planned-roi,2,74,4.656544208526611,1.0245120525360107,5.681056022644043,5.698508
chelsea-4k-roi,planned-roi,2,75,4.6536641120910645,1.0223679542541504,5.676032066345215,5.694612
chelsea-4k-roi,planned-roi,2,76,4.635744094848633,1.0185600519180298,5.654304027557373,5.670907
chelsea-4k-roi,planned-roi,2,77,4.647776126861572,1.0180480480194092,5.665823936462402,5.687792
chelsea-4k-roi,planned-roi,2,78,4.642560005187988,1.0162559747695923,5.658815860748291,5.676084
chelsea-4k-roi,planned-roi,2,79,4.635615825653076,1.0218559503555298,5.657472133636475,5.674142
chelsea-4k-roi,planned-roi,2,80,4.649375915527344,1.0235199928283691,5.672895908355713,5.690557
chelsea-4k-roi,planned-roi,2,81,4.6539201736450195,1.0224319696426392,5.676352024078369,5.695985
chelsea-4k-roi,planned-roi,2,82,4.650271892547607,1.0254080295562744,5.675680160522461,5.696476
chelsea-4k-roi,planned-roi,2,83,4.642144203186035,1.0158400535583496,5.657983779907227,5.683656
chelsea-4k-roi,planned-roi,2,84,4.640416145324707,1.0156160593032837,5.656032085418701,5.674271
chelsea-4k-roi,planned-roi,2,85,4.638271808624268,1.0167360305786133,5.655007839202881,5.671628
chelsea-4k-roi,planned-roi,2,86,4.646592140197754,1.020416021347046,5.667007923126221,5.684707
chelsea-4k-roi,planned-roi,2,87,4.663871765136719,1.0179519653320312,5.681824207305908,5.700541
chelsea-4k-roi,planned-roi,2,88,4.647903919219971,1.0210239887237549,5.668928146362305,5.693931
chelsea-4k-roi,planned-roi,2,89,4.64137601852417,1.0198400020599365,5.661215782165527,5.682394
chelsea-4k-roi,planned-roi,2,90,4.625631809234619,1.01363205909729,5.639264106750488,5.658548
chelsea-4k-roi,planned-roi,2,91,4.612800121307373,1.0129280090332031,5.625728130340576,5.646379
chelsea-4k-roi,planned-roi,2,92,4.631616115570068,1.012384057044983,5.644000053405762,5.661883
chelsea-4k-roi,planned-roi,2,93,4.627039909362793,1.030303955078125,5.657343864440918,5.675223
chelsea-4k-roi,planned-roi,2,94,4.659264087677002,1.0315200090408325,5.690783977508545,5.714121
chelsea-4k-roi,planned-roi,2,95,4.656223773956299,1.0316799879074097,5.687903881072998,5.715253
chelsea-4k-roi,planned-roi,2,96,4.649856090545654,1.0309439897537231,5.680799961090088,5.708292
chelsea-4k-roi,planned-roi,2,97,4.652736186981201,1.024224042892456,5.676959991455078,5.698157
chelsea-4k-roi,planned-roi,2,98,4.659615993499756,1.023360013961792,5.682975769042969,5.702404
chelsea-4k-roi,planned-roi,2,99,4.6526079177856445,1.021664023399353,5.674272060394287,5.697627
chelsea-4k-roi,planned-roi,2,100,4.664383888244629,1.0298880338668823,5.694272041320801,5.718909
chelsea-4k-roi,planned-roi,2,101,4.661151885986328,1.0298559665679932,5.6910080909729,5.715695
chelsea-4k-roi,planned-roi,2,102,4.67625617980957,1.033344030380249,5.70959997177124,5.731748
chelsea-4k-roi,planned-roi,2,103,4.672544002532959,1.0302400588989258,5.702784061431885,5.72614
chelsea-4k-roi,planned-roi,2,104,4.639999866485596,1.0213439464569092,5.661344051361084,5.68004
chelsea-4k-roi,planned-roi,2,105,4.637087821960449,1.0211520195007324,5.658239841461182,5.676485
chelsea-4k-roi,planned-roi,2,106,4.640511989593506,1.0199999809265137,5.6605119705200195,5.681282
chelsea-4k-roi,planned-roi,2,107,4.6493120193481445,1.0191359519958496,5.668447971343994,5.694763
chelsea-4k-roi,planned-roi,2,108,4.639743804931641,1.0199040174484253,5.6596479415893555,5.680812
chelsea-4k-roi,planned-roi,2,109,4.64521598815918,1.022752046585083,5.667967796325684,5.688653
chelsea-4k-roi,planned-roi,2,110,4.642687797546387,1.019711971282959,5.662399768829346,5.684297
chelsea-4k-roi,planned-roi,2,111,4.636767864227295,1.0123519897460938,5.649119853973389,5.670415
chelsea-4k-roi,planned-roi,2,112,4.624095916748047,1.0129599571228027,5.63705587387085,5.657886
chelsea-4k-roi,planned-roi,2,113,4.637311935424805,1.0121599435806274,5.649472236633301,5.671907
chelsea-4k-roi,planned-roi,2,114,4.628672122955322,1.02128005027771,5.649951934814453,5.671487
chelsea-4k-roi,planned-roi,2,115,4.6472320556640625,1.0195200443267822,5.666751861572266,5.691658
chelsea-4k-roi,planned-roi,2,116,4.659135818481445,1.021888017654419,5.681024074554443,5.706
chelsea-4k-roi,planned-roi,2,117,4.643616199493408,1.0206079483032227,5.664224147796631,5.692288
chelsea-4k-roi,planned-roi,2,118,4.658271789550781,1.022752046585083,5.681024074554443,5.708674
chelsea-4k-roi,planned-roi,2,119,4.640384197235107,1.0189440250396729,5.659327983856201,5.685669
chelsea-4k-roi,planned-roi,2,120,4.660096168518066,1.0197759866714478,5.679872035980225,5.704717
chelsea-4k-roi,planned-roi,2,121,4.6405439376831055,1.0193599462509155,5.6599040031433105,5.681382
chelsea-4k-roi,planned-roi,2,122,4.640927791595459,1.0100159645080566,5.650944232940674,5.672038
chelsea-4k-roi,planned-roi,2,123,4.618847846984863,1.0088640451431274,5.627711772918701,5.64673
chelsea-4k-roi,planned-roi,2,124,4.612544059753418,1.0113600492477417,5.623904228210449,5.644426
chelsea-4k-roi,planned-roi,2,125,4.6255998611450195,1.003872036933899,5.629471778869629,5.650696
chelsea-4k-roi,planned-roi,2,126,4.620031833648682,1.0052800178527832,5.625311851501465,5.648012
chelsea-4k-roi,planned-roi,2,127,4.626463890075684,1.0012160539627075,5.627679824829102,5.648733
chelsea-4k-roi,planned-roi,2,128,4.622719764709473,1.0145920515060425,5.637311935424805,5.658718
chelsea-4k-roi,planned-roi,2,129,4.622208118438721,1.0123519897460938,5.6345601081848145,5.653841
chelsea-4k-roi,planned-roi,2,130,4.633984088897705,1.0146559476852417,5.648640155792236,5.669745
chelsea-4k-roi,planned-roi,2,131,4.643392086029053,1.010848045349121,5.654240131378174,5.675823
chelsea-4k-roi,planned-roi,2,132,4.630911827087402,1.0099200010299683,5.64083194732666,5.659128
chelsea-4k-roi,planned-roi,2,133,4.634848117828369,1.0149120092391968,5.649759769439697,5.670686
chelsea-4k-roi,planned-roi,2,134,4.629727840423584,1.0135680437088013,5.643295764923096,5.670515
chelsea-4k-roi,planned-roi,2,135,4.634528160095215,1.0213439464569092,5.655871868133545,5.677747
chelsea-4k-roi,planned-roi,2,136,4.639391899108887,1.0220799446105957,5.661471843719482,5.679238
chelsea-4k-roi,planned-roi,2,137,4.635200023651123,1.0235199928283691,5.658720016479492,5.675854
chelsea-4k-roi,planned-roi,2,138,4.651711940765381,1.0241600275039673,5.675871849060059,5.695804
chelsea-4k-roi,planned-roi,2,139,4.6399359703063965,1.0119359493255615,5.651872158050537,5.67322
chelsea-4k-roi,planned-roi,2,140,4.628799915313721,1.0124479532241821,5.6412482261657715,5.668933
chelsea-4k-roi,planned-roi,2,141,4.625184059143066,1.0108799934387207,5.636064052581787,5.655683
chelsea-4k-roi,planned-roi,2,142,4.636256217956543,1.0194239616394043,5.655680179595947,5.675042
chelsea-4k-roi,planned-roi,2,143,4.631135940551758,1.0180480480194092,5.649184226989746,5.690476
chelsea-4k-roi,planned-roi,2,144,4.640575885772705,1.0214719772338867,5.662047863006592,5.684798
chelsea-4k-roi,planned-roi,2,145,4.627679824829102,1.020416021347046,5.648096084594727,5.665177
chelsea-4k-roi,planned-roi,2,146,4.6347198486328125,1.0148160457611084,5.6495361328125,5.665038
chelsea-4k-roi,planned-roi,2,147,4.631199836730957,1.0119999647140503,5.643199920654297,5.662183
chelsea-4k-roi,planned-roi,2,148,4.62988805770874,1.0135040283203125,5.643392086029053,5.669073
chelsea-4k-roi,planned-roi,2,149,4.639904022216797,1.0264639854431152,5.666368007659912,5.68697
chelsea-4k-roi,planned-roi,2,150,4.658400058746338,1.024351954460144,5.6827521324157715,5.701923
chelsea-4k-roi,planned-roi,2,151,4.6648640632629395,1.020095944404602,5.684959888458252,5.70655
chelsea-4k-roi,planned-roi,2,152,4.646560192108154,1.0228159427642822,5.669375896453857,5.689955
chelsea-4k-roi,planned-roi,2,153,4.644063949584961,1.0184320211410522,5.662496089935303,5.682263
chelsea-4k-roi,planned-roi,2,154,4.642911911010742,1.0195839405059814,5.662496089935303,5.684287
chelsea-4k-roi,planned-roi,2,155,4.647615909576416,1.0191680192947388,5.666783809661865,5.6932
chelsea-4k-roi,planned-roi,2,156,4.6447038650512695,1.038815975189209,5.6835198402404785,5.702144
chelsea-4k-roi,planned-roi,2,157,4.6841278076171875,1.0404160022735596,5.724544048309326,5.748434
chelsea-4k-roi,planned-roi,2,158,4.678080081939697,1.0410560369491577,5.7191362380981445,5.738179
chelsea-4k-roi,planned-roi,2,159,4.6736321449279785,1.0396159887313843,5.713247776031494,5.733301
chelsea-4k-roi,planned-roi,2,160,4.64572811126709,1.025920033454895,5.671648025512695,5.689725
chelsea-4k-roi,planned-roi,2,161,4.655551910400391,1.0268160104751587,5.68236780166626,5.698998
chelsea-4k-roi,planned-roi,2,162,4.661791801452637,1.0284479856491089,5.690239906311035,5.716956
chelsea-4k-roi,planned-roi,2,163,4.656928062438965,1.0296640396118164,5.686592102050781,5.718098
chelsea-4k-roi,planned-roi,2,164,4.659776210784912,1.0317120552062988,5.691487789154053,5.711057
chelsea-4k-roi,planned-roi,2,165,4.66044807434082,1.0339200496673584,5.6943678855896,5.713521
chelsea-4k-roi,planned-roi,2,166,4.654272079467773,1.0287679433822632,5.683040142059326,5.70622
chelsea-4k-roi,planned-roi,2,167,4.637983798980713,1.0188159942626953,5.656799793243408,5.681382
chelsea-4k-roi,planned-roi,2,168,4.623007774353027,1.0216959714889526,5.6447038650512695,5.664577
chelsea-4k-roi,planned-roi,2,169,4.650815963745117,1.0219199657440186,5.672736167907715,5.692268
chelsea-4k-roi,planned-roi,2,170,4.642144203186035,1.0220799446105957,5.664224147796631,5.684867
chelsea-4k-roi,planned-roi,2,171,4.649759769439697,1.019808053970337,5.669568061828613,5.692009
chelsea-4k-roi,planned-roi,2,172,4.638336181640625,1.0209280252456665,5.659264087677002,5.678758
chelsea-4k-roi,planned-roi,2,173,4.641664028167725,1.0183360576629639,5.659999847412109,5.67995
chelsea-4k-roi,planned-roi,2,174,4.637343883514404,1.0138880014419556,5.65123176574707,5.676725
chelsea-4k-roi,planned-roi,2,175,4.638527870178223,1.0136959552764893,5.652224063873291,5.671707
chelsea-4k-roi,planned-roi,2,176,4.619040012359619,1.0132479667663574,5.632287979125977,5.651477
chelsea-4k-roi,planned-roi,2,177,4.649695873260498,1.0212160348892212,5.67091178894043,5.694882
chelsea-4k-roi,planned-roi,2,178,4.6545281410217285,1.0251519680023193,5.679679870605469,5.701173
chelsea-4k-roi,planned-roi,2,179,4.650303840637207,1.0232000350952148,5.673503875732422,5.692089
chelsea-4k-roi,planned-roi,2,180,4.644768238067627,1.0245120525360107,5.669280052185059,5.692048
chelsea-4k-roi,planned-roi,2,181,4.6473917961120605,1.0219520330429077,5.669343948364258,5.689124
chelsea-4k-roi,planned-roi,2,182,4.649888038635254,1.0257600545883179,5.675648212432861,5.696876
chelsea-4k-roi,planned-roi,2,183,4.659488201141357,1.0213439464569092,5.6808319091796875,5.708132
chelsea-4k-roi,planned-roi,2,184,4.653535842895508,1.0329920053482056,5.686528205871582,5.707361
chelsea-4k-roi,planned-roi,2,185,4.654784202575684,1.033120036125183,5.687903881072998,5.708133
chelsea-4k-roi,planned-roi,2,186,4.6544318199157715,1.0320320129394531,5.686463832855225,5.70659
chelsea-4k-roi,planned-roi,2,187,4.661375999450684,1.0297600030899048,5.691135883331299,5.718067
chelsea-4k-roi,planned-roi,2,188,4.652383804321289,1.0220799446105957,5.674464225769043,5.692649
chelsea-4k-roi,planned-roi,2,189,4.663904190063477,1.0234240293502808,5.687327861785889,5.70655
chelsea-4k-roi,planned-roi,2,190,4.663680076599121,1.0244799852371216,5.688159942626953,5.70655
chelsea-4k-roi,planned-roi,2,191,4.654592037200928,1.0321919918060303,5.686783790588379,5.705499
chelsea-4k-roi,planned-roi,2,192,4.663519859313965,1.0296000242233276,5.693120002746582,5.712099
chelsea-4k-roi,planned-roi,2,193,4.6736321449279785,1.0288959741592407,5.70252799987793,5.723266
chelsea-4k-roi,planned-roi,2,194,4.659520149230957,1.0302079916000366,5.689727783203125,5.708994
chelsea-4k-roi,planned-roi,2,195,4.657631874084473,1.0218240022659302,5.6794562339782715,5.704387
chelsea-4k-roi,planned-roi,2,196,4.651936054229736,1.0228480100631714,5.674784183502197,5.69336
chelsea-4k-roi,planned-roi,2,197,4.648896217346191,1.022528052330017,5.67142391204834,5.69289
chelsea-4k-roi,planned-roi,2,198,4.64083194732666,1.0220160484313965,5.662847995758057,5.682904
chelsea-4k-roi,planned-roi,2,199,4.646463871002197,1.0247679948806763,5.671232223510742,5.696385
chelsea-4k-roi,planned-roi,2,200,4.645631790161133,1.024224042892456,5.669856071472168,5.688062
chelsea-4k-roi,planned-roi,2,201,4.664671897888184,1.0235199928283691,5.688191890716553,5.707021
chelsea-4k-roi,planned-roi,2,202,4.627583980560303,1.0151679515838623,5.642752170562744,5.664347
chelsea-4k-roi,planned-roi,2,203,4.632575988769531,1.012287974357605,5.644864082336426,5.672369
chelsea-4k-roi,planned-roi,2,204,4.629119873046875,1.0129280090332031,5.642047882080078,5.662884
chelsea-4k-roi,planned-roi,2,205,4.631584167480469,1.0240960121154785,5.655680179595947,5.674121
chelsea-4k-roi,planned-roi,2,206,4.658239841461182,1.0255999565124512,5.683839797973633,5.702594
chelsea-4k-roi,planned-roi,2,207,4.656832218170166,1.0228480100631714,5.679679870605469,5.698838
chelsea-4k-roi,planned-roi,2,208,4.654367923736572,1.0247360467910767,5.679103851318359,5.696616
chelsea-4k-roi,planned-roi,2,209,4.653567790985107,1.0237760543823242,5.677343845367432,5.696065
chelsea-4k-roi,planned-roi,2,210,4.642655849456787,1.0255999565124512,5.668255805969238,5.688623
chelsea-4k-roi,planned-roi,2,211,4.650335788726807,1.0231679677963257,5.673503875732422,5.692158
chelsea-4k-roi,planned-roi,2,212,4.650047779083252,1.0283199548721313,5.678368091583252,5.696936
chelsea-4k-roi,planned-roi,2,213,4.652160167694092,1.030784010887146,5.682943820953369,5.703365
chelsea-4k-roi,planned-roi,2,214,4.687615871429443,1.0319679975509644,5.719583988189697,5.749124
chelsea-4k-roi,planned-roi,2,215,4.664544105529785,1.0307199954986572,5.695263862609863,5.713962
chelsea-4k-roi,planned-roi,2,216,4.651904106140137,1.0233919620513916,5.675295829772949,5.701703
chelsea-4k-roi,planned-roi,2,217,4.647136211395264,1.0236480236053467,5.670783996582031,5.689565
chelsea-4k-roi,planned-roi,2,218,4.658080101013184,1.0229439735412598,5.681024074554443,5.702835
chelsea-4k-roi,planned-roi,2,219,4.652192115783691,1.040671944618225,5.692863941192627,5.710977
chelsea-4k-roi,planned-roi,2,220,4.684095859527588,1.0403519868850708,5.724448204040527,5.748894
chelsea-4k-roi,planned-roi,2,221,4.671072006225586,1.0410560369491577,5.712128162384033,5.731308
chelsea-4k-roi,planned-roi,2,222,4.68179178237915,1.040287971496582,5.722080230712891,5.743005
chelsea-4k-roi,planned-roi,2,223,4.67526388168335,1.0247039794921875,5.699967861175537,5.724017
chelsea-4k-roi,planned-roi,2,224,4.661695957183838,1.0260159969329834,5.6877121925354,5.707281
chelsea-4k-roi,planned-roi,2,225,4.656479835510254,1.0272639989852905,5.683743953704834,5.710015
chelsea-4k-roi,planned-roi,2,226,4.651008129119873,1.0171840190887451,5.668191909790039,5.68649
chelsea-4k-roi,planned-roi,2,227,4.635615825653076,1.0162559747695923,5.651872158050537,5.670475
chelsea-4k-roi,planned-roi,2,228,4.6414079666137695,1.015231966972351,5.65664005279541,5.676265
chelsea-4k-roi,planned-roi,2,229,4.626719951629639,1.0187519788742065,5.645472049713135,5.664887
chelsea-4k-roi,planned-roi,2,230,4.63647985458374,1.0213119983673096,5.657792091369629,5.676956
chelsea-4k-roi,planned-roi,2,231,4.642335891723633,1.0193599462509155,5.661695957183838,5.684146
chelsea-4k-roi,planned-roi,2,232,4.64243221282959,1.0219199657440186,5.664351940155029,5.682013
chelsea-4k-roi,planned-roi,2,233,4.635039806365967,1.0166399478912354,5.651679992675781,5.669324
chelsea-4k-roi,planned-roi,2,234,4.641471862792969,1.0187840461730957,5.6602559089660645,5.677226
chelsea-4k-roi,planned-roi,2,235,4.648863792419434,1.016160011291504,5.6650238037109375,5.682113
chelsea-4k-roi,planned-roi,2,236,4.626751899719238,1.015936017036438,5.642687797546387,5.661262
chelsea-4k-roi,planned-roi,2,237,4.64463996887207,1.018623948097229,5.66326379776001,5.684396
chelsea-4k-roi,planned-roi,2,238,4.652512073516846,1.0193599462509155,5.671872138977051,5.690656
chelsea-4k-roi,planned-roi,2,239,4.643167972564697,1.0176000595092773,5.660768032073975,5.683265
chelsea-4k-roi,planned-roi,2,240,4.645855903625488,1.0240000486373901,5.669856071472168,5.688223
chelsea-4k-roi,planned-roi,2,241,4.632192134857178,1.0225919485092163,5.654784202575684,5.671397
chelsea-4k-roi,planned-roi,2,242,4.651711940765381,1.0232640504837036,5.674975872039795,5.69345
chelsea-4k-roi,planned-roi,2,243,4.659584045410156,1.0235199928283691,5.683104038238525,5.703125
chelsea-4k-roi,planned-roi,2,244,4.64083194732666,1.024351954460144,5.665184020996094,5.684237
chelsea-4k-roi,planned-roi,2,245,4.6495041847229,1.0211199522018433,5.670623779296875,5.695363
chelsea-4k-roi,planned-roi,2,246,4.656032085418701,1.0246399641036987,5.6806721687316895,5.705359
chelsea-4k-roi,planned-roi,2,247,4.652512073516846,1.0224640369415283,5.674975872039795,5.695133
chelsea-4k-roi,planned-roi,2,248,4.653151988983154,1.022976040840149,5.676127910614014,5.696245
chelsea-4k-roi,planned-roi,2,249,4.655871868133545,1.0243840217590332,5.680255889892578,5.699059
chelsea-4k-roi,planned-roi,2,250,4.658624172210693,1.0225600004196167,5.681183815002441,5.69984
chelsea-4k-roi,planned-roi,2,251,4.64569616317749,1.0159039497375488,5.661600112915039,5.682404
chelsea-4k-roi,planned-roi,2,252,4.639167785644531,1.0153919458389282,5.654560089111328,5.675714
chelsea-4k-roi,planned-roi,2,253,4.633664131164551,1.016800045967102,5.650464057922363,5.671717
chelsea-4k-roi,planned-roi,2,254,4.640031814575195,1.0227839946746826,5.662816047668457,5.690066
chelsea-4k-roi,planned-roi,2,255,4.651584148406982,1.0224640369415283,5.674047946929932,5.694181
chelsea-4k-roi,planned-roi,2,256,4.6447038650512695,1.0234880447387695,5.668191909790039,5.686801
chelsea-4k-roi,planned-roi,2,257,4.647615909576416,1.0240639448165894,5.671679973602295,5.692589
chelsea-4k-roi,planned-roi,2,258,4.651968002319336,1.0247679948806763,5.676735877990723,5.7
chelsea-4k-roi,planned-roi,2,259,4.642784118652344,1.0234880447387695,5.666272163391113,5.683846
chelsea-4k-roi,planned-roi,2,260,4.655935764312744,1.023584008216858,5.679520130157471,5.700011
chelsea-4k-roi,planned-roi,2,261,4.661151885986328,1.0241600275039673,5.685311794281006,5.703106
chelsea-4k-roi,planned-roi,2,262,4.64521598815918,1.0246080160140991,5.669824123382568,5.689154
chelsea-4k-roi,planned-roi,2,263,4.6557440757751465,1.0209599733352661,5.676703929901123,5.693631
chelsea-4k-roi,planned-roi,2,264,4.6532158851623535,1.021664023399353,5.674880027770996,5.692429
chelsea-4k-roi,planned-roi,2,265,4.631775856018066,1.013152003288269,5.644927978515625,5.665248
chelsea-4k-roi,planned-roi,2,266,4.631231784820557,1.0128320455551147,5.644063949584961,5.665548
chelsea-4k-roi,planned-roi,2,267,4.620607852935791,1.012287974357605,5.6328959465026855,5.652999
chelsea-4k-roi,planned-roi,2,268,4.62608003616333,1.0134719610214233,5.639552116394043,5.659249
chelsea-4k-roi,planned-roi,2,269,4.620768070220947,1.013535976409912,5.634304046630859,5.656464
chelsea-4k-roi,planned-roi,2,270,4.632287979125977,1.0166079998016357,5.648896217346191,5.669073
chelsea-4k-roi,planned-roi,2,271,4.639743804931641,1.011199951171875,5.650944232940674,5.670145
chelsea-4k-roi,planned-roi,2,272,4.636159896850586,1.0046080350875854,5.640768051147461,5.663134
chelsea-4k-roi,planned-roi,2,273,4.615263938903809,1.0039360523223877,5.619200229644775,5.641111
chelsea-4k-roi,planned-roi,2,274,4.614751815795898,1.003872036933899,5.618624210357666,5.639649
chelsea-4k-roi,planned-roi,2,275,4.622943878173828,1.018720030784607,5.641664028167725,5.662804
chelsea-4k-roi,planned-roi,2,276,4.64851188659668,1.0203200578689575,5.668831825256348,5.688844
chelsea-4k-roi,planned-roi,2,277,4.641983985900879,1.0184320211410522,5.660416126251221,5.683556
chelsea-4k-roi,planned-roi,2,278,4.628767967224121,1.0238399505615234,5.6526079177856445,5.671808
chelsea-4k-roi,planned-roi,2,279,4.60697603225708,1.0092799663543701,5.616256237030029,5.634801
chelsea-4k-roi,planned-roi,2,280,4.612671852111816,1.0097600221633911,5.622432231903076,5.642834
chelsea-4k-roi,planned-roi,2,281,4.617472171783447,1.0118720531463623,5.6293439865112305,5.650916
chelsea-4k-roi,planned-roi,2,282,4.628320217132568,1.0251200199127197,5.653439998626709,5.672138
chelsea-4k-roi,planned-roi,2,283,4.6361918449401855,1.0216959714889526,5.657887935638428,5.675864
chelsea-4k-roi,planned-roi,2,284,4.644320011138916,1.0204479694366455,5.664768218994141,5.684366
chelsea-4k-roi,planned-roi,2,285,4.6552958488464355,1.0230720043182373,5.678368091583252,5.699299
chelsea-4k-roi,planned-roi,2,286,4.653503894805908,1.0152640342712402,5.668767929077148,5.694652
chelsea-4k-roi,planned-roi,2,287,4.6405439376831055,1.0156160593032837,5.6561598777771,5.678748
chelsea-4k-roi,planned-roi,2,288,4.64086389541626,1.0176960229873657,5.658559799194336,5.681653
chelsea-4k-roi,planned-roi,2,289,4.641695976257324,1.0198719501495361,5.6615681648254395,5.683705
chelsea-4k-roi,planned-roi,2,290,4.648032188415527,1.0178879499435425,5.665919780731201,5.688863
chelsea-4k-roi,planned-roi,2,291,4.648128032684326,1.02019202709198,5.668320178985596,5.688693
chelsea-4k-roi,planned-roi,2,292,4.657375812530518,1.0179840326309204,5.675360202789307,5.69937
chelsea-4k-roi,planned-roi,2,293,4.614304065704346,1.0101120471954346,5.624415874481201,5.644726
chelsea-4k-roi,planned-roi,2,294,4.62992000579834,1.0098559856414795,5.639776229858398,5.663605
chelsea-4k-roi,planned-roi,2,295,4.6136322021484375,1.0086079835891724,5.62224006652832,5.644867
chelsea-4k-roi,planned-roi,2,296,4.631968021392822,1.0216319561004639,5.653600215911865,5.684307
chelsea-4k-roi,planned-roi,2,297,4.648672103881836,1.0202560424804688,5.668928146362305,5.691968
chelsea-4k-roi,planned-roi,2,298,4.650559902191162,1.020799994468689,5.671360015869141,5.691798
chelsea-4k-roi,planned-roi,2,299,4.643871784210205,1.018880009651184,5.662752151489258,5.683666
chelsea-4k-roi,planned-roi,3,0,4.678880214691162,1.0252480506896973,5.704127788543701,5.736896
chelsea-4k-roi,planned-roi,3,1,4.655231952667236,1.0239039659500122,5.679135799407959,5.69965
chelsea-4k-roi,planned-roi,3,2,4.645440101623535,1.0226240158081055,5.668064117431641,5.69259
chelsea-4k-roi,planned-roi,3,3,4.637184143066406,1.0238399505615234,5.66102409362793,5.681783
chelsea-4k-roi,planned-roi,3,4,4.646687984466553,1.0245120525360107,5.671199798583984,5.695113
chelsea-4k-roi,planned-roi,3,5,4.646048069000244,1.0160640478134155,5.662112236022949,5.68027
chelsea-4k-roi,planned-roi,3,6,4.655168056488037,1.0156480073928833,5.670815944671631,5.691678
chelsea-4k-roi,planned-roi,3,7,4.63862419128418,1.0172799825668335,5.6559038162231445,5.68001
chelsea-4k-roi,planned-roi,3,8,4.640255928039551,1.031872034072876,5.672128200531006,5.696215
chelsea-4k-roi,planned-roi,3,9,4.683839797973633,1.0364480018615723,5.720287799835205,5.743506
chelsea-4k-roi,planned-roi,3,10,4.689119815826416,1.0399680137634277,5.729087829589844,5.755624
chelsea-4k-roi,planned-roi,3,11,4.677343845367432,1.0404479503631592,5.71779203414917,5.744508
chelsea-4k-roi,planned-roi,3,12,4.661248207092285,1.023360013961792,5.684607982635498,5.704998
chelsea-4k-roi,planned-roi,3,13,4.653600215911865,1.021407961845398,5.6750078201293945,5.694402
chelsea-4k-roi,planned-roi,3,14,4.635551929473877,1.0238720178604126,5.659423828125,5.681212
chelsea-4k-roi,planned-roi,3,15,4.671232223510742,1.0361920595169067,5.707424163818359,5.73305
chelsea-4k-roi,planned-roi,3,16,4.676383972167969,1.0403519868850708,5.71673583984375,5.73945
chelsea-4k-roi,planned-roi,3,17,4.676991939544678,1.0376640558242798,5.714655876159668,5.737838
chelsea-4k-roi,planned-roi,3,18,4.6839680671691895,1.0399999618530273,5.723968029022217,5.74592
chelsea-4k-roi,planned-roi,3,19,4.652959823608398,1.02457594871521,5.6775360107421875,5.69987
chelsea-4k-roi,planned-roi,3,20,4.648287773132324,1.0230400562286377,5.671328067779541,5.694602
chelsea-4k-roi,planned-roi,3,21,4.645599842071533,1.0233279466629028,5.668928146362305,5.689094
chelsea-4k-roi,planned-roi,3,22,4.655648231506348,1.0404160022735596,5.696063995361328,5.715263
chelsea-4k-roi,planned-roi,3,23,4.677760124206543,1.0407359600067139,5.718495845794678,5.739
chelsea-4k-roi,planned-roi,3,24,4.677152156829834,1.0409599542617798,5.718111991882324,5.741163
chelsea-4k-roi,planned-roi,3,25,4.670720100402832,1.0419199466705322,5.712639808654785,5.733982
chelsea-4k-roi,planned-roi,3,26,4.656832218170166,1.0270719528198242,5.68390417098999,5.703716
chelsea-4k-roi,planned-roi,3,27,4.665088176727295,1.0265599489212036,5.691648006439209,5.712639
chelsea-4k-roi,planned-roi,3,28,4.662559986114502,1.0280959606170654,5.6906561851501465,5.710897
chelsea-4k-roi,planned-roi,3,29,4.657919883728027,1.030527949333191,5.688447952270508,5.708853
chelsea-4k-roi,planned-roi,3,30,4.6743998527526855,1.0301439762115479,5.7045440673828125,5.725599
chelsea-4k-roi,planned-roi,3,31,4.666848182678223,1.0312960147857666,5.69814395904541,5.717698
chelsea-4k-roi,planned-roi,3,32,4.651296138763428,1.0327680110931396,5.684063911437988,5.705208
chelsea-4k-roi,planned-roi,3,33,4.65667200088501,1.0138239860534668,5.670495986938477,5.693781
chelsea-4k-roi,planned-roi,3,34,4.643008232116699,1.017632007598877,5.660639762878418,5.681452
chelsea-4k-roi,planned-roi,3,35,4.635744094848633,1.0162880420684814,5.652031898498535,5.67357
chelsea-4k-roi,planned-roi,3,36,4.643648147583008,1.0308480262756348,5.674496173858643,5.69986
chelsea-4k-roi,planned-roi,3,37,4.668960094451904,1.0307519435882568,5.699711799621582,5.727022
chelsea-4k-roi,planned-roi,3,38,4.684671878814697,1.0327680110931396,5.717440128326416,5.74549
chelsea-4k-roi,planned-roi,3,39,4.6561279296875,1.0289599895477295,5.685088157653809,5.709004
chelsea-4k-roi,planned-roi,3,40,4.642560005187988,1.0161279439926147,5.658688068389893,5.680511
chelsea-4k-roi,planned-roi,3,41,4.635903835296631,1.0147520303726196,5.650656223297119,5.673951
chelsea-4k-roi,planned-roi,3,42,4.6420159339904785,1.0160640478134155,5.658080101013184,5.684647
chelsea-4k-roi,planned-roi,3,43,4.647903919219971,1.0415680408477783,5.689472198486328,5.712028
chelsea-4k-roi,planned-roi,3,44,4.685408115386963,1.0398080348968506,5.725215911865234,5.746931
chelsea-4k-roi,planned-roi,3,45,4.678688049316406,1.0372159481048584,5.715904235839844,5.741363
chelsea-4k-roi,planned-roi,3,46,4.6835198402404785,1.0389440059661865,5.722464084625244,5.748854
chelsea-4k-roi,planned-roi,3,47,4.660768032073975,1.024224042892456,5.684991836547852,5.707782
chelsea-4k-roi,planned-roi,3,48,4.653984069824219,1.0259519815444946,5.679935932159424,5.705169
chelsea-4k-roi,planned-roi,3,49,4.648320198059082,1.0224319696426392,5.670752048492432,5.695794
chelsea-4k-roi,planned-roi,3,50,4.643455982208252,1.031167984008789,5.674623966217041,5.697918
chelsea-4k-roi,planned-roi,3,51,4.659071922302246,1.0315200090408325,5.690591812133789,5.71356
chelsea-4k-roi,planned-roi,3,52,4.684959888458252,1.0308480262756348,5.715807914733887,5.742054
chelsea-4k-roi,planned-roi,3,53,4.671807765960693,1.0297919511795044,5.701600074768066,5.723296
chelsea-4k-roi,planned-roi,3,54,4.621503829956055,1.0115200281143188,5.633024215698242,5.657956
chelsea-4k-roi,planned-roi,3,55,4.62883186340332,1.0132479667663574,5.642079830169678,5.664096
chelsea-4k-roi,planned-roi,3,56,4.631680011749268,1.013983964920044,5.645664215087891,5.668663
chelsea-4k-roi,planned-roi,3,57,4.633791923522949,1.0165120363235474,5.650303840637207,5.672899
chelsea-4k-roi,planned-roi,3,58,4.645599842071533,1.0223360061645508,5.667935848236084,5.692339
chelsea-4k-roi,planned-roi,3,59,4.632800102233887,1.021407961845398,5.654208183288574,5.68035
chelsea-4k-roi,planned-roi,3,60,4.64899206161499,1.0200320482254028,5.6690239906311035,5.695334
chelsea-4k-roi,planned-roi,3,61,4.632063865661621,1.009119987487793,5.641183853149414,5.668122
chelsea-4k-roi,planned-roi,3,62,4.613311767578125,1.0086719989776611,5.621984004974365,5.643675
chelsea-4k-roi,planned-roi,3,63,4.618656158447266,1.0097919702529907,5.628448009490967,5.649804
chelsea-4k-roi,planned-roi,3,64,4.621344089508057,1.0398399829864502,5.661183834075928,5.683706
chelsea-4k-roi,planned-roi,3,65,4.674015998840332,1.039199948310852,5.7132158279418945,5.734112
chelsea-4k-roi,planned-roi,3,66,4.679264068603516,1.0413440465927124,5.720608234405518,5.742015
chelsea-4k-roi,planned-roi,3,67,4.681983947753906,1.0420479774475098,5.724031925201416,5.749666
chelsea-4k-roi,planned-roi,3,68,4.654784202575684,1.02566397190094,5.680448055267334,5.703115
chelsea-4k-roi,planned-roi,3,69,4.650815963745117,1.0220799446105957,5.672895908355713,5.698108
chelsea-4k-roi,planned-roi,3,70,4.667327880859375,1.0237120389938354,5.6910400390625,5.722995
chelsea-4k-roi,planned-roi,3,71,4.657599925994873,1.0314559936523438,5.689055919647217,5.71255
chelsea-4k-roi,planned-roi,3,72,4.670080184936523,1.0327039957046509,5.702784061431885,5.72562
chelsea-4k-roi,planned-roi,3,73,4.657663822174072,1.0293439626693726,5.687007904052734,5.710717
chelsea-4k-roi,planned-roi,3,74,4.6756157875061035,1.030176043510437,5.70579195022583,5.730527
chelsea-4k-roi,planned-roi,3,75,4.657663822174072,1.0178240537643433,5.675487995147705,5.704607
chelsea-4k-roi,planned-roi,3,76,4.645279884338379,1.0199040174484253,5.665184020996094,5.688252
chelsea-4k-roi,planned-roi,3,77,4.6414079666137695,1.0190720558166504,5.66048002243042,5.685088
chelsea-4k-roi,planned-roi,3,78,4.6454081535339355,1.0200639963150024,5.665472030639648,5.689254
chelsea-4k-roi,planned-roi,3,79,4.639872074127197,1.0190720558166504,5.658944129943848,5.683085
chelsea-4k-roi,planned-roi,3,80,4.640511989593506,1.0185600519180298,5.659071922302246,5.683856
chelsea-4k-roi,planned-roi,3,81,4.649439811706543,1.019935965538025,5.669375896453857,5.689235
chelsea-4k-roi,planned-roi,3,82,4.634335994720459,1.014016032218933,5.648352146148682,5.670656
chelsea-4k-roi,planned-roi,3,83,4.636320114135742,1.013535976409912,5.649856090545654,5.676284
chelsea-4k-roi,planned-roi,3,84,4.631072044372559,1.0117759704589844,5.642848014831543,5.663185
chelsea-4k-roi,planned-roi,3,85,4.642591953277588,1.0203520059585571,5.6629438400268555,5.685849
chelsea-4k-roi,planned-roi,3,86,4.650944232940674,1.0194239616394043,5.670368194580078,5.692299
chelsea-4k-roi,planned-roi,3,87,4.642816066741943,1.019487977027893,5.662303924560547,5.689575
chelsea-4k-roi,planned-roi,3,88,4.630943775177002,1.0205119848251343,5.651455879211426,5.674713
chelsea-4k-roi,planned-roi,3,89,4.632863998413086,1.0090880393981934,5.641952037811279,5.664296
chelsea-4k-roi,planned-roi,3,90,4.6112961769104,1.008512020111084,5.619808197021484,5.644396
chelsea-4k-roi,planned-roi,3,91,4.623104095458984,1.0106240510940552,5.63372802734375,5.656585
chelsea-4k-roi,planned-roi,3,92,4.633440017700195,1.022271990776062,5.655712127685547,5.678808
chelsea-4k-roi,planned-roi,3,93,4.657663822174072,1.0201280117034912,5.677792072296143,5.707191
chelsea-4k-roi,planned-roi,3,94,4.648928165435791,1.0198400020599365,5.668767929077148,5.694682
chelsea-4k-roi,planned-roi,3,95,4.640031814575195,1.0203839540481567,5.660416126251221,5.688523
chelsea-4k-roi,planned-roi,3,96,4.618815898895264,1.0133440494537354,5.632160186767578,5.655333
chelsea-4k-roi,planned-roi,3,97,4.639423847198486,1.0099519491195679,5.649375915527344,5.672609
chelsea-4k-roi,planned-roi,3,98,4.631072044372559,1.0138239860534668,5.644896030426025,5.671347
chelsea-4k-roi,planned-roi,3,99,4.654272079467773,1.0446720123291016,5.698944091796875,5.730677
chelsea-4k-roi,planned-roi,3,100,4.677440166473389,1.0391039848327637,5.716544151306152,5.736706
chelsea-4k-roi,planned-roi,3,101,4.687007904052734,1.0404160022735596,5.727424144744873,5.756176
chelsea-4k-roi,planned-roi,3,102,4.695680141448975,1.0403200387954712,5.736000061035156,5.756727
chelsea-4k-roi,planned-roi,3,103,4.674208164215088,1.0286719799041748,5.702879905700684,5.729545
chelsea-4k-roi,planned-roi,3,104,4.676191806793213,1.0296640396118164,5.705855846405029,5.732209
chelsea-4k-roi,planned-roi,3,105,4.660160064697266,1.0253759622573853,5.685535907745361,5.708483
chelsea-4k-roi,planned-roi,3,106,4.665247917175293,1.032096028327942,5.697343826293945,5.720271
chelsea-4k-roi,planned-roi,3,107,4.670720100402832,1.030527949333191,5.7012481689453125,5.728183
chelsea-4k-roi,planned-roi,3,108,4.679135799407959,1.034208059310913,5.713344097137451,5.738269
chelsea-4k-roi,planned-roi,3,109,4.66534423828125,1.0309120416641235,5.696256160736084,5.718528
chelsea-4k-roi,planned-roi,3,110,4.6269121170043945,1.014016032218933,5.640927791595459,5.662814
chelsea-4k-roi,planned-roi,3,111,4.627039909362793,1.0145920515060425,5.641632080078125,5.663765
chelsea-4k-roi,planned-roi,3,112,4.620736122131348,1.015936017036438,5.636672019958496,5.657055
chelsea-4k-roi,planned-roi,3,113,4.644896030426025,1.0214719772338867,5.666368007659912,5.687522
chelsea-4k-roi,planned-roi,3,114,4.646656036376953,1.0227839946746826,5.669439792633057,5.690676
chelsea-4k-roi,planned-roi,3,115,4.6648640632629395,1.0216319561004639,5.686495780944824,5.707682
chelsea-4k-roi,planned-roi,3,116,4.650720119476318,1.0240960121154785,5.674816131591797,5.695143
chelsea-4k-roi,planned-roi,3,117,4.636288166046143,1.0164799690246582,5.652768135070801,5.675113
chelsea-4k-roi,planned-roi,3,118,4.633791923522949,1.0179200172424316,5.651711940765381,5.671267
chelsea-4k-roi,planned-roi,3,119,4.643136024475098,1.016160011291504,5.659296035766602,5.679799
chelsea-4k-roi,planned-roi,3,120,4.63651180267334,1.0298240184783936,5.6663360595703125,5.68663
chelsea-4k-roi,planned-roi,3,121,4.672031879425049,1.0298240184783936,5.7018561363220215,5.723897
chelsea-4k-roi,planned-roi,3,122,4.664031982421875,1.0303679704666138,5.694399833679199,5.715524
chelsea-4k-roi,planned-roi,3,123,4.672128200531006,1.0310399532318115,5.703167915344238,5.723536
chelsea-4k-roi,planned-roi,3,124,4.64847993850708,1.0231679677963257,5.671648025512695,5.690786
chelsea-4k-roi,planned-roi,3,125,4.656447887420654,1.020095944404602,5.676544189453125,5.696145
chelsea-4k-roi,planned-roi,3,126,4.662528038024902,1.0220799446105957,5.684607982635498,5.704057
chelsea-4k-roi,planned-roi,3,127,4.6462721824646,1.0320320129394531,5.678304195404053,5.698899
chelsea-4k-roi,planned-roi,3,128,4.666463851928711,1.0323840379714966,5.698847770690918,5.71922
chelsea-4k-roi,planned-roi,3,129,4.657887935638428,1.0301120281219482,5.688000202178955,5.708613
chelsea-4k-roi,planned-roi,3,130,4.658400058746338,1.0315200090408325,5.689919948577881,5.712179
chelsea-4k-roi,planned-roi,3,131,4.641280174255371,1.0215040445327759,5.662784099578857,5.681352
chelsea-4k-roi,planned-roi,3,132,4.643551826477051,1.020799994468689,5.664351940155029,5.686359
chelsea-4k-roi,planned-roi,3,133,4.645376205444336,1.018720030784607,5.664095878601074,5.68643
chelsea-4k-roi,planned-roi,3,134,4.649888038635254,1.0253759622573853,5.67526388168335,5.703936
chelsea-4k-roi,planned-roi,3,135,4.633279800415039,1.0243200063705444,5.657599925994873,5.678938
chelsea-4k-roi,planned-roi,3,136,4.650815963745117,1.0245440006256104,5.675360202789307,5.697947
chelsea-4k-roi,planned-roi,3,137,4.651008129119873,1.0196800231933594,5.670688152313232,5.693661
chelsea-4k-roi,planned-roi,3,138,4.636000156402588,1.0128639936447144,5.648863792419434,5.670596
chelsea-4k-roi,planned-roi,3,139,4.616511821746826,1.0113919973373413,5.627903938293457,5.647641
chelsea-4k-roi,planned-roi,3,140,4.6354241371154785,1.0134079456329346,5.648831844329834,5.669414
chelsea-4k-roi,planned-roi,3,141,4.646048069000244,1.02128005027771,5.667327880859375,5.689594
chelsea-4k-roi,planned-roi,3,142,4.643008232116699,1.0202239751815796,5.66323184967041,5.687051
chelsea-4k-roi,planned-roi,3,143,4.641664028167725,1.0186560153961182,5.660319805145264,5.679159
chelsea-4k-roi,planned-roi,3,144,4.650015830993652,1.0208959579467773,5.67091178894043,5.694492
chelsea-4k-roi,planned-roi,3,145,4.6339521408081055,1.0093120336532593,5.643263816833496,5.670836
chelsea-4k-roi,planned-roi,3,146,4.630879878997803,1.0099200010299683,5.6407999992370605,5.663495
chelsea-4k-roi,planned-roi,3,147,4.626944065093994,1.008128046989441,5.635072231292725,5.655403
chelsea-4k-roi,planned-roi,3,148,4.627840042114258,1.021183967590332,5.64902400970459,5.672138
chelsea-4k-roi,planned-roi,3,149,4.65123176574707,1.0176639556884766,5.668896198272705,5.694072
chelsea-4k-roi,planned-roi,3,150,4.635072231292725,1.0207359790802002,5.655807971954346,5.683396
chelsea-4k-roi,planned-roi,3,151,4.651072025299072,1.019487977027893,5.670559883117676,5.694472
chelsea-4k-roi,planned-roi,3,152,4.646975994110107,1.0142719745635986,5.661248207092285,5.688633
chelsea-4k-roi,planned-roi,3,153,4.641952037811279,1.0101120471954346,5.652063846588135,5.677366
chelsea-4k-roi,planned-roi,3,154,4.629792213439941,1.0127359628677368,5.642528057098389,5.665999
chelsea-4k-roi,planned-roi,3,155,4.63321590423584,1.0251519680023193,5.658368110656738,5.681142
chelsea-4k-roi,planned-roi,3,156,4.6493120193481445,1.0226880311965942,5.671999931335449,5.69326
chelsea-4k-roi,planned-roi,3,157,4.656288146972656,1.0221760272979736,5.678463935852051,5.707181
chelsea-4k-roi,planned-roi,3,158,4.664703845977783,1.0249919891357422,5.689695835113525,5.715003
chelsea-4k-roi,planned-roi,3,159,4.639711856842041,1.0196479558944702,5.659359931945801,5.683105
chelsea-4k-roi,planned-roi,3,160,4.635807991027832,1.0217280387878418,5.657536029815674,5.681983
chelsea-4k-roi,planned-roi,3,161,4.650911808013916,1.0202239751815796,5.671135902404785,5.691929
chelsea-4k-roi,planned-roi,3,162,4.657983779907227,1.0226880311965942,5.6806721687316895,5.705729
chelsea-4k-roi,planned-roi,3,163,4.652736186981201,1.0225919485092163,5.675327777862549,5.696024
chelsea-4k-roi,planned-roi,3,164,4.643167972564697,1.0247039794921875,5.667871952056885,5.6934
chelsea-4k-roi,planned-roi,3,165,4.648223876953125,1.0234880447387695,5.6717119216918945,5.696775
chelsea-4k-roi,planned-roi,3,166,4.627744197845459,1.0160000324249268,5.643743991851807,5.665198
chelsea-4k-roi,planned-roi,3,167,4.631199836730957,1.0164480209350586,5.647647857666016,5.6667
chelsea-4k-roi,planned-roi,3,168,4.624639987945557,1.0216000080108643,5.646240234375,5.665378
chelsea-4k-roi,planned-roi,3,169,4.635200023651123,1.0284479856491089,5.6636481285095215,5.682494
chelsea-4k-roi,planned-roi,3,170,4.665408134460449,1.0297919511795044,5.695199966430664,5.714613
chelsea-4k-roi,planned-roi,3,171,4.669248104095459,1.032480001449585,5.701727867126465,5.7263
chelsea-4k-roi,planned-roi,3,172,4.669248104095459,1.03164803981781,5.7008957862854,5.730496
chelsea-4k-roi,planned-roi,3,173,4.645088195800781,1.021056056022644,5.666143894195557,5.690135
chelsea-4k-roi,planned-roi,3,174,4.6411519050598145,1.021183967590332,5.6623358726501465,5.688102
chelsea-4k-roi,planned-roi,3,175,4.63043212890625,1.0210239887237549,5.651455879211426,5.677196
chelsea-4k-roi,planned-roi,3,176,4.626880168914795,1.0211520195007324,5.648032188415527,5.667031
chelsea-4k-roi,planned-roi,3,177,4.644320011138916,1.01801598072052,5.6623358726501465,5.685969
chelsea-4k-roi,planned-roi,3,178,4.644480228424072,1.0183360576629639,5.662816047668457,5.685909
chelsea-4k-roi,planned-roi,3,179,4.629183769226074,1.0205440521240234,5.649727821350098,5.668723
chelsea-4k-roi,planned-roi,3,180,4.636767864227295,1.0139520168304443,5.650720119476318,5.67286
chelsea-4k-roi,planned-roi,3,181,4.624544143676758,1.012384057044983,5.636928081512451,5.657616
chelsea-4k-roi,planned-roi,3,182,4.633440017700195,1.0127999782562256,5.646240234375,5.671007
chelsea-4k-roi,planned-roi,3,183,4.631968021392822,1.0216959714889526,5.6536641120910645,5.67321
chelsea-4k-roi,planned-roi,3,184,4.6348161697387695,1.02019202709198,5.655007839202881,5.67299
chelsea-4k-roi,planned-roi,3,185,4.644800186157227,1.0202879905700684,5.665088176727295,5.688222
chelsea-4k-roi,planned-roi,3,186,4.622528076171875,1.0202560424804688,5.642784118652344,5.672869
chelsea-4k-roi,planned-roi,3,187,4.622687816619873,1.010208010673523,5.6328959465026855,5.655172
chelsea-4k-roi,planned-roi,3,188,4.625823974609375,1.0102720260620117,5.636096000671387,5.655854
chelsea-4k-roi,planned-roi,3,189,4.62281608581543,1.0071359872817993,5.6299519538879395,5.650415
chelsea-4k-roi,planned-roi,3,190,4.617919921875,1.0205119848251343,5.638432025909424,5.658047
chelsea-4k-roi,planned-roi,3,191,4.6433281898498535,1.0219520330429077,5.665279865264893,5.68699
chelsea-4k-roi,planned-roi,3,192,4.643487930297852,1.0197440385818481,5.66323184967041,5.688032
chelsea-4k-roi,planned-roi,3,193,4.6287360191345215,1.0209280252456665,5.649663925170898,5.670796
chelsea-4k-roi,planned-roi,3,194,4.623551845550537,1.0089279413223267,5.632480144500732,5.654041
chelsea-4k-roi,planned-roi,3,195,4.617152214050293,1.0101439952850342,5.627295970916748,5.649614
chelsea-4k-roi,planned-roi,3,196,4.641983985900879,1.0089600086212158,5.650944232940674,5.674522
chelsea-4k-roi,planned-roi,3,197,4.636608123779297,1.0186879634857178,5.6552958488464355,5.685348
chelsea-4k-roi,planned-roi,3,198,4.647712230682373,1.0198719501495361,5.66758394241333,5.690607
chelsea-4k-roi,planned-roi,3,199,4.6532158851623535,1.0177279710769653,5.6709442138671875,5.694432
chelsea-4k-roi,planned-roi,3,200,4.641503810882568,1.0178560018539429,5.659359931945801,5.683625
chelsea-4k-roi,planned-roi,3,201,4.627776145935059,1.006592035293579,5.634367942810059,5.656134
chelsea-4k-roi,planned-roi,3,202,4.624447822570801,1.0102399587631226,5.634687900543213,5.654161
chelsea-4k-roi,planned-roi,3,203,4.606080055236816,1.0096319913864136,5.6157121658325195,5.637166
chelsea-4k-roi,planned-roi,3,204,4.631872177124023,1.0215359926223755,5.653408050537109,5.673931
chelsea-4k-roi,planned-roi,3,205,4.642079830169678,1.0180480480194092,5.660128116607666,5.683426
chelsea-4k-roi,planned-roi,3,206,4.633279800415039,1.0179200172424316,5.651199817657471,5.672308
chelsea-4k-roi,planned-roi,3,207,4.65715217590332,1.0202560424804688,5.677408218383789,5.704557
chelsea-4k-roi,planned-roi,3,208,4.620927810668945,1.0086400508880615,5.629568099975586,5.651337
chelsea-4k-roi,planned-roi,3,209,4.620480060577393,1.009984016418457,5.63046407699585,5.651798
chelsea-4k-roi,planned-roi,3,210,4.624383926391602,1.0109440088272095,5.6353278160095215,5.658047
chelsea-4k-roi,planned-roi,3,211,4.639520168304443,1.0205119848251343,5.660031795501709,5.689915
chelsea-4k-roi,planned-roi,3,212,4.635839939117432,1.0201599597930908,5.656000137329102,5.681792
chelsea-4k-roi,planned-roi,3,213,4.645376205444336,1.0213439464569092,5.666719913482666,5.689935
chelsea-4k-roi,planned-roi,3,214,4.646751880645752,1.0195200443267822,5.666272163391113,5.691808
chelsea-4k-roi,planned-roi,3,215,4.621471881866455,1.0104960203170776,5.631968021392822,5.66013
chelsea-4k-roi,planned-roi,3,216,4.624159812927246,1.0106559991836548,5.6348161697387695,5.661342
chelsea-4k-roi,planned-roi,3,217,4.619935989379883,1.0107200145721436,5.630655765533447,5.656395
chelsea-4k-roi,planned-roi,3,218,4.620639801025391,1.0206079483032227,5.6412482261657715,5.66653
chelsea-4k-roi,planned-roi,3,219,4.646495819091797,1.02128005027771,5.667776107788086,5.692749
chelsea-4k-roi,planned-roi,3,220,4.638656139373779,1.0213439464569092,5.659999847412109,5.684717
chelsea-4k-roi,planned-roi,3,221,4.669151782989502,1.0191680192947388,5.688320159912109,5.710867
chelsea-4k-roi,planned-roi,3,222,4.643648147583008,1.0118720531463623,5.655519962310791,5.680671
chelsea-4k-roi,planned-roi,3,223,4.6393280029296875,1.0141119956970215,5.653439998626709,5.675754
chelsea-4k-roi,planned-roi,3,224,4.646048069000244,1.0136959552764893,5.659743785858154,5.684427
chelsea-4k-roi,planned-roi,3,225,4.63212776184082,1.0393919944763184,5.671520233154297,5.695744
chelsea-4k-roi,planned-roi,3,226,4.69158411026001,1.0381439924240112,5.7297282218933105,5.756205
chelsea-4k-roi,planned-roi,3,227,4.679135799407959,1.0396480560302734,5.718783855438232,5.742165
chelsea-4k-roi,planned-roi,3,228,4.678783893585205,1.0419199466705322,5.720704078674316,5.741704
chelsea-4k-roi,planned-roi,3,229,4.675903797149658,1.026047945022583,5.70195198059082,5.725439
chelsea-4k-roi,planned-roi,3,230,4.6590399742126465,1.0271040201187134,5.68614387512207,5.714492
chelsea-4k-roi,planned-roi,3,231,4.657023906707764,1.0280319452285767,5.685056209564209,5.707542
chelsea-4k-roi,planned-roi,3,232,4.674111843109131,1.0388799905776978,5.712992191314697,5.734733
chelsea-4k-roi,planned-roi,3,233,4.676383972167969,1.040768027305603,5.717152118682861,5.73926
chelsea-4k-roi,planned-roi,3,234,4.684383869171143,1.0398720502853394,5.7242560386657715,5.744929
chelsea-4k-roi,planned-roi,3,235,4.6735358238220215,1.0401279926300049,5.7136640548706055,5.738619
chelsea-4k-roi,planned-roi,3,236,4.666848182678223,1.0285439491271973,5.69539213180542,5.716465
chelsea-4k-roi,planned-roi,3,237,4.665984153747559,1.025056004524231,5.6910400390625,5.717237
chelsea-4k-roi,planned-roi,3,238,4.673727989196777,1.0269440412521362,5.700672149658203,5.730177
chelsea-4k-roi,planned-roi,3,239,4.658304214477539,1.0301120281219482,5.688416004180908,5.715253
chelsea-4k-roi,planned-roi,3,240,4.660575866699219,1.032096028327942,5.692671775817871,5.714823
chelsea-4k-roi,planned-roi,3,241,4.657887935638428,1.0298240184783936,5.6877121925354,5.710326
chelsea-4k-roi,planned-roi,3,242,4.6717119216918945,1.0288000106811523,5.700511932373047,5.721483
chelsea-4k-roi,planned-roi,3,243,4.648896217346191,1.0225600004196167,5.6714558601379395,5.695563
chelsea-4k-roi,planned-roi,3,244,4.65337610244751,1.025056004524231,5.678431987762451,5.709374
chelsea-4k-roi,planned-roi,3,245,4.641183853149414,1.0235199928283691,5.664703845977783,5.691307
chelsea-4k-roi,planned-roi,3,246,4.668447971343994,1.0245120525360107,5.692959785461426,5.717437
chelsea-4k-roi,planned-roi,3,247,4.659167766571045,1.0226240158081055,5.68179178237915,5.706471
chelsea-4k-roi,planned-roi,3,248,4.649151802062988,1.0241279602050781,5.673279762268066,5.697547
chelsea-4k-roi,planned-roi,3,249,4.6465277671813965,1.022879958152771,5.669407844543457,5.692409
chelsea-4k-roi,planned-roi,3,250,4.638368129730225,1.0120960474014282,5.650464057922363,5.675103
chelsea-4k-roi,planned-roi,3,251,4.653696060180664,1.0141760110855103,5.667871952056885,5.69313
chelsea-4k-roi,planned-roi,3,252,4.627039909362793,1.0135680437088013,5.640607833862305,5.664267
chelsea-4k-roi,planned-roi,3,253,4.65177583694458,1.0112320184707642,5.663008213043213,5.690456
chelsea-4k-roi,planned-roi,3,254,4.621024131774902,1.0138239860534668,5.634848117828369,5.659579
chelsea-4k-roi,planned-roi,3,255,4.628672122955322,1.0127999782562256,5.641471862792969,5.664767
chelsea-4k-roi,planned-roi,3,256,4.630688190460205,1.01254403591156,5.6432318687438965,5.668853
chelsea-4k-roi,planned-roi,3,257,4.623104095458984,0.9992640018463135,5.622367858886719,5.648212
chelsea-4k-roi,planned-roi,3,258,4.60748815536499,1.0034879446029663,5.610976219177246,5.633119
chelsea-4k-roi,planned-roi,3,259,4.61952018737793,1.0032639503479004,5.62278413772583,5.645177
chelsea-4k-roi,planned-roi,3,260,4.624671936035156,1.0115200281143188,5.6361918449401855,5.659328
chelsea-4k-roi,planned-roi,3,261,4.628896236419678,1.0132160186767578,5.642111778259277,5.664046
chelsea-4k-roi,planned-roi,3,262,4.632383823394775,1.0130560398101807,5.645440101623535,5.6669
chelsea-4k-roi,planned-roi,3,263,4.646912097930908,1.01363205909729,5.660543918609619,5.683826
chelsea-4k-roi,planned-roi,3,264,4.62281608581543,1.0039360523223877,5.626751899719238,5.6467
chelsea-4k-roi,planned-roi,3,265,4.623392105102539,1.0034559965133667,5.626848220825195,5.650065
chelsea-4k-roi,planned-roi,3,266,4.6091837882995605,1.0013439655303955,5.610527992248535,5.635102
chelsea-4k-roi,planned-roi,3,267,4.607232093811035,1.0191999673843384,5.626431941986084,5.648853
chelsea-4k-roi,planned-roi,3,268,4.639808177947998,1.0193920135498047,5.659200191497803,5.681983
chelsea-4k-roi,planned-roi,3,269,4.628384113311768,1.0202239751815796,5.648608207702637,5.670025
chelsea-4k-roi,planned-roi,3,270,4.642208099365234,1.0203520059585571,5.662559986114502,5.685709
chelsea-4k-roi,planned-roi,3,271,4.6412482261657715,1.0168960094451904,5.658143997192383,5.682334
chelsea-4k-roi,planned-roi,3,272,4.638144016265869,1.0172480344772339,5.655392169952393,5.676365
chelsea-4k-roi,planned-roi,3,273,4.659327983856201,1.0154880285263062,5.674816131591797,5.694602
chelsea-4k-roi,planned-roi,3,274,4.655263900756836,1.037984013557434,5.6932477951049805,5.715614
chelsea-4k-roi,planned-roi,3,275,4.682559967041016,1.040287971496582,5.722847938537598,5.741884
chelsea-4k-roi,planned-roi,3,276,4.678239822387695,1.040287971496582,5.718527793884277,5.738188
chelsea-4k-roi,planned-roi,3,277,4.68179178237915,1.0380159616470337,5.719808101654053,5.743476
chelsea-4k-roi,planned-roi,3,278,4.6518402099609375,1.0229120254516602,5.674752235412598,5.696776
chelsea-4k-roi,planned-roi,3,279,4.65123176574707,1.0241279602050781,5.675360202789307,5.698408
chelsea-4k-roi,planned-roi,3,280,4.647615909576416,1.0234559774398804,5.671072006225586,5.692639
chelsea-4k-roi,planned-roi,3,281,4.648064136505127,1.023136019706726,5.671199798583984,5.692509
chelsea-4k-roi,planned-roi,3,282,4.646848201751709,1.0222400426864624,5.669087886810303,5.69321
chelsea-4k-roi,planned-roi,3,283,4.647776126861572,1.0240000486373901,5.671775817871094,5.695835
chelsea-4k-roi,planned-roi,3,284,4.651872158050537,1.023103952407837,5.674975872039795,5.700241
chelsea-4k-roi,planned-roi,3,285,4.637216091156006,1.0165760517120361,5.653791904449463,5.672118
chelsea-4k-roi,planned-roi,3,286,4.643263816833496,1.0149120092391968,5.658175945281982,5.679169
chelsea-4k-roi,planned-roi,3,287,4.6326398849487305,1.0168319940567017,5.649472236633301,5.667091
chelsea-4k-roi,planned-roi,3,288,4.640895843505859,1.0309439897537231,5.671840190887451,5.690957
chelsea-4k-roi,planned-roi,3,289,4.665855884552002,1.0295039415359497,5.69536018371582,5.718138
chelsea-4k-roi,planned-roi,3,290,4.657695770263672,1.0322879552841187,5.68998384475708,5.713101
chelsea-4k-roi,planned-roi,3,291,4.666304111480713,1.0293439626693726,5.695648193359375,5.718608
chelsea-4k-roi,planned-roi,3,292,4.654208183288574,1.0208959579467773,5.675104141235352,5.698358
chelsea-4k-roi,planned-roi,3,293,4.657120227813721,1.0192960500717163,5.676415920257568,5.696425
chelsea-4k-roi,planned-roi,3,294,4.638336181640625,1.018496036529541,5.656832218170166,5.676775
chelsea-4k-roi,planned-roi,3,295,4.658912181854248,1.0296640396118164,5.6885762214660645,5.714272
chelsea-4k-roi,planned-roi,3,296,4.650015830993652,1.0334080457687378,5.68342399597168,5.706841
chelsea-4k-roi,planned-roi,3,297,4.652959823608398,1.031167984008789,5.6841278076171875,5.707281
chelsea-4k-roi,planned-roi,3,298,4.652895927429199,1.0320639610290527,5.684959888458252,5.70657
chelsea-4k-roi,planned-roi,3,299,4.6472320556640625,1.0197440385818481,5.666975975036621,5.688933
chelsea-4k-roi,baseline,3,0,8.115327835083008,1.0468800067901611,9.16220760345459,9.204102
chelsea-4k-roi,baseline,3,1,8.071328163146973,1.0462080240249634,9.117535591125488,9.147636
chelsea-4k-roi,baseline,3,2,8.076895713806152,1.0308799743652344,9.107775688171387,9.139775
chelsea-4k-roi,baseline,3,3,8.013631820678711,1.0306880474090576,9.044320106506348,9.071651
chelsea-4k-roi,baseline,3,4,8.039487838745117,1.012768030166626,9.052255630493164,9.078662
chelsea-4k-roi,baseline,3,5,7.976287841796875,1.0116159915924072,8.987903594970703,9.013924
chelsea-4k-roi,baseline,3,6,7.9727678298950195,1.0149760246276855,8.987744331359863,9.01842
chelsea-4k-roi,baseline,3,7,7.974880218505859,1.0107840299606323,8.985664367675781,9.016578
chelsea-4k-roi,baseline,3,8,7.985407829284668,1.0223360061645508,9.007743835449219,9.035917
chelsea-4k-roi,baseline,3,9,8.045184135437012,1.0291839838027954,9.07436752319336,9.103941
chelsea-4k-roi,baseline,3,10,8.020256042480469,1.0321919918060303,9.052448272705078,9.079553
chelsea-4k-roi,baseline,3,11,8.039263725280762,1.0376319885253906,9.076895713806152,9.106985
chelsea-4k-roi,baseline,3,12,8.071295738220215,1.0390080213546753,9.11030387878418,9.140526
chelsea-4k-roi,baseline,3,13,8.07107162475586,1.0330560207366943,9.104127883911133,9.132403
chelsea-4k-roi,baseline,3,14,8.053119659423828,1.0363520383834839,9.089471817016602,9.113605
chelsea-4k-roi,baseline,3,15,8.038368225097656,1.0229439735412598,9.061311721801758,9.093734
chelsea-4k-roi,baseline,3,16,8.014176368713379,1.0233919620513916,9.037568092346191,9.068266
chelsea-4k-roi,baseline,3,17,8.003583908081055,1.023136019706726,9.02672004699707,9.056649
chelsea-4k-roi,baseline,3,18,8.006879806518555,1.0178240537643433,9.024703979492188,9.054245
chelsea-4k-roi,baseline,3,19,8.008543968200684,1.01692795753479,9.025471687316895,9.055928
chelsea-4k-roi,baseline,3,20,7.998208045959473,1.0200320482254028,9.018239974975586,9.048747
chelsea-4k-roi,baseline,3,21,8.008095741271973,1.019968032836914,9.028063774108887,9.054595
chelsea-4k-roi,baseline,3,22,7.998239994049072,1.0185279846191406,9.016768455505371,9.044941
chelsea-4k-roi,baseline,3,23,8.006815910339355,1.0188159942626953,9.02563190460205,9.055047
chelsea-4k-roi,baseline,3,24,8.002752304077148,1.0191359519958496,9.02188777923584,9.048466
chelsea-4k-roi,baseline,3,25,7.993599891662598,1.0203839540481567,9.013983726501465,9.041336
chelsea-4k-roi,baseline,3,26,8.010144233703613,1.0091840028762817,9.019328117370605,9.048486
chelsea-4k-roi,baseline,3,27,7.9667840003967285,1.0093120336532593,8.976096153259277,9.005521
chelsea-4k-roi,baseline,3,28,7.963168144226074,1.0109440088272095,8.974111557006836,9.002957
chelsea-4k-roi,baseline,3,29,7.95136022567749,1.0102399587631226,8.961600303649902,8.992741
chelsea-4k-roi,baseline,3,30,7.9515838623046875,1.0128639936447144,8.964447975158691,8.992942
chelsea-4k-roi,baseline,3,31,8.016575813293457,1.022879958152771,9.039456367492676,9.073083
chelsea-4k-roi,baseline,3,32,8.009183883666992,1.0249919891357422,9.034175872802734,9.064951
chelsea-4k-roi,baseline,3,33,8.04633617401123,1.0382080078125,9.08454418182373,9.114546
chelsea-4k-roi,baseline,3,34,8.062368392944336,1.0414719581604004,9.103839874267578,9.137482
chelsea-4k-roi,baseline,3,35,8.049759864807129,1.02947199344635,9.079232215881348,9.106574
chelsea-4k-roi,baseline,3,36,8.023551940917969,1.0297919511795044,9.053343772888184,9.0772
chelsea-4k-roi,baseline,3,37,8.041760444641113,1.0128320455551147,9.05459213256836,9.08439
chelsea-4k-roi,baseline,3,38,7.994688034057617,1.0171200037002563,9.011808395385742,9.041496
chelsea-4k-roi,baseline,3,39,7.9734721183776855,1.0127999782562256,8.986271858215332,9.016057
chelsea-4k-roi,baseline,3,40,7.985919952392578,1.0118720531463623,8.99779224395752,9.025261
chelsea-4k-roi,baseline,3,41,7.978655815124512,1.0194239616394043,8.998080253601074,9.026983
chelsea-4k-roi,baseline,3,42,7.989696025848389,1.0205119848251343,9.010208129882812,9.042277
chelsea-4k-roi,baseline,3,43,7.9897918701171875,1.0207359790802002,9.010527610778809,9.039383
chelsea-4k-roi,baseline,3,44,8.022496223449707,1.032096028327942,9.05459213256836,9.080415
chelsea-4k-roi,baseline,3,45,8.03171157836914,1.0304640531539917,9.062175750732422,9.087224
chelsea-4k-roi,baseline,3,46,8.024991989135742,1.0205440521240234,9.045536041259766,9.07047
chelsea-4k-roi,baseline,3,47,7.98960018157959,1.0180799961090088,9.00767993927002,9.035727
chelsea-4k-roi,baseline,3,48,7.991648197174072,1.0104000568389893,9.002047538757324,9.027795
chelsea-4k-roi,baseline,3,49,7.968671798706055,1.0049599409103394,8.973631858825684,8.999251
chelsea-4k-roi,baseline,3,50,7.949855804443359,1.0108799934387207,8.960736274719238,8.986633
chelsea-4k-roi,baseline,3,51,7.949535846710205,0.9980480074882507,8.94758415222168,8.979382
chelsea-4k-roi,baseline,3,52,7.935423851013184,0.9984639883041382,8.93388843536377,8.96506
chelsea-4k-roi,baseline,3,53,7.960608005523682,1.0095360279083252,8.970144271850586,8.996187
chelsea-4k-roi,baseline,3,54,7.962111949920654,1.0100799798965454,8.97219181060791,8.99795
chelsea-4k-roi,baseline,3,55,8.00979232788086,1.037824034690857,9.047616004943848,9.071081
chelsea-4k-roi,baseline,3,56,8.052448272705078,1.0389440059661865,9.091391563415527,9.117241
chelsea-4k-roi,baseline,3,57,8.068256378173828,1.0191359519958496,9.08739185333252,9.120625
chelsea-4k-roi,baseline,3,58,7.995520114898682,1.0196479558944702,9.015168190002441,9.041436
chelsea-4k-roi,baseline,3,59,7.9903998374938965,1.0078719854354858,8.998271942138672,9.022066
chelsea-4k-roi,baseline,3,60,7.957503795623779,1.0088000297546387,8.966303825378418,8.99209
chelsea-4k-roi,baseline,3,61,7.962495803833008,1.0095360279083252,8.972031593322754,8.997999
chelsea-4k-roi,baseline,3,62,7.968160152435303,1.0132479667663574,8.98140811920166,9.012031
chelsea-4k-roi,baseline,3,63,7.971168041229248,1.0066560506820679,8.977824211120605,9.007605
chelsea-4k-roi,baseline,3,64,8.016032218933105,1.0204479694366455,9.036479949951172,9.06443
chelsea-4k-roi,baseline,3,65,8.00716781616211,1.0204479694366455,9.027615547180176,9.054786
chelsea-4k-roi,baseline,3,66,8.016511917114258,1.0246399641036987,9.041152000427246,9.067695
chelsea-4k-roi,baseline,3,67,8.007295608520508,1.0224319696426392,9.029727935791016,9.054815
chelsea-4k-roi,baseline,3,68,8.015968322753906,1.0230720043182373,9.039039611816406,9.062818
chelsea-4k-roi,baseline,3,69,8.021471977233887,1.022879958152771,9.044351577758789,9.066664
chelsea-4k-roi,baseline,3,70,8.006752014160156,1.012768030166626,9.019519805908203,9.04487
chelsea-4k-roi,baseline,3,71,7.975711822509766,1.0114879608154297,8.987199783325195,9.012231
chelsea-4k-roi,baseline,3,72,7.980832099914551,1.0145920515060425,8.995424270629883,9.01788
chelsea-4k-roi,baseline,3,73,7.958144187927246,1.0010240077972412,8.959168434143066,8.990388
chelsea-4k-roi,baseline,3,74,7.959296226501465,1.0059200525283813,8.965215682983398,8.99133
chelsea-4k-roi,baseline,3,75,8.026592254638672,1.0302400588989258,9.056832313537598,9.083299
chelsea-4k-roi,baseline,3,76,8.034815788269043,1.0306880474090576,9.06550407409668,9.116038
chelsea-4k-roi,baseline,3,77,8.126879692077637,1.039072036743164,9.1659517288208,9.236421
chelsea-4k-roi,baseline,3,78,8.04361629486084,1.0423680543899536,9.085984230041504,9.111652
chelsea-4k-roi,baseline,3,79,8.063136100769043,1.0356800556182861,9.09881591796875,9.122269
chelsea-4k-roi,baseline,3,80,8.03923225402832,1.0343040227890015,9.073535919189453,9.098672
chelsea-4k-roi,baseline,3,81,8.049920082092285,1.0168319940567017,9.066752433776855,9.092903
chelsea-4k-roi,baseline,3,82,7.981023788452148,1.0184320211410522,8.999456405639648,9.027405
chelsea-4k-roi,baseline,3,83,7.989471912384033,1.0130239725112915,9.002495765686035,9.029087
chelsea-4k-roi,baseline,3,84,7.973023891448975,1.0141119956970215,8.987135887145996,9.010489
chelsea-4k-roi,baseline,3,85,7.980224132537842,1.0128320455551147,8.993056297302246,9.016528
chelsea-4k-roi,baseline,3,86,7.981760025024414,1.021888017654419,9.003647804260254,9.023719
chelsea-4k-roi,baseline,3,87,8.006752014160156,1.0177279710769653,9.024479866027832,9.046303
chelsea-4k-roi,baseline,3,88,8.016160011291504,1.0312960147857666,9.047455787658691,9.072132
chelsea-4k-roi,baseline,3,89,8.031264305114746,1.0312319993972778,9.062496185302734,9.091031
chelsea-4k-roi,baseline,3,90,8.025919914245605,1.0237120389938354,9.04963207244873,9.068307
chelsea-4k-roi,baseline,3,91,7.997407913208008,1.0220160484313965,9.019424438476562,9.039863
chelsea-4k-roi,baseline,3,92,8.00710391998291,1.0135999917984009,9.02070426940918,9.041826
chelsea-4k-roi,baseline,3,93,7.978816032409668,1.012992024421692,8.99180793762207,9.018251
chelsea-4k-roi,baseline,3,94,7.972095966339111,1.015104055404663,8.987199783325195,9.008235
chelsea-4k-roi,baseline,3,95,7.951935768127441,1.003167986869812,8.955103874206543,8.977318
chelsea-4k-roi,baseline,3,96,7.945504188537598,1.0000319480895996,8.945535659790039,8.965911
chelsea-4k-roi,baseline,3,97,7.997600078582764,1.0199999809265137,9.017600059509277,9.040634
chelsea-4k-roi,baseline,3,98,7.999743938446045,1.0222400426864624,9.021984100341797,9.047104
chelsea-4k-roi,baseline,3,99,8.041728019714355,1.0410239696502686,9.082752227783203,9.11018
chelsea-4k-roi,baseline,3,100,8.064352035522461,1.0386879444122314,9.103039741516113,9.126234
chelsea-4k-roi,baseline,3,101,8.061599731445312,1.023743987083435,9.085344314575195,9.105874
chelsea-4k-roi,baseline,3,102,8.00928020477295,1.0261119604110718,9.035391807556152,9.063439
chelsea-4k-roi,baseline,3,103,8.00649642944336,1.0106879472732544,9.017184257507324,9.044089
chelsea-4k-roi,baseline,3,104,7.9759039878845215,1.0117759704589844,8.987680435180664,9.014334
chelsea-4k-roi,baseline,3,105,7.977727890014648,1.0120320320129395,8.989760398864746,9.016808
chelsea-4k-roi,baseline,3,106,7.961152076721191,1.0058239698410034,8.966976165771484,8.99146
chelsea-4k-roi,baseline,3,107,7.946239948272705,1.0041600465774536,8.950400352478027,8.975816
chelsea-4k-roi,baseline,3,108,7.976736068725586,1.0101439952850342,8.9868803024292,9.016968
chelsea-4k-roi,baseline,3,109,7.953248023986816,1.0111039876937866,8.964351654052734,8.989096
chelsea-4k-roi,baseline,3,110,8.015328407287598,1.0412479639053345,9.056575775146484,9.091231
chelsea-4k-roi,baseline,3,111,8.072896003723145,1.0359359979629517,9.108832359313965,9.137091
chelsea-4k-roi,baseline,3,112,8.049568176269531,1.0240960121154785,9.073663711547852,9.097281
chelsea-4k-roi,baseline,3,113,8.023967742919922,1.0228480100631714,9.046815872192383,9.07105
chelsea-4k-roi,baseline,3,114,8.0098876953125,1.0156160593032837,9.025504112243652,9.049818
chelsea-4k-roi,baseline,3,115,7.970431804656982,1.0111360549926758,8.981568336486816,9.003679
chelsea-4k-roi,baseline,3,116,7.967936038970947,1.0139520168304443,8.981887817382812,9.001415
chelsea-4k-roi,baseline,3,117,7.978015899658203,1.01363205909729,8.991647720336914,9.015827
chelsea-4k-roi,baseline,3,118,7.959104061126709,1.0125759840011597,8.9716796875,8.992311
chelsea-4k-roi,baseline,3,119,8.017056465148926,1.0312000513076782,9.048255920410156,9.069689
chelsea-4k-roi,baseline,3,120,8.041919708251953,1.0293760299682617,9.071295738220215,9.092573
chelsea-4k-roi,baseline,3,121,8.022272109985352,1.0289599895477295,9.05123233795166,9.075827
chelsea-4k-roi,baseline,3,122,8.018464088439941,1.0277760028839111,9.046239852905273,9.075508
chelsea-4k-roi,baseline,3,123,8.014623641967773,1.021183967590332,9.035807609558105,9.05739
chelsea-4k-roi,baseline,3,124,8.008959770202637,1.0239360332489014,9.032896041870117,9.054616
chelsea-4k-roi,baseline,3,125,8.010144233703613,1.0148799419403076,9.0250244140625,9.049868
chelsea-4k-roi,baseline,3,126,7.967679977416992,1.0147199630737305,8.982399940490723,9.004579
chelsea-4k-roi,baseline,3,127,7.9699201583862305,1.0122560262680054,8.982175827026367,9.003118
chelsea-4k-roi,baseline,3,128,7.969791889190674,1.0020480155944824,8.971839904785156,8.993102
chelsea-4k-roi,baseline,3,129,7.975776195526123,1.0023679733276367,8.978143692016602,8.99826
chelsea-4k-roi,baseline,3,130,8.02627182006836,1.031391978263855,9.057663917541504,9.080164
chelsea-4k-roi,baseline,3,131,8.028287887573242,1.0302400588989258,9.058527946472168,9.080064
chelsea-4k-roi,baseline,3,132,8.040448188781738,1.0274560451507568,9.067904472351074,9.0901
chelsea-4k-roi,baseline,3,133,8.051456451416016,1.0263999700546265,9.077856063842773,9.104942
chelsea-4k-roi,baseline,3,134,8.041152000427246,1.0232640504837036,9.06441593170166,9.091502
chelsea-4k-roi,baseline,3,135,8.012960433959961,1.022047996520996,9.035008430480957,9.065042
chelsea-4k-roi,baseline,3,136,8.008064270019531,1.0238720178604126,9.031935691833496,9.058201
chelsea-4k-roi,baseline,3,137,8.01699161529541,1.0221760272979736,9.039168357849121,9.064631
chelsea-4k-roi,baseline,3,138,8.006143569946289,1.0252480506896973,9.031392097473145,9.055697
chelsea-4k-roi,baseline,3,139,7.989984035491943,1.0155839920043945,9.00556755065918,9.033904
chelsea-4k-roi,baseline,3,140,7.986591815948486,1.0162880420684814,9.002880096435547,9.034395
chelsea-4k-roi,baseline,3,141,8.025952339172363,1.0342400074005127,9.060192108154297,9.089609
chelsea-4k-roi,baseline,3,142,8.025823593139648,1.0312639474868774,9.057087898254395,9.081526
chelsea-4k-roi,baseline,3,143,8.021856307983398,1.028607964515686,9.050463676452637,9.080294
chelsea-4k-roi,baseline,3,144,8.036160469055176,1.0280959606170654,9.064255714416504,9.094606
chelsea-4k-roi,baseline,3,145,8.03609561920166,1.0247360467910767,9.060832023620605,9.094386
chelsea-4k-roi,baseline,3,146,8.027520179748535,1.0258560180664062,9.053376197814941,9.081816
chelsea-4k-roi,baseline,3,147,8.001631736755371,1.0148160457611084,9.016448020935059,9.046623
chelsea-4k-roi,baseline,3,148,7.966559886932373,1.0135680437088013,8.980128288269043,9.016848
chelsea-4k-roi,baseline,3,149,7.967743873596191,1.013535976409912,8.981280326843262,9.003588
chelsea-4k-roi,baseline,3,150,7.947167873382568,1.0030080080032349,8.950176239013672,8.977348
chelsea-4k-roi,baseline,3,151,7.94543981552124,0.9991040229797363,8.944543838500977,8.970959
chelsea-4k-roi,baseline,3,152,8.024800300598145,1.033087968826294,9.05788803100586,9.085393
chelsea-4k-roi,baseline,3,153,8.003935813903809,1.0309760570526123,9.034912109375,9.062057
chelsea-4k-roi,baseline,3,154,8.02780818939209,1.0291520357131958,9.056960105895996,9.083239
chelsea-4k-roi,baseline,3,155,8.024895668029785,1.0244159698486328,9.049311637878418,9.071311
chelsea-4k-roi,baseline,3,156,8.024800300598145,1.0148160457611084,9.039615631103516,9.065863
chelsea-4k-roi,baseline,3,157,7.9825921058654785,1.014847993850708,8.997440338134766,9.02501
chelsea-4k-roi,baseline,3,158,7.99289608001709,1.0162559747695923,9.00915241241455,9.040754
chelsea-4k-roi,baseline,3,159,7.991968154907227,1.0156480073928833,9.00761604309082,9.044029
chelsea-4k-roi,baseline,3,160,7.98960018157959,1.0162880420684814,9.005887985229492,9.027234
chelsea-4k-roi,baseline,3,161,7.984799861907959,1.0140479803085327,8.998847961425781,9.02469
chelsea-4k-roi,baseline,3,162,7.976928234100342,1.0128639936447144,8.989791870117188,9.018671
chelsea-4k-roi,baseline,3,163,7.999839782714844,1.0184639692306519,9.018303871154785,9.048246
chelsea-4k-roi,baseline,3,164,7.997856140136719,1.0223040580749512,9.020159721374512,9.041455
chelsea-4k-roi,baseline,3,165,8.014176368713379,1.0389440059661865,9.053119659423828,9.076809
chelsea-4k-roi,baseline,3,166,8.077152252197266,1.0424959659576416,9.119647979736328,9.145543
chelsea-4k-roi,baseline,3,167,8.048255920410156,1.022495985031128,9.070752143859863,9.09705
chelsea-4k-roi,baseline,3,168,8.018560409545898,1.0221439599990845,9.040703773498535,9.070029
chelsea-4k-roi,baseline,3,169,7.999648094177246,1.0184320211410522,9.01807975769043,9.041586
chelsea-4k-roi,baseline,3,170,7.993663787841797,1.0162880420684814,9.0099515914917,9.038541
chelsea-4k-roi,baseline,3,171,8.045408248901367,1.015712022781372,9.06112003326416,9.086304
chelsea-4k-roi,baseline,3,172,7.974559783935547,1.0136640071868896,8.988224029541016,9.012222
chelsea-4k-roi,baseline,3,173,7.971360206604004,1.0142719745635986,8.985631942749023,9.013724
chelsea-4k-roi,baseline,3,174,8.007488250732422,1.020799994468689,9.028287887573242,9.058521
chelsea-4k-roi,baseline,3,175,7.997824192047119,1.018623948097229,9.016448020935059,9.04385
chelsea-4k-roi,baseline,3,176,8.0316162109375,1.0398080348968506,9.071423530578613,9.098331
chelsea-4k-roi,baseline,3,177,8.052864074707031,1.0372799634933472,9.090144157409668,9.116148
chelsea-4k-roi,baseline,3,178,8.051520347595215,1.0238399505615234,9.075360298156738,9.10408
chelsea-4k-roi,baseline,3,179,8.001728057861328,1.0221120119094849,9.023839950561523,9.046953
chelsea-4k-roi,baseline,3,180,8.003935813903809,1.0176000595092773,9.021535873413086,9.05079
chelsea-4k-roi,baseline,3,181,7.988448143005371,1.0161919593811035,9.004639625549316,9.026383
chelsea-4k-roi,baseline,3,182,7.978496074676514,1.0174720287322998,8.995967864990234,9.025691
chelsea-4k-roi,baseline,3,183,8.021599769592285,1.0179200172424316,9.039520263671875,9.078842
chelsea-4k-roi,baseline,3,184,8.00483226776123,1.0200639963150024,9.024895668029785,9.053794
chelsea-4k-roi,baseline,3,185,7.988448143005371,1.0219520330429077,9.01039981842041,9.030749
chelsea-4k-roi,baseline,3,186,7.99724817276001,1.0202239751815796,9.017472267150879,9.040414
chelsea-4k-roi,baseline,3,187,8.008895874023438,1.0398399829864502,9.048735618591309,9.07058
chelsea-4k-roi,baseline,3,188,8.067744255065918,1.0382720232009888,9.106016159057617,9.128848
chelsea-4k-roi,baseline,3,189,8.069343566894531,1.0278400182724,9.097184181213379,9.127827
chelsea-4k-roi,baseline,3,190,8.033951759338379,1.0275520086288452,9.061504364013672,9.0903
chelsea-4k-roi,baseline,3,191,8.021696090698242,1.0172480344772339,9.038944244384766,9.068206
chelsea-4k-roi,baseline,3,192,7.98089599609375,1.012768030166626,8.993663787841797,9.020975
chelsea-4k-roi,baseline,3,193,7.990335941314697,1.0132160186767578,9.003552436828613,9.029838
chelsea-4k-roi,baseline,3,194,7.9995198249816895,1.0223040580749512,9.02182388305664,9.042457
chelsea-4k-roi,baseline,3,195,7.984320163726807,1.018496036529541,9.002816200256348,9.026152
chelsea-4k-roi,baseline,3,196,8.019424438476562,1.0297280550003052,9.049152374267578,9.07721
chelsea-4k-roi,baseline,3,197,8.041376113891602,1.0310720205307007,9.072447776794434,9.101627
chelsea-4k-roi,baseline,3,198,8.039327621459961,1.0421760082244873,9.081503868103027,9.108487
chelsea-4k-roi,baseline,3,199,8.046751976013184,1.0376960039138794,9.084447860717773,9.113605
chelsea-4k-roi,baseline,3,200,8.053215980529785,1.0244799852371216,9.077695846557617,9.112022
chelsea-4k-roi,baseline,3,201,7.990687847137451,1.0247999429702759,9.015487670898438,9.041356
chelsea-4k-roi,baseline,3,202,7.985631942749023,1.016800045967102,9.002431869506836,9.026192
chelsea-4k-roi,baseline,3,203,7.985151767730713,1.0124479532241821,8.997599601745605,9.023669
chelsea-4k-roi,baseline,3,204,7.982143878936768,1.0129280090332031,8.995072364807129,9.031951
chelsea-4k-roi,baseline,3,205,7.982016086578369,1.0113279819488525,8.9933443069458,9.022798
chelsea-4k-roi,baseline,3,206,7.978367805480957,1.014016032218933,8.99238395690918,9.016177
chelsea-4k-roi,baseline,3,207,8.003744125366211,1.0225919485092163,9.026335716247559,9.054696
chelsea-4k-roi,baseline,3,208,8.027135848999023,1.024351954460144,9.051487922668457,9.07671
chelsea-4k-roi,baseline,3,209,8.019424438476562,1.0302720069885254,9.04969596862793,9.101216
chelsea-4k-roi,baseline,3,210,8.139936447143555,1.029952049255371,9.16988754272461,9.272306
chelsea-4k-roi,baseline,3,211,8.0315523147583,1.0185600519180298,9.050111770629883,9.069898
chelsea-4k-roi,baseline,3,212,8.005887985229492,1.0209599733352661,9.026847839355469,9.045742
chelsea-4k-roi,baseline,3,213,8.00175952911377,1.0093439817428589,9.011103630065918,9.033193
chelsea-4k-roi,baseline,3,214,7.956960201263428,1.0100799798965454,8.967040061950684,8.989827
chelsea-4k-roi,baseline,3,215,7.9495038986206055,1.0083839893341064,8.957887649536133,8.978149
chelsea-4k-roi,baseline,3,216,7.979104042053223,1.0139199495315552,8.993023872375488,9.012682
chelsea-4k-roi,baseline,3,217,7.975872039794922,1.0148799419403076,8.990752220153809,9.016127
chelsea-4k-roi,baseline,3,218,7.9752960205078125,1.014240026473999,8.98953628540039,9.009518
chelsea-4k-roi,baseline,3,219,7.969567775726318,1.012895941734314,8.982463836669922,9.006382
chelsea-4k-roi,baseline,3,220,7.99945592880249,1.0315519571304321,9.031007766723633,9.055918
chelsea-4k-roi,baseline,3,221,8.039199829101562,1.031999945640564,9.071200370788574,9.092853
chelsea-4k-roi,baseline,3,222,8.033247947692871,1.0249279737472534,9.058176040649414,9.07763
chelsea-4k-roi,baseline,3,223,8.015423774719238,1.0223679542541504,9.037792205810547,9.05758
chelsea-4k-roi,baseline,3,224,8.025440216064453,1.0173439979553223,9.042783737182617,9.069328
chelsea-4k-roi,baseline,3,225,7.9621758460998535,1.0105600357055664,8.972736358642578,8.993733
chelsea-4k-roi,baseline,3,226,7.947648048400879,1.0092480182647705,8.95689582824707,8.980613
chelsea-4k-roi,baseline,3,227,8.000224113464355,1.0204479694366455,9.020671844482422,9.046153
chelsea-4k-roi,baseline,3,228,8.003487586975098,1.0189440250396729,9.022432327270508,9.046844
chelsea-4k-roi,baseline,3,229,8.04047966003418,1.0312639474868774,9.071743965148926,9.094115
chelsea-4k-roi,baseline,3,230,8.038496017456055,1.031008005142212,9.069503784179688,9.092703
chelsea-4k-roi,baseline,3,231,8.020352363586426,1.021407961845398,9.041760444641113,9.065392
chelsea-4k-roi,baseline,3,232,8.021183967590332,1.0239360332489014,9.045120239257812,9.069849
chelsea-4k-roi,baseline,3,233,8.01632022857666,1.0190399885177612,9.035360336303711,9.056408
chelsea-4k-roi,baseline,3,234,8.009056091308594,1.0186879634857178,9.02774429321289,9.048626
chelsea-4k-roi,baseline,3,235,7.984576225280762,1.0178560018539429,9.002431869506836,9.022447
chelsea-4k-roi,baseline,3,236,7.941472053527832,1.008288025856018,8.949760437011719,8.970418
chelsea-4k-roi,baseline,3,237,7.945888042449951,1.0091520547866821,8.955039978027344,8.977829
chelsea-4k-roi,baseline,3,238,7.942944049835205,1.009503960609436,8.952447891235352,8.974995
chelsea-4k-roi,baseline,3,239,7.967743873596191,1.0078400373458862,8.975584030151367,9.000053
chelsea-4k-roi,baseline,3,240,8.011199951171875,1.0235519409179688,9.034751892089844,9.05724
chelsea-4k-roi,baseline,3,241,7.995808124542236,1.024351954460144,9.020159721374512,9.042638
chelsea-4k-roi,baseline,3,242,8.022047996520996,1.023136019706726,9.045184135437012,9.068357
chelsea-4k-roi,baseline,3,243,8.005855560302734,1.0230400562286377,9.02889633178711,9.053104
chelsea-4k-roi,baseline,3,244,8.014304161071777,1.0112320184707642,9.025535583496094,9.049207
chelsea-4k-roi,baseline,3,245,7.981919765472412,1.0116480588912964,8.993568420410156,9.020975
chelsea-4k-roi,baseline,3,246,7.975200176239014,1.012671947479248,8.987872123718262,9.019412
chelsea-4k-roi,baseline,3,247,7.936255931854248,0.9993919730186462,8.935647964477539,8.959041
chelsea-4k-roi,baseline,3,248,7.944863796234131,1.0033279657363892,8.94819164276123,8.970048
chelsea-4k-roi,baseline,3,249,8.050880432128906,1.0306559801101685,9.081536293029785,9.108357
chelsea-4k-roi,baseline,3,250,8.037983894348145,1.030079960823059,9.068063735961914,9.091452
chelsea-4k-roi,baseline,3,251,8.063360214233398,1.0465600490570068,9.109919548034668,9.132925
chelsea-4k-roi,baseline,3,252,8.079744338989258,1.0459519624710083,9.125696182250977,9.147907
chelsea-4k-roi,baseline,3,253,8.087039947509766,1.0343999862670898,9.121439933776855,9.140255
chelsea-4k-roi,baseline,3,254,8.058783531188965,1.035264015197754,9.094047546386719,9.119494
chelsea-4k-roi,baseline,3,255,8.048800468444824,1.0147839784622192,9.063584327697754,9.091101
chelsea-4k-roi,baseline,3,256,7.986656188964844,1.014143943786621,9.000800132751465,9.027915
chelsea-4k-roi,baseline,3,257,8.002528190612793,1.0164159536361694,9.018943786621094,9.043558
chelsea-4k-roi,baseline,3,258,7.974016189575195,1.0135680437088013,8.987584114074707,9.010258
chelsea-4k-roi,baseline,3,259,7.980607986450195,1.0113279819488525,8.991935729980469,9.018121
chelsea-4k-roi,baseline,3,260,7.982048034667969,1.0206079483032227,9.002655982971191,9.027404
chelsea-4k-roi,baseline,3,261,7.979360103607178,1.021440029144287,9.000800132751465,9.024119
chelsea-4k-roi,baseline,3,262,8.037983894348145,1.0298240184783936,9.067808151245117,9.093444
chelsea-4k-roi,baseline,3,263,8.018303871154785,1.0292479991912842,9.047552108764648,9.068787
chelsea-4k-roi,baseline,3,264,8.015040397644043,1.0239039659500122,9.038944244384766,9.05787
chelsea-4k-roi,baseline,3,265,8.020383834838867,1.0255039930343628,9.04588794708252,9.069158
chelsea-4k-roi,baseline,3,266,8.021535873413086,1.0158720016479492,9.037407875061035,9.059783
chelsea-4k-roi,baseline,3,267,7.983520030975342,1.0172159671783447,9.000736236572266,9.021575
chelsea-4k-roi,baseline,3,268,8.000224113464355,1.0135999917984009,9.013824462890625,9.034424
chelsea-4k-roi,baseline,3,269,7.984608173370361,1.0024000406265259,8.987008094787598,9.009197
chelsea-4k-roi,baseline,3,270,7.96073579788208,1.007040023803711,8.96777629852295,8.990589
chelsea-4k-roi,baseline,3,271,7.966847896575928,1.0117759704589844,8.97862434387207,8.99825
chelsea-4k-roi,baseline,3,272,7.970655918121338,1.0137920379638672,8.984448432922363,9.003498
chelsea-4k-roi,baseline,3,273,8.048447608947754,1.0465279817581177,9.094976425170898,9.118482
chelsea-4k-roi,baseline,3,274,8.074175834655762,1.0491199493408203,9.123295783996582,9.145383
chelsea-4k-roi,baseline,3,275,8.065376281738281,1.0312639474868774,9.096639633178711,9.115999
chelsea-4k-roi,baseline,3,276,8.037759780883789,1.0314879417419434,9.06924819946289,9.090069
chelsea-4k-roi,baseline,3,277,8.035039901733398,1.0198719501495361,9.054911613464355,9.074976
chelsea-4k-roi,baseline,3,278,7.977791786193848,1.0229120254516602,9.000703811645508,9.021886
chelsea-4k-roi,baseline,3,279,7.999839782714844,1.0176639556884766,9.01750373840332,9.039803
chelsea-4k-roi,baseline,3,280,7.964928150177002,1.0112320184707642,8.976160049438477,8.996137
chelsea-4k-roi,baseline,3,281,7.959904193878174,1.0145280361175537,8.974431991577148,8.993863
chelsea-4k-roi,baseline,3,282,7.9844160079956055,1.0138239860534668,8.99824047088623,9.021055
chelsea-4k-roi,baseline,3,283,7.977856159210205,1.0098240375518799,8.987680435180664,9.007435
chelsea-4k-roi,baseline,3,284,8.022656440734863,1.0415680408477783,9.064224243164062,9.086143
chelsea-4k-roi,baseline,3,285,8.069567680358887,1.0390080213546753,9.108575820922852,9.12992
chelsea-4k-roi,baseline,3,286,8.041952133178711,1.0253759622573853,9.067328453063965,9.087385
chelsea-4k-roi,baseline,3,287,8.011551856994629,1.0210880041122437,9.03264045715332,9.051981
chelsea-4k-roi,baseline,3,288,8.005791664123535,1.0127359628677368,9.01852798461914,9.0377
chelsea-4k-roi,baseline,3,289,7.975456237792969,1.0138880014419556,8.989343643188477,9.008987
chelsea-4k-roi,baseline,3,290,7.972671985626221,1.0153919458389282,8.98806381225586,9.005671
chelsea-4k-roi,baseline,3,291,7.977888107299805,1.012992024421692,8.990880012512207,9.01131
chelsea-4k-roi,baseline,3,292,7.967328071594238,1.0122239589691162,8.979552268981934,8.997779
chelsea-4k-roi,baseline,3,293,8.019424438476562,1.0327359437942505,9.052160263061523,9.072573
chelsea-4k-roi,baseline,3,294,8.019136428833008,1.0309439897537231,9.050080299377441,9.069779
chelsea-4k-roi,baseline,3,295,8.052096366882324,1.0396480560302734,9.091744422912598,9.109889
chelsea-4k-roi,baseline,3,296,8.050175666809082,1.0437439680099487,9.09391975402832,9.122318
chelsea-4k-roi,baseline,3,297,8.03439998626709,1.034783959388733,9.069184303283691,9.089368
chelsea-4k-roi,baseline,3,298,8.048640251159668,1.036128044128418,9.084768295288086,9.104271
chelsea-4k-roi,baseline,3,299,8.030879974365234,1.0140479803085327,9.044927597045898,9.06402
