frame,lane,variant,arrival_s,submission_s,status,completion_s,arrival_to_completion_ms,gpu_pipeline_ms
0,2,0,0.0,4.998873919248581e-07,completed,0.03428459586575627,34.28459586575627,33.90188980102539
1,3,0,0.004166666666666667,0.004259796813130379,completed,0.042758970987051725,38.59230432038506,38.2347526550293
2,0,0,0.008333333333333333,0.0083979950286448,completed,0.05376564082689583,45.432307493562504,42.773441314697266
3,1,0,0.0125,0.012521773809567094,completed,0.062166126910597086,49.666126910597086,47.307777404785156
4,2,1,0.016666666666666666,0.016745891887694597,completed,0.06901288800872862,52.34622134206196,34.60985565185547
5,3,1,0.020833333333333332,0.02096493891440332,completed,0.07754466193728149,56.71132860394816,34.704254150390625
6,0,1,0.025,0.025060887914150953,completed,0.08721399586647749,62.21399586647749,34.7432975769043
7,1,1,0.029166666666666667,0.029284865828230977,completed,0.09558513201773167,66.418465351065,34.74492645263672
8,2,0,0.03333333333333333,0.03335135499946773,dropped_queue_full,,,
9,3,0,0.0375,0.037534252973273396,dropped_queue_full,,,
10,0,0,0.041666666666666664,0.04168947180733085,dropped_queue_full,,,
11,1,0,0.04583333333333333,0.045846579829230905,dropped_queue_full,,,
12,2,1,0.05,0.05000603781081736,completed,0.10391482780687511,53.91482780687511,34.63564682006836
13,3,1,0.05416666666666667,0.054244425846263766,completed,0.11228992394171655,58.12325727504988,34.54252624511719
14,0,1,0.058333333333333334,0.05844363383948803,completed,0.1248336888384074,66.50035550507407,34.68531036376953
15,1,1,0.0625,0.06260312185622752,completed,0.12976395897567272,67.26395897567272,34.71980667114258
16,2,0,0.06666666666666667,0.06681943987496197,dropped_queue_full,,,
17,3,0,0.07083333333333333,0.0708962888456881,dropped_queue_full,,,
18,0,0,0.075,0.07506300695240498,dropped_queue_full,,,
19,1,0,0.07916666666666666,0.07927283481694758,dropped_queue_full,,,
20,2,1,0.08333333333333333,0.08343871403485537,completed,0.13888183794915676,55.54850461582343,34.789791107177734
21,3,1,0.0875,0.08753614197485149,completed,0.1496707198675722,62.170719867572195,34.86163330078125
22,0,1,0.09166666666666666,0.09178911987692118,completed,0.15805621584877372,66.38954918210706,34.816097259521484
23,1,1,0.09583333333333333,0.095906768925488,completed,0.16465068981051445,68.81735647718112,34.77859115600586
24,2,0,0.1,0.10001775692217052,dropped_queue_full,,,
25,3,0,0.10416666666666667,0.10423203487880528,dropped_queue_full,,,
26,0,0,0.10833333333333334,0.10844122292473912,dropped_queue_full,,,
27,1,0,0.1125,0.1126068509183824,dropped_queue_full,,,
28,2,1,0.11666666666666667,0.11668863985687494,completed,0.17376055801287293,57.09389134620626,34.741600036621094
29,3,1,0.12083333333333333,0.12083625886589289,completed,0.18304356490261853,62.21023156928519,34.74380874633789
30,0,1,0.125,0.1251554349437356,completed,0.19155257986858487,66.55257986858487,34.859615325927734
31,1,1,0.12916666666666665,0.12928525381721556,dropped_queue_full,,,
32,2,0,0.13333333333333333,0.1334391119889915,dropped_queue_full,,,
33,3,0,0.1375,0.13761587091721594,dropped_queue_full,,,
34,0,0,0.14166666666666666,0.14169024000875652,dropped_queue_full,,,
35,1,0,0.14583333333333334,0.14584787795320153,completed,0.19954165001399815,53.70831668066481,34.76348876953125
36,2,1,0.15,0.1501479148864746,completed,0.20870239799842238,58.70239799842239,34.88115310668945
37,3,1,0.15416666666666667,0.15428358386270702,completed,0.2205615588463843,66.39489217971762,34.951393127441406
38,0,1,0.15833333333333333,0.1583787528797984,completed,0.2260771240107715,67.74379067743818,34.998592376708984
39,1,1,0.1625,0.1626037599053234,dropped_queue_full,,,
40,2,0,0.16666666666666666,0.16669040895067155,dropped_queue_full,,,
41,3,0,0.17083333333333334,0.1708501079119742,dropped_queue_full,,,
42,0,0,0.175,0.17501744581386447,dropped_queue_full,,,
43,1,0,0.17916666666666667,0.1792256038170308,completed,0.23476177686825395,55.595110201587275,35.07350540161133
44,2,1,0.18333333333333332,0.18336395197547972,completed,0.24558816896751523,62.25483563418191,34.86326217651367
45,3,1,0.1875,0.18752603000029922,completed,0.2537776369135827,66.27763691358268,34.731998443603516
46,0,1,0.19166666666666665,0.1917172980029136,completed,0.26091466494835913,69.24799828169247,34.69203186035156
47,1,1,0.19583333333333333,0.19585308688692749,dropped_queue_full,,,
48,2,0,0.2,0.20001731486991048,dropped_queue_full,,,
49,3,0,0.20416666666666666,0.20422130287624896,dropped_queue_full,,,
50,0,0,0.20833333333333334,0.20837832102552056,dropped_queue_full,,,
51,1,0,0.2125,0.21259329887107015,completed,0.2697011169511825,57.20111695118249,34.69356918334961
52,2,1,0.21666666666666667,0.21674927789717913,completed,0.2788015559781343,62.1348893114676,34.74668884277344
53,3,1,0.22083333333333333,0.2208827759604901,completed,0.28728822083212435,66.45488749879102,34.79439926147461
54,0,1,0.225,0.22515607299283147,dropped_queue_full,,,
55,1,1,0.22916666666666666,0.22922197286970913,dropped_queue_full,,,
56,2,0,0.23333333333333334,0.23337760102003813,dropped_queue_full,,,
57,3,0,0.2375,0.23759806901216507,dropped_queue_full,,,
58,0,0,0.24166666666666667,0.24175197700969875,completed,0.295913334004581,54.2466673379143,34.81190490722656
59,1,0,0.24583333333333332,0.24591005500406027,completed,0.30454576783813536,58.71243450480204,34.71318435668945
60,2,1,0.25,0.25003142398782074,completed,0.3162525009829551,66.2525009829551,34.62556838989258
61,3,1,0.25416666666666665,0.2542552219238132,completed,0.3218963339459151,67.72966727924845,34.59846496582031
62,0,1,0.2583333333333333,0.2584416198078543,dropped_queue_full,,,
63,1,1,0.2625,0.2625960579607636,dropped_queue_full,,,
64,2,0,0.26666666666666666,0.2667526069562882,dropped_queue_full,,,
65,3,0,0.2708333333333333,0.27095933398231864,dropped_queue_full,,,
66,0,0,0.275,0.2750058139208704,completed,0.3305450368206948,55.54503682069478,34.57932662963867
67,1,0,0.2791666666666667,0.27928282087668777,completed,0.3412742998916656,62.10763322499891,34.617759704589844
68,2,1,0.2833333333333333,0.2833479398395866,completed,0.34959869598969817,66.26536265636484,34.78217697143555
69,3,1,0.2875,0.2876081180293113,completed,0.3570693419314921,69.56934193149212,35.05321502685547
70,0,1,0.2916666666666667,0.2917327359318733,dropped_queue_full,,,
71,1,1,0.29583333333333334,0.2959105339832604,dropped_queue_full,,,
72,2,0,0.3,0.3000019728206098,dropped_queue_full,,,
73,3,0,0.30416666666666664,0.30422178097069263,dropped_queue_full,,,
74,0,0,0.30833333333333335,0.3084376589395106,completed,0.3656988248694688,57.36549153613546,35.01830291748047
75,1,0,0.3125,0.31250516790896654,completed,0.37464195489883423,62.14195489883423,34.94895935058594
76,2,1,0.31666666666666665,0.3167284259106964,completed,0.3831558199599385,66.48915329327187,34.71839904785156
77,3,1,0.3208333333333333,0.3209459939971566,dropped_queue_full,,,
78,0,1,0.325,0.3250040428247303,dropped_queue_full,,,
79,1,1,0.32916666666666666,0.32928256993182003,dropped_queue_full,,,
80,2,0,0.3333333333333333,0.3333720189984888,dropped_queue_full,,,
81,3,0,0.3375,0.3375347969122231,completed,0.3917040848173201,54.20408481732009,34.466590881347656
82,0,0,0.3416666666666667,0.3417619648389518,completed,0.40058396593667567,58.917299270008996,34.544254302978516
83,1,0,0.3458333333333333,0.3458524940069765,completed,0.41217719903215766,66.34386569882433,34.600032806396484
84,2,1,0.35,0.35007689194753766,completed,0.4179962908383459,67.99629083834591,34.6558723449707
85,3,1,0.3541666666666667,0.3542843589093536,dropped_queue_full,,,
86,0,1,0.35833333333333334,0.3584396478254348,dropped_queue_full,,,
87,1,1,0.3625,0.36259669600985944,dropped_queue_full,,,
88,2,0,0.36666666666666664,0.3667548450175673,dropped_queue_full,,,
89,3,0,0.37083333333333335,0.37090986291877925,completed,0.4264468860346824,55.61355270134904,34.646175384521484
90,0,0,0.375,0.3751205909065902,completed,0.43719099881127477,62.19099881127477,34.68793487548828
91,1,0,0.37916666666666665,0.379242158960551,completed,0.44568118383176625,66.51451716509959,34.81190490722656
92,2,1,0.3833333333333333,0.38344708690419793,completed,0.45301161985844374,69.67828652511044,34.90403366088867
93,3,1,0.3875,0.3876523650251329,dropped_queue_full,,,
94,0,1,0.39166666666666666,0.39169941493310034,dropped_queue_full,,,
95,1,1,0.3958333333333333,0.39591034199111164,dropped_queue_full,,,
96,2,0,0.4,0.4000666309148073,dropped_queue_full,,,
97,3,0,0.4041666666666667,0.40417140000499785,completed,0.46160296397283673,57.43629730617006,34.98963165283203
98,0,0,0.4083333333333333,0.408444246975705,completed,0.4705124848987907,62.17915156545739,35.004608154296875
99,1,0,0.4125,0.4126546748448163,completed,0.4791125988122076,66.61259881220761,34.92892837524414
100,2,1,0.4166666666666667,0.4167327538598329,dropped_queue_full,,,
101,3,1,0.42083333333333334,0.420906581915915,dropped_queue_full,,,
102,0,1,0.425,0.4250641299877316,dropped_queue_full,,,
103,1,1,0.42916666666666664,0.42926961788907647,dropped_queue_full,,,
104,2,0,0.43333333333333335,0.43343938584439456,completed,0.4880288590211421,54.695525687808775,34.918113708496094
105,3,0,0.4375,0.43751159496605396,completed,0.49670526199042797,59.20526199042797,34.93699264526367
106,0,0,0.44166666666666665,0.44171485281549394,completed,0.5080721278209239,66.40546115425727,35.02000045776367
107,1,0,0.4458333333333333,0.44584502186626196,completed,0.5142266568727791,68.39332353944583,35.07513427734375
108,2,1,0.45,0.45008711982518435,dropped_queue_full,,,
109,3,1,0.45416666666666666,0.45422280789352953,dropped_queue_full,,,
110,0,1,0.4583333333333333,0.45837833592668176,dropped_queue_full,,,
111,1,1,0.46249999999999997,0.46254814486019313,dropped_queue_full,,,
112,2,0,0.4666666666666667,0.4667529829312116,completed,0.5232882359996438,56.62156933297713,35.102657318115234
113,3,0,0.4708333333333333,0.470834351843223,completed,0.5330286580137908,62.19532468045752,35.026432037353516
114,0,0,0.475,0.47503079986199737,completed,0.5413921948056668,66.39219480566683,35.101280212402344
115,1,0,0.4791666666666667,0.4792730768676847,completed,0.5495991120114923,70.43244534482557,35.24921417236328
116,2,1,0.48333333333333334,0.4833795358426869,dropped_queue_full,,,
117,3,1,0.4875,0.48755075386725366,dropped_queue_full,,,
118,0,1,0.49166666666666664,0.491755201946944,dropped_queue_full,,,
119,1,1,0.49583333333333335,0.4959116098470986,dropped_queue_full,,,
120,2,0,0.5,0.5000050289090723,completed,0.5587040109094232,58.70401090942323,35.26316833496094
121,3,0,0.5041666666666667,0.5042838358785957,completed,0.5705884918570518,66.42182519038519,35.30851364135742
122,0,0,0.5083333333333333,0.5083958448376507,completed,0.5762312458828092,67.89791254947586,35.374305725097656
123,1,0,0.5125,0.5126563319936395,dropped_queue_full,,,
124,2,1,0.5166666666666666,0.5166942819487303,dropped_queue_full,,,
125,3,1,0.5208333333333334,0.5208476400002837,dropped_queue_full,,,
126,0,1,0.525,0.5250153390225023,dropped_queue_full,,,
127,1,1,0.5291666666666667,0.529222666984424,completed,0.5850750769022852,55.90841023561855,35.235008239746094
128,2,0,0.5333333333333333,0.5333496248349547,completed,0.5955168218351901,62.18348850185673,35.20956802368164
129,3,0,0.5375,0.5376058928668499,completed,0.6038194990251213,66.31949902512136,35.194976806640625
130,0,0,0.5416666666666666,0.5417149309068918,completed,0.6115684709511697,69.9018042845031,35.222145080566406
131,1,0,0.5458333333333333,0.5458615198731422,dropped_queue_full,,,
132,2,1,0.55,0.5500749279744923,dropped_queue_full,,,
133,3,1,0.5541666666666667,0.554196935845539,dropped_queue_full,,,
134,0,1,0.5583333333333333,0.5583799940068275,dropped_queue_full,,,
135,1,1,0.5625,0.5625346929300576,completed,0.620378992985934,57.87899298593402,35.275169372558594
136,2,0,0.5666666666666667,0.5668131599668413,completed,0.6305108410306275,63.84417436396084,35.18217468261719
137,3,0,0.5708333333333333,0.5709093189798295,completed,0.6408470179885626,70.01368465522928,35.102176666259766
138,0,0,0.575,0.5750014979857951,dropped_queue_full,,,
139,1,0,0.5791666666666666,0.5792187948245555,dropped_queue_full,,,
140,2,1,0.5833333333333334,0.5833802139386535,dropped_queue_full,,,
141,3,1,0.5875,0.5875977019313723,dropped_queue_full,,,
142,0,1,0.5916666666666667,0.5917531398590654,completed,0.6468398380093277,55.17317134266098,35.04767990112305
143,1,1,0.5958333333333333,0.5958366089034826,completed,0.6555148710031062,59.68153766977291,34.9271354675293
144,2,0,0.6,0.6000687968917191,completed,0.6684166218619794,68.4166218619794,34.93628692626953
145,3,0,0.6041666666666666,0.6041714658495039,completed,0.6733217330183834,69.15506635171675,34.95955276489258
146,0,0,0.6083333333333333,0.6083830229472369,dropped_queue_full,,,
147,1,0,0.6125,0.6134020430035889,dropped_queue_full,,,
148,2,1,0.6166666666666667,0.6166986699681729,dropped_queue_full,,,
149,3,1,0.6208333333333333,0.6208629778120667,dropped_queue_full,,,
150,0,1,0.625,0.625152574852109,completed,0.6818743569310755,56.874356931075454,34.959007263183594
151,1,1,0.6291666666666667,0.6305035520344973,completed,0.6905617800075561,61.39511334088943,34.959712982177734
152,2,0,0.6333333333333333,0.6356955899391323,completed,0.7014554208144546,68.12208748112126,34.91801452636719
153,3,0,0.6375,0.6408389578573406,completed,0.708145503886044,70.64550388604407,34.90185546875
154,0,0,0.6416666666666666,0.6460240159649402,dropped_dispatch_late,,,
155,1,0,0.6458333333333334,0.6460319559555501,dropped_queue_full,,,
156,2,1,0.65,0.650143964914605,dropped_queue_full,,,
157,3,1,0.6541666666666667,0.654236723901704,dropped_queue_full,,,
158,0,1,0.6583333333333333,0.658343382878229,completed,0.7169880250003189,58.654691666985556,34.973121643066406
159,1,1,0.6625,0.6633800419513136,completed,0.7257272868882865,63.22728688828649,35.032958984375
160,2,0,0.6666666666666666,0.6684094618540257,completed,0.7353417410049587,68.67507433829212,35.05228805541992
161,3,0,0.6708333333333333,0.6733136128168553,completed,0.7432897908147424,72.45645748140916,34.95334243774414
162,0,0,0.675,0.6781915440224111,dropped_queue_full,,,
163,1,0,0.6791666666666667,0.6791766039095819,dropped_queue_full,,,
164,2,1,0.6833333333333333,0.6834497810341418,dropped_queue_full,,,
165,3,1,0.6875,0.6875543398782611,dropped_queue_full,,,
166,0,1,0.6916666666666667,0.6916756490245461,completed,0.7521487029734999,60.482036306833244,34.9486083984375
167,1,1,0.6958333333333333,0.6965776598080993,completed,0.763927694875747,68.09436154241367,34.877567291259766
168,2,0,0.7,0.7014483308885247,completed,0.7698615049012005,69.86150490120058,34.9633903503418
169,3,0,0.7041666666666666,0.706291071837768,dropped_queue_full,,,
170,0,0,0.7083333333333334,0.7084437909070402,dropped_queue_full,,,
171,1,0,0.7125,0.7125544790178537,dropped_queue_full,,,
172,2,1,0.7166666666666667,0.7168187268543988,dropped_queue_full,,,
173,3,1,0.7208333333333333,0.720915675861761,completed,0.7784124098252505,57.57907649191718,34.9736328125
174,0,1,0.725,0.7257208379451185,completed,0.7883185998070985,63.31859980709853,34.9169921875
175,1,1,0.7291666666666666,0.7305343088228256,completed,0.7980014828499407,68.83481618327403,34.86396789550781
176,2,0,0.7333333333333333,0.7353345509618521,completed,0.8046096668113023,71.27633347796902,34.580543518066406
177,3,0,0.7375,0.7401649528183043,dropped_queue_full,,,
178,0,0,0.7416666666666667,0.7417196568567306,dropped_queue_full,,,
179,1,0,0.7458333333333333,0.745991573901847,dropped_queue_full,,,
180,2,1,0.75,0.7500756639055908,dropped_queue_full,,,
181,3,1,0.7541666666666667,0.7541916219051927,completed,0.8130889518652111,58.92228519854448,34.53839874267578
182,0,1,0.7583333333333333,0.7590698928106576,completed,0.8264424579683691,68.10912463503583,34.602046966552734
183,1,1,0.7625,0.7639212650246918,completed,0.8313037189655006,68.80371896550064,34.594974517822266
184,2,0,0.7666666666666666,0.7689714238513261,dropped_queue_full,,,
185,3,0,0.7708333333333334,0.770975753897801,dropped_queue_full,,,
186,0,0,0.775,0.7750765529926866,dropped_queue_full,,,
187,1,0,0.7791666666666667,0.7792087318375707,dropped_queue_full,,,
188,2,1,0.7833333333333333,0.7834405489265919,completed,0.8393528389278799,56.0195055945466,34.5832633972168
189,3,1,0.7875,0.7883131499402225,completed,0.8478788228239864,60.37882282398643,34.600318908691406
190,0,1,0.7916666666666666,0.7931452218908817,completed,0.8598168438766152,68.15017720994854,34.583614349365234
191,1,1,0.7958333333333333,0.7979948630090803,completed,0.8651631199754775,69.32978664214417,34.528865814208984
192,2,0,0.8,0.8028493148740381,dropped_queue_full,,,
193,3,0,0.8041666666666667,0.8042830899357796,dropped_queue_full,,,
194,0,0,0.8083333333333333,0.8083666388411075,dropped_queue_full,,,
195,1,0,0.8125,0.8126002468634397,dropped_queue_full,,,
196,2,1,0.8166666666666667,0.8167174959089607,completed,0.873990261927247,57.3235952605804,34.523616790771484
197,3,1,0.8208333333333333,0.8215940068475902,completed,0.8840896310284734,63.25629769514008,34.51891326904297
198,0,1,0.825,0.8264369280077517,completed,0.8937938630115241,68.79386301152412,34.552574157714844
199,1,1,0.8291666666666666,0.8312974800355732,completed,0.899923481978476,70.75681531180945,34.6143684387207
200,2,0,0.8333333333333334,0.8361660810187459,dropped_queue_full,,,
201,3,0,0.8375,0.8376001159194857,dropped_queue_full,,,
202,0,0,0.8416666666666667,0.8417133649345487,dropped_queue_full,,,
203,1,0,0.8458333333333333,0.8459818619303405,dropped_queue_full,,,
204,2,1,0.85,0.8500773010309786,completed,0.9087262838147581,58.726283814758084,34.58208084106445
205,3,1,0.8541666666666666,0.8549614318180829,completed,0.9173931668046862,63.22650013801956,34.50815963745117
206,0,1,0.8583333333333333,0.8598112538456917,completed,0.9271509188693017,68.81758553596839,34.45587158203125
207,1,1,0.8624999999999999,0.8646699548698962,dropped_queue_full,,,
208,2,0,0.8666666666666667,0.8667187648825347,dropped_queue_full,,,
209,3,0,0.8708333333333333,0.8709727919194847,dropped_queue_full,,,
210,0,0,0.875,0.8750774809159338,dropped_queue_full,,,
211,1,0,0.8791666666666667,0.879192590015009,completed,0.9344033959787339,55.23672931206725,34.383968353271484
212,2,1,0.8833333333333333,0.8840819108299911,completed,0.943245017901063,59.911684567729665,34.30579376220703
213,3,1,0.8875,0.8889368018135428,completed,0.9556627029087394,68.16270290873949,34.26451110839844
214,0,1,0.8916666666666666,0.8937882229220122,completed,0.960541615029797,68.87494836313036,34.346336364746094
215,1,1,0.8958333333333334,0.8986303249839693,dropped_queue_full,,,
216,2,0,0.9,0.9000870699528605,dropped_queue_full,,,
217,3,0,0.9041666666666667,0.9041846888139844,dropped_queue_full,,,
218,0,0,0.9083333333333333,0.9083947569597512,dropped_queue_full,,,
219,1,0,0.9125,0.9125074159819633,completed,0.9688749408815056,56.37494088150563,34.36886215209961
220,2,1,0.9166666666666666,0.9173846568446606,completed,0.9777681219857186,61.10145531905198,34.407264709472656
221,3,1,0.9208333333333333,0.9222912178374827,completed,0.9891193078365177,68.2859745031844,34.39731216430664
222,0,1,0.9249999999999999,0.9271455488633364,completed,0.9947703508660197,69.7703508660198,34.413631439208984
223,1,1,0.9291666666666667,0.9320411998778582,dropped_queue_full,,,
224,2,0,0.9333333333333333,0.9334414058830589,dropped_queue_full,,,
225,3,0,0.9375,0.9375553650315851,dropped_queue_full,,,
226,0,0,0.9416666666666667,0.9418222818057984,dropped_queue_full,,,
227,1,0,0.9458333333333333,0.9459182508289814,completed,1.0034491049591452,57.61577162581189,34.36067199707031
228,2,1,0.95,0.9507868320215493,completed,1.0132589158602059,63.25891586020593,34.31903839111328
229,3,1,0.9541666666666666,0.9556547438260168,completed,1.0229816490318626,68.81498236519602,34.468257904052734
230,0,1,0.9583333333333334,0.9605361348949373,completed,1.029568692902103,71.2353595687697,34.59779357910156
231,1,1,0.9625,0.9654076758306473,dropped_queue_full,,,
232,2,0,0.9666666666666667,0.9666912229731679,dropped_queue_full,,,
233,3,0,0.9708333333333333,0.9709200710058212,dropped_queue_full,,,
234,0,0,0.975,0.9750256789848208,dropped_queue_full,,,
235,1,0,0.9791666666666666,0.9792005878407508,completed,1.0380885070189834,58.921840352316735,34.617919921875
236,2,1,0.9833333333333333,0.9842544270213693,completed,1.0514269338455051,68.09360051217183,34.636478424072266
237,3,1,0.9874999999999999,0.9891112479381263,completed,1.0563059549313039,68.80595493130393,34.51942443847656
238,0,1,0.9916666666666667,0.9939632799942046,dropped_queue_full,,,
239,1,1,0.9958333333333333,0.9958871998824179,dropped_queue_full,,,
240,2,0,1.0,1.0001384478528053,dropped_queue_full,,,
241,3,0,1.0041666666666667,1.0042456169612706,dropped_queue_full,,,
242,0,0,1.0083333333333333,1.008394684875384,completed,1.0641608559526503,55.82752261931701,34.47897720336914
243,1,0,1.0125,1.0132517060264945,completed,1.0728363590314984,60.336359031498475,34.46681594848633
244,2,1,1.0166666666666666,1.0181048079393804,completed,1.0850950658787042,68.42839921203759,34.55545425415039
245,3,1,1.0208333333333333,1.0229737788904458,completed,1.0904560729395598,69.62273960622656,34.87299346923828
246,0,1,1.025,1.027956168865785,dropped_queue_full,,,
247,1,1,1.0291666666666666,1.029243015917018,dropped_queue_full,,,
248,2,0,1.0333333333333332,1.0333489449694753,dropped_queue_full,,,
249,3,0,1.0375,1.037602192023769,dropped_queue_full,,,
250,0,0,1.0416666666666667,1.0417133008595556,completed,1.0991479558870196,57.48128922035289,34.984161376953125
251,1,0,1.0458333333333334,1.0465595428831875,completed,1.1090430568438023,63.20972351046894,35.010337829589844
252,2,1,1.05,1.0514196138828993,completed,1.1194646519143134,69.4646519143134,34.79983901977539
253,3,1,1.0541666666666667,1.0562977648805827,completed,1.1252942939754575,71.12762730879085,34.73788833618164
254,0,1,1.0583333333333333,1.0611508858855814,dropped_queue_full,,,
255,1,1,1.0625,1.0625663518439978,dropped_queue_full,,,
256,2,0,1.0666666666666667,1.0668221698142588,dropped_queue_full,,,
257,3,0,1.0708333333333333,1.0709195178933442,dropped_queue_full,,,
258,0,0,1.075,1.0750280970241874,completed,1.133991425856948,58.99142585694794,34.69539260864258
259,1,0,1.0791666666666666,1.0800345370080322,completed,1.1473390329629183,68.17236629625168,34.69753646850586
260,2,1,1.0833333333333333,1.085087925894186,completed,1.1522019838448614,68.86865051152813,34.72265625
261,3,1,1.0875,1.0902703749015927,dropped_queue_full,,,
262,0,1,1.0916666666666666,1.0917296400293708,dropped_queue_full,,,
263,1,1,1.0958333333333332,1.0959788169711828,dropped_queue_full,,,
264,2,0,1.1,1.1000811259727925,dropped_queue_full,,,
265,3,0,1.1041666666666667,1.1041860049590468,completed,1.1602662929799408,56.09962631327403,34.7894401550293
266,0,0,1.1083333333333334,1.1090363468974829,completed,1.1689921158831567,60.658782549823265,34.872737884521484
267,1,0,1.1125,1.1145881509874016,completed,1.1806101689580828,68.11016895808275,34.88460922241211
268,2,1,1.1166666666666667,1.1194574318360537,completed,1.186770087806508,70.10342113984125,34.86985778808594
269,3,1,1.1208333333333333,1.1243307529948652,dropped_queue_full,,,
270,0,1,1.125,1.1251374250277877,dropped_queue_full,,,
271,1,1,1.1291666666666667,1.1292355540208519,dropped_queue_full,,,
272,2,0,1.1333333333333333,1.1333462628535926,dropped_queue_full,,,
273,3,0,1.1375,1.1376024498604238,completed,1.195183222880587,57.683222880587024,34.79033660888672
274,0,0,1.1416666666666666,1.1424790208693594,completed,1.2049696748144925,63.30300814782586,34.77734375
275,1,0,1.1458333333333333,1.1473328229039907,completed,1.2149569150060415,69.12358167270827,34.68537521362305
276,2,1,1.15,1.1521944638807327,completed,1.2215651988517493,71.56519885174939,34.66291046142578
277,3,1,1.1541666666666666,1.1570910648442805,dropped_queue_full,,,
278,0,1,1.1583333333333332,1.1583752918522805,dropped_queue_full,,,
279,1,1,1.1625,1.1626498089171946,dropped_queue_full,,,
280,2,0,1.1666666666666667,1.1667590979486704,dropped_queue_full,,,
281,3,0,1.1708333333333334,1.1708707970101386,completed,1.2300881929695606,59.25485963622723,34.727264404296875
282,0,0,1.175,1.1757215578109026,completed,1.2431219529826194,68.12195298261936,34.77260971069336
283,1,0,1.1791666666666667,1.180603738874197,completed,1.2479856638237834,68.8189971571167,34.84467315673828
284,2,1,1.1833333333333333,1.185485869878903,dropped_queue_full,,,
285,3,1,1.1875,1.187570049893111,dropped_queue_full,,,
286,0,1,1.1916666666666667,1.1917146679479629,dropped_queue_full,,,
287,1,1,1.1958333333333333,1.1959791448898613,dropped_queue_full,,,
288,2,0,1.2,1.2000753139145672,completed,1.2566063578706235,56.60635787062351,34.868350982666016
289,3,0,1.2041666666666666,1.2049643248319626,completed,1.2649914838839322,60.824817217265625,34.814208984375
290,0,0,1.2083333333333333,1.2098095868714154,completed,1.27644791896455,68.11458563121664,34.89583969116211
291,1,0,1.2125,1.2149502648971975,completed,1.282429558923468,69.92955892346808,34.81139373779297
292,2,1,1.2166666666666666,1.2198145859874785,dropped_queue_full,,,
293,3,1,1.2208333333333332,1.220920414896682,dropped_queue_full,,,
294,0,1,1.225,1.225029073888436,dropped_queue_full,,,
295,1,1,1.2291666666666667,1.229282721877098,dropped_queue_full,,,
296,2,0,1.2333333333333334,1.2333964998833835,completed,1.29145018896088,58.11685562754665,34.74067306518555
297,3,0,1.2375,1.238290520850569,completed,1.301112781977281,63.61278197728093,34.681793212890625
298,0,0,1.2416666666666667,1.2431164130102843,completed,1.31079304497689,69.12637831022339,34.71593475341797
299,1,0,1.2458333333333333,1.2479795238468796,completed,1.3174475878477097,71.61425451437631,34.79257583618164
300,2,1,1.25,1.2528389659710228,dropped_queue_full,,,
301,3,1,1.2541666666666667,1.25424032099545,dropped_queue_full,,,
302,0,1,1.2583333333333333,1.258357509970665,dropped_queue_full,,,
303,1,1,1.2625,1.2626001378521323,dropped_queue_full,,,
304,2,0,1.2666666666666666,1.266710446914658,completed,1.3262908589094877,59.62419224282112,34.7400016784668
305,3,0,1.2708333333333333,1.2715950978454202,completed,1.338989291805774,68.15595847244072,34.77561569213867
306,0,0,1.275,1.276442278875038,completed,1.3438301638234407,68.83016382344076,34.710208892822266
307,1,0,1.2791666666666666,1.2813022199552506,dropped_queue_full,,,
308,2,1,1.2833333333333332,1.2833863098639995,dropped_queue_full,,,
309,3,1,1.2875,1.2875036778859794,dropped_queue_full,,,
310,0,1,1.2916666666666667,1.2917708449531347,dropped_queue_full,,,
311,1,1,1.2958333333333334,1.2959160339087248,completed,1.3520317419897765,56.1984086564431,34.548065185546875
312,2,0,1.3,1.3011048720218241,completed,1.361038220813498,61.03822081349786,34.55062484741211
313,3,0,1.3041666666666667,1.3059521329123527,completed,1.3723462978377938,68.17963117112713,34.612159729003906
314,0,0,1.3083333333333333,1.3107876349240541,completed,1.37833605799824,70.00272466490665,34.74016189575195
315,1,0,1.3125,1.315879443893209,dropped_queue_full,,,
316,2,1,1.3166666666666667,1.3166861559730023,dropped_queue_full,,,
317,3,1,1.3208333333333333,1.3209197230171412,dropped_queue_full,,,
318,0,1,1.325,1.3250295920297503,dropped_queue_full,,,
319,1,1,1.3291666666666666,1.3292825890239328,completed,1.3870396509300917,57.87298426342513,34.7845458984375
320,2,0,1.3333333333333333,1.334131910931319,completed,1.3966552240308374,63.32189069750416,34.78246307373047
321,3,0,1.3375,1.3389814018737525,completed,1.4067363429348916,69.23634293489167,34.75743865966797
322,0,0,1.3416666666666666,1.343824613839388,completed,1.4132451778277755,71.57851116110892,34.72217559814453
323,1,0,1.3458333333333332,1.3486863549333066,dropped_queue_full,,,
324,2,1,1.35,1.350129010854289,dropped_queue_full,,,
325,3,1,1.3541666666666667,1.354235759936273,dropped_queue_full,,,
326,0,1,1.3583333333333334,1.3583414279855788,dropped_queue_full,,,
327,1,1,1.3625,1.3625998059287667,completed,1.421926731010899,59.426731010898905,34.742977142333984
328,2,0,1.3666666666666667,1.3674891570117325,completed,1.4348081818316132,68.14151516494648,34.83820724487305
329,3,0,1.3708333333333333,1.3723382379394025,completed,1.4396529039368033,68.81957060347,34.99484634399414
330,0,0,1.375,1.377208678983152,dropped_queue_full,,,
331,1,0,1.3791666666666667,1.3792840288951993,dropped_queue_full,,,
332,2,1,1.3833333333333333,1.3833954569417983,dropped_queue_full,,,
333,3,1,1.3875,1.3875200259499252,dropped_queue_full,,,
334,0,1,1.3916666666666666,1.391758912941441,completed,1.4484452749602497,56.778608293583055,34.98767852783203
335,1,1,1.3958333333333333,1.3966479538939893,completed,1.457155437907204,61.322104573870774,35.080833435058594
336,2,0,1.4,1.401691153878346,completed,1.468148857820779,68.14885782077917,35.09203338623047
337,3,0,1.4041666666666666,1.4067285538185388,completed,1.4748806008137763,70.7139341471097,35.1319694519043
338,0,0,1.4083333333333332,1.411578044993803,dropped_queue_full,,,
339,1,0,1.4125,1.412602934986353,dropped_queue_full,,,
340,2,1,1.4166666666666667,1.416709452867508,dropped_queue_full,,,
341,3,1,1.4208333333333334,1.4209807210136205,dropped_queue_full,,,
342,0,1,1.425,1.4250850898679346,completed,1.4835621039383113,58.562103938311296,35.133567810058594
343,1,1,1.4291666666666667,1.4299477208405733,completed,1.4923869448248297,63.220278158163,35.13859176635742
344,2,0,1.4333333333333333,1.4348006718792021,completed,1.5020919479429722,68.75861460963884,35.046112060546875
345,3,0,1.4375,1.4396448039915413,completed,1.5101329570170492,72.6329570170492,35.10166549682617
346,0,0,1.4416666666666667,1.444473534822464,dropped_queue_full,,,
347,1,0,1.4458333333333333,1.4459237710107118,dropped_queue_full,,,
348,2,1,1.45,1.4500384498387575,dropped_queue_full,,,
349,3,1,1.4541666666666666,1.4542853569146246,dropped_queue_full,,,
350,0,1,1.4583333333333333,1.458394535817206,completed,1.5190329479519278,60.699614618594524,35.29347229003906
351,1,1,1.4625,1.4632720469962806,completed,1.5306265018880367,68.12650188803681,35.298465728759766
352,2,0,1.4666666666666666,1.4681414579972625,completed,1.5367175408173352,70.05087415066869,35.22003173828125
353,3,0,1.4708333333333332,1.4729899298399687,dropped_queue_full,,,
354,0,0,1.475,1.4750432388391346,dropped_queue_full,,,
355,1,0,1.4791666666666667,1.4792828159406781,dropped_queue_full,,,
356,2,1,1.4833333333333334,1.4833924248814583,dropped_queue_full,,,
357,3,1,1.4875,1.4875065239612013,completed,1.545560322003439,58.060322003439026,35.28044891357422
358,0,1,1.4916666666666667,1.492380565032363,completed,1.5549341279547662,63.267461288099454,35.05311965942383
359,1,1,1.4958333333333333,1.497220646822825,completed,1.5644729828927666,68.63964955943325,35.06246566772461
360,2,0,1.5,1.502084877807647,completed,1.5718357488512993,71.83574885129929,35.05097579956055
361,3,0,1.5041666666666667,1.5070968880318105,dropped_queue_full,,,
362,0,0,1.5083333333333333,1.5083789150230587,dropped_queue_full,,,
363,1,0,1.5125,1.5125717129558325,dropped_queue_full,,,
364,2,1,1.5166666666666666,1.5166700319387019,dropped_queue_full,,,
365,3,1,1.5208333333333333,1.5209166689310223,completed,1.5805205719079822,59.68723857464897,34.87254333496094
366,0,1,1.525,1.5257827809546143,completed,1.593020096886903,68.02009688690313,34.9139518737793
367,1,1,1.5291666666666666,1.5306201819330454,completed,1.5981938149780035,69.02714831133694,34.94892883300781
368,2,0,1.5333333333333332,1.5354288138914853,dropped_queue_full,,,
369,3,0,1.5375,1.5375146828591824,dropped_queue_full,,,
370,0,0,1.5416666666666667,1.541757769882679,dropped_queue_full,,,
371,1,0,1.5458333333333334,1.54588104900904,dropped_queue_full,,,
372,2,1,1.55,1.5501339458860457,completed,1.607039505848661,57.03950584866102,35.04246520996094
373,3,1,1.5541666666666667,1.5549287679605186,completed,1.6176082999445498,63.4416332778831,35.33942413330078
374,0,1,1.5583333333333333,1.5597093508113176,completed,1.6272923129145056,68.95897958117226,35.27542495727539
375,1,1,1.5625,1.564466672949493,completed,1.6335711299907416,71.07112999074161,35.1835823059082
376,2,0,1.5666666666666667,1.5692646149545908,dropped_queue_full,,,
377,3,0,1.5708333333333333,1.5708735790103674,dropped_queue_full,,,
378,0,0,1.575,1.5751361260190606,dropped_queue_full,,,
379,1,0,1.5791666666666666,1.5792375749442726,dropped_queue_full,,,
380,2,1,1.5833333333333333,1.5833445438183844,completed,1.6424054619856179,59.07212865228462,35.18931198120117
381,3,1,1.5875,1.5881900950334966,completed,1.655590589856729,68.090589856729,35.04451370239258
382,0,1,1.5916666666666666,1.5930147368926555,completed,1.6604558108374476,68.78914417078109,35.01750564575195
383,1,1,1.5958333333333332,1.59785874793306,dropped_queue_full,,,
384,2,0,1.6,1.6000753559637815,dropped_queue_full,,,
385,3,0,1.6041666666666667,1.6041874550282955,dropped_queue_full,,,
386,0,0,1.6083333333333334,1.6084410918410867,dropped_queue_full,,,
387,1,0,1.6125,1.6125331309158355,completed,1.6686743188183755,56.174318818375426,35.00553512573242
388,2,1,1.6166666666666667,1.6176004798617214,completed,1.6775308798532933,60.8642131866266,35.07196807861328
389,3,1,1.6208333333333333,1.6224543619900942,completed,1.6890006950125098,68.16736167917648,34.90675354003906
390,0,1,1.625,1.6272864928469062,completed,1.6949257059022784,69.92570590227842,34.84832000732422
391,1,1,1.6291666666666667,1.6321288850158453,dropped_queue_full,,,
392,2,0,1.6333333333333333,1.6334046318661422,dropped_queue_full,,,
393,3,0,1.6375,1.6375030209310353,dropped_queue_full,,,
394,0,0,1.6416666666666666,1.6417594579979777,dropped_queue_full,,,
395,1,0,1.6458333333333333,1.64586922689341,completed,1.703609008807689,57.775675474355694,34.82876968383789
396,2,1,1.65,1.650738377822563,completed,1.7131896428763866,63.18964287638673,34.87286376953125
397,3,1,1.6541666666666666,1.6555825399700552,completed,1.7235450888983905,69.37842223172397,34.751678466796875
398,0,1,1.6583333333333332,1.6604502308182418,completed,1.7300284039229155,71.69507058958224,34.88844680786133
399,1,1,1.6624999999999999,1.6653365718666464,dropped_queue_full,,,
400,2,0,1.6666666666666667,1.6667629280127585,dropped_queue_full,,,
401,3,0,1.6708333333333334,1.6708688968792558,dropped_queue_full,,,
402,0,0,1.675,1.6751370239071548,dropped_queue_full,,,
403,1,0,1.6791666666666667,1.6792424628511071,completed,1.738724656868726,59.557990202059315,34.885536193847656
404,2,1,1.6833333333333333,1.6841329338494688,completed,1.7514548688195646,68.12153548623124,34.91129684448242
405,3,1,1.6875,1.6889926148578525,completed,1.756342459935695,68.84245993569493,34.89238357543945
406,0,1,1.6916666666666667,1.6938292568083853,dropped_queue_full,,,
407,1,1,1.6958333333333333,1.6958861260209233,dropped_queue_full,,,
408,2,0,1.7,1.7001373530365527,dropped_queue_full,,,
409,3,0,1.7041666666666666,1.7042467019055039,dropped_queue_full,,,
410,0,0,1.7083333333333333,1.7083487908821553,completed,1.7649491638876498,56.61583055431652,34.79715347290039
411,1,0,1.7125,1.7131826528348029,completed,1.7734485589899123,60.94855898991236,34.64467239379883
412,2,1,1.7166666666666666,1.7184866699390113,completed,1.7832411909475923,66.5745242809257,34.66044616699219
413,3,1,1.7208333333333332,1.7235369989648461,completed,1.7908523939549923,70.01906062165908,34.59065628051758
414,0,1,1.7249999999999999,1.7284207500051707,dropped_queue_full,,,
415,1,1,1.7291666666666667,1.729226911906153,dropped_queue_full,,,
416,2,0,1.7333333333333334,1.7333457509521395,dropped_queue_full,,,
417,3,0,1.7375,1.7376014178153127,dropped_queue_full,,,
418,0,0,1.7416666666666667,1.7417108670342714,completed,1.7996610158588737,57.994349192207025,34.65459060668945
419,1,0,1.7458333333333333,1.7465879078954458,completed,1.8083140298258513,62.48069649251797,34.773311614990234
420,2,1,1.75,1.751447699032724,completed,1.8184495479799807,68.44954797998071,34.65449523925781
421,3,1,1.7541666666666667,1.7563340298365802,completed,1.8258205838501453,71.65391718347868,34.797889709472656
422,0,1,1.7583333333333333,1.7611796220298856,dropped_queue_full,,,
423,1,1,1.7625,1.7626011669635773,dropped_queue_full,,,
424,2,0,1.7666666666666666,1.7666846269275993,dropped_queue_full,,,
425,3,0,1.7708333333333333,1.7708496749401093,dropped_queue_full,,,
426,0,0,1.775,1.7750206929631531,completed,1.834517837036401,59.51783703640112,34.74339294433594
427,1,0,1.7791666666666666,1.7791839810088277,completed,1.8472312989179045,68.06463225123794,34.707489013671875
428,2,1,1.7833333333333332,1.7834045588970184,completed,1.852090380853042,68.75704751970879,34.74220657348633
429,3,1,1.7874999999999999,1.787594306981191,dropped_queue_full,,,
430,0,1,1.7916666666666667,1.7917520648334175,dropped_queue_full,,,
431,1,1,1.7958333333333334,1.7959075139369816,dropped_queue_full,,,
432,2,0,1.8,1.800136440899223,dropped_queue_full,,,
433,3,0,1.8041666666666667,1.8042835700325668,completed,1.8606076249852777,56.44095831861095,34.55177688598633
434,0,0,1.8083333333333333,1.8084814178291708,completed,1.8692937078885734,60.96037455524006,34.58371353149414
435,1,0,1.8125,1.8133373588789254,completed,1.8806561848614365,68.15618486143649,34.52025604248047
436,2,1,1.8166666666666667,1.8184424079954624,completed,1.8866804339922965,70.0137673256298,34.42784118652344
437,3,1,1.8208333333333333,1.8235318269580603,dropped_queue_full,,,
438,0,1,1.825,1.8250171619001776,dropped_queue_full,,,
439,1,1,1.8291666666666666,1.8292842188384384,dropped_queue_full,,,
440,2,0,1.8333333333333333,1.8333966578356922,dropped_queue_full,,,
441,3,0,1.8375,1.8375018169172108,completed,1.89519701898098,57.697018980980005,34.416831970214844
442,0,0,1.8416666666666666,1.8423865179065615,completed,1.90494961082004,63.28294415337354,34.35833740234375
443,1,0,1.8458333333333332,1.8472252788487822,completed,1.9146407640073448,68.80743067401163,34.31727981567383
444,2,1,1.8499999999999999,1.8520829710178077,completed,1.9212070079520345,71.2070079520346,34.345375061035156
445,3,1,1.8541666666666667,1.856979101896286,dropped_queue_full,,,
446,0,1,1.8583333333333334,1.85840046685189,dropped_queue_full,,,
447,1,1,1.8625,1.86251712590456,dropped_queue_full,,,
448,2,0,1.8666666666666667,1.8667794929351658,dropped_queue_full,,,
449,3,0,1.8708333333333333,1.8708862520288676,completed,1.9300023498944938,59.16901656116047,34.727455139160156
450,0,0,1.875,1.875738414004445,completed,1.943167167948559,68.16716794855893,34.84979248046875
451,1,0,1.8791666666666667,1.8806495449971408,completed,1.9480403289198875,68.87366225322089,34.90409469604492
452,2,1,1.8833333333333333,1.8855496149044484,dropped_queue_full,,,
453,3,1,1.8875,1.8876015848945826,dropped_queue_full,,,
454,0,1,1.8916666666666666,1.8917109640315175,dropped_queue_full,,,
455,1,1,1.8958333333333333,1.895838291849941,dropped_queue_full,,,
456,2,0,1.9,1.9000778999179602,completed,1.956199647858739,56.199647858738984,34.894752502441406
457,3,0,1.9041666666666666,1.9049441509414464,completed,1.9647188619710505,60.552195304383936,34.600990295410156
458,0,0,1.9083333333333332,1.9097975818440318,completed,1.9764687640126795,68.13543067934624,34.593406677246094
459,1,0,1.9124999999999999,1.9146341639570892,completed,1.982186626875773,69.6866268757732,34.62470245361328
460,2,1,1.9166666666666667,1.9197544329799712,dropped_queue_full,,,
461,3,1,1.9208333333333334,1.920880720950663,dropped_queue_full,,,
462,0,1,1.925,1.925009649945423,dropped_queue_full,,,
463,1,1,1.9291666666666667,1.9292356979567558,dropped_queue_full,,,
464,2,0,1.9333333333333333,1.933443795889616,completed,1.9910401478409767,57.706814507643365,34.68483352661133
465,3,0,1.9375,1.938322686823085,completed,2.0008063709829003,63.30637098290026,34.619422912597656
466,0,0,1.9416666666666667,1.9431616680230945,completed,2.0105331030208617,68.86643635419509,34.66726303100586
467,1,0,1.9458333333333333,1.948034088825807,completed,2.016928639030084,71.09530569675071,34.66963195800781
468,2,1,1.95,1.9528838510159403,dropped_queue_full,,,
469,3,1,1.9541666666666666,1.9542832670267671,dropped_queue_full,,,
470,0,1,1.9583333333333333,1.9583932259120047,dropped_queue_full,,,
471,1,1,1.9625,1.9625014238990843,dropped_queue_full,,,
472,2,0,1.9666666666666666,1.9667576919309795,completed,2.0259296288713813,59.26296220471472,34.64518356323242
473,3,0,1.9708333333333332,1.9716250128112733,completed,2.0343060849700123,63.47275163667909,34.61689758300781
474,0,0,1.9749999999999999,1.9764631940051913,completed,2.044151245849207,69.15124584920717,34.63596725463867
475,1,0,1.9791666666666667,1.9813736549112946,dropped_queue_full,,,
476,2,1,1.9833333333333334,1.983443025033921,dropped_queue_full,,,
477,3,1,1.9875,1.9875579830259085,dropped_queue_full,,,
478,0,1,1.9916666666666667,1.9916801119688898,dropped_queue_full,,,
479,1,1,1.9958333333333333,1.9959185698535293,completed,2.0516782109625638,55.8448776292304,34.670433044433594
480,2,0,2.0,2.000798520864919,completed,2.0606765209231526,60.676520923152566,34.712318420410156
481,3,0,2.0041666666666664,2.005666251992807,completed,2.072600001003593,68.43333433692678,34.757568359375
482,0,0,2.0083333333333333,2.0105277828406543,completed,2.0779208678286523,69.58753449531896,34.739166259765625
483,1,0,2.0125,2.015387743944302,dropped_queue_full,,,
484,2,1,2.0166666666666666,2.016761790961027,dropped_queue_full,,,
485,3,1,2.0208333333333335,2.020872538909316,dropped_queue_full,,,
486,0,1,2.025,2.0251448669005185,dropped_queue_full,,,
487,1,1,2.029166666666667,2.029233345994726,completed,2.0866124909371138,57.44582427044698,34.75369644165039
488,2,0,2.033333333333333,2.0342977850232273,completed,2.096708159893751,63.37482656041793,34.71315383911133
489,3,0,2.0375,2.0393237248063087,completed,2.1064047319814563,68.9047319814562,34.92326354980469
490,0,0,2.0416666666666665,2.0441458858549595,completed,2.1129899558145553,71.32328914788877,34.83808135986328
491,1,0,2.0458333333333334,2.0490007780026644,dropped_queue_full,,,
492,2,1,2.05,2.0500803568866104,dropped_queue_full,,,
493,3,1,2.0541666666666667,2.0541924459394068,dropped_queue_full,,,
494,0,1,2.058333333333333,2.0584429330192506,dropped_queue_full,,,
495,1,1,2.0625,2.062556921970099,completed,2.1215670108795166,59.0670108795166,34.82195281982422
496,2,0,2.0666666666666664,2.0677659998182207,completed,2.134783817920834,68.1171512541674,34.76166534423828
497,3,0,2.0708333333333333,2.072592040989548,completed,2.1398228879552335,68.98955462190015,34.59257507324219
498,0,0,2.075,2.0774270528927445,dropped_queue_full,,,
499,1,0,2.0791666666666666,2.0791968449484557,dropped_queue_full,,,
500,2,1,2.0833333333333335,2.0834441618062556,dropped_queue_full,,,
501,3,1,2.0875,2.0875713208224624,dropped_queue_full,,,
502,0,1,2.091666666666667,2.0918226779904217,completed,2.1476827489677817,56.01608230111488,34.64777755737305
503,1,1,2.095833333333333,2.0967008599545807,completed,2.156519169919193,60.685836585859576,34.763328552246094
504,2,0,2.1,2.1015481508802623,completed,2.1680946038104594,68.09460381045929,34.737022399902344
505,3,0,2.1041666666666665,2.1063967619556934,completed,2.17392281582579,69.75614915912365,34.68918228149414
506,0,0,2.1083333333333334,2.1112228939309716,dropped_queue_full,,,
507,1,0,2.1125,2.1125056808814406,dropped_queue_full,,,
508,2,1,2.1166666666666667,2.1166804598178715,dropped_queue_full,,,
509,3,1,2.120833333333333,2.1209155470132828,dropped_queue_full,,,
510,0,1,2.125,2.1250321958214045,completed,2.1826108389068395,57.61083890683949,34.70912170410156
511,1,1,2.1291666666666664,2.12992345681414,completed,2.1923948808107525,63.22821414408608,34.663360595703125
512,2,0,2.1333333333333333,2.134776667924598,completed,2.202108362922445,68.77502958911164,34.68732833862305
513,3,0,2.1375,2.1398151079192758,completed,2.2088313058484346,71.3313058484344,34.785438537597656
514,0,0,2.1416666666666666,2.1448215178679675,dropped_queue_full,,,
515,1,0,2.1458333333333335,2.1459254059009254,dropped_queue_full,,,
516,2,1,2.15,2.1500292748678476,dropped_queue_full,,,
517,3,1,2.154166666666667,2.1542849028483033,dropped_queue_full,,,
518,0,1,2.158333333333333,2.1583966808393598,completed,2.217565638013184,59.232304679850856,34.799774169921875
519,1,1,2.1625,2.163243472808972,completed,2.230584117816761,68.08411781676105,34.76790237426758
520,2,0,2.1666666666666665,2.168087424011901,completed,2.235440018819645,68.77335215297853,34.71731185913086
521,3,0,2.1708333333333334,2.172943965997547,dropped_queue_full,,,
522,0,0,2.175,2.1750376250129193,dropped_queue_full,,,
523,1,0,2.1791666666666667,2.1792831318452954,dropped_queue_full,,,
524,2,1,2.183333333333333,2.1834103709552437,dropped_queue_full,,,
525,3,1,2.1875,2.187503939960152,completed,2.2436661769170314,56.16617691703141,34.69398498535156
526,0,1,2.1916666666666664,2.192388291005045,completed,2.252355149947107,60.68848328044041,34.65119934082031
527,1,1,2.1958333333333333,2.197241741931066,completed,2.2639070239383727,68.07369060503943,34.78412628173828
528,2,0,2.2,2.202101412927732,completed,2.270049682818353,70.049682818353,34.834144592285156
529,3,0,2.2041666666666666,2.2070574939716607,dropped_queue_full,,,
530,0,0,2.2083333333333335,2.208343030884862,dropped_queue_full,,,
531,1,0,2.2125,2.2126022179145366,dropped_queue_full,,,
532,2,1,2.216666666666667,2.2167600370012224,dropped_queue_full,,,
533,3,1,2.220833333333333,2.220870564924553,completed,2.2785652768798172,57.73194354648403,34.85200119018555
534,0,1,2.225,2.2257253169082105,completed,2.2883225488476455,63.322548847645436,34.90755081176758
535,1,1,2.2291666666666665,2.230577987851575,completed,2.2980069229379296,68.84025627126312,34.8741455078125
536,2,0,2.2333333333333334,2.235432649962604,completed,2.305043692002073,71.71035866873953,34.83635330200195
537,3,0,2.2375,2.240271830931306,dropped_queue_full,,,
538,0,0,2.2416666666666667,2.241722545819357,dropped_queue_full,,,
539,1,0,2.245833333333333,2.245868644909933,dropped_queue_full,,,
540,2,1,2.25,2.2501394618302584,dropped_queue_full,,,
541,3,1,2.2541666666666664,2.2542373209726065,completed,2.3135653669014573,59.39870023479088,34.82883071899414
542,0,1,2.2583333333333333,2.259068592917174,completed,2.3267730039078742,68.43967057454093,34.813758850097656
543,1,1,2.2625,2.263900593854487,completed,2.3316937850322574,69.19378503225727,34.7567024230957
544,2,0,2.2666666666666666,2.26876003597863,dropped_queue_full,,,
545,3,0,2.2708333333333335,2.27084695501253,dropped_queue_full,,,
546,0,0,2.275,2.2750755418092012,dropped_queue_full,,,
547,1,0,2.279166666666667,2.2792035108432174,dropped_queue_full,,,
548,2,1,2.283333333333333,2.2834411079529673,completed,2.339878592872992,56.54525953965894,34.70252990722656
549,3,1,2.2875,2.288317099912092,completed,2.348502565873787,61.00256587378672,34.71286392211914
550,0,1,2.2916666666666665,2.293163910973817,completed,2.3599728809203953,68.30621425372874,34.89039993286133
551,1,1,2.2958333333333334,2.2980003328993917,completed,2.3660827500279993,70.24941669466588,34.920894622802734
552,2,0,2.3,2.3029964328743517,dropped_queue_full,,,
553,3,0,2.3041666666666667,2.304240219993517,dropped_queue_full,,,
554,0,0,2.308333333333333,2.3083461788482964,dropped_queue_full,,,
555,1,0,2.3125,2.312600255943835,dropped_queue_full,,,
556,2,1,2.3166666666666664,2.31676048389636,completed,2.375086040003225,58.41937333655878,34.96543884277344
557,3,1,2.3208333333333333,2.321658215019852,completed,2.384081239812076,63.24790647874279,35.110206604003906
558,0,1,2.325,2.326767233898863,completed,2.3938014728482813,68.8014728482811,34.984127044677734
559,1,1,2.3291666666666666,2.3316873649600893,completed,2.401080199982971,71.91353331630435,34.98825454711914
560,2,0,2.3333333333333335,2.3365567659493536,dropped_queue_full,,,
561,3,0,2.3375,2.33752436703071,dropped_queue_full,,,
562,0,0,2.341666666666667,2.3417617338709533,dropped_queue_full,,,
563,1,0,2.345833333333333,2.345868462929502,dropped_queue_full,,,
564,2,1,2.35,2.3500781308393925,completed,2.4101637590210885,60.163759021088396,34.9851188659668
565,3,1,2.3541666666666665,2.3551336999516934,completed,2.4225165150128305,68.34984834616398,34.979583740234375
566,0,1,2.3583333333333334,2.359967391937971,completed,2.4277012129314244,69.36787959809098,35.14966583251953
567,1,1,2.3625,2.3648315130267292,dropped_queue_full,,,
568,2,0,2.3666666666666667,2.366723883897066,dropped_queue_full,,,
569,3,0,2.370833333333333,2.3709780308417976,dropped_queue_full,,,
570,0,0,2.375,2.375077959848568,dropped_queue_full,,,
571,1,0,2.3791666666666664,2.379189408849925,completed,2.436406245920807,57.23957925414069,35.136383056640625
572,2,1,2.3833333333333333,2.384073169901967,completed,2.446641492890194,63.30815955686076,35.13724899291992
573,3,1,2.3875,2.3889321610331535,completed,2.4565323640126735,69.03236401267333,34.97747039794922
574,0,1,2.3916666666666666,2.393796063028276,completed,2.462704472010955,71.03780534428861,34.953216552734375
575,1,1,2.3958333333333335,2.3987090629525483,dropped_queue_full,,,
576,2,0,2.4,2.4001531389076263,dropped_queue_full,,,
577,3,0,2.404166666666667,2.404237147886306,dropped_queue_full,,,
578,0,0,2.408333333333333,2.4084007958881557,dropped_queue_full,,,
579,1,0,2.4125,2.4125038648489863,completed,2.47157416283153,59.07416283152989,34.98262405395508
580,2,1,2.4166666666666665,2.4174018460325897,completed,2.4847905710339546,68.1239043672881,34.96700668334961
581,3,1,2.4208333333333334,2.4225083850324154,completed,2.4896191619336605,68.78582860032711,35.066654205322266
582,0,1,2.425,2.4273666059598327,dropped_queue_full,,,
583,1,1,2.4291666666666667,2.429286466911435,dropped_queue_full,,,
584,2,0,2.433333333333333,2.433416545856744,dropped_queue_full,,,
585,3,0,2.4375,2.4375212548766285,dropped_queue_full,,,
586,0,0,2.4416666666666664,2.4417585318442434,completed,2.4980294979177415,56.36283125107511,35.114593505859375
587,1,0,2.4458333333333333,2.446634512860328,completed,2.5067171808332205,60.88384749988718,35.07747268676758
588,2,1,2.45,2.451491253916174,completed,2.518112836871296,68.112836871296,35.123329162597656
589,3,1,2.4541666666666666,2.456524343928322,completed,2.524357063928619,70.19039726195243,35.033504486083984
590,0,1,2.4583333333333335,2.4615728228818625,dropped_queue_full,,,
591,1,1,2.4625,2.4625383738894016,dropped_queue_full,,,
592,2,0,2.466666666666667,2.4668205408379436,dropped_queue_full,,,
593,3,0,2.470833333333333,2.4709248098079115,dropped_queue_full,,,
594,0,0,2.475,2.475028099026531,completed,2.5332008858677,58.200885867699895,35.020606994628906
595,1,0,2.4791666666666665,2.479973998852074,completed,2.542468652827665,63.301986160998695,35.0118408203125
596,2,1,2.4833333333333334,2.4847835008986294,completed,2.5520734370220453,68.74010368871186,34.96268844604492
597,3,1,2.4875,2.489611341850832,completed,2.5594476028345525,71.9476028345527,34.98931121826172
598,0,1,2.4916666666666667,2.494402163894847,dropped_queue_full,,,
599,1,1,2.495833333333333,2.495841149939224,dropped_queue_full,,,
600,2,0,2.5,2.5000781980343163,dropped_queue_full,,,
601,3,0,2.5041666666666664,2.504184086807072,dropped_queue_full,,,
602,0,0,2.5083333333333333,2.508440703852102,completed,2.568288443842903,59.95511050956948,35.050079345703125
603,1,0,2.5125,2.513230455806479,completed,2.58056880091317,68.06880091316981,35.09641647338867
604,2,1,2.5166666666666666,2.5181056768633425,completed,2.5860698260366917,69.40315937002507,35.02207946777344
605,3,1,2.5208333333333335,2.5232281358912587,dropped_queue_full,,,
606,0,1,2.525,2.525158175965771,dropped_queue_full,,,
607,1,1,2.529166666666667,2.529234044952318,dropped_queue_full,,,
608,2,0,2.533333333333333,2.5333659038878977,dropped_queue_full,,,
609,3,0,2.5375,2.53760384186171,completed,2.5947714089415967,57.27140894159666,35.2468147277832
610,0,0,2.5416666666666665,2.542462332872674,completed,2.6050466059241444,63.37993925747787,35.105567932128906
611,1,0,2.5458333333333334,2.5472523749340326,completed,2.6147498288191855,68.9164954858521,34.978782653808594
612,2,1,2.55,2.552066456992179,completed,2.6211393238045275,71.13932380452769,34.97267150878906
613,3,1,2.5541666666666667,2.5568936879280955,dropped_queue_full,,,
614,0,1,2.558333333333333,2.5584926719311625,dropped_queue_full,,,
615,1,1,2.5625,2.56260017096065,dropped_queue_full,,,
616,2,0,2.5666666666666664,2.5667123498860747,dropped_queue_full,,,
617,3,0,2.5708333333333333,2.570917028002441,completed,2.6298303368967026,58.99700356336935,34.81955337524414
618,0,0,2.575,2.5757116698659956,completed,2.6431185139808804,68.11851398088021,34.87286376953125
619,1,0,2.5791666666666666,2.580562410876155,completed,2.6479770760051906,68.81040933852401,34.88172912597656
620,2,1,2.5833333333333335,2.5854153719265014,dropped_queue_full,,,
621,3,1,2.5875,2.5875013819895685,dropped_queue_full,,,
622,0,1,2.591666666666667,2.5917577089276165,dropped_queue_full,,,
623,1,1,2.595833333333333,2.5958878779783845,dropped_queue_full,,,
624,2,0,2.6,2.6001384649425745,completed,2.6561509338207543,56.150933820754204,34.83766555786133
625,3,0,2.6041666666666665,2.6050407260190696,completed,2.6646742878947407,60.507621228074186,34.70966339111328
626,0,0,2.6083333333333334,2.609898486873135,completed,2.6767797369975597,68.44640366422627,34.6800651550293
627,1,0,2.6125,2.6147433889564127,completed,2.682136352872476,69.63635287247615,34.665889739990234
628,2,1,2.6166666666666667,2.6196071000304073,dropped_queue_full,,,
629,3,1,2.620833333333333,2.6209704459179193,dropped_queue_full,,,
630,0,1,2.625,2.625078944955021,dropped_queue_full,,,
631,1,1,2.6291666666666664,2.629184423945844,dropped_queue_full,,,
632,2,0,2.6333333333333333,2.6334411008283496,completed,2.691009563859552,57.676230526218845,34.69152069091797
633,3,0,2.6375,2.638298003003001,completed,2.700760076986626,63.26007698662561,34.772064208984375
634,0,0,2.6416666666666666,2.643113083904609,completed,2.710471309022978,68.80464235631135,34.7806396484375
635,1,0,2.6458333333333335,2.647970745805651,completed,2.716930825030431,71.09749169709767,34.75408172607422
636,2,1,2.65,2.652812016895041,dropped_queue_full,,,
637,3,1,2.654166666666667,2.654238763032481,dropped_queue_full,,,
638,0,1,2.658333333333333,2.658344061812386,dropped_queue_full,,,
639,1,1,2.6625,2.662601558957249,dropped_queue_full,,,
640,2,0,2.6666666666666665,2.6667141078505665,completed,2.725858644815162,59.19197814849531,34.69456100463867
641,3,0,2.6708333333333334,2.6717600068077445,completed,2.7388611149508506,68.0277816175172,34.619041442871094
642,0,0,2.675,2.676774126943201,completed,2.7436580169014633,68.65801690146344,34.62211227416992
643,1,0,2.6791666666666667,2.6816412478219718,dropped_queue_full,,,
644,2,1,2.683333333333333,2.683399280998856,dropped_queue_full,,,
645,3,1,2.6875,2.687507198890671,dropped_queue_full,,,
646,0,1,2.6916666666666664,2.691758656874299,dropped_queue_full,,,
647,1,1,2.6958333333333333,2.6958698460366577,completed,2.751606476958841,55.773143625507785,34.470977783203125
648,2,0,2.7,2.7007519169710577,completed,2.7604508788790554,60.4508788790552,34.43577575683594
649,3,0,2.7041666666666666,2.7055995678529143,completed,2.772086231969297,67.91956530263033,34.501983642578125
650,0,0,2.7083333333333335,2.710465929005295,completed,2.7778738639317453,69.5405305984118,34.77695846557617
651,1,0,2.7125,2.715322740841657,dropped_queue_full,,,
652,2,1,2.716666666666667,2.716764135984704,dropped_queue_full,,,
653,3,1,2.720833333333333,2.7209211448207498,dropped_queue_full,,,
654,0,1,2.725,2.7250523928087205,dropped_queue_full,,,
655,1,1,2.7291666666666665,2.729188631987199,completed,2.7865626770071685,57.396010340502016,34.85599899291992
656,2,0,2.7333333333333334,2.734064672840759,completed,2.7965661268681288,63.232793534795384,34.843040466308594
657,3,0,2.7375,2.7388538748491555,completed,2.806126810843125,68.62681084312516,34.73817443847656
658,0,0,2.7416666666666667,2.7436525768134743,completed,2.8125153568107635,70.84869014409678,34.50806427001953
659,1,0,2.745833333333333,2.748435928951949,dropped_queue_full,,,
660,2,1,2.75,2.7500377928372473,dropped_queue_full,,,
661,3,1,2.7541666666666664,2.7542844598647207,dropped_queue_full,,,
662,0,1,2.7583333333333333,2.7583982488140464,dropped_queue_full,,,
663,1,1,2.7625,2.762515117879957,completed,2.8212510189041495,58.751018904149355,34.516544342041016
664,2,0,2.7666666666666666,2.7673076898790896,completed,2.8347608738113195,68.09420714465287,34.440895080566406
665,3,0,2.7708333333333335,2.7720788319129497,completed,2.839622334809974,68.78900147664035,34.45635223388672
666,0,0,2.775,2.777063021901995,dropped_queue_full,,,
667,1,0,2.779166666666667,2.7792834998108447,dropped_queue_full,,,
668,2,1,2.783333333333333,2.78339308896102,dropped_queue_full,,,
669,3,1,2.7875,2.787519837031141,dropped_queue_full,,,
670,0,1,2.7916666666666665,2.7917579349596053,completed,2.8471740598324686,55.507393165802114,34.46099090576172
671,1,1,2.7958333333333334,2.7965591868851334,completed,2.8557228138670325,59.889480533699135,34.440799713134766
672,2,0,2.8,2.8013595789670944,completed,2.868119139922783,68.11913992278295,34.42230224609375
673,3,0,2.8041666666666667,2.8061189909931272,completed,2.8731361590325832,68.96949236591654,34.43967819213867
674,0,0,2.808333333333333,2.8109101629815996,dropped_queue_full,,,
675,1,0,2.8125,2.812512086937204,dropped_queue_full,,,
676,2,1,2.8166666666666664,2.8167614238336682,dropped_queue_full,,,
677,3,1,2.8208333333333333,2.8209212929941714,dropped_queue_full,,,
678,0,1,2.825,2.8250305210240185,completed,2.882039039861411,57.03903986141068,34.68150329589844
679,1,1,2.8291666666666666,2.829893252812326,completed,2.8925838449504226,63.41717828375604,34.63862228393555
680,2,0,2.8333333333333335,2.834753763861954,completed,2.902337346924469,69.00401359113539,34.64108657836914
681,3,0,2.8375,2.8396144949365407,completed,2.907829121919349,70.32912191934892,34.6376953125
682,0,0,2.841666666666667,2.8444551969878376,dropped_queue_full,,,
683,1,0,2.845833333333333,2.845897431951016,dropped_queue_full,,,
684,2,1,2.85,2.8500286110211164,dropped_queue_full,,,
685,3,1,2.8541666666666665,2.85428482783027,dropped_queue_full,,,
686,0,1,2.8583333333333334,2.858396926894784,completed,2.9165083148982376,58.17498156490419,34.37356948852539
687,1,1,2.8625,2.863263837993145,completed,2.925699773011729,63.1997730117293,34.36918258666992
688,2,0,2.8666666666666667,2.868111989926547,completed,2.935412884922698,68.74621825603144,34.325313568115234
689,3,0,2.870833333333333,2.8729590508155525,dropped_queue_full,,,
690,0,0,2.875,2.8750350798945874,dropped_queue_full,,,
691,1,0,2.8791666666666664,2.879282577894628,dropped_queue_full,,,
692,2,1,2.8833333333333333,2.883443175815046,dropped_queue_full,,,
693,3,1,2.8875,2.887555364985019,completed,2.9423469158355147,54.84691583551449,34.32572937011719
694,0,1,2.8916666666666666,2.8925773948431015,completed,2.95104654901661,59.37988234994318,34.40208053588867
695,1,1,2.8958333333333335,2.8974271959159523,completed,2.9638851298950613,68.05179656172777,34.50035095214844
696,2,0,2.9,2.9023301769047976,completed,2.9687414509244263,68.7414509244264,34.644256591796875
697,3,0,2.904166666666667,2.9071761779487133,dropped_queue_full,,,
698,0,0,2.908333333333333,2.90844272589311,dropped_queue_full,,,
699,1,0,2.9125,2.9125562438275665,dropped_queue_full,,,
700,2,1,2.9166666666666665,2.9166714928578585,dropped_queue_full,,,
701,3,1,2.9208333333333334,2.920853470917791,completed,2.977083077887073,56.24974455373977,34.700801849365234
702,0,1,2.925,2.925693262834102,completed,2.98587685986422,60.8768598642202,34.76825714111328
703,1,1,2.9291666666666667,2.9305442539043725,completed,2.9959474590141326,66.78079234746592,34.75980758666992
704,2,0,2.933333333333333,2.935405544936657,completed,3.00354365282692,70.21031949358702,34.73811340332031
705,3,0,2.9375,2.9402608769014478,dropped_queue_full,,,
706,0,0,2.9416666666666664,2.941701721865684,dropped_queue_full,,,
707,1,0,2.9458333333333333,2.9459779299795628,dropped_queue_full,,,
708,2,1,2.95,2.950080798007548,dropped_queue_full,,,
709,3,1,2.9541666666666666,2.9541913468856364,completed,3.0120115380268544,57.84487136018779,34.7097282409668
710,0,1,2.9583333333333335,2.959041898837313,completed,3.0208503589965403,62.51702566320682,34.74595260620117
711,1,1,2.9625,2.963878709822893,completed,3.0294514528941363,66.9514528941364,34.717918395996094
712,2,0,2.966666666666667,2.9687342408578843,completed,3.038445492973551,71.77882630688437,34.7374382019043
713,3,0,2.970833333333333,2.97361494298093,dropped_queue_full,,,
714,0,0,2.975,2.9750559478998184,dropped_queue_full,,,
715,1,0,2.9791666666666665,2.979282655986026,dropped_queue_full,,,
716,2,1,2.9833333333333334,2.983484173892066,dropped_queue_full,,,
717,3,1,2.9875,2.987602222012356,completed,3.0496637909673154,62.16379096731561,34.79939270019531
718,0,1,2.9916666666666667,2.9919179889839143,completed,3.057908857939765,66.24219127309816,34.865089416503906
719,1,1,2.995833333333333,2.9959423090331256,completed,3.064339943928644,68.50661059531093,34.813663482666016
720,2,0,3.0,3.0001502269878983,dropped_queue_full,,,
721,3,0,3.0041666666666664,3.0041753959376365,dropped_queue_full,,,
722,0,0,3.0083333333333333,3.00843965401873,dropped_queue_full,,,
723,1,0,3.0125,3.012595091946423,dropped_queue_full,,,
724,2,1,3.0166666666666666,3.016750669805333,completed,3.0732891438528895,56.62247718622293,34.74332809448242
725,3,1,3.0208333333333335,3.0208468788769096,completed,3.0839802268892527,63.14689355591918,34.697025299072266
726,0,1,3.025,3.025087666930631,completed,3.095567270880565,70.56727088056513,34.66851043701172
727,1,1,3.029166666666667,3.0292871948331594,dropped_queue_full,,,
728,2,0,3.033333333333333,3.0333789938595146,dropped_queue_full,,,
729,3,0,3.0375,3.03753544180654,dropped_queue_full,,,
730,0,0,3.0416666666666665,3.0417432899121195,dropped_queue_full,,,
731,1,0,3.0458333333333334,3.045907628023997,completed,3.1015659000258893,55.732566692555885,34.77180862426758
732,2,1,3.05,3.050142975989729,completed,3.108361101942137,58.36110194213706,34.84684753417969
733,3,1,3.0541666666666667,3.0541864649858326,completed,3.118468350963667,64.30168429700034,34.820926666259766
734,0,1,3.058333333333333,3.0583891028072685,completed,3.130820816848427,72.48748351509393,34.819007873535156
735,1,1,3.0625,3.0626034708693624,dropped_queue_full,,,
736,2,0,3.0666666666666664,3.0666941199451685,dropped_queue_full,,,
737,3,0,3.0708333333333333,3.07085151784122,dropped_queue_full,,,
738,0,0,3.075,3.075019865995273,dropped_queue_full,,,
739,1,0,3.0791666666666666,3.079225043999031,completed,3.134028675034642,54.86200836797561,34.66966247558594
740,2,1,3.0833333333333335,3.08397106686607,completed,3.147569549968466,64.23621663513268,34.49692916870117
741,3,1,3.0875,3.089781468966976,completed,3.1533765809144825,65.87658091448256,34.61235046386719
742,0,1,3.091666666666667,3.0955609208904207,completed,3.160261721815914,68.59505514924713,34.67388916015625
743,1,1,3.095833333333333,3.101558380993083,dropped_dispatch_late,,,
744,2,0,3.1,3.1015771499369293,dropped_queue_full,,,
745,3,0,3.1041666666666665,3.1042836129199713,dropped_queue_full,,,
746,0,0,3.1083333333333334,3.108351372880861,dropped_queue_full,,,
747,1,0,3.1125,3.112604749854654,completed,3.1690228139050305,56.52281390503067,34.73164749145508
748,2,1,3.1166666666666667,3.1184589609038085,completed,3.182552319020033,65.88565235336618,34.856449127197266
749,3,1,3.120833333333333,3.124255932867527,completed,3.1883530309423804,67.5196976090473,34.71401596069336
750,0,1,3.125,3.1308141669724137,dropped_dispatch_late,,,
751,1,1,3.1291666666666664,3.1308334269560874,dropped_queue_full,,,
752,2,0,3.1333333333333333,3.133374211844057,dropped_queue_full,,,
753,3,0,3.1375,3.137528399936855,dropped_queue_full,,,
754,0,0,3.1416666666666666,3.1417646079789847,completed,3.1951015528757125,53.43488620904591,34.69500732421875
755,1,0,3.1458333333333335,3.147561260033399,completed,3.2058626050129533,60.0292716796198,34.63750457763672
756,2,1,3.15,3.1533672909718007,completed,3.214492048835382,64.49204883538195,34.58156967163086
757,3,1,3.154166666666667,3.1591488330159336,dropped_dispatch_late,,,
758,0,1,3.158333333333333,3.159158212831244,dropped_queue_full,,,
759,1,1,3.1625,3.162513429997489,dropped_queue_full,,,
760,2,0,3.1666666666666665,3.1667656768113375,dropped_queue_full,,,
761,3,0,3.1708333333333334,3.1709251848515123,completed,3.2260770730208606,55.24373968752716,34.78915023803711
762,0,0,3.175,3.176700687967241,completed,3.230040442897007,55.04044289700705,34.79014587402344
763,1,0,3.1791666666666667,3.182543789036572,completed,3.2425062980037183,63.33963133705156,34.803680419921875
764,2,1,3.183333333333333,3.1883440508972853,dropped_dispatch_late,,,
765,3,1,3.1875,3.188362550921738,completed,3.2522250008769333,64.72500087693334,26.313440322875977
766,0,1,3.1916666666666664,3.1941387730184942,dropped_queue_full,,,
767,1,1,3.1958333333333333,3.19591291481629,dropped_queue_full,,,
768,2,0,3.2,3.2000478638801724,completed,3.259170120814815,59.170120814814986,43.242431640625
769,3,0,3.2041666666666666,3.2058549949433655,dropped_queue_full,,,
770,0,0,3.2083333333333335,3.208445248892531,completed,3.264876554021612,56.543220688278325,34.803489685058594
771,1,0,3.2125,3.214483418967575,completed,3.273561146808788,61.061146808788266,34.79094314575195
772,2,1,3.216666666666667,3.2203050509560853,completed,3.284888633992523,68.22196732585617,26.36751937866211
773,3,1,3.220833333333333,3.2260679628234357,dropped_dispatch_late,,,
774,0,1,3.225,3.226383779896423,dropped_queue_full,,,
775,1,1,3.2291666666666665,3.229235130827874,dropped_queue_full,,,
776,2,0,3.2333333333333334,3.2333509798627347,dropped_queue_full,,,
777,3,0,3.2375,3.2376018869690597,completed,3.2911945399828255,53.694539982825695,43.33027267456055
778,0,0,3.2416666666666667,3.2425002679228783,completed,3.3000408918596804,58.374225193013714,34.9892463684082
779,1,0,3.245833333333333,3.247348459903151,completed,3.3091574900317937,63.324156698460584,35.078208923339844
780,2,1,3.25,3.252217361005023,dropped_queue_full,,,
781,3,1,3.2541666666666664,3.254283439833671,completed,3.3192682089284062,65.10154226173981,26.528831481933594
782,0,1,3.2583333333333333,3.2591628809459507,dropped_queue_full,,,
783,1,1,3.2624999999999997,3.262503077974543,dropped_queue_full,,,
784,2,0,3.2666666666666666,3.2667592149227858,completed,3.3264921070076525,59.825440340985914,43.58598327636719
785,3,0,3.2708333333333335,3.2716380360070616,dropped_queue_full,,,
786,0,0,3.275,3.275152720976621,completed,3.3383327978663146,63.332797866314735,35.15305709838867
787,1,0,3.279166666666667,3.2800095218699425,completed,3.3465328759048134,67.36620923814662,35.135520935058594
788,2,1,3.283333333333333,3.2848813438322395,completed,3.3532886479515582,69.95531461822502,26.60518455505371
789,3,1,3.2875,3.28974630497396,dropped_queue_full,,,
790,0,1,3.2916666666666665,3.2916774649638683,dropped_queue_full,,,
791,1,1,3.2958333333333334,3.295923162950203,dropped_queue_full,,,
792,2,0,3.3,3.3000339118298143,dropped_queue_full,,,
793,3,0,3.3041666666666667,3.3042848790064454,completed,3.361838781973347,57.67211530668037,43.763648986816406
794,0,0,3.308333333333333,3.309150469955057,completed,3.3716243440285325,63.291010695199375,35.13334274291992
795,1,0,3.3125,3.3142054898198694,completed,3.3813417670316994,68.84176703169942,35.15363311767578
796,2,1,3.3166666666666664,3.319260388845578,dropped_queue_full,,,
797,3,1,3.3208333333333333,3.3208824028261006,completed,3.388605893822387,67.77256048905356,26.651872634887695
798,0,1,3.3249999999999997,3.325753364013508,dropped_queue_full,,,
799,1,1,3.3291666666666666,3.329189399955794,dropped_queue_full,,,
800,2,0,3.3333333333333335,3.3334418868180364,completed,3.397450255928561,64.1169225952276,43.99980926513672
801,3,0,3.3375,3.3383273978251964,dropped_queue_full,,,
802,0,0,3.341666666666667,3.341670174850151,completed,3.409896221011877,68.22955434521027,35.41664123535156
803,1,0,3.345833333333333,3.3465268060099334,completed,3.4149401299655437,69.10679663221053,35.38022232055664
804,2,1,3.35,3.3513876870274544,dropped_queue_full,,,
805,3,1,3.3541666666666665,3.3542460380122066,dropped_queue_full,,,
806,0,1,3.3583333333333334,3.358348226873204,dropped_queue_full,,,
807,1,1,3.3625,3.3626038748770952,dropped_queue_full,,,
808,2,0,3.3666666666666667,3.366711423965171,completed,3.4240397289395332,57.373062272866534,26.4932804107666
809,3,0,3.370833333333333,3.371618863893673,completed,3.4341012078803033,63.267874546970134,43.85276794433594
810,0,0,3.375,3.376475035911426,completed,3.4437954409513623,68.79544095136225,35.00124740600586
811,1,0,3.3791666666666664,3.3813348868861794,completed,3.449927859939635,70.76119327296837,34.96633529663086
812,2,1,3.3833333333333333,3.386209978023544,dropped_queue_full,,,
813,3,1,3.3874999999999997,3.3876503438223153,dropped_queue_full,,,
814,0,1,3.3916666666666666,3.39175921282731,dropped_queue_full,,,
815,1,1,3.3958333333333335,3.3958717009518296,dropped_queue_full,,,
816,2,0,3.4,3.400150228990242,completed,3.4589303999673575,58.9303999673576,34.75993728637695
817,3,0,3.404166666666667,3.4050358198583126,completed,3.472270985832438,68.10431916577109,34.79935836791992
818,0,0,3.408333333333333,3.4098907408770174,completed,3.477112446911633,68.7791135782998,34.911678314208984
819,1,0,3.4125,3.4147631619125605,dropped_queue_full,,,
820,2,1,3.4166666666666665,3.416704632807523,dropped_queue_full,,,
821,3,1,3.4208333333333334,3.420862680999562,dropped_queue_full,,,
822,0,1,3.425,3.425154597964138,dropped_queue_full,,,
823,1,1,3.4291666666666667,3.4291845178231597,completed,3.4849940778221935,55.827411155526804,34.89952087402344
824,2,0,3.433333333333333,3.434093247866258,completed,3.4938342799432576,60.50094660992444,34.8059196472168
825,3,0,3.4375,3.438952869968489,completed,3.5056316319387406,68.13163193874061,34.844512939453125
826,0,0,3.4416666666666664,3.443790040910244,completed,3.511291324859485,69.6246581928186,34.857887268066406
827,1,0,3.4458333333333333,3.4486499028280377,dropped_queue_full,,,
828,2,1,3.4499999999999997,3.450091457925737,dropped_queue_full,,,
829,3,1,3.4541666666666666,3.4541890469845384,dropped_queue_full,,,
830,0,1,3.4583333333333335,3.458442793926224,dropped_queue_full,,,
831,1,1,3.4625,3.4625556429382414,completed,3.5199917778372765,57.491777837276544,34.89884948730469
832,2,0,3.466666666666667,3.467417114879936,completed,3.5302237949799746,63.55712831330784,35.00348663330078
833,3,0,3.470833333333333,3.472262775991112,completed,3.540205624885857,69.37229155252389,35.00812911987305
834,0,0,3.475,3.477107357000932,completed,3.546497792005539,71.49779200553886,35.110015869140625
835,1,0,3.4791666666666665,3.4819810579065233,dropped_queue_full,,,
836,2,1,3.4833333333333334,3.483398444019258,dropped_queue_full,,,
837,3,1,3.4875,3.4875042729545385,dropped_queue_full,,,
838,0,1,3.4916666666666667,3.491759350989014,dropped_queue_full,,,
839,1,1,3.495833333333333,3.495873668929562,completed,3.5553587328176945,59.525399484361415,35.102943420410156
840,2,0,3.5,3.50075196987018,completed,3.5680400559213012,68.04005592130125,35.07299041748047
841,3,0,3.5041666666666664,3.50562365190126,completed,3.5729177568573505,68.75109019068404,35.113441467285156
842,0,0,3.5083333333333333,3.510497312992811,dropped_queue_full,,,
843,1,0,3.5124999999999997,3.5125686819665134,dropped_queue_full,,,
844,2,1,3.5166666666666666,3.516820758813992,dropped_queue_full,,,
845,3,1,3.5208333333333335,3.5208775089122355,dropped_queue_full,,,
846,0,1,3.525,3.5251395360101014,completed,3.5816077599301934,56.60775993019351,35.02019119262695
847,1,1,3.529166666666667,3.5302169148344547,completed,3.5902901829686016,61.1235163019348,34.949249267578125
848,2,0,3.533333333333333,3.5353369938675314,completed,3.6014497408177704,68.11640748443715,34.94508743286133
849,3,0,3.5375,3.5401978448498994,completed,3.607894016895443,70.39401689544312,34.777793884277344
850,0,0,3.5416666666666665,3.5450486259069294,dropped_queue_full,,,
851,1,0,3.5458333333333334,3.5458548779133707,dropped_queue_full,,,
852,2,1,3.55,3.5501370260026306,dropped_queue_full,,,
853,3,1,3.5541666666666667,3.5542388248723,dropped_queue_full,,,
854,0,1,3.558333333333333,3.558347492944449,completed,3.6165628999006003,58.229566567267184,34.7836799621582
855,1,1,3.5625,3.563202525023371,completed,3.625864066882059,63.36406688205898,34.76678466796875
856,2,0,3.5666666666666664,3.568033105926588,completed,3.6361998529173434,69.53318625067695,34.79094314575195
857,3,0,3.5708333333333333,3.5729095668066293,completed,3.6427660568151623,71.932723481829,34.73344039916992
858,0,0,3.5749999999999997,3.5777839689981192,dropped_queue_full,,,
859,1,0,3.5791666666666666,3.5792361439671367,dropped_queue_full,,,
860,2,1,3.5833333333333335,3.583362702978775,dropped_queue_full,,,
861,3,1,3.5875,3.5876286898273975,dropped_queue_full,,,
862,0,1,3.591666666666667,3.5917224688455462,completed,3.651450299890712,59.78363322404512,34.74476623535156
863,1,1,3.595833333333333,3.5965864500030875,completed,3.663967445027083,68.13411169374994,34.795169830322266
864,2,0,3.6,3.6014425919856876,completed,3.6691702329553664,69.17023295536629,34.76435089111328
865,3,0,3.6041666666666665,3.606289012823254,dropped_queue_full,,,
866,0,0,3.6083333333333334,3.608374511823058,dropped_queue_full,,,
867,1,0,3.6125,3.612602329812944,dropped_queue_full,,,
868,2,1,3.6166666666666667,3.61672595795244,dropped_queue_full,,,
869,3,1,3.620833333333333,3.6209855158813298,completed,3.6777192868757993,56.88595354246617,34.76496124267578
870,0,1,3.625,3.625857306877151,completed,3.688297960907221,63.29796090722084,34.74012756347656
871,1,1,3.6291666666666664,3.6308946260251105,completed,3.6980396029539406,68.8729362872742,34.72972869873047
872,2,0,3.6333333333333333,3.636192542966455,completed,3.704027733998373,70.69440066503985,34.619903564453125
873,3,0,3.6374999999999997,3.6410415249411017,dropped_queue_full,,,
874,0,0,3.6416666666666666,3.64169104793109,dropped_queue_full,,,
875,1,0,3.6458333333333335,3.6459192659240216,dropped_queue_full,,,
876,2,1,3.65,3.650030214805156,dropped_queue_full,,,
877,3,1,3.654166666666667,3.654282792005688,completed,3.7125632979441434,58.39663127747663,34.667137145996094
878,0,1,3.658333333333333,3.659120132913813,completed,3.7216980159282684,63.36468259493522,34.676673889160156
879,1,1,3.6625,3.663961134850979,completed,3.7314094689209014,68.90946892090133,34.744319915771484
880,2,0,3.6666666666666665,3.6688345558941364,dropped_queue_full,,,
881,3,0,3.6708333333333334,3.670917124953121,dropped_queue_full,,,
882,0,0,3.675,3.6750327839981765,dropped_queue_full,,,
883,1,0,3.6791666666666667,3.679281920893118,dropped_queue_full,,,
884,2,1,3.683333333333333,3.6833944199606776,completed,3.738922213902697,55.58888056936384,34.75465774536133
885,3,1,3.6875,3.688292281003669,completed,3.747452667914331,59.95266791433096,34.71625518798828
886,0,1,3.6916666666666664,3.6931382128968835,completed,3.7598795238882303,68.2128572215639,34.77164840698242
887,1,1,3.6958333333333333,3.6980331938248128,completed,3.7647276448551565,68.89431152182324,34.673057556152344
888,2,0,3.6999999999999997,3.7028944548219442,dropped_queue_full,,,
889,3,0,3.7041666666666666,3.704190661897883,dropped_queue_full,,,
890,0,0,3.7083333333333335,3.7084427988156676,dropped_queue_full,,,
891,1,0,3.7125,3.7125540180131793,dropped_queue_full,,,
892,2,1,3.716666666666667,3.716821104986593,completed,3.773726054932922,57.05938826625534,34.70329666137695
893,3,1,3.720833333333333,3.72169261588715,completed,3.782408287981525,61.57495464819185,34.82185745239258
894,0,1,3.725,3.7265612080227584,completed,3.7930615309160203,68.06153091602019,34.85411071777344
895,1,1,3.7291666666666665,3.7314029389526695,completed,3.799840522930026,70.67385626335954,34.923614501953125
896,2,0,3.7333333333333334,3.736678435932845,dropped_queue_full,,,
897,3,0,3.7375,3.737693615956232,dropped_queue_full,,,
898,0,0,3.7416666666666667,3.741761224810034,dropped_queue_full,,,
899,1,0,3.745833333333333,3.7458692640066147,dropped_queue_full,,,
900,2,1,3.75,3.7501559008378536,completed,3.8088352128397673,58.83521283976734,34.98771286010742
901,3,1,3.7541666666666664,3.755026582861319,completed,3.81747890682891,63.31224016224368,34.866207122802734
902,0,1,3.7583333333333333,3.7598740740213543,completed,3.8272238089703023,68.89047563696904,34.919742584228516
903,1,1,3.7624999999999997,3.7647213749587536,completed,3.8347244639880955,72.22446398809579,34.800926208496094
904,2,0,3.7666666666666666,3.7695878769736737,dropped_queue_full,,,
905,3,0,3.7708333333333335,3.7708724439144135,dropped_queue_full,,,
906,0,0,3.775,3.775001761969179,dropped_queue_full,,,
907,1,0,3.779166666666667,3.7792379399761558,dropped_queue_full,,,
908,2,1,3.783333333333333,3.7833633390255272,completed,3.8437190239783376,60.38569064500443,34.705055236816406
909,3,1,3.7875,3.7882261800114065,completed,3.855587324826047,68.08732482604674,34.56198501586914
910,0,1,3.7916666666666665,3.793055990943685,completed,3.860791362822056,69.1246961553893,34.50956726074219
911,1,1,3.7958333333333334,3.7979168428573757,dropped_queue_full,,,
912,2,0,3.8,3.8000055318698287,dropped_queue_full,,,
913,3,0,3.8041666666666667,3.8042346788570285,dropped_queue_full,,,
914,0,0,3.808333333333333,3.8083477078471333,dropped_queue_full,,,
915,1,0,3.8125,3.812600555829704,completed,3.869353767018765,56.85376701876521,34.5
916,2,1,3.8166666666666664,3.817470907000825,completed,3.879904470872134,63.23780420546754,34.50099182128906
917,3,1,3.8208333333333333,3.822345027932897,completed,3.889643684029579,68.81035069624586,34.48476791381836
918,0,1,3.8249999999999997,3.827217528829351,completed,3.8954511450137943,70.45114501379457,34.572608947753906
919,1,1,3.8291666666666666,3.8320776999462396,dropped_queue_full,,,
920,2,0,3.8333333333333335,3.833446126896888,dropped_queue_full,,,
921,3,0,3.8375,3.8377027539536357,dropped_queue_full,,,
922,0,0,3.841666666666667,3.841823603026569,dropped_queue_full,,,
923,1,0,3.845833333333333,3.845836292952299,completed,3.904145658016205,58.31232468287162,34.58332824707031
924,2,1,3.85,3.8507226738147438,completed,3.913293446879834,63.29344687983385,34.58745574951172
925,3,1,3.8541666666666665,3.8555794949643314,completed,3.9229800389148295,68.81337224816298,34.60073471069336
926,0,1,3.8583333333333334,3.860455975867808,dropped_queue_full,,,
927,1,1,3.8625,3.862549444893375,dropped_queue_full,,,
928,2,0,3.8666666666666667,3.8666854838375,dropped_queue_full,,,
929,3,0,3.870833333333333,3.8709191610105336,dropped_queue_full,,,
930,0,0,3.875,3.8750257999636233,completed,3.9302424069028348,55.24240690283477,34.56745529174805
931,1,0,3.8791666666666664,3.879897251026705,completed,3.9388830999378115,59.716433271145064,34.57427215576172
932,2,1,3.8833333333333333,3.8847795620094985,completed,3.951802900992334,68.46956765900059,34.57606506347656
933,3,1,3.8874999999999997,3.889636353822425,completed,3.9566787919029593,69.17879190295962,34.56073760986328
934,0,1,3.8916666666666666,3.894497884903103,dropped_queue_full,,,
935,1,1,3.8958333333333335,3.8959326399490237,dropped_queue_full,,,
936,2,0,3.9,3.9000287489034235,dropped_queue_full,,,
937,3,0,3.904166666666667,3.9042836369480938,dropped_queue_full,,,
938,0,0,3.908333333333333,3.908393925987184,completed,3.964832509867847,56.49917653451375,34.56460952758789
939,1,0,3.9125,3.9132857769727707,completed,3.9735114430077374,61.01144300773731,34.54662322998047
940,2,1,3.9166666666666665,3.918125497875735,completed,3.9848562099505216,68.18954328385507,34.494686126708984
941,3,1,3.9208333333333334,3.9229724898468703,completed,3.990861139027402,70.0278056940684,34.494529724121094
942,0,1,3.925,3.9278508408460766,dropped_queue_full,,,
943,1,1,3.9291666666666667,3.9292822158895433,dropped_queue_full,,,
944,2,0,3.933333333333333,3.9333523160312325,dropped_queue_full,,,
945,3,0,3.9375,3.937603282975033,dropped_queue_full,,,
946,0,0,3.9416666666666664,3.9417117319535464,completed,3.9995607719756663,57.894105308999855,34.530975341796875
947,1,0,3.9458333333333333,3.9467728009913117,completed,4.009136165957898,63.3028326245646,34.56883239746094
948,2,1,3.9499999999999997,3.9517958408687264,completed,4.018858819035813,68.85881903581348,34.597312927246094
949,3,1,3.9541666666666666,3.9566707420162857,completed,4.025671510025859,71.50484335919228,34.79062271118164
950,0,1,3.9583333333333335,3.9615171728655696,dropped_queue_full,,,
951,1,1,3.9625,3.962604231899604,dropped_queue_full,,,
952,2,0,3.966666666666667,3.96671335096471,dropped_queue_full,,,
953,3,0,3.970833333333333,3.970979557838291,dropped_queue_full,,,
954,0,0,3.975,3.9750790868420154,completed,4.034404792822897,59.40479282289735,34.84163284301758
955,1,0,3.9791666666666665,3.979958328884095,completed,4.047721579903737,68.5549132370702,34.823585510253906
956,2,1,3.9833333333333334,3.9848485798574984,completed,4.052955457009375,69.6221236760417,34.88307189941406
957,3,1,3.9875,3.9897289909422398,dropped_queue_full,,,
958,0,1,3.9916666666666667,3.9918194299098104,dropped_queue_full,,,
959,1,1,3.995833333333333,3.995917908847332,dropped_queue_full,,,
960,2,0,4.0,4.0000409269705415,dropped_queue_full,,,
961,3,0,4.004166666666666,4.004281814908609,completed,4.060677249915898,56.510583249231416,34.77791976928711
962,0,0,4.008333333333333,4.009129676036537,completed,4.069352262886241,61.01892955290822,34.80275344848633
963,1,0,4.0125,4.013981167925522,completed,4.08064513001591,68.1451300159095,34.760799407958984
964,2,1,4.016666666666667,4.018851849017665,completed,4.087016375968233,70.34970930156615,34.659584045410156
965,3,1,4.020833333333333,4.0237394599244,dropped_queue_full,,,
966,0,1,4.025,4.025026916991919,dropped_queue_full,,,
967,1,1,4.029166666666667,4.029282473959029,dropped_queue_full,,,
968,2,0,4.033333333333333,4.033442043000832,dropped_queue_full,,,
969,3,0,4.0375,4.0375591409392655,completed,4.095405381871387,57.90538187138772,34.573055267333984
970,0,0,4.041666666666667,4.042852587997913,completed,4.105024084914476,63.35741824780872,34.585662841796875
971,1,0,4.045833333333333,4.047715049935505,completed,4.114807517034933,68.97418370159957,34.533504486083984
972,2,1,4.05,4.052948236931115,completed,4.121606648899615,71.60664889961498,34.52547073364258
973,3,1,4.054166666666666,4.0578272480051965,dropped_queue_full,,,
974,0,1,4.058333333333334,4.05844653188251,dropped_queue_full,,,
975,1,1,4.0625,4.062553670955822,dropped_queue_full,,,
976,2,0,4.066666666666666,4.066820987965912,dropped_queue_full,,,
977,3,0,4.070833333333333,4.070921336999163,completed,4.1299939749296755,59.1606415963426,34.487518310546875
978,0,0,4.075,4.075782097876072,completed,4.143134133890271,68.13413389027102,34.512351989746094
979,1,0,4.079166666666667,4.080638699932024,completed,4.148017945000902,68.85127833423522,34.475425720214844
980,2,1,4.083333333333333,4.08556458982639,dropped_queue_full,,,
981,3,1,4.0875,4.087655988987535,dropped_queue_full,,,
982,0,1,4.091666666666667,4.091760887997225,dropped_queue_full,,,
983,1,1,4.095833333333333,4.095885556889698,dropped_queue_full,,,
984,2,0,4.1,4.100139083806425,completed,4.156243782024831,56.243782024830935,34.44454574584961
985,3,0,4.104166666666667,4.105018664849922,completed,4.164609767962247,60.44310129558017,34.50899124145508
986,0,0,4.108333333333333,4.109900597017258,completed,4.176399739924818,68.06640659148488,34.50262451171875
987,1,0,4.1125,4.11480090697296,completed,4.18208551290445,69.58551290445047,34.58195114135742
988,2,1,4.116666666666666,4.119695317931473,dropped_queue_full,,,
989,3,1,4.120833333333334,4.1209791749715805,dropped_queue_full,,,
990,0,1,4.125,4.125078823883086,dropped_queue_full,,,
991,1,1,4.129166666666666,4.12918795295991,dropped_queue_full,,,
992,2,0,4.133333333333333,4.133375101024285,completed,4.190932804951444,57.59947161811141,34.54079818725586
993,3,0,4.1375,4.138256581965834,completed,4.200901774922386,63.401774922385634,34.56800079345703
994,0,0,4.141666666666667,4.143128303810954,completed,4.210677316877991,69.01065021132436,34.64051055908203
995,1,0,4.145833333333333,4.1480113349389285,completed,4.216860364889726,71.02703155639301,34.68787384033203
996,2,1,4.15,4.153075853828341,dropped_queue_full,,,
997,3,1,4.154166666666667,4.154200922930613,dropped_queue_full,,,
998,0,1,4.158333333333333,4.158442929852754,dropped_queue_full,,,
999,1,1,4.1625,4.162551688961685,dropped_queue_full,,,
1000,2,0,4.166666666666667,4.16667303792201,completed,4.2257272358983755,59.06056923170855,34.79062271118164
1001,3,0,4.170833333333333,4.171531858853996,completed,4.239197550807148,68.36421747381482,34.889854431152344
1002,0,0,4.175,4.1763942199759185,completed,4.2440652418881655,69.06524188816564,34.89052963256836
1003,1,0,4.179166666666666,4.181266030995175,dropped_queue_full,,,
1004,2,1,4.183333333333334,4.183363889809698,dropped_queue_full,,,
1005,3,1,4.1875,4.187600127886981,dropped_queue_full,,,
1006,0,1,4.191666666666666,4.191730116028339,dropped_queue_full,,,
1007,1,1,4.195833333333333,4.195979363983497,completed,4.251814723946154,55.98139061282126,34.85385513305664
1008,2,0,4.2,4.200894034933299,completed,4.260838113958016,60.83811395801586,34.8504638671875
1009,3,0,4.204166666666667,4.205786915961653,completed,4.272669235942885,68.50256927621868,34.67951965332031
1010,0,0,4.208333333333333,4.210671766893938,completed,4.277876073028892,69.54273969555925,34.633663177490234
1011,1,0,4.2125,4.215568447951227,dropped_queue_full,,,
1012,2,1,4.216666666666667,4.2166928658261895,dropped_queue_full,,,
1013,3,1,4.220833333333333,4.220981332939118,dropped_queue_full,,,
1014,0,1,4.225,4.225077411858365,dropped_queue_full,,,
1015,1,1,4.229166666666667,4.2291862110141665,completed,4.286562816007063,57.39614934039583,34.65324783325195
1016,2,0,4.233333333333333,4.2340634018182755,completed,4.296636554878205,63.30322154487167,34.73904037475586
1017,3,0,4.2375,4.239189571002498,completed,4.306368077872321,68.86807787232118,34.78700637817383
1018,0,0,4.241666666666666,4.244059641845524,completed,4.312927441904321,71.26077523765505,34.888702392578125
1019,1,0,4.245833333333334,4.248934272909537,dropped_queue_full,,,
1020,2,1,4.25,4.250059162033722,dropped_queue_full,,,
1021,3,1,4.254166666666666,4.254186120815575,dropped_queue_full,,,
1022,0,1,4.258333333333333,4.258443307830021,dropped_queue_full,,,
1023,1,1,4.2625,4.262556576868519,completed,4.321766472887248,59.26647288724762,34.942081451416016
1024,2,0,4.266666666666667,4.26777787390165,completed,4.334824152989313,68.1574863226464,34.932926177978516
1025,3,0,4.270833333333333,4.272661605849862,completed,4.3399949909653515,69.16165763201843,35.03580856323242
1026,0,0,4.275,4.277540126815438,dropped_queue_full,,,
1027,1,0,4.279166666666667,4.279283268842846,dropped_queue_full,,,
1028,2,1,4.283333333333333,4.283399197971448,dropped_queue_full,,,
1029,3,1,4.2875,4.287519576959312,dropped_queue_full,,,
1030,0,1,4.291666666666667,4.291758993873373,completed,4.348191478988156,56.52481232148876,35.080448150634766
1031,1,1,4.295833333333333,4.296629244927317,completed,4.356876101810485,61.04276847715173,35.09516906738281
1032,2,0,4.3,4.3014955969993025,completed,4.368373755831271,68.37375583127158,35.1016960144043
1033,3,0,4.304166666666666,4.306360167916864,completed,4.37470873282291,70.54206615624369,35.080223083496094
1034,0,0,4.308333333333334,4.311193909030408,dropped_queue_full,,,
1035,1,0,4.3125,4.3126018748153,dropped_queue_full,,,
1036,2,1,4.316666666666666,4.31671437388286,dropped_queue_full,,,
1037,3,1,4.320833333333333,4.32098169089295,dropped_queue_full,,,
1038,0,1,4.325,4.325075909961015,completed,4.383451534900814,58.45153490081412,35.080257415771484
1039,1,1,4.329166666666667,4.329952020896599,completed,4.392485274933279,63.31860826661195,35.07900619506836
1040,2,0,4.333333333333333,4.33481703302823,completed,4.402266806922853,68.93347358951996,34.99913787841797
1041,3,0,4.3375,4.339986840961501,completed,4.409841660875827,72.34166087582672,34.96409606933594
1042,0,0,4.341666666666667,4.344843721948564,dropped_queue_full,,,
1043,1,0,4.345833333333333,4.345967900939286,dropped_queue_full,,,
1044,2,1,4.35,4.350078220013529,dropped_queue_full,,,
1045,3,1,4.354166666666667,4.3541892289649695,dropped_queue_full,,,
1046,0,1,4.358333333333333,4.358440795913339,completed,4.418513854034245,60.18052070091162,35.015872955322266
1047,1,1,4.3625,4.36331135686487,completed,4.430663791950792,68.16379195079224,34.9727668762207
1048,2,0,4.366666666666666,4.368366646813229,completed,4.436269525904208,69.60285923754216,34.94825744628906
1049,3,0,4.370833333333334,4.3732616868801415,dropped_queue_full,,,
1050,0,0,4.375,4.375030729919672,dropped_queue_full,,,
1051,1,0,4.379166666666666,4.379187977872789,dropped_queue_full,,,
1052,2,1,4.383333333333333,4.383444415871054,dropped_queue_full,,,
1053,3,1,4.3875,4.3875537738204,completed,4.444833709858358,57.33370985835773,34.923038482666016
1054,0,1,4.391666666666667,4.392478254856542,completed,4.454981038812548,63.314372145881315,34.93507385253906
1055,1,1,4.395833333333333,4.397383015835658,completed,4.464749890845269,68.91655751193593,34.92659378051758
1056,2,0,4.4,4.402259716996923,completed,4.471385043812916,71.38504381291533,34.93926239013672
1057,3,0,4.404166666666667,4.407149557955563,dropped_queue_full,,,
1058,0,0,4.408333333333333,4.408402934903279,dropped_queue_full,,,
1059,1,0,4.4125,4.41250307392329,dropped_queue_full,,,
1060,2,1,4.416666666666667,4.4167601119261235,dropped_queue_full,,,
1061,3,1,4.420833333333333,4.420873339986429,completed,4.480149135924876,59.315802591542344,35.151710510253906
1062,0,1,4.425,4.425747501896694,completed,4.493395383935422,68.39538393542188,35.14633560180664
1063,1,1,4.429166666666666,4.430657302029431,completed,4.498251894954592,69.08522828792573,35.22691345214844
1064,2,0,4.433333333333334,4.43553950288333,dropped_queue_full,,,
1065,3,0,4.4375,4.437552012968808,dropped_queue_full,,,
1066,0,0,4.441666666666666,4.441821919986978,dropped_queue_full,,,
1067,1,0,4.445833333333333,4.445920889033005,dropped_queue_full,,,
1068,2,1,4.45,4.4500276879407465,completed,4.506764909951016,56.76490995101613,35.19785690307617
1069,3,1,4.454166666666667,4.454975449014455,completed,4.515293163945898,61.126497279231806,35.03343963623047
1070,0,1,4.458333333333333,4.459852329920977,completed,4.526461981935427,68.12864860209356,35.05564880371094
1071,1,1,4.4625,4.464743260992691,completed,4.532926597865298,70.42659786529804,35.02729415893555
1072,2,0,4.466666666666667,4.4696134920232,dropped_queue_full,,,
1073,3,0,4.470833333333333,4.47089966898784,dropped_queue_full,,,
1074,0,0,4.475,4.475029457826167,dropped_queue_full,,,
1075,1,0,4.479166666666667,4.479184385854751,dropped_queue_full,,,
1076,2,1,4.483333333333333,4.483442762866616,completed,4.541832827962935,58.49949462960158,34.99292755126953
1077,3,1,4.4875,4.488507802831009,completed,4.5508317379280925,63.33173792809266,34.97520065307617
1078,0,1,4.491666666666666,4.493389904033393,completed,4.5605858999770135,68.91923331034721,34.95510482788086
1079,1,1,4.495833333333334,4.498245214810595,completed,4.568004786036909,72.17145270357506,35.048065185546875
1080,2,0,4.5,4.503116835840046,dropped_queue_full,,,
1081,3,0,4.504166666666666,4.504244204843417,dropped_queue_full,,,
1082,0,0,4.508333333333333,4.5083548738621175,dropped_queue_full,,,
1083,1,0,4.5125,4.512599430978298,dropped_queue_full,,,
1084,2,1,4.516666666666667,4.516724859829992,completed,4.576994475908577,60.327809241910835,35.05235290527344
1085,3,1,4.520833333333333,4.521596221020445,completed,4.5899093768093735,69.07604347604047,34.98313522338867
1086,0,1,4.525,4.526456261985004,completed,4.59515175386332,70.1517538633194,34.920223236083984
1087,1,1,4.529166666666667,4.531326273921877,dropped_queue_full,,,
1088,2,0,4.533333333333333,4.53340923297219,dropped_queue_full,,,
1089,3,0,4.5375,4.537556950934231,dropped_queue_full,,,
1090,0,0,4.541666666666667,4.541824157815427,dropped_queue_full,,,
1091,1,0,4.545833333333333,4.545916396891698,completed,4.603014584863558,57.18125153022502,34.8487663269043
1092,2,1,4.55,4.550823227968067,completed,4.612036305014044,62.036305014044224,34.79487991333008
1093,3,1,4.554166666666666,4.555709759006277,completed,4.62226875196211,68.10208529544414,34.84796905517578
1094,0,1,4.558333333333334,4.5605804298538715,completed,4.629366430919617,71.03309758628384,34.854400634765625
1095,1,1,4.5625,4.565442001912743,dropped_queue_full,,,
1096,2,0,4.566666666666666,4.566726948833093,dropped_queue_full,,,
1097,3,0,4.570833333333333,4.570979685988277,dropped_queue_full,,,
1098,0,0,4.575,4.575078364927322,dropped_queue_full,,,
1099,1,0,4.579166666666667,4.57918717386201,completed,4.6379891249816865,58.822458315019865,34.875614166259766
1100,2,1,4.583333333333333,4.584444120991975,completed,4.651528608985245,68.1952756519122,34.86163330078125
1101,3,1,4.5875,4.589901356957853,completed,4.656406600028276,68.90660002827609,34.84617614746094
1102,0,1,4.591666666666667,4.595146263949573,completed,4.664286890998483,72.62022433181592,34.85033416748047
1103,1,1,4.595833333333333,4.600445200921968,dropped_dispatch_late,,,
1104,2,0,4.6,4.600453621009365,dropped_queue_full,,,
1105,3,0,4.604166666666667,4.604284242959693,dropped_queue_full,,,
1106,0,0,4.608333333333333,4.6083954609930515,dropped_queue_full,,,
1107,1,0,4.6125,4.61251840996556,completed,4.672991744009778,60.49174400977808,34.825504302978516
1108,2,1,4.616666666666666,4.61739891092293,completed,4.6848064959049225,68.13982923825623,34.79859161376953
1109,3,1,4.620833333333334,4.622260941891,completed,4.690682396991178,69.84906365784482,34.93539047241211
1110,0,1,4.625,4.627129173837602,dropped_queue_full,,,
1111,1,1,4.629166666666666,4.629199662944302,dropped_queue_full,,,
1112,2,0,4.633333333333333,4.633443780010566,dropped_queue_full,,,
1113,3,0,4.6375,4.637656727805734,dropped_queue_full,,,
1114,0,0,4.641666666666667,4.641760226804763,completed,4.699352869996801,57.68620333013441,35.00774383544922
1115,1,0,4.645833333333333,4.646638837875798,completed,4.709105622023344,63.272288690011,35.079681396484375
1116,2,1,4.65,4.651521308813244,completed,4.718874383950606,68.87438395060563,35.04297637939453
1117,3,1,4.654166666666667,4.656397599959746,completed,4.725765084847808,71.5984181811411,34.95491027832031
1118,0,1,4.658333333333333,4.661285700974986,dropped_queue_full,,,
1119,1,1,4.6625,4.66257041785866,dropped_queue_full,,,
1120,2,0,4.666666666666667,4.666671406943351,dropped_queue_full,,,
1121,3,0,4.670833333333333,4.670917985029519,dropped_queue_full,,,
1122,0,0,4.675,4.675027983961627,completed,4.734448828035966,59.44882803596574,34.88060760498047
1123,1,0,4.679166666666666,4.67989713489078,completed,4.74731265893206,68.14599226539374,34.78886413574219
1124,2,1,4.683333333333334,4.684799135895446,completed,4.752191649982706,68.85831664937214,34.66899108886719
1125,3,1,4.6875,4.689865414984524,dropped_queue_full,,,
1126,0,1,4.691666666666666,4.69176441594027,dropped_queue_full,,,
1127,1,1,4.695833333333333,4.69587262487039,dropped_queue_full,,,
1128,2,0,4.7,4.700151611818001,dropped_queue_full,,,
1129,3,0,4.704166666666667,4.704237211029977,completed,4.76056024688296,56.39358021629359,34.59452819824219
1130,0,0,4.708333333333333,4.709099031984806,completed,4.769241789821535,60.90845648820231,34.70185470581055
1131,1,0,4.7125,4.714014012832195,completed,4.78074862388894,68.24862388893926,34.81507110595703
1132,2,1,4.716666666666667,4.718867333838716,completed,4.786982291843742,70.31562517707535,34.86854553222656
1133,3,1,4.720833333333333,4.723724965937436,dropped_queue_full,,,
1134,0,1,4.725,4.725010422989726,dropped_queue_full,,,
1135,1,1,4.729166666666667,4.729237139923498,dropped_queue_full,,,
1136,2,0,4.733333333333333,4.733348378911614,dropped_queue_full,,,
1137,3,0,4.7375,4.737554656807333,completed,4.795521795982495,58.02179598249513,34.84099197387695
1138,0,0,4.741666666666666,4.742434477899224,completed,4.805137180024758,63.47051335809173,34.78947067260742
1139,1,0,4.745833333333334,4.747306379023939,completed,4.814869741909206,69.03640857587234,34.853248596191406
1140,2,1,4.75,4.752184159820899,completed,4.8219802810344845,71.9802810344845,34.82262420654297
1141,3,1,4.754166666666666,4.757085560820997,dropped_queue_full,,,
1142,0,1,4.758333333333333,4.758369098883122,dropped_queue_full,,,
1143,1,1,4.7625,4.762601455906406,dropped_queue_full,,,
1144,2,0,4.766666666666667,4.766715004807338,dropped_queue_full,,,
1145,3,0,4.770833333333333,4.770991191966459,completed,4.830521325813606,59.687992480273344,34.804481506347656
1146,0,0,4.775,4.775864532915875,completed,4.84332542703487,68.32542703486943,34.917633056640625
1147,1,0,4.779166666666667,4.780742374015972,completed,4.848195287864655,69.02862119798847,35.009281158447266
1148,2,1,4.783333333333333,4.785849713021889,dropped_queue_full,,,
1149,3,1,4.7875,4.78760100598447,dropped_queue_full,,,
1150,0,1,4.791666666666667,4.791713643819094,dropped_queue_full,,,
1151,1,1,4.795833333333333,4.7958430929575115,dropped_queue_full,,,
1152,2,0,4.8,4.8000761608127505,completed,4.857037069974467,57.037069974467336,34.94553756713867
1153,3,0,4.804166666666666,4.805131810018793,completed,4.867473145015538,63.30647834887149,35.09622573852539
1154,0,0,4.808333333333334,4.810024890815839,completed,4.877181957941502,68.84862460816876,35.007198333740234
1155,1,0,4.8125,4.814863351872191,completed,4.883449864806607,70.94986480660737,34.9760627746582
1156,2,1,4.816666666666666,4.819737873971462,dropped_queue_full,,,
1157,3,1,4.820833333333333,4.820861951913685,dropped_queue_full,,,
1158,0,1,4.825,4.825137399835512,dropped_queue_full,,,
1159,1,1,4.829166666666667,4.829238808015361,dropped_queue_full,,,
1160,2,0,4.833333333333333,4.8333480870351195,completed,4.891997609985992,58.664276652659275,34.84796905517578
1161,3,0,4.8375,4.838202618993819,completed,4.9008025110233575,63.302511023357155,34.92339324951172
1162,0,0,4.841666666666667,4.843319936888292,completed,4.9109219098463655,69.25524317969867,34.761409759521484
1163,1,0,4.845833333333333,4.848182898014784,dropped_queue_full,,,
1164,2,1,4.85,4.850076609989628,dropped_queue_full,,,
1165,3,1,4.854166666666667,4.854189697885886,dropped_queue_full,,,
1166,0,1,4.858333333333333,4.858440245967358,dropped_queue_full,,,
1167,1,1,4.8625,4.862549704965204,completed,4.91835891501978,55.858915019780575,34.81711959838867
1168,2,0,4.866666666666666,4.867465244838968,completed,4.926876939833164,60.21027316649796,34.63071823120117
1169,3,0,4.870833333333334,4.872342285932973,completed,4.938982798950747,68.14946561741309,34.614017486572266
1170,0,0,4.875,4.877176397945732,completed,4.944079227978364,69.07922797836363,34.697601318359375
1171,1,0,4.879166666666666,4.882042328827083,dropped_queue_full,,,
1172,2,1,4.883333333333333,4.883445764891803,dropped_queue_full,,,
1173,3,1,4.8875,4.8875571738462895,dropped_queue_full,,,
1174,0,1,4.891666666666667,4.891668722964823,dropped_queue_full,,,
1175,1,1,4.895833333333333,4.895918190013617,completed,4.953033508034423,57.200174701089956,34.5939826965332
1176,2,0,4.9,4.900794120971113,completed,4.961559582035989,61.559582035988214,34.65769577026367
1177,3,0,4.904166666666667,4.905873729847372,completed,4.9722510448191315,68.08437815246471,34.70569610595703
1178,0,0,4.908333333333333,4.9109164900146425,completed,4.979044946841896,70.71161350856237,34.731903076171875
1179,1,0,4.9125,4.9157946209888905,dropped_queue_full,,,
1180,2,1,4.916666666666667,4.916763130808249,dropped_queue_full,,,
1181,3,1,4.920833333333333,4.920868429820985,dropped_queue_full,,,
1182,0,1,4.925,4.925136707024649,dropped_queue_full,,,
1183,1,1,4.929166666666666,4.929234095849097,completed,4.988201156025752,59.03448935908617,34.896705627441406
1184,2,0,4.933333333333334,4.934104087995365,completed,4.99671269999817,63.37936666483657,34.943424224853516
1185,3,0,4.9375,4.938974778866395,completed,5.006476431852207,68.97643185220659,34.95167922973633
1186,0,0,4.941666666666666,4.944073787890375,completed,5.014129156013951,72.46248934728428,34.950782775878906
1187,1,0,4.945833333333333,4.948930868878961,dropped_queue_full,,,
1188,2,1,4.95,4.950055107939988,dropped_queue_full,,,
1189,3,1,4.954166666666667,4.954285404877737,dropped_queue_full,,,
1190,0,1,4.958333333333333,4.958394433837384,dropped_queue_full,,,
1191,1,1,4.9625,4.962515183025971,completed,5.022996306885034,60.49630688503349,34.72982406616211
1192,2,0,4.966666666666667,4.96738855401054,completed,5.034793738974258,68.12707230759152,34.67830276489258
1193,3,0,4.970833333333333,4.972243224969134,completed,5.0402704540174454,69.43712068411223,34.72608184814453
1194,0,0,4.975,4.97712832596153,dropped_queue_full,,,
1195,1,0,4.979166666666667,4.979210055898875,dropped_queue_full,,,
1196,2,1,4.983333333333333,4.98344385297969,dropped_queue_full,,,
1197,3,1,4.9875,4.987553221872076,dropped_queue_full,,,
1198,0,1,4.991666666666666,4.991823239019141,completed,5.0488291080109775,57.162441344311254,34.68035125732422
1199,1,1,4.995833333333334,4.996705309953541,completed,5.05909358500503,63.260251671696466,34.7336311340332
1200,2,0,5.0,5.001589750871062,completed,5.068845596862957,68.84559686295688,34.662078857421875
1201,3,0,5.004166666666666,5.006468422012404,completed,5.074997816001996,70.83114933532997,34.64188766479492
1202,0,0,5.008333333333333,5.011516781989485,dropped_queue_full,,,
1203,1,0,5.0125,5.012536501977593,dropped_queue_full,,,
1204,2,1,5.016666666666667,5.016821048920974,dropped_queue_full,,,
1205,3,1,5.020833333333333,5.0209207478910685,dropped_queue_full,,,
1206,0,1,5.025,5.025039415806532,completed,5.083678958937526,58.678958937525394,34.680030822753906
1207,1,1,5.029166666666667,5.029920356813818,completed,5.097328111995012,68.16144532834478,34.60287857055664
1208,2,0,5.033333333333333,5.034786708885804,completed,5.1021877829916775,68.85444965834431,34.634559631347656
1209,3,0,5.0375,5.039663719944656,dropped_queue_full,,,
1210,0,0,5.041666666666667,5.041717508807778,dropped_queue_full,,,
1211,1,0,5.045833333333333,5.045978826936334,dropped_queue_full,,,
1212,2,1,5.05,5.0500817550346255,dropped_queue_full,,,
1213,3,1,5.054166666666666,5.054186573950574,completed,5.10976565699093,55.598990324264186,34.68048095703125
1214,0,1,5.058333333333334,5.059086764929816,completed,5.118690657895058,60.35732456172482,34.683326721191406
1215,1,1,5.0625,5.063972825882956,completed,5.130601968849078,68.10196884907782,34.710655212402344
1216,2,0,5.066666666666666,5.068838167004287,completed,5.135988214984536,69.32154831786974,34.72246551513672
1217,3,0,5.070833333333333,5.0737073589116335,dropped_queue_full,,,
1218,0,0,5.075,5.075161034008488,dropped_queue_full,,,
1219,1,0,5.079166666666667,5.0792369928676635,dropped_queue_full,,,
1220,2,1,5.083333333333333,5.083348891930655,dropped_queue_full,,,
1221,3,1,5.0875,5.087603638879955,completed,5.144719276810065,57.21927681006456,34.77907180786133
1222,0,1,5.091666666666667,5.092480640858412,completed,5.154944274807349,63.27760814068206,34.7760009765625
1223,1,1,5.095833333333333,5.097321681911126,completed,5.164664166979492,68.8308336461585,34.66892623901367
1224,2,0,5.1,5.102180732879788,completed,5.17072892584838,70.72892584838009,34.595489501953125
1225,3,0,5.104166666666667,5.107050294987857,dropped_queue_full,,,
1226,0,0,5.108333333333333,5.10833434201777,dropped_queue_full,,,
1227,1,0,5.1125,5.1126569078769535,dropped_queue_full,,,
1228,2,1,5.116666666666666,5.116757666924968,dropped_queue_full,,,
1229,3,1,5.120833333333334,5.12086841580458,completed,5.179570007836446,58.736674503112596,34.642913818359375
1230,0,1,5.125,5.125722568016499,completed,5.188542957883328,63.5429578833282,34.48406219482422
1231,1,1,5.129166666666666,5.130595278926194,completed,5.198944153962657,69.77748729599043,34.51081466674805
1232,2,0,5.133333333333333,5.135492459870875,dropped_queue_full,,,
1233,3,0,5.1375,5.137555338907987,dropped_queue_full,,,
1234,0,0,5.141666666666667,5.141715666977689,dropped_queue_full,,,
1235,1,0,5.145833333333333,5.145991193829104,dropped_queue_full,,,
1236,2,1,5.15,5.150075593031943,completed,5.205446258885786,55.44625888578558,34.513919830322266
1237,3,1,5.154166666666667,5.154938954859972,completed,5.2141530809458345,59.98641427916773,34.442657470703125
1238,0,1,5.158333333333333,5.159781695809215,completed,5.2268969039432704,68.56357060993723,34.81568145751953
1239,1,1,5.1625,5.164657666813582,completed,5.231754804961383,69.2548049613837,34.6723518371582
1240,2,0,5.166666666666667,5.169912804849446,dropped_queue_full,,,
1241,3,0,5.170833333333333,5.170891674933955,dropped_queue_full,,,
1242,0,0,5.175,5.175137592013925,dropped_queue_full,,,
1243,1,0,5.179166666666666,5.179239330813289,dropped_queue_full,,,
1244,2,1,5.183333333333334,5.183345600031316,completed,5.240288489963859,56.95515663052575,34.69667053222656
1245,3,1,5.1875,5.188537407899275,completed,5.248991151805967,61.49115180596709,34.777408599853516
1246,0,1,5.191666666666666,5.19371883594431,completed,5.259850892936811,68.18422627014442,34.6379508972168
1247,1,1,5.195833333333333,5.19893747381866,completed,5.26660385588184,70.77052254850713,34.69027328491211
1248,2,0,5.2,5.204199010971934,dropped_dispatch_late,,,
1249,3,0,5.204166666666667,5.204207601025701,dropped_queue_full,,,
1250,0,0,5.208333333333333,5.208444798830897,dropped_queue_full,,,
1251,1,0,5.2125,5.212552187032998,dropped_queue_full,,,
1252,2,1,5.216666666666667,5.2168208349030465,completed,5.275147940032184,58.48127336551734,34.73750305175781
1253,3,1,5.220833333333333,5.221872743917629,completed,5.284168659942225,63.33532660889141,34.81980895996094
1254,0,1,5.225,5.2268914938904345,completed,5.294665975030512,69.66597503051197,34.7110710144043
1255,1,1,5.229166666666667,5.231748295016587,completed,5.301565474830568,72.39880816390087,34.78035354614258
1256,2,0,5.233333333333333,5.236615155823529,dropped_queue_full,,,
1257,3,0,5.2375,5.237581796944141,dropped_queue_full,,,
1258,0,0,5.241666666666666,5.241721524856985,dropped_queue_full,,,
1259,1,0,5.245833333333334,5.2459841119125485,dropped_queue_full,,,
1260,2,1,5.25,5.250079730991274,completed,5.310086590005085,60.08659000508487,34.71683120727539
1261,3,1,5.254166666666666,5.254988941829652,completed,5.3223328369203955,68.16617025372906,34.704734802246094
1262,0,1,5.258333333333333,5.25984513387084,completed,5.327548854984343,69.21552165101019,34.86531066894531
1263,1,1,5.2625,5.2647293149493635,dropped_queue_full,,,
1264,2,0,5.266666666666667,5.266767873894423,dropped_queue_full,,,
1265,3,0,5.270833333333333,5.2708715428598225,dropped_queue_full,,,
1266,0,0,5.275,5.275140089914203,dropped_queue_full,,,
1267,1,0,5.279166666666667,5.27923374902457,completed,5.336556524969637,57.38985830297061,34.78518295288086
1268,2,1,5.283333333333333,5.284160580020398,completed,5.345039729960263,61.70639662692956,34.81532669067383
1269,3,1,5.2875,5.2894367969129235,completed,5.355616733897477,68.11673389747774,34.94374465942383
1270,0,1,5.291666666666667,5.294659984996542,completed,5.362538425019011,70.87175835234393,34.897377014160156
1271,1,1,5.295833333333333,5.299947811989114,dropped_queue_full,,,
1272,2,0,5.3,5.300120390020311,dropped_queue_full,,,
1273,3,0,5.304166666666666,5.304239368997514,dropped_queue_full,,,
1274,0,0,5.308333333333334,5.308353406842798,dropped_queue_full,,,
1275,1,0,5.3125,5.312603304861113,completed,5.37156478385441,59.06478385441005,34.84806442260742
1276,2,1,5.316666666666666,5.31748097599484,completed,5.384792550932616,68.12588426594957,34.81817626953125
1277,3,1,5.320833333333333,5.322324606822804,completed,5.389667322859168,68.8339895258352,34.84028625488281
1278,0,1,5.325,5.327543424908072,completed,5.397535683820024,72.53568382002396,34.818782806396484
1279,1,1,5.329166666666667,5.332427605986595,dropped_queue_full,,,
1280,2,0,5.333333333333333,5.333394025918096,dropped_queue_full,,,
1281,3,0,5.3375,5.337515744846314,dropped_queue_full,,,
1282,0,0,5.341666666666667,5.3417110128793865,dropped_queue_full,,,
1283,1,0,5.345833333333333,5.345837361877784,completed,5.406562662916258,60.72932958292476,34.825599670410156
1284,2,1,5.35,5.350743212969974,completed,5.418149896897376,68.14989689737594,34.874305725097656
1285,3,1,5.354166666666667,5.355609003920108,completed,5.423821779899299,69.65511323263217,34.93580627441406
1286,0,1,5.358333333333333,5.360457264818251,dropped_queue_full,,,
1287,1,1,5.3625,5.36253511486575,dropped_queue_full,,,
1288,2,0,5.366666666666666,5.36682111187838,dropped_queue_full,,,
1289,3,0,5.370833333333334,5.370917720953003,dropped_queue_full,,,
1290,0,0,5.375,5.375031898962334,completed,5.432534372899681,57.53437289968133,34.937984466552734
1291,1,0,5.379166666666666,5.379905730020255,completed,5.442467413842678,63.30074717601164,34.850303649902344
1292,2,1,5.383333333333333,5.384785021888092,completed,5.452421533875167,69.08820054183451,34.721248626708984
1293,3,1,5.3875,5.389659572858363,completed,5.458744769915938,71.2447699159382,34.81731033325195
1294,0,1,5.391666666666667,5.394520803820342,dropped_queue_full,,,
1295,1,1,5.395833333333333,5.395942509872839,dropped_queue_full,,,
1296,2,0,5.4,5.400076767895371,dropped_queue_full,,,
1297,3,0,5.404166666666667,5.404185716994107,dropped_queue_full,,,
1298,0,0,5.408333333333333,5.408443104010075,completed,5.467450052965432,59.11671963209919,34.86809539794922
1299,1,0,5.4125,5.4132932459469885,completed,5.481488683028147,68.98868302814698,34.88227081298828
1300,2,1,5.416666666666667,5.418142726877704,completed,5.48680862900801,70.14196234134306,34.87491226196289
1301,3,1,5.420833333333333,5.4230053490027785,dropped_queue_full,,,
1302,0,1,5.425,5.425076897954568,dropped_queue_full,,,
1303,1,1,5.429166666666666,5.429238055832684,dropped_queue_full,,,
1304,2,0,5.433333333333334,5.433334604837,dropped_queue_full,,,
1305,3,0,5.4375,5.437601161887869,completed,5.493819898925722,56.319898925721645,34.859615325927734
1306,0,0,5.441666666666666,5.442461043829098,completed,5.502352423034608,60.685756367941934,34.76496124267578
1307,1,0,5.445833333333333,5.447560332017019,completed,5.513945356942713,68.1120236093804,34.712703704833984
1308,2,1,5.45,5.452414363855496,completed,5.519928766880184,69.92876688018424,34.743072509765625
1309,3,1,5.454166666666667,5.457289885031059,dropped_queue_full,,,
1310,0,1,5.458333333333333,5.45841491385363,dropped_queue_full,,,
1311,1,1,5.4625,5.462554561905563,dropped_queue_full,,,
1312,2,0,5.466666666666667,5.466821769950911,dropped_queue_full,,,
1313,3,0,5.470833333333333,5.470921917818487,completed,5.5286085398402065,57.77520650687329,34.80828857421875
1314,0,0,5.475,5.476197944954038,completed,5.538343972992152,63.34397299215233,34.791358947753906
1315,1,0,5.479166666666667,5.481482133036479,completed,5.548521130811423,69.3544641447561,34.76777648925781
1316,2,1,5.483333333333333,5.486801208928227,completed,5.554856976959854,71.52364362652096,34.723167419433594
1317,3,1,5.4875,5.492045996943489,dropped_dispatch_late,,,
1318,0,1,5.491666666666666,5.492054207017645,dropped_queue_full,,,
1319,1,1,5.495833333333334,5.495873957872391,dropped_queue_full,,,
1320,2,0,5.5,5.50014137593098,dropped_queue_full,,,
1321,3,0,5.504166666666666,5.504233334911987,completed,5.563567569945008,59.40090327834113,34.71654510498047
1322,0,0,5.508333333333333,5.5090909358114,completed,5.576456690905616,68.12335757228283,34.6357421875
1323,1,0,5.5125,5.513938867021352,completed,5.581320541910827,68.82054191082699,34.656959533691406
1324,2,1,5.516666666666667,5.51881283801049,dropped_queue_full,,,
1325,3,1,5.520833333333333,5.520886417943984,dropped_queue_full,,,
1326,0,1,5.525,5.525136695010588,dropped_queue_full,,,
1327,1,1,5.529166666666667,5.529249833896756,dropped_queue_full,,,
1328,2,0,5.533333333333333,5.533442141953856,completed,5.589671807829291,56.33847449595741,34.63862228393555
1329,3,0,5.5375,5.538338552927598,completed,5.59835537080653,60.85537080653047,34.672672271728516
1330,0,0,5.541666666666667,5.543419651919976,completed,5.609884456032887,68.21778936622013,34.7655029296875
1331,1,0,5.545833333333333,5.548514680936933,completed,5.615903915837407,70.07058250407371,34.724769592285156
1332,2,1,5.55,5.553406361956149,dropped_queue_full,,,
1333,3,1,5.554166666666666,5.5542133438866585,dropped_queue_full,,,
1334,0,1,5.558333333333334,5.558345221914351,dropped_queue_full,,,
1335,1,1,5.5625,5.562603140017018,dropped_queue_full,,,
1336,2,0,5.566666666666666,5.566710388986394,completed,5.624451249837875,57.784583171208936,34.68000030517578
1337,3,0,5.570833333333333,5.5715933598112315,completed,5.634057263843715,63.22393051038233,34.7371826171875
1338,0,0,5.575,5.576451080851257,completed,5.643955264938995,68.95526493899507,34.68979263305664
1339,1,0,5.579166666666667,5.5813139118254185,completed,5.650696666911244,71.53000024457779,34.65465545654297
1340,2,1,5.583333333333333,5.586195132927969,dropped_queue_full,,,
1341,3,1,5.5875,5.587600878905505,dropped_queue_full,,,
1342,0,1,5.591666666666667,5.591710207983851,dropped_queue_full,,,
1343,1,1,5.595833333333333,5.595977555029094,dropped_queue_full,,,
1344,2,0,5.6,5.600078213959932,completed,5.659245071001351,59.245071001351235,34.64191818237305
1345,3,0,5.604166666666667,5.604946104809642,completed,5.6723224199377,68.15575327103306,34.75455856323242
1346,0,0,5.608333333333333,5.609879245981574,completed,5.677213090937585,68.87975760425124,34.782623291015625
1347,1,0,5.6125,5.614772766828537,dropped_queue_full,,,
1348,2,1,5.616666666666666,5.616703677922487,dropped_queue_full,,,
1349,3,1,5.620833333333334,5.620980015024543,dropped_queue_full,,,
1350,0,1,5.625,5.625089033972472,dropped_queue_full,,,
1351,1,1,5.629166666666666,5.629186232807115,completed,5.6857242858968675,56.557619230201084,34.798465728759766
1352,2,0,5.633333333333333,5.634049464017153,completed,5.694244470912963,60.91113757963029,34.7894401550293
1353,3,0,5.6375,5.639092932920903,completed,5.705671136034653,68.17113603465242,34.833438873291016
1354,0,0,5.641666666666667,5.643949864897877,completed,5.711664935806766,69.99826914009955,34.787872314453125
1355,1,0,5.645833333333333,5.649245380889624,dropped_queue_full,,,
1356,2,1,5.65,5.65005038282834,dropped_queue_full,,,
1357,3,1,5.654166666666667,5.654185801977292,dropped_queue_full,,,
1358,0,1,5.658333333333333,5.658440798986703,dropped_queue_full,,,
1359,1,1,5.6625,5.662552617955953,completed,5.720670265844092,58.17026584409213,34.72585678100586
1360,2,0,5.666666666666667,5.667423588922247,completed,5.729949432890862,63.282766224195264,34.65488052368164
1361,3,0,5.670833333333333,5.672314279945567,completed,5.73969494481571,68.86161148237679,34.67116928100586
1362,0,0,5.675,5.677207570988685,completed,5.746444148011506,71.44414801150577,34.65568161010742
1363,1,0,5.679166666666666,5.6820862928871065,dropped_queue_full,,,
1364,2,1,5.683333333333334,5.683371289866045,dropped_queue_full,,,
1365,3,1,5.6875,5.6876024168450385,dropped_queue_full,,,
1366,0,1,5.691666666666666,5.6917158658616245,dropped_queue_full,,,
1367,1,1,5.695833333333333,5.695835904916748,completed,5.755406757816672,59.573424483339465,34.61423873901367
1368,2,0,5.7,5.700772705022246,completed,5.768131620017812,68.13162001781149,34.747230529785156
1369,3,0,5.704166666666667,5.705663235858083,completed,5.773005401017144,68.83873435047772,34.731201171875
1370,0,0,5.708333333333333,5.710533096920699,dropped_queue_full,,,
1371,1,0,5.7125,5.712600716855377,dropped_queue_full,,,
1372,2,1,5.716666666666667,5.716712455032393,dropped_queue_full,,,
1373,3,1,5.720833333333333,5.720833703875542,dropped_queue_full,,,
1374,0,1,5.725,5.725075431866571,completed,5.781350807985291,56.35080798529124,34.76911926269531
1375,1,1,5.729166666666667,5.729942092904821,completed,5.790194808971137,61.028142304469846,34.74806213378906
1376,2,0,5.733333333333333,5.7348131239414215,completed,5.801459215814248,68.12588248091433,34.656673431396484
1377,3,0,5.7375,5.739687254885212,completed,5.8075853548944,70.08535489439981,34.7512321472168
1378,0,0,5.741666666666666,5.744579365942627,dropped_queue_full,,,
1379,1,0,5.745833333333334,5.745850843843073,dropped_queue_full,,,
1380,2,1,5.75,5.75007622083649,dropped_queue_full,,,
1381,3,1,5.754166666666666,5.754282308975235,dropped_queue_full,,,
1382,0,1,5.758333333333333,5.758396677905694,completed,5.816144638927653,57.81130559432057,34.65081787109375
1383,1,1,5.7625,5.76326483883895,completed,5.825754332821816,63.25433282181603,34.82704162597656
1384,2,0,5.766666666666667,5.768124480033293,completed,5.835493574850261,68.82690818359461,34.76937484741211
1385,3,0,5.770833333333333,5.772997441934422,completed,5.84240713599138,71.57380265804659,34.744449615478516
1386,0,0,5.775,5.77786181285046,dropped_queue_full,,,
1387,1,0,5.779166666666667,5.779282748000696,dropped_queue_full,,,
1388,2,1,5.783333333333333,5.783395316917449,dropped_queue_full,,,
1389,3,1,5.7875,5.787506105843931,dropped_queue_full,,,
1390,0,1,5.791666666666667,5.791760032996535,completed,5.850990829989314,59.32416332264712,34.82566452026367
1391,1,1,5.795833333333333,5.79662269493565,completed,5.864177088020369,68.34375468703601,34.613311767578125
1392,2,0,5.8,5.80145173589699,completed,5.869051869027317,69.05186902731674,34.7143669128418
1393,3,0,5.804166666666666,5.806295417947695,dropped_queue_full,,,
1394,0,0,5.808333333333334,5.808383196825162,dropped_queue_full,,,
1395,1,0,5.8125,5.812508025905117,dropped_queue_full,,,
1396,2,1,5.816666666666666,5.8167664729990065,dropped_queue_full,,,
1397,3,1,5.820833333333333,5.820873191813007,completed,5.877289235824719,56.45590249138621,34.79743957519531
1398,0,1,5.825,5.825747642898932,completed,5.886002989020199,61.002989020198406,34.80451202392578
1399,1,1,5.829166666666667,5.8306176639162,completed,5.897291855886579,68.12518921991196,34.820350646972656
1400,2,0,5.833333333333333,5.835486555006355,completed,5.903413294814527,70.079961481194,34.62063980102539
1401,3,0,5.8375,5.840355166932568,dropped_queue_full,,,
1402,0,0,5.841666666666667,5.84176206192933,dropped_queue_full,,,
1403,1,0,5.845833333333333,5.8459197108168155,dropped_queue_full,,,
1404,2,1,5.85,5.850029829889536,dropped_queue_full,,,
1405,3,1,5.854166666666667,5.854236606974155,completed,5.912088537821546,57.921871154879234,34.58319854736328
1406,0,1,5.858333333333333,5.859121677931398,completed,5.921706990804523,63.37365747118984,34.47942352294922
1407,1,1,5.8625,5.864170697983354,completed,5.931450323900208,68.95032390020805,34.51980972290039
1408,2,0,5.866666666666666,5.869044438935816,completed,5.9380877069197595,71.42104025309325,34.54444885253906
1409,3,0,5.870833333333334,5.873939929995686,dropped_queue_full,,,
1410,0,0,5.875,5.8750660789664835,dropped_queue_full,,,
1411,1,0,5.879166666666666,5.879197416827083,dropped_queue_full,,,
1412,2,1,5.883333333333333,5.883443475002423,dropped_queue_full,,,
1413,3,1,5.8875,5.887559193884954,completed,5.946742059895769,59.242059895768584,34.55241775512695
1414,0,1,5.891666666666667,5.892447664868087,completed,5.959777399897575,68.11073323090878,34.626304626464844
1415,1,1,5.895833333333333,5.897284955950454,completed,5.964831568999216,68.99823566588293,34.4986572265625
1416,2,0,5.9,5.902150257024914,dropped_queue_full,,,
1417,3,0,5.904166666666667,5.90421083685942,dropped_queue_full,,,
1418,0,0,5.908333333333333,5.908442993881181,dropped_queue_full,,,
1419,1,0,5.9125,5.912569002946839,dropped_queue_full,,,
1420,2,1,5.916666666666667,5.916824559913948,completed,5.972765429876745,56.098763210077784,34.52550506591797
1421,3,1,5.920833333333333,5.921701540937647,completed,5.981451492989436,60.6181596561024,34.602081298828125
1422,0,1,5.925,5.926566872978583,completed,5.993128136033192,68.12813603319245,34.63091278076172
1423,1,1,5.929166666666666,5.931443864014,completed,5.998981116805226,69.81445013855935,34.63955307006836
1424,2,0,5.933333333333334,5.93632270488888,dropped_queue_full,,,
1425,3,0,5.9375,5.9376025318633765,dropped_queue_full,,,
1426,0,0,5.941666666666666,5.941710490966216,dropped_queue_full,,,
1427,1,0,5.945833333333333,5.945934208808467,dropped_queue_full,,,
1428,2,1,5.95,5.9500278970226645,completed,6.007674599997699,57.67459999769908,34.76911926269531
1429,3,1,5.954166666666667,5.954921848839149,completed,6.017447461839765,63.2807951730987,34.825439453125
1430,0,1,5.958333333333333,5.95977202989161,completed,6.027302613016218,68.96927968288492,34.818687438964844
1431,1,1,5.9625,5.964824938913807,completed,6.034049056004733,71.54905600473249,34.85948944091797
1432,2,0,5.966666666666667,5.969891528831795,dropped_queue_full,,,
1433,3,0,5.970833333333333,5.970858998829499,dropped_queue_full,,,
1434,0,0,5.975,5.975156985921785,dropped_queue_full,,,
1435,1,0,5.979166666666667,5.9792382849846035,dropped_queue_full,,,
1436,2,1,5.983333333333333,5.9833589238114655,completed,6.042562459828332,59.229126494998674,34.67292785644531
1437,3,1,5.9875,5.988245914923027,completed,6.055580490035936,68.0804900359364,34.666751861572266
1438,0,1,5.991666666666666,5.993122465908527,completed,6.060431850841269,68.76518417460264,34.720481872558594
1439,1,1,5.995833333333334,5.998009166913107,dropped_queue_full,,,
1440,2,0,6.0,6.000077005941421,dropped_queue_full,,,
1441,3,0,6.004166666666666,6.004190004896373,dropped_queue_full,,,
1442,0,0,6.008333333333333,6.008441581856459,dropped_queue_full,,,
1443,1,0,6.0125,6.012555330991745,completed,6.068763417890295,56.26341789029521,34.65817642211914
1444,2,1,6.016666666666667,6.0174392820335925,completed,6.077243732986972,60.57706632030513,34.656639099121094
1445,3,1,6.020833333333333,6.022303492994979,completed,6.089338221820071,68.50488848673831,34.71798324584961
1446,0,1,6.025,6.027297032997012,completed,6.09466799790971,69.66799790970946,34.622337341308594
1447,1,1,6.029166666666667,6.032148235011846,dropped_queue_full,,,
1448,2,0,6.033333333333333,6.033403151901439,dropped_queue_full,,,
1449,3,0,6.0375,6.037502920953557,dropped_queue_full,,,
1450,0,0,6.041666666666667,6.041759168030694,dropped_queue_full,,,
1451,1,0,6.045833333333333,6.045839917846024,completed,6.103676437865943,57.843104532609324,34.67273712158203
1452,2,1,6.05,6.0507175088860095,completed,6.1132513419725,63.25134197250026,34.69750213623047
1453,3,1,6.054166666666666,6.055572629906237,completed,6.122956654988229,68.78998832156302,34.76883316040039
1454,0,1,6.058333333333334,6.0604260310065,completed,6.129565158858895,71.23182552556173,34.804447174072266
1455,1,1,6.0625,6.065287712961435,dropped_queue_full,,,
1456,2,0,6.066666666666666,6.066705188015476,dropped_queue_full,,,
1457,3,0,6.070833333333333,6.070989375002682,dropped_queue_full,,,
1458,0,0,6.075,6.075028194813058,dropped_queue_full,,,
1459,1,0,6.079166666666667,6.07928336202167,completed,6.138563247863203,59.39658119653668,34.72576141357422
1460,2,1,6.083333333333333,6.084274171851575,completed,6.151674636872485,68.34130353915225,34.69468688964844
1461,3,1,6.0875,6.089330232003704,completed,6.156530697830021,69.03069783002103,34.754432678222656
1462,0,1,6.091666666666667,6.094175142934546,dropped_queue_full,,,
1463,1,1,6.095833333333333,6.095917275873944,dropped_queue_full,,,
1464,2,0,6.1,6.100041043944657,dropped_queue_full,,,
1465,3,0,6.104166666666667,6.104284101864323,dropped_queue_full,,,
1466,0,0,6.108333333333333,6.108394350856543,completed,6.164397399872541,56.064066539208035,34.77302551269531
1467,1,0,6.1125,6.113243961939588,completed,6.173498497810215,60.998497810214936,34.87519836425781
1468,2,1,6.116666666666666,6.118092632852495,completed,6.184981663012877,68.31499634621085,34.82835388183594
1469,3,1,6.120833333333334,6.122948884963989,completed,6.19083147495985,69.99814162651674,34.8612174987793
1470,0,1,6.125,6.12781337602064,dropped_queue_full,,,
1471,1,1,6.129166666666666,6.129238791996613,dropped_queue_full,,,
1472,2,0,6.133333333333333,6.133345470996574,dropped_queue_full,,,
1473,3,0,6.1375,6.137598967878148,dropped_queue_full,,,
1474,0,0,6.141666666666667,6.141713096993044,completed,6.199353308882564,57.6866422158977,34.849056243896484
1475,1,0,6.145833333333333,6.146573067875579,completed,6.209128070855513,63.29473752218018,34.67599868774414
1476,2,1,6.15,6.151667556958273,completed,6.21895999298431,68.95999298430944,34.63587188720703
1477,3,1,6.154166666666667,6.1565227578394115,completed,6.225567205809057,71.40053914238997,34.689056396484375
1478,0,1,6.158333333333333,6.16137185995467,dropped_queue_full,,,
1479,1,1,6.1625,6.162654737010598,dropped_queue_full,,,
1480,2,0,6.166666666666667,6.1667587058618665,dropped_queue_full,,,
1481,3,0,6.170833333333333,6.170867934823036,dropped_queue_full,,,
1482,0,0,6.175,6.175077851861715,completed,6.234244519844651,59.2445198446514,34.67795181274414
1483,1,0,6.179166666666666,6.179934283951297,completed,6.2472449988126755,68.07833214600922,34.580318450927734
1484,2,1,6.183333333333334,6.184974652947858,completed,6.252369398018345,69.03606468501167,34.613407135009766
1485,3,1,6.1875,6.189858163939789,dropped_queue_full,,,
1486,0,1,6.191666666666666,6.191761084832251,dropped_queue_full,,,
1487,1,1,6.195833333333333,6.195871714036912,dropped_queue_full,,,
1488,2,0,6.2,6.200151290977374,dropped_queue_full,,,
1489,3,0,6.204166666666667,6.204239710001275,completed,6.260239579016343,56.07291234967615,34.60540771484375
1490,0,0,6.208333333333333,6.209121980937198,completed,6.268924921983853,60.591588650519945,34.56425476074219
1491,1,0,6.2125,6.214104790939018,completed,6.280866741901264,68.36674190126324,34.607425689697266
1492,2,1,6.216666666666667,6.218952873023227,completed,6.286412246990949,69.74558032428213,34.66841506958008
1493,3,1,6.220833333333333,6.223811823874712,dropped_queue_full,,,
1494,0,1,6.225,6.2250781008042395,dropped_queue_full,,,
1495,1,1,6.229166666666667,6.229188950033858,dropped_queue_full,,,
1496,2,0,6.233333333333333,6.233441788004711,dropped_queue_full,,,
1497,3,0,6.2375,6.237555065890774,completed,6.295193788828328,57.69378882832843,34.719966888427734
1498,0,0,6.241666666666666,6.242409587837756,completed,6.3049634208437055,63.29675417703928,34.83718490600586
1499,1,0,6.245833333333334,6.247238718904555,completed,6.314648123923689,68.81479059035556,34.78224182128906
1500,2,1,6.25,6.252362287836149,completed,6.321248777909204,71.24877790920436,34.703487396240234
1501,3,1,6.254166666666666,6.2572210289072245,dropped_queue_full,,,
1502,0,1,6.258333333333333,6.258343528024852,dropped_queue_full,,,
1503,1,1,6.2625,6.262600134825334,dropped_queue_full,,,
1504,2,0,6.266666666666667,6.266712173819542,dropped_queue_full,,,
1505,3,0,6.270833333333333,6.2709896308369935,completed,6.330089358845726,59.25602551239262,34.8034553527832
1506,0,0,6.275,6.275847962824628,completed,6.343083378858864,68.08337885886395,34.72934341430664
1507,1,0,6.279166666666667,6.28086043195799,completed,6.347926169866696,68.75950320002922,34.942848205566406
1508,2,1,6.283333333333333,6.285755972843617,dropped_queue_full,,,
1509,3,1,6.2875,6.287527516018599,dropped_queue_full,,,
1510,0,1,6.291666666666667,6.291713624028489,dropped_queue_full,,,
1511,1,1,6.295833333333333,6.295991700841114,dropped_queue_full,,,
1512,2,0,6.3,6.3000796099659055,completed,6.356513764010742,56.513764010742484,35.04121780395508
1513,3,0,6.304166666666666,6.30495750089176,completed,6.365353266010061,61.186599343394654,35.13961410522461
1514,0,0,6.308333333333334,6.3098006919026375,completed,6.376547193853185,68.21386051985101,35.23503875732422
1515,1,0,6.3125,6.314641673816368,completed,6.383152856957167,70.65285695716739,35.049278259277344
1516,2,1,6.316666666666666,6.319518524920568,dropped_queue_full,,,
1517,3,1,6.320833333333333,6.32092195097357,dropped_queue_full,,,
1518,0,1,6.325,6.325027959886938,dropped_queue_full,,,
1519,1,1,6.329166666666667,6.329283006954938,dropped_queue_full,,,
1520,2,0,6.333333333333333,6.333397965878248,completed,6.391931388992816,58.59805565948317,35.2138557434082
1521,3,0,6.3375,6.338243227917701,completed,6.40079702087678,63.2970208767798,35.18601608276367
1522,0,0,6.341666666666667,6.343077968806028,completed,6.410488593857735,68.82192719106861,35.04972839355469
1523,1,0,6.345833333333333,6.347919599851593,completed,6.418198816012591,72.36548267925791,34.990142822265625
1524,2,1,6.35,6.35301009984687,dropped_queue_full,,,
1525,3,1,6.354166666666667,6.3542826569173485,dropped_queue_full,,,
1526,0,1,6.358333333333333,6.358396515948698,dropped_queue_full,,,
1527,1,1,6.3625,6.362502843840048,dropped_queue_full,,,
1528,2,0,6.366666666666666,6.366757671814412,completed,6.42672094097361,60.054274306943434,34.642494201660156
1529,3,0,6.370833333333334,6.371640532976016,completed,6.438954817829654,68.12148449632005,34.746849060058594
1530,0,0,6.375,6.3765416839160025,completed,6.4441369459964335,69.1369459964335,34.78297424316406
1531,1,0,6.379166666666666,6.381387964822352,dropped_queue_full,,,
1532,2,1,6.383333333333333,6.383442924823612,dropped_queue_full,,,
1533,3,1,6.3875,6.387557982932776,dropped_queue_full,,,
1534,0,1,6.391666666666667,6.391759930877015,dropped_queue_full,,,
1535,1,1,6.395833333333333,6.395870310021564,completed,6.453039987012744,57.20665367941091,34.74540710449219
1536,2,0,6.4,6.400788791012019,completed,6.4632407748140395,63.24077481403911,34.7374382019043
1537,3,0,6.404166666666667,6.405628851847723,completed,6.4729387778788805,68.77211121221372,34.68755340576172
1538,0,0,6.408333333333333,6.410483073908836,completed,6.479067955864593,70.73462253126017,34.71744155883789
1539,1,0,6.4125,6.415356994839385,dropped_queue_full,,,
1540,2,1,6.416666666666667,6.416761160828173,dropped_queue_full,,,
1541,3,1,6.420833333333333,6.420870878966525,dropped_queue_full,,,
1542,0,1,6.425,6.425143976928666,dropped_queue_full,,,
1543,1,1,6.429166666666666,6.429236395983025,completed,6.488091045990586,58.92437932392003,34.842559814453125
1544,2,0,6.433333333333334,6.434086826862767,completed,6.496817798819393,63.48446548605935,34.908607482910156
1545,3,0,6.4375,6.43894693790935,completed,6.506709588924423,69.20958892442286,34.95814514160156
1546,0,0,6.441666666666666,6.44380260980688,dropped_queue_full,,,
1547,1,0,6.445833333333333,6.445877868914977,dropped_queue_full,,,
1548,2,1,6.45,6.450034936890006,dropped_queue_full,,,
1549,3,1,6.454166666666667,6.45428267493844,dropped_queue_full,,,
1550,0,1,6.458333333333333,6.458396582864225,completed,6.51415801490657,55.82468157323728,34.94704055786133
1551,1,1,6.4624999999999995,6.46323355496861,completed,6.522992596030235,60.49259603023582,34.8070068359375
1552,2,0,6.466666666666667,6.4680847658310086,completed,6.534739107824862,68.07244115819522,34.75689697265625
1553,3,0,6.470833333333333,6.4729307778179646,completed,6.5403958519455045,69.56251861217133,34.80659103393555
1554,0,0,6.475,6.477773438906297,dropped_queue_full,,,
1555,1,0,6.479166666666667,6.4792321450077,dropped_queue_full,,,
1556,2,1,6.483333333333333,6.483352372888476,dropped_queue_full,,,
1557,3,1,6.4875,6.487601030850783,dropped_queue_full,,,
1558,0,1,6.491666666666666,6.491818518843502,completed,6.54886385682039,57.197190153723376,34.704830169677734
1559,1,1,6.495833333333334,6.496810209006071,completed,6.559079675003886,63.24634167055265,34.63235092163086
1560,2,0,6.5,6.501833067974076,completed,6.5687643678393215,68.7643678393215,34.6374397277832
1561,3,0,6.504166666666666,6.506701428908855,completed,6.575069813989103,70.90314732243641,34.637630462646484
1562,0,0,6.508333333333333,6.511596219846979,dropped_queue_full,,,
1563,1,0,6.5125,6.512563870986924,dropped_queue_full,,,
1564,2,1,6.516666666666667,6.516823027981445,dropped_queue_full,,,
1565,3,1,6.520833333333333,6.520920026814565,dropped_queue_full,,,
1566,0,1,6.5249999999999995,6.525026595918462,completed,6.583773746853694,58.77374685369485,34.7303352355957
1567,1,1,6.529166666666667,6.5298801069147885,completed,6.597268611891195,68.1019452245284,34.733665466308594
1568,2,0,6.533333333333333,6.53473186888732,completed,6.602526218863204,69.1928855298709,34.678558349609375
1569,3,0,6.5375,6.5395797898527235,dropped_queue_full,,,
1570,0,0,6.541666666666667,6.541669868864119,dropped_queue_full,,,
1571,1,0,6.545833333333333,6.54591705603525,dropped_queue_full,,,
1572,2,1,6.55,6.550136903999373,dropped_queue_full,,,
1573,3,1,6.554166666666666,6.554233212955296,completed,6.609832586022094,55.66591935542764,34.705055236816406
1574,0,1,6.558333333333334,6.559073254931718,completed,6.618360180873424,60.026847540090245,34.53721618652344
1575,1,1,6.5625,6.563913245918229,completed,6.63064253795892,68.14253795892,34.66179275512695
1576,2,0,6.566666666666666,6.568757127970457,completed,6.636027114000171,69.360447333505,34.70646286010742
1577,3,0,6.570833333333333,6.573618878843263,dropped_queue_full,,,
1578,0,0,6.575,6.575064484030008,dropped_queue_full,,,
1579,1,0,6.579166666666667,6.579190112883225,dropped_queue_full,,,
1580,2,1,6.583333333333333,6.583443549927324,dropped_queue_full,,,
1581,3,1,6.5874999999999995,6.587556728860363,completed,6.644769805949181,57.26980594918185,34.73177719116211
1582,0,1,6.591666666666667,6.592434349935502,completed,6.654403458815068,62.73679214840122,34.808223724365234
1583,1,1,6.595833333333333,6.597262121969834,completed,6.6625806170050055,66.74728367167226,34.70035171508789
1584,2,0,6.6,6.602518858853728,completed,6.670964382821694,70.96438282169437,34.70969772338867
1585,3,0,6.604166666666667,6.607428019866347,dropped_queue_full,,,
1586,0,0,6.608333333333333,6.608393620001152,dropped_queue_full,,,
1587,1,0,6.6125,6.612517098896205,dropped_queue_full,,,
1588,2,1,6.616666666666666,6.616764036938548,dropped_queue_full,,,
1589,3,1,6.620833333333334,6.620874164858833,completed,6.679708255920559,58.8749225872256,34.770015716552734
1590,0,1,6.625,6.625748016871512,completed,6.691693485947326,66.69348594732583,34.83027267456055
1591,1,1,6.629166666666666,6.630635517882183,completed,6.69728941982612,68.12275315945371,34.6984977722168
1592,2,0,6.633333333333333,6.635530038969591,dropped_queue_full,,,
1593,3,0,6.6375,6.637603197945282,dropped_queue_full,,,
1594,0,0,6.641666666666667,6.641816665884107,dropped_queue_full,,,
1595,1,0,6.645833333333333,6.645906924968585,dropped_queue_full,,,
1596,2,1,6.6499999999999995,6.650074482895434,completed,6.7059200529474765,55.92005294747704,34.81903839111328
1597,3,1,6.654166666666667,6.654399028979242,completed,6.716370097827166,62.203431160499534,34.86912155151367
1598,0,1,6.658333333333333,6.658483868930489,completed,6.724650274962187,66.3169416288536,34.793888092041016
1599,1,1,6.6625,6.662574528018013,completed,6.732284958939999,69.7849589399997,34.893760681152344
1600,2,0,6.666666666666667,6.666692825965583,dropped_queue_full,,,
1601,3,0,6.670833333333333,6.670960193965584,dropped_queue_full,,,
1602,0,0,6.675,6.67501403298229,dropped_queue_full,,,
1603,1,0,6.679166666666666,6.679224060848355,dropped_queue_full,,,
1604,2,1,6.683333333333334,6.6834432578179985,completed,6.740759884007275,57.426550673941534,34.721343994140625
1605,3,1,6.6875,6.687596817035228,completed,6.749690745025873,62.190745025873184,34.754974365234375
1606,0,1,6.691666666666666,6.691688835853711,completed,6.758133839815855,66.4671731491886,34.85980987548828
1607,1,1,6.695833333333333,6.695853513898328,dropped_queue_full,,,
1608,2,0,6.7,6.700114480918273,dropped_queue_full,,,
1609,3,0,6.704166666666667,6.704284798819572,dropped_queue_full,,,
1610,0,0,6.708333333333333,6.708437827881426,dropped_queue_full,,,
1611,1,0,6.7124999999999995,6.712596626020968,completed,6.767233558930457,54.73355893045717,34.75814437866211
1612,2,1,6.716666666666667,6.716689434833825,completed,6.775759772863239,59.093106196572265,34.72883224487305
1613,3,1,6.720833333333333,6.7209141629282385,completed,6.7872929780278355,66.45964469450227,34.80534362792969
1614,0,1,6.725,6.7251292208675295,completed,6.793073159875348,68.07315987534857,34.73846435546875
1615,1,1,6.729166666666667,6.7292028500232846,dropped_queue_full,,,
1616,2,0,6.733333333333333,6.7333862979430705,dropped_queue_full,,,
1617,3,0,6.7375,6.73753763595596,dropped_queue_full,,,
1618,0,0,6.741666666666666,6.741703765001148,dropped_queue_full,,,
1619,1,0,6.745833333333334,6.745911031961441,completed,6.802017029840499,56.18369650716559,34.69055938720703
1620,2,1,6.75,6.750047720968723,completed,6.812435055850074,62.435055850073695,34.76166534423828
1621,3,1,6.754166666666666,6.7541693998500705,completed,6.8204236859455705,66.25701927890404,34.75727844238281
1622,0,1,6.758333333333333,6.7584453269373626,completed,6.8279110009316355,69.57766759830264,34.74492645263672
1623,1,1,6.7625,6.762542235897854,dropped_queue_full,,,
1624,2,0,6.766666666666667,6.7667562938295305,dropped_queue_full,,,
1625,3,0,6.770833333333333,6.7708539518062025,dropped_queue_full,,,
1626,0,0,6.7749999999999995,6.775005440926179,dropped_queue_full,,,
1627,1,0,6.779166666666667,6.7792209789622575,completed,6.836855371017009,57.688704350342235,34.733856201171875
1628,2,1,6.783333333333333,6.783348856959492,completed,6.8455142439343035,62.18091060097031,34.60198211669922
1629,3,1,6.7875,6.787613044958562,completed,6.854187786811963,66.68778681196308,34.694366455078125
1630,0,1,6.791666666666667,6.791692283935845,dropped_queue_full,,,
1631,1,1,6.795833333333333,6.7959258609917015,dropped_queue_full,,,
1632,2,0,6.8,6.800006509991363,dropped_queue_full,,,
1633,3,0,6.804166666666666,6.804233657894656,dropped_queue_full,,,
1634,0,0,6.808333333333334,6.808439765824005,completed,6.8628082210198045,54.47488768647091,34.691646575927734
1635,1,0,6.8125,6.812598033808172,completed,6.871811060933396,59.31106093339622,34.807552337646484
1636,2,1,6.816666666666666,6.816677822964266,completed,6.883031467907131,66.36480124046429,34.80588912963867
1637,3,1,6.820833333333333,6.820904610911384,completed,6.889073277823627,68.23994449029414,34.8554573059082
1638,0,1,6.825,6.825131448917091,dropped_queue_full,,,
1639,1,1,6.829166666666667,6.8291702079586685,dropped_queue_full,,,
1640,2,0,6.833333333333333,6.833441914990544,dropped_queue_full,,,
1641,3,0,6.8374999999999995,6.8375977638643235,dropped_queue_full,,,
1642,0,0,6.841666666666667,6.84175578202121,completed,6.897759310901165,56.09264423449822,34.87046432495117
1643,1,0,6.845833333333333,6.8458347709383816,completed,6.907976507907733,62.143174574400106,34.796993255615234
1644,2,1,6.85,6.850108077982441,completed,6.916478042956442,66.478042956442,34.93711853027344
1645,3,1,6.854166666666667,6.854183276882395,completed,6.923913248814642,69.74658214797546,34.727840423583984
1646,0,1,6.858333333333333,6.858403085032478,dropped_queue_full,,,
1647,1,1,6.8625,6.8626450130250305,dropped_queue_full,,,
1648,2,0,6.866666666666666,6.8666910720057786,dropped_queue_full,,,
1649,3,0,6.870833333333334,6.870856969850138,dropped_queue_full,,,
1650,0,0,6.875,6.875069077825174,completed,6.932600801810622,57.600801810622215,34.79129409790039
1651,1,0,6.879166666666666,6.87928551598452,completed,6.941654740832746,62.4880741660796,34.77772903442383
1652,2,1,6.883333333333333,6.883351704804227,completed,6.9501488958485425,66.81556251520959,34.571998596191406
1653,3,1,6.8875,6.887531582964584,dropped_queue_full,,,
1654,0,1,6.891666666666667,6.891743510961533,dropped_queue_full,,,
1655,1,1,6.895833333333333,6.895908578997478,dropped_queue_full,,,
1656,2,0,6.8999999999999995,6.900067148031667,dropped_queue_full,,,
1657,3,0,6.904166666666667,6.904225155944005,completed,6.95891660801135,54.74994134468325,34.818912506103516
1658,0,0,6.908333333333333,6.9084427040070295,completed,6.967602560995147,59.26922766181342,34.82134246826172
1659,1,0,6.9125,6.91254768287763,completed,6.978859407827258,66.35940782725847,34.8218879699707
1660,2,1,6.916666666666667,6.916798069840297,completed,6.985070626018569,68.4039593519019,34.73344039916992
1661,3,1,6.920833333333333,6.920852818991989,dropped_queue_full,,,
1662,0,1,6.925,6.925016567809507,dropped_queue_full,,,
1663,1,1,6.929166666666666,6.929223116021603,dropped_queue_full,,,
1664,2,0,6.933333333333334,6.9333906839601696,dropped_queue_full,,,
1665,3,0,6.9375,6.937595991883427,completed,6.993917466839775,56.41746683977544,34.83622360229492
1666,0,0,6.941666666666666,6.941815058933571,completed,7.003764098975807,62.097432309141,34.6464958190918
1667,1,0,6.945833333333333,6.945881168823689,completed,7.012171283829957,66.33795049662439,34.653377532958984
1668,2,1,6.95,6.950144135858864,completed,7.019912886898965,69.91288689896447,34.61305618286133
1669,3,1,6.954166666666667,6.95426798495464,dropped_queue_full,,,
1670,0,1,6.958333333333333,6.958439162932336,dropped_queue_full,,,
1671,1,1,6.9624999999999995,6.9625269318930805,dropped_queue_full,,,
1672,2,0,6.966666666666667,6.966692919842899,dropped_queue_full,,,
1673,3,0,6.970833333333333,6.970897448016331,completed,7.028659728821367,57.82639548803381,34.589569091796875
1674,0,0,6.975,6.975103755947202,completed,7.037188573973253,62.188573973253725,34.67398452758789
1675,1,0,6.979166666666667,6.979181164875627,completed,7.0459977148566395,66.83104818997253,34.55571365356445
1676,2,1,6.983333333333333,6.983382132835686,dropped_queue_full,,,
1677,3,1,6.9875,6.987593340920284,dropped_queue_full,,,
1678,0,1,6.991666666666666,6.991752008907497,dropped_queue_full,,,
1679,1,1,6.995833333333334,6.9959583568852395,dropped_queue_full,,,
1680,2,0,7.0,7.000005695968866,completed,7.054704047972336,54.70404797233641,34.646942138671875
1681,3,0,7.004166666666666,7.004242304014042,completed,7.066406100988388,62.23943432172163,34.66032028198242
1682,0,0,7.008333333333333,7.0084431518334895,completed,7.074625348905101,66.29201557176856,34.626976013183594
1683,1,0,7.0125,7.012650959892198,completed,7.080845845863223,68.3458458632229,34.698238372802734
1684,2,1,7.016666666666667,7.016759787919,dropped_queue_full,,,
1685,3,1,7.020833333333333,7.020857997005805,dropped_queue_full,,,
1686,0,1,7.0249999999999995,7.025064734974876,dropped_queue_full,,,
1687,1,1,7.029166666666667,7.029283082811162,dropped_queue_full,,,
1688,2,0,7.033333333333333,7.033440151019022,completed,7.089446950005367,56.11361667203418,34.576576232910156
1689,3,0,7.0375,7.037511450937018,completed,7.099647397873923,62.14739787392354,34.664737701416016
1690,0,0,7.041666666666667,7.0417138680350035,completed,7.108014053897932,66.3473872312652,34.78726577758789
1691,1,0,7.045833333333333,7.045833396958187,dropped_queue_full,,,
1692,2,1,7.05,7.0501898429356515,dropped_queue_full,,,
1693,3,1,7.054166666666666,7.0542227029800415,dropped_queue_full,,,
1694,0,1,7.058333333333334,7.058442110894248,dropped_queue_full,,,
1695,1,1,7.0625,7.0625982489436865,completed,7.1158556148875505,53.35561488755047,34.752864837646484
1696,2,0,7.066666666666666,7.066726597957313,completed,7.124389509903267,57.722843236600596,34.75619125366211
1697,3,0,7.070833333333333,7.070837446022779,completed,7.133020602865145,62.18726953181175,34.77580642700195
1698,0,0,7.075,7.075105133932084,completed,7.141687756869942,66.68775686994178,34.742271423339844
1699,1,0,7.079166666666667,7.079266401939094,dropped_queue_full,,,
1700,2,1,7.083333333333333,7.083442099858075,dropped_queue_full,,,
1701,3,1,7.0874999999999995,7.087596668861806,dropped_queue_full,,,
1702,0,1,7.091666666666667,7.091803155839443,dropped_queue_full,,,
1703,1,1,7.095833333333333,7.095850055804476,completed,7.150675707031041,54.84237369770817,34.694305419921875
1704,2,0,7.1,7.100125103024766,completed,7.159171190811321,59.171190811321495,34.63209533691406
1705,3,0,7.104166666666667,7.104217841988429,completed,7.170622617006302,66.45595033963491,34.68038558959961
1706,0,0,7.108333333333333,7.108336520846933,completed,7.176599636906758,68.26630357342455,34.72371292114258
1707,1,0,7.1125,7.112585488008335,dropped_queue_full,,,
1708,2,1,7.116666666666666,7.116800705902278,dropped_queue_full,,,
1709,3,1,7.120833333333334,7.1208502349909395,dropped_queue_full,,,
1710,0,1,7.125,7.125019443919882,dropped_queue_full,,,
1711,1,1,7.129166666666666,7.129226290853694,completed,7.185603335965425,56.436669298758346,34.735103607177734
1712,2,0,7.133333333333333,7.1333432698156685,completed,7.1954815678764135,62.148234543080605,34.72636795043945
1713,3,0,7.1375,7.137599567882717,completed,7.203857783926651,66.35778392665071,34.742366790771484
1714,0,0,7.141666666666667,7.141684876987711,completed,7.211383857997134,69.71719133046773,34.683902740478516
1715,1,0,7.145833333333333,7.145959423854947,dropped_queue_full,,,
1716,2,1,7.1499999999999995,7.150194860994816,dropped_queue_full,,,
1717,3,1,7.154166666666667,7.1542248809710145,dropped_queue_full,,,
1718,0,1,7.158333333333333,7.15837911888957,dropped_queue_full,,,
1719,1,1,7.1625,7.162536607822403,completed,7.220288818934932,57.788818934932706,34.637535095214844
1720,2,0,7.166666666666667,7.166814025025815,completed,7.228968292009085,62.301625342418454,34.59849548339844
1721,3,0,7.170833333333333,7.17094300291501,completed,7.2376669850200415,66.83365168670807,34.71420669555664
1722,0,0,7.175,7.175051731988788,dropped_queue_full,,,
1723,1,0,7.179166666666666,7.179270609980449,dropped_queue_full,,,
1724,2,1,7.183333333333334,7.18343764799647,dropped_queue_full,,,
1725,3,1,7.1875,7.187649275874719,dropped_queue_full,,,
1726,0,1,7.191666666666666,7.191691425861791,completed,7.246169819962233,54.503153295566875,34.624000549316406
1727,1,1,7.195833333333333,7.195958652999252,completed,7.258082839893177,62.24950655984429,34.77248001098633
1728,2,0,7.2,7.200068922014907,completed,7.266395636834204,66.39563683420403,34.75129699707031
1729,3,0,7.204166666666667,7.204178109997883,completed,7.272440206026658,68.27353935999182,34.72684860229492
1730,0,0,7.208333333333333,7.208442977862433,dropped_queue_full,,,
1731,1,0,7.2124999999999995,7.2125968059990555,dropped_queue_full,,,
1732,2,1,7.216666666666667,7.2167518239002675,dropped_queue_full,,,
1733,3,1,7.220833333333333,7.220919942948967,dropped_queue_full,,,
1734,0,1,7.225,7.225007341941819,completed,7.2810718298424035,56.071829842403886,34.849342346191406
1735,1,1,7.229166666666667,7.229284018976614,completed,7.291363056981936,62.196390315269134,34.7171516418457
1736,2,0,7.233333333333333,7.233387847896665,completed,7.299616673961282,66.28334062794838,34.778846740722656
1737,3,0,7.2375,7.237500665942207,dropped_queue_full,,,
1738,0,0,7.241666666666666,7.241695143980905,dropped_queue_full,,,
1739,1,0,7.245833333333334,7.24584872298874,dropped_queue_full,,,
1740,2,1,7.25,7.250248628901318,dropped_queue_full,,,
1741,3,1,7.254166666666666,7.254282967885956,completed,7.307383046019822,53.21637935315593,34.77804946899414
1742,0,1,7.258333333333333,7.258405026979744,completed,7.316012499853969,57.67916652063576,34.81647872924805
1743,1,1,7.2625,7.262603844981641,completed,7.324973869835958,62.47386983595771,34.7116813659668
1744,2,0,7.266666666666667,7.266716863960028,completed,7.333509514806792,66.84284814012554,34.76326370239258
1745,3,0,7.270833333333333,7.270858961855993,dropped_queue_full,,,
1746,0,0,7.2749999999999995,7.275067619979382,dropped_queue_full,,,
1747,1,0,7.279166666666667,7.279222267912701,dropped_queue_full,,,
1748,2,1,7.283333333333333,7.283426665933803,dropped_queue_full,,,
1749,3,1,7.2875,7.287597093963996,completed,7.342288495972753,54.788495972752926,34.805023193359375
1750,0,1,7.291666666666667,7.291684863856062,completed,7.353981678839773,62.31501217310598,34.77961730957031
1751,1,1,7.295833333333333,7.295876960968599,completed,7.362132068024948,66.29873469161484,34.73062515258789
1752,2,0,7.3,7.3000937988981605,completed,7.368444233899936,68.44423389993625,34.710113525390625
1753,3,0,7.304166666666666,7.304284616839141,dropped_queue_full,,,
1754,0,0,7.308333333333334,7.308440945809707,dropped_queue_full,,,
1755,1,0,7.3125,7.312595333904028,dropped_queue_full,,,
1756,2,1,7.316666666666666,7.316752571845427,dropped_queue_full,,,
1757,3,1,7.320833333333333,7.320909300819039,completed,7.377231145976111,56.39781264277843,34.766239166259766
1758,0,1,7.325,7.3251344978343695,completed,7.387232535984367,62.232535984366955,34.832481384277344
1759,1,1,7.329166666666667,7.32923684688285,completed,7.395598051836714,66.43138517004755,34.85388946533203
1760,2,0,7.333333333333333,7.333344255806878,dropped_queue_full,,,
1761,3,0,7.3374999999999995,7.33759697386995,dropped_queue_full,,,
1762,0,0,7.341666666666667,7.34167499281466,dropped_queue_full,,,
1763,1,0,7.345833333333333,7.345850580837578,dropped_queue_full,,,
1764,2,1,7.35,7.3500064390245825,completed,7.4034438140224665,53.443814022466896,34.77030563354492
1765,3,1,7.354166666666667,7.354285825975239,completed,7.412170035997406,58.003369330738686,34.85532760620117
1766,0,1,7.358333333333333,7.358365984866396,completed,7.420701810857281,62.368477523947696,34.7672004699707
1767,1,1,7.3625,7.362602652981877,completed,7.429860408883542,67.360408883542,34.79606246948242
1768,2,0,7.366666666666666,7.3667105219792575,dropped_queue_full,,,
1769,3,0,7.370833333333334,7.37090824986808,dropped_queue_full,,,
1770,0,0,7.375,7.375063207931817,dropped_queue_full,,,
1771,1,0,7.379166666666666,7.379273505881429,dropped_queue_full,,,
1772,2,1,7.383333333333333,7.383438173914328,completed,7.438290503807366,54.957170474033035,34.78870391845703
1773,3,1,7.3875,7.387553532840684,completed,7.449832958867773,62.332958867773236,34.963104248046875
1774,0,1,7.391666666666667,7.3918140300083905,completed,7.4580516058485955,66.3849391819289,35.07075119018555
1775,1,1,7.395833333333333,7.395919548813254,completed,7.464961976977065,69.12864364373218,34.99039840698242
1776,2,0,7.3999999999999995,7.400015697814524,dropped_queue_full,,,
1777,3,0,7.404166666666667,7.404231155989692,dropped_queue_full,,,
1778,0,0,7.408333333333333,7.4084400839637965,dropped_queue_full,,,
1779,1,0,7.4125,7.412597951944917,dropped_queue_full,,,
1780,2,1,7.416666666666667,7.416754969861358,completed,7.473601580830291,56.93491416362395,35.011390686035156
1781,3,1,7.420833333333333,7.420863288920373,completed,7.4829867468215525,62.15341348821912,34.92559814453125
1782,0,1,7.425,7.425123385852203,completed,7.491311642806977,66.3116428069772,34.801185607910156
1783,1,1,7.429166666666666,7.429221734870225,dropped_queue_full,,,
1784,2,0,7.433333333333334,7.4334592029917985,dropped_queue_full,,,
1785,3,0,7.4375,7.4375404820311815,dropped_queue_full,,,
1786,0,0,7.441666666666666,7.44182210881263,dropped_queue_full,,,
1787,1,0,7.445833333333333,7.445848149014637,completed,7.499912656843662,54.0793235103294,34.78102493286133
1788,2,1,7.45,7.450154235819355,completed,7.508445610990748,58.44561099074763,34.740928649902344
1789,3,1,7.454166666666667,7.454287913860753,completed,7.520598909817636,66.43224315096941,34.771297454833984
1790,0,1,7.458333333333333,7.45837482297793,completed,7.525843816809356,67.51048347602318,34.79622268676758
1791,1,1,7.4624999999999995,7.462603100808337,dropped_queue_full,,,
1792,2,0,7.466666666666667,7.466692809946835,dropped_queue_full,,,
1793,3,0,7.470833333333333,7.470849627861753,dropped_queue_full,,,
1794,0,0,7.475,7.475014416966587,dropped_queue_full,,,
1795,1,0,7.479166666666667,7.47922168392688,completed,7.534761187853292,55.59452118662467,34.757728576660156
1796,2,1,7.483333333333333,7.483441471820697,completed,7.545550719834864,62.21738650153075,34.67318344116211
1797,3,1,7.4875,7.487540480913594,completed,7.553989734966308,66.48973496630805,34.82128143310547
1798,0,1,7.491666666666666,7.491790788015351,completed,7.560805927030742,69.13926036407591,34.86470413208008
1799,1,1,7.495833333333334,7.49589602695778,dropped_queue_full,,,
1800,2,0,7.5,7.500073394970968,dropped_queue_full,,,
1801,3,0,7.504166666666666,7.504282552981749,dropped_queue_full,,,
1802,0,0,7.508333333333333,7.508439461933449,dropped_queue_full,,,
1803,1,0,7.5125,7.5125233109574765,completed,7.569760096957907,57.2600969579069,34.82463836669922
1804,2,1,7.516666666666667,7.5168000378180295,completed,7.578881385968998,62.21471930233147,34.86732864379883
1805,3,1,7.520833333333333,7.520918925991282,completed,7.587256571976468,66.42323864313494,34.878753662109375
1806,0,1,7.5249999999999995,7.525052845012397,dropped_queue_full,,,
1807,1,1,7.529166666666667,7.529284562915564,dropped_queue_full,,,
1808,2,0,7.533333333333333,7.5333819419611245,dropped_queue_full,,,
1809,3,0,7.5375,7.537597268819809,dropped_queue_full,,,
1810,0,0,7.541666666666667,7.541756388032809,completed,7.595755256945267,54.08859027860036,34.89148712158203
1811,1,0,7.545833333333333,7.54587142681703,completed,7.604763075942174,58.92974260884021,34.872257232666016
1812,2,1,7.55,7.550002814969048,completed,7.616402669809759,66.40266980975883,34.882625579833984
1813,3,1,7.554166666666666,7.554333571810275,completed,7.622077002888545,67.91033622187913,34.874942779541016
1814,0,1,7.558333333333334,7.558446040842682,dropped_queue_full,,,
1815,1,1,7.5625,7.562534649856389,dropped_queue_full,,,
1816,2,0,7.566666666666666,7.566692787921056,dropped_queue_full,,,
1817,3,0,7.570833333333333,7.5708608059212565,dropped_queue_full,,,
1818,0,0,7.575,7.575067333877087,completed,7.630704466020688,55.70446602068824,34.841407775878906
1819,1,0,7.579166666666667,7.579203821951523,completed,7.64139907900244,62.23241233577337,34.8823356628418
1820,2,1,7.583333333333333,7.58344344003126,completed,7.649785474874079,66.4521415407462,34.95283126831055
1821,3,1,7.5874999999999995,7.587577638914809,completed,7.657146130921319,69.64613092131967,35.00908660888672
1822,0,1,7.591666666666667,7.59170170687139,dropped_queue_full,,,
1823,1,1,7.595833333333333,7.595916264923289,dropped_queue_full,,,
1824,2,0,7.6,7.600004954030737,dropped_queue_full,,,
1825,3,0,7.604166666666667,7.604282760992646,dropped_queue_full,,,
1826,0,0,7.608333333333333,7.608378649922088,completed,7.665915434015915,57.582100682581405,35.018367767333984
1827,1,0,7.6125,7.61260329792276,completed,7.675021811854094,62.521811854094445,35.035518646240234
1828,2,1,7.616666666666666,7.616724196821451,completed,7.683694215025753,67.02754835908652,35.12144088745117
1829,3,1,7.620833333333334,7.620982883963734,dropped_queue_full,,,
1830,0,1,7.625,7.625065472908318,dropped_queue_full,,,
1831,1,1,7.629166666666666,7.629284510854632,dropped_queue_full,,,
1832,2,0,7.633333333333333,7.633393849944696,dropped_queue_full,,,
1833,3,0,7.6375,7.637597627006471,completed,7.692393787903711,54.89378790371102,34.95328140258789
1834,0,0,7.641666666666667,7.64172061602585,completed,7.703816344030201,62.14967736353483,35.002689361572266
1835,1,0,7.645833333333333,7.645978942979127,completed,7.712158449925482,66.32511659214924,34.87116622924805
1836,2,1,7.6499999999999995,7.650106461951509,completed,7.718601715983823,68.60171598382348,34.661983489990234
1837,3,1,7.654166666666667,7.654429248999804,dropped_queue_full,,,
1838,0,1,7.658333333333333,7.658383498899639,dropped_queue_full,,,
1839,1,1,7.6625,7.662535727024078,dropped_queue_full,,,
1840,2,0,7.666666666666667,7.666703925933689,dropped_queue_full,,,
1841,3,0,7.670833333333333,7.670910903019831,completed,7.72744617681019,56.61284347685669,34.91801452636719
1842,0,0,7.675,7.675018362002447,completed,7.737203938886523,62.203938886523424,34.86751937866211
1843,1,0,7.679166666666666,7.6792838498950005,completed,7.745597895001993,66.43122833532632,34.855712890625
1844,2,1,7.683333333333334,7.6833721089642495,dropped_queue_full,,,
1845,3,1,7.6875,7.687543976819143,dropped_queue_full,,,
1846,0,1,7.691666666666666,7.691754984902218,dropped_queue_full,,,
1847,1,1,7.695833333333333,7.695851493859664,dropped_queue_full,,,
1848,2,0,7.7,7.700010361848399,completed,7.753600324969739,53.600324969738544,34.805599212646484
1849,3,0,7.704166666666667,7.704285169020295,completed,7.76223356788978,58.0669012231132,34.76838302612305
1850,0,0,7.708333333333333,7.7083659479394555,completed,7.7708789019379765,62.54556860464344,34.743553161621094
1851,1,0,7.7124999999999995,7.712603545980528,completed,7.779762572841719,67.26257284171933,34.703102111816406
1852,2,1,7.716666666666667,7.716736513888463,dropped_queue_full,,,
1853,3,1,7.720833333333333,7.720962901832536,dropped_queue_full,,,
1854,0,1,7.725,7.7250120509415865,dropped_queue_full,,,
1855,1,1,7.729166666666667,7.7291769499424845,dropped_queue_full,,,
1856,2,0,7.733333333333333,7.733381388010457,completed,7.788496544817463,55.16321148412917,34.74095916748047
1857,3,0,7.7375,7.737526166019961,completed,7.799745042808354,62.24504280835408,34.7437744140625
1858,0,0,7.741666666666666,7.741808032849804,completed,7.8079470298253,66.28036315863372,34.817630767822266
1859,1,0,7.745833333333334,7.7459200718440115,completed,7.814697922905907,68.86458957257346,34.812862396240234
1860,2,1,7.75,7.7500188909471035,dropped_queue_full,,,
1861,3,1,7.754166666666666,7.75423243897967,dropped_queue_full,,,
1862,0,1,7.758333333333333,7.758380996994674,dropped_queue_full,,,
1863,1,1,7.7625,7.7625518050044775,dropped_queue_full,,,
1864,2,0,7.766666666666667,7.766753023024648,completed,7.823289036983624,56.62237031695749,34.7476806640625
1865,3,0,7.770833333333333,7.770876111928374,completed,7.833040358964354,62.20702563102076,34.76144027709961
1866,0,0,7.7749999999999995,7.7751470590010285,completed,7.841391294961795,66.39129496179575,34.72428894042969
1867,1,0,7.779166666666667,7.779283348005265,dropped_queue_full,,,
1868,2,1,7.783333333333333,7.783380926819518,dropped_queue_full,,,
1869,3,1,7.7875,7.787545094965026,dropped_queue_full,,,
1870,0,1,7.791666666666667,7.791752252960578,dropped_queue_full,,,
1871,1,1,7.795833333333333,7.79591075098142,completed,7.849543493939564,53.71016060623024,34.703617095947266
1872,2,0,7.8,7.800065889023244,completed,7.858170076971874,58.17007697187382,34.669151306152344
1873,3,0,7.804166666666666,7.804173667915165,completed,7.870460043894127,66.29337722746075,34.76345443725586
1874,0,0,7.808333333333334,7.808426335919648,completed,7.875660991994664,67.3276586613305,34.83977508544922
1875,1,0,7.8125,7.8125195750035346,dropped_queue_full,,,
1876,2,1,7.816666666666666,7.816693502943963,dropped_queue_full,,,
1877,3,1,7.820833333333333,7.820850710850209,dropped_queue_full,,,
1878,0,1,7.825,7.825015778886154,dropped_queue_full,,,
1879,1,1,7.829166666666667,7.829223936889321,completed,7.884601591853425,55.4349251867583,34.88025665283203
1880,2,0,7.833333333333333,7.833362906007096,completed,7.89554883283563,62.215499502296545,34.876991271972656
1881,3,0,7.8374999999999995,7.837602842831984,completed,7.903922228841111,66.4222288411116,34.91846466064453
1882,0,0,7.841666666666667,7.841713201953098,completed,7.910605911863968,68.93924519730099,34.79324722290039
1883,1,0,7.845833333333333,7.845983598846942,dropped_queue_full,,,
1884,2,1,7.85,7.850018728990108,dropped_queue_full,,,
1885,3,1,7.854166666666667,7.854223306989297,dropped_queue_full,,,
1886,0,1,7.858333333333333,7.8584410038311034,dropped_queue_full,,,
1887,1,1,7.8625,7.862538903020322,completed,7.9196007419377565,57.100741937756716,34.83574295043945
1888,2,0,7.866666666666666,7.866675931960344,completed,7.928861308842897,62.19464217623116,34.77724838256836
1889,3,0,7.870833333333334,7.8709375988692045,completed,7.93724705488421,66.41372155087666,34.781822204589844
1890,0,0,7.875,7.875026518013328,dropped_queue_full,,,
1891,1,0,7.879166666666666,7.87922246591188,dropped_queue_full,,,
1892,2,1,7.883333333333333,7.883377484977245,dropped_queue_full,,,
1893,3,1,7.8875,7.887594451894984,dropped_queue_full,,,
1894,0,1,7.891666666666667,7.8917538409587,completed,7.945382692851126,53.71602618445959,34.71180725097656
1895,1,1,7.895833333333333,7.8958709188736975,completed,7.955018716864288,59.185383530954816,34.689056396484375
1896,2,0,7.8999999999999995,7.900129857007414,completed,7.966522851027548,66.52285102754885,34.731201171875
1897,3,0,7.904166666666667,7.904242914868519,completed,7.971762998960912,67.59633229424544,34.73283386230469
1898,0,0,7.908333333333333,7.908441453007981,dropped_queue_full,,,
1899,1,0,7.9125,7.912649680860341,dropped_queue_full,,,
1900,2,1,7.916666666666667,7.91669498081319,dropped_queue_full,,,
1901,3,1,7.920833333333333,7.920860558981076,dropped_queue_full,,,
1902,0,1,7.925,7.925066456897184,completed,7.980443981941789,55.443981941789566,34.8592643737793
1903,1,1,7.929166666666666,7.92918283585459,completed,7.991389511851594,62.2228451849276,34.721248626708984
1904,2,0,7.933333333333334,7.933441232889891,completed,7.999758907826617,66.42557449328379,34.81849670410156
1905,3,0,7.9375,7.9375694419723,completed,8.006696998840198,69.19699884019792,34.841407775878906
1906,0,0,7.941666666666666,7.941681959899142,dropped_queue_full,,,
1907,1,0,7.945833333333333,7.945858767954633,dropped_queue_full,,,
1908,2,1,7.95,7.950063796015456,dropped_queue_full,,,
1909,3,1,7.954166666666667,7.954222594853491,dropped_queue_full,,,
1910,0,1,7.958333333333333,7.9584397720173,completed,8.015287013025954,56.95367969262133,34.80543899536133
1911,1,1,7.9624999999999995,7.962542400928214,completed,8.024693548912182,62.19354891218298,34.81536102294922
1912,2,0,7.966666666666667,7.966686979867518,completed,8.03307337500155,66.40670833488294,34.70284652709961
1913,3,0,7.970833333333333,7.9709664369001985,dropped_queue_full,,,
1914,0,0,7.975,7.9750687358900905,dropped_queue_full,,,
1915,1,0,7.979166666666667,7.9792243738193065,dropped_queue_full,,,
1916,2,1,7.983333333333333,7.983435921836644,dropped_queue_full,,,
1917,3,1,7.9875,7.98759580985643,completed,8.041544019943103,54.04401994310337,34.7567024230957
1918,0,1,7.991666666666666,7.991712978808209,completed,8.050071833888069,58.40516722140254,34.67136001586914
1919,1,1,7.995833333333334,7.995972126023844,completed,8.062167942989618,66.33460965628402,34.78656005859375
1920,2,0,8.0,8.000079774996266,completed,8.068010513903573,68.01051390357316,34.957855224609375
1921,3,0,8.004166666666666,8.004185133846477,dropped_queue_full,,,
1922,0,0,8.008333333333333,8.008378542028368,dropped_queue_full,,,
1923,1,0,8.0125,8.012535020010546,dropped_queue_full,,,
1924,2,1,8.016666666666666,8.016703099012375,dropped_queue_full,,,
1925,3,1,8.020833333333334,8.020910375984386,completed,8.076903705019504,56.070371686169906,35.255775451660156
1926,0,1,8.025,8.02501516486518,completed,8.087159212911502,62.15921291150117,35.37276840209961
1927,1,1,8.029166666666667,8.029265332967043,completed,8.095476628979668,66.30996231300124,35.21503829956055
1928,2,0,8.033333333333333,8.033394451020285,completed,8.103167451918125,69.83411858479194,34.96259307861328
1929,3,0,8.0375,8.037534329807386,dropped_queue_full,,,
1930,0,0,8.041666666666666,8.041704177856445,dropped_queue_full,,,
1931,1,0,8.045833333333333,8.045910525834188,dropped_queue_full,,,
1932,2,1,8.05,8.050066423835233,dropped_queue_full,,,
1933,3,1,8.054166666666667,8.054281611926854,completed,8.111917243804783,57.75057713811549,34.77827072143555
1934,0,1,8.058333333333334,8.058387581026182,completed,8.120536617934704,62.20328460137026,34.758113861083984
1935,1,1,8.0625,8.06260328902863,completed,8.129541717935354,67.04171793535352,34.73350524902344
1936,2,0,8.066666666666666,8.0666920079384,dropped_queue_full,,,
1937,3,0,8.070833333333333,8.070908634923398,dropped_queue_full,,,
1938,0,0,8.075,8.07506273384206,dropped_queue_full,,,
1939,1,0,8.079166666666666,8.07922307192348,dropped_queue_full,,,
1940,2,1,8.083333333333334,8.083383119897917,completed,8.138013252988458,54.679919655123754,34.71273422241211
1941,3,1,8.0875,8.087604227941483,completed,8.149678005836904,62.178005836903694,34.781150817871094
1942,0,1,8.091666666666667,8.091700086835772,completed,8.158013212960213,66.34654629354664,34.79596710205078
1943,1,1,8.095833333333333,8.095955103868619,completed,8.164390109013766,68.55677568043284,34.757633209228516
1944,2,0,8.1,8.100061252946034,dropped_queue_full,,,
1945,3,0,8.104166666666666,8.104222701862454,dropped_queue_full,,,
1946,0,0,8.108333333333333,8.108381209895015,dropped_queue_full,,,
1947,1,0,8.1125,8.11254708794877,dropped_queue_full,,,
1948,2,1,8.116666666666667,8.116754405898973,completed,8.17302164202556,56.354975358893,34.79619216918945
1949,3,1,8.120833333333334,8.120859015034512,completed,8.183174569858238,62.34123652490453,34.795902252197266
1950,0,1,8.125,8.125120871933177,completed,8.191292818868533,66.29281886853278,34.77862548828125
1951,1,1,8.129166666666666,8.129219700815156,dropped_queue_full,,,
1952,2,0,8.133333333333333,8.133380068931729,dropped_queue_full,,,
1953,3,0,8.1375,8.137532957829535,dropped_queue_full,,,
1954,0,0,8.141666666666666,8.14169038599357,dropped_queue_full,,,
1955,1,0,8.145833333333334,8.145848663989455,completed,8.199384867912158,53.551534578824445,34.835968017578125
1956,2,1,8.15,8.150155080948025,completed,8.208072460955009,58.07246095500851,34.92982482910156
1957,3,1,8.154166666666667,8.154244350036606,completed,8.216667394852266,62.50072818559893,34.7314567565918
1958,0,1,8.158333333333333,8.158544017001987,completed,8.22544403700158,67.11070366824679,34.945438385009766
1959,1,1,8.1625,8.162504178006202,dropped_queue_full,,,
1960,2,0,8.166666666666666,8.166753084864467,dropped_queue_full,,,
1961,3,0,8.170833333333333,8.170852503972128,dropped_queue_full,,,
1962,0,0,8.175,8.175064641982317,dropped_queue_full,,,
1963,1,0,8.179166666666667,8.179214909905568,completed,8.234392886981368,55.226220314700925,34.82707214355469
1964,2,1,8.183333333333334,8.183337538968772,completed,8.245482235914096,62.148902580762666,34.656639099121094
1965,3,1,8.1875,8.187552816933021,completed,8.253872851841152,66.37285184115171,34.698814392089844
1966,0,1,8.191666666666666,8.19177037384361,completed,8.260198988951743,68.53232228507622,34.69289779663086
1967,1,1,8.195833333333333,8.195975381880999,dropped_queue_full,,,
1968,2,0,8.2,8.200017011957243,dropped_queue_full,,,
1969,3,0,8.204166666666666,8.204222979024053,dropped_queue_full,,,
1970,0,0,8.208333333333334,8.20839038793929,dropped_queue_full,,,
1971,1,0,8.2125,8.212596885859966,completed,8.269167718943208,56.6677189432081,34.751712799072266
1972,2,1,8.216666666666667,8.216827222844586,completed,8.278802681947127,62.1360152804602,34.73868942260742
1973,3,1,8.220833333333333,8.220885212998837,completed,8.287202427862212,66.36909452887885,34.85798263549805
1974,0,1,8.225,8.225126959849149,dropped_queue_full,,,
1975,1,1,8.229166666666666,8.229283907916397,dropped_queue_full,,,
1976,2,0,8.233333333333333,8.233441426884383,dropped_queue_full,,,
1977,3,0,8.2375,8.237539175897837,dropped_queue_full,,,
1978,0,0,8.241666666666667,8.241697993827984,completed,8.295168897835538,53.50223116887065,34.83116912841797
1979,1,0,8.245833333333334,8.245960501022637,completed,8.304171427851543,58.33809451820926,34.761600494384766
1980,2,1,8.25,8.250076739815995,completed,8.312607503961772,62.60750396177173,34.716670989990234
1981,3,1,8.254166666666666,8.25419439887628,completed,8.321290066000074,67.12339933340772,34.66899108886719
1982,0,1,8.258333333333333,8.258622274035588,dropped_queue_full,,,
1983,1,1,8.2625,8.26254045497626,dropped_queue_full,,,
1984,2,0,8.266666666666666,8.266691543860361,dropped_queue_full,,,
1985,3,0,8.270833333333334,8.270849381806329,dropped_queue_full,,,
1986,0,0,8.275,8.275007749907672,completed,8.330015918938443,55.01591893844271,34.654014587402344
1987,1,0,8.279166666666667,8.279285186901689,completed,8.341381225036457,62.214558369790396,34.677791595458984
1988,2,1,8.283333333333333,8.283413675846532,completed,8.349789710948244,66.45637761491052,34.7808952331543
1989,3,1,8.2875,8.287526344880462,completed,8.356384404934943,68.88440493494308,34.901344299316406
1990,0,1,8.291666666666666,8.291721402900293,dropped_queue_full,,,
1991,1,1,8.295833333333333,8.29595718998462,dropped_queue_full,,,
1992,2,0,8.3,8.300008269958198,dropped_queue_full,,,
1993,3,0,8.304166666666667,8.304332055849954,dropped_queue_full,,,
1994,0,0,8.308333333333334,8.3083790759556,completed,8.36507302802056,56.73969468722717,34.96169662475586
1995,1,0,8.3125,8.312603653874248,completed,8.374628711957484,62.128711957484484,34.94611358642578
1996,2,1,8.316666666666666,8.316709612030536,completed,8.38298480794765,66.31814128098412,34.920127868652344
1997,3,1,8.320833333333333,8.32096889987588,dropped_queue_full,,,
1998,0,1,8.325,8.325064938981086,dropped_queue_full,,,
1999,1,1,8.329166666666666,8.329221726860851,dropped_queue_full,,,
2000,2,0,8.333333333333334,8.333440264919773,dropped_queue_full,,,
2001,3,0,8.3375,8.3375978928525,completed,8.391390123870224,53.890123870223405,34.95427322387695
2002,0,0,8.341666666666667,8.341702811885625,completed,8.400173285976052,58.5066193093855,35.054046630859375
2003,1,0,8.345833333333333,8.345959328813478,completed,8.412203324958682,66.36999162534885,35.04956817626953
2004,2,1,8.35,8.35011138790287,completed,8.417895037913695,67.89503791369533,35.06809616088867
2005,3,1,8.354166666666666,8.354212295962498,dropped_queue_full,,,
2006,0,1,8.358333333333333,8.358378825010732,dropped_queue_full,,,
2007,1,1,8.3625,8.362598152831197,dropped_queue_full,,,
2008,2,0,8.366666666666667,8.366801869822666,dropped_queue_full,,,
2009,3,0,8.370833333333334,8.370849609840661,completed,8.426703569944948,55.87023661161439,35.11417770385742
2010,0,0,8.375,8.375108666950837,completed,8.437161824898794,62.16182489879429,34.99961471557617
2011,1,0,8.379166666666666,8.37919130595401,completed,8.4454998918809,66.33322521423324,34.92534255981445
2012,2,1,8.383333333333333,8.383443333907053,completed,8.452914776979014,69.58144364568142,34.880577087402344
2013,3,1,8.3875,8.387525892816484,dropped_queue_full,,,
2014,0,1,8.391666666666666,8.391727081034333,dropped_queue_full,,,
2015,1,1,8.395833333333334,8.395909688901156,dropped_queue_full,,,
2016,2,0,8.4,8.40000739786774,dropped_queue_full,,,
2017,3,0,8.404166666666667,8.404223534977064,completed,8.461701818974689,57.535152308021864,34.867488861083984
2018,0,0,8.408333333333333,8.40844362298958,completed,8.470492150867358,62.158817534024635,34.82825469970703
2019,1,0,8.4125,8.412525821942836,completed,8.47935902280733,66.85902280733025,34.79987335205078
2020,2,1,8.416666666666666,8.41678963880986,dropped_queue_full,,,
2021,3,1,8.420833333333333,8.420849228976294,dropped_queue_full,,,
2022,0,1,8.425,8.42500788695179,dropped_queue_full,,,
2023,1,1,8.429166666666667,8.42921759490855,dropped_queue_full,,,
2024,2,0,8.433333333333334,8.433380842907354,completed,8.487862676847726,54.52934351439254,34.7229118347168
2025,3,0,8.4375,8.437603260856122,completed,8.49983089696616,62.330896966159344,34.73273468017578
2026,0,0,8.441666666666666,8.44171474990435,completed,8.508064694935456,66.39802826878949,34.816062927246094
2027,1,0,8.445833333333333,8.445978096919134,completed,8.514227272942662,68.39393960932938,34.78025436401367
2028,2,1,8.45,8.450101105961949,dropped_queue_full,,,
2029,3,1,8.454166666666666,8.45417602499947,dropped_queue_full,,,
2030,0,1,8.458333333333334,8.458379182964563,dropped_queue_full,,,
2031,1,1,8.4625,8.462646289961413,dropped_queue_full,,,
2032,2,0,8.466666666666667,8.466692958958447,completed,8.522760757943615,56.09409127694853,34.82204818725586
2033,3,0,8.470833333333333,8.470971556846052,completed,8.533068843884394,62.23551055106036,34.93484878540039
2034,0,0,8.475,8.475082714809105,completed,8.541384520940483,66.38452094048297,34.68902587890625
2035,1,0,8.479166666666666,8.479194293962792,dropped_queue_full,,,
2036,2,1,8.483333333333333,8.483378701843321,dropped_queue_full,,,
2037,3,1,8.4875,8.487537140958011,dropped_queue_full,,,
2038,0,1,8.491666666666667,8.491759887896478,dropped_queue_full,,,
2039,1,1,8.495833333333334,8.495847936952487,completed,8.549071413930506,53.238080597171944,34.75721740722656
2040,2,0,8.5,8.500151254003868,completed,8.557762986980379,57.76298698037863,34.73878479003906
2041,3,0,8.504166666666666,8.504289102973416,completed,8.566574868978932,62.40820231226607,34.804447174072266
2042,0,0,8.508333333333333,8.508386882022023,completed,8.575241192011163,66.90785867782978,35.03449630737305
2043,1,0,8.5125,8.512502339901403,dropped_queue_full,,,
2044,2,1,8.516666666666666,8.5167429279536,dropped_queue_full,,,
2045,3,1,8.520833333333334,8.52091235597618,dropped_queue_full,,,
2046,0,1,8.525,8.525115923956037,dropped_queue_full,,,
2047,1,1,8.529166666666667,8.529282592004165,completed,8.58423522184603,55.06855517936238,34.978206634521484
2048,2,0,8.533333333333333,8.533391210949048,completed,8.5954793789424,62.146045609067,35.00032043457031
2049,3,0,8.5375,8.537604718934745,completed,8.604001323925331,66.50132392533159,34.957313537597656
2050,0,0,8.541666666666666,8.5417075578589,completed,8.610144011909142,68.47734524247606,34.84758377075195
2051,1,0,8.545833333333333,8.5459640850313,dropped_queue_full,,,
2052,2,1,8.55,8.550019165035337,dropped_queue_full,,,
2053,3,1,8.554166666666667,8.554224201943725,dropped_queue_full,,,
2054,0,1,8.558333333333334,8.558395630912855,dropped_queue_full,,,
2055,1,1,8.5625,8.562596717849374,completed,8.619173791026697,56.67379102669656,34.814144134521484
2056,2,0,8.566666666666666,8.566736186854541,completed,8.62886218400672,62.19551734005435,34.8267822265625
2057,3,0,8.570833333333333,8.570981993805617,completed,8.637218230869621,66.38489753628818,34.972286224365234
2058,0,0,8.575,8.575077272951603,dropped_queue_full,,,
2059,1,0,8.579166666666666,8.579284190898761,dropped_queue_full,,,
2060,2,1,8.583333333333334,8.583440479822457,dropped_queue_full,,,
2061,3,1,8.5875,8.587538037914783,dropped_queue_full,,,
2062,0,1,8.591666666666667,8.591694146860391,completed,8.645382658811286,53.71599214461931,35.05574417114258
2063,1,1,8.595833333333333,8.595956553937867,completed,8.654450327856466,58.61699452313296,35.0096321105957
2064,2,0,8.6,8.600047152955085,completed,8.666342329001054,66.34232900105452,34.927391052246094
2065,3,0,8.604166666666666,8.60428499081172,completed,8.671724354848266,67.55768818159957,34.97052764892578
2066,0,0,8.608333333333333,8.608390179928392,dropped_queue_full,,,
2067,1,0,8.6125,8.61259963689372,dropped_queue_full,,,
2068,2,1,8.616666666666667,8.61680353502743,dropped_queue_full,,,
2069,3,1,8.620833333333334,8.62090885383077,dropped_queue_full,,,
2070,0,1,8.625,8.625070151872933,completed,8.680290028918535,55.29002891853452,34.814208984375
2071,1,1,8.629166666666666,8.629182770848274,completed,8.691418607952073,62.25194128540679,34.8306884765625
2072,2,0,8.633333333333333,8.633443278959021,completed,8.699658205034211,66.32487170087842,34.81119918823242
2073,3,0,8.6375,8.637538916897029,completed,8.70675749401562,69.25749401561987,34.78464126586914
2074,0,0,8.641666666666666,8.641806395025924,dropped_queue_full,,,
2075,1,0,8.645833333333334,8.645857444033027,dropped_queue_full,,,
2076,2,1,8.65,8.65000665280968,dropped_queue_full,,,
2077,3,1,8.654166666666667,8.654283839976415,dropped_queue_full,,,
2078,0,1,8.658333333333333,8.658381478860974,completed,8.715444867033511,57.111533700178185,34.98518371582031
2079,1,1,8.6625,8.662510176887736,completed,8.724659933941439,62.15993394143915,34.85843276977539
2080,2,0,8.666666666666666,8.666819583857432,completed,8.732934572035447,66.26790536878069,34.807552337646484
2081,3,0,8.670833333333333,8.670930932974443,dropped_queue_full,,,
2082,0,0,8.675,8.675006471807137,dropped_queue_full,,,
2083,1,0,8.679166666666667,8.679171999916434,dropped_queue_full,,,
2084,2,1,8.683333333333334,8.683439157903194,dropped_queue_full,,,
2085,3,1,8.6875,8.687596936011687,completed,8.74154305481352,54.04305481351912,34.76758575439453
2086,0,1,8.691666666666666,8.691740553826094,completed,8.750175738940015,58.509072273349005,34.66281509399414
2087,1,1,8.695833333333333,8.695854122983292,completed,8.762179648969322,66.34631563598958,34.60844802856445
2088,2,0,8.7,8.700135309947655,completed,8.767728602979332,67.72860297933292,34.62156677246094
2089,3,0,8.704166666666666,8.70424081897363,dropped_queue_full,,,
2090,0,0,8.708333333333334,8.708489786833525,dropped_queue_full,,,
2091,1,0,8.7125,8.712535026017576,dropped_queue_full,,,
2092,2,1,8.716666666666667,8.716702763922513,dropped_queue_full,,,
2093,3,1,8.720833333333333,8.720911582000554,completed,8.77638937602751,55.556042694176355,34.67865753173828
2094,0,1,8.725,8.7251384598203,completed,8.787133208941668,62.13320894166863,34.66457748413086
2095,1,1,8.729166666666666,8.729189128847793,completed,8.798695212928578,69.52854626191218,34.7210578918457
2096,2,0,8.733333333333333,8.733413096982986,completed,8.804451355012134,71.11802167880121,34.68159866333008
2097,3,0,8.7375,8.737652393989265,dropped_queue_full,,,
2098,0,0,8.741666666666667,8.741702773841098,dropped_queue_full,,,
2099,1,0,8.745833333333334,8.745958860963583,dropped_queue_full,,,
2100,2,1,8.75,8.750008411007002,dropped_queue_full,,,
2101,3,1,8.754166666666666,8.754223868018016,completed,8.81118385703303,57.01719036636277,34.71072006225586
2102,0,1,8.758333333333333,8.758444285951555,completed,8.822515203850344,64.18187051701096,34.75312042236328
2103,1,1,8.7625,8.762533884961158,completed,8.834251665975899,71.75166597589921,34.73516845703125
2104,2,0,8.766666666666666,8.766779121942818,dropped_queue_full,,,
2105,3,0,8.770833333333334,8.770847601816058,dropped_queue_full,,,
2106,0,0,8.775,8.775008640019223,dropped_queue_full,,,
2107,1,0,8.779166666666667,8.779213987989351,dropped_queue_full,,,
2108,2,1,8.783333333333333,8.783381465822458,completed,8.837455244036391,54.12191070305816,34.729793548583984
2109,3,1,8.7875,8.787603873992339,completed,8.851758800912648,64.2588009126488,34.8001594543457
2110,0,1,8.791666666666666,8.792974219890311,completed,8.857558473013341,65.89180634667535,34.779457092285156
2111,1,1,8.795833333333333,8.798687743023038,completed,8.863688651006669,67.8553176733363,34.67692947387695
2112,2,0,8.8,8.804443334927782,dropped_dispatch_late,,,
2113,3,0,8.804166666666667,8.804461394902319,dropped_queue_full,,,
2114,0,0,8.808333333333334,8.808445284841582,dropped_queue_full,,,
2115,1,0,8.8125,8.8126041428186,dropped_queue_full,,,
2116,2,1,8.816666666666666,8.816764630842954,completed,8.872352613834664,55.685947167997796,34.82304000854492
2117,3,1,8.820833333333333,8.822509043850005,completed,8.88094428787008,60.11095453674642,34.623390197753906
2118,0,1,8.825,8.82845465396531,completed,8.894810128957033,69.81012895703387,34.725921630859375
2119,1,1,8.829166666666666,8.83424401585944,dropped_dispatch_late,,,
2120,2,0,8.833333333333334,8.83426295593381,dropped_queue_full,,,
2121,3,0,8.8375,8.837619402911514,dropped_queue_full,,,
2122,0,0,8.841666666666667,8.84178799088113,dropped_queue_full,,,
2123,1,0,8.845833333333333,8.84592594881542,completed,8.900602891808376,54.7695584750425,34.77568054199219
2124,2,1,8.85,8.851749330991879,completed,8.90729281399399,57.29281399399078,34.7806396484375
2125,3,1,8.854166666666666,8.857552123023197,completed,8.917388572823256,63.22190615659018,35.03913497924805
2126,0,1,8.858333333333333,8.863384024007246,dropped_dispatch_late,,,
2127,1,1,8.8625,8.86368321091868,completed,8.927300764014944,64.80076401494372,26.650463104248047
2128,2,0,8.866666666666667,8.869441093876958,dropped_queue_full,,,
2129,3,0,8.870833333333334,8.870899438858032,dropped_queue_full,,,
2130,0,0,8.875,8.875046617817134,completed,8.934260193957016,59.26019395701587,44.300575256347656
2131,1,0,8.879166666666666,8.88076279987581,dropped_queue_full,,,
2132,2,1,8.883333333333333,8.883352543925866,completed,8.94660410983488,63.27077650154678,35.38742446899414
2133,3,1,8.8875,8.8891007269267,completed,8.954959716880694,67.45971688069474,35.20454406738281
2134,0,1,8.891666666666666,8.894803899805993,completed,8.960612299852073,68.94563318540747,26.27916717529297
2135,1,1,8.895833333333334,8.900595371844247,dropped_dispatch_late,,,
2136,2,0,8.9,8.900614190846682,dropped_queue_full,,,
2137,3,0,8.904166666666667,8.90428341482766,dropped_queue_full,,,
2138,0,0,8.908333333333333,8.908407242968678,dropped_queue_full,,,
2139,1,0,8.9125,8.912505022017285,completed,8.9690895548556,56.589554855600355,43.46316909790039
2140,2,1,8.916666666666666,8.917380803031847,completed,8.980014515807852,63.347849141186074,34.78681564331055
2141,3,1,8.920833333333333,8.922232084907591,completed,8.989751047920436,68.91771458710316,34.76182556152344
2142,0,1,8.925,8.927294133929536,dropped_queue_full,,,
2143,1,1,8.929166666666667,8.929218164877966,completed,8.995579909998924,66.4132433322564,26.38230323791504
2144,2,0,8.933333333333334,8.934255003929138,dropped_queue_full,,,
2145,3,0,8.9375,8.937623030971736,dropped_queue_full,,,
2146,0,0,8.941666666666666,8.941711809951812,completed,9.003983435919508,62.31676925284191,43.365535736083984
2147,1,0,8.945833333333333,8.946596920955926,dropped_queue_full,,,
2148,2,1,8.95,8.95007897587493,completed,9.013260592939332,63.26059293933284,34.8869743347168
2149,3,1,8.954166666666666,8.95495209703222,completed,9.021624848945066,67.45818227840061,34.8902702331543
2150,0,1,8.958333333333334,8.959831367945299,dropped_queue_full,,,
2151,1,1,8.9625,8.962524700909853,dropped_queue_full,,,
2152,2,0,8.966666666666667,8.966714248992503,dropped_queue_full,,,
2153,3,0,8.970833333333333,8.970842497888952,dropped_queue_full,,,
2154,0,0,8.975,8.975076135015115,completed,9.030723797855899,55.72379785589909,26.50476837158203
2155,1,0,8.979166666666666,8.98000730597414,completed,9.03920502285473,60.03835618806441,43.408958435058594
2156,2,1,8.983333333333333,8.984868866857141,completed,9.051353140966967,68.01980763363424,34.9719352722168
2157,3,1,8.9875,8.989743137964979,completed,9.056408549891785,68.90854989178408,34.956417083740234
2158,0,1,8.991666666666667,8.994608268840238,dropped_queue_full,,,
2159,1,1,8.995833333333334,8.995903606992215,completed,9.065695236902684,69.8619035693504,26.462303161621094
2160,2,0,9.0,9.000784537987784,dropped_queue_full,,,
2161,3,0,9.004166666666666,9.004283712944016,dropped_queue_full,,,
2162,0,0,9.008333333333333,9.008395751006901,completed,9.075753225944936,67.41989261160342,43.38496017456055
2163,1,0,9.0125,9.013253313023597,dropped_queue_full,,,
2164,2,1,9.016666666666666,9.016758797923103,completed,9.085349750006571,68.68308333990569,34.886688232421875
2165,3,1,9.020833333333334,9.021616998827085,completed,9.091421818826348,70.58848549301366,34.98294448852539
2166,0,1,9.025,9.026526829926297,dropped_queue_full,,,
2167,1,1,9.029166666666667,9.029234181856737,dropped_queue_full,,,
2168,2,0,9.033333333333333,9.033425219822675,dropped_queue_full,,,
2169,3,0,9.0375,9.037604108918458,dropped_queue_full,,,
2170,0,0,9.041666666666666,9.041714306920767,completed,9.100415918976068,58.74925230940242,26.156896591186523
2171,1,0,9.045833333333333,9.046545699005947,completed,9.109075771877542,63.242438544209634,43.28022384643555
2172,2,1,9.05,9.051346320891753,completed,9.118799754884094,68.79975488409329,34.79948806762695
2173,3,1,9.054166666666667,9.056228921981528,dropped_queue_full,,,
2174,0,1,9.058333333333334,9.058444579830393,dropped_queue_full,,,
2175,1,1,9.0625,9.062562998849899,dropped_queue_full,,,
2176,2,0,9.066666666666666,9.066811976023018,dropped_queue_full,,,
2177,3,0,9.070833333333333,9.070918534882367,completed,9.126486917957664,55.653584624330676,34.83273696899414
2178,0,0,9.075,9.075747765833512,completed,9.135199171025306,60.1991710253067,34.532833099365234
2179,1,0,9.079166666666666,9.080558737972751,completed,9.147142370929942,67.97570426327582,34.603328704833984
2180,2,1,9.083333333333334,9.085342639824376,completed,9.152591706020758,69.25837268742363,34.703521728515625
2181,3,1,9.0875,9.09043669886887,dropped_queue_full,,,
2182,0,1,9.091666666666667,9.091746565885842,dropped_queue_full,,,
2183,1,1,9.095833333333333,9.095837484812364,dropped_queue_full,,,
2184,2,0,9.1,9.100081442855299,dropped_queue_full,,,
2185,3,0,9.104166666666666,9.104186211014166,completed,9.161150760948658,56.984094281991915,34.54230499267578
2186,0,0,9.108333333333333,9.109069171827286,completed,9.171702964929864,63.369631596531306,34.68431854248047
2187,1,0,9.1125,9.113979962887242,completed,9.181323588825762,68.82358882576156,34.908607482910156
2188,2,1,9.116666666666667,9.118792644934729,completed,9.187612264882773,70.94559821610602,34.85887908935547
2189,3,1,9.120833333333334,9.12361396686174,dropped_queue_full,,,
2190,0,1,9.125,9.125053761992604,dropped_queue_full,,,
2191,1,1,9.129166666666666,9.129187070997432,dropped_queue_full,,,
2192,2,0,9.133333333333333,9.133443157887086,dropped_queue_full,,,
2193,3,0,9.1375,9.137556056957692,completed,9.19629473797977,58.79473797977042,35.05481719970703
2194,0,0,9.141666666666666,9.14234257885255,completed,9.205004330957308,63.33766429064269,34.88982391357422
2195,1,0,9.145833333333334,9.147136130835861,completed,9.214618084952235,68.7847516189013,34.81836700439453
2196,2,1,9.15,9.151938452851027,dropped_queue_full,,,
2197,3,1,9.154166666666667,9.154184149811044,dropped_queue_full,,,
2198,0,1,9.158333333333333,9.158443477936089,dropped_queue_full,,,
2199,1,1,9.1625,9.16255537699908,dropped_queue_full,,,
2200,2,0,9.166666666666666,9.166711444966495,completed,9.222608354873955,55.941688207289175,34.7938232421875
2201,3,0,9.170833333333333,9.171697644982487,completed,9.23129333788529,60.46000455195788,34.822078704833984
2202,0,0,9.175,9.176500926958397,completed,9.24297396093607,67.97396093606878,34.76460647583008
2203,1,0,9.179166666666667,9.181317048845813,completed,9.248770602978766,69.60393631209882,34.7770881652832
2204,2,1,9.183333333333334,9.186170779867098,dropped_queue_full,,,
2205,3,1,9.1875,9.187607294879854,dropped_queue_full,,,
2206,0,1,9.191666666666666,9.191718674032018,dropped_queue_full,,,
2207,1,1,9.195833333333333,9.195985211990774,dropped_queue_full,,,
2208,2,0,9.2,9.200083859963343,completed,9.257292696973309,57.29269697330963,34.624385833740234
2209,3,0,9.204166666666666,9.204998831031844,completed,9.267381605925038,63.21493925837274,34.65283203125
2210,0,0,9.208333333333334,9.209789032815024,completed,9.27772174286656,69.38840953322689,34.95248031616211
2211,1,0,9.2125,9.214611804811284,completed,9.284010919975117,71.5109199751165,35.02617645263672
2212,2,1,9.216666666666667,9.219413656974211,dropped_queue_full,,,
2213,3,1,9.220833333333333,9.220857061911374,dropped_queue_full,,,
2214,0,1,9.225,9.22515504900366,dropped_queue_full,,,
2215,1,1,9.229166666666666,9.229240917833522,dropped_queue_full,,,
2216,2,0,9.233333333333333,9.233359766891226,completed,9.292420604964718,59.08727163138572,34.99375915527344
2217,3,0,9.2375,9.238161538960412,completed,9.305623332969844,68.12333296984363,35.019744873046875
2218,0,0,9.241666666666667,9.242968570906669,completed,9.310517713893205,68.85104722653779,34.75241470336914
2219,1,0,9.245833333333334,9.247803361853585,dropped_queue_full,,,
2220,2,1,9.25,9.250046989880502,dropped_queue_full,,,
2221,3,1,9.254166666666666,9.25428361701779,dropped_queue_full,,,
2222,0,1,9.258333333333333,9.258410055888817,dropped_queue_full,,,
2223,1,1,9.2625,9.262510685017332,completed,9.318725741934031,56.22574193403196,34.55990219116211
2224,2,0,9.266666666666666,9.26737353601493,completed,9.32724870601669,60.58203935002382,34.567073822021484
2225,3,0,9.270833333333334,9.272669102996588,completed,9.339070287998766,68.23695466543178,34.62108612060547
2226,0,0,9.275,9.277716332813725,completed,9.34458624292165,69.58624292165005,34.685791015625
2227,1,0,9.279166666666667,9.282557843951508,dropped_queue_full,,,
2228,2,1,9.283333333333333,9.28336562588811,dropped_queue_full,,,
2229,3,1,9.2875,9.287506764987484,dropped_queue_full,,,
2230,0,1,9.291666666666666,9.291770941810682,dropped_queue_full,,,
2231,1,1,9.295833333333333,9.295876890886575,completed,9.35360980196856,57.77646863522712,34.67302322387695
2232,2,0,9.3,9.300739852013066,completed,9.363221085863188,63.2210858631872,34.68966293334961
2233,3,0,9.304166666666667,9.305615433026105,completed,9.37322604493238,69.05937826571318,34.7437744140625
2234,0,0,9.308333333333334,9.310512254014611,completed,9.379353194031864,71.01986069853083,34.67753601074219
2235,1,0,9.3125,9.315369774820283,dropped_queue_full,,,
2236,2,1,9.316666666666666,9.316814820980653,dropped_queue_full,,,
2237,3,1,9.320833333333333,9.32092363992706,dropped_queue_full,,,
2238,0,1,9.325,9.325040847994387,dropped_queue_full,,,
2239,1,1,9.329166666666666,9.329285295912996,completed,9.388367434032261,59.20076736559565,34.64012908935547
2240,2,0,9.333333333333334,9.33418658701703,completed,9.401472002035007,68.13866870167296,34.59116744995117
2241,3,0,9.3375,9.339062348008156,completed,9.406359363812953,68.85936381295288,34.626590728759766
2242,0,0,9.341666666666667,9.343930948991328,dropped_queue_full,,,
2243,1,0,9.345833333333333,9.345862919930369,dropped_queue_full,,,
2244,2,1,9.35,9.35014636698179,dropped_queue_full,,,
2245,3,1,9.354166666666666,9.354249085998163,dropped_queue_full,,,
2246,0,1,9.358333333333333,9.358355403877795,completed,9.41419367492199,55.86034158865694,34.66371154785156
2247,1,1,9.3625,9.363213666016236,completed,9.423048155847937,60.54815584793616,34.66838455200195
2248,2,0,9.366666666666667,9.368089456809685,completed,9.434861117973924,68.19445130725654,34.80070495605469
2249,3,0,9.370833333333334,9.373217775952071,completed,9.44038012297824,69.54678964490668,34.62828826904297
2250,0,0,9.375,9.378530551912263,dropped_queue_full,,,
2251,1,0,9.379166666666666,9.379185555968434,dropped_queue_full,,,
2252,2,1,9.383333333333333,9.383449652930722,dropped_queue_full,,,
2253,3,1,9.3875,9.387558091897517,dropped_queue_full,,,
2254,0,1,9.391666666666666,9.39171756990254,completed,9.449085354804993,57.41868813832696,34.697601318359375
2255,1,1,9.395833333333334,9.396600650856271,completed,9.459145764820278,63.312431486943765,34.747806549072266
2256,2,0,9.4,9.40146533283405,completed,9.468870986951515,68.87098695151472,34.80883026123047
2257,3,0,9.404166666666667,9.406351404031739,completed,9.475569989997894,71.40332333122679,35.033790588378906
2258,0,0,9.408333333333333,9.411192205036059,dropped_queue_full,,,
2259,1,0,9.4125,9.41260103089735,dropped_queue_full,,,
2260,2,1,9.416666666666666,9.416714329971,dropped_queue_full,,,
2261,3,1,9.420833333333333,9.42098695691675,dropped_queue_full,,,
2262,0,1,9.425,9.425077046034858,completed,9.484202002873644,59.20200287364352,34.980224609375
2263,1,1,9.429166666666667,9.429992466932163,completed,9.497233072994277,68.06640632760974,35.00851058959961
2264,2,0,9.433333333333334,9.434853687882423,completed,9.502085743937641,68.75241060430781,34.76982498168945
2265,3,0,9.4375,9.439724278869107,dropped_queue_full,,,
2266,0,0,9.441666666666666,9.441811367869377,dropped_queue_full,,,
2267,1,0,9.445833333333333,9.445917967008427,dropped_queue_full,,,
2268,2,1,9.45,9.450042736018077,dropped_queue_full,,,
2269,3,1,9.454166666666666,9.454282132908702,completed,9.510448480956256,56.28181428959067,34.80271911621094
2270,0,1,9.458333333333334,9.459139264887199,completed,9.519149062922224,60.81572958889048,34.87859344482422
2271,1,1,9.4625,9.463990955846384,completed,9.530552948825061,68.05294882506097,34.83689498901367
2272,2,0,9.466666666666667,9.468863856978714,completed,9.536700737895444,70.03407122877725,34.85676956176758
2273,3,0,9.470833333333333,9.4739623258356,dropped_queue_full,,,
2274,0,0,9.475,9.475083954865113,dropped_queue_full,,,
2275,1,0,9.479166666666666,9.479283862980083,dropped_queue_full,,,
2276,2,1,9.483333333333333,9.483398401876912,dropped_queue_full,,,
2277,3,1,9.4875,9.48750490997918,completed,9.545561818871647,58.06181887164641,34.96275329589844
2278,0,1,9.491666666666667,9.492391600972041,completed,9.554992033867165,63.325367200498306,34.92700958251953
2279,1,1,9.495833333333334,9.497226572828367,completed,9.564671326894313,68.83799356097953,34.91734313964844
2280,2,0,9.5,9.502078254008666,completed,9.57176556601189,71.76556601189077,34.87593460083008
2281,3,0,9.504166666666666,9.506964284926653,dropped_queue_full,,,
2282,0,0,9.508333333333333,9.508398951031268,dropped_queue_full,,,
2283,1,0,9.5125,9.512513699941337,dropped_queue_full,,,
2284,2,1,9.516666666666666,9.516759056830779,dropped_queue_full,,,
2285,3,1,9.520833333333334,9.520877725910395,completed,9.580610917881131,59.77758454779725,34.89116668701172
2286,0,1,9.525,9.525719957891852,completed,9.593707395950332,68.70739595033193,34.784481048583984
2287,1,1,9.529166666666667,9.53054641885683,completed,9.598616956965998,69.45029029933103,34.862911224365234
2288,2,0,9.533333333333333,9.535408929921687,dropped_queue_full,,,
2289,3,0,9.5375,9.537656507920474,dropped_queue_full,,,
2290,0,0,9.541666666666666,9.54175849701278,dropped_queue_full,,,
2291,1,0,9.545833333333333,9.545883144950494,dropped_queue_full,,,
2292,2,1,9.55,9.550134932855144,completed,9.606842964887619,56.84296488761831,34.874752044677734
2293,3,1,9.554166666666667,9.554986563976854,completed,9.615512348012999,61.34568134633156,34.90092849731445
2294,0,1,9.558333333333334,9.55982081592083,completed,9.62645249790512,68.11916457178668,35.04051208496094
2295,1,1,9.5625,9.564664976904169,completed,9.63328603003174,70.78603003174067,34.92073440551758
2296,2,0,9.566666666666666,9.569611097918823,dropped_queue_full,,,
2297,3,0,9.570833333333333,9.570977743947878,dropped_queue_full,,,
2298,0,0,9.575,9.57508862297982,dropped_queue_full,,,
2299,1,0,9.579166666666666,9.579206220805645,dropped_queue_full,,,
2300,2,1,9.583333333333334,9.58344363886863,completed,9.641840294003487,58.50696067015271,34.81212615966797
2301,3,1,9.5875,9.58859578683041,completed,9.650749295018613,63.24929501861298,34.87027359008789
2302,0,1,9.591666666666667,9.593517577974126,completed,9.660342318937182,68.67565227051564,34.837921142578125
2303,1,1,9.595833333333333,9.59861032688059,completed,9.668196729850024,72.36339651669077,34.83555221557617
2304,2,0,9.6,9.603497427888215,dropped_queue_full,,,
2305,3,0,9.604166666666666,9.604286779882386,dropped_queue_full,,,
2306,0,0,9.608333333333333,9.60839811898768,dropped_queue_full,,,
2307,1,0,9.6125,9.612506787991151,dropped_queue_full,,,
2308,2,1,9.616666666666667,9.616763454861939,completed,9.676927191903815,60.26052523714753,34.916446685791016
2309,3,1,9.620833333333334,9.621650175889954,completed,9.689060430973768,68.22709764043466,34.998878479003906
2310,0,1,9.625,9.626447177957743,completed,9.69445430696942,69.45430696941912,35.077632904052734
2311,1,1,9.629166666666666,9.631238179979846,dropped_queue_full,,,
2312,2,0,9.633333333333333,9.633449537912384,dropped_queue_full,,,
2313,3,0,9.6375,9.63755449699238,dropped_queue_full,,,
2314,0,0,9.641666666666666,9.641669765813276,dropped_queue_full,,,
2315,1,0,9.645833333333334,9.645918763009831,completed,9.703428726876155,57.59539354282062,35.00262451171875
2316,2,1,9.65,9.65074145491235,completed,9.71321768895723,63.2176889572289,34.914527893066406
2317,3,1,9.654166666666667,9.655539016937837,completed,9.722942750900984,68.77608423431703,34.891422271728516
2318,0,1,9.658333333333333,9.660337068838999,completed,9.729380196891725,71.04686355839185,34.80201721191406
2319,1,1,9.6625,9.665169409941882,dropped_queue_full,,,
2320,2,0,9.666666666666666,9.666759863961488,dropped_queue_full,,,
2321,3,0,9.670833333333333,9.670918412972242,dropped_queue_full,,,
2322,0,0,9.675,9.675031980965286,dropped_queue_full,,,
2323,1,0,9.679166666666667,9.679283258970827,completed,9.73824780783616,59.08114116949292,34.727294921875
2324,2,1,9.683333333333334,9.684155019931495,completed,9.751450595911592,68.11726257825867,34.73324966430664
2325,3,1,9.6875,9.68905049096793,completed,9.756331916898489,68.831916898489,34.866432189941406
2326,0,1,9.691666666666666,9.694120769854635,dropped_queue_full,,,
2327,1,1,9.695833333333333,9.695851262891665,dropped_queue_full,,,
2328,2,0,9.7,9.700077229877934,dropped_queue_full,,,
2329,3,0,9.704166666666666,9.70422625890933,dropped_queue_full,,,
2330,0,0,9.708333333333334,9.708349796943367,completed,9.764355045976117,56.02171264278333,34.87452697753906
2331,1,0,9.7125,9.713210478890687,completed,9.773292946862057,60.792946862056496,34.853824615478516
2332,2,1,9.716666666666667,9.718071660026908,completed,9.784792000893503,68.12533422683664,34.779136657714844
2333,3,1,9.720833333333333,9.72293495084159,completed,9.790501593844965,69.66826051163189,34.758399963378906
2334,0,1,9.725,9.727771322941408,dropped_queue_full,,,
2335,1,1,9.729166666666666,9.729213487822562,dropped_queue_full,,,
2336,2,0,9.733333333333333,9.733346266904846,dropped_queue_full,,,
2337,3,0,9.7375,9.737601073924452,dropped_queue_full,,,
2338,0,0,9.741666666666667,9.741714783012867,completed,9.799033898860216,57.367232193549,34.60406494140625
2339,1,0,9.745833333333334,9.746555384946987,completed,9.809272995917127,63.439662583792966,34.6703987121582
2340,2,1,9.75,9.751443455927074,completed,9.819022038020194,69.02203802019358,34.6734733581543
2341,3,1,9.754166666666666,9.756323687033728,completed,9.825340174837038,71.17350817037149,34.73344039916992
2342,0,1,9.758333333333333,9.761177497915924,dropped_queue_full,,,
2343,1,1,9.7625,9.762601824011654,dropped_queue_full,,,
2344,2,0,9.766666666666666,9.766715332865715,dropped_queue_full,,,
2345,3,0,9.770833333333334,9.770919939968735,dropped_queue_full,,,
2346,0,0,9.775,9.775041608838364,completed,9.834041097899899,59.04109789989853,34.86025619506836
2347,1,0,9.779166666666667,9.779897909844294,completed,9.847246955847368,68.08028918070086,34.745662689208984
2348,2,1,9.783333333333333,9.784784931922331,completed,9.852116766851395,68.78343351806215,34.67279815673828
2349,3,1,9.7875,9.789687811862677,dropped_queue_full,,,
2350,0,1,9.791666666666666,9.791759681887925,dropped_queue_full,,,
2351,1,1,9.795833333333333,9.795852830866352,dropped_queue_full,,,
2352,2,0,9.8,9.800148678012192,dropped_queue_full,,,
2353,3,0,9.804166666666667,9.804234746843576,completed,9.860160046024248,55.993379357580864,34.624446868896484
2354,0,0,9.808333333333334,9.809266365831718,completed,9.86883183894679,60.49850561345593,34.570655822753906
2355,1,0,9.8125,9.814122367883101,completed,9.88104026694782,68.54026694782078,34.569087982177734
2356,2,1,9.816666666666666,9.81901484890841,completed,9.88624884490855,69.58217824188395,34.688255310058594
2357,3,1,9.820833333333333,9.823889839928597,dropped_queue_full,,,
2358,0,1,9.825,9.82501371903345,dropped_queue_full,,,
2359,1,1,9.829166666666666,9.829283445840701,dropped_queue_full,,,
2360,2,0,9.833333333333334,9.833395743975416,dropped_queue_full,,,
2361,3,0,9.8375,9.837502843001857,completed,9.895101286005229,57.6012860052284,34.86787033081055
2362,0,0,9.841666666666667,9.842366634868085,completed,9.905029186978936,63.36252031226941,34.92105484008789
2363,1,0,9.845833333333333,9.847240695962682,completed,9.915090105962008,69.25677262867502,34.893409729003906
2364,2,1,9.85,9.852109676925465,completed,9.921372673008591,71.37267300859129,34.83900833129883
2365,3,1,9.854166666666666,9.856973437825218,dropped_queue_full,,,
2366,0,1,9.858333333333333,9.858402404002845,dropped_queue_full,,,
2367,1,1,9.8625,9.862508822930977,dropped_queue_full,,,
2368,2,0,9.866666666666667,9.866759159835055,dropped_queue_full,,,
2369,3,0,9.870833333333334,9.870920227840543,completed,9.93004634580575,59.21301247241573,34.80083084106445
2370,0,0,9.875,9.876191935967654,completed,9.943052695831284,68.05269583128393,34.80918502807617
2371,1,0,9.879166666666666,9.881033746991307,completed,9.947908806847408,68.74214018074198,34.7850227355957
2372,2,1,9.883333333333333,9.885912528028712,dropped_queue_full,,,
2373,3,1,9.8875,9.88752356194891,dropped_queue_full,,,
2374,0,1,9.891666666666666,9.891761390026659,dropped_queue_full,,,
2375,1,1,9.895833333333334,9.895897737937048,dropped_queue_full,,,
2376,2,0,9.9,9.900139225879684,completed,9.956311512971297,56.31151297129655,34.801025390625
2377,3,0,9.904166666666667,9.905023657018319,completed,9.96503504482098,60.86837815431245,34.841697692871094
2378,0,0,9.908333333333333,9.910066855838522,completed,9.976728157838807,68.3948245054733,34.68966293334961
2379,1,0,9.9125,9.915084115928039,completed,9.982528999913484,70.02899991348421,34.71184158325195
2380,2,1,9.916666666666666,9.919921256834641,dropped_queue_full,,,
2381,3,1,9.920833333333333,9.920887368032709,dropped_queue_full,,,
2382,0,1,9.925,9.925135904923081,dropped_queue_full,,,
2383,1,1,9.929166666666667,9.929241033969447,dropped_queue_full,,,
2384,2,0,9.933333333333334,9.933344573015347,completed,9.991040684981272,57.707351647938054,34.58329772949219
2385,3,0,9.9375,9.938205824000761,completed,10.000814966857433,63.31496685743332,34.56243133544922
2386,0,0,9.941666666666666,9.943047205917537,completed,10.010513979941607,68.84731327494009,34.57651138305664
2387,1,0,9.945833333333333,9.947902466868982,completed,10.017365250969306,71.53191763597277,34.661983489990234
2388,2,1,9.95,9.952774827834219,dropped_queue_full,,,
2389,3,1,9.954166666666666,9.954217073973268,dropped_queue_full,,,
2390,0,1,9.958333333333334,9.95837812195532,dropped_queue_full,,,
2391,1,1,9.9625,9.962503360817209,dropped_queue_full,,,
2392,2,0,9.966666666666667,9.966758837923408,completed,10.025893796002492,59.22712933582552,34.724769592285156
2393,3,0,9.970833333333333,9.971621208824217,completed,10.038911824813113,68.0784914797794,34.82243347167969
2394,0,0,9.975,9.9767225778196,completed,10.043754237005487,68.75423700548744,34.964576721191406
2395,1,0,9.979166666666666,9.981557389954105,dropped_queue_full,,,
2396,2,1,9.983333333333333,9.98344255099073,dropped_queue_full,,,
2397,3,1,9.9875,9.987576059997082,dropped_queue_full,,,
2398,0,1,9.991666666666667,9.991680557839572,dropped_queue_full,,,
2399,1,1,9.995833333333334,9.995917345862836,completed,10.052238440839574,56.40510750624017,34.70044708251953
2400,2,0,10.0,10.000807006843388,completed,10.06076855584979,60.76855584979057,34.68703842163086
2401,3,0,10.004166666666666,10.00566397793591,completed,10.072221440961584,68.05477429491802,34.7907829284668
2402,0,0,10.008333333333333,10.010508439969271,completed,10.078126021893695,69.79268856036214,34.69615936279297
2403,1,0,10.0125,10.015752276871353,dropped_queue_full,,,
2404,2,1,10.016666666666666,10.016720696818084,dropped_queue_full,,,
2405,3,1,10.020833333333334,10.020978354848921,dropped_queue_full,,,
2406,0,1,10.025,10.025085323955864,dropped_queue_full,,,
2407,1,1,10.029166666666667,10.029185401974246,completed,10.087148712016642,57.98204534997531,34.73484802246094
2408,2,0,10.033333333333333,10.034061233978719,completed,10.096613026922569,63.279693589235464,34.75392150878906
2409,3,0,10.0375,10.038903874810785,completed,10.106330489972606,68.83048997260666,34.652896881103516
2410,0,0,10.041666666666666,10.043749006930739,completed,10.113014832837507,71.34816617084105,34.71321487426758
2411,1,0,10.045833333333333,10.048602167982608,dropped_queue_full,,,
2412,2,1,10.05,10.050045193871483,dropped_queue_full,,,
2413,3,1,10.054166666666667,10.054283080855384,dropped_queue_full,,,
2414,0,1,10.058333333333334,10.058396470034495,dropped_queue_full,,,
2415,1,1,10.0625,10.062518698861822,completed,10.122040261980146,59.54026198014617,34.7388801574707
2416,2,0,10.066666666666666,10.067380609922111,completed,10.134725004900247,68.05833823358043,34.68009567260742
2417,3,0,10.070833333333333,10.072213630890474,completed,10.139593025902286,68.75969256895331,34.7239990234375
2418,0,0,10.075,10.077314710011706,dropped_queue_full,,,
2419,1,0,10.079166666666666,10.079238620819524,dropped_queue_full,,,
2420,2,1,10.083333333333334,10.08334378991276,dropped_queue_full,,,
2421,3,1,10.0875,10.087600257014856,dropped_queue_full,,,
2422,0,1,10.091666666666667,10.091718515846878,completed,10.147814513882622,56.14784721595534,34.66998291015625
2423,1,1,10.095833333333333,10.096605736995116,completed,10.156675804872066,60.84247153873257,34.594112396240234
2424,2,0,10.1,10.101479477947578,completed,10.168110850965604,68.11085096560454,34.563968658447266
2425,3,0,10.104166666666666,10.106322770006955,completed,10.174003961030394,69.83729436372776,34.64227294921875
2426,0,0,10.108333333333333,10.111246509943157,dropped_queue_full,,,
2427,1,0,10.1125,10.112532276893035,dropped_queue_full,,,
2428,2,1,10.116666666666667,10.116821873933077,dropped_queue_full,,,
2429,3,1,10.120833333333334,10.120918252971023,dropped_queue_full,,,
2430,0,1,10.125,10.125028162030503,completed,10.182671044021845,57.671044021844864,34.66521453857422
2431,1,1,10.129166666666666,10.12986402399838,completed,10.192460296908394,63.29363024172707,34.6473274230957
2432,2,0,10.133333333333333,10.134717974811792,completed,10.202183208893985,68.8498755606517,34.67679977416992
2433,3,0,10.1375,10.139584966003895,completed,10.208860201993957,71.36020199395787,34.68764877319336
2434,0,0,10.141666666666666,10.144459327915683,dropped_queue_full,,,
2435,1,0,10.145833333333334,10.145904612960294,dropped_queue_full,,,
2436,2,1,10.15,10.150030051823705,dropped_queue_full,,,
2437,3,1,10.154166666666667,10.154283298878,dropped_queue_full,,,
2438,0,1,10.158333333333333,10.158395258011296,completed,10.21740887593478,59.07554260144643,34.71039962768555
2439,1,1,10.1625,10.163246948970482,completed,10.230906000826508,68.40600082650816,34.85353469848633
2440,2,0,10.166666666666666,10.168103880947456,completed,10.23580717202276,69.14050535609384,34.80160140991211
2441,3,0,10.170833333333333,10.172960171941668,dropped_queue_full,,,
2442,0,0,10.175,10.17507663089782,dropped_queue_full,,,
2443,1,0,10.179166666666667,10.179207228822634,dropped_queue_full,,,
2444,2,1,10.183333333333334,10.183441516943276,dropped_queue_full,,,
2445,3,1,10.1875,10.187551515875384,completed,10.243837432004511,56.337432004511356,34.856510162353516
2446,0,1,10.191666666666666,10.192453906871378,completed,10.252360665937886,60.69399927121921,34.8120002746582
2447,1,1,10.195833333333333,10.197324648033828,completed,10.263957219896838,68.12388656350521,34.68809509277344
2448,2,0,10.2,10.202176068909466,completed,10.269927099812776,69.92709981277656,34.63091278076172
2449,3,0,10.204166666666666,10.207090769894421,dropped_queue_full,,,
2450,0,0,10.208333333333334,10.208373866975307,dropped_queue_full,,,
2451,1,0,10.2125,10.212503246031702,dropped_queue_full,,,
2452,2,1,10.216666666666667,10.216761793009937,dropped_queue_full,,,
2453,3,1,10.220833333333333,10.220870191929862,completed,10.278561683837324,57.728350503991166,34.70048141479492
2454,0,1,10.225,10.226059610024095,completed,10.288309055846184,63.30905584618485,34.581504821777344
2455,1,1,10.229166666666666,10.230899470858276,completed,10.298016728833318,68.85006216665168,34.56351852416992
2456,2,0,10.233333333333333,10.235800091875717,completed,10.304507963825017,71.17463049168471,34.5208625793457
2457,3,0,10.2375,10.240672593005002,dropped_queue_full,,,
2458,0,0,10.241666666666667,10.241764101898298,dropped_queue_full,,,
2459,1,0,10.245833333333334,10.245868000900373,dropped_queue_full,,,
2460,2,1,10.25,10.250145117985085,dropped_queue_full,,,
2461,3,1,10.254166666666666,10.254240636946633,completed,10.313299825880677,59.13315921401008,34.55187225341797
2462,0,1,10.258333333333333,10.259094828972593,completed,10.322756900917739,64.42356758440582,34.635135650634766
2463,1,1,10.2625,10.263950879918411,completed,10.335243905894458,72.743905894459,34.605567932128906
2464,2,0,10.266666666666666,10.268798311939463,dropped_queue_full,,,
2465,3,0,10.270833333333334,10.270883170887828,dropped_queue_full,,,
2466,0,0,10.275,10.275076458929107,dropped_queue_full,,,
2467,1,0,10.279166666666667,10.27919937693514,dropped_queue_full,,,
2468,2,1,10.283333333333333,10.283444565022364,completed,10.339255186030641,55.92185269730798,34.588191986083984
2469,3,1,10.2875,10.288303636014462,completed,10.351703950902447,64.20395090244746,34.60588836669922
2470,0,1,10.291666666666666,10.293174486840144,completed,10.357458112994209,65.79144632754286,34.66486358642578
2471,1,1,10.295833333333333,10.298010418890044,completed,10.365569901885465,69.73656855213228,34.657344818115234
2472,2,0,10.3,10.3028969198931,dropped_queue_full,,,
2473,3,0,10.304166666666667,10.304182106861845,dropped_queue_full,,,
2474,0,0,10.308333333333334,10.308441483881325,dropped_queue_full,,,
2475,1,0,10.3125,10.312505983980373,dropped_queue_full,,,
2476,2,1,10.316666666666666,10.316670811967924,completed,10.374171035829931,57.50436916326507,34.646366119384766
2477,3,1,10.320833333333333,10.32274989085272,completed,10.386705469805747,65.87213647241441,34.71696090698242
2478,0,1,10.325,10.329020907869563,completed,10.392573250923306,67.57325092330646,34.73379135131836
2479,1,1,10.329166666666666,10.335235385922715,dropped_dispatch_late,,,
2480,2,0,10.333333333333334,10.335255075944588,dropped_queue_full,,,
2481,3,0,10.3375,10.337507972959429,dropped_queue_full,,,
2482,0,0,10.341666666666667,10.341821469832212,dropped_queue_full,,,
2483,1,0,10.345833333333333,10.34592450899072,completed,10.40051927184686,54.68593851352743,34.70035171508789
2484,2,1,10.35,10.351694580866024,completed,10.409172785002738,59.17278500273859,34.68787384033203
2485,3,1,10.354166666666666,10.357451872900128,completed,10.422326552914456,68.15988624778946,34.742591857910156
2486,0,1,10.358333333333333,10.36318477592431,dropped_dispatch_late,,,
2487,1,1,10.3625,10.363193986006081,dropped_queue_full,,,
2488,2,0,10.366666666666667,10.366696010809392,dropped_queue_full,,,
2489,3,0,10.370833333333334,10.370845968835056,dropped_queue_full,,,
2490,0,0,10.375,10.375136645976454,completed,10.4271931538824,52.1931538823992,34.79878234863281
2491,1,0,10.379166666666666,10.380915717920288,completed,10.435354762012139,56.18809534547253,34.7592658996582
2492,2,1,10.383333333333333,10.386696229921654,completed,10.444084635004401,60.75130167106835,34.98384094238281
2493,3,1,10.3875,10.392566350987181,dropped_dispatch_late,,,
2494,0,1,10.391666666666666,10.392586800968274,completed,10.455605539958924,63.938873292258336,26.579744338989258
2495,1,1,10.395833333333334,10.398416643030941,dropped_queue_full,,,
2496,2,0,10.4,10.400034255813807,dropped_queue_full,,,
2497,3,0,10.404166666666667,10.404283714015037,completed,10.46331542194821,59.14875528154262,43.886558532714844
2498,0,0,10.408333333333333,10.40916534489952,dropped_queue_full,,,
2499,1,0,10.4125,10.412505010841414,completed,10.47061473899521,58.11473899520969,35.020896911621094
2500,2,1,10.416666666666666,10.417418421944603,completed,10.479193303035572,62.5266363689061,35.02809524536133
2501,3,1,10.420833333333333,10.422318672994152,completed,10.488955274922773,68.12194158944074,26.483680725097656
2502,0,1,10.425,10.427188153844327,completed,10.496994094923139,71.99409492313791,43.68793487548828
2503,1,1,10.429166666666667,10.432188053848222,dropped_queue_full,,,
2504,2,0,10.433333333333334,10.4334423718974,dropped_queue_full,,,
2505,3,0,10.4375,10.437600869918242,dropped_queue_full,,,
2506,0,0,10.441666666666666,10.441717348992825,dropped_queue_full,,,
2507,1,0,10.445833333333333,10.445835397811607,completed,10.505675217835233,59.841884501899756,35.016414642333984
2508,2,1,10.45,10.450731697957963,completed,10.518104692921042,68.10469292104315,35.01123046875
2509,3,1,10.454166666666666,10.455599969951436,dropped_queue_full,,,
2510,0,1,10.458333333333334,10.458442120812833,completed,10.523290760815144,64.95742748180966,26.208192825317383
2511,1,1,10.4625,10.4633074819576,dropped_queue_full,,,
2512,2,0,10.466666666666667,10.466667458880693,dropped_queue_full,,,
2513,3,0,10.470833333333333,10.470936815952882,completed,10.531825596001,60.992262667666,43.25251388549805
2514,0,0,10.475,10.475798396859318,dropped_queue_full,,,
2515,1,0,10.479166666666666,10.47918864293024,completed,10.542665216838941,63.4985501722749,34.73417663574219
2516,2,1,10.483333333333333,10.48406676389277,completed,10.550821795826778,67.48846249344531,34.72643280029297
2517,3,1,10.4875,10.488947305828333,completed,10.558355910005048,70.8559100050472,26.391551971435547
2518,0,1,10.491666666666667,10.493826386984438,dropped_queue_full,,,
2519,1,1,10.495833333333334,10.495875756023452,dropped_queue_full,,,
2520,2,0,10.5,10.500138293020427,dropped_queue_full,,,
2521,3,0,10.504166666666666,10.504235461819917,dropped_queue_full,,,
2522,0,0,10.508333333333333,10.508348081028089,completed,10.566877704812214,58.54437147888092,43.357025146484375
2523,1,0,10.5125,10.513231741962954,completed,10.575796644901857,63.29664490185749,34.91641616821289
2524,2,1,10.516666666666666,10.518097512889653,completed,10.585707225836813,69.04055917014773,34.97919845581055
2525,3,1,10.520833333333334,10.522980434820056,dropped_queue_full,,,
2526,0,1,10.525,10.525043023983017,completed,10.59328626981005,68.28626981005037,26.399551391601562
2527,1,1,10.529166666666667,10.529899484943599,dropped_queue_full,,,
2528,2,0,10.533333333333333,10.533396399812773,dropped_queue_full,,,
2529,3,0,10.5375,10.537600287934765,completed,10.601840413874015,64.34041387401557,43.40812683105469
2530,0,0,10.541666666666666,10.542658617021516,dropped_queue_full,,,
2531,1,0,10.545833333333333,10.54598207399249,completed,10.613923012977466,68.08967964413348,34.879966735839844
2532,2,1,10.55,10.550814875867218,completed,10.619283679872751,69.28367987275053,34.847137451171875
2533,3,1,10.554166666666667,10.55565324681811,dropped_queue_full,,,
2534,0,1,10.558333333333334,10.558350659906864,dropped_queue_full,,,
2535,1,1,10.5625,10.56259981682524,dropped_queue_full,,,
2536,2,0,10.566666666666666,10.566708945902064,dropped_queue_full,,,
2537,3,0,10.570833333333333,10.570978473871946,completed,10.628452047938481,57.618714605148114,26.382080078125
2538,0,0,10.575,10.575790294911712,completed,10.638214839855209,63.2148398552097,43.53392028808594
2539,1,0,10.579166666666666,10.580593897029757,completed,10.648291199002415,69.12453233574922,35.03526306152344
2540,2,1,10.583333333333334,10.585700005991384,completed,10.654573815874755,71.24048254142146,35.08265686035156
2541,3,1,10.5875,10.59059916692786,dropped_queue_full,,,
2542,0,1,10.591666666666667,10.591723335906863,dropped_queue_full,,,
2543,1,1,10.595833333333333,10.595989832887426,dropped_queue_full,,,
2544,2,0,10.6,10.600079922005534,dropped_queue_full,,,
2545,3,0,10.604166666666666,10.604187480872497,completed,10.66325374902226,59.087082355594234,34.809566497802734
2546,0,0,10.608333333333333,10.609058451838791,completed,10.676480955909938,68.14762257660512,34.67628860473633
2547,1,0,10.6125,10.613916512811556,completed,10.681347728008404,68.84772800840366,34.76816177368164
2548,2,1,10.616666666666667,10.618781524943188,dropped_queue_full,,,
2549,3,1,10.620833333333334,10.620875412831083,dropped_queue_full,,,
2550,0,1,10.625,10.625135981012136,dropped_queue_full,,,
2551,1,1,10.629166666666666,10.62924930988811,dropped_queue_full,,,
2552,2,0,10.633333333333333,10.633344078902155,completed,10.689358396921307,56.02506358797399,34.68928146362305
2553,3,0,10.6375,10.638209499884397,completed,10.698195908917114,60.69590891711485,34.67737579345703
2554,0,0,10.641666666666666,10.643255918985233,completed,10.709840741939843,68.17407527317698,34.89664077758789
2555,1,0,10.645833333333334,10.648273458937183,completed,10.715825221966952,69.99188863361816,34.9093132019043
2556,2,1,10.65,10.653154209954664,dropped_queue_full,,,
2557,3,1,10.654166666666667,10.65424669883214,dropped_queue_full,,,
2558,0,1,10.658333333333333,10.658347257878631,dropped_queue_full,,,
2559,1,1,10.6625,10.662604365032166,dropped_queue_full,,,
2560,2,0,10.666666666666666,10.666715533938259,completed,10.724516484886408,57.84981821974178,34.98729705810547
2561,3,0,10.670833333333333,10.671619754983112,completed,10.734138008905575,63.304675572242175,35.1115837097168
2562,0,0,10.675,10.676475486019626,completed,10.743854770902544,68.85477090254355,34.940128326416016
2563,1,0,10.679166666666667,10.681341157993302,completed,10.750998880015686,71.83221334901901,35.137760162353516
2564,2,1,10.683333333333334,10.686467936029658,dropped_queue_full,,,
2565,3,1,10.6875,10.687602314865217,dropped_queue_full,,,
2566,0,1,10.691666666666666,10.691711003892124,dropped_queue_full,,,
2567,1,1,10.695833333333333,10.695979070849717,dropped_queue_full,,,
2568,2,0,10.7,10.700076259905472,completed,10.759768181946129,59.76818194612932,35.181312561035156
2569,3,0,10.704166666666666,10.704960281029344,completed,10.772361075971276,68.19440930460985,35.07766342163086
2570,0,0,10.708333333333334,10.709835371933877,completed,10.777207346865907,68.87401353257339,35.119873046875
2571,1,0,10.7125,10.714695913018659,dropped_queue_full,,,
2572,2,1,10.716666666666667,10.71675940300338,dropped_queue_full,,,
2573,3,1,10.720833333333333,10.720872541889548,dropped_queue_full,,,
2574,0,1,10.725,10.725154138868675,dropped_queue_full,,,
2575,1,1,10.729166666666666,10.72923468798399,completed,10.786193446954712,57.0267802880462,35.09052658081055
2576,2,0,10.733333333333333,10.734129969030619,completed,10.79504427802749,61.71094469415728,35.056129455566406
2577,3,0,10.7375,10.738992620026693,completed,10.805636661825702,68.13666182570088,35.03916931152344
2578,0,0,10.741666666666667,10.743849680991843,completed,10.812398413894698,70.73174722803088,35.018272399902344
2579,1,0,10.745833333333334,10.748912570998073,dropped_queue_full,,,
2580,2,1,10.75,10.750038058962673,dropped_queue_full,,,
2581,3,1,10.754166666666666,10.75425113691017,dropped_queue_full,,,
2582,0,1,10.758333333333333,10.75834376597777,dropped_queue_full,,,
2583,1,1,10.7625,10.762599902926013,completed,10.821410263888538,58.910263888538594,34.96335983276367
2584,2,0,10.766666666666666,10.767485884018242,completed,10.834670560900122,68.00389423345621,34.888126373291016
2585,3,0,10.770833333333334,10.772353095933795,completed,10.839509072946385,68.67573961305062,34.945152282714844
2586,0,0,10.775,10.77720185695216,completed,10.847521372837946,72.52137283794546,34.955135345458984
2587,1,0,10.779166666666667,10.782114087836817,dropped_queue_full,,,
2588,2,1,10.783333333333333,10.783348864875734,dropped_queue_full,,,
2589,3,1,10.7875,10.787603592965752,dropped_queue_full,,,
2590,0,1,10.791666666666666,10.79171754186973,dropped_queue_full,,,
2591,1,1,10.795833333333333,10.795843259897083,completed,10.85666344081983,60.8301074864972,35.11616134643555
2592,2,0,10.8,10.800768621033058,completed,10.868142036022618,68.1420360226177,35.02067184448242
2593,3,0,10.804166666666667,10.805628841975704,completed,10.873984646983445,69.81798031677755,35.05952072143555
2594,0,0,10.808333333333334,10.810469043906778,dropped_queue_full,,,
2595,1,0,10.8125,10.812562922947109,dropped_queue_full,,,
2596,2,1,10.816666666666666,10.81681965989992,dropped_queue_full,,,
2597,3,1,10.820833333333333,10.820920418947935,dropped_queue_full,,,
2598,0,1,10.825,10.825025137979537,completed,10.88302602688782,58.02602688781988,34.99894332885742
2599,1,1,10.829166666666666,10.829851698828861,completed,10.892499011941254,63.33234527458842,34.89878463745117
2600,2,0,10.833333333333334,10.834663640940562,completed,10.902066245907918,68.7329125745837,34.85670471191406
2601,3,0,10.8375,10.839501393027604,completed,10.909105794969946,71.60579496994579,34.9081916809082
2602,0,0,10.841666666666667,10.844357894035056,dropped_queue_full,,,
2603,1,0,10.845833333333333,10.845924458000809,dropped_queue_full,,,
2604,2,1,10.85,10.850028536980972,dropped_queue_full,,,
2605,3,1,10.854166666666666,10.854236884973943,dropped_queue_full,,,
2606,0,1,10.858333333333333,10.858398002805188,completed,10.917607879964635,59.27454663130227,34.8568000793457
2607,1,1,10.8625,10.863245614804327,completed,10.930606379872188,68.10637987218726,34.93574523925781
2608,2,0,10.866666666666667,10.868134825956076,completed,10.935474410885945,68.80774421927782,34.95558547973633
2609,3,0,10.870833333333334,10.873012316878885,dropped_queue_full,,,
2610,0,0,10.875,10.87507577589713,dropped_queue_full,,,
2611,1,0,10.879166666666666,10.879189554834738,dropped_queue_full,,,
2612,2,1,10.883333333333333,10.883349562995136,dropped_queue_full,,,
2613,3,1,10.8875,10.887601920869201,completed,10.943994405912235,56.49440591223609,34.9081916809082
2614,0,1,10.891666666666666,10.89249257184565,completed,10.952670608879998,61.00394221333261,34.984928131103516
2615,1,1,10.895833333333334,10.897285333834589,completed,10.9643406518735,68.50731854016523,34.7553596496582
2616,2,0,10.9,10.902059265878052,completed,10.9702873819042,70.28738190419936,34.7369270324707
2617,3,0,10.904166666666667,10.906875198008493,dropped_queue_full,,,
2618,0,0,10.908333333333333,10.908461361890659,dropped_queue_full,,,
2619,1,0,10.9125,10.912557450821623,dropped_queue_full,,,
2620,2,1,10.916666666666666,10.916819657897577,dropped_queue_full,,,
2621,3,1,10.920833333333333,10.920916666975245,completed,10.97898686490953,58.15353157619718,34.78956985473633
2622,0,1,10.925,10.925741558894515,completed,10.98831749195233,63.31749195232916,34.722496032714844
2623,1,1,10.929166666666667,10.930600160034373,completed,10.998056123964489,68.88945729782137,34.74233627319336
2624,2,0,10.933333333333334,10.935467550996691,completed,11.005141052883118,71.80771954978482,34.659263610839844
2625,3,0,10.9375,10.940332551952451,dropped_queue_full,,,
2626,0,0,10.941666666666666,10.941765867872164,dropped_queue_full,,,
2627,1,0,10.945833333333333,10.945869176881388,dropped_queue_full,,,
2628,2,1,10.95,10.950136883882806,dropped_queue_full,,,
2629,3,1,10.954166666666666,10.954237162834033,completed,11.013835555873811,59.668889207145526,34.7209587097168
2630,0,1,10.958333333333334,10.959288382902741,completed,11.02659845794551,68.26512461217682,34.762718200683594
2631,1,1,10.9625,10.964334121905267,completed,11.031446118839085,68.94611883908475,34.638431549072266
2632,2,0,10.966666666666667,10.969182942993939,dropped_queue_full,,,
2633,3,0,10.970833333333333,10.970927245914936,dropped_queue_full,,,
2634,0,0,10.975,10.975028874818236,dropped_queue_full,,,
2635,1,0,10.979166666666666,10.979303921805695,dropped_queue_full,,,
2636,2,1,10.983333333333333,10.983442219905555,completed,11.039835644885898,56.50231155256513,34.60403060913086
2637,3,1,10.9875,10.988311541965231,completed,11.048536567948759,61.03656794875789,34.64179229736328
2638,0,1,10.991666666666667,10.99317829287611,completed,11.059862214839086,68.1955481724188,34.632511138916016
2639,1,1,10.995833333333334,10.998049683868885,completed,11.066413949010894,70.58061567756013,34.89913558959961
2640,2,0,11.0,11.00289778597653,dropped_queue_full,,,
2641,3,0,11.004166666666666,11.004181932890788,dropped_queue_full,,,
2642,0,0,11.008333333333333,11.008441210025921,dropped_queue_full,,,
2643,1,0,11.0125,11.012555039022118,dropped_queue_full,,,
2644,2,1,11.016666666666666,11.016820505959913,completed,11.074853133875877,58.186467209210946,34.90755081176758
2645,3,1,11.020833333333334,11.021708226995543,completed,11.084161181002855,63.327847669521375,34.95097732543945
2646,0,1,11.025,11.026592617854476,completed,11.093970543006435,68.97054300643468,34.99225616455078
2647,1,1,11.029166666666667,11.03143934882246,completed,11.101170951034874,72.00428436820694,34.71353530883789
2648,2,0,11.033333333333333,11.036318960832432,dropped_queue_full,,,
2649,3,0,11.0375,11.037605627905577,dropped_queue_full,,,
2650,0,0,11.041666666666666,11.04171055695042,dropped_queue_full,,,
2651,1,0,11.045833333333333,11.045980263967067,dropped_queue_full,,,
2652,2,1,11.05,11.050126801943406,completed,11.10972584481351,59.725844813510065,34.67622375488281
2653,3,1,11.054166666666667,11.054999002953991,completed,11.122166160028428,67.9994933617607,34.7573127746582
2654,0,1,11.058333333333334,11.059856744948775,completed,11.127144089899957,68.81075656662361,34.731937408447266
2655,1,1,11.0625,11.064956433838233,dropped_queue_full,,,
2656,2,0,11.066666666666666,11.066739885834977,dropped_queue_full,,,
2657,3,0,11.070833333333333,11.07087405398488,dropped_queue_full,,,
2658,0,0,11.075,11.07501597283408,dropped_queue_full,,,
2659,1,0,11.079166666666666,11.079283599974588,completed,11.136161749949679,56.99508328301306,34.731361389160156
2660,2,1,11.083333333333334,11.084153170930222,completed,11.146633454831317,63.30012149798314,34.703617095947266
2661,3,1,11.0875,11.089184100972489,completed,11.156305047916248,68.80504791624809,34.77967834472656
2662,0,1,11.091666666666667,11.093965142965317,completed,11.162093439837918,70.4267731712509,34.74736022949219
2663,1,1,11.095833333333333,11.098768994910643,dropped_queue_full,,,
2664,2,0,11.1,11.100052221911028,dropped_queue_full,,,
2665,3,0,11.104166666666666,11.104182920884341,dropped_queue_full,,,
2666,0,0,11.108333333333333,11.10844242782332,dropped_queue_full,,,
2667,1,0,11.1125,11.112558466847986,completed,11.171151760034263,58.65176003426242,34.880191802978516
2668,2,1,11.116666666666667,11.117370427818969,completed,11.179986660834402,63.319994167734706,34.853759765625
2669,3,1,11.120833333333334,11.122158600017428,completed,11.189971150830388,69.1378174970545,34.83737564086914
2670,0,1,11.125,11.126968911848962,dropped_queue_full,,,
2671,1,1,11.129166666666666,11.129193449858576,dropped_queue_full,,,
2672,2,0,11.133333333333333,11.133445576997474,dropped_queue_full,,,
2673,3,0,11.1375,11.137555685825646,dropped_queue_full,,,
2674,0,0,11.141666666666666,11.141825333004817,completed,11.196920440997928,55.25377433126266,34.73545455932617
2675,1,0,11.145833333333334,11.14662639494054,completed,11.205925751011819,60.09241767848472,34.70035171508789
2676,2,1,11.15,11.151487236842513,completed,11.218326626811177,68.32662681117618,34.652320861816406
2677,3,1,11.154166666666667,11.156297107925639,completed,11.223190527874976,69.02386120830961,34.659488677978516
2678,0,1,11.158333333333333,11.161117209820077,dropped_queue_full,,,
2679,1,1,11.1625,11.16257517482154,dropped_queue_full,,,
2680,2,0,11.166666666666666,11.166819392936304,dropped_queue_full,,,
2681,3,0,11.170833333333333,11.17098123091273,dropped_queue_full,,,
2682,0,0,11.175,11.175136329839006,completed,11.231874260818586,56.87426081858504,34.82361602783203
2683,1,0,11.179166666666667,11.17997928103432,completed,11.240722511895001,61.555845228333794,34.68880081176758
2684,2,1,11.183333333333334,11.184835562016815,completed,11.251395684899762,68.0623515664287,34.82185745239258
2685,3,1,11.1875,11.189963140990585,completed,11.258010708959773,70.51070895977318,34.65603256225586
2686,0,1,11.191666666666666,11.194843231933191,dropped_queue_full,,,
2687,1,1,11.195833333333333,11.195968620944768,dropped_queue_full,,,
2688,2,0,11.2,11.200077489949763,dropped_queue_full,,,
2689,3,0,11.204166666666666,11.204195447964594,dropped_queue_full,,,
2690,0,0,11.208333333333334,11.208444225834683,completed,11.26671717199497,58.38383866163532,34.774688720703125
2691,1,0,11.2125,11.213413955876604,completed,11.27604043786414,63.54043786413932,34.79110336303711
2692,2,1,11.216666666666667,11.218319616978988,completed,11.285923078889027,69.25641222236045,34.6578254699707
2693,3,1,11.220833333333333,11.223182467976585,completed,11.293081687996164,72.24835466283075,34.94294357299805
2694,0,1,11.225,11.228048568824306,dropped_queue_full,,,
2695,1,1,11.229166666666666,11.229171987855807,dropped_queue_full,,,
2696,2,0,11.233333333333333,11.233441364951432,dropped_queue_full,,,
2697,3,0,11.2375,11.237552153877914,dropped_queue_full,,,
2698,0,0,11.241666666666667,11.241679582977667,completed,11.301606592023745,59.93992535707804,34.79817581176758
2699,1,0,11.245833333333334,11.246535393875092,completed,11.313988447887823,68.15511455448942,34.76515197753906
2700,2,1,11.25,11.251388486009091,completed,11.319158585974947,69.15858597494662,34.74867248535156
2701,3,1,11.254166666666666,11.256247696932405,dropped_queue_full,,,
2702,0,1,11.258333333333333,11.25833361595869,dropped_queue_full,,,
2703,1,1,11.2625,11.262602392816916,dropped_queue_full,,,
2704,2,0,11.266666666666666,11.26671033189632,dropped_queue_full,,,
2705,3,0,11.270833333333334,11.270981958834454,completed,11.327986847842112,57.15351450877826,34.71843338012695
2706,0,0,11.275,11.27603348903358,completed,11.338210845831782,63.21084583178127,34.75263977050781
2707,1,0,11.279166666666667,11.281064267968759,completed,11.347997296834365,68.83063016769775,34.73759841918945
2708,2,1,11.283333333333333,11.28591569000855,completed,11.354207024909556,70.8736915762227,34.75465774536133
2709,3,1,11.2875,11.291015597991645,dropped_queue_full,,,
2710,0,1,11.291666666666666,11.291824699845165,dropped_queue_full,,,
2711,1,1,11.295833333333333,11.295919518917799,dropped_queue_full,,,
2712,2,0,11.3,11.300033557927236,dropped_queue_full,,,
2713,3,0,11.304166666666667,11.30428264499642,completed,11.36288640787825,58.71974121158274,34.87907028198242
2714,0,0,11.308333333333334,11.309112946968526,completed,11.37202281691134,63.68948357800619,34.76182556152344
2715,1,0,11.3125,11.313981907907873,completed,11.382398492889479,69.8984928894788,34.83919906616211
2716,2,1,11.316666666666666,11.318821779917926,dropped_queue_full,,,
2717,3,1,11.320833333333333,11.32087339903228,dropped_queue_full,,,
2718,0,1,11.325,11.325136516941711,dropped_queue_full,,,
2719,1,1,11.329166666666666,11.329233165830374,dropped_queue_full,,,
2720,2,0,11.333333333333334,11.333347304025665,completed,11.389035265892744,55.70193255941014,34.73081588745117
2721,3,0,11.3375,11.338205426000059,completed,11.39772151899524,60.221518995239975,34.72700881958008
2722,0,0,11.341666666666667,11.343102905899286,completed,11.409907846944407,68.24118027773984,34.81852722167969
2723,1,0,11.345833333333333,11.347990466980264,completed,11.4154044019524,69.57106861906759,34.7979850769043
2724,2,1,11.35,11.352918738033623,dropped_queue_full,,,
2725,3,1,11.354166666666666,11.354202284943312,dropped_queue_full,,,
2726,0,1,11.358333333333333,11.35844211303629,dropped_queue_full,,,
2727,1,1,11.3625,11.362556281965226,dropped_queue_full,,,
2728,2,0,11.366666666666667,11.366821478819475,completed,11.423931076889858,57.26441022319051,34.69452667236328
2729,3,0,11.370833333333334,11.37201657681726,completed,11.434249882819131,63.41654948579745,34.75571060180664
2730,0,0,11.375,11.377134395996109,completed,11.443981555989012,68.98155598901212,34.80313491821289
2731,1,0,11.379166666666666,11.382391302846372,completed,11.450251622823998,71.0849561573319,34.72732925415039
2732,2,1,11.383333333333333,11.387658759951591,dropped_dispatch_late,,,
2733,3,1,11.3875,11.387908187927678,dropped_queue_full,,,
2734,0,1,11.391666666666666,11.391712508862838,dropped_queue_full,,,
2735,1,1,11.395833333333334,11.395975896855816,dropped_queue_full,,,
2736,2,0,11.4,11.400076595833525,completed,11.458773726830259,58.77372683025861,34.74883270263672
2737,3,0,11.404166666666667,11.40490001696162,completed,11.467471999814734,63.30533314806708,34.74995040893555
2738,0,0,11.408333333333333,11.409902046900243,completed,11.47735265083611,69.0193175027769,34.76793670654297
2739,1,0,11.4125,11.41506575490348,dropped_queue_full,,,
2740,2,1,11.416666666666666,11.416681018890813,dropped_queue_full,,,
2741,3,1,11.420833333333333,11.420917386887595,dropped_queue_full,,,
2742,0,1,11.425,11.425045354990289,dropped_queue_full,,,
2743,1,1,11.429166666666667,11.429282432887703,completed,11.485197732923552,56.03106625688525,34.80227279663086
2744,2,0,11.433333333333334,11.434242113027722,completed,11.493985334876925,60.65200154359118,34.95948791503906
2745,3,0,11.4375,11.439130253857002,completed,11.505524238804355,68.02423880435526,35.002655029296875
2746,0,0,11.441666666666666,11.443976185983047,completed,11.511290450813249,69.62378414658232,34.983585357666016
2747,1,0,11.445833333333333,11.44882440683432,dropped_queue_full,,,
2748,2,1,11.45,11.450084754033014,dropped_queue_full,,,
2749,3,1,11.454166666666666,11.45418852288276,dropped_queue_full,,,
2750,0,1,11.458333333333334,11.458443140843883,dropped_queue_full,,,
2751,1,1,11.4625,11.462555509991944,completed,11.52028935099952,57.789350999518874,34.890689849853516
2752,2,0,11.466666666666667,11.46746394992806,completed,11.529882484814152,63.21581814748534,34.71027374267578
2753,3,0,11.470833333333333,11.472386240959167,completed,11.539639866910875,68.80653357754163,34.827392578125
2754,0,0,11.475,11.477346651023254,completed,11.546247920952737,71.24792095273769,34.74665451049805
2755,1,0,11.479166666666666,11.482202532934025,dropped_queue_full,,,
2756,2,1,11.483333333333333,11.483442189870402,dropped_queue_full,,,
2757,3,1,11.4875,11.487598998937756,dropped_queue_full,,,
2758,0,1,11.491666666666667,11.491762196877971,dropped_queue_full,,,
2759,1,1,11.495833333333334,11.495873235864565,completed,11.555251780897379,59.41844756404535,34.8422737121582
2760,2,0,11.5,11.50070730689913,completed,11.568137421971187,68.137421971187,34.86374282836914
2761,3,0,11.504166666666666,11.505516669014469,completed,11.573030371917412,68.86370525074526,34.84553527832031
2762,0,0,11.508333333333333,11.510332730831578,dropped_queue_full,,,
2763,1,0,11.5125,11.512565327808261,dropped_queue_full,,,
2764,2,1,11.516666666666666,11.516820655902848,dropped_queue_full,,,
2765,3,1,11.520833333333334,11.520927954930812,dropped_queue_full,,,
2766,0,1,11.525,11.525029093027115,completed,11.581239699851722,56.23969985172117,34.916255950927734
2767,1,1,11.529166666666667,11.529875484993681,completed,11.590200560865924,61.03389419925698,34.77097702026367
2768,2,0,11.533333333333333,11.534756335895509,completed,11.60200001182966,68.66667849632613,34.92316818237305
2769,3,0,11.5375,11.539631936931983,completed,11.607844733865932,70.34473386593199,35.11747360229492
2770,0,0,11.541666666666666,11.544488308019936,dropped_queue_full,,,
2771,1,0,11.545833333333333,11.545922963880002,dropped_queue_full,,,
2772,2,1,11.55,11.550026662880555,dropped_queue_full,,,
2773,3,1,11.554166666666667,11.554285309975967,dropped_queue_full,,,
2774,0,1,11.558333333333334,11.55839502881281,completed,11.616351997945458,58.01866461212413,34.967838287353516
2775,1,1,11.5625,11.56325782998465,completed,11.625838182866573,63.338182866573334,35.05382537841797
2776,2,0,11.566666666666666,11.568130281986669,completed,11.635625454830006,68.95878816333934,34.87411117553711
2777,3,0,11.570833333333333,11.57302249292843,completed,11.64254739601165,71.7140626783177,34.678462982177734
2778,0,0,11.575,11.57793007302098,dropped_queue_full,,,
2779,1,0,11.579166666666666,11.57921414100565,dropped_queue_full,,,
2780,2,1,11.583333333333334,11.583440847927704,dropped_queue_full,,,
2781,3,1,11.5875,11.587557076942176,dropped_queue_full,,,
2782,0,1,11.591666666666667,11.591761144809425,completed,11.651294737821445,59.628071154778084,34.82691192626953
2783,1,1,11.595833333333333,11.59690495301038,completed,11.66498491098173,69.15157764839641,34.64905548095703
2784,2,0,11.6,11.601992701878771,completed,11.670158718945459,70.15871894545889,34.6578254699707
2785,3,0,11.604166666666666,11.606871352996677,dropped_queue_full,,,
2786,0,0,11.608333333333333,11.608442287892103,dropped_queue_full,,,
2787,1,0,11.6125,11.612553675891832,dropped_queue_full,,,
2788,2,1,11.616666666666667,11.616674994817004,dropped_queue_full,,,
2789,3,1,11.620833333333334,11.620916832936928,completed,11.677407326875255,56.57399354192094,34.731937408447266
2790,0,1,11.625,11.625831512967125,completed,11.686083299806342,61.08329980634153,34.75347137451172
2791,1,1,11.629166666666666,11.63069854490459,completed,11.697611973853782,68.44530718711539,34.818206787109375
2792,2,0,11.633333333333333,11.635618234984577,completed,11.70382825192064,70.49491858730761,34.83695983886719
2793,3,0,11.6375,11.640619254903868,dropped_queue_full,,,
2794,0,0,11.641666666666666,11.641743334010243,dropped_queue_full,,,
2795,1,0,11.645833333333334,11.646069010952488,dropped_queue_full,,,
2796,2,1,11.65,11.65003652102314,dropped_queue_full,,,
2797,3,1,11.654166666666667,11.654284948017448,completed,11.712513754842803,58.3470881761361,34.877952575683594
2798,0,1,11.658333333333333,11.65982524282299,completed,11.721645672805607,63.312339472274104,34.83091354370117
2799,1,1,11.6625,11.664978440850973,completed,11.731547033879906,69.0470338799063,34.77302551269531
2800,2,0,11.666666666666666,11.670151548925787,completed,11.738574283896014,71.90761722934802,34.70163345336914
2801,3,0,11.670833333333333,11.675348156830296,dropped_dispatch_late,,,
2802,0,0,11.675,11.675356306834146,dropped_queue_full,,,
2803,1,0,11.679166666666667,11.679282438009977,dropped_queue_full,,,
2804,2,1,11.683333333333334,11.683393456973135,dropped_queue_full,,,
2805,3,1,11.6875,11.687525564804673,completed,11.747402564855292,59.90256485529244,34.800289154052734
2806,0,1,11.691666666666666,11.692488165805116,completed,11.759799350984395,68.13268431772812,34.84262466430664
2807,1,1,11.695833333333333,11.697605493944138,completed,11.765120398020372,69.28706468703894,34.851009368896484
2808,2,0,11.7,11.702699593035504,dropped_queue_full,,,
2809,3,0,11.704166666666666,11.704282376915216,dropped_queue_full,,,
2810,0,0,11.708333333333334,11.708397965878248,dropped_queue_full,,,
2811,1,0,11.7125,11.712504944996908,dropped_queue_full,,,
2812,2,1,11.716666666666667,11.716761791845784,completed,11.77368208183907,57.01541517240294,34.82108688354492
2813,3,1,11.720833333333333,11.72164027299732,completed,11.784043257823214,63.20992448988072,34.86774444580078
2814,0,1,11.725,11.726507565006614,completed,11.793868249980733,68.86824998073315,34.82931137084961
2815,1,1,11.729166666666666,11.731540194014087,completed,11.800080857006833,70.91419034016688,34.77891159057617
2816,2,0,11.733333333333333,11.736837030854076,dropped_queue_full,,,
2817,3,0,11.7375,11.737608992960304,dropped_queue_full,,,
2818,0,0,11.741666666666667,11.741712152026594,dropped_queue_full,,,
2819,1,0,11.745833333333334,11.745977978920564,dropped_queue_full,,,
2820,2,1,11.75,11.750076537951827,completed,11.808452992932871,58.452992932870984,34.698944091796875
2821,3,1,11.754166666666666,11.754965628962964,completed,11.817448912886903,63.28224622023626,34.722686767578125
2822,0,1,11.758333333333333,11.759794090874493,completed,11.827142806025222,68.80947269188908,34.80207824707031
2823,1,1,11.7625,11.764625092968345,dropped_queue_full,,,
2824,2,0,11.766666666666666,11.76671534194611,dropped_queue_full,,,
2825,3,0,11.770833333333334,11.770976749015972,dropped_queue_full,,,
2826,0,0,11.775,11.775075567886233,dropped_queue_full,,,
2827,1,0,11.779166666666667,11.77918824693188,completed,11.834877708926797,55.71104226013013,34.79423904418945
2828,2,1,11.783333333333333,11.784035577904433,completed,11.843562762020156,60.22942868682257,34.85747146606445
2829,3,1,11.7875,11.78887157002464,completed,11.855697929859161,68.19792985916173,34.91561508178711
2830,0,1,11.791666666666666,11.79386256984435,completed,11.860876547871158,69.20988120449145,34.857601165771484
2831,1,1,11.795833333333333,11.799427223857492,dropped_queue_full,,,
2832,2,0,11.8,11.800076816929504,dropped_queue_full,,,
2833,3,0,11.804166666666667,11.804188635898754,dropped_queue_full,,,
2834,0,0,11.808333333333334,11.808444953989238,dropped_queue_full,,,
2835,1,0,11.8125,11.812552951974794,completed,11.869879837846383,57.37983784638345,34.77756881713867
2836,2,1,11.816666666666666,11.817440852988511,completed,11.879962026840076,63.29536017340942,34.73030471801758
2837,3,1,11.820833333333333,11.822308474918827,completed,11.889701898908243,68.86856557490972,34.72867202758789
2838,0,1,11.825,11.827137605985627,completed,11.89588569686748,70.88569686748158,34.7470703125
2839,1,1,11.829166666666666,11.832003536866978,dropped_queue_full,,,
2840,2,0,11.833333333333334,11.833440833026543,dropped_queue_full,,,
2841,3,0,11.8375,11.837555671809241,dropped_queue_full,,,
2842,0,0,11.841666666666667,11.841820258880034,dropped_queue_full,,,
2843,1,0,11.845833333333333,11.845921357860789,completed,11.904880296904594,59.04696357126049,34.87267303466797
2844,2,1,11.85,11.850831839023158,completed,11.913408821914345,63.40882191434538,34.89750289916992
2845,3,1,11.854166666666666,11.855690009891987,completed,11.92330234288238,69.13567621571381,35.090049743652344
2846,0,1,11.858333333333333,11.860541620990261,dropped_queue_full,,,
2847,1,1,11.8625,11.862601230852306,dropped_queue_full,,,
2848,2,0,11.866666666666667,11.866714949952438,dropped_queue_full,,,
2849,3,0,11.870833333333334,11.870835057925433,dropped_queue_full,,,
2850,0,0,11.875,11.875075105810538,completed,11.931001015007496,56.00101500749588,35.03452682495117
2851,1,0,11.879166666666666,11.879954786971211,completed,11.939993494888768,60.82682822210117,34.879390716552734
2852,2,1,11.883333333333333,11.884825447807088,completed,11.951441230950877,68.10789761754421,34.77753448486328
2853,3,1,11.8875,11.88969366881065,completed,11.957114873919636,69.61487391963672,34.71004867553711
2854,0,1,11.891666666666666,11.894823337905109,dropped_queue_full,,,
2855,1,1,11.895833333333334,11.895881936885417,dropped_queue_full,,,
2856,2,0,11.9,11.900140685029328,dropped_queue_full,,,
2857,3,0,11.904166666666667,11.904233083827421,dropped_queue_full,,,
2858,0,0,11.908333333333333,11.90834273188375,completed,11.965827496955171,57.49416362183801,34.76668930053711
2859,1,0,11.9125,11.913401181809604,completed,11.97573444689624,63.23444689624047,34.814945220947266
2860,2,1,11.916666666666666,11.918457540916279,completed,11.985443810001016,68.77714333434959,34.854942321777344
2861,3,1,11.920833333333333,11.923294132808223,completed,11.99237861088477,71.54527755143825,35.009857177734375
2862,0,1,11.925,11.928159773815423,dropped_queue_full,,,
2863,1,1,11.929166666666667,11.929245672887191,dropped_queue_full,,,
2864,2,0,11.933333333333334,11.933341132011265,dropped_queue_full,,,
2865,3,0,11.9375,11.937601468991488,dropped_queue_full,,,
2866,0,0,11.941666666666666,11.941713037900627,completed,12.000990913948044,59.32424728137775,34.94512176513672
2867,1,0,11.945833333333333,11.946590798906982,completed,12.013994633918628,68.16130058529524,34.935489654541016
2868,2,1,11.95,11.951434010872617,completed,12.019049272872508,69.04927287250828,34.88617706298828
2869,3,1,11.954166666666666,11.956300841877237,dropped_queue_full,,,
2870,0,1,11.958333333333334,11.958397750975564,dropped_queue_full,,,
2871,1,1,11.9625,11.962504219962284,dropped_queue_full,,,
2872,2,0,11.966666666666667,11.966761386953294,dropped_queue_full,,,
2873,3,0,11.970833333333333,11.97087046597153,completed,12.027287870878354,56.4545375450205,34.87702560424805
2874,0,0,11.975,11.975727716926485,completed,12.03583105490543,60.83105490542984,34.80223846435547
2875,1,0,11.979166666666666,11.980576568981633,completed,12.04724448081106,68.0778141443934,34.81187057495117
2876,2,1,11.983333333333333,11.985436680028215,completed,12.05356699693948,70.2336636061478,34.85222244262695
2877,3,1,11.9875,11.99027437181212,dropped_queue_full,,,
2878,0,1,11.991666666666667,11.99172853701748,dropped_queue_full,,,
2879,1,1,11.995833333333334,11.995926874922588,dropped_queue_full,,,
2880,2,0,12.0,12.000027043977752,dropped_queue_full,,,
2881,3,0,12.004166666666666,12.004281940869987,completed,12.062244419939816,58.07775327314957,34.76483154296875
2882,0,0,12.008333333333333,12.009137382963672,completed,12.07170035596937,63.36702263603655,34.8438720703125
2883,1,0,12.0125,12.013988183811307,completed,12.081381259020418,68.88125902041864,34.673343658447266
2884,2,1,12.016666666666666,12.019041912863031,completed,12.088287458987907,71.62079232124086,34.60185623168945
2885,3,1,12.020833333333334,12.023957813857123,dropped_queue_full,,,
2886,0,1,12.025,12.025087632937357,dropped_queue_full,,,
2887,1,1,12.029166666666667,12.029194582020864,dropped_queue_full,,,
2888,2,0,12.033333333333333,12.033443009015173,dropped_queue_full,,,
2889,3,0,12.0375,12.037554058013484,completed,12.097047401824966,59.54740182496643,34.66182327270508
2890,0,0,12.041666666666666,12.042389918817207,completed,12.109752833843231,68.08616717656513,34.69353485107422
2891,1,0,12.045833333333333,12.047238091006875,completed,12.114773873938248,68.94054060491506,34.71664047241211
2892,2,1,12.05,12.05213118181564,dropped_queue_full,,,
2893,3,1,12.054166666666667,12.054206390865147,dropped_queue_full,,,
2894,0,1,12.058333333333334,12.058442607987672,dropped_queue_full,,,
2895,1,1,12.0625,12.062565617030486,dropped_queue_full,,,
2896,2,0,12.066666666666666,12.06682023499161,completed,12.123154969885945,56.48830321927889,34.703392028808594
2897,3,0,12.070833333333333,12.071694885846227,completed,12.132072780979797,61.239447646464384,34.88761520385742
2898,0,0,12.075,12.076536386972293,completed,12.143069170881063,68.06917088106346,34.83852767944336
2899,1,0,12.079166666666666,12.08137487899512,completed,12.149716604035348,70.54993736868198,34.87177658081055
2900,2,1,12.083333333333334,12.086246690014377,dropped_queue_full,,,
2901,3,1,12.0875,12.087528937030584,dropped_queue_full,,,
2902,0,1,12.091666666666667,12.091760054929182,dropped_queue_full,,,
2903,1,1,12.095833333333333,12.095921993022785,dropped_queue_full,,,
2904,2,0,12.1,12.100030472036451,completed,12.158086190000176,58.086190000176785,34.8647346496582
2905,3,0,12.104166666666666,12.10490622301586,completed,12.16737960698083,63.212940314164356,34.74726486206055
2906,0,0,12.108333333333333,12.109747353941202,completed,12.177041509887204,68.70817655387107,34.76902389526367
2907,1,0,12.1125,12.114767463877797,completed,12.184564364841208,72.06436484120715,34.773406982421875
2908,2,1,12.116666666666667,12.119679824914783,dropped_queue_full,,,
2909,3,1,12.120833333333334,12.120923311915249,dropped_queue_full,,,
2910,0,1,12.125,12.125029240967706,dropped_queue_full,,,
2911,1,1,12.129166666666666,12.129237168934196,dropped_queue_full,,,
2912,2,0,12.133333333333333,12.133345267968252,completed,12.193245247937739,59.911914604406036,34.918846130371094
2913,3,0,12.1375,12.138214028906077,completed,12.205771451815963,68.2714518159635,34.8935661315918
2914,0,0,12.141666666666666,12.14306400087662,completed,12.2106123638805,68.94569721383448,34.88547134399414
2915,1,0,12.145833333333334,12.147943521849811,dropped_queue_full,,,
2916,2,1,12.15,12.150039670988917,dropped_queue_full,,,
2917,3,1,12.154166666666667,12.15428315801546,dropped_queue_full,,,
2918,0,1,12.158333333333333,12.15840741689317,dropped_queue_full,,,
2919,1,1,12.1625,12.162507785949856,completed,12.219444914953783,56.94491495378351,34.80694580078125
2920,2,0,12.166666666666666,12.167371897026896,completed,12.227986400015652,61.319733348986105,34.71369552612305
2921,3,0,12.170833333333333,12.172212317818776,completed,12.239331615855917,68.49828252258483,34.8389778137207
2922,0,0,12.175,12.177035679807886,completed,12.245763450860977,70.76345086097646,35.02860641479492
2923,1,0,12.179166666666667,12.181885672034696,dropped_queue_full,,,
2924,2,1,12.183333333333334,12.183443195885047,dropped_queue_full,,,
2925,3,1,12.1875,12.187555604847148,dropped_queue_full,,,
2926,0,1,12.191666666666666,12.191823831992224,dropped_queue_full,,,
2927,1,1,12.195833333333333,12.195871360832825,completed,12.25461155292578,58.778219592447556,35.04512023925781
2928,2,0,12.2,12.200763972010463,completed,12.263268675887957,63.268675887957926,35.04336166381836
2929,3,0,12.204166666666666,12.205763381905854,completed,12.27298216894269,68.81550227602418,35.088768005371094
2930,0,0,12.208333333333334,12.210606924025342,completed,12.280718420865014,72.38508753168027,34.94630432128906
2931,1,0,12.2125,12.21564331301488,dropped_queue_full,,,
2932,2,1,12.216666666666667,12.216762261930853,dropped_queue_full,,,
2933,3,1,12.220833333333333,12.22087719081901,dropped_queue_full,,,
2934,0,1,12.225,12.225135497981682,dropped_queue_full,,,
2935,1,1,12.229166666666666,12.229236376937479,completed,12.289719100808725,60.55243414205869,34.88127899169922
2936,2,0,12.233333333333333,12.234270586865023,completed,12.301824789959937,68.49145662660483,34.80806350708008
2937,3,0,12.2375,12.239323745947331,completed,12.307023157831281,69.52315783128071,34.806785583496094
2938,0,0,12.241666666666667,12.244165156967938,dropped_queue_full,,,
2939,1,0,12.245833333333334,12.245928019983694,dropped_queue_full,,,
2940,2,1,12.25,12.250032248906791,dropped_queue_full,,,
2941,3,1,12.254166666666666,12.25428216601722,dropped_queue_full,,,
2942,0,1,12.258333333333333,12.258391774958,completed,12.315717099932954,57.383766599620856,34.77382278442383
2943,1,1,12.2625,12.263261335901916,completed,12.32581094885245,63.310948852450366,34.748863220214844
2944,2,0,12.266666666666666,12.268112686928362,completed,12.335522131994367,68.85546532770093,34.9463996887207
2945,3,0,12.270833333333334,12.272973968880251,completed,12.34201169689186,71.17836355852525,34.895774841308594
2946,0,0,12.275,12.277849599951878,dropped_queue_full,,,
2947,1,0,12.279166666666667,12.279282295843586,dropped_queue_full,,,
2948,2,1,12.283333333333333,12.283395203994587,dropped_queue_full,,,
2949,3,1,12.2875,12.287503303028643,dropped_queue_full,,,
2950,0,1,12.291666666666666,12.29175937990658,completed,12.350766758900136,59.10009223346968,34.90415954589844
2951,1,1,12.295833333333333,12.296635141829029,completed,12.363945186836645,68.1118535033125,34.83830261230469
2952,2,0,12.3,12.301817609928548,completed,12.368832127889618,68.83212788961757,34.78153610229492
2953,3,0,12.304166666666667,12.30668626097031,dropped_queue_full,,,
2954,0,0,12.308333333333334,12.308441002853215,dropped_queue_full,,,
2955,1,0,12.3125,12.312556201824918,dropped_queue_full,,,
2956,2,1,12.316666666666666,12.31667438102886,dropped_queue_full,,,
2957,3,1,12.320833333333333,12.32091800798662,completed,12.37703168601729,56.1983526839569,34.798912048339844
2958,0,1,12.325,12.325804218882695,completed,12.385719198966399,60.719198966399546,34.88172912597656
2959,1,1,12.329166666666666,12.330650970805436,completed,12.397373301908374,68.20663524170811,34.97788619995117
2960,2,0,12.333333333333334,12.335515012033284,completed,12.403450991027057,70.11765769372325,35.04751968383789
2961,3,0,12.3375,12.340558311901987,dropped_queue_full,,,
2962,0,0,12.341666666666667,12.34168548998423,dropped_queue_full,,,
2963,1,0,12.345833333333333,12.345867617987096,dropped_queue_full,,,
2964,2,1,12.35,12.350136345950887,dropped_queue_full,,,
2965,3,1,12.354166666666666,12.35423701396212,completed,12.412145423935726,57.97875726906021,34.99235153198242
2966,0,1,12.358333333333333,12.359085405943915,completed,12.421595308929682,63.261975596349274,35.07727813720703
2967,1,1,12.3625,12.363938516937196,completed,12.431290742009878,68.79074200987745,35.05516815185547
2968,2,0,12.366666666666667,12.368825187906623,completed,12.438522799871862,71.8561332051948,34.91632080078125
2969,3,0,12.370833333333334,12.373695748858154,dropped_queue_full,,,
2970,0,0,12.375,12.375138104893267,dropped_queue_full,,,
2971,1,0,12.379166666666666,12.379235613858327,dropped_queue_full,,,
2972,2,1,12.383333333333333,12.383344522910193,dropped_queue_full,,,
2973,3,1,12.3875,12.387600349960849,completed,12.447357930941507,59.85793094150793,35.08816146850586
2974,0,1,12.391666666666666,12.392513260943815,completed,12.459859575843439,68.19290917677279,35.01356887817383
2975,1,1,12.395833333333334,12.397366751916707,completed,12.465207671979442,69.37433864610831,35.20284652709961
2976,2,0,12.4,12.402508080936968,dropped_queue_full,,,
2977,3,0,12.404166666666667,12.404249022947624,dropped_queue_full,,,
2978,0,0,12.408333333333333,12.408344161929563,dropped_queue_full,,,
2979,1,0,12.4125,12.412601660005748,dropped_queue_full,,,
2980,2,1,12.416666666666666,12.416711837984622,completed,12.473881135927513,57.21446926084717,35.09142303466797
2981,3,1,12.420833333333333,12.421589989913628,completed,12.484116702806205,63.28336947287205,35.079551696777344
2982,0,1,12.425,12.426441640825942,completed,12.493832615902647,68.83261590264667,34.942047119140625
2983,1,1,12.429166666666667,12.43128398200497,completed,12.500224601943046,71.05793527637871,34.889217376708984
2984,2,0,12.433333333333334,12.4361493838951,dropped_queue_full,,,
2985,3,0,12.4375,12.437561398837715,dropped_queue_full,,,
2986,0,0,12.441666666666666,12.441817936953157,dropped_queue_full,,,
2987,1,0,12.445833333333333,12.445918585872278,dropped_queue_full,,,
2988,2,1,12.45,12.450123823946342,completed,12.508771025808528,58.771025808528776,34.85542297363281
2989,3,1,12.454166666666666,12.454986254917458,completed,12.52233227994293,68.16561327626403,34.90105438232422
2990,0,1,12.458333333333334,12.45985383586958,completed,12.527169091859832,68.83575852649848,35.02220916748047
2991,1,1,12.4625,12.464713227003813,dropped_queue_full,,,
2992,2,0,12.466666666666667,12.466758146882057,dropped_queue_full,,,
2993,3,0,12.470833333333333,12.470871415920556,dropped_queue_full,,,
2994,0,0,12.475,12.475154942832887,dropped_queue_full,,,
2995,1,0,12.479166666666666,12.479234871920198,completed,12.535406128969043,56.23946230237742,34.97779083251953
2996,2,1,12.483333333333333,12.484108982840553,completed,12.543927344027907,60.59401069457415,34.93503952026367
2997,3,1,12.4875,12.488969383994117,completed,12.555966442916542,68.46644291654158,34.98044967651367
2998,0,1,12.491666666666667,12.493827115977183,completed,12.56144998781383,69.78332114716324,35.11859130859375
2999,1,1,12.495833333333334,12.498690946958959,dropped_queue_full,,,
3000,2,0,12.5,12.500057592988014,dropped_queue_full,,,
3001,3,0,12.504166666666666,12.504187552025542,dropped_queue_full,,,
3002,0,0,12.508333333333333,12.508442198857665,dropped_queue_full,,,
3003,1,0,12.5125,12.512557827867568,completed,12.570450407918543,57.950407918543334,34.94617462158203
3004,2,1,12.516666666666666,12.517453789012507,completed,12.579939042916521,63.27237624985571,35.03401565551758
3005,3,1,12.520833333333334,12.522324390010908,completed,12.589681424899027,68.84809156569283,34.818721771240234
3006,0,1,12.525,12.52716375188902,completed,12.596446976996958,71.4469769969579,34.85747146606445
3007,1,1,12.529166666666667,12.532051972812042,dropped_queue_full,,,
3008,2,0,12.533333333333333,12.53333709994331,dropped_queue_full,,,
3009,3,0,12.5375,12.537602097028866,dropped_queue_full,,,
3010,0,0,12.541666666666666,12.541712905978784,dropped_queue_full,,,
3011,1,0,12.545833333333333,12.54583497485146,completed,12.60540677793324,59.57344459990743,34.893409729003906
3012,2,1,12.55,12.5509074840229,completed,12.618120759958401,68.12075995840061,34.96227264404297
3013,3,1,12.554166666666667,12.55595847289078,completed,12.6230143008288,68.84763416213247,34.97401428222656
3014,0,1,12.558333333333334,12.560834564035758,dropped_queue_full,,,
3015,1,1,12.5625,12.562568346969783,dropped_queue_full,,,
3016,2,0,12.566666666666666,12.566668706014752,dropped_queue_full,,,
3017,3,0,12.570833333333333,12.570930882822722,dropped_queue_full,,,
3018,0,0,12.575,12.575029192026705,completed,12.631558955879882,56.55895587988269,34.95132827758789
3019,1,0,12.579166666666666,12.579931712942198,completed,12.640563144814223,61.39647814755733,34.91686248779297
3020,2,1,12.583333333333334,12.584801563993096,completed,12.651572924805805,68.23959147247116,34.700767517089844
3021,3,1,12.5875,12.589673704933375,completed,12.657894441857934,70.39444185793364,34.868736267089844
3022,0,1,12.591666666666667,12.594558025943115,dropped_queue_full,,,
3023,1,1,12.595833333333333,12.59584185294807,dropped_queue_full,,,
3024,2,0,12.6,12.600030050845817,dropped_queue_full,,,
3025,3,0,12.604166666666666,12.604283558903262,dropped_queue_full,,,
3026,0,0,12.608333333333333,12.608398267999291,completed,12.666609803913161,58.276470579828654,34.88608169555664
3027,1,0,12.6125,12.613258928991854,completed,12.67576812300831,63.268123008310084,34.87177658081055
3028,2,1,12.616666666666667,12.6181136299856,completed,12.68551668501459,68.85001834792348,34.839839935302734
3029,3,1,12.620833333333334,12.62300632102415,completed,12.692927840864286,72.09450753095226,34.82316970825195
3030,0,1,12.625,12.627899031853303,dropped_queue_full,,,
3031,1,1,12.629166666666666,12.62918178900145,dropped_queue_full,,,
3032,2,0,12.633333333333333,12.633443506900221,dropped_queue_full,,,
3033,3,0,12.6375,12.637555195949972,dropped_queue_full,,,
3034,0,0,12.641666666666666,12.641678073909134,completed,12.701522383838892,59.855717172226264,34.78761672973633
3035,1,0,12.645833333333334,12.64661998488009,completed,12.714112907880917,68.27957454758327,34.74470520019531
3036,2,1,12.65,12.651565674925223,completed,12.718974059913307,68.97405991330707,34.706302642822266
3037,3,1,12.654166666666667,12.65676267282106,dropped_queue_full,,,
3038,0,1,12.658333333333333,12.658375406870618,dropped_queue_full,,,
3039,1,1,12.6625,12.662506424821913,dropped_queue_full,,,
3040,2,0,12.666666666666666,12.666773373028263,dropped_queue_full,,,
3041,3,0,12.670833333333333,12.670871001901105,completed,12.72776569193229,56.93235859895829,34.71401596069336
3042,0,0,12.675,12.675761342979968,completed,12.73645095480606,61.45095480605889,34.72963333129883
3043,1,0,12.679166666666667,12.680627263849601,completed,12.747242426034063,68.07575936739596,34.84467315673828
3044,2,1,12.683333333333334,12.685509674949571,completed,12.754173537017778,70.84020368444399,35.00406265258789
3045,3,1,12.6875,12.690380385844037,dropped_queue_full,,,
3046,0,1,12.691666666666666,12.691823981935158,dropped_queue_full,,,
3047,1,1,12.695833333333333,12.695921290898696,dropped_queue_full,,,
3048,2,0,12.7,12.700082518858835,dropped_queue_full,,,
3049,3,0,12.704166666666666,12.704186697956175,completed,12.763089447980747,58.92278131408091,35.29616165161133
3050,0,0,12.708333333333334,12.709047848824412,completed,12.776438253931701,68.10492059836726,35.31379318237305
3051,1,0,12.7125,12.714106507832184,completed,12.781385923968628,68.8859239686277,35.16524887084961
3052,2,1,12.716666666666667,12.7189668698702,completed,12.789365123957396,72.69845729072877,34.99708938598633
3053,3,1,12.720833333333333,12.723825281020254,dropped_queue_full,,,
3054,0,1,12.725,12.72508527780883,dropped_queue_full,,,
3055,1,1,12.729166666666666,12.729196317028254,dropped_queue_full,,,
3056,2,0,12.733333333333333,12.73344281502068,dropped_queue_full,,,
3057,3,0,12.7375,12.737567192874849,completed,12.798048376804218,60.548376804216986,34.77097702026367
3058,0,0,12.741666666666667,12.742403415031731,completed,12.810319473966956,68.652807300289,34.742496490478516
3059,1,0,12.745833333333334,12.7472363258712,completed,12.815664360998198,69.83102766486482,34.73219299316406
3060,2,1,12.75,12.752093117916957,dropped_queue_full,,,
3061,3,1,12.754166666666666,12.754168986808509,dropped_queue_full,,,
3062,0,1,12.758333333333333,12.758442683843896,dropped_queue_full,,,
3063,1,1,12.7625,12.762600573012605,dropped_queue_full,,,
3064,2,0,12.766666666666666,12.766710210824385,completed,12.824194114888087,57.527448221421196,34.69424057006836
3065,3,0,12.770833333333334,12.771585721988231,completed,12.834114125929773,63.28079259643893,34.76892852783203
3066,0,0,12.775,12.77643265388906,completed,12.843917608028278,68.9176080282774,34.81647872924805
3067,1,0,12.779166666666667,12.781379353953525,completed,12.850513831945136,71.3471652784694,34.84899139404297
3068,2,1,12.783333333333333,12.786357214907184,dropped_queue_full,,,
3069,3,1,12.7875,12.787608051905409,dropped_queue_full,,,
3070,0,1,12.791666666666666,12.791715011000633,dropped_queue_full,,,
3071,1,1,12.795833333333333,12.795990117825568,dropped_queue_full,,,
3072,2,0,12.8,12.800053847022355,completed,12.85921426396817,59.21426396816898,34.96211242675781
3073,3,0,12.804166666666667,12.8053350339178,completed,12.87264218996279,68.47552329612228,34.96761703491211
3074,0,0,12.808333333333334,12.810314164031297,completed,12.877683599013835,69.35026568050162,34.97660827636719
3075,1,0,12.8125,12.81517020589672,dropped_queue_full,,,
3076,2,1,12.816666666666666,12.816765199881047,dropped_queue_full,,,
3077,3,1,12.820833333333333,12.820873318007216,dropped_queue_full,,,
3078,0,1,12.825,12.82514920597896,dropped_queue_full,,,
3079,1,1,12.829166666666666,12.82923185499385,completed,12.885764807928354,56.59814126168783,34.95337677001953
3080,2,0,12.833333333333334,12.834106285823509,completed,12.894298773026094,60.965439692759915,34.807647705078125
3081,3,0,12.8375,12.839073335984722,completed,12.906021704897285,68.52170489728415,34.93382263183594
3082,0,0,12.841666666666667,12.843912127893418,completed,12.911768697900698,70.1020312340308,34.89430236816406
3083,1,0,12.845833333333333,12.848900297889486,dropped_queue_full,,,
3084,2,1,12.85,12.850025275954977,dropped_queue_full,,,
3085,3,1,12.854166666666666,12.854283243883401,dropped_queue_full,,,
3086,0,1,12.858333333333333,12.85840356303379,dropped_queue_full,,,
3087,1,1,12.862499999999999,12.862599619897082,completed,12.920769147807732,58.26914780773329,34.85718536376953
3088,2,0,12.866666666666667,12.867698648944497,completed,12.93001342494972,63.34675828305336,34.770816802978516
3089,3,0,12.870833333333334,12.872634229948744,completed,12.939847795991227,69.01446265789346,34.79257583618164
3090,0,0,12.875,12.87767724902369,completed,12.946671487996355,71.6714879963547,34.77558517456055
3091,1,0,12.879166666666666,12.882728698896244,dropped_queue_full,,,
3092,2,1,12.883333333333333,12.883377441903576,dropped_queue_full,,,
3093,3,1,12.8875,12.887517450843006,dropped_queue_full,,,
3094,0,1,12.891666666666666,12.89176322799176,dropped_queue_full,,,
3095,1,1,12.895833333333334,12.895890356972814,completed,12.955680447863415,59.84711453008096,34.82620620727539
3096,2,0,12.9,12.900895676808432,completed,12.968488778918982,68.4887789189812,34.85174560546875
3097,3,0,12.904166666666667,12.906013974919915,completed,12.973663687938824,69.49702127215751,34.97468948364258
3098,0,0,12.908333333333333,12.910996844992042,dropped_queue_full,,,
3099,1,0,12.9125,12.912568769883364,dropped_queue_full,,,
3100,2,1,12.916666666666666,12.916673488914967,dropped_queue_full,,,
3101,3,1,12.920833333333333,12.920931765809655,dropped_queue_full,,,
3102,0,1,12.924999999999999,12.925028114812449,completed,12.981676666997373,56.67666699737417,34.9598388671875
3103,1,1,12.929166666666667,12.93000599485822,completed,12.990669986931607,61.50332026493999,34.9233283996582
3104,2,0,12.933333333333334,12.934861015994102,completed,13.001494488911703,68.16115557836966,34.97951889038086
3105,3,0,12.9375,12.939839825965464,completed,13.008197371847928,70.69737184792757,34.9351692199707
3106,0,0,12.941666666666666,12.94473787699826,dropped_queue_full,,,
3107,1,0,12.945833333333333,12.945863486034796,dropped_queue_full,,,
3108,2,1,12.95,12.950149322859943,dropped_queue_full,,,
3109,3,1,12.954166666666666,12.954237111844122,dropped_queue_full,,,
3110,0,1,12.958333333333334,12.958359270822257,completed,13.016882303869352,58.54897053601782,34.972190856933594
3111,1,1,12.9625,12.963348230812699,completed,13.025974402902648,63.4744029026475,34.94947052001953
3112,2,0,12.966666666666667,12.968480259878561,completed,13.035718965809792,69.0522991431255,34.990848541259766
3113,3,0,12.970833333333333,12.97365563781932,completed,13.043287569889799,72.45423655646555,35.016929626464844
3114,0,0,12.975,12.978497448842973,dropped_queue_full,,,
3115,1,0,12.979166666666666,12.97928814101033,dropped_queue_full,,,
3116,2,1,12.983333333333333,12.983395839808509,dropped_queue_full,,,
3117,3,1,12.987499999999999,12.98750344896689,dropped_queue_full,,,
3118,0,1,12.991666666666667,12.991760125849396,completed,13.051851223921403,60.18455725473615,34.899967193603516
3119,1,1,12.995833333333334,12.996642797021195,completed,13.06393736298196,68.10402964862661,34.96063995361328
3120,2,0,13.0,13.001487458823249,completed,13.069435967830941,69.43596783094108,34.86969757080078
3121,3,0,13.004166666666666,13.006589588010684,dropped_queue_full,,,
3122,0,0,13.008333333333333,13.00836138986051,dropped_queue_full,,,
3123,1,0,13.0125,13.012602666858584,dropped_queue_full,,,
3124,2,1,13.016666666666666,13.01671250583604,dropped_queue_full,,,
3125,3,1,13.020833333333334,13.020983252907172,completed,13.078244430013001,57.41109667966704,34.822078704833984
3126,0,1,13.025,13.025967992842197,completed,13.088356197811663,63.356197811662796,34.88496017456055
3127,1,1,13.029166666666667,13.030809854855761,completed,13.09810313093476,68.93646426809319,34.82400131225586
3128,2,0,13.033333333333333,13.035712006036192,completed,13.104495876003057,71.16254266972355,34.829246520996094
3129,3,0,13.0375,13.040584296919405,dropped_queue_full,,,
3130,0,0,13.041666666666666,13.041707235854119,dropped_queue_full,,,
3131,1,0,13.045833333333333,13.045987662859261,dropped_queue_full,,,
3132,2,1,13.049999999999999,13.050098262028769,dropped_queue_full,,,
3133,3,1,13.054166666666667,13.054235949879512,completed,13.113197569036856,59.03090237018915,34.880672454833984
3134,0,1,13.058333333333334,13.059094261843711,completed,13.126550646033138,68.21731269980447,34.87916946411133
3135,1,1,13.0625,13.063931092852727,completed,13.131414206931368,68.91420693136752,34.73235321044922
3136,2,0,13.066666666666666,13.06878003384918,dropped_queue_full,,,
3137,3,0,13.070833333333333,13.070867403876036,dropped_queue_full,,,
3138,0,0,13.075,13.075139480875805,dropped_queue_full,,,
3139,1,0,13.079166666666666,13.079200619831681,dropped_queue_full,,,
3140,2,1,13.083333333333334,13.08344073803164,completed,13.13928678794764,55.9534546143059,34.69327926635742
3141,3,1,13.0875,13.088350357953459,completed,13.148152598878369,60.65259887836838,34.72867202758789
3142,0,1,13.091666666666667,13.093189149862155,completed,13.159749562852085,68.08289618541785,34.737342834472656
3143,1,1,13.095833333333333,13.09809659095481,completed,13.16573198302649,69.8986496931564,34.80271911621094
3144,2,0,13.1,13.102971051819623,dropped_queue_full,,,
3145,3,0,13.104166666666666,13.10417005000636,dropped_queue_full,,,
3146,0,0,13.108333333333333,13.108441496966407,dropped_queue_full,,,
3147,1,0,13.112499999999999,13.112550675868988,dropped_queue_full,,,
3148,2,1,13.116666666666667,13.116819442948326,completed,13.1742439980153,57.5773313486323,34.85996627807617
3149,3,1,13.120833333333334,13.121702743927017,completed,13.184350875904784,63.517542571450036,34.89097595214844
3150,0,1,13.125,13.126545185921714,completed,13.194065388990566,69.06538899056613,34.93967819213867
3151,1,1,13.129166666666666,13.131407727021724,completed,13.200706111965701,71.53944529903455,34.85996627807617
3152,2,0,13.133333333333333,13.136286007938907,dropped_queue_full,,,
3153,3,0,13.1375,13.137567014899105,dropped_queue_full,,,
3154,0,0,13.141666666666666,13.141676543978974,dropped_queue_full,,,
3155,1,0,13.145833333333334,13.145919971866533,dropped_queue_full,,,
3156,2,1,13.15,13.15002912003547,completed,13.209199266973883,59.19926697388256,34.73158264160156
3157,3,1,13.154166666666667,13.154891291866079,completed,13.22234926582314,68.18259915647396,34.74041748046875
3158,0,1,13.158333333333333,13.159744143020362,completed,13.227218336891383,68.88500355804972,34.64924621582031
3159,1,1,13.1625,13.164599743904546,dropped_queue_full,,,
3160,2,0,13.166666666666666,13.166689942823723,dropped_queue_full,,,
3161,3,0,13.170833333333333,13.170918260933831,dropped_queue_full,,,
3162,0,0,13.174999999999999,13.175039279973134,dropped_queue_full,,,
3163,1,0,13.179166666666667,13.179235317977145,completed,13.235556632978842,56.38996631217452,34.604736328125
3164,2,1,13.183333333333334,13.184342836029828,completed,13.24392485897988,60.59152564654724,34.556095123291016
3165,3,1,13.1875,13.189193687867373,completed,13.255712600890547,68.21260089054704,34.58323287963867
3166,0,1,13.191666666666666,13.19406010885723,completed,13.261360644828528,69.69397816186174,34.61532974243164
3167,1,1,13.195833333333333,13.198937429813668,dropped_queue_full,,,
3168,2,0,13.2,13.200061418814585,dropped_queue_full,,,
3169,3,0,13.204166666666666,13.204285486834124,dropped_queue_full,,,
3170,0,0,13.208333333333334,13.208392314845696,dropped_queue_full,,,
3171,1,0,13.2125,13.212504943832755,completed,13.270195476012304,57.69547601230407,34.551456451416016
3172,2,1,13.216666666666667,13.217500783968717,completed,13.28012639703229,63.45973036562391,34.59961700439453
3173,3,1,13.220833333333333,13.222341315820813,completed,13.290102116996422,69.2687836630892,34.67279815673828
3174,0,1,13.225,13.227213136851788,completed,13.296089587034658,71.08958703465795,34.62803268432617
3175,1,1,13.229166666666666,13.232071178033948,dropped_queue_full,,,
3176,2,0,13.233333333333333,13.233352914918214,dropped_queue_full,,,
3177,3,0,13.237499999999999,13.237598802894354,dropped_queue_full,,,
3178,0,0,13.241666666666667,13.241712901974097,dropped_queue_full,,,
3179,1,0,13.245833333333334,13.24598945886828,completed,13.305036047007889,59.202713674554985,34.679134368896484
3180,2,1,13.25,13.25084753986448,completed,13.318131705978885,68.1317059788853,34.661537170410156
3181,3,1,13.254166666666666,13.255704800831154,completed,13.322994997026399,68.82833035973235,34.70755386352539
3182,0,1,13.258333333333333,13.260548022808507,dropped_queue_full,,,
3183,1,1,13.2625,13.262601011898369,dropped_queue_full,,,
3184,2,0,13.266666666666666,13.26671410095878,dropped_queue_full,,,
3185,3,0,13.270833333333334,13.270834009861574,dropped_queue_full,,,
3186,0,0,13.275,13.275076386984438,completed,13.330852587940171,55.852587940171006,34.72553634643555
3187,1,0,13.279166666666667,13.280119146918878,completed,13.33988146786578,60.71480119911321,34.64275360107422
3188,2,1,13.283333333333333,13.285024067852646,completed,13.351515790913254,68.18245757992081,34.592254638671875
3189,3,1,13.2875,13.290093987016007,completed,13.357051215833053,69.55121583305335,34.69084930419922
3190,0,1,13.291666666666666,13.294988157926127,dropped_queue_full,,,
3191,1,1,13.295833333333333,13.295923528028652,dropped_queue_full,,,
3192,2,0,13.299999999999999,13.300034456886351,dropped_queue_full,,,
3193,3,0,13.304166666666667,13.304229225032032,dropped_queue_full,,,
3194,0,0,13.308333333333334,13.30834550387226,completed,13.365769687807187,57.43635447385387,34.710113525390625
3195,1,0,13.3125,13.313249584985897,completed,13.375875917030498,63.375917030498385,34.742271423339844
3196,2,1,13.316666666666666,13.318124665878713,completed,13.385607430012897,68.94076334623023,34.754878997802734
3197,3,1,13.320833333333333,13.32298717694357,completed,13.392091354820877,71.25802148754445,34.93241500854492
3198,0,1,13.325,13.327839409001172,dropped_queue_full,,,
3199,1,1,13.329166666666666,13.329257883829996,dropped_queue_full,,,
3200,2,0,13.333333333333334,13.333394942805171,dropped_queue_full,,,
3201,3,0,13.3375,13.33750405185856,dropped_queue_full,,,
3202,0,0,13.341666666666667,13.341762868920341,completed,13.400831796927378,59.1651302607108,34.94307327270508
3203,1,0,13.345833333333333,13.346652089850977,completed,13.413966685999185,68.13335266585163,34.843326568603516
3204,2,1,13.35,13.351508780848235,completed,13.418858346994966,68.85834699496662,34.922271728515625
3205,3,1,13.354166666666666,13.356397571973503,dropped_queue_full,,,
3206,0,1,13.358333333333333,13.358492210973054,dropped_queue_full,,,
3207,1,1,13.362499999999999,13.362602269975469,dropped_queue_full,,,
3208,2,0,13.366666666666667,13.366725238971412,dropped_queue_full,,,
3209,3,0,13.370833333333334,13.370982105843723,completed,13.427080703899264,56.247370565930765,34.7625617980957
3210,0,0,13.375,13.375869537005201,completed,13.435607458930463,60.6074589304626,34.752254486083984
3211,1,0,13.379166666666666,13.380721408873796,completed,13.447211402002722,68.0447353360556,34.87580871582031
3212,2,1,13.383333333333333,13.385600169887766,completed,13.453525668941438,70.19233560810534,35.03638458251953
3213,3,1,13.3875,13.390665889019147,dropped_queue_full,,,
3214,0,1,13.391666666666666,13.391763458028436,dropped_queue_full,,,
3215,1,1,13.395833333333334,13.395921285962686,dropped_queue_full,,,
3216,2,0,13.4,13.400026474846527,dropped_queue_full,,,
3217,3,0,13.404166666666667,13.40421588299796,completed,13.462039603851736,57.87293718506881,34.92998504638672
3218,0,0,13.408333333333333,13.40908275381662,completed,13.471633028006181,63.299694672847906,34.992862701416016
3219,1,0,13.4125,13.413960356032476,completed,13.481358209857717,68.85820985771751,34.79507064819336
3220,2,1,13.416666666666666,13.418851046822965,completed,13.488375260028988,71.70859336232205,34.826271057128906
3221,3,1,13.420833333333333,13.423733617877588,dropped_queue_full,,,
3222,0,1,13.424999999999999,13.425016674911603,dropped_queue_full,,,
3223,1,1,13.429166666666667,13.429281661985442,dropped_queue_full,,,
3224,2,0,13.433333333333334,13.433395111002028,dropped_queue_full,,,
3225,3,0,13.4375,13.437513879034668,completed,13.497086312854663,59.58631285466254,34.780094146728516
3226,0,0,13.441666666666666,13.442361770896241,completed,13.510096561862156,68.42989519548937,34.80995178222656
3227,1,0,13.445833333333333,13.447204961907119,completed,13.514964972855523,69.13163952219037,34.97964859008789
3228,2,1,13.45,13.452075203880668,dropped_queue_full,,,
3229,3,1,13.454166666666666,13.454283831873909,dropped_queue_full,,,
3230,0,1,13.458333333333334,13.458395530004054,dropped_queue_full,,,
3231,1,1,13.4625,13.462520518805832,dropped_queue_full,,,
3232,2,0,13.466666666666667,13.46675923699513,completed,13.52344630798325,56.77964131658264,34.78294372558594
3233,3,0,13.470833333333333,13.471627617953345,completed,13.532293819822371,61.46048648903779,35.096736907958984
3234,0,0,13.475,13.47648308891803,completed,13.543130630860105,68.13063086010551,34.96867370605469
3235,1,0,13.479166666666666,13.48135165986605,completed,13.549880463862792,70.71379719612558,35.001182556152344
3236,2,1,13.483333333333333,13.486287980806082,dropped_queue_full,,,
3237,3,1,13.487499999999999,13.48757255799137,dropped_queue_full,,,
3238,0,1,13.491666666666667,13.491716895950958,dropped_queue_full,,,
3239,1,1,13.495833333333334,13.495984943816438,dropped_queue_full,,,
3240,2,0,13.5,13.500051602954045,completed,13.558401837944984,58.401837944984436,34.899742126464844
3241,3,0,13.504166666666666,13.50497933384031,completed,13.567384477937594,63.217811270927626,34.82352066040039
3242,0,0,13.508333333333333,13.510090951807797,completed,13.57708607101813,68.75273768479673,34.942081451416016
3243,1,0,13.5125,13.514958292944357,completed,13.58483456284739,72.33456284739148,34.833473205566406
3244,2,1,13.516666666666666,13.519825404975563,dropped_queue_full,,,
3245,3,1,13.520833333333334,13.520920783979818,dropped_queue_full,,,
3246,0,1,13.525,13.525036902865395,dropped_queue_full,,,
3247,1,1,13.529166666666667,13.529282609932125,dropped_queue_full,,,
3248,2,0,13.533333333333333,13.533408698858693,completed,13.593519375892356,60.18604255902282,34.843135833740234
3249,3,0,13.5375,13.53827324998565,completed,13.605996320955455,68.49632095545566,34.94384002685547
3250,0,0,13.541666666666666,13.543125201016665,completed,13.611075880005956,69.40921333928962,34.83478546142578
3251,1,0,13.545833333333333,13.547967043006793,dropped_queue_full,,,
3252,2,1,13.549999999999999,13.550044171977788,dropped_queue_full,,,
3253,3,1,13.554166666666667,13.554283008910716,dropped_queue_full,,,
3254,0,1,13.558333333333334,13.5583935379982,dropped_queue_full,,,
3255,1,1,13.5625,13.562505407026038,completed,13.619926251936704,57.42625193670392,34.951358795166016
3256,2,0,13.566666666666666,13.567376537946984,completed,13.628452815813944,61.786149147277314,34.832000732421875
3257,3,0,13.570833333333333,13.572237049927935,completed,13.639005180913955,68.17184758062211,34.85942459106445
3258,0,0,13.575,13.57708063093014,completed,13.645921621005982,70.92162100598287,34.8686408996582
3259,1,0,13.579166666666666,13.581945391837507,dropped_queue_full,,,
3260,2,1,13.583333333333334,13.583395618014038,dropped_queue_full,,,
3261,3,1,13.5875,13.587504166876897,dropped_queue_full,,,
3262,0,1,13.591666666666667,13.59176204400137,dropped_queue_full,,,
3263,1,1,13.595833333333333,13.595868632895872,completed,13.654931070981547,59.09773764821402,34.74319839477539
3264,2,0,13.6,13.600923001999035,completed,13.668092648964375,68.09264896437561,34.75651168823242
3265,3,0,13.604166666666666,13.605988140916452,completed,13.672964709810913,68.79804314424653,34.781982421875
3266,0,0,13.608333333333333,13.611070459941402,completed,13.680837190942839,72.50385760950628,34.8172492980957
3267,1,0,13.612499999999999,13.61593595193699,dropped_queue_full,,,
3268,2,1,13.616666666666667,13.616743373917416,dropped_queue_full,,,
3269,3,1,13.620833333333334,13.620888891862705,dropped_queue_full,,,
3270,0,1,13.625,13.625142188975587,dropped_queue_full,,,
3271,1,1,13.629166666666666,13.629248797893524,completed,13.689831600990146,60.66493432347997,34.747039794921875
3272,2,0,13.633333333333333,13.634113638894632,completed,13.701444684993476,68.11135166014282,34.70848083496094
3273,3,0,13.6375,13.638997321017087,completed,13.707062478875741,69.56247887574207,34.8306884765625
3274,0,0,13.641666666666666,13.643842882011086,dropped_queue_full,,,
3275,1,0,13.645833333333334,13.645918320864439,dropped_queue_full,,,
3276,2,1,13.65,13.65003157989122,dropped_queue_full,,,
3277,3,1,13.654166666666667,13.654283297015354,dropped_queue_full,,,
3278,0,1,13.658333333333333,13.65839152596891,completed,13.71561011299491,57.27677966157607,34.692256927490234
3279,1,1,13.6625,13.663240168010816,completed,13.725872230017558,63.372230017558095,34.795806884765625
3280,2,0,13.666666666666666,13.668085638899356,completed,13.735630591865629,68.96392519896288,34.75910568237305
3281,3,0,13.670833333333333,13.672956859925762,completed,13.741933238925412,71.09990559207979,34.72108840942383
3282,0,0,13.674999999999999,13.67780723189935,dropped_queue_full,,,
3283,1,0,13.679166666666667,13.67923944699578,dropped_queue_full,,,
3284,2,1,13.683333333333334,13.683346705976874,dropped_queue_full,,,
3285,3,1,13.6875,13.68759974394925,dropped_queue_full,,,
3286,0,1,13.691666666666666,13.691712541971356,completed,13.750608031870797,58.94136520413085,34.842529296875
3287,1,1,13.695833333333333,13.696601673029363,completed,13.763946739025414,68.11340569208113,34.79740905761719
3288,2,0,13.7,13.70143740484491,completed,13.768820659955963,68.8206599559642,34.7655029296875
3289,3,0,13.704166666666666,13.706485233968124,dropped_queue_full,,,
3290,0,0,13.708333333333334,13.708334716036916,dropped_queue_full,,,
3291,1,0,13.7125,13.712601432809606,dropped_queue_full,,,
3292,2,1,13.716666666666667,13.716725641861558,dropped_queue_full,,,
3293,3,1,13.720833333333333,13.720978958997875,completed,13.776876268908381,56.04293557504825,34.84272003173828
3294,0,1,13.725,13.725865949876606,completed,13.785561901982874,60.56190198287403,34.820255279541016
3295,1,1,13.729166666666666,13.730736861005425,completed,13.797351653920487,68.1849872538205,34.833248138427734
3296,2,0,13.733333333333333,13.735623351996765,completed,13.803185374941677,69.85204160834435,34.828224182128906
3297,3,0,13.737499999999999,13.74051920301281,dropped_queue_full,,,
3298,0,0,13.741666666666667,13.74176501086913,dropped_queue_full,,,
3299,1,0,13.745833333333334,13.745873469859362,dropped_queue_full,,,
3300,2,1,13.75,13.750139146810398,dropped_queue_full,,,
3301,3,1,13.754166666666666,13.75423656590283,completed,13.811927017988637,57.76035132197066,34.845664978027344
3302,0,1,13.758333333333333,13.759092626860365,completed,13.821799008874223,63.46567554088978,34.89238357543945
3303,1,1,13.7625,13.76394042884931,completed,13.831547970883548,69.04797088354897,34.70140838623047
3304,2,0,13.766666666666666,13.768813269911334,completed,13.838006305973977,71.33963930731113,34.694496154785156
3305,3,0,13.770833333333334,13.773685390828177,dropped_queue_full,,,
3306,0,0,13.775,13.77512998599559,dropped_queue_full,,,
3307,1,0,13.779166666666667,13.779236364876851,dropped_queue_full,,,
3308,2,1,13.783333333333333,13.783345883945003,dropped_queue_full,,,
3309,3,1,13.7875,13.78760086093098,completed,13.846833987860009,59.33398786000943,34.74528121948242
3310,0,1,13.791666666666666,13.792458542855456,completed,13.859852127963677,68.18546129701097,34.58726501464844
3311,1,1,13.795833333333333,13.797344733960927,completed,13.864738378906623,68.90504557329002,34.725982666015625
3312,2,0,13.799999999999999,13.802211664849892,dropped_queue_full,,,
3313,3,0,13.804166666666667,13.804283923935145,dropped_queue_full,,,
3314,0,0,13.808333333333334,13.808442222885787,dropped_queue_full,,,
3315,1,0,13.8125,13.812566010979936,dropped_queue_full,,,
3316,2,1,13.816666666666666,13.81671283999458,completed,13.87292538699694,56.25872033027335,34.762752532958984
3317,3,1,13.820833333333333,13.82179362885654,completed,13.881608369993046,60.77503665971307,34.73612976074219
3318,0,1,13.825,13.826687579974532,completed,13.893088853918016,68.08885391801667,34.88044738769531
3319,1,1,13.829166666666666,13.831541321007535,completed,13.899287072010338,70.12040534367259,34.723934173583984
3320,2,0,13.833333333333334,13.836395821999758,dropped_queue_full,,,
3321,3,0,13.8375,13.83752106083557,dropped_queue_full,,,
3322,0,0,13.841666666666667,13.841758998809382,dropped_queue_full,,,
3323,1,0,13.845833333333333,13.84586891788058,dropped_queue_full,,,
3324,2,1,13.85,13.85013916483149,completed,13.907754146959633,57.75414695963299,34.62035369873047
3325,3,1,13.854166666666666,13.855006015859544,completed,13.917399990838021,63.233324171354965,34.72313690185547
3326,0,1,13.858333333333333,13.859846457839012,completed,13.927503929939121,69.1705966057885,34.781982421875
3327,1,1,13.862499999999999,13.864731548819691,completed,13.934248592006043,71.74859200604367,34.80284881591797
3328,2,0,13.866666666666667,13.869616049807519,dropped_queue_full,,,
3329,3,0,13.870833333333334,13.870898816967383,dropped_queue_full,,,
3330,0,0,13.875,13.87515026400797,dropped_queue_full,,,
3331,1,0,13.879166666666666,13.879234452964738,dropped_queue_full,,,
3332,2,1,13.883333333333333,13.883357781916857,completed,13.942932604812086,59.59927147875277,35.07612609863281
3333,3,1,13.8875,13.888240962987766,completed,13.955653537996113,68.15353799611401,34.99910354614258
3334,0,1,13.891666666666666,13.893083484843373,completed,13.960498498985544,68.83183231887813,34.99772644042969
3335,1,1,13.895833333333334,13.898010574979708,dropped_queue_full,,,
3336,2,0,13.9,13.900084883905947,dropped_queue_full,,,
3337,3,0,13.904166666666667,13.904189832974225,dropped_queue_full,,,
3338,0,0,13.908333333333333,13.908393100835383,dropped_queue_full,,,
3339,1,0,13.9125,13.91250424995087,completed,13.9692558508832,56.75585088320112,34.95878219604492
3340,2,1,13.916666666666666,13.91739159100689,completed,13.97785935481079,61.19268814412315,34.73487854003906
3341,3,1,13.920833333333333,13.922445919830352,completed,13.989041352877393,68.20801954406086,34.87311935424805
3342,0,1,13.924999999999999,13.927498389966786,completed,13.995410308940336,70.41030894033717,34.93983840942383
3343,1,1,13.929166666666667,13.932365651009604,dropped_queue_full,,,
3344,2,0,13.933333333333334,13.933446309994906,dropped_queue_full,,,
3345,3,0,13.9375,13.93755318899639,dropped_queue_full,,,
3346,0,0,13.941666666666666,13.941667907871306,dropped_queue_full,,,
3347,1,0,13.945833333333333,13.945922204991803,completed,14.004569916985929,58.73658365259615,35.05302429199219
3348,2,1,13.95,13.950792585965246,completed,14.013336178846657,63.33617884665799,35.099361419677734
3349,3,1,13.954166666666666,13.955645627807826,completed,14.023034141864628,68.86747519796188,35.110111236572266
3350,0,1,13.958333333333334,13.960493068909273,completed,14.030607266817242,72.27393348390798,35.09686279296875
3351,1,1,13.9625,13.965346249984577,dropped_queue_full,,,
3352,2,0,13.966666666666667,13.966762986034155,dropped_queue_full,,,
3353,3,0,13.970833333333333,13.970877854852006,dropped_queue_full,,,
3354,0,0,13.975,13.975143132032827,dropped_queue_full,,,
3355,1,0,13.979166666666666,13.979285100940615,completed,14.039610175881535,60.44350921486874,34.98601531982422
3356,2,1,13.983333333333333,13.984236791031435,completed,14.051377577940002,68.04424460666958,34.907169342041016
3357,3,1,13.987499999999999,13.9890337230172,completed,14.056878442876041,69.378442876042,34.95151901245117
3358,0,1,13.991666666666667,13.993823214899749,dropped_queue_full,,,
3359,1,1,13.995833333333334,13.995895123807713,dropped_queue_full,,,
3360,2,0,14.0,14.000151791842654,dropped_queue_full,,,
3361,3,0,14.004166666666666,14.004239280940965,dropped_queue_full,,,
3362,0,0,14.008333333333333,14.008444948820397,completed,14.065720045007765,57.38671167443243,34.934688568115234
3363,1,0,14.0125,14.013328949920833,completed,14.075785333989188,63.285333989188786,34.92377471923828
3364,2,1,14.016666666666666,14.01817155093886,completed,14.085544145898893,68.87747923222776,34.933982849121094
3365,3,1,14.020833333333334,14.023026132024825,completed,14.092174368910491,71.34103557715754,35.04889678955078
3366,0,1,14.025,14.028241739841178,dropped_queue_full,,,
3367,1,1,14.029166666666667,14.02920887991786,dropped_queue_full,,,
3368,2,0,14.033333333333333,14.033444317989051,dropped_queue_full,,,
3369,3,0,14.0375,14.03755966690369,dropped_queue_full,,,
3370,0,0,14.041666666666666,14.041677335975692,completed,14.1007291439455,59.06247727883418,35.00755310058594
3371,1,0,14.045833333333333,14.046528396895155,completed,14.114270187914371,68.43685458103899,34.93779373168945
3372,2,1,14.049999999999999,14.051370587898418,completed,14.11914780898951,69.147808989511,34.870079040527344
3373,3,1,14.054166666666667,14.056382298003882,dropped_queue_full,,,
3374,0,1,14.058333333333334,14.058443787973374,dropped_queue_full,,,
3375,1,1,14.0625,14.062558295903727,dropped_queue_full,,,
3376,2,0,14.066666666666666,14.066679714946076,dropped_queue_full,,,
3377,3,0,14.070833333333333,14.070921032922342,completed,14.12708055996336,56.24722663002757,34.861087799072266
3378,0,0,14.075,14.075778794009238,completed,14.135924360947683,60.924360947684164,35.03459167480469
3379,1,0,14.079166666666666,14.080684024840593,completed,14.147212907904759,68.04624123809333,34.97919845581055
3380,2,1,14.083333333333334,14.085536865983158,completed,14.153525894973427,70.19256164009313,35.009727478027344
3381,3,1,14.0875,14.090403416892514,dropped_queue_full,,,
3382,0,1,14.091666666666667,14.091688273940235,dropped_queue_full,,,
3383,1,1,14.095833333333333,14.095987420994788,dropped_queue_full,,,
3384,2,0,14.1,14.100082400022075,dropped_queue_full,,,
3385,3,0,14.104166666666666,14.104191958904266,completed,14.162198757985607,58.032091318940715,35.038272857666016
3386,0,0,14.108333333333333,14.109063759911805,completed,14.171632552985102,63.299219651769434,34.83763122558594
3387,1,0,14.112499999999999,14.114263577852398,completed,14.18131676595658,68.8167659565817,34.7815055847168
3388,2,1,14.116666666666667,14.119140638969839,completed,14.188368096016347,71.70142934968027,34.717342376708984
3389,3,1,14.120833333333334,14.124023749958724,dropped_queue_full,,,
3390,0,1,14.125,14.125148708932102,dropped_queue_full,,,
3391,1,1,14.129166666666666,14.129283697810024,dropped_queue_full,,,
3392,2,0,14.133333333333333,14.13339434680529,dropped_queue_full,,,
3393,3,0,14.1375,14.13751642499119,completed,14.197201556991786,59.701556991786475,34.848960876464844
3394,0,0,14.141666666666666,14.142365016974509,completed,14.209906499832869,68.23983316620286,34.89654541015625
3395,1,0,14.145833333333334,14.147206867812201,completed,14.215228185988963,69.39485265562872,34.97417449951172
3396,2,1,14.15,14.152076688827947,dropped_queue_full,,,
3397,3,1,14.154166666666667,14.154281766852364,dropped_queue_full,,,
3398,0,1,14.158333333333333,14.158392035868019,dropped_queue_full,,,
3399,1,1,14.1625,14.162519624922425,dropped_queue_full,,,
3400,2,0,14.166666666666666,14.166758821811527,completed,14.22351321298629,56.84654631962438,34.98521423339844
3401,3,0,14.170833333333333,14.171627112897113,completed,14.232353664934635,61.52033160130266,34.99379348754883
3402,0,0,14.174999999999999,14.176463944837451,completed,14.2435569728259,68.55697282590079,35.04188919067383
3403,1,0,14.179166666666667,14.181310325860977,completed,14.250200585927814,71.0339192611471,35.06982421875
3404,2,1,14.183333333333334,14.186158068012446,dropped_queue_full,,,
3405,3,1,14.1875,14.187565193977207,dropped_queue_full,,,
3406,0,1,14.191666666666666,14.191822370979935,dropped_queue_full,,,
3407,1,1,14.195833333333333,14.195919629884884,dropped_queue_full,,,
3408,2,0,14.2,14.20003256900236,completed,14.258725930936635,58.72593093663525,35.051231384277344
3409,3,0,14.204166666666666,14.205044789006934,completed,14.267477542860433,63.31087619376774,35.026336669921875
3410,0,0,14.208333333333334,14.209900959860533,completed,14.277179016033188,68.84568269985358,34.92816162109375
3411,1,0,14.2125,14.21522157592699,completed,14.285195125034079,72.6951250340786,34.80198287963867
3412,2,1,14.216666666666667,14.220169076928869,dropped_queue_full,,,
3413,3,1,14.220833333333333,14.220974898897111,dropped_queue_full,,,
3414,0,1,14.225,14.22508272784762,dropped_queue_full,,,
3415,1,1,14.229166666666666,14.229187216842547,dropped_queue_full,,,
3416,2,0,14.233333333333333,14.233441593823954,completed,14.293722269823775,60.38893649044219,34.797569274902344
3417,3,0,14.237499999999999,14.238512632902712,completed,14.30574969900772,68.24969900772082,34.877567291259766
3418,0,0,14.241666666666667,14.243551482912153,completed,14.311184874968603,69.51820830193611,34.921695709228516
3419,1,0,14.245833333333334,14.248432243941352,dropped_queue_full,,,
3420,2,1,14.25,14.250033688033,dropped_queue_full,,,
3421,3,1,14.254166666666666,14.25428278488107,dropped_queue_full,,,
3422,0,1,14.258333333333333,14.25839596381411,dropped_queue_full,,,
3423,1,1,14.2625,14.262508362997323,completed,14.3201935950201,57.693595020101185,34.91263961791992
3424,2,0,14.266666666666666,14.26746957283467,completed,14.329952996922657,63.286330255991174,35.06576156616211
3425,3,0,14.270833333333334,14.272323873825371,completed,14.339682328980416,68.84899564708213,34.95225524902344
3426,0,0,14.275,14.277173375943676,completed,14.346286152955145,71.28615295514429,34.93059158325195
3427,1,0,14.279166666666667,14.282022356987,dropped_queue_full,,,
3428,2,1,14.283333333333333,14.283442362910137,dropped_queue_full,,,
3429,3,1,14.2875,14.287576651899144,dropped_queue_full,,,
3430,0,1,14.291666666666666,14.29182177898474,dropped_queue_full,,,
3431,1,1,14.295833333333333,14.295916517963633,completed,14.355200754012913,59.36742067958001,34.92371368408203
3432,2,0,14.299999999999999,14.300876597873867,completed,14.36806949484162,68.06949484162139,34.74950408935547
3433,3,0,14.304166666666667,14.305741909891367,completed,14.372920595807955,68.75392914128753,34.930049896240234
3434,0,0,14.308333333333334,14.31061013089493,dropped_queue_full,,,
3435,1,0,14.3125,14.31260110088624,dropped_queue_full,,,
3436,2,1,14.316666666666666,14.316721988841891,dropped_queue_full,,,
3437,3,1,14.320833333333333,14.32099123694934,dropped_queue_full,,,
3438,0,1,14.325,14.325074575841427,completed,14.381247652927414,56.24765292741429,34.872222900390625
3439,1,1,14.329166666666666,14.329945746809244,completed,14.390244493028149,61.07782636148329,34.8573112487793
3440,2,0,14.333333333333334,14.33479433786124,completed,14.401414420921355,68.08108758802156,34.780670166015625
3441,3,0,14.3375,14.33967441902496,completed,14.407572348834947,70.0723488349464,34.81798553466797
3442,0,0,14.341666666666667,14.344708748860285,dropped_queue_full,,,
3443,1,0,14.345833333333333,14.345991565845907,dropped_queue_full,,,
3444,2,1,14.35,14.350138515001163,dropped_queue_full,,,
3445,3,1,14.354166666666666,14.354236293816939,dropped_queue_full,,,
3446,0,1,14.358333333333333,14.358347101835534,completed,14.416358240880072,58.02490754673961,34.90438461303711
3447,1,1,14.362499999999999,14.363192513817921,completed,14.425785906845704,63.28590684570479,34.9172477722168
3448,2,0,14.366666666666667,14.368062254972756,completed,14.435507558984682,68.84089231801482,34.96665573120117
3449,3,0,14.370833333333334,14.37291271588765,completed,14.442769155837595,71.93582250426189,35.06047821044922
3450,0,0,14.375,14.37776512792334,dropped_queue_full,,,
3451,1,0,14.379166666666666,14.379207073012367,dropped_queue_full,,,
3452,2,1,14.383333333333333,14.38344271085225,dropped_queue_full,,,
3453,3,1,14.3875,14.38755673984997,dropped_queue_full,,,
3454,0,1,14.391666666666666,14.391677857842296,completed,14.451561997877434,59.89533121076818,35.085086822509766
3455,1,1,14.395833333333334,14.396557078929618,completed,14.46408005291596,68.24671958262662,35.06156921386719
3456,2,0,14.4,14.401407220866531,completed,14.469123711809516,69.1237118095156,35.0142707824707
3457,3,0,14.404166666666667,14.406284151831642,dropped_queue_full,,,
3458,0,0,14.408333333333333,14.408369140932336,dropped_queue_full,,,
3459,1,0,14.4125,14.412566898856312,dropped_queue_full,,,
3460,2,1,14.416666666666666,14.416684567928314,dropped_queue_full,,,
3461,3,1,14.420833333333333,14.420919604832307,completed,14.47783863497898,57.00530164564732,35.047935485839844
3462,0,1,14.424999999999999,14.425779246957973,completed,14.488223440945148,63.223440945149534,34.98662567138672
3463,1,1,14.429166666666667,14.430626697838306,completed,14.497973742894828,68.80707622816118,34.9562873840332
3464,2,0,14.433333333333334,14.435500478837639,completed,14.504179200856015,70.84586752268152,34.9152946472168
3465,3,0,14.4375,14.44039918994531,dropped_queue_full,,,
3466,0,0,14.441666666666666,14.44168668682687,dropped_queue_full,,,
3467,1,0,14.445833333333333,14.445919534889981,dropped_queue_full,,,
3468,2,1,14.45,14.450139002874494,dropped_queue_full,,,
3469,3,1,14.454166666666666,14.45423619193025,completed,14.51298959297128,58.8229263046145,34.9879035949707
3470,0,1,14.458333333333334,14.459240960888565,completed,14.52648089802824,68.14756469490568,34.9681282043457
3471,1,1,14.4625,14.464073583018035,completed,14.531320118810982,68.82011881098116,34.89059066772461
3472,2,0,14.466666666666667,14.468946303939447,dropped_queue_full,,,
3473,3,0,14.470833333333333,14.470876484876499,dropped_queue_full,,,
3474,0,0,14.475,14.475140401860699,dropped_queue_full,,,
3475,1,0,14.479166666666666,14.479236440965906,dropped_queue_full,,,
3476,2,1,14.483333333333333,14.483347930014133,completed,14.539288288913667,55.9549555803347,34.92435073852539
3477,3,1,14.487499999999999,14.488217990845442,completed,14.54814951098524,60.649510985241406,34.9312629699707
3478,0,1,14.491666666666667,14.49308164184913,completed,14.559929461916909,68.26279525024148,34.8757438659668
3479,1,1,14.495833333333334,14.497967222938314,completed,14.565927332034335,70.09399870100097,35.093536376953125
3480,2,0,14.5,14.502888493938372,dropped_queue_full,,,
3481,3,0,14.504166666666666,14.50417417101562,dropped_queue_full,,,
3482,0,0,14.508333333333333,14.508445387938991,dropped_queue_full,,,
3483,1,0,14.5125,14.512500197859481,dropped_queue_full,,,
3484,2,1,14.516666666666666,14.516759344842285,completed,14.574608684983104,57.94201831643875,35.07795333862305
3485,3,1,14.520833333333334,14.521648966008797,completed,14.584055281011388,63.22194767805378,35.08256149291992
3486,0,1,14.525,14.52647571801208,completed,14.593785642879084,68.7856428790834,35.13865661621094
3487,1,1,14.529166666666667,14.53131341887638,completed,14.601040289970115,71.87362330344804,34.88508987426758
3488,2,0,14.533333333333333,14.536162320990115,dropped_queue_full,,,
3489,3,0,14.5375,14.537560576805845,dropped_queue_full,,,
3490,0,0,14.541666666666666,14.541671884944662,dropped_queue_full,,,
3491,1,0,14.545833333333333,14.545916453003883,dropped_queue_full,,,
3492,2,1,14.549999999999999,14.55002934182994,completed,14.60956272482872,59.56272482872116,34.780704498291016
3493,3,1,14.554166666666667,14.55489511298947,completed,14.622265527956188,68.09886128952058,34.868961334228516
3494,0,1,14.558333333333334,14.55992386280559,completed,14.62712758895941,68.79425562607722,34.88662338256836
3495,1,1,14.5625,14.56495498190634,dropped_queue_full,,,
3496,2,0,14.566666666666666,14.56672893394716,dropped_queue_full,,,
3497,3,0,14.570833333333333,14.570981541881338,dropped_queue_full,,,
3498,0,0,14.575,14.575088690966368,dropped_queue_full,,,
3499,1,0,14.579166666666666,14.579186919843778,completed,14.635922200977802,56.75553431113656,34.835296630859375
3500,2,1,14.583333333333334,14.584047390846536,completed,14.644450764870271,61.11743153693716,34.8482551574707
3501,3,1,14.5875,14.588919322006404,completed,14.655618243850768,68.11824385076726,34.849151611328125
3502,0,1,14.591666666666667,14.593780132941902,completed,14.661896630888805,70.22996422213801,34.74460983276367
3503,1,1,14.595833333333333,14.598645403981209,dropped_queue_full,,,
3504,2,0,14.6,14.600079349940643,dropped_queue_full,,,
3505,3,0,14.604166666666666,14.604186118813232,dropped_queue_full,,,
3506,0,0,14.608333333333333,14.608440385898575,dropped_queue_full,,,
3507,1,0,14.612499999999999,14.612509505823255,completed,14.670829150825739,58.32915082573997,34.737247467041016
3508,2,1,14.616666666666667,14.617409226018935,completed,14.679951419821009,63.2847531543419,34.685569763183594
3509,3,1,14.620833333333334,14.622257547918707,completed,14.68968117190525,68.84783857191579,34.65292739868164
3510,0,1,14.625,14.627122018951923,completed,14.696725611807778,71.72561180777848,34.689632415771484
3511,1,1,14.629166666666666,14.631974851014093,dropped_queue_full,,,
3512,2,0,14.633333333333333,14.633398355916142,dropped_queue_full,,,
3513,3,0,14.6375,14.637512754881755,dropped_queue_full,,,
3514,0,0,14.641666666666666,14.641758551821113,dropped_queue_full,,,
3515,1,0,14.645833333333334,14.645882630953565,completed,14.705725542036816,59.89220870348255,34.72684860229492
3516,2,1,14.65,14.650746961822733,completed,14.718421483878046,68.42148387804592,34.804542541503906
3517,3,1,14.654166666666667,14.655610543908551,completed,14.723271335940808,69.10466927414127,34.97257614135742
3518,0,1,14.658333333333333,14.660450534895062,dropped_queue_full,,,
3519,1,1,14.6625,14.662723291898146,dropped_queue_full,,,
3520,2,0,14.666666666666666,14.666737381834537,dropped_queue_full,,,
3521,3,0,14.670833333333333,14.670992219820619,dropped_queue_full,,,
3522,0,0,14.674999999999999,14.675076829036698,completed,14.731764300959185,56.76430095918583,34.98774337768555
3523,1,0,14.679166666666667,14.679943879833445,completed,14.740773579804227,61.606913137559616,34.901695251464844
3524,2,1,14.683333333333334,14.68481646082364,completed,14.751472692936659,68.13935960332529,34.959617614746094
3525,3,1,14.6875,14.689673411892727,completed,14.758245114935562,70.74511493556201,34.93705749511719
3526,0,1,14.691666666666666,14.69462510291487,dropped_queue_full,,,
3527,1,1,14.695833333333333,14.695922749815509,dropped_queue_full,,,
3528,2,0,14.7,14.700028258841485,dropped_queue_full,,,
3529,3,0,14.704166666666666,14.704284485895187,dropped_queue_full,,,
3530,0,0,14.708333333333334,14.708393124863505,completed,14.767010936979204,58.67760364587049,34.81999969482422
3531,1,0,14.7125,14.713267925893888,completed,14.776039036922157,63.539036922156455,35.077598571777344
3532,2,1,14.716666666666667,14.718414173927158,completed,14.78579917899333,69.13251232666262,34.92086410522461
3533,3,1,14.720833333333333,14.723263275809586,completed,14.793202135013416,72.3688016800832,34.886592864990234
3534,0,1,14.725,14.728118526982144,dropped_queue_full,,,
3535,1,1,14.729166666666666,14.729244305985048,dropped_queue_full,,,
3536,2,0,14.733333333333333,14.733357624849305,dropped_queue_full,,,
3537,3,0,14.737499999999999,14.737602401990443,dropped_queue_full,,,
3538,0,0,14.741666666666667,14.741730000823736,completed,14.801876937970519,60.210271303851925,34.80931091308594
3539,1,0,14.745833333333334,14.746620832011104,completed,14.813970716902986,68.1373835696526,34.68751907348633
3540,2,1,14.75,14.7514654728584,completed,14.819492490962148,69.49249096214771,34.63801574707031
3541,3,1,14.754166666666666,14.756361803971231,dropped_queue_full,,,
3542,0,1,14.758333333333333,14.758411153918132,dropped_queue_full,,,
3543,1,1,14.7625,14.7625065529719,dropped_queue_full,,,
3544,2,0,14.766666666666666,14.766841898905113,dropped_queue_full,,,
3545,3,0,14.770833333333334,14.770975717809051,completed,14.827993026003242,57.15969266990761,34.6844482421875
3546,0,0,14.775,14.776032547000796,completed,14.836668368894607,61.66836889460647,34.69830322265625
3547,1,0,14.779166666666667,14.780912118032575,completed,14.847375812008977,68.20914534231015,34.76460647583008
3548,2,1,14.783333333333333,14.785792228998616,completed,14.854364181868732,71.03084853539876,34.82748794555664
3549,3,1,14.7875,14.790667849825695,dropped_queue_full,,,
3550,0,1,14.791666666666666,14.791763599030674,dropped_queue_full,,,
3551,1,1,14.795833333333333,14.79587449785322,dropped_queue_full,,,
3552,2,0,14.799999999999999,14.800139384809881,dropped_queue_full,,,
3553,3,0,14.804166666666667,14.804236543830484,completed,14.863197303842753,59.03063717608603,34.967742919921875
3554,0,0,14.808333333333334,14.809101545950398,completed,14.876613658852875,68.28032551954166,35.001407623291016
3555,1,0,14.8125,14.8139642868191,completed,14.881588279036805,69.08827903680503,35.0964469909668
3556,2,1,14.816666666666666,14.819484881823882,completed,14.88945056986995,72.78390320328398,35.07292938232422
3557,3,1,14.820833333333333,14.824501761002466,dropped_queue_full,,,
3558,0,1,14.825,14.82515152497217,dropped_queue_full,,,
3559,1,1,14.829166666666666,14.82923638401553,dropped_queue_full,,,
3560,2,0,14.833333333333334,14.833345833001658,dropped_queue_full,,,
3561,3,0,14.8375,14.837601779960096,completed,14.898291711928323,60.791711928322556,34.99967956542969
3562,0,0,14.841666666666667,14.842491290997714,completed,14.909830855904147,68.16418923748024,34.8675537109375
3563,1,0,14.845833333333333,14.84736951184459,completed,14.91590561484918,70.07228151584677,34.81452941894531
3564,2,1,14.85,14.85216443403624,dropped_queue_full,,,
3565,3,1,14.854166666666666,14.854196883970872,dropped_queue_full,,,
3566,0,1,14.858333333333333,14.85843971092254,dropped_queue_full,,,
3567,1,1,14.862499999999999,14.862550569931045,dropped_queue_full,,,
3568,2,0,14.866666666666667,14.866821996867657,completed,14.92444853996858,57.78187330191287,34.801822662353516
3569,3,0,14.870833333333334,14.871640998870134,completed,14.934116292977706,63.28295964437203,34.896575927734375
3570,0,0,14.875,14.876608258811757,completed,14.943815115839243,68.81511583924294,35.02431869506836
3571,1,0,14.879166666666666,14.881581899011508,completed,14.950885594822466,71.71892815579994,34.87126541137695
3572,2,1,14.883333333333333,14.886416240828112,dropped_queue_full,,,
3573,3,1,14.8875,14.887541279895231,dropped_queue_full,,,
3574,0,1,14.891666666666666,14.891673997975886,dropped_queue_full,,,
3575,1,1,14.895833333333334,14.89592177583836,dropped_queue_full,,,
3576,2,0,14.9,14.900040553882718,completed,14.9595641780179,59.56417801789904,34.871681213378906
3577,3,0,14.904166666666667,14.904968924820423,completed,14.97231505997479,68.14839330812283,34.90291213989258
3578,0,0,14.908333333333333,14.90982540580444,completed,14.977174220839515,68.84088750618211,34.78995132446289
3579,1,0,14.9125,14.914696656865999,dropped_queue_full,,,
3580,2,1,14.916666666666666,14.916704326868057,dropped_queue_full,,,
3581,3,1,14.920833333333333,14.920978804817423,dropped_queue_full,,,
3582,0,1,14.924999999999999,14.925086012808606,dropped_queue_full,,,
3583,1,1,14.929166666666667,14.929185591870919,completed,14.986033632885665,56.86696621899756,34.91542434692383
3584,2,0,14.933333333333334,14.934108312940225,completed,14.99471954582259,61.38621248925702,34.9615364074707
3585,3,0,14.9375,14.93897520401515,completed,15.005595126887783,68.09512688778341,34.92700958251953
3586,0,0,14.941666666666666,14.943809965858236,completed,15.012048421893269,70.3817552266024,35.07699203491211
3587,1,0,14.945833333333333,14.948681856971234,dropped_queue_full,,,
3588,2,1,14.95,14.950081372866407,dropped_queue_full,,,
3589,3,1,14.954166666666666,14.954186141956598,dropped_queue_full,,,
3590,0,1,14.958333333333334,14.95844151894562,dropped_queue_full,,,
3591,1,1,14.9625,14.962553967954591,completed,15.021158530842513,58.65853084251249,34.92790222167969
3592,2,0,14.966666666666667,14.967453998979181,completed,15.030042622005567,63.37595533890017,34.81087875366211
3593,3,0,14.970833333333333,14.972307259915397,completed,15.039739163825288,68.9058304919552,34.86812973022461
3594,0,0,14.975,14.977168700890616,completed,15.047130399849266,72.13039984926617,34.86742401123047
3595,1,0,14.979166666666666,14.982238861033693,dropped_queue_full,,,
3596,2,1,14.983333333333333,14.98336329893209,dropped_queue_full,,,
3597,3,1,14.987499999999999,14.98762064683251,dropped_queue_full,,,
3598,0,1,14.991666666666667,14.991710495902225,dropped_queue_full,,,
3599,1,1,14.995833333333334,14.99583340389654,completed,15.056151689961553,60.31835662821905,34.87065505981445
3600,2,0,15.0,15.000724504934624,completed,15.068052460905164,68.05246090516448,35.04969787597656
3601,3,0,15.004166666666666,15.00558698689565,completed,15.07371189398691,69.54522732024415,35.13296127319336
3602,0,0,15.008333333333333,15.010444397805259,dropped_queue_full,,,
3603,1,0,15.0125,15.012530996929854,dropped_queue_full,,,
3604,2,1,15.016666666666666,15.016695925034583,dropped_queue_full,,,
3605,3,1,15.020833333333334,15.020988161908463,dropped_queue_full,,,
3606,0,1,15.025,15.025083140935749,completed,15.082449236884713,57.44923688471282,35.18672180175781
3607,1,1,15.029166666666667,15.030035511823371,completed,15.092477395897731,63.3107292310644,35.122432708740234
3608,2,0,15.033333333333333,15.03488935297355,completed,15.102429806021973,69.09647268864028,34.97110366821289
3609,3,0,15.0375,15.039731664815918,completed,15.108735462883487,71.2354628834877,34.954463958740234
3610,0,0,15.041666666666666,15.044570605969056,dropped_queue_full,,,
3611,1,0,15.045833333333333,15.045853962888941,dropped_queue_full,,,
3612,2,1,15.049999999999999,15.050138870021328,dropped_queue_full,,,
3613,3,1,15.054166666666667,15.054235528921708,dropped_queue_full,,,
3614,0,1,15.058333333333334,15.058346887817606,completed,15.117501375032589,59.16804169925527,34.90422439575195
3615,1,1,15.0625,15.063190658809617,completed,15.130728272954002,68.22827295400202,34.83827209472656
3616,2,0,15.066666666666666,15.068045280873775,completed,15.135581683833152,68.91501716648563,34.80303955078125
3617,3,0,15.070833333333333,15.072898091981187,dropped_queue_full,,,
3618,0,0,15.075,15.075145419919863,dropped_queue_full,,,
3619,1,0,15.079166666666666,15.07928453781642,dropped_queue_full,,,
3620,2,1,15.083333333333334,15.08340497687459,dropped_queue_full,,,
3621,3,1,15.0875,15.087557094870135,completed,15.14360809396021,56.108093960210326,34.81926345825195
3622,0,1,15.091666666666667,15.092470845906064,completed,15.15244898502715,60.782318360482535,34.82863998413086
3623,1,1,15.095833333333333,15.097539624897763,completed,15.163905399851501,68.07206651816777,34.7815055847168
3624,2,0,15.1,15.102422675816342,completed,15.169889899902046,69.88989990204608,34.74870300292969
3625,3,0,15.104166666666666,15.107272907858714,dropped_queue_full,,,
3626,0,0,15.108333333333333,15.108407967025414,dropped_queue_full,,,
3627,1,0,15.112499999999999,15.112500564893708,dropped_queue_full,,,
3628,2,1,15.116666666666667,15.116692912997678,dropped_queue_full,,,
3629,3,1,15.120833333333334,15.120978440856561,completed,15.178563572932035,57.73023959870116,34.74147033691406
3630,0,1,15.125,15.125853921985254,completed,15.188359844963998,63.3598449639976,34.685089111328125
3631,1,1,15.129166666666666,15.130721802823246,completed,15.199090537847951,69.92387118128462,34.65244674682617
3632,2,0,15.133333333333333,15.135574443964288,completed,15.204660351853818,71.32701852048484,34.69132614135742
3633,3,0,15.1375,15.140437695896253,dropped_queue_full,,,
3634,0,0,15.141666666666666,15.141720892861485,dropped_queue_full,,,
3635,1,0,15.145833333333334,15.145835430826992,dropped_queue_full,,,
3636,2,1,15.15,15.150079058948904,dropped_queue_full,,,
3637,3,1,15.154166666666667,15.154196777846664,completed,15.213529922999442,59.36325633277484,34.803199768066406
3638,0,1,15.158333333333333,15.159052398987114,completed,15.226378773804754,68.0454404714208,34.81574249267578
3639,1,1,15.1625,15.16389907989651,completed,15.231201635906473,68.70163590647316,34.858848571777344
3640,2,0,15.166666666666666,15.168760861968622,dropped_queue_full,,,
3641,3,0,15.170833333333333,15.170847160974517,dropped_queue_full,,,
3642,0,0,15.174999999999999,15.175077437888831,dropped_queue_full,,,
3643,1,0,15.179166666666667,15.179201756836846,dropped_queue_full,,,
3644,2,1,15.183333333333334,15.183440604945645,completed,15.239831689978018,56.49835664468483,34.902305603027344
3645,3,1,15.1875,15.188354234909639,completed,15.248513171914965,61.013171914964914,34.9716796875
3646,0,1,15.191666666666666,15.193630832014605,completed,15.25976773002185,68.10106335518284,34.9870719909668
3647,1,1,15.195833333333333,15.199082997860387,completed,15.266247264808044,70.41393147471098,34.95926284790039
3648,2,0,15.2,15.20465274201706,dropped_dispatch_late,,,
3649,3,0,15.204166666666666,15.204669511877,dropped_queue_full,,,
3650,0,0,15.208333333333334,15.2084448938258,dropped_queue_full,,,
3651,1,0,15.2125,15.212558422936127,dropped_queue_full,,,
3652,2,1,15.216666666666667,15.216715160990134,completed,15.274767928989604,58.10126232293733,34.86345672607422
3653,3,1,15.220833333333333,15.221559932921082,completed,15.284075886011124,63.24255267779044,34.88911819458008
3654,0,1,15.225,15.226373703917488,completed,15.293804578948766,68.80457894876635,34.816287994384766
3655,1,1,15.229166666666666,15.231195095926523,completed,15.30121632385999,72.04965719332357,34.83033752441406
3656,2,0,15.233333333333333,15.236023108009249,dropped_queue_full,,,
3657,3,0,15.237499999999999,15.237601261818781,dropped_queue_full,,,
3658,0,0,15.241666666666667,15.241713081020862,dropped_queue_full,,,
3659,1,0,15.245833333333334,15.245976887876168,dropped_queue_full,,,
3660,2,1,15.25,15.250075316987932,completed,15.309678909834474,59.678909834474325,34.72127914428711
3661,3,1,15.254166666666666,15.254880788968876,completed,15.322493921034038,68.32725436737164,34.7479362487793
3662,0,1,15.258333333333333,15.259762089932337,completed,15.327346352860332,69.01301952699868,34.76870346069336
3663,1,1,15.2625,15.264657970983535,dropped_queue_full,,,
3664,2,0,15.266666666666666,15.26672920002602,dropped_queue_full,,,
3665,3,0,15.270833333333334,15.2709810170345,dropped_queue_full,,,
3666,0,0,15.275,15.275088095804676,dropped_queue_full,,,
3667,1,0,15.279166666666667,15.279188024811447,completed,15.336190904024988,57.02423735832163,34.803489685058594
3668,2,1,15.283333333333333,15.284067985834554,completed,15.344719777815044,61.38644448171071,34.919647216796875
3669,3,1,15.2875,15.288939357036725,completed,15.355628438992426,68.12843899242615,35.08643341064453
3670,0,1,15.291666666666666,15.29379908903502,completed,15.362242312869057,70.57564620239098,35.111328125
3671,1,1,15.295833333333333,15.298897097818553,dropped_queue_full,,,
3672,2,0,15.299999999999999,15.300091435899958,dropped_queue_full,,,
3673,3,0,15.304166666666667,15.304236243944615,dropped_queue_full,,,
3674,0,0,15.308333333333334,15.30839702184312,dropped_queue_full,,,
3675,1,0,15.3125,15.312503480818123,completed,15.371564988978207,59.06498897820711,35.1767692565918
3676,2,1,15.316666666666666,15.317379222949967,completed,15.384742427850142,68.07576118347569,35.11123275756836
3677,3,1,15.320833333333333,15.322485710959882,completed,15.389609228819609,68.77589548627583,35.14374542236328
3678,0,1,15.325,15.327340862946585,completed,15.397659397916868,72.65939791686904,35.2050895690918
3679,1,1,15.329166666666666,15.332217623945326,dropped_queue_full,,,
3680,2,0,15.333333333333334,15.333342663012445,dropped_queue_full,,,
3681,3,0,15.3375,15.337603479856625,dropped_queue_full,,,
3682,0,0,15.341666666666667,15.341713528847322,dropped_queue_full,,,
3683,1,0,15.345833333333333,15.345833626808599,completed,15.406864855904132,61.03152257079891,35.16649627685547
3684,2,1,15.35,15.350722427945584,completed,15.41840958991088,68.40958991088009,35.15283203125
3685,3,1,15.354166666666666,15.355620558839291,completed,15.424173341831192,70.0066751645263,35.194942474365234
3686,0,1,15.358333333333333,15.360506699886173,dropped_queue_full,,,
3687,1,1,15.362499999999999,15.362566209863871,dropped_queue_full,,,
3688,2,0,15.366666666666667,15.366822986863554,dropped_queue_full,,,
3689,3,0,15.370833333333334,15.37091902596876,dropped_queue_full,,,
3690,0,0,15.375,15.375030534807593,completed,15.433034363901243,58.034363901242614,35.17219161987305
3691,1,0,15.379166666666666,15.379889586009085,completed,15.442497628973797,63.330962307130534,34.92732620239258
3692,2,1,15.383333333333333,15.384735367959365,completed,15.452208170900121,68.87483756678847,34.83964920043945
3693,3,1,15.3875,15.389601259026676,completed,15.459182790946215,71.6827909462161,34.78489685058594
3694,0,1,15.391666666666666,15.394461459945887,dropped_queue_full,,,
3695,1,1,15.395833333333334,15.395902185933664,dropped_queue_full,,,
3696,2,0,15.4,15.400028193835169,dropped_queue_full,,,
3697,3,0,15.404166666666667,15.40428516198881,dropped_queue_full,,,
3698,0,0,15.408333333333333,15.408441729843616,completed,15.467720655957237,59.38732262390367,34.702430725097656
3699,1,0,15.4125,15.4133347410243,completed,15.480610447004437,68.1104470044378,34.80815887451172
3700,2,1,15.416666666666666,15.418402349809185,completed,15.485483838012442,68.81717134577592,34.96691131591797
3701,3,1,15.420833333333333,15.423517048824579,dropped_queue_full,,,
3702,0,1,15.424999999999999,15.425129402894527,dropped_queue_full,,,
3703,1,1,15.429166666666667,15.429238921962678,dropped_queue_full,,,
3704,2,0,15.433333333333334,15.4333561998792,dropped_queue_full,,,
3705,3,0,15.4375,15.43760038795881,completed,15.494446127908304,56.946127908304334,35.19558334350586
3706,0,0,15.441666666666666,15.442491138819605,completed,15.503145160852,61.47849418533369,35.273406982421875
3707,1,0,15.445833333333333,15.447353349998593,completed,15.514134130906314,68.3007975729808,35.19619369506836
3708,2,1,15.45,15.452201111940667,completed,15.520896042929962,70.89604292996299,35.06083297729492
3709,3,1,15.454166666666666,15.45709504187107,dropped_queue_full,,,
3710,0,1,15.458333333333334,15.458378219977021,dropped_queue_full,,,
3711,1,1,15.4625,15.462505348026752,dropped_queue_full,,,
3712,2,0,15.466666666666667,15.466758025810122,dropped_queue_full,,,
3713,3,0,15.470833333333333,15.470871613826603,completed,15.529772243928164,58.93891059483103,35.1448974609375
3714,0,0,15.475,15.47574220597744,completed,15.543108440935612,68.10844093561208,35.05500793457031
3715,1,0,15.479166666666666,15.480603926815093,completed,15.547975441906601,68.80877523993512,35.08892822265625
3716,2,1,15.483333333333333,15.485476407920942,completed,15.555993060814217,72.65972748088423,34.94108963012695
3717,3,1,15.487499999999999,15.490325898863375,dropped_queue_full,,,
3718,0,1,15.491666666666667,15.491763575002551,dropped_queue_full,,,
3719,1,1,15.495833333333334,15.495878373971209,dropped_queue_full,,,
3720,2,0,15.5,15.500137740978971,dropped_queue_full,,,
3721,3,0,15.504166666666666,15.504237019922584,completed,15.564834982855245,60.66831618857904,34.956993103027344
3722,0,0,15.508333333333333,15.50909032090567,completed,15.576431576861069,68.09824352773575,35.0365104675293
3723,1,0,15.5125,15.514127681031823,completed,15.58238471695222,69.88471695222032,34.88585662841797
3724,2,1,15.516666666666666,15.519001321867108,dropped_queue_full,,,
3725,3,1,15.520833333333334,15.520891312975436,dropped_queue_full,,,
3726,0,1,15.525,15.525029412005097,dropped_queue_full,,,
3727,1,1,15.529166666666667,15.529284178977832,dropped_queue_full,,,
3728,2,0,15.533333333333333,15.533394997939467,completed,15.591084850020707,57.75151668737344,34.98982238769531
3729,3,0,15.5375,15.538265958894044,completed,15.60087445192039,63.374451920390484,34.931617736816406
3730,0,0,15.541666666666666,15.543103280942887,completed,15.610580493928865,68.91382726219852,34.87859344482422
3731,1,0,15.545833333333333,15.54796920181252,completed,15.617376875830814,71.54354249748174,34.82406234741211
3732,2,1,15.549999999999999,15.552814072929323,dropped_queue_full,,,
3733,3,1,15.554166666666667,15.554239448858425,dropped_queue_full,,,
3734,0,1,15.558333333333334,15.55834466801025,dropped_queue_full,,,
3735,1,1,15.5625,15.562600084813312,dropped_queue_full,,,
3736,2,0,15.566666666666666,15.566714013926685,completed,15.625927090877667,59.26042421100064,34.631553649902344
3737,3,0,15.570833333333333,15.571592274820432,completed,15.639008169993758,68.17483666042534,34.81987380981445
3738,0,0,15.575,15.576425947016105,completed,15.643898100825027,68.89810082502734,34.822654724121094
3739,1,0,15.579166666666666,15.581253587966785,dropped_queue_full,,,
3740,2,1,15.583333333333334,15.583342186873779,dropped_queue_full,,,
3741,3,1,15.5875,15.587599214864895,dropped_queue_full,,,
3742,0,1,15.591666666666667,15.591722653014585,dropped_queue_full,,,
3743,1,1,15.595833333333333,15.595979120815173,completed,15.652357605984434,56.52427265110127,34.833953857421875
3744,2,0,15.6,15.600866402033716,completed,15.660887399921194,60.887399921194074,34.84025573730469
3745,3,0,15.604166666666666,15.605739163002,completed,15.672351154964417,68.18448829775114,34.77328109741211
3746,0,0,15.608333333333333,15.610575124854222,completed,15.678287236019969,69.95390268663648,34.71171188354492
3747,1,0,15.612499999999999,15.61544824601151,dropped_queue_full,,,
3748,2,1,15.616666666666667,15.616732492810115,dropped_queue_full,,,
3749,3,1,15.620833333333334,15.620862531010062,dropped_queue_full,,,
3750,0,1,15.625,15.625137388939038,dropped_queue_full,,,
3751,1,1,15.629166666666666,15.62923556799069,completed,15.687290295958519,58.12362929185255,34.688350677490234
3752,2,0,15.633333333333333,15.634121238952503,completed,15.696606541983783,63.273208650450385,34.6387825012207
3753,3,0,15.6375,15.639000209979713,completed,15.706379683921114,68.87968392111432,34.65475082397461
3754,0,0,15.641666666666666,15.643892660969868,completed,15.713004947872832,71.3382812061667,34.661312103271484
3755,1,0,15.645833333333334,15.648856870830059,dropped_queue_full,,,
3756,2,1,15.65,15.650146757951006,dropped_queue_full,,,
3757,3,1,15.654166666666667,15.654236426809803,dropped_queue_full,,,
3758,0,1,15.658333333333333,15.658343605929986,dropped_queue_full,,,
3759,1,1,15.6625,15.662601152900606,completed,15.721931508975103,59.43150897510385,34.60377502441406
3760,2,0,15.666666666666666,15.66748087387532,completed,15.730566062033176,63.89939536651035,34.553409576416016
3761,3,0,15.670833333333333,15.672343294834718,completed,15.740555502008647,69.72216867531422,34.606719970703125
3762,0,0,15.674999999999999,15.677191346883774,dropped_queue_full,,,
3763,1,0,15.679166666666667,15.679245315957814,dropped_queue_full,,,
3764,2,1,15.683333333333334,15.683351234998554,dropped_queue_full,,,
3765,3,1,15.6875,15.687612151959911,dropped_queue_full,,,
3766,0,1,15.691666666666666,15.691714360844344,completed,15.747813338879496,56.14667221282943,34.636287689208984
3767,1,1,15.695833333333333,15.69659956288524,completed,15.75683667883277,61.003345499436534,34.6646728515625
3768,2,0,15.7,15.701497492846102,completed,15.768134785816073,68.13478581607413,34.853248596191406
3769,3,0,15.704166666666666,15.70637168502435,completed,15.774134954903275,69.96828823660906,34.85753631591797
3770,0,0,15.708333333333334,15.7112343958579,dropped_queue_full,,,
3771,1,0,15.7125,15.712518992833793,dropped_queue_full,,,
3772,2,1,15.716666666666667,15.716759010916576,dropped_queue_full,,,
3773,3,1,15.720833333333333,15.720838819863275,dropped_queue_full,,,
3774,0,1,15.725,15.725077866809443,completed,15.78283895784989,57.83895784989035,34.82249450683594
3775,1,1,15.729166666666666,15.73055857187137,completed,15.792426901869476,63.26023520280977,34.7589111328125
3776,2,0,15.733333333333333,15.735666260821745,completed,15.802125474903733,68.79214157040003,34.60220718383789
3777,3,0,15.737499999999999,15.740547511959448,completed,15.808885176898912,71.38517689891266,34.682945251464844
3778,0,0,15.741666666666667,15.745410262839869,dropped_queue_full,,,
3779,1,0,15.745833333333334,15.745902137830853,dropped_queue_full,,,
3780,2,1,15.75,15.750027356902137,dropped_queue_full,,,
3781,3,1,15.754166666666666,15.754285563947633,dropped_queue_full,,,
3782,0,1,15.758333333333333,15.758394272997975,completed,15.817563239950687,59.229906617353834,34.714271545410156
3783,1,1,15.7625,15.763245964888483,completed,15.83078389801085,68.28389801085066,34.70662307739258
3784,2,0,15.766666666666666,15.768127806019038,completed,15.835831716889516,69.1650502228498,34.83552169799805
3785,3,0,15.770833333333334,15.773003656882793,dropped_queue_full,,,
3786,0,0,15.775,15.77507772599347,dropped_queue_full,,,
3787,1,0,15.779166666666667,15.779190904926509,dropped_queue_full,,,
3788,2,1,15.783333333333333,15.783445741981268,dropped_queue_full,,,
3789,3,1,15.7875,15.787553740898147,completed,15.843923675827682,56.42367582768237,34.795265197753906
3790,0,1,15.791666666666666,15.79242030181922,completed,15.852608918910846,60.94225224418004,34.81849670410156
3791,1,1,15.795833333333333,15.79726205393672,completed,15.863956844899803,68.1235115664709,34.86195373535156
3792,2,0,15.799999999999999,15.802118364954367,completed,15.87008551391773,70.08551391773032,34.627967834472656
3793,3,0,15.804166666666667,15.80698556592688,dropped_queue_full,,,
3794,0,0,15.808333333333334,15.808399971807376,dropped_queue_full,,,
3795,1,0,15.8125,15.812503780936822,dropped_queue_full,,,
3796,2,1,15.816666666666666,15.81675934791565,dropped_queue_full,,,
3797,3,1,15.820833333333333,15.820989955915138,completed,15.878768597031012,57.93526369767932,34.71859359741211
3798,0,1,15.825,15.82589248684235,completed,15.888217591913417,63.21759191341769,34.65635299682617
3799,1,1,15.829166666666666,15.830777507973835,completed,15.89796267496422,68.79600829755361,34.63836669921875
3800,2,0,15.833333333333334,15.83582460694015,completed,15.904883584938943,71.55025160560946,34.64140701293945
3801,3,0,15.8375,15.840909665916115,dropped_queue_full,,,
3802,0,0,15.841666666666667,15.841718487907201,dropped_queue_full,,,
3803,1,0,15.845833333333333,15.84598916489631,dropped_queue_full,,,
3804,2,1,15.85,15.8500803548377,dropped_queue_full,,,
3805,3,1,15.854166666666666,15.854201772948727,completed,15.9135688978713,59.402231204634504,34.760894775390625
3806,0,1,15.858333333333333,15.859063565032557,completed,15.926692337030545,68.35900369721237,34.7861442565918
3807,1,1,15.862499999999999,15.863950475817546,completed,15.93156546796672,69.06546796672153,34.74736022949219
3808,2,0,15.866666666666667,15.868828397011384,dropped_queue_full,,,
3809,3,0,15.870833333333334,15.870884795906022,dropped_queue_full,,,
3810,0,0,15.875,15.875141742872074,dropped_queue_full,,,
3811,1,0,15.879166666666666,15.879247111966833,dropped_queue_full,,,
3812,2,1,15.883333333333333,15.88334752083756,completed,15.939715105807409,56.38177247407583,34.6835823059082
3813,3,1,15.8875,15.888212251942605,completed,15.948450698982924,60.95069898292493,34.70652770996094
3814,0,1,15.891666666666666,15.893056243890896,completed,15.959752345923334,68.08567925666864,34.6781120300293
3815,1,1,15.895833333333334,15.897956124972552,completed,15.966080141952261,70.2468086189274,34.65292739868164
3816,2,0,15.9,15.902837845962495,dropped_queue_full,,,
3817,3,0,15.904166666666667,15.904238591901958,dropped_queue_full,,,
3818,0,0,15.908333333333333,15.908341920934618,dropped_queue_full,,,
3819,1,0,15.9125,15.91260340786539,dropped_queue_full,,,
3820,2,1,15.916666666666666,15.916714316932485,completed,15.974615477025509,57.948810358842806,34.68268966674805
3821,3,1,15.920833333333333,15.921599898021668,completed,15.984086301876232,63.252968542899524,34.80585479736328
3822,0,1,15.924999999999999,15.926686856895685,completed,15.99378707492724,68.78707492724168,34.846336364746094
3823,1,1,15.929166666666667,15.931558897951618,completed,16.001040532020852,71.87386535418483,34.803680419921875
3824,2,0,15.933333333333334,15.936454148963094,dropped_queue_full,,,
3825,3,0,15.9375,15.9375038088765,dropped_queue_full,,,
3826,0,0,15.941666666666666,15.941761985886842,dropped_queue_full,,,
3827,1,0,15.945833333333333,15.945870084920898,dropped_queue_full,,,
3828,2,1,15.95,15.95004009292461,completed,16.009565545944497,59.5655459444977,34.8111686706543
3829,3,1,15.954166666666666,15.95492008398287,completed,16.022307358914986,68.14069224832053,34.77328109741211
3830,0,1,15.958333333333334,15.959746815962717,completed,16.02754931594245,69.21598260911743,34.68899154663086
3831,1,1,15.9625,15.964625627035275,dropped_queue_full,,,
3832,2,0,15.966666666666667,15.966722095850855,dropped_queue_full,,,
3833,3,0,15.970833333333333,15.970977052813396,dropped_queue_full,,,
3834,0,0,15.975,15.97509573190473,dropped_queue_full,,,
3835,1,0,15.979166666666666,15.979188011027873,completed,16.0357652339153,56.5985672486331,34.68940734863281
3836,2,1,15.983333333333333,15.984078361885622,completed,16.044451266992837,61.117933659504686,34.80729675292969
3837,3,1,15.987499999999999,15.988940333016217,completed,16.056172458920628,68.6724589206289,34.88617706298828
3838,0,1,15.991666666666667,15.993781654862687,completed,16.062008190900087,70.34152423342022,34.982078552246094
3839,1,1,15.995833333333334,15.998676205985248,dropped_queue_full,,,
3840,2,0,16.0,16.000080120982602,dropped_queue_full,,,
3841,3,0,16.004166666666666,16.004184569930658,dropped_queue_full,,,
3842,0,0,16.008333333333333,16.008442617952824,dropped_queue_full,,,
3843,1,0,16.0125,16.01255491701886,completed,16.07082898193039,58.32898193039071,34.996768951416016
3844,2,1,16.016666666666666,16.017441347939894,completed,16.079970290884376,63.30362421770985,34.93791961669922
3845,3,1,16.020833333333332,16.02229960891418,completed,16.089718602830544,68.88526949721197,35.0239372253418
3846,0,1,16.025,16.02754396595992,completed,16.09713480900973,72.13480900973224,35.02511978149414
3847,1,1,16.029166666666665,16.032440496841446,dropped_queue_full,,,
3848,2,0,16.03333333333333,16.033406507922336,dropped_queue_full,,,
3849,3,0,16.0375,16.03751452593133,dropped_queue_full,,,
3850,0,0,16.041666666666668,16.041760253952816,dropped_queue_full,,,
3851,1,0,16.045833333333334,16.04588665184565,completed,16.106155377812684,60.3220444793493,35.08572769165039
3852,2,1,16.05,16.05114723998122,completed,16.1182120279409,68.21202794089842,35.10531234741211
3853,3,1,16.054166666666667,16.05616502999328,completed,16.12351340497844,69.34673831177207,34.9846076965332
3854,0,1,16.058333333333334,16.061038010986522,dropped_queue_full,,,
3855,1,1,16.0625,16.06260060495697,dropped_queue_full,,,
3856,2,0,16.066666666666666,16.066724173957482,dropped_queue_full,,,
3857,3,0,16.070833333333333,16.070991760818288,dropped_queue_full,,,
3858,0,0,16.075,16.07507910998538,completed,16.132195117883384,57.19511788338494,34.89731216430664
3859,1,0,16.079166666666666,16.07996309082955,completed,16.142460654955357,63.293988288691594,34.78156661987305
3860,2,1,16.083333333333332,16.08484797202982,completed,16.152365944813937,69.0326114806048,34.58348846435547
3861,3,1,16.0875,16.08971072291024,completed,16.158371845027432,70.87184502743327,34.81078338623047
3862,0,1,16.091666666666665,16.094571945024654,dropped_queue_full,,,
3863,1,1,16.09583333333333,16.095856511965394,dropped_queue_full,,,
3864,2,0,16.1,16.100152818951756,dropped_queue_full,,,
3865,3,0,16.104166666666668,16.104237757856026,dropped_queue_full,,,
3866,0,0,16.108333333333334,16.108347636880353,completed,16.167043557856232,58.71022452289765,34.81731033325195
3867,1,0,16.1125,16.11321524786763,completed,16.180735140806064,68.2351408060633,34.857662200927734
3868,2,1,16.116666666666667,16.118204657919705,completed,16.18560700188391,68.94033521724197,34.923038482666016
3869,3,1,16.120833333333334,16.123091229004785,dropped_queue_full,,,
3870,0,1,16.125,16.125097368843853,dropped_queue_full,,,
3871,1,1,16.129166666666666,16.12918435782194,dropped_queue_full,,,
3872,2,0,16.133333333333333,16.13344229501672,dropped_queue_full,,,
3873,3,0,16.1375,16.13755462388508,completed,16.193449693964794,55.94969396479499,34.8776969909668
3874,0,0,16.141666666666666,16.14245415502228,completed,16.20199435786344,60.32769119677539,34.770015716552734
3875,1,0,16.145833333333332,16.147322655888274,completed,16.21405692701228,68.22359367894748,34.88684844970703
3876,2,1,16.15,16.15235859598033,completed,16.219541871920228,69.54187192022943,34.805118560791016
3877,3,1,16.154166666666665,16.15723132691346,dropped_queue_full,,,
3878,0,1,16.15833333333333,16.158366475021467,dropped_queue_full,,,
3879,1,1,16.1625,16.162599202943966,dropped_queue_full,,,
3880,2,0,16.166666666666668,16.166714591905475,dropped_queue_full,,,
3881,3,0,16.170833333333334,16.170981989009306,completed,16.228355093859136,57.521760525801824,34.73535919189453
3882,0,0,16.175,16.17586990003474,completed,16.238529541995376,63.52954199537564,34.88297653198242
3883,1,0,16.179166666666667,16.18072879081592,completed,16.248421252937987,69.2545862713203,34.7243537902832
3884,2,1,16.183333333333334,16.18559995200485,completed,16.254614860983565,71.28152765023188,34.75289535522461
3885,3,1,16.1875,16.190446443855762,dropped_queue_full,,,
3886,0,1,16.191666666666666,16.191729770973325,dropped_queue_full,,,
3887,1,1,16.195833333333333,16.19599251798354,dropped_queue_full,,,
3888,2,0,16.2,16.20007915701717,dropped_queue_full,,,
3889,3,0,16.204166666666666,16.204194576013833,completed,16.263294603908435,59.12793724176879,34.87241744995117
3890,0,0,16.208333333333332,16.209053376922384,completed,16.27653210097924,68.1987676459066,34.788448333740234
3891,1,0,16.2125,16.214050486916676,completed,16.281398442806676,68.89844280667745,34.84025573730469
3892,2,1,16.216666666666665,16.219047136837617,dropped_queue_full,,,
3893,3,1,16.22083333333333,16.22097382787615,dropped_queue_full,,,
3894,0,1,16.225,16.22503665694967,dropped_queue_full,,,
3895,1,1,16.229166666666668,16.229281874839216,dropped_queue_full,,,
3896,2,0,16.233333333333334,16.233407273888588,completed,16.289447471965104,56.11413863177006,34.7184944152832
3897,3,0,16.2375,16.238523041829467,completed,16.298158554825932,60.65855482593108,34.697471618652344
3898,0,0,16.241666666666667,16.24355521192774,completed,16.309832867933437,68.16620126677009,34.7740478515625
3899,1,0,16.245833333333334,16.24841483286582,completed,16.31582479784265,69.99146450931804,34.678592681884766
3900,2,1,16.25,16.253350463928655,dropped_queue_full,,,
3901,3,1,16.254166666666666,16.25428821402602,dropped_queue_full,,,
3902,0,1,16.258333333333333,16.258413302944973,dropped_queue_full,,,
3903,1,1,16.2625,16.262508371844888,dropped_queue_full,,,
3904,2,0,16.266666666666666,16.266820458928123,completed,16.32435820181854,57.69153515187497,34.73535919189453
3905,3,0,16.270833333333332,16.271693939808756,completed,16.335349321831018,64.51598849768558,34.90617752075195
3906,0,0,16.275,16.27652679081075,completed,16.34768314799294,72.68314799294018,34.87635040283203
3907,1,0,16.279166666666665,16.281391812954098,completed,16.350748037919402,71.58137125273711,34.80803298950195
3908,2,1,16.28333333333333,16.286259284010157,dropped_queue_full,,,
3909,3,1,16.2875,16.287544891005382,dropped_queue_full,,,
3910,0,1,16.291666666666668,16.291672409977764,dropped_queue_full,,,
3911,1,1,16.295833333333334,16.29591851681471,dropped_queue_full,,,
3912,2,0,16.3,16.30003640591167,completed,16.36425263201818,64.25263201817799,34.78163146972656
3913,3,0,16.304166666666667,16.304967856034636,completed,16.3704826598987,66.31599323203119,34.778079986572266
3914,0,0,16.308333333333334,16.309827557997778,completed,16.376673597842455,68.34026450912134,34.81660842895508
3915,1,0,16.3125,16.314693288877606,dropped_queue_full,,,
3916,2,1,16.316666666666666,16.31676464783959,dropped_queue_full,,,
3917,3,1,16.320833333333333,16.320870506810024,dropped_queue_full,,,
3918,0,1,16.325,16.32515708403662,dropped_queue_full,,,
3919,1,1,16.329166666666666,16.329268562840298,completed,16.38578001689166,56.61335022499259,34.81785583496094
3920,2,0,16.333333333333332,16.335339811863378,completed,16.399082162883133,65.74882954980055,34.79792022705078
3921,3,0,16.3375,16.341473390813917,completed,16.40489791496657,67.39791496656977,34.8831672668457
3922,0,0,16.341666666666665,16.347676018020138,dropped_dispatch_late,,,
3923,1,0,16.34583333333333,16.347695647971705,dropped_queue_full,,,
3924,2,1,16.35,16.35009143385105,dropped_queue_full,,,
3925,3,1,16.354166666666668,16.35425622202456,dropped_queue_full,,,
3926,0,1,16.358333333333334,16.35841172095388,completed,16.41170341684483,53.370083511495636,34.804447174072266
3927,1,1,16.3625,16.36424413183704,completed,16.42254966800101,60.0496680010103,34.822689056396484
3928,2,0,16.366666666666667,16.370473299873993,completed,16.430820914916694,64.15424825002702,34.75686264038086
3929,3,0,16.370833333333334,16.376329571008682,dropped_dispatch_late,,,
3930,0,0,16.375,16.37633900088258,dropped_queue_full,,,
3931,1,0,16.379166666666666,16.37921150191687,dropped_queue_full,,,
3932,2,1,16.383333333333333,16.383377340855077,dropped_queue_full,,,
3933,3,1,16.3875,16.38754733884707,completed,16.44225469091907,54.75469091907215,34.80531311035156
3934,0,1,16.391666666666666,16.393259941833094,completed,16.446723585948348,55.056919281682326,34.90016174316406
3935,1,1,16.395833333333332,16.399074052926153,completed,16.459118681959808,63.285348626475724,34.89932632446289
3936,2,0,16.4,16.404888924909756,dropped_dispatch_late,,,
3937,3,0,16.404166666666665,16.40490708500147,completed,16.46903096185997,64.86429519330628,26.53868865966797
3938,0,0,16.40833333333333,16.410722096916288,dropped_queue_full,,,
3939,1,0,16.4125,16.412511789007112,dropped_queue_full,,,
3940,2,1,16.416666666666668,16.416766495909542,completed,16.475953252986073,59.28658631940564,44.09900665283203
3941,3,1,16.420833333333334,16.422541717998683,dropped_queue_full,,,
3942,0,1,16.425,16.425085183000192,completed,16.48214967083186,57.1496708318584,35.39990234375
3943,1,1,16.429166666666667,16.430812845006585,completed,16.49099480197765,61.82813531098219,35.134559631347656
3944,2,0,16.433333333333334,16.436543807853013,completed,16.501507196808234,68.17386347490029,26.566303253173828
3945,3,0,16.4375,16.442245390964672,dropped_dispatch_late,,,
3946,0,0,16.441666666666666,16.44226388982497,dropped_queue_full,,,
3947,1,0,16.445833333333333,16.445918143959716,dropped_queue_full,,,
3948,2,1,16.45,16.4500280728098,dropped_queue_full,,,
3949,3,1,16.454166666666666,16.454284499865025,completed,16.5085664158687,54.39974920203383,43.839073181152344
3950,0,1,16.458333333333332,16.45911204186268,completed,16.517405248014256,59.07191468092421,35.03583908081055
3951,1,1,16.4625,16.463976532919332,completed,16.53081696294248,68.31696294248246,34.90633773803711
3952,2,0,16.466666666666665,16.469022801844403,dropped_queue_full,,,
3953,3,0,16.47083333333333,16.47091828403063,completed,16.535693123936653,64.8597906033217,26.353471755981445
3954,0,0,16.475,16.475945772835985,dropped_queue_full,,,
3955,1,0,16.479166666666668,16.479282749816775,dropped_queue_full,,,
3956,2,1,16.483333333333334,16.48339309799485,completed,16.543760414002463,60.42708066912894,43.37247848510742
3957,3,1,16.4875,16.488267209846526,dropped_queue_full,,,
3958,0,1,16.491666666666667,16.49175958498381,completed,16.55495745083317,63.290784166504466,34.93756866455078
3959,1,1,16.495833333333334,16.496619605924934,completed,16.56332737696357,67.49404363023714,34.98185729980469
3960,2,0,16.5,16.501500227022916,completed,16.570244857808575,70.24485780857503,26.421695709228516
3961,3,0,16.504166666666666,16.50635298783891,dropped_queue_full,,,
3962,0,0,16.508333333333333,16.50839881785214,dropped_queue_full,,,
3963,1,0,16.5125,16.512503216974437,dropped_queue_full,,,
3964,2,1,16.516666666666666,16.51675947383046,dropped_queue_full,,,
3965,3,1,16.520833333333332,16.520872683031484,completed,16.578926421003416,58.09308767008403,43.68073654174805
3966,0,1,16.525,16.525715013965964,completed,16.588191527873278,63.191527873279085,35.070465087890625
3967,1,1,16.529166666666665,16.530810652999207,completed,16.597871410893276,68.70474422661133,35.110591888427734
3968,2,0,16.53333333333333,16.535684803966433,dropped_queue_full,,,
3969,3,0,16.5375,16.537599354982376,completed,16.605448534945026,67.94853494502462,26.479263305664062
3970,0,0,16.541666666666668,16.542466036975384,dropped_queue_full,,,
3971,1,0,16.545833333333334,16.545984730822966,dropped_queue_full,,,
3972,2,1,16.55,16.55007491982542,completed,16.614293306833133,64.29330683313239,43.86441421508789
3973,3,1,16.554166666666667,16.554952010978013,dropped_queue_full,,,
3974,0,1,16.558333333333334,16.558443425921723,completed,16.62642116495408,68.08783162074761,35.17436981201172
3975,1,1,16.5625,16.563320747809485,completed,16.631540013942868,69.04001394286752,35.094913482666016
3976,2,0,16.566666666666666,16.568168058991432,dropped_queue_full,,,
3977,3,0,16.570833333333333,16.570883171865717,dropped_queue_full,,,
3978,0,0,16.575,16.575040619820356,dropped_queue_full,,,
3979,1,0,16.579166666666666,16.57924679783173,dropped_queue_full,,,
3980,2,1,16.583333333333332,16.583345477003604,completed,16.640874749980867,57.54141664753476,26.400928497314453
3981,3,1,16.5875,16.588186027947813,completed,16.64924382697791,61.74382697791003,43.618751525878906
3982,0,1,16.591666666666665,16.593029730021954,completed,16.65978845092468,68.12178425801463,34.85513687133789
3983,1,1,16.59583333333333,16.59786503086798,completed,16.66656067292206,70.72733958872846,34.86924743652344
3984,2,0,16.6,16.602761331945658,dropped_queue_full,,,
3985,3,0,16.604166666666668,16.604202307993546,dropped_queue_full,,,
3986,0,0,16.608333333333334,16.60844111489132,dropped_queue_full,,,
3987,1,0,16.6125,16.61255318392068,dropped_queue_full,,,
3988,2,1,16.616666666666667,16.616674122866243,completed,16.675567992962897,58.90132629622968,34.537696838378906
3989,3,1,16.620833333333334,16.621567193884403,completed,16.684383883839473,63.55055050613956,34.54547119140625
3990,0,1,16.625,16.626415754901245,completed,16.69408877682872,69.08877682872117,34.70054244995117
3991,1,1,16.629166666666666,16.63153350399807,completed,16.701355983968824,72.18931730215772,34.68435287475586
3992,2,0,16.633333333333333,16.636421805014834,dropped_queue_full,,,
3993,3,0,16.6375,16.637554063927382,dropped_queue_full,,,
3994,0,0,16.641666666666666,16.641674251994118,dropped_queue_full,,,
3995,1,0,16.645833333333332,16.64591867988929,dropped_queue_full,,,
3996,2,1,16.65,16.650039658881724,completed,16.710357293952256,60.35729395225786,34.641151428222656
3997,3,1,16.654166666666665,16.654910479905084,completed,16.72230093390681,68.13426724014349,34.64323043823242
3998,0,1,16.65833333333333,16.659782730974257,completed,16.727778009837493,69.44467650416186,34.59785461425781
3999,1,1,16.6625,16.664656651904806,dropped_queue_full,,,
4000,2,0,16.666666666666668,16.666725190822035,dropped_queue_full,,,
4001,3,0,16.670833333333334,16.670978678856045,dropped_queue_full,,,
4002,0,0,16.675,16.675076827872545,dropped_queue_full,,,
4003,1,0,16.679166666666667,16.67928552487865,completed,16.736156575847417,56.989909180749976,34.626399993896484
4004,2,1,16.683333333333334,16.684375145006925,completed,16.746819288935512,63.485955602178734,34.65078353881836
4005,3,1,16.6875,16.689236955950037,completed,16.756591780809686,69.09178080968559,34.67366409301758
4006,0,1,16.691666666666666,16.694083156995475,completed,16.762288084020838,70.62141735417171,34.781856536865234
4007,1,1,16.695833333333333,16.698999288026243,dropped_queue_full,,,
4008,2,0,16.7,16.700078967027366,dropped_queue_full,,,
4009,3,0,16.704166666666666,16.704187905881554,dropped_queue_full,,,
4010,0,0,16.708333333333332,16.708442362956703,dropped_queue_full,,,
4011,1,0,16.7125,16.712554031983018,completed,16.770990596851334,58.4905968513354,34.6611213684082
4012,2,1,16.716666666666665,16.71744063287042,completed,16.77990034688264,63.23368021597631,34.63209533691406
4013,3,1,16.72083333333333,16.722292933845893,completed,16.789897677022964,69.06434368963232,34.555999755859375
4014,0,1,16.725,16.72714662598446,dropped_queue_full,,,
4015,1,1,16.729166666666668,16.72921741497703,dropped_queue_full,,,
4016,2,0,16.733333333333334,16.733443873003125,dropped_queue_full,,,
4017,3,0,16.7375,16.737557981861755,dropped_queue_full,,,
4018,0,0,16.741666666666667,16.741822508862242,completed,16.796922886976972,55.25622031030508,34.51740646362305
4019,1,0,16.745833333333334,16.74681182880886,completed,16.805608439957723,59.77510662438945,34.47727966308594
4020,2,1,16.75,16.75171206984669,completed,16.818079884862527,68.07988486252725,34.480289459228516
4021,3,1,16.754166666666666,16.756583750946447,completed,16.822897185804322,68.73051913765593,34.460289001464844
4022,0,1,16.758333333333333,16.761469451943412,dropped_queue_full,,,
4023,1,1,16.7625,16.762610860867426,dropped_queue_full,,,
4024,2,0,16.766666666666666,16.76671649888158,dropped_queue_full,,,
4025,3,0,16.770833333333332,16.770982736954466,dropped_queue_full,,,
4026,0,0,16.775,16.77507721586153,completed,16.831558199832216,56.558199832217326,34.49657440185547
4027,1,0,16.779166666666665,16.779893246944994,completed,16.840246042935178,61.079376268512675,34.579681396484375
4028,2,1,16.78333333333333,16.784901006845757,completed,16.851417880970985,68.08454763765326,34.51433563232422
4029,3,1,16.7875,16.789890276966617,completed,16.857604718999937,70.10471899993576,34.58550262451172
4030,0,1,16.791666666666668,16.794690938899294,dropped_queue_full,,,
4031,1,1,16.795833333333334,16.795973215950653,dropped_queue_full,,,
4032,2,0,16.8,16.800080724991858,dropped_queue_full,,,
4033,3,0,16.804166666666667,16.80418730387464,dropped_queue_full,,,
4034,0,0,16.808333333333334,16.80844423081726,completed,16.866293381899595,57.96004856626169,34.59247970581055
4035,1,0,16.8125,16.813248722814023,completed,16.875768336933106,63.268336933106184,34.567935943603516
4036,2,1,16.816666666666666,16.818072855006903,completed,16.885506878839806,68.84021217313929,34.652801513671875
4037,3,1,16.820833333333333,16.8228893969208,completed,16.892539378954098,71.70604562076477,34.71964645385742
4038,0,1,16.825,16.82769754785113,dropped_queue_full,,,
4039,1,1,16.829166666666666,16.829210242955014,dropped_queue_full,,,
4040,2,0,16.833333333333332,16.833445200929418,dropped_queue_full,,,
4041,3,0,16.8375,16.8375529400073,dropped_queue_full,,,
4042,0,0,16.841666666666665,16.841675967909396,completed,16.901243231026456,59.57656435979075,34.82438278198242
4043,1,0,16.84583333333333,16.84654038003646,completed,16.913988063810393,68.15473047706178,34.888511657714844
4044,2,1,16.85,16.851410650881007,completed,16.919030072866008,69.03007286600626,34.89686584472656
4045,3,1,16.854166666666668,16.856306741945446,dropped_queue_full,,,
4046,0,1,16.858333333333334,16.85840357095003,dropped_queue_full,,,
4047,1,1,16.8625,16.862508759833872,dropped_queue_full,,,
4048,2,0,16.866666666666667,16.86677464703098,dropped_queue_full,,,
4049,3,0,16.870833333333334,16.87087448593229,completed,16.927559577859938,56.726244526604575,34.88108825683594
4050,0,0,16.875,16.87576169683598,completed,16.938230000901967,63.23000090196729,34.81590270996094
4051,1,0,16.879166666666666,16.880619957810268,completed,16.947913423879072,68.74675721240564,34.74163055419922
4052,2,1,16.883333333333333,16.885499698808417,completed,16.953765525016934,70.43219168360082,34.68854522705078
4053,3,1,16.8875,16.890568007947877,dropped_queue_full,,,
4054,0,1,16.891666666666666,16.891735946992412,dropped_queue_full,,,
4055,1,1,16.895833333333332,16.89586609485559,dropped_queue_full,,,
4056,2,0,16.9,16.90013987198472,dropped_queue_full,,,
4057,3,0,16.904166666666665,16.90423797094263,completed,16.962293279822916,58.126613156250784,34.64326477050781
4058,0,0,16.90833333333333,16.90912002301775,completed,16.971602235920727,63.268902587395814,34.63071823120117
4059,1,0,16.9125,16.91398158390075,completed,16.981272308854386,68.77230885438479,34.65033721923828
4060,2,1,16.916666666666668,16.918852854985744,dropped_queue_full,,,
4061,3,1,16.920833333333334,16.920918704010546,dropped_queue_full,,,
4062,0,1,16.925,16.925030272919685,dropped_queue_full,,,
4063,1,1,16.929166666666667,16.92923211096786,dropped_queue_full,,,
4064,2,0,16.933333333333334,16.933348529972136,completed,16.98852504696697,55.1917136336364,34.614593505859375
4065,3,0,16.9375,16.938224610872567,completed,16.997183109866455,59.6831098664552,34.69596862792969
4066,0,0,16.941666666666666,16.943074041977525,completed,17.009759133914486,68.09246724781914,34.79609680175781
4067,1,0,16.945833333333333,16.94790714397095,completed,17.014603704912588,68.77037157925514,34.82726287841797
4068,2,1,16.95,16.952784194843844,dropped_queue_full,,,
4069,3,1,16.954166666666666,16.95424639992416,dropped_queue_full,,,
4070,0,1,16.958333333333332,16.958346898900345,dropped_queue_full,,,
4071,1,1,16.9625,16.96261482592672,dropped_queue_full,,,
4072,2,0,16.966666666666665,16.966712435008958,completed,17.02356045600027,56.89378933360345,34.891265869140625
4073,3,0,16.97083333333333,16.971596415853128,completed,17.032294127857313,61.46079452398112,34.93718338012695
4074,0,0,16.975,16.97643365780823,completed,17.043141499860212,68.14149986021079,34.94163131713867
4075,1,0,16.979166666666668,16.981265869922936,completed,17.04960548481904,70.43881815237185,34.888702392578125
4076,2,1,16.983333333333334,16.9861336608883,dropped_queue_full,,,
4077,3,1,16.9875,16.987563906004652,dropped_queue_full,,,
4078,0,1,16.991666666666667,16.991691514849663,dropped_queue_full,,,
4079,1,1,16.995833333333334,16.995916632935405,dropped_queue_full,,,
4080,2,0,17.0,17.00003330083564,completed,17.058614284032956,58.614284032955766,34.78956985473633
4081,3,0,17.004166666666666,17.00491572287865,completed,17.067426575813442,63.25990914677604,34.64259338378906
4082,0,0,17.008333333333333,17.009753654012457,completed,17.077134429011494,68.80109567816106,34.68211364746094
4083,1,0,17.0125,17.01459721592255,completed,17.084517974872142,72.01797487214279,34.71708679199219
4084,2,1,17.016666666666666,17.019454756984487,dropped_queue_full,,,
4085,3,1,17.020833333333332,17.020896281814203,dropped_queue_full,,,
4086,0,1,17.025,17.025149429915473,dropped_queue_full,,,
4087,1,1,17.029166666666665,17.029167769942433,dropped_queue_full,,,
4088,2,0,17.03333333333333,17.03340800688602,completed,17.093516024993733,60.18269166040113,34.80201721191406
4089,3,0,17.0375,17.038297837832943,completed,17.106069668894634,68.56966889463223,34.99507141113281
4090,0,0,17.041666666666668,17.043136339867488,completed,17.110929019981995,69.26235331532737,35.08137512207031
4091,1,0,17.045833333333334,17.048005820950493,dropped_queue_full,,,
4092,2,1,17.05,17.050086829811335,dropped_queue_full,,,
4093,3,1,17.054166666666667,17.054188929032534,dropped_queue_full,,,
4094,0,1,17.058333333333334,17.058443235931918,dropped_queue_full,,,
4095,1,1,17.0625,17.06255355500616,completed,17.11976370192133,57.2637019213289,35.1064338684082
4096,2,0,17.066666666666666,17.067418495891616,completed,17.12870333180763,62.036665140961844,35.075008392333984
4097,3,0,17.070833333333333,17.072294826852158,completed,17.138928779866546,68.09544653321353,35.046112060546875
4098,0,0,17.075,17.0771292289719,completed,17.14616762683727,71.16762683726918,35.01225662231445
4099,1,0,17.079166666666666,17.081975529901683,dropped_queue_full,,,
4100,2,1,17.083333333333332,17.083398815942928,dropped_queue_full,,,
4101,3,1,17.0875,17.08750519482419,dropped_queue_full,,,
4102,0,1,17.091666666666665,17.09175938181579,dropped_queue_full,,,
4103,1,1,17.09583333333333,17.095872330944985,completed,17.154833929846063,59.00059651273182,35.031455993652344
4104,2,0,17.1,17.100971429841593,completed,17.16814061696641,68.14061696641005,35.002113342285156
4105,3,0,17.104166666666668,17.106062068836764,completed,17.17302145785652,68.85479118985316,35.119102478027344
4106,0,0,17.108333333333334,17.110923639964312,completed,17.181353494990617,73.02016165728276,35.09622573852539
4107,1,0,17.1125,17.11577452183701,dropped_queue_full,,,
4108,2,1,17.116666666666667,17.11674222187139,dropped_queue_full,,,
4109,3,1,17.120833333333334,17.120879919966683,dropped_queue_full,,,
4110,0,1,17.125,17.125136977992952,dropped_queue_full,,,
4111,1,1,17.129166666666666,17.129183946875855,completed,17.19003551802598,60.86885135931297,35.05756759643555
4112,2,0,17.133333333333333,17.134040048811585,completed,17.201515002874658,68.18166954132465,35.07939147949219
4113,3,0,17.1375,17.138921089936048,completed,17.207667100941762,70.16710094176304,34.85619354248047
4114,0,0,17.141666666666666,17.143766280962154,dropped_queue_full,,,
4115,1,0,17.145833333333332,17.14584318990819,dropped_queue_full,,,
4116,2,1,17.15,17.15007851785049,dropped_queue_full,,,
4117,3,1,17.154166666666665,17.154187246924266,dropped_queue_full,,,
4118,0,1,17.15833333333333,17.158442714018747,completed,17.216449152911082,58.11581957775047,34.94131088256836
4119,1,1,17.1625,17.163296076003462,completed,17.22572692995891,63.22692995890833,34.92572784423828
4120,2,0,17.166666666666668,17.168133376864716,completed,17.2357326799538,69.0660132871308,34.88438415527344
4121,3,0,17.170833333333334,17.17301314789802,completed,17.242692439816892,71.85910648355787,34.94697570800781
4122,0,0,17.175,17.177862709853798,dropped_queue_full,,,
4123,1,0,17.179166666666667,17.179284524871036,dropped_queue_full,,,
4124,2,1,17.183333333333334,17.18339569400996,dropped_queue_full,,,
4125,3,1,17.1875,17.187505102949217,dropped_queue_full,,,
4126,0,1,17.191666666666666,17.19175737001933,completed,17.25151660083793,59.84993417126461,34.99760055541992
4127,1,1,17.195833333333333,17.196616512024775,completed,17.263900256948546,68.06692361521272,34.996192932128906
4128,2,0,17.2,17.201507712947205,completed,17.269286112859845,69.28611285984587,35.0074577331543
4129,3,0,17.204166666666666,17.206536832032725,dropped_queue_full,,,
4130,0,0,17.208333333333332,17.208444512914866,dropped_queue_full,,,
4131,1,0,17.2125,17.212505992036313,dropped_queue_full,,,
4132,2,1,17.216666666666665,17.21677082986571,dropped_queue_full,,,
4133,3,1,17.22083333333333,17.220873948885128,completed,17.277831037994474,56.997704661142734,34.959712982177734
4134,0,1,17.225,17.22572077997029,completed,17.288240203866735,63.24020386673368,34.89891052246094
4135,1,1,17.229166666666668,17.230594070861116,completed,17.298081025015563,68.91435834889492,34.8172492980957
4136,2,0,17.233333333333334,17.235725559992716,completed,17.304248722968623,70.91538963528876,34.86044692993164
4137,3,0,17.2375,17.240606870967895,dropped_queue_full,,,
4138,0,0,17.241666666666667,17.241730879992247,dropped_queue_full,,,
4139,1,0,17.245833333333334,17.245978796854615,dropped_queue_full,,,
4140,2,1,17.25,17.250076445983723,dropped_queue_full,,,
4141,3,1,17.254166666666666,17.254189454950392,completed,17.312836956931278,58.67029026461168,34.93251037597656
4142,0,1,17.258333333333333,17.259051885921508,completed,17.321585548808798,63.252215475465334,34.95606231689453
4143,1,1,17.2625,17.26389391697012,completed,17.331262402934954,68.76240293495428,35.03126525878906
4144,2,0,17.266666666666666,17.268783798906952,dropped_queue_full,,,
4145,3,0,17.270833333333332,17.27087980695069,dropped_queue_full,,,
4146,0,0,17.275,17.27513727499172,dropped_queue_full,,,
4147,1,0,17.279166666666665,17.279236034024507,dropped_queue_full,,,
4148,2,1,17.28333333333333,17.283348992001265,completed,17.33940067095682,56.06733762348881,35.013343811035156
4149,3,1,17.2875,17.288234673906118,completed,17.347925254842266,60.42525484226502,34.93916702270508
4150,0,1,17.291666666666668,17.293226793874055,completed,17.359865405829623,68.19873916295549,35.03696060180664
4151,1,1,17.295833333333334,17.298074594931677,completed,17.36552376882173,69.69043548839693,35.00022506713867
4152,2,0,17.3,17.30298378597945,dropped_queue_full,,,
4153,3,0,17.304166666666667,17.304244082886726,dropped_queue_full,,,
4154,0,0,17.308333333333334,17.308344611898065,dropped_queue_full,,,
4155,1,0,17.3125,17.31250691995956,dropped_queue_full,,,
4156,2,1,17.316666666666666,17.31669845781289,completed,17.374515018891543,57.84835222487672,34.96323013305664
4157,3,1,17.320833333333333,17.321579918963835,completed,17.384131332859397,63.297999526064075,34.99702453613281
4158,0,1,17.325,17.326423870865256,completed,17.39384030480869,68.84030480869185,35.005760192871094
4159,1,1,17.329166666666666,17.331256032921374,completed,17.400605857837945,71.4391911712795,34.95759963989258
4160,2,0,17.333333333333332,17.33637810102664,dropped_queue_full,,,
4161,3,0,17.3375,17.33750278991647,dropped_queue_full,,,
4162,0,0,17.341666666666665,17.34176038694568,dropped_queue_full,,,
4163,1,0,17.34583333333333,17.34586689597927,dropped_queue_full,,,
4164,2,1,17.35,17.350147602846846,completed,17.40960892685689,59.6089268568889,34.93065643310547
4165,3,1,17.354166666666668,17.355003924807534,completed,17.422691165935248,68.52449926858029,35.09040069580078
4166,0,1,17.358333333333334,17.359859965974465,completed,17.42757174698636,69.23841365302508,35.07004928588867
4167,1,1,17.3625,17.36471118684858,dropped_queue_full,,,
4168,2,0,17.366666666666667,17.366759286960587,dropped_queue_full,,,
4169,3,0,17.370833333333334,17.370894454885274,dropped_queue_full,,,
4170,0,0,17.375,17.375153072876856,dropped_queue_full,,,
4171,1,0,17.379166666666666,17.37923566182144,completed,17.43583825486712,56.67158820045515,35.096031188964844
4172,2,1,17.383333333333333,17.38412354281172,completed,17.444828753825277,61.49542049194423,35.12150573730469
4173,3,1,17.3875,17.388997104018927,completed,17.455711864866316,68.21186486631703,34.94950485229492
4174,0,1,17.391666666666666,17.393834854941815,completed,17.462172160856426,70.50549418976004,34.933406829833984
4175,1,1,17.395833333333332,17.398703856859356,dropped_queue_full,,,
4176,2,0,17.4,17.400148121872917,dropped_queue_full,,,
4177,3,0,17.404166666666665,17.404237560927868,dropped_queue_full,,,
4178,0,0,17.40833333333333,17.408345009898767,dropped_queue_full,,,
4179,1,0,17.4125,17.412600316805765,completed,17.470878842985258,58.378842985256085,34.9403190612793
4180,2,1,17.416666666666668,17.417658756952733,completed,17.480015141889453,63.34847522278508,34.84716796875
4181,3,1,17.420833333333334,17.422536817844957,completed,17.489778563845903,68.9452305125684,34.84307098388672
4182,0,1,17.425,17.42756604682654,completed,17.497199469944462,72.19946994446147,34.842689514160156
4183,1,1,17.429166666666667,17.432409698842093,dropped_queue_full,,,
4184,2,0,17.433333333333334,17.433448657859117,dropped_queue_full,,,
4185,3,0,17.4375,17.437555636977777,dropped_queue_full,,,
4186,0,0,17.441666666666666,17.44181950483471,dropped_queue_full,,,
4187,1,0,17.445833333333333,17.445919203804806,completed,17.505880162818357,60.04682948502449,34.80099105834961
4188,2,1,17.45,17.45082392380573,completed,17.518162679858506,68.16267985850644,34.817535400390625
4189,3,1,17.454166666666666,17.455704094842076,completed,17.523388686822727,69.2220201560616,34.8408317565918
4190,0,1,17.458333333333332,17.460566957015544,dropped_queue_full,,,
4191,1,1,17.4625,17.462654856033623,dropped_queue_full,,,
4192,2,0,17.466666666666665,17.46675997483544,dropped_queue_full,,,
4193,3,0,17.47083333333333,17.470871502999216,dropped_queue_full,,,
4194,0,0,17.475,17.475136000895873,completed,17.532241457840428,57.241457840426335,34.9015998840332
4195,1,0,17.479166666666668,17.480007571866736,completed,17.542458965908736,63.29229924206814,34.87673568725586
4196,2,1,17.483333333333334,17.484886762918904,completed,17.552193988813087,68.86065547975306,34.914241790771484
4197,3,1,17.4875,17.48977033398114,completed,17.558527044951916,71.02704495191503,34.892608642578125
4198,0,1,17.491666666666667,17.494635624811053,dropped_queue_full,,,
4199,1,1,17.495833333333334,17.495921212015674,dropped_queue_full,,,
4200,2,0,17.5,17.500028720824048,dropped_queue_full,,,
4201,3,0,17.504166666666666,17.504281658912078,dropped_queue_full,,,
4202,0,0,17.508333333333333,17.508394886972383,completed,17.56720056780614,58.86723447280673,34.868896484375
4203,1,0,17.5125,17.513267618836835,completed,17.57584245200269,63.34245200268995,34.88441467285156
4204,2,1,17.516666666666666,17.518155299825594,completed,17.5856228438206,68.95617715393598,34.88982391357422
4205,3,1,17.520833333333332,17.52321233903058,dropped_queue_full,,,
4206,0,1,17.525,17.525137839838862,dropped_queue_full,,,
4207,1,1,17.529166666666665,17.529235028894618,dropped_queue_full,,,
4208,2,0,17.53333333333333,17.53344294684939,dropped_queue_full,,,
4209,3,0,17.5375,17.53755272482522,completed,17.593517404980958,56.01740498095609,34.85059356689453
4210,0,0,17.541666666666668,17.542452225927263,completed,17.60219416790642,60.52750123975059,34.900001525878906
4211,1,0,17.545833333333334,17.547338397009298,completed,17.613954260013998,68.12092668066327,34.88889694213867
4212,2,1,17.55,17.552186568966135,completed,17.61992729990743,69.9272999074303,34.82841491699219
4213,3,1,17.554166666666667,17.557063109939918,dropped_queue_full,,,
4214,0,1,17.558333333333334,17.558347846847028,dropped_queue_full,,,
4215,1,1,17.5625,17.562598733929917,dropped_queue_full,,,
4216,2,0,17.566666666666666,17.56671389285475,dropped_queue_full,,,
4217,3,0,17.570833333333333,17.570979740004987,completed,17.628392224898562,57.558891565228976,34.842529296875
4218,0,0,17.575,17.575835902011022,completed,17.63774921093136,62.74921093136143,34.900062561035156
4219,1,0,17.579166666666666,17.580705052940175,completed,17.645946378819644,66.77971215297873,34.92448043823242
4220,2,1,17.583333333333332,17.585615603951737,completed,17.654916879022494,71.58354568916181,34.88185501098633
4221,3,1,17.5875,17.59051180491224,dropped_queue_full,,,
4222,0,1,17.591666666666665,17.591763661941513,dropped_queue_full,,,
4223,1,1,17.59583333333333,17.59586823103018,dropped_queue_full,,,
4224,2,0,17.6,17.60014663799666,dropped_queue_full,,,
4225,3,0,17.604166666666668,17.604236906860024,completed,17.663448764011264,59.282097344595996,34.860416412353516
4226,0,0,17.608333333333334,17.609101088019088,completed,17.674778659828007,66.44532649467294,34.866878509521484
4227,1,0,17.6125,17.613947849953547,completed,17.68093120888807,68.43120888806808,34.8394889831543
4228,2,1,17.616666666666667,17.618820600910112,dropped_queue_full,,,
4229,3,1,17.620833333333334,17.620888059958816,dropped_queue_full,,,
4230,0,1,17.625,17.62508951802738,dropped_queue_full,,,
4231,1,1,17.629166666666666,17.62917976686731,dropped_queue_full,,,
4232,2,0,17.633333333333333,17.633383214939386,completed,17.689916427945718,56.58309461238531,34.84028625488281
4233,3,0,17.6375,17.637744650943205,completed,17.699749779887497,62.249779887498136,34.787841796875
4234,0,0,17.641666666666666,17.641771310940385,completed,17.7097749998793,68.10833321263488,34.70912170410156
4235,1,0,17.645833333333332,17.645942228846252,completed,17.715660930844024,69.82759751069167,34.626625061035156
4236,2,1,17.65,17.650159096810967,dropped_queue_full,,,
4237,3,1,17.654166666666665,17.65416668681428,dropped_queue_full,,,
4238,0,1,17.65833333333333,17.658376894891262,dropped_queue_full,,,
4239,1,1,17.6625,17.662536032963544,dropped_queue_full,,,
4240,2,0,17.666666666666668,17.666749601019546,completed,17.724669149843976,58.00248317730805,34.590431213378906
4241,3,0,17.670833333333334,17.670983928022906,completed,17.734195244964212,63.3619116308779,34.59056091308594
4242,0,0,17.675,17.675101086962968,completed,17.74498921702616,69.98921702615846,34.6569938659668
4243,1,0,17.679166666666667,17.67920486582443,dropped_queue_full,,,
4244,2,1,17.683333333333334,17.68343949294649,dropped_queue_full,,,
4245,3,1,17.6875,17.687597621930763,dropped_queue_full,,,
4246,0,1,17.691666666666666,17.691757109947503,dropped_queue_full,,,
4247,1,1,17.695833333333333,17.695909858914092,completed,17.75045072194189,54.61738860855547,34.655296325683594
4248,2,0,17.7,17.7000700768549,completed,17.75945122190751,59.451221907512064,34.678558349609375
4249,3,0,17.704166666666666,17.704901397926733,completed,17.77236584201455,68.19917534788544,34.661502838134766
4250,0,0,17.708333333333332,17.709769509965554,completed,17.777191343950108,68.85801061677554,34.68412780761719
4251,1,0,17.7125,17.71468800981529,dropped_queue_full,,,
4252,2,1,17.716666666666665,17.71676142886281,dropped_queue_full,,,
4253,3,1,17.72083333333333,17.72087337798439,dropped_queue_full,,,
4254,0,1,17.725,17.72515020496212,dropped_queue_full,,,
4255,1,1,17.729166666666668,17.72923417389393,completed,17.78535221191123,56.18554524456343,34.664222717285156
4256,2,0,17.733333333333334,17.734187244903296,completed,17.79419426387176,60.860930538424896,34.59027099609375
4257,3,0,17.7375,17.739945866866037,completed,17.805709367850795,68.20936785079468,34.613887786865234
4258,0,0,17.741666666666667,17.744983966927975,completed,17.81150783994235,69.84117327568384,34.65660858154297
4259,1,0,17.745833333333334,17.74982550786808,dropped_queue_full,,,
4260,2,1,17.75,17.75015664496459,dropped_queue_full,,,
4261,3,1,17.754166666666666,17.754232743987814,dropped_queue_full,,,
4262,0,1,17.758333333333333,17.75834635295905,dropped_queue_full,,,
4263,1,1,17.7625,17.76260263985023,completed,17.82003624481149,57.53624481149089,34.65964889526367
4264,2,0,17.766666666666666,17.76749817095697,completed,17.829946015030146,63.279348363479926,34.65055847167969
4265,3,0,17.770833333333332,17.772357791895047,completed,17.839870946016163,69.03761268283048,34.569183349609375
4266,0,0,17.775,17.77718593389727,completed,17.84603929403238,71.0392940323814,34.503360748291016
4267,1,0,17.779166666666665,17.782029876019806,dropped_queue_full,,,
4268,2,1,17.78333333333333,17.783441100968048,dropped_queue_full,,,
4269,3,1,17.7875,17.787554299924523,dropped_queue_full,,,
4270,0,1,17.791666666666668,17.791822186904028,dropped_queue_full,,,
4271,1,1,17.795833333333334,17.79591642599553,completed,17.85476853698492,58.93520365158622,34.591552734375
4272,2,0,17.8,17.80082803685218,completed,17.868113722885028,68.11372288502682,34.6300163269043
4273,3,0,17.804166666666667,17.80570127791725,completed,17.872967833885923,68.80116721925589,34.69145584106445
4274,0,0,17.808333333333334,17.81053721997887,dropped_queue_full,,,
4275,1,0,17.8125,17.812602238962427,dropped_queue_full,,,
4276,2,1,17.816666666666666,17.81671263789758,dropped_queue_full,,,
4277,3,1,17.820833333333333,17.82083630701527,dropped_queue_full,,,
4278,0,1,17.825,17.82507670391351,completed,17.880993923870847,55.99392387084734,34.78633499145508
4279,1,1,17.829166666666666,17.829938914859667,completed,17.88968040701002,60.513740343353106,34.76009750366211
4280,2,0,17.833333333333332,17.83477505692281,completed,17.90150615782477,68.17282449143747,34.65020751953125
4281,3,0,17.8375,17.839862955966964,completed,17.907161751994863,69.66175199486457,34.7026252746582
4282,0,0,17.841666666666665,17.844904894940555,dropped_queue_full,,,
4283,1,0,17.84583333333333,17.845872975885868,dropped_queue_full,,,
4284,2,1,17.85,17.850028263870627,dropped_queue_full,,,
4285,3,1,17.854166666666668,17.854281721869484,dropped_queue_full,,,
4286,0,1,17.858333333333334,17.85839741001837,completed,17.91584906494245,57.51573160911505,34.72633743286133
4287,1,1,17.8625,17.863250471884385,completed,17.92574242502451,63.24242502450872,34.674591064453125
4288,2,0,17.866666666666667,17.868106642970815,completed,17.935441207839176,68.77454117250892,34.703102111816406
4289,3,0,17.870833333333334,17.87295995396562,completed,17.94193348288536,71.10014955202715,34.65465545654297
4290,0,0,17.875,17.87783231586218,dropped_queue_full,,,
4291,1,0,17.879166666666666,17.87924185092561,dropped_queue_full,,,
4292,2,1,17.883333333333333,17.88335263985209,dropped_queue_full,,,
4293,3,1,17.8875,17.887602878035977,dropped_queue_full,,,
4294,0,1,17.891666666666666,17.891715385951102,completed,17.950787424808368,59.12075814170237,34.71900939941406
4295,1,1,17.895833333333332,17.89658843795769,completed,17.96403329190798,68.19995857464889,34.7388801574707
4296,2,0,17.9,17.901498617837206,completed,17.96885282290168,68.85282290168249,34.7022705078125
4297,3,0,17.904166666666665,17.906349750002846,dropped_queue_full,,,
4298,0,0,17.90833333333333,17.908397828927264,dropped_queue_full,,,
4299,1,0,17.9125,17.912507207831368,dropped_queue_full,,,
4300,2,1,17.916666666666668,17.916759295854717,dropped_queue_full,,,
4301,3,1,17.920833333333334,17.92087155394256,completed,17.976718924939632,55.885591606298135,34.64681625366211
4302,0,1,17.925,17.925736255012453,completed,17.985561595996842,60.56159599684108,34.63212966918945
4303,1,1,17.929166666666667,17.93060479685664,completed,17.997324287891388,68.1576212247208,34.57881546020508
4304,2,0,17.933333333333334,17.935434297891334,completed,18.003042720956728,69.70938762339429,34.615455627441406
4305,3,0,17.9375,17.940475028008223,dropped_queue_full,,,
4306,0,0,17.941666666666666,17.941764435032383,dropped_queue_full,,,
4307,1,0,17.945833333333333,17.9458715938963,dropped_queue_full,,,
4308,2,1,17.95,17.950140380999073,dropped_queue_full,,,
4309,3,1,17.954166666666666,17.95423777983524,completed,18.01156621496193,57.39954829526539,34.698753356933594
4310,0,1,17.958333333333332,17.959221959812567,completed,18.02164909383282,63.315760499488505,34.72118377685547
4311,1,1,17.9625,17.964026991976425,completed,18.031400076812133,68.90007681213461,34.73712158203125
4312,2,0,17.966666666666665,17.968845673836768,completed,18.037932480918244,71.26581425157852,34.65702438354492
4313,3,0,17.97083333333333,17.973720795009285,dropped_queue_full,,,
4314,0,0,17.975,17.975005412008613,dropped_queue_full,,,
4315,1,0,17.979166666666668,17.979237298946828,dropped_queue_full,,,
4316,2,1,17.983333333333334,17.983343997970223,dropped_queue_full,,,
4317,3,1,17.9875,17.98760004597716,completed,18.04645134601742,58.95134601741958,34.61782455444336
4318,0,1,17.991666666666667,17.99245905689895,completed,18.05999380000867,68.32713334200236,34.843936920166016
4319,1,1,17.995833333333334,17.99731773789972,completed,18.065072158817202,69.23882548386828,34.980350494384766
4320,2,0,18.0,18.002231048885733,dropped_queue_full,,,
4321,3,0,18.004166666666666,18.004284147871658,dropped_queue_full,,,
4322,0,0,18.008333333333333,18.008393436903134,dropped_queue_full,,,
4323,1,0,18.0125,18.012523385928944,dropped_queue_full,,,
4324,2,1,18.016666666666666,18.01676134299487,completed,18.073104868875816,56.438202209150745,35.05699157714844
4325,3,1,18.020833333333332,18.021643563872203,completed,18.08151611383073,60.68278049739817,35.00998306274414
4326,0,1,18.025,18.02655192487873,completed,18.093126368010417,68.12636801041805,35.00294494628906
4327,1,1,18.029166666666665,18.031393626937643,completed,18.09908607788384,69.9194112171746,34.89888000488281
4328,2,0,18.03333333333333,18.036240367917344,dropped_queue_full,,,
4329,3,0,18.0375,18.037605304969475,dropped_queue_full,,,
4330,0,0,18.041666666666668,18.041733962949365,dropped_queue_full,,,
4331,1,0,18.045833333333334,18.045979080954567,dropped_queue_full,,,
4332,2,1,18.05,18.05008293990977,completed,18.108085637912154,58.08563791215349,34.878623962402344
4333,3,1,18.054166666666667,18.055128308944404,completed,18.117383145028725,63.216478362058126,34.932064056396484
4334,0,1,18.058333333333334,18.059988139895722,completed,18.12723326589912,68.89993256578819,34.854366302490234
4335,1,1,18.0625,18.06506558903493,completed,18.134048898005858,71.54889800585806,34.85145568847656
4336,2,0,18.066666666666666,18.069931380916387,dropped_queue_full,,,
4337,3,0,18.070833333333333,18.07089847093448,dropped_queue_full,,,
4338,0,0,18.075,18.075011159991845,dropped_queue_full,,,
4339,1,0,18.079166666666666,18.0792834169697,dropped_queue_full,,,
4340,2,1,18.083333333333332,18.083396015921608,completed,18.143151726806536,59.81839347320417,34.874271392822266
4341,3,1,18.0875,18.088271316839382,completed,18.155697790905833,68.19779090583467,34.91865539550781
4342,0,1,18.091666666666665,18.09312082780525,completed,18.16053004283458,68.86337616791494,34.93900680541992
4343,1,1,18.09583333333333,18.09799245884642,dropped_queue_full,,,
4344,2,0,18.1,18.100047179032117,dropped_queue_full,,,
4345,3,0,18.104166666666668,18.104282755870372,dropped_queue_full,,,
4346,0,0,18.108333333333334,18.108406374929473,dropped_queue_full,,,
4347,1,0,18.1125,18.11250602384098,completed,18.169191205874085,56.691205874084716,34.89980697631836
4348,2,1,18.116666666666667,18.117375284899026,completed,18.17808250687085,61.41584020418378,34.839969635009766
4349,3,1,18.120833333333334,18.122360914945602,completed,18.18890697788447,68.07364455113785,34.78278350830078
4350,0,1,18.125,18.127227825811133,completed,18.195344443898648,70.34444389864802,34.802528381347656
4351,1,1,18.129166666666666,18.13211300689727,dropped_queue_full,,,
4352,2,0,18.133333333333333,18.133405094966292,dropped_queue_full,,,
4353,3,0,18.1375,18.137589532881975,dropped_queue_full,,,
4354,0,0,18.141666666666666,18.14171010092832,dropped_queue_full,,,
4355,1,0,18.145833333333332,18.145980608882383,completed,18.204207854811102,58.37452147777,34.91980743408203
4356,2,1,18.15,18.150857029948384,completed,18.21343971299939,63.43971299939,34.958656311035156
4357,3,1,18.154166666666665,18.155689850915223,completed,18.223320992896333,69.15432622966833,34.97792053222656
4358,0,1,18.15833333333333,18.16052439296618,completed,18.230523720849305,72.19038751597395,35.01683044433594
4359,1,1,18.1625,18.16554899280891,dropped_queue_full,,,
4360,2,0,18.166666666666668,18.16667461092584,dropped_queue_full,,,
4361,3,0,18.170833333333334,18.170979307964444,dropped_queue_full,,,
4362,0,0,18.175,18.17507776687853,dropped_queue_full,,,
4363,1,0,18.179166666666667,18.179197335848585,completed,18.239293082850054,60.126416183386766,34.94047927856445
4364,2,1,18.183333333333334,18.1840411669109,completed,18.251423441804945,68.0901084716119,34.9189453125
4365,3,1,18.1875,18.18889917898923,completed,18.256874296814203,69.37429681420326,34.911041259765625
4366,0,1,18.191666666666666,18.193739029811695,dropped_queue_full,,,
4367,1,1,18.195833333333333,18.195984697900712,dropped_queue_full,,,
4368,2,0,18.2,18.200077026849613,dropped_queue_full,,,
4369,3,0,18.204166666666666,18.204199814936146,dropped_queue_full,,,
4370,0,0,18.208333333333332,18.20844034291804,completed,18.265560609987006,57.22727665367344,34.8842887878418
4371,1,0,18.2125,18.21343087288551,completed,18.27607440482825,63.57440482825183,34.92902374267578
4372,2,1,18.216666666666665,18.218339912826195,completed,18.285782967926934,69.11630126026935,34.940608978271484
4373,3,1,18.22083333333333,18.223312923917547,completed,18.291930255945772,71.0969226124405,35.02320098876953
4374,0,1,18.225,18.22815018496476,dropped_queue_full,,,
4375,1,1,18.229166666666668,18.229245014023036,dropped_queue_full,,,
4376,2,0,18.233333333333334,18.233344482956454,dropped_queue_full,,,
4377,3,0,18.2375,18.23753680102527,dropped_queue_full,,,
4378,0,0,18.241666666666667,18.24167663999833,completed,18.30077106691897,59.104400252302014,34.97206497192383
4379,1,0,18.245833333333334,18.24655612092465,completed,18.313970914809033,68.1375814756997,34.9749755859375
4380,2,1,18.25,18.251416171900928,completed,18.31893923599273,68.93923599272966,34.901790618896484
4381,3,1,18.254166666666666,18.25637159193866,dropped_queue_full,,,
4382,0,1,18.258333333333333,18.258443461963907,dropped_queue_full,,,
4383,1,1,18.2625,18.262558049988,dropped_queue_full,,,
4384,2,0,18.266666666666666,18.266676508821547,dropped_queue_full,,,
4385,3,0,18.270833333333332,18.270983405876905,completed,18.326994984876364,56.16165154303232,34.79830551147461
4386,0,0,18.275,18.27606799500063,completed,18.335672307992354,60.67230799235546,34.856353759765625
4387,1,0,18.279166666666665,18.28092850581743,completed,18.34734955080785,68.18288414118356,34.80953598022461
4388,2,1,18.28333333333333,18.285775617929175,completed,18.353287420934066,69.95408760073474,34.81139373779297
4389,3,1,18.2875,18.290640998864546,dropped_queue_full,,,
4390,0,1,18.291666666666668,18.29176219785586,dropped_queue_full,,,
4391,1,1,18.295833333333334,18.295871646841988,dropped_queue_full,,,
4392,2,0,18.3,18.30013814382255,dropped_queue_full,,,
4393,3,0,18.304166666666667,18.304236982949078,completed,18.3618269758299,57.66030916323217,34.790592193603516
4394,0,0,18.308333333333334,18.309101713821292,completed,18.371601977851242,63.26864451790826,34.80652618408203
4395,1,0,18.3125,18.31396417482756,completed,18.381529598031193,69.02959803119302,34.80473709106445
4396,2,1,18.316666666666666,18.318931955844164,completed,18.388341049896553,71.67438322988673,34.854591369628906
4397,3,1,18.320833333333333,18.32381692691706,dropped_queue_full,,,
4398,0,1,18.325,18.325082423863932,dropped_queue_full,,,
4399,1,1,18.329166666666666,18.329185653012246,dropped_queue_full,,,
4400,2,0,18.333333333333332,18.333440919872373,dropped_queue_full,,,
4401,3,0,18.3375,18.337602657964453,completed,18.39688423392363,59.38423392363035,34.8070068359375
4402,0,0,18.341666666666665,18.342479079961777,completed,18.409916183911264,68.24951724459893,34.78112030029297
4403,1,0,18.34583333333333,18.347343161003664,completed,18.414785675005987,68.95234167265585,34.83657455444336
4404,2,1,18.35,18.352201151894405,dropped_queue_full,,,
4405,3,1,18.354166666666668,18.354244321817532,dropped_queue_full,,,
4406,0,1,18.358333333333334,18.35834689089097,dropped_queue_full,,,
4407,1,1,18.3625,18.36260108789429,dropped_queue_full,,,
4408,2,0,18.366666666666667,18.366712516872212,completed,18.423242159886286,56.57549321961852,34.771583557128906
4409,3,0,18.370833333333334,18.37159641785547,completed,18.431769414804876,60.93608147154228,34.85004806518555
4410,0,0,18.375,18.37663658685051,completed,18.443419768009335,68.4197680093348,34.850624084472656
4411,1,0,18.379166666666666,18.381523167947307,completed,18.449450518004596,70.2838513379298,34.9697265625
4412,2,1,18.383333333333333,18.386570687871426,dropped_queue_full,,,
4413,3,1,18.3875,18.38753840792924,dropped_queue_full,,,
4414,0,1,18.391666666666666,18.3918194049038,dropped_queue_full,,,
4415,1,1,18.395833333333332,18.395921263843775,dropped_queue_full,,,
4416,2,0,18.4,18.400024282978848,completed,18.458289759000763,58.28975900076472,34.90361785888672
4417,3,0,18.404166666666665,18.404912913916633,completed,18.467542255995795,63.37558932913012,35.04569625854492
4418,0,0,18.40833333333333,18.40991064393893,completed,18.477461657021195,69.12832368786326,35.04646301269531
4419,1,0,18.4125,18.41477916482836,completed,18.484608975006267,72.10897500626601,35.009952545166016
4420,2,1,18.416666666666668,18.419729004846886,dropped_queue_full,,,
4421,3,1,18.420833333333334,18.42085220385343,dropped_queue_full,,,
4422,0,1,18.425,18.425154041033238,dropped_queue_full,,,
4423,1,1,18.429166666666667,18.429235299816355,dropped_queue_full,,,
4424,2,0,18.433333333333334,18.433359138900414,completed,18.4934014568571,60.06812352376656,34.90678405761719
4425,3,0,18.4375,18.438309688819572,completed,18.50575066381134,68.25066381134093,34.971134185791016
4426,0,0,18.441666666666666,18.443414107896388,completed,18.510698343859985,69.03167719331904,34.84796905517578
4427,1,0,18.445833333333333,18.44836434791796,dropped_queue_full,,,
4428,2,1,18.45,18.450089341029525,dropped_queue_full,,,
4429,3,1,18.454166666666666,18.45418834988959,dropped_queue_full,,,
4430,0,1,18.458333333333332,18.45845261681825,dropped_queue_full,,,
4431,1,1,18.4625,18.462554515805095,completed,18.519728572806343,57.22857280634486,34.98441696166992
4432,2,0,18.466666666666665,18.46753450599499,completed,18.53008982981555,63.42316314888663,34.98361587524414
4433,3,0,18.47083333333333,18.472503456985578,completed,18.54006259981543,69.22926648209682,34.72041702270508
4434,0,0,18.475,18.47745611681603,completed,18.545646504033357,70.64650403335548,34.78169631958008
4435,1,0,18.479166666666668,18.48240937688388,dropped_queue_full,,,
4436,2,1,18.483333333333334,18.483348998008296,dropped_queue_full,,,
4437,3,1,18.4875,18.48760458501056,dropped_queue_full,,,
4438,0,1,18.491666666666667,18.491671124938875,dropped_queue_full,,,
4439,1,1,18.495833333333334,18.495925761992112,completed,18.554673452861607,58.840119528273505,34.819679260253906
4440,2,0,18.5,18.500841352855787,completed,18.568324606865644,68.32460686564445,34.890625
4441,3,0,18.504166666666666,18.505740973865613,completed,18.57319412799552,69.0274613288544,35.12160110473633
4442,0,0,18.508333333333333,18.510686873923987,dropped_queue_full,,,
4443,1,0,18.5125,18.512605314841494,dropped_queue_full,,,
4444,2,1,18.516666666666666,18.51672593387775,dropped_queue_full,,,
4445,3,1,18.520833333333332,18.520847182022408,dropped_queue_full,,,
4446,0,1,18.525,18.5250801499933,completed,18.580881090834737,55.881090834738245,35.05916976928711
4447,1,1,18.529166666666665,18.530082850018516,completed,18.589878639904782,60.71197323811717,35.0399055480957
4448,2,0,18.53333333333333,18.535068640019745,completed,18.60180562082678,68.47228749344936,34.99660873413086
4449,3,0,18.5375,18.540054879849777,completed,18.607178716920316,69.6787169203148,34.80739212036133
4450,0,0,18.541666666666668,18.545307256979868,dropped_queue_full,,,
4451,1,0,18.545833333333334,18.545971379848197,dropped_queue_full,,,
4452,2,1,18.55,18.550076928921044,dropped_queue_full,,,
4453,3,1,18.554166666666667,18.55418481794186,dropped_queue_full,,,
4454,0,1,18.558333333333334,18.558444544905797,completed,18.615877609932795,57.5442765994616,34.89619064331055
4455,1,1,18.5625,18.563310036901385,completed,18.625811869977042,63.31186997704208,34.891456604003906
4456,2,0,18.566666666666666,18.568317266879603,completed,18.63554224302061,68.87557635394259,34.94441604614258
4457,3,0,18.570833333333333,18.573186008026823,completed,18.64225380588323,71.42047254989592,34.95475387573242
4458,0,0,18.575,18.578195137903094,dropped_queue_full,,,
4459,1,0,18.579166666666666,18.579284746898338,dropped_queue_full,,,
4460,2,1,18.583333333333332,18.58339702594094,dropped_queue_full,,,
4461,3,1,18.5875,18.587518243817613,dropped_queue_full,,,
4462,0,1,18.591666666666665,18.59175731195137,completed,18.651084427023306,59.41776035664148,35.016544342041016
4463,1,1,18.59583333333333,18.59665810293518,completed,18.664433732861653,68.60039952832153,34.98380661010742
4464,2,0,18.6,18.601798380957916,completed,18.66933297389187,69.33297389186777,34.925376892089844
4465,3,0,18.604166666666668,18.606681811856106,dropped_queue_full,,,
4466,0,0,18.608333333333334,18.608441723976284,dropped_queue_full,,,
4467,1,0,18.6125,18.61255437298678,dropped_queue_full,,,
4468,2,1,18.616666666666667,18.616676011821255,dropped_queue_full,,,
4469,3,1,18.620833333333334,18.620920578949153,completed,18.6773554738611,56.52214052776472,34.93376159667969
4470,0,1,18.625,18.625805360032246,completed,18.686196004971862,61.19600497186184,34.95382308959961
4471,1,1,18.629166666666666,18.630671432008967,completed,18.697317983955145,68.15131728847845,34.8974723815918
4472,2,0,18.633333333333333,18.635535162873566,completed,18.703835919033736,70.50258570040313,34.936798095703125
4473,3,0,18.6375,18.640419833827764,dropped_queue_full,,,
4474,0,0,18.641666666666666,18.64176483103074,dropped_queue_full,,,
4475,1,0,18.645833333333332,18.645869728876278,dropped_queue_full,,,
4476,2,1,18.65,18.650146576808766,dropped_queue_full,,,
4477,3,1,18.654166666666665,18.654237555805594,completed,18.71272932901047,58.56266234380669,35.136959075927734
4478,0,1,18.65833333333333,18.659541941946372,completed,18.721883727936074,63.5503946027427,34.94553756713867
4479,1,1,18.6625,18.66442737285979,completed,18.731677709845826,69.17770984582461,34.92153549194336
4480,2,0,18.666666666666668,18.66932583390735,completed,18.738766858819872,72.10019215320429,34.64156723022461
4481,3,0,18.670833333333334,18.674184415955096,dropped_queue_full,,,
4482,0,0,18.675,18.675149495946243,dropped_queue_full,,,
4483,1,0,18.679166666666667,18.679237314965576,dropped_queue_full,,,
4484,2,1,18.683333333333334,18.683341693831608,dropped_queue_full,,,
4485,3,1,18.6875,18.687602320918813,completed,18.747403101995587,59.90310199558735,34.619712829589844
4486,0,1,18.691666666666666,18.692459292942658,completed,18.759921266930178,68.25460026351138,34.741024017333984
4487,1,1,18.695833333333333,18.69731147401035,completed,18.765003605978563,69.17027264523057,34.69724655151367
4488,2,0,18.7,18.702385692857206,dropped_queue_full,,,
4489,3,0,18.704166666666666,18.7042845338583,dropped_queue_full,,,
4490,0,0,18.708333333333332,18.70844508195296,dropped_queue_full,,,
4491,1,0,18.7125,18.71255728090182,dropped_queue_full,,,
4492,2,1,18.716666666666665,18.716823047958314,completed,18.77351136994548,56.84470327881641,34.68291091918945
4493,3,1,18.72083333333333,18.721878038020805,completed,18.784088804852217,63.255471518886,34.69513702392578
4494,0,1,18.725,18.7268057980109,completed,18.793876945972443,68.8769459724412,34.71257781982422
4495,1,1,18.729166666666668,18.73167144996114,completed,18.799879885977134,70.71321931046626,34.644737243652344
4496,2,0,18.733333333333334,18.73656015098095,dropped_queue_full,,,
4497,3,0,18.7375,18.737525540869683,dropped_queue_full,,,
4498,0,0,18.741666666666667,18.7417073789984,dropped_queue_full,,,
4499,1,0,18.745833333333334,18.745978145860136,dropped_queue_full,,,
4500,2,1,18.75,18.750076304888353,completed,18.808341000927612,58.341000927612185,34.62928009033203
4501,3,1,18.754166666666666,18.75496543594636,completed,18.81765826791525,63.49160124858244,34.66099166870117
4502,0,1,18.758333333333333,18.759915846865624,completed,18.827570118941367,69.23678560803381,34.65478515625
4503,1,1,18.7625,18.764827116858214,dropped_queue_full,,,
4504,2,0,18.766666666666666,18.766715968959033,dropped_queue_full,,,
4505,3,0,18.770833333333332,18.770981465931982,dropped_queue_full,,,
4506,0,0,18.775,18.77507596486248,dropped_queue_full,,,
4507,1,0,18.779166666666665,18.779188332846388,completed,18.834666767856106,55.50010118944115,34.643070220947266
4508,2,1,18.78333333333333,18.78408090490848,completed,18.84324121195823,59.9078786248981,34.70383834838867
4509,3,1,18.7875,18.78897268581204,completed,18.85568880685605,68.18880685604967,34.845375061035156
4510,0,1,18.791666666666668,18.79387152590789,completed,18.860705696977675,69.03903031100711,34.82099151611328
4511,1,1,18.795833333333334,18.79874837701209,dropped_queue_full,,,
4512,2,0,18.8,18.80004348489456,dropped_queue_full,,,
4513,3,0,18.804166666666667,18.804282031953335,dropped_queue_full,,,
4514,0,0,18.808333333333334,18.808504269924015,dropped_queue_full,,,
4515,1,0,18.8125,18.812599668977782,completed,18.869561237981543,57.061237981542945,34.798912048339844
4516,2,1,18.816666666666666,18.81765028787777,completed,18.879961283877492,63.29461721082552,34.685184478759766
4517,3,1,18.820833333333333,18.822665818035603,completed,18.88969847583212,68.86514249878672,34.718624114990234
4518,0,1,18.825,18.827564598992467,completed,18.89551675785333,70.51675785332989,34.79471969604492
4519,1,1,18.829166666666666,18.832424049964175,dropped_queue_full,,,
4520,2,0,18.833333333333332,18.8333898098208,dropped_queue_full,,,
4521,3,0,18.8375,18.83750400901772,dropped_queue_full,,,
4522,0,0,18.841666666666665,18.841692866990343,dropped_queue_full,,,
4523,1,0,18.84583333333333,18.845917945029214,completed,18.904516477836296,58.683144502964524,34.86982345581055
4524,2,1,18.85,18.850818045902997,completed,18.913508537923917,63.50853792391575,34.96675109863281
4525,3,1,18.854166666666668,18.85568082681857,completed,18.92351514683105,69.34848016438266,35.17795181274414
4526,0,1,18.858333333333334,18.860529857920483,dropped_queue_full,,,
4527,1,1,18.8625,18.862603737972677,dropped_queue_full,,,
4528,2,0,18.866666666666667,18.866714305942878,dropped_queue_full,,,
4529,3,0,18.870833333333334,18.870835004840046,dropped_queue_full,,,
4530,0,0,18.875,18.87507383292541,completed,18.930763854878023,55.76385487802327,35.1220817565918
4531,1,0,18.879166666666666,18.879954093834385,completed,18.939768034033477,60.60136736681088,35.02540969848633
4532,2,1,18.883333333333333,18.884809624869376,completed,18.95150188682601,68.1685534926757,34.954689025878906
4533,3,1,18.8875,18.88969014585018,completed,18.957021862035617,69.52186203561794,34.847808837890625
4534,0,1,18.891666666666666,18.89454561797902,dropped_queue_full,,,
4535,1,1,18.895833333333332,18.89584041503258,dropped_queue_full,,,
4536,2,0,18.9,18.900078801903874,dropped_queue_full,,,
4537,3,0,18.904166666666665,18.90418656100519,dropped_queue_full,,,
4538,0,0,18.90833333333333,18.90844079782255,completed,18.965716123813763,57.38279048043182,34.819007873535156
4539,1,0,18.9125,18.913501167902723,completed,18.97579489299096,63.29489299096025,34.781280517578125
4540,2,1,18.916666666666668,18.918588616885245,completed,18.985516545828432,68.849879161764,34.703006744384766
4541,3,1,18.920833333333334,18.923506986815482,completed,18.99200528091751,71.17194758417611,34.750911712646484
4542,0,1,18.925,18.928404198028147,dropped_queue_full,,,
4543,1,1,18.929166666666667,18.929211319889873,dropped_queue_full,,,
4544,2,0,18.933333333333334,18.93344456795603,dropped_queue_full,,,
4545,3,0,18.9375,18.93755498691462,dropped_queue_full,,,
4546,0,0,18.941666666666666,18.94176193396561,completed,19.00053482502699,58.86815836032255,34.616737365722656
4547,1,0,18.945833333333333,18.94662723597139,completed,19.013904811814427,68.07147848109452,34.722782135009766
4548,2,1,18.95,18.95149474684149,completed,19.018954060971737,68.95406097173762,34.71974563598633
4549,3,1,18.954166666666666,18.95636675786227,dropped_queue_full,,,
4550,0,1,18.958333333333332,18.958441806957126,dropped_queue_full,,,
4551,1,1,18.9625,18.962559095816687,dropped_queue_full,,,
4552,2,0,18.966666666666665,18.966674485011026,dropped_queue_full,,,
4553,3,0,18.97083333333333,18.970918071921915,completed,19.02672717301175,55.893839678418544,34.672447204589844
4554,0,0,18.975,18.975788513896987,completed,19.035400355933234,60.400355933232674,34.84329605102539
4555,1,0,18.979166666666668,18.980656035011634,completed,19.047540123807266,68.3734571405985,34.779903411865234
4556,2,1,18.983333333333334,18.985509455902502,completed,19.053221517940983,69.8881846076489,35.08399963378906
4557,3,1,18.9875,18.990395876811817,dropped_queue_full,,,
4558,0,1,18.991666666666667,18.991679003927857,dropped_queue_full,,,
4559,1,1,18.995833333333334,18.99591901199892,dropped_queue_full,,,
4560,2,0,19.0,19.00004767999053,dropped_queue_full,,,
4561,3,0,19.004166666666666,19.004187538987026,completed,19.062088028993458,57.921362326791126,35.120384216308594
4562,0,0,19.008333333333333,19.009050289867446,completed,19.07169287186116,63.35953852782694,35.20521545410156
4563,1,0,19.0125,19.013898291857913,completed,19.08145779487677,68.9577948767699,35.13286590576172
4564,2,1,19.016666666666666,19.01894692098722,completed,19.088413435034454,71.74676836778815,34.9246711730957
4565,3,1,19.020833333333332,19.024004539940506,dropped_queue_full,,,
4566,0,1,19.025,19.02514063892886,dropped_queue_full,,,
4567,1,1,19.029166666666665,19.029240157920867,dropped_queue_full,,,
4568,2,0,19.03333333333333,19.033348556840792,dropped_queue_full,,,
4569,3,0,19.0375,19.037600114010274,completed,19.097089897841215,59.58989784121371,34.964256286621094
4570,0,0,19.041666666666668,19.04244893603027,completed,19.109851239947602,68.1845732809343,34.78371047973633
4571,1,0,19.045833333333334,19.047533734934404,completed,19.114881410030648,69.04807669731383,34.919166564941406
4572,2,1,19.05,19.05241089593619,dropped_queue_full,,,
4573,3,1,19.054166666666667,19.054179497994483,dropped_queue_full,,,
4574,0,1,19.058333333333334,19.058441544882953,dropped_queue_full,,,
4575,1,1,19.0625,19.062566513894126,dropped_queue_full,,,
4576,2,0,19.066666666666666,19.06681967084296,completed,19.123559982981533,56.89331631486638,35.069759368896484
4577,3,0,19.070833333333333,19.071687551913783,completed,19.134079886833206,63.24655349987296,35.07596969604492
4578,0,0,19.075,19.076562793925405,completed,19.143778190016747,68.77819001674723,35.21267318725586
4579,1,0,19.079166666666666,19.08145116502419,completed,19.15005311695859,70.88645029192264,35.108192443847656
4580,2,1,19.083333333333332,19.08630904601887,dropped_queue_full,,,
4581,3,1,19.0875,19.087608322966844,dropped_queue_full,,,
4582,0,1,19.091666666666665,19.09171273186803,dropped_queue_full,,,
4583,1,1,19.09583333333333,19.095978878904134,dropped_queue_full,,,
4584,2,0,19.1,19.10007852781564,completed,19.15872486983426,58.72486983425773,34.90915298461914
4585,3,0,19.104166666666668,19.10498071881011,completed,19.167383163934574,63.21649726790568,34.986175537109375
4586,0,0,19.108333333333334,19.10984564991668,completed,19.177099055843428,68.7657225100935,34.962303161621094
4587,1,0,19.1125,19.114704890875146,dropped_queue_full,,,
4588,2,1,19.116666666666667,19.116757530951872,dropped_queue_full,,,
4589,3,1,19.120833333333334,19.1208620199468,dropped_queue_full,,,
4590,0,1,19.125,19.12515008682385,dropped_queue_full,,,
4591,1,1,19.129166666666666,19.12917505693622,completed,19.185152215883136,55.985549216469366,34.92047882080078
4592,2,0,19.133333333333333,19.13407239690423,completed,19.193674040026963,60.3407066936299,34.933982849121094
4593,3,0,19.1375,19.138929958920926,completed,19.20573503896594,68.23503896594119,34.93561553955078
4594,0,0,19.141666666666666,19.143772599985823,completed,19.211085435934365,69.41876926769908,34.878047943115234
4595,1,0,19.145833333333332,19.14892217889428,dropped_queue_full,,,
4596,2,1,19.15,19.150049176998436,dropped_queue_full,,,
4597,3,1,19.154166666666665,19.15428159502335,dropped_queue_full,,,
4598,0,1,19.15833333333333,19.158395793987438,dropped_queue_full,,,
4599,1,1,19.1625,19.162505271844566,completed,19.220246383920312,57.74638392031051,34.95123291015625
4600,2,0,19.166666666666668,19.16737486398779,completed,19.230229903943837,63.56323727716884,35.067359924316406
4601,3,0,19.170833333333334,19.17224822496064,completed,19.24017598386854,69.34265053520505,34.99523162841797
4602,0,0,19.175,19.17709335591644,completed,19.246443392010406,71.44339201040495,35.111263275146484
4603,1,0,19.179166666666667,19.18195722787641,dropped_queue_full,,,
4604,2,1,19.183333333333334,19.183399562956765,dropped_queue_full,,,
4605,3,1,19.1875,19.187502881977707,dropped_queue_full,,,
4606,0,1,19.191666666666666,19.19175816886127,dropped_queue_full,,,
4607,1,1,19.195833333333333,19.19586956803687,completed,19.255453180987388,59.619847654055036,34.98262405395508
4608,2,0,19.2,19.200754338875413,completed,19.268146273912862,68.14627391286265,34.839393615722656
4609,3,0,19.204166666666666,19.205727278953418,completed,19.273001255001873,68.83458833520706,34.95808029174805
4610,0,0,19.208333333333332,19.210589980939403,dropped_queue_full,,,
4611,1,0,19.2125,19.212526510935277,dropped_queue_full,,,
4612,2,1,19.216666666666665,19.21675789891742,dropped_queue_full,,,
4613,3,1,19.22083333333333,19.220885837916285,dropped_queue_full,,,
4614,0,1,19.225,19.225137364817783,completed,19.28144481102936,56.44481102935828,34.86582565307617
4615,1,1,19.229166666666668,19.230222614016384,completed,19.29045113082975,61.28446416308364,34.951072692871094
4616,2,0,19.233333333333334,19.23510589497164,completed,19.301580318948254,68.24698561491971,34.94655990600586
4617,3,0,19.2375,19.24016783386469,completed,19.30786839593202,70.36839593201805,34.962528228759766
4618,0,0,19.241666666666667,19.245058635016903,dropped_queue_full,,,
4619,1,0,19.245833333333334,19.245951965916902,dropped_queue_full,,,
4620,2,1,19.25,19.25007588486187,dropped_queue_full,,,
4621,3,1,19.254166666666666,19.254187133861706,dropped_queue_full,,,
4622,0,1,19.258333333333333,19.25844118092209,completed,19.316719356924295,58.386023590962566,35.18137741088867
4623,1,1,19.2625,19.263293272815645,completed,19.32584270602092,63.34270602092218,35.17318344116211
4624,2,0,19.266666666666666,19.268139133928344,completed,19.335758475819603,69.09180915293689,35.2564811706543
4625,3,0,19.270833333333332,19.272993054939434,completed,19.343288860982284,72.4555276489518,35.307743072509766
4626,0,0,19.275,19.277837056899443,dropped_queue_full,,,
4627,1,0,19.279166666666665,19.279238652903587,dropped_queue_full,,,
4628,2,1,19.28333333333333,19.283354861894622,dropped_queue_full,,,
4629,3,1,19.2875,19.287603428820148,dropped_queue_full,,,
4630,0,1,19.291666666666668,19.291724398033693,completed,19.351925283903256,60.25861723658821,35.1420783996582
4631,1,1,19.295833333333334,19.2965788890142,completed,19.363992862869054,68.1595295357198,35.107425689697266
4632,2,0,19.3,19.30157306883484,completed,19.369608897017315,69.60889701731432,35.01094436645508
4633,3,0,19.304166666666667,19.306420279899612,dropped_queue_full,,,
4634,0,0,19.308333333333334,19.308348841033876,dropped_queue_full,,,
4635,1,0,19.3125,19.3126008878462,dropped_queue_full,,,
4636,2,1,19.316666666666666,19.316712426953018,dropped_queue_full,,,
4637,3,1,19.320833333333333,19.320990283973515,completed,19.378291049972177,57.45771663884369,34.90127944946289
4638,0,1,19.325,19.325835865922272,completed,19.38821536093019,63.2153609301902,34.92015838623047
4639,1,1,19.329166666666666,19.33070885692723,completed,19.397919373819605,68.7527071529388,34.86003112792969
4640,2,0,19.333333333333332,19.33575127599761,completed,19.404565136879683,71.23180354635039,34.78899383544922
4641,3,0,19.3375,19.340633957879618,dropped_queue_full,,,
4642,0,0,19.341666666666665,19.34172599692829,dropped_queue_full,,,
4643,1,0,19.34583333333333,19.34592344495468,dropped_queue_full,,,
4644,2,1,19.35,19.35002455394715,dropped_queue_full,,,
4645,3,1,19.354166666666668,19.35428517102264,completed,19.413409587927163,59.242921260494796,34.91971206665039
4646,0,1,19.358333333333334,19.359142961911857,completed,19.426428508013487,68.09517468015258,34.96326446533203
4647,1,1,19.3625,19.363986453972757,completed,19.431329338811338,68.82933881133724,34.84476852416992
4648,2,0,19.366666666666667,19.368830184917897,dropped_queue_full,,,
4649,3,0,19.370833333333334,19.37088185385801,dropped_queue_full,,,
4650,0,0,19.375,19.37513865181245,dropped_queue_full,,,
4651,1,0,19.379166666666666,19.379246970871463,dropped_queue_full,,,
4652,2,1,19.383333333333333,19.383351368829608,completed,19.439670624909922,56.33729157658962,34.92924880981445
4653,3,1,19.3875,19.38820996088907,completed,19.448453216813505,60.953216813505406,34.91027069091797
4654,0,1,19.391666666666666,19.393059422029182,completed,19.459767053835094,68.10038716842826,34.88240051269531
4655,1,1,19.395833333333332,19.397912833839655,completed,19.465986530994996,70.15319766166428,34.873023986816406
4656,2,0,19.4,19.40279080485925,dropped_queue_full,,,
4657,3,0,19.404166666666665,19.404238529969007,dropped_queue_full,,,
4658,0,0,19.40833333333333,19.408343428978696,dropped_queue_full,,,
4659,1,0,19.4125,19.41260144696571,dropped_queue_full,,,
4660,2,1,19.416666666666668,19.41671618493274,completed,19.474690383998677,58.023717332009284,34.776832580566406
4661,3,1,19.420833333333334,19.421584055991843,completed,19.484163188841194,63.329855507859634,34.85113525390625
4662,0,1,19.425,19.426423067925498,completed,19.493851501960307,68.85150196030665,34.96495819091797
4663,1,1,19.429166666666667,19.431322438875213,completed,19.50118740880862,72.02074214195164,34.993568420410156
4664,2,0,19.433333333333334,19.436174829956144,dropped_queue_full,,,
4665,3,0,19.4375,19.43760146596469,dropped_queue_full,,,
4666,0,0,19.441666666666666,19.441695465007797,dropped_queue_full,,,
4667,1,0,19.445833333333333,19.44590164301917,dropped_queue_full,,,
4668,2,1,19.45,19.450041520874947,completed,19.509724532952532,59.72453295253288,34.95948791503906
4669,3,1,19.454166666666666,19.45492472196929,completed,19.522316896822304,68.15023015563781,34.994911193847656
4670,0,1,19.458333333333332,19.459761753911152,completed,19.52716841781512,68.83508448178688,34.896385192871094
4671,1,1,19.4625,19.464697223855183,dropped_queue_full,,,
4672,2,0,19.466666666666665,19.46676242398098,dropped_queue_full,,,
4673,3,0,19.47083333333333,19.470872771926224,dropped_queue_full,,,
4674,0,0,19.475,19.47501191101037,dropped_queue_full,,,
4675,1,0,19.479166666666668,19.479283608030528,completed,19.536289087031037,57.122420364368764,34.897727966308594
4676,2,1,19.483333333333334,19.484155088895932,completed,19.54482804099098,61.4947076576442,34.87171173095703
4677,3,1,19.4875,19.489009400829673,completed,19.555922799976543,68.42279997654188,35.049888610839844
4678,0,1,19.491666666666667,19.493845731951296,completed,19.5623988348525,70.73216818583461,34.992286682128906
4679,1,1,19.495833333333334,19.49877967289649,dropped_queue_full,,,
4680,2,0,19.5,19.500064459862188,dropped_queue_full,,,
4681,3,0,19.504166666666666,19.504215687979013,dropped_queue_full,,,
4682,0,0,19.508333333333333,19.5084432058502,dropped_queue_full,,,
4683,1,0,19.5125,19.512553504901007,completed,19.571405924856663,58.90592485666346,35.050750732421875
4684,2,1,19.516666666666666,19.51744961598888,completed,19.584729801863432,68.06313519676621,35.01478576660156
4685,3,1,19.520833333333332,19.52230905694887,completed,19.589594363002107,68.7610296687744,34.86431884765625
4686,0,1,19.525,19.52716282894835,completed,19.59728605602868,72.28605602868043,34.808929443359375
4687,1,1,19.529166666666665,19.532034139847383,dropped_queue_full,,,
4688,2,0,19.53333333333333,19.533441505860537,dropped_queue_full,,,
4689,3,0,19.5375,19.537566303974018,dropped_queue_full,,,
4690,0,0,19.541666666666668,19.541819451842457,dropped_queue_full,,,
4691,1,0,19.545833333333334,19.546000730013475,completed,19.606290095951408,60.45676261807387,34.74153518676758
4692,2,1,19.55,19.550890520913526,completed,19.61809329688549,68.0932968854897,34.734432220458984
4693,3,1,19.554166666666667,19.555914900032803,completed,19.623611591989174,69.44492532250734,34.766273498535156
4694,0,1,19.558333333333334,19.560788241913542,dropped_queue_full,,,
4695,1,1,19.5625,19.562562983948737,dropped_queue_full,,,
4696,2,0,19.566666666666666,19.56682239100337,dropped_queue_full,,,
4697,3,0,19.570833333333333,19.570918849902228,dropped_queue_full,,,
4698,0,0,19.575,19.575027738930658,completed,19.632293205009773,57.293205009774084,34.93779373168945
4699,1,0,19.579166666666666,19.579881320009008,completed,19.64238692400977,63.220257343104436,34.82316970825195
4700,2,1,19.583333333333332,19.584722911939025,completed,19.652915477985516,69.58214465218404,34.78351974487305
4701,3,1,19.5875,19.589586672838777,completed,19.658671540906653,71.17154090665423,34.85673522949219
4702,0,1,19.591666666666665,19.594440744025633,dropped_queue_full,,,
4703,1,1,19.59583333333333,19.595884079812095,dropped_queue_full,,,
4704,2,0,19.6,19.600149996811524,dropped_queue_full,,,
4705,3,0,19.604166666666668,19.60423895600252,dropped_queue_full,,,
4706,0,0,19.608333333333334,19.60836137481965,completed,19.667361293919384,59.0279605860502,34.85619354248047
4707,1,0,19.6125,19.613207506015897,completed,19.68074172991328,68.2417299132787,34.85948944091797
4708,2,1,19.616666666666667,19.618086267029867,completed,19.685619920957834,68.95325429116639,34.934814453125
4709,3,1,19.620833333333334,19.622948398813605,dropped_queue_full,,,
4710,0,1,19.625,19.62504611792974,dropped_queue_full,,,
4711,1,1,19.629166666666666,19.629284754861146,dropped_queue_full,,,
4712,2,0,19.633333333333333,19.633409773930907,dropped_queue_full,,,
4713,3,0,19.6375,19.637505842838436,completed,19.693718530004844,56.21853000484478,35.026206970214844
4714,0,0,19.641666666666666,19.642380574019626,completed,19.702405221993104,60.738555326437904,35.03833770751953
4715,1,0,19.645833333333332,19.64723413484171,completed,19.714001855812967,68.16852247963467,34.956321716308594
4716,2,1,19.65,19.652907847892493,completed,19.719997626030818,69.99762603081905,34.895423889160156
4717,3,1,19.654166666666665,19.65801170701161,dropped_queue_full,,,
4718,0,1,19.65833333333333,19.65834398381412,dropped_queue_full,,,
4719,1,1,19.6625,19.662605560850352,dropped_queue_full,,,
4720,2,0,19.666666666666668,19.666713499929756,dropped_queue_full,,,
4721,3,0,19.670833333333334,19.670980766881257,completed,19.728673649020493,57.84031568715875,34.832801818847656
4722,0,0,19.675,19.675881407922134,completed,19.738305072998628,63.30507299862731,34.79216003417969
4723,1,0,19.679166666666667,19.680735219968483,completed,19.748035184806213,68.86851813954564,34.72991943359375
4724,2,1,19.683333333333334,19.685612770961598,completed,19.754890855867416,71.5575225340821,34.64284896850586
4725,3,1,19.6875,19.690525001846254,dropped_queue_full,,,
4726,0,1,19.691666666666666,19.691809938987717,dropped_queue_full,,,
4727,1,1,19.695833333333333,19.69592142687179,dropped_queue_full,,,
4728,2,0,19.7,19.70005328580737,dropped_queue_full,,,
4729,3,0,19.704166666666666,19.704283333849162,completed,19.763509219978005,59.342553311338975,34.753822326660156
4730,0,0,19.708333333333332,19.709144755033776,completed,19.77656238898635,68.22905565301696,34.75708770751953
4731,1,0,19.7125,19.71399538591504,completed,19.781435620971024,68.93562097102546,34.747039794921875
4732,2,1,19.716666666666665,19.718867046991363,dropped_queue_full,,,
4733,3,1,19.72083333333333,19.720918806968257,dropped_queue_full,,,
4734,0,1,19.725,19.72503125597723,dropped_queue_full,,,
4735,1,1,19.729166666666668,19.72928272280842,dropped_queue_full,,,
4736,2,0,19.733333333333334,19.73339387192391,completed,19.78976539685391,56.432063520574616,34.77983856201172
4737,3,0,19.7375,19.738273192895576,completed,19.79845001990907,60.95001990906823,34.78559875488281
4738,0,0,19.741666666666667,19.743143643951043,completed,19.809805806027725,68.1391393610582,34.72963333129883
4739,1,0,19.745833333333334,19.748028514906764,completed,19.816088012885302,70.25467955196874,34.67891311645508
4740,2,1,19.75,19.753160943975672,dropped_queue_full,,,
4741,3,1,19.754166666666666,19.75424467283301,dropped_queue_full,,,
4742,0,1,19.758333333333333,19.758442661026493,dropped_queue_full,,,
4743,1,1,19.7625,19.76270335796289,dropped_queue_full,,,
4744,2,0,19.766666666666666,19.76682175695896,completed,19.82445170986466,57.78504319799538,34.577022552490234
4745,3,0,19.770833333333332,19.771701697958633,completed,19.83407694287598,63.24360954264918,34.641056060791016
4746,0,0,19.775,19.77655694889836,completed,19.843805685872212,68.80568587221347,34.644256591796875
4747,1,0,19.779166666666665,19.78142905095592,completed,19.850828694878146,71.66202821148104,34.64262390136719
4748,2,1,19.78333333333333,19.786287541966885,dropped_queue_full,,,
4749,3,1,19.7875,19.787571258842945,dropped_queue_full,,,
4750,0,1,19.791666666666668,19.79167375783436,dropped_queue_full,,,
4751,1,1,19.795833333333334,19.795921044889838,dropped_queue_full,,,
4752,2,0,19.8,19.800041154026985,completed,19.859357779845595,59.35777984559465,34.61443328857422
4753,3,0,19.804166666666667,19.804932904895395,completed,19.872591136954725,68.42447028805765,34.703678131103516
4754,0,0,19.808333333333334,19.80980038596317,completed,19.87743086903356,69.09753570022659,34.69190216064453
4755,1,0,19.8125,19.814671367872506,dropped_queue_full,,,
4756,2,1,19.816666666666666,19.816729046870023,dropped_queue_full,,,
4757,3,1,19.820833333333333,19.820985483936965,dropped_queue_full,,,
4758,0,1,19.825,19.825090253027156,dropped_queue_full,,,
4759,1,1,19.829166666666666,19.8291871920228,completed,19.885605706833303,56.439040166637255,34.672607421875
4760,2,0,19.833333333333332,19.83406914281659,completed,19.894158300943673,60.82496761034051,34.71305465698242
4761,3,0,19.8375,19.838950763922185,completed,19.905609665904194,68.10966590419554,34.747840881347656
4762,0,0,19.841666666666665,19.843800155911595,completed,19.9116076559294,69.94098926273651,34.74006271362305
4763,1,0,19.84583333333333,19.84866743697785,dropped_queue_full,,,
4764,2,1,19.85,19.85002569295466,dropped_queue_full,,,
4765,3,1,19.854166666666668,19.854282739805058,dropped_queue_full,,,
4766,0,1,19.858333333333334,19.8583934889175,dropped_queue_full,,,
4767,1,1,19.8625,19.862502177944407,completed,19.92060966603458,58.10966603457857,34.80137634277344
4768,2,0,19.866666666666667,19.8675487479195,completed,19.92987580294721,63.209136280541145,34.73516845703125
4769,3,0,19.870833333333334,19.872583366930485,completed,19.939607186010107,68.77385267677383,34.69820785522461
4770,0,0,19.875,19.877425418933854,completed,19.946369437966496,71.36943796649575,34.660606384277344
4771,1,0,19.879166666666666,19.882286629872397,dropped_queue_full,,,
4772,2,1,19.883333333333333,19.88341602892615,dropped_queue_full,,,
4773,3,1,19.8875,19.887520257849246,dropped_queue_full,,,
4774,0,1,19.891666666666666,19.89176361495629,dropped_queue_full,,,
4775,1,1,19.895833333333332,19.895870183827356,completed,19.955292847938836,59.45951460550347,34.60307312011719
4776,2,0,19.9,19.900735144969076,completed,19.968096559867263,68.09655986726426,34.703392028808594
4777,3,0,19.904166666666665,19.90560174593702,completed,19.97309578000568,68.92911333901353,34.85238265991211
4778,0,0,19.90833333333333,19.910496776923537,dropped_queue_full,,,
4779,1,0,19.9125,19.91256637685001,dropped_queue_full,,,
4780,2,1,19.916666666666668,19.916821743827313,dropped_queue_full,,,
4781,3,1,19.920833333333334,19.920930922962725,dropped_queue_full,,,
4782,0,1,19.925,19.925029761856422,completed,19.981397976865992,56.39797686599124,34.96531295776367
4783,1,1,19.929166666666667,19.929868552833796,completed,19.99040070688352,61.23404021685275,34.928993225097656
4784,2,0,19.933333333333334,19.934743823949248,completed,20.00123855797574,67.90522464240567,34.833343505859375
4785,3,0,19.9375,19.939599385950714,completed,20.007724762894213,70.2247628942132,34.80953598022461
4786,0,0,19.941666666666666,19.944755663862452,dropped_queue_full,,,
4787,1,0,19.945833333333333,19.94588478282094,dropped_queue_full,,,
4788,2,1,19.95,19.950065010925755,dropped_queue_full,,,
4789,3,1,19.954166666666666,19.95418991986662,dropped_queue_full,,,
4790,0,1,19.958333333333332,19.958442876813933,completed,20.016240727854893,57.90739452156046,34.716224670410156
4791,1,1,19.9625,19.963305667974055,completed,20.02524498803541,62.744988035412064,34.74345779418945
4792,2,0,19.966666666666665,19.968089499976486,completed,20.03376726200804,67.10059534137613,34.733375549316406
4793,3,0,19.97083333333333,19.97308807983063,completed,20.034251966979355,63.41863364602318,26.48758316040039
4794,0,0,19.975,19.978063609916717,dropped_queue_full,,,
4795,1,0,19.979166666666668,19.97918557887897,dropped_queue_full,,,
4796,2,1,19.983333333333334,19.983441655989736,dropped_queue_full,,,
4797,3,1,19.9875,19.98755363491364,dropped_queue_full,,,
4798,0,1,19.991666666666667,19.991672823904082,completed,20.03457543393597,42.90876726930293,18.148160934448242
4799,1,1,19.995833333333334,19.996458765817806,completed,20.035055418964475,39.22208563114182,9.659008026123047
