frame,lane,variant,arrival_s,submission_s,status,completion_s,arrival_to_completion_ms,gpu_pipeline_ms
0,0,0,0.0,4.800967872142792e-07,completed,0.03366144304163754,33.66144304163754,33.265663146972656
1,1,0,0.004166666666666667,0.00423437706194818,completed,0.04194699018262327,37.7803235159566,37.48380661010742
2,2,0,0.008333333333333333,0.008394025964662433,completed,0.05383253004401922,45.499196710685894,41.87321472167969
3,3,0,0.0125,0.012529853964224458,completed,0.06215802696533501,49.65802696533501,46.011070251464844
4,0,1,0.016666666666666666,0.016756792087107897,completed,0.06754653318785131,50.879866521184645,33.66966247558594
5,1,1,0.020833333333333332,0.02084550098516047,completed,0.07590940897352993,55.076075640196606,33.73148727416992
6,2,1,0.025,0.02511221799068153,completed,0.08714800607413054,62.148006074130535,33.84473419189453
7,3,1,0.029166666666666667,0.029260387178510427,completed,0.09543076297268271,66.26409630601604,34.06233596801758
8,0,0,0.03333333333333333,0.03334042616188526,dropped_queue_full,,,
9,1,0,0.0375,0.03750565415248275,dropped_queue_full,,,
10,2,0,0.041666666666666664,0.04181943112052977,dropped_queue_full,,,
11,3,0,0.04583333333333333,0.04594152909703553,dropped_queue_full,,,
12,0,1,0.05,0.05009840801358223,completed,0.10157169215381145,51.571692153811455,34.003456115722656
13,1,1,0.05416666666666667,0.0543094661552459,completed,0.11020177602767944,56.03510936101277,34.12294387817383
14,2,1,0.058333333333333334,0.05839894502423704,completed,0.12068642000667751,62.35308667334417,34.06294250488281
15,3,1,0.0625,0.06263425201177597,completed,0.12905125715769827,66.55125715769827,33.9246711730957
16,0,0,0.06666666666666667,0.0667548410128802,dropped_queue_full,,,
17,1,0,0.07083333333333333,0.07094189897179604,dropped_queue_full,,,
18,2,0,0.075,0.07511688699014485,dropped_queue_full,,,
19,3,0,0.07916666666666666,0.07919249613769352,dropped_queue_full,,,
20,0,1,0.08333333333333333,0.08338836417533457,completed,0.1356317710597068,52.29843772637348,33.82233428955078
21,1,1,0.0875,0.08762425207532942,completed,0.14410463604144752,56.60463604144753,33.81574249267578
22,2,1,0.09166666666666666,0.09169916110113263,completed,0.15377663914114237,62.10997247447571,33.82044982910156
23,3,1,0.09583333333333333,0.09590735915116966,completed,0.16207326599396765,66.23993266063432,33.98076629638672
24,0,0,0.1,0.10010052705183625,dropped_queue_full,,,
25,1,0,0.10416666666666667,0.10419309604912996,dropped_queue_full,,,
26,2,0,0.10833333333333334,0.10834887414239347,dropped_queue_full,,,
27,3,0,0.1125,0.11255460209213197,dropped_queue_full,,,
28,0,1,0.11666666666666667,0.1167257099878043,completed,0.1697256991174072,53.05903245074053,33.93270492553711
29,1,1,0.12083333333333333,0.12084966897964478,completed,0.17820082418620586,57.36749085287253,33.89628982543945
30,2,1,0.125,0.1250998959876597,completed,0.18715866398997605,62.15866398997605,33.9818229675293
31,3,1,0.12916666666666665,0.1292148851789534,completed,0.19545148103497922,66.28481436831257,33.99484634399414
32,0,0,0.13333333333333333,0.13342530303634703,dropped_queue_full,,,
33,1,0,0.1375,0.13751372206024826,dropped_queue_full,,,
34,2,0,0.14166666666666666,0.14166806009598076,dropped_queue_full,,,
35,3,0,0.14583333333333334,0.1458348180167377,dropped_queue_full,,,
36,0,1,0.15,0.1500377361662686,completed,0.20372721808962524,53.72721808962525,34.00297546386719
37,1,1,0.15416666666666667,0.15425959415733814,completed,0.2123565119691193,58.18984530245264,34.02080154418945
38,2,1,0.15833333333333333,0.15833788318559527,completed,0.22080624708905816,62.47291375572483,34.01683044433594
39,3,1,0.1625,0.1625497411005199,completed,0.22941209096461535,66.91209096461535,34.00153732299805
40,0,0,0.16666666666666666,0.16677723918110132,dropped_queue_full,,,
41,1,0,0.17083333333333334,0.17094197706319392,dropped_queue_full,,,
42,2,0,0.175,0.17509890510700643,dropped_queue_full,,,
43,3,0,0.17916666666666667,0.17925467411987484,dropped_queue_full,,,
44,0,1,0.18333333333333332,0.18341154209338129,completed,0.2378898160532117,54.55648271987837,33.97673416137695
45,1,1,0.1875,0.18763642013072968,completed,0.24969697813503444,62.19697813503444,33.92927932739258
46,2,1,0.19166666666666665,0.191697359085083,completed,0.2579679051414132,66.30123847474655,34.159934997558594
47,3,1,0.19583333333333333,0.19592823716811836,completed,0.2634712599683553,67.63792663502197,34.004737854003906
48,0,0,0.2,0.20015274407342076,dropped_queue_full,,,
49,1,0,0.20416666666666666,0.20420174417085946,dropped_queue_full,,,
50,2,0,0.20833333333333334,0.2083514321129769,dropped_queue_full,,,
51,3,0,0.2125,0.21251700003631413,dropped_queue_full,,,
52,0,1,0.21666666666666667,0.2167280181311071,completed,0.27210269309580326,55.43602642913659,34.01945495605469
53,1,1,0.22083333333333333,0.22094399598427117,completed,0.28295635408721864,62.123020753885314,34.05980682373047
54,2,1,0.225,0.2250084951519966,completed,0.2913800000678748,66.38000006787479,34.018463134765625
55,3,1,0.22916666666666666,0.2292467630468309,dropped_queue_full,,,
56,0,0,0.23333333333333334,0.23340995097532868,dropped_queue_full,,,
57,1,0,0.2375,0.23756626900285482,dropped_queue_full,,,
58,2,0,0.24166666666666667,0.24180984706617892,dropped_queue_full,,,
59,3,0,0.24583333333333332,0.24594177515245974,completed,0.2978007460478693,51.967412714536,34.05215835571289
60,0,1,0.25,0.25001867418177426,completed,0.3062604609876871,56.26046098768711,34.04937744140625
61,1,1,0.25416666666666665,0.254219711991027,completed,0.3162734510842711,62.10678441760442,34.0972785949707
62,2,1,0.2583333333333333,0.25844614999368787,completed,0.3250471530482173,66.713819714884,34.02969741821289
63,3,1,0.2625,0.26252030907198787,dropped_queue_full,,,
64,0,0,0.26666666666666666,0.26672440697439015,dropped_queue_full,,,
65,1,0,0.2708333333333333,0.27088062511757016,dropped_queue_full,,,
66,2,0,0.275,0.27504409407265484,dropped_queue_full,,,
67,3,0,0.2791666666666667,0.27919552219100296,completed,0.33194514410570264,52.77847743903597,34.07487869262695
68,0,1,0.2833333333333333,0.2834338201209903,completed,0.34057232714258134,57.238993809248015,34.10224151611328
69,1,1,0.2875,0.28764806711114943,completed,0.34963390603661537,62.13390603661539,34.18649673461914
70,2,1,0.2916666666666667,0.29170060716569424,completed,0.35802829219028354,66.36162552361685,34.08256149291992
71,3,1,0.29583333333333334,0.29590979497879744,dropped_queue_full,,,
72,0,0,0.3,0.3000985130202025,dropped_queue_full,,,
73,1,0,0.30416666666666664,0.30421771109104156,dropped_queue_full,,,
74,2,0,0.30833333333333335,0.3084599191788584,dropped_queue_full,,,
75,3,0,0.3125,0.31250672810710967,completed,0.3662036401219666,53.7036401219666,34.098079681396484
76,0,1,0.31666666666666665,0.3167513960506767,completed,0.3747315851505846,58.06491848391793,34.054656982421875
77,1,1,0.3208333333333333,0.32089519407600164,completed,0.3833187890704721,62.48545573713882,34.0052490234375
78,2,1,0.325,0.325040573021397,completed,0.39190341299399734,66.90341299399732,34.067230224609375
79,3,1,0.32916666666666666,0.3292617399711162,dropped_queue_full,,,
80,0,0,0.3333333333333333,0.33335776906460524,dropped_queue_full,,,
81,1,0,0.3375,0.3375079680699855,dropped_queue_full,,,
82,2,0,0.3416666666666667,0.34167245612479746,dropped_queue_full,,,
83,3,0,0.3458333333333333,0.3458800739608705,completed,0.4006092760246247,54.77594269129138,33.9951057434082
84,0,1,0.35,0.3500983619596809,completed,0.41211228002794087,62.11228002794089,34.011295318603516
85,1,1,0.3541666666666667,0.3542602399829775,completed,0.42054449603892863,66.37782937226194,33.97932815551758
86,2,1,0.35833333333333334,0.35835003899410367,completed,0.4260280111338943,67.69467780056098,33.95142364501953
87,3,1,0.3625,0.3625744271557778,dropped_queue_full,,,
88,0,0,0.36666666666666664,0.3666778360493481,dropped_queue_full,,,
89,1,0,0.37083333333333335,0.3708802030887455,dropped_queue_full,,,
90,2,0,0.375,0.3750491919927299,dropped_queue_full,,,
91,3,0,0.37916666666666665,0.3792560889851302,completed,0.43452725606039166,55.360589393725014,33.83852767944336
92,0,1,0.3833333333333333,0.3834789569955319,completed,0.4456144750583917,62.28114172505839,34.042240142822266
93,1,1,0.3875,0.3875316760968417,completed,0.45388903212733567,66.38903212733565,34.268638610839844
94,2,1,0.39166666666666666,0.39173873397521675,dropped_queue_full,,,
95,3,1,0.3958333333333333,0.39594020205549896,dropped_queue_full,,,
96,0,0,0.4,0.4000980411656201,dropped_queue_full,,,
97,1,0,0.4041666666666667,0.4041926101781428,dropped_queue_full,,,
98,2,0,0.4083333333333333,0.40835042810067534,completed,0.4604823861736804,52.149052840347096,34.39859390258789
99,3,0,0.4125,0.41259252512827516,completed,0.4691049491520971,56.60494915209713,34.44303894042969
100,0,1,0.4166666666666667,0.4168070130981505,completed,0.4787794821895659,62.11281552289921,34.529598236083984
101,1,1,0.42083333333333334,0.42086602305062115,completed,0.487208517966792,66.37518463345864,34.64041519165039
102,2,1,0.425,0.4250775701366365,dropped_queue_full,,,
103,3,1,0.42916666666666664,0.429255987983197,dropped_queue_full,,,
104,0,0,0.43333333333333335,0.4334107271861285,dropped_queue_full,,,
105,1,0,0.4375,0.43750686617568135,dropped_queue_full,,,
106,2,0,0.44166666666666665,0.44182331301271915,completed,0.4953556661494076,53.688999482740975,34.70694351196289
107,3,0,0.4458333333333333,0.4459427210967988,completed,0.5040449891239405,58.21165579060717,34.811134338378906
108,0,1,0.45,0.45014786906540394,completed,0.5163819449953735,66.38194499537347,34.91686248779297
109,1,1,0.45416666666666666,0.45421172818169,completed,0.5217132919933647,67.54662532669803,34.974945068359375
110,2,1,0.4583333333333333,0.45843580598011613,dropped_queue_full,,,
111,3,1,0.46249999999999997,0.462506985059008,dropped_queue_full,,,
112,0,0,0.4666666666666667,0.46667019301094115,dropped_queue_full,,,
113,1,0,0.4708333333333333,0.4709891399834305,dropped_queue_full,,,
114,2,0,0.475,0.4750368900131434,completed,0.53036426496692,55.36426496692004,34.794559478759766
115,3,0,0.4791666666666667,0.47926067700609565,completed,0.5414333941880614,62.26672752139467,34.873374938964844
116,0,1,0.48333333333333334,0.4834681651555002,completed,0.5496888919733465,66.35555864001313,34.76998519897461
117,1,1,0.4875,0.48753046500496566,completed,0.5565729930531234,69.07299305312337,34.72208023071289
118,2,1,0.49166666666666664,0.49175419216044247,dropped_queue_full,,,
119,3,1,0.49583333333333335,0.4959429600276053,dropped_queue_full,,,
120,0,0,0.5,0.5000988391693681,dropped_queue_full,,,
121,1,0,0.5041666666666667,0.5042044371366501,dropped_queue_full,,,
122,2,0,0.5083333333333333,0.5084134850185364,completed,0.5650451881811023,56.711854847768976,34.63539123535156
123,3,0,0.5125,0.5126410531811416,completed,0.5747142110485584,62.2142110485584,34.64432144165039
124,0,1,0.5166666666666666,0.5167048920411617,completed,0.5829978380352259,66.33117136855927,34.63945770263672
125,1,1,0.5208333333333334,0.5209181599784642,dropped_queue_full,,,
126,2,1,0.525,0.5250985180027783,dropped_queue_full,,,
127,3,1,0.5291666666666667,0.5292556260246783,dropped_queue_full,,,
128,0,0,0.5333333333333333,0.5333508951589465,dropped_queue_full,,,
129,1,0,0.5375,0.5375056841876358,completed,0.5914159640669823,53.91596406698229,34.62579345703125
130,2,0,0.5416666666666666,0.5417528310790658,completed,0.5998277191538364,58.16105248716974,34.60255813598633
131,3,0,0.5458333333333333,0.5459414389915764,completed,0.6121688659768552,66.33553264352187,34.649696350097656
132,0,1,0.55,0.5500104480888695,completed,0.6171672551427037,67.16725514270361,34.660160064697266
133,1,1,0.5541666666666667,0.5542224561795592,dropped_queue_full,,,
134,2,1,0.5583333333333333,0.5584134040400386,dropped_queue_full,,,
135,3,1,0.5625,0.5625672230962664,dropped_queue_full,,,
136,0,0,0.5666666666666667,0.5667728411499411,dropped_queue_full,,,
137,1,0,0.5708333333333333,0.5709403590299189,completed,0.6261043860577047,55.27105272437139,34.58988952636719
138,2,0,0.575,0.5750343080144376,completed,0.6370984259992838,62.09842599928383,34.62527847290039
139,3,0,0.5791666666666666,0.5792558949906379,completed,0.6455842710565776,66.41760438991096,34.681888580322266
140,0,1,0.5833333333333334,0.5834770130459219,completed,0.6519927561748773,68.65942284154391,34.68412780761719
141,1,1,0.5875,0.5875439620576799,dropped_queue_full,,,
142,2,1,0.5916666666666667,0.5917336600832641,dropped_queue_full,,,
143,3,1,0.5958333333333333,0.5959409680217505,dropped_queue_full,,,
144,0,0,0.6,0.6000981570687145,dropped_queue_full,,,
145,1,0,0.6041666666666666,0.6041933950036764,completed,0.6609454671852291,56.778800518562434,34.7174072265625
146,2,0,0.6083333333333333,0.608420753153041,completed,0.6704730510246009,62.139717691267585,34.834590911865234
147,3,0,0.6125,0.6126462609972805,completed,0.6788394781760871,66.3394781760871,34.758750915527344
148,0,1,0.6166666666666667,0.6166894901543856,dropped_queue_full,,,
149,1,1,0.6208333333333333,0.6208817979786545,dropped_queue_full,,,
150,2,1,0.625,0.6250380470883101,dropped_queue_full,,,
151,3,1,0.6291666666666667,0.6291915751062334,dropped_queue_full,,,
152,0,0,0.6333333333333333,0.6333469331730157,completed,0.6868227280210704,53.48939468773706,34.76688003540039
153,1,0,0.6375,0.6375754410400987,completed,0.6957314880564809,58.23148805648093,34.68931198120117
154,2,0,0.6416666666666666,0.641816649120301,completed,0.7079508560709655,66.28418940429893,34.58262252807617
155,3,0,0.6458333333333334,0.645904818084091,completed,0.7131040641106665,67.27073077733314,34.71558380126953
156,0,1,0.65,0.6501038460992277,dropped_queue_full,,,
157,1,1,0.6541666666666667,0.6541913750115782,dropped_queue_full,,,
158,2,1,0.6583333333333333,0.6583579031284899,dropped_queue_full,,,
159,3,1,0.6625,0.6625164011493325,dropped_queue_full,,,
160,0,0,0.6666666666666666,0.6667261889670044,completed,0.721734288148582,55.06762148191535,34.71356964111328
161,1,0,0.6708333333333333,0.6709422969724983,completed,0.7329301261343062,62.09679280097291,34.68191909790039
162,2,0,0.675,0.6750988950952888,completed,0.7413741310592741,66.37413105927403,34.58137512207031
163,3,0,0.6791666666666667,0.6793165630660951,completed,0.7477961459662765,68.62947929960983,34.68812942504883
164,0,1,0.6833333333333333,0.6833859421312809,dropped_queue_full,,,
165,1,1,0.6875,0.6875667299609631,dropped_queue_full,,,
166,2,1,0.6916666666666667,0.6917239280883223,dropped_queue_full,,,
167,3,1,0.6958333333333333,0.6958913370035589,dropped_queue_full,,,
168,0,0,0.7,0.7000985941849649,completed,0.7564179401379079,56.417940137907905,34.62041473388672
169,1,0,0.7041666666666666,0.7041948931291699,completed,0.7663495310116559,62.18286434498932,34.679039001464844
170,2,0,0.7083333333333334,0.7084274010267109,completed,0.77464708709158,66.31375375824666,34.683937072753906
171,3,0,0.7125,0.7125003300607204,dropped_queue_full,,,
172,0,1,0.7166666666666667,0.7168201571330428,dropped_queue_full,,,
173,1,1,0.7208333333333333,0.7209412660449743,dropped_queue_full,,,
174,2,1,0.725,0.7250336951110512,dropped_queue_full,,,
175,3,1,0.7291666666666666,0.7291926729958504,completed,0.7826698671560735,53.50320048940682,34.63302230834961
176,0,0,0.7333333333333333,0.7334165410138667,completed,0.7912603111471981,57.9269778138648,34.641441345214844
177,1,0,0.7375,0.7376342481002212,completed,0.8001087820157409,62.60878201574083,34.52268981933594
178,2,0,0.7416666666666667,0.7416951081249863,completed,0.8086034769657999,66.93681029913323,34.45113754272461
179,3,0,0.7458333333333333,0.7459420051891357,dropped_queue_full,,,
180,0,1,0.75,0.7501012631691992,dropped_queue_full,,,
181,1,1,0.7541666666666667,0.7542203920893371,dropped_queue_full,,,
182,2,1,0.7583333333333333,0.758413220057264,dropped_queue_full,,,
183,3,1,0.7625,0.7625689981505275,completed,0.8171059521846473,54.605952184647364,34.399105072021484
184,0,0,0.7666666666666666,0.7666707669850439,completed,0.8288661541882902,62.19948752162363,34.34854507446289
185,1,0,0.7708333333333334,0.770878734998405,completed,0.837130140978843,66.2968076455096,34.233150482177734
186,2,0,0.775,0.7750995829701424,completed,0.842955362983048,67.95536298304793,34.224735260009766
187,3,0,0.7791666666666667,0.779260081006214,dropped_queue_full,,,
188,0,1,0.7833333333333333,0.7834120800253004,dropped_queue_full,,,
189,1,1,0.7875,0.7875671081710607,dropped_queue_full,,,
190,2,1,0.7916666666666666,0.7917345461901277,dropped_queue_full,,,
191,3,1,0.7958333333333333,0.7959393141791224,completed,0.8517049050424248,55.87157170909152,34.46441650390625
192,0,0,0.8,0.8001052921172231,completed,0.8622002401389182,62.20024013891812,34.59872055053711
193,1,0,0.8041666666666667,0.8043415800202638,completed,0.8704746870789677,66.30802041230099,34.558815002441406
194,2,0,0.8083333333333333,0.8084371390286833,dropped_queue_full,,,
195,3,0,0.8125,0.8125072179827839,dropped_queue_full,,,
196,0,1,0.8166666666666667,0.8168187651317567,dropped_queue_full,,,
197,1,1,0.8208333333333333,0.8209417641628534,dropped_queue_full,,,
198,2,1,0.825,0.8250977520365268,completed,0.8775130670983344,52.513067098334474,34.488319396972656
199,3,1,0.8291666666666666,0.8291882611811161,completed,0.8861042410135269,56.93757434686031,34.279422760009766
200,0,0,0.8333333333333334,0.8333980091847479,completed,0.8954672371037304,62.13390377039707,34.10230255126953
201,1,0,0.8375,0.837607067078352,completed,0.9038776031229645,66.37760312296447,34.0283203125
202,2,0,0.8416666666666667,0.8416729460004717,dropped_queue_full,,,
203,3,0,0.8458333333333333,0.8459425230976194,dropped_queue_full,,,
204,0,1,0.85,0.850099191069603,dropped_queue_full,,,
205,1,1,0.8541666666666666,0.8541987501084805,dropped_queue_full,,,
206,2,1,0.8583333333333333,0.8584665581583977,completed,0.9118849220685661,53.551588735232805,34.2355842590332
207,3,1,0.8624999999999999,0.8625216269865632,completed,0.9204196471255273,57.91964712552733,34.15516662597656
208,0,0,0.8666666666666667,0.8667387149762362,completed,0.928825942100957,62.159275434290336,34.10063934326172
209,1,0,0.8708333333333333,0.8709428231231868,completed,0.9375626251567155,66.72929182338217,34.09183883666992
210,2,0,0.875,0.8751516100019217,dropped_queue_full,,,
211,3,0,0.8791666666666667,0.8791934701148421,dropped_queue_full,,,
212,0,1,0.8833333333333333,0.8833483881317079,dropped_queue_full,,,
213,1,1,0.8875,0.887519306037575,dropped_queue_full,,,
214,2,1,0.8916666666666666,0.8917251240927726,completed,0.9459468009881675,54.28013432150092,33.93503952026367
215,3,1,0.8958333333333334,0.8959438921883702,completed,0.954583504004404,58.75017067107058,34.00115203857422
216,0,0,0.9,0.9001537000294775,completed,0.9664927951525897,66.49279515258965,34.056640625
217,1,0,0.9041666666666667,0.9043876370415092,completed,0.9718124021310359,67.64573546436925,34.06470489501953
218,2,0,0.9083333333333333,0.9084614771418273,dropped_queue_full,,,
219,3,0,0.9125,0.9125168961472809,dropped_queue_full,,,
220,0,1,0.9166666666666666,0.9167256741784513,dropped_queue_full,,,
221,1,1,0.9208333333333333,0.920892272144556,dropped_queue_full,,,
222,2,1,0.9249999999999999,0.9250968000851572,completed,0.9802620271220803,55.26202712208039,34.0327033996582
223,3,1,0.9291666666666667,0.929262347985059,completed,0.9913211760576814,62.15450939101474,34.112640380859375
224,0,0,0.9333333333333333,0.9334856059867889,completed,0.9995725941844285,66.23926085109511,34.031646728515625
225,1,0,0.9375,0.9375590849667788,completed,1.0058641510549933,68.36415105499327,33.97932815551758
226,2,0,0.9416666666666667,0.9417676629964262,dropped_queue_full,,,
227,3,0,0.9458333333333333,0.9459427311085165,dropped_queue_full,,,
228,0,1,0.95,0.9500553400721401,dropped_queue_full,,,
229,1,1,0.9541666666666666,0.9542585781309754,dropped_queue_full,,,
230,2,1,0.9583333333333334,0.9584814850240946,completed,1.014262936078012,55.92960274467862,33.94521713256836
231,3,1,0.9625,0.96256517409347,completed,1.0246866720262915,62.18667202629147,33.95782470703125
232,0,0,0.9666666666666667,0.9668145421892405,completed,1.0329570891335607,66.29042246689399,33.96745681762695
233,1,0,0.9708333333333333,0.9708573210518807,dropped_queue_full,,,
234,2,0,0.975,0.9750363091006875,dropped_queue_full,,,
235,3,0,0.9791666666666666,0.9791997880674899,dropped_queue_full,,,
236,0,1,0.9833333333333333,0.9834089160431176,dropped_queue_full,,,
237,1,1,0.9874999999999999,0.9875684240832925,completed,1.0400992271024734,52.59922710247344,33.9705924987793
238,2,1,0.9916666666666667,0.9917978111188859,completed,1.0483573849778622,56.69071831119554,33.93711853027344
239,3,1,0.9958333333333333,0.9958430710248649,completed,1.0579557390883565,62.122405755023145,33.94812774658203
240,0,0,1.0,1.000053329160437,completed,1.066577292047441,66.577292047441,33.95276641845703
241,1,0,1.0041666666666667,1.0044428650289774,dropped_queue_full,,,
242,2,0,1.0083333333333333,1.008350286167115,dropped_queue_full,,,
243,3,0,1.0125,1.0125220741610974,dropped_queue_full,,,
244,0,1,1.0166666666666666,1.0167718110606074,dropped_queue_full,,,
245,1,1,1.0208333333333333,1.0209398900624365,completed,1.0741019470151514,53.268613681818124,33.936161041259766
246,2,1,1.025,1.0250071389600635,completed,1.082517882110551,57.517882110551085,33.94367980957031
247,3,1,1.0291666666666666,1.0292089970316738,completed,1.091248125070706,62.081458404039445,34.083518981933594
248,0,0,1.0333333333333332,1.0334355041850358,completed,1.0996791711077094,66.3458377743762,33.97993469238281
249,1,0,1.0375,1.0375004841480404,dropped_queue_full,,,
250,2,0,1.0416666666666667,1.041673052124679,dropped_queue_full,,,
251,3,0,1.0458333333333334,1.0458814001176506,dropped_queue_full,,,
252,0,1,1.05,1.0500343281310052,dropped_queue_full,,,
253,1,1,1.0541666666666667,1.0541920959949493,completed,1.1082605950068682,54.09392834020154,34.05302429199219
254,2,1,1.0583333333333333,1.0584322940558195,completed,1.1166720499750227,58.338716641689324,34.095584869384766
255,3,1,1.0625,1.0626415421720594,completed,1.1288378881290555,66.3378881290555,34.003231048583984
256,0,0,1.0666666666666667,1.0667422600090504,completed,1.1336874300614,67.02076339473328,34.11699295043945
257,1,0,1.0708333333333333,1.0708394390530884,dropped_queue_full,,,
258,2,0,1.075,1.0750470671337098,dropped_queue_full,,,
259,3,0,1.0791666666666666,1.0792549150064588,dropped_queue_full,,,
260,0,1,1.0833333333333333,1.083461893023923,dropped_queue_full,,,
261,1,1,1.0875,1.0875053419731557,completed,1.1425202111713588,55.02021117135891,33.99273681640625
262,2,1,1.0916666666666666,1.0917258199770004,completed,1.1538289180025458,62.16225133587927,33.925662994384766
263,3,1,1.0958333333333332,1.0959440181031823,completed,1.1621615439653397,66.32821063200645,33.94015884399414
264,0,0,1.1,1.1000008170958608,completed,1.1677187189925462,67.71871899254612,33.91088104248047
265,1,0,1.1041666666666667,1.1041876850649714,dropped_queue_full,,,
266,2,0,1.1083333333333334,1.1084218630567193,dropped_queue_full,,,
267,3,0,1.1125,1.1125044021755457,dropped_queue_full,,,
268,0,1,1.1166666666666667,1.1168320090509951,dropped_queue_full,,,
269,1,1,1.1208333333333333,1.1208817781880498,completed,1.1765104210935533,55.677087760219955,33.85833740234375
270,2,1,1.125,1.1251011260319501,completed,1.1874377010390162,62.43770103901625,33.88761520385742
271,3,1,1.1291666666666667,1.129314144141972,completed,1.1958330671768636,66.6664005101969,33.96284866333008
272,0,0,1.1333333333333333,1.1333656830247492,dropped_queue_full,,,
273,1,0,1.1375,1.137565981131047,dropped_queue_full,,,
274,2,0,1.1416666666666666,1.1417240691371262,dropped_queue_full,,,
275,3,0,1.1458333333333333,1.1459419971797615,dropped_queue_full,,,
276,0,1,1.15,1.1500992150977254,completed,1.2017363081686199,51.736308168619956,33.95423889160156
277,1,1,1.1541666666666666,1.1543066131416708,completed,1.2105207901913673,56.354123524700704,33.9510383605957
278,2,1,1.1583333333333332,1.1583865319844335,completed,1.220522710122168,62.18937678883485,33.85398483276367
279,3,1,1.1625,1.1626385701820254,completed,1.22882723598741,66.32723598740986,33.94224166870117
280,0,0,1.1666666666666667,1.1667697881348431,dropped_queue_full,,,
281,1,0,1.1708333333333334,1.1709336170461029,dropped_queue_full,,,
282,2,0,1.175,1.1750782150775194,dropped_queue_full,,,
283,3,0,1.1791666666666667,1.1791718839667737,dropped_queue_full,,,
284,0,1,1.1833333333333333,1.1833577021025121,completed,1.2358315461315215,52.49821279818811,33.92272186279297
285,1,1,1.1875,1.1876012501306832,completed,1.2445205391850322,57.02053918503225,33.8834228515625
286,2,1,1.1916666666666667,1.1918075871653855,completed,1.2538684660103172,62.201799343650556,33.85987091064453
287,3,1,1.1958333333333333,1.1959962651599199,completed,1.2621905519627035,66.35721862937017,33.88937759399414
288,0,0,1.2,1.200028375023976,dropped_queue_full,,,
289,1,0,1.2041666666666666,1.2042561729904264,dropped_queue_full,,,
290,2,0,1.2083333333333333,1.2083538721781224,dropped_queue_full,,,
291,3,0,1.2125,1.2125667489599437,dropped_queue_full,,,
292,0,1,1.2166666666666666,1.216729008127004,completed,1.2697271171491593,53.06045048249275,33.831520080566406
293,1,1,1.2208333333333332,1.2208434559870511,completed,1.2785746580921113,57.741324758778134,33.902305603027344
294,2,1,1.225,1.225079044001177,completed,1.287111192010343,62.11119201034299,33.92396926879883
295,3,1,1.2291666666666667,1.2292622420936823,completed,1.2955580879934132,66.39142132674647,33.984798431396484
296,0,0,1.2333333333333334,1.2333408410195261,dropped_queue_full,,,
297,1,0,1.2375,1.2375682790298015,dropped_queue_full,,,
298,2,0,1.2416666666666667,1.2417252170853317,dropped_queue_full,,,
299,3,0,1.2458333333333333,1.245941614964977,dropped_queue_full,,,
300,0,1,1.25,1.2500991830602288,completed,1.3038241751492023,53.82417514920235,33.99900817871094
301,1,1,1.2541666666666667,1.2541928919963539,completed,1.312830985058099,58.66431839143238,34.00239944458008
302,2,1,1.2583333333333333,1.2584343501366675,completed,1.3246831360738724,66.34980274053915,33.994590759277344
303,3,1,1.2625,1.2625110391527414,completed,1.329694566084072,67.19456608407204,34.02732849121094
304,0,0,1.2666666666666666,1.2667302670888603,dropped_queue_full,,,
305,1,0,1.2708333333333333,1.2709426740184426,dropped_queue_full,,,
306,2,0,1.275,1.275039782980457,dropped_queue_full,,,
307,3,0,1.2791666666666666,1.2792064321693033,dropped_queue_full,,,
308,0,1,1.2833333333333332,1.2833520299755037,completed,1.33804942201823,54.71608868489675,34.06758499145508
309,1,1,1.2875,1.2875898480415344,completed,1.3496738651301712,62.173865130171095,33.906368255615234
310,2,1,1.2916666666666667,1.2918070850428194,completed,1.35796381207183,66.29714540516329,34.078369140625
311,3,1,1.2958333333333334,1.2958784641232342,completed,1.3638886529952288,68.05531966189537,34.11804962158203
312,0,0,1.3,1.300102342152968,dropped_queue_full,,,
313,1,0,1.3041666666666667,1.3042557900771499,dropped_queue_full,,,
314,2,0,1.3083333333333333,1.3083505791146308,dropped_queue_full,,,
315,3,0,1.3125,1.312506128102541,dropped_queue_full,,,
316,0,1,1.3166666666666667,1.3167247651144862,completed,1.3724187570624053,55.7520903957387,34.1962890625
317,1,1,1.3208333333333333,1.3209424731321633,completed,1.3832148790825158,62.381545749182536,34.265472412109375
318,2,1,1.325,1.3250036030076444,completed,1.3913886570371687,66.38865703716878,34.156639099121094
319,3,1,1.3291666666666666,1.3292131810449064,dropped_queue_full,,,
320,0,0,1.3333333333333333,1.3334129580762237,dropped_queue_full,,,
321,1,0,1.3375,1.337569747120142,dropped_queue_full,,,
322,2,0,1.3416666666666666,1.3418198339641094,dropped_queue_full,,,
323,3,0,1.3458333333333332,1.345939263002947,completed,1.3981036799959838,52.270346662650624,34.16179275512695
324,0,1,1.35,1.3501506911125034,completed,1.4066394951660186,56.63949516601852,34.174400329589844
325,1,1,1.3541666666666667,1.3542112200520933,completed,1.4162344390060753,62.06777233940852,34.16592025756836
326,2,1,1.3583333333333334,1.3584409481845796,completed,1.424642733996734,66.30940066340062,34.15382385253906
327,3,1,1.3625,1.3625044871587306,dropped_queue_full,,,
328,0,0,1.3666666666666667,1.3667216950561851,dropped_queue_full,,,
329,1,0,1.3708333333333333,1.370882353046909,dropped_queue_full,,,
330,2,0,1.375,1.3750868909992278,dropped_queue_full,,,
331,3,0,1.3791666666666667,1.3792542691808194,completed,1.4325763350352645,53.40966836859784,34.239105224609375
332,0,1,1.3833333333333333,1.3833786679897457,completed,1.4411053690128028,57.77203567946954,34.261566162109375
333,1,1,1.3875,1.3876185349654406,completed,1.4499983601272106,62.49836012721066,34.402591705322266
334,2,1,1.3916666666666666,1.3917090240865946,completed,1.458426526049152,66.75985938248542,34.38800048828125
335,3,1,1.3958333333333333,1.3959237521048635,dropped_queue_full,,,
336,0,0,1.4,1.4001003301236778,dropped_queue_full,,,
337,1,0,1.4041666666666666,1.404256139183417,dropped_queue_full,,,
338,2,0,1.4083333333333332,1.4083508781623095,dropped_queue_full,,,
339,3,0,1.4125,1.412505656015128,completed,1.4669480801094323,54.448080109432254,34.371070861816406
340,0,1,1.4166666666666667,1.4167132840957493,completed,1.4755168340634555,58.85016739678872,34.380577087402344
341,1,1,1.4208333333333334,1.420915232039988,completed,1.487408075015992,66.57474168265853,34.327552795410156
342,2,1,1.425,1.425101859960705,completed,1.4928892201278359,67.88922012783583,34.36115264892578
343,3,1,1.4291666666666667,1.4293109271675348,dropped_queue_full,,,
344,0,0,1.4333333333333333,1.4333649270702153,dropped_queue_full,,,
345,1,0,1.4375,1.437570455018431,dropped_queue_full,,,
346,2,0,1.4416666666666667,1.4417356429621577,dropped_queue_full,,,
347,3,0,1.4458333333333333,1.445940291043371,completed,1.5017343321815133,55.90099884818001,34.5384635925293
348,0,1,1.45,1.4501588381826878,completed,1.5121168079786003,62.116807978600306,34.558048248291016
349,1,1,1.4541666666666666,1.4541915780864656,completed,1.5205697731580585,66.40310649139192,34.494815826416016
350,2,1,1.4583333333333333,1.4584224061109126,completed,1.5275730430148542,69.23970968152094,34.465919494628906
351,3,1,1.4625,1.4626417430117726,dropped_queue_full,,,
352,0,0,1.4666666666666666,1.466820881003514,dropped_queue_full,,,
353,1,0,1.4708333333333332,1.470870291115716,dropped_queue_full,,,
354,2,0,1.475,1.4750374990981072,dropped_queue_full,,,
355,3,0,1.4791666666666667,1.4792553270235658,completed,1.5362642060499638,57.09753938329709,34.50067138671875
356,0,1,1.4833333333333334,1.4834755051415414,completed,1.5454797130078077,62.14637967447434,34.485023498535156
357,1,1,1.4875,1.4875715940725058,completed,1.5538958690594882,66.39586905948813,34.490238189697266
358,2,1,1.4916666666666667,1.4916674131527543,dropped_queue_full,,,
359,3,1,1.4958333333333333,1.495869361096993,dropped_queue_full,,,
360,0,0,1.5,1.5000379791017622,dropped_queue_full,,,
361,1,0,1.5041666666666667,1.5042424770072103,dropped_queue_full,,,
362,2,0,1.5083333333333333,1.5083486649673432,completed,1.562358694151044,54.02536081771059,34.591392517089844
363,3,0,1.5125,1.5125955431722105,completed,1.5710496071260422,58.54960712604229,34.61222457885742
364,0,1,1.5166666666666666,1.5168181811459363,completed,1.5830066271591932,66.33996049252656,34.64438247680664
365,1,1,1.5208333333333333,1.5208900000434369,completed,1.5886349810753018,67.80164774196851,34.73721694946289
366,2,1,1.525,1.5251019881106913,dropped_queue_full,,,
367,3,1,1.5291666666666666,1.5293025551363826,dropped_queue_full,,,
368,0,0,1.5333333333333332,1.533351215068251,dropped_queue_full,,,
369,1,0,1.5375,1.5375218230765313,dropped_queue_full,,,
370,2,0,1.5416666666666667,1.5417250010650605,completed,1.5972051650751382,55.53849840847147,34.7988166809082
371,3,0,1.5458333333333334,1.545942169148475,completed,1.608017637161538,62.18430382820461,34.649024963378906
372,0,1,1.55,1.5501546561717987,completed,1.6163661130703986,66.36611307039853,34.740257263183594
373,1,1,1.5541666666666667,1.554217876167968,completed,1.6235731311608106,69.40646449414389,34.7894401550293
374,2,1,1.5583333333333333,1.558452103054151,dropped_queue_full,,,
375,3,1,1.5625,1.5625194830354303,dropped_queue_full,,,
376,0,0,1.5666666666666667,1.5667244410142303,dropped_queue_full,,,
377,1,0,1.5708333333333333,1.5708794291131198,dropped_queue_full,,,
378,2,0,1.575,1.5750975771807134,completed,1.6322207441553473,57.22074415534739,34.71628952026367
379,3,0,1.5791666666666666,1.5792616051621735,completed,1.6412672440055758,62.10057733890917,34.97343826293945
380,0,1,1.5833333333333333,1.58348517306149,completed,1.6496776891872287,66.34435585389542,34.94240188598633
381,1,1,1.5875,1.5875269821844995,dropped_queue_full,,,
382,2,1,1.5916666666666666,1.5918100490234792,dropped_queue_full,,,
383,3,1,1.5958333333333332,1.595940818078816,dropped_queue_full,,,
384,0,0,1.6,1.6000989661552012,dropped_queue_full,,,
385,1,0,1.6041666666666667,1.6042518140748143,completed,1.6585775001440197,54.41083347735298,34.76377487182617
386,2,0,1.6083333333333334,1.6083572830539197,completed,1.667052315082401,58.718981749067645,34.75030517578125
387,3,0,1.6125,1.61258525098674,completed,1.6787606079597026,66.26060795970257,34.77814483642578
388,0,1,1.6166666666666667,1.6166872901376337,completed,1.6843982611317188,67.73159446505205,34.724769592285156
389,1,1,1.6208333333333333,1.6208996779751033,dropped_queue_full,,,
390,2,1,1.625,1.6250977551098913,dropped_queue_full,,,
391,3,1,1.6291666666666667,1.629254013998434,dropped_queue_full,,,
392,0,0,1.6333333333333333,1.6334770221728832,dropped_queue_full,,,
393,1,0,1.6375,1.6375060509890318,completed,1.69335942203179,55.85942203179006,34.697086334228516
394,2,0,1.6416666666666666,1.6417434690520167,completed,1.7040276951156557,62.36102844898905,34.60505676269531
395,3,0,1.6458333333333333,1.6459423371125013,completed,1.7121522731613368,66.31893982800352,34.64054489135742
396,0,1,1.65,1.6500009561423212,completed,1.719197663012892,69.1976630128921,34.6605110168457
397,1,1,1.6541666666666666,1.6542145940475166,dropped_queue_full,,,
398,2,1,1.6583333333333332,1.6584133920259774,dropped_queue_full,,,
399,3,1,1.6624999999999999,1.6625409901607782,dropped_queue_full,,,
400,0,0,1.6666666666666667,1.6667275379877537,dropped_queue_full,,,
401,1,0,1.6708333333333334,1.6709394559729844,completed,1.7281028230208904,57.26948968755696,34.59641647338867
402,2,0,1.675,1.6750170751474798,completed,1.7371674631722271,62.1674631722271,34.56844711303711
403,3,0,1.6791666666666667,1.6792397829703987,completed,1.745466739172116,66.30007250544922,34.53392028808594
404,0,1,1.6833333333333333,1.683452001074329,dropped_queue_full,,,
405,1,1,1.6875,1.687507210066542,dropped_queue_full,,,
406,2,1,1.6916666666666667,1.6918196771293879,dropped_queue_full,,,
407,3,1,1.6958333333333333,1.6958689361345023,dropped_queue_full,,,
408,0,0,1.7,1.7000977641437203,completed,1.7537480359897017,53.74803598970179,34.48057556152344
409,1,0,1.7041666666666666,1.7041913631837815,completed,1.7627419361378998,58.57526947123315,34.43641662597656
410,2,0,1.7083333333333333,1.7084022811613977,completed,1.77465574699454,66.32241366120684,34.466590881347656
411,3,0,1.7125,1.7126288791187108,completed,1.7797876761760563,67.28767617605635,34.46249771118164
412,0,1,1.7166666666666666,1.7166992381680757,dropped_queue_full,,,
413,1,1,1.7208333333333332,1.720879556145519,dropped_queue_full,,,
414,2,1,1.7249999999999999,1.7250345039647073,dropped_queue_full,,,
415,3,1,1.7291666666666667,1.7292047620285302,dropped_queue_full,,,
416,0,0,1.7333333333333334,1.7334119800943881,completed,1.7884170389734209,55.083705640087466,34.449249267578125
417,1,0,1.7375,1.7376451480668038,completed,1.7996290370356292,62.12903703562911,34.37919998168945
418,2,0,1.7416666666666667,1.7417102069593966,completed,1.8079226140398532,66.25594737318652,34.37247848510742
419,3,0,1.7458333333333333,1.7459432750474662,completed,1.8143602791242301,68.5269457908968,34.431968688964844
420,0,1,1.75,1.7500008139759302,dropped_queue_full,,,
421,1,1,1.7541666666666667,1.7542239921167493,dropped_queue_full,,,
422,2,1,1.7583333333333333,1.7584122500848025,dropped_queue_full,,,
423,3,1,1.7625,1.7625751381274313,dropped_queue_full,,,
424,0,0,1.7666666666666666,1.7668193851131946,completed,1.822886754060164,56.22008739349749,34.42921447753906
425,1,0,1.7708333333333333,1.7709060939960182,completed,1.832955023040995,62.121689707661744,34.402015686035156
426,2,0,1.775,1.7750995121896267,completed,1.8413744680583477,66.37446805834779,34.32601547241211
427,3,0,1.7791666666666666,1.7793074601795524,dropped_queue_full,,,
428,0,1,1.7833333333333332,1.7833514800295234,dropped_queue_full,,,
429,1,1,1.7874999999999999,1.787507708184421,dropped_queue_full,,,
430,2,1,1.7916666666666667,1.791721035959199,dropped_queue_full,,,
431,3,1,1.7958333333333334,1.7958789840340614,completed,1.8487280050758272,52.89467174249385,34.3070068359375
432,0,0,1.8,1.8000996119808406,completed,1.857359318062663,57.359318062663036,34.25948715209961
433,1,0,1.8041666666666667,1.8041778809856623,completed,1.8662801489699632,62.11348230329649,34.233375549316406
434,2,0,1.8083333333333333,1.808425729162991,completed,1.8745793260168284,66.24599268349507,34.185150146484375
435,3,0,1.8125,1.8126546861603856,dropped_queue_full,,,
436,0,1,1.8166666666666667,1.816712245112285,dropped_queue_full,,,
437,1,1,1.8208333333333333,1.8208833441603929,dropped_queue_full,,,
438,2,1,1.825,1.8250367620494217,dropped_queue_full,,,
439,3,1,1.8291666666666666,1.829193170182407,completed,1.8831886290572584,54.02196239059176,34.28073501586914
440,0,0,1.8333333333333333,1.8334316881373525,completed,1.891669464064762,58.33613073142874,34.30307388305664
441,1,0,1.8375,1.8376442561857402,completed,1.9038210730068386,66.32107300683865,34.32390213012695
442,2,0,1.8416666666666666,1.8416947550140321,completed,1.9089466410223395,67.2799743556729,34.30294418334961
443,3,0,1.8458333333333332,1.8459101030603051,dropped_queue_full,,,
444,0,1,1.8499999999999999,1.8500990110915154,dropped_queue_full,,,
445,1,1,1.8541666666666667,1.8542573591694236,dropped_queue_full,,,
446,2,1,1.8583333333333334,1.858459907118231,dropped_queue_full,,,
447,3,1,1.8625,1.8625062371138483,completed,1.917665874119848,55.16587411984797,34.299808502197266
448,0,0,1.8666666666666667,1.8667596441227943,completed,1.928781382041052,62.114715374385284,34.21993637084961
449,1,0,1.8708333333333333,1.8708337030839175,completed,1.9371056989766657,66.27236564333239,34.05654525756836
450,2,0,1.875,1.8750578411854804,completed,1.9432031479664147,68.20314796641469,34.040992736816406
451,3,0,1.8791666666666667,1.8792592689860612,dropped_queue_full,,,
452,0,1,1.8833333333333333,1.8833491681143641,dropped_queue_full,,,
453,1,1,1.8875,1.8875061359722167,dropped_queue_full,,,
454,2,1,1.8916666666666666,1.891830783104524,dropped_queue_full,,,
455,3,1,1.8958333333333333,1.8958793620113283,completed,1.9517389920074493,55.90565867411601,34.09187316894531
456,0,0,1.9,1.9000957401003689,completed,1.9621512880548835,62.151288054883565,34.04582214355469
457,1,0,1.9041666666666666,1.9042599780950695,completed,1.9717895111534745,67.62284448680789,34.09049606323242
458,2,0,1.9083333333333332,1.9085032960865647,dropped_queue_full,,,
459,3,0,1.9124999999999999,1.912506596185267,dropped_queue_full,,,
460,0,1,1.9166666666666667,1.9167139630299062,dropped_queue_full,,,
461,1,1,1.9208333333333334,1.9208819321356714,dropped_queue_full,,,
462,2,1,1.925,1.9250393700785935,completed,1.9773614460136741,52.3614460136741,34.01340866088867
463,3,1,1.9291666666666667,1.9292600580956787,completed,1.986046798992902,56.88013232623534,34.064735412597656
464,0,0,1.9333333333333333,1.9333440770860761,completed,1.9955886129755527,62.25527964221933,34.10451126098633
465,1,0,1.9375,1.9375829240307212,completed,2.0038452399894595,66.34523998945951,34.03657531738281
466,2,0,1.9416666666666667,1.9418059419840574,dropped_queue_full,,,
467,3,0,1.9458333333333333,1.945881781168282,dropped_queue_full,,,
468,0,1,1.95,1.95003721001558,dropped_queue_full,,,
469,1,1,1.9541666666666666,1.9542566370218992,dropped_queue_full,,,
470,2,1,1.9583333333333333,1.9584127659909427,completed,2.0115716031286865,53.23826979535329,34.04060745239258
471,3,1,1.9625,1.9626290630549192,completed,2.0201035770587623,57.6035770587624,34.022239685058594
472,0,0,1.9666666666666666,1.9667076021432877,completed,2.0292588060256094,62.59213935894281,34.04336166381836
473,1,0,1.9708333333333332,1.9717810919974,completed,2.037406064104289,66.5727307709556,33.992095947265625
474,2,0,1.9749999999999999,1.9756142331752926,dropped_queue_full,,,
475,3,0,1.9791666666666667,1.9792528771795332,dropped_queue_full,,,
476,0,1,1.9833333333333334,1.9834090450312942,dropped_queue_full,,,
477,1,1,1.9875,1.9876166230533272,dropped_queue_full,,,
478,2,1,1.9916666666666667,1.9918202611152083,completed,2.0458243801258504,54.15771345918374,34.02761459350586
479,3,1,1.9958333333333333,1.9959103700239211,completed,2.054262885125354,58.42955179202058,34.06681442260742
480,0,0,2.0,2.0001012780703604,completed,2.0664162831380963,66.41628313809633,34.04512023925781
481,1,0,2.0041666666666664,2.0043234250042588,completed,2.071628261124715,67.46159445804878,34.07174301147461
482,2,0,2.0083333333333333,2.008629832183942,dropped_queue_full,,,
483,3,0,2.0125,2.0125165530480444,dropped_queue_full,,,
484,0,1,2.0166666666666666,2.0166915021836758,dropped_queue_full,,,
485,1,1,2.0208333333333335,2.020891240099445,dropped_queue_full,,,
486,2,1,2.025,2.025038018124178,completed,2.0799473780207336,54.94737802073368,34.04179382324219
487,3,1,2.029166666666667,2.0292544460389763,completed,2.091304964153096,62.138297486429295,34.076480865478516
488,0,0,2.033333333333333,2.0333347250707448,completed,2.0996173010207713,66.28396768743805,33.95916748046875
489,1,0,2.0375,2.037567302118987,completed,2.1057282390538603,68.22823905386022,33.98400115966797
490,2,0,2.0416666666666665,2.041802820051089,dropped_queue_full,,,
491,3,0,2.0458333333333334,2.0459416080266237,dropped_queue_full,,,
492,0,1,2.05,2.050098337000236,dropped_queue_full,,,
493,1,1,2.0541666666666667,2.0542555451393127,dropped_queue_full,,,
494,2,1,2.058333333333333,2.058357894187793,completed,2.11410393496044,55.77060162710667,33.983360290527344
495,3,1,2.0625,2.0625994221773,completed,2.1248304080218077,62.33040802180767,34.07030487060547
496,0,0,2.0666666666666664,2.066738360095769,completed,2.1330067361705005,66.34006950383409,34.1921272277832
497,1,0,2.0708333333333333,2.070834309095517,dropped_queue_full,,,
498,2,0,2.075,2.0750376670621336,dropped_queue_full,,,
499,3,0,2.0791666666666666,2.0791927550453693,dropped_queue_full,,,
500,0,1,2.0833333333333335,2.083349594147876,dropped_queue_full,,,
501,1,1,2.0875,2.0875060621183366,completed,2.1398849370889366,52.38493708893665,34.08806228637695
502,2,1,2.091666666666667,2.091780839022249,completed,2.148357162019238,56.69049535257109,34.04608154296875
503,3,1,2.095833333333333,2.0958584980107844,completed,2.1579476760234684,62.11434269013516,33.95119857788086
504,0,0,2.1,2.1000999161042273,completed,2.1664186611305922,66.41866113059214,33.93561553955078
505,1,0,2.1041666666666665,2.1043175940867513,dropped_queue_full,,,
506,2,0,2.1083333333333334,2.1083482331596315,dropped_queue_full,,,
507,3,0,2.1125,2.1125683409627527,dropped_queue_full,,,
508,0,1,2.1166666666666667,2.1167239090427756,dropped_queue_full,,,
509,1,1,2.120833333333333,2.1208818580489606,completed,2.174044355051592,53.21102171825886,33.88633728027344
510,2,1,2.125,2.125149085186422,completed,2.182417731033638,57.41773103363812,33.908607482910156
511,3,1,2.1291666666666664,2.1292468539904803,completed,2.1913358920719475,62.169225405281026,34.05129623413086
512,0,0,2.1333333333333333,2.133484530961141,completed,2.1996300080791116,66.29667474577828,34.0813102722168
513,1,0,2.1375,2.137535060988739,dropped_queue_full,,,
514,2,0,2.1416666666666666,2.141723169013858,dropped_queue_full,,,
515,3,0,2.1458333333333335,2.1458815971855074,dropped_queue_full,,,
516,0,1,2.15,2.1500374050810933,dropped_queue_full,,,
517,1,1,2.154166666666667,2.1541951140388846,completed,2.2081994630862027,54.032796419535956,34.06963348388672
518,2,1,2.158333333333333,2.158424141118303,completed,2.2165749489795417,58.241615646208444,33.983009338378906
519,3,1,2.1625,2.1626492489594966,completed,2.2250155741348863,62.51557413488618,33.98972702026367
520,0,0,2.1666666666666665,2.166741637978703,completed,2.2336164980661124,66.94983139944588,34.13017654418945
521,1,0,2.1708333333333334,2.1709421961568296,dropped_queue_full,,,
522,2,0,2.175,2.17514596413821,dropped_queue_full,,,
523,3,0,2.1791666666666667,2.1791912131011486,dropped_queue_full,,,
524,0,1,2.183333333333333,2.1833607321605086,dropped_queue_full,,,
525,1,1,2.1875,2.1875694491900504,completed,2.242417769972235,54.917769972234964,34.132991790771484
526,2,1,2.1916666666666664,2.1918134670704603,completed,2.253780096070841,62.113429404174525,34.13600158691406
527,3,1,2.1958333333333333,2.1958787359762937,completed,2.2620803031604737,66.2469698271404,34.233150482177734
528,0,0,2.2,2.2001004840712994,completed,2.2678867040667683,67.88670406676812,34.03558349609375
529,1,0,2.2041666666666666,2.204319931101054,dropped_queue_full,,,
530,2,0,2.2083333333333335,2.208359931129962,dropped_queue_full,,,
531,3,0,2.2125,2.2125691489782184,dropped_queue_full,,,
532,0,1,2.216666666666667,2.216734867077321,dropped_queue_full,,,
533,1,1,2.220833333333333,2.220938925165683,completed,2.276679116068408,55.84578273507468,34.00089645385742
534,2,1,2.225,2.225010904017836,completed,2.2870905420277268,62.090542027726684,33.98463821411133
535,3,1,2.2291666666666665,2.2293695299886167,completed,2.2955229280050844,66.35626133841788,34.00153732299805
536,0,0,2.2333333333333334,2.2334523901809007,dropped_queue_full,,,
537,1,0,2.2375,2.237507238984108,dropped_queue_full,,,
538,2,0,2.2416666666666667,2.2418199160601944,dropped_queue_full,,,
539,3,0,2.245833333333333,2.2458773450925946,dropped_queue_full,,,
540,0,1,2.25,2.2500389330089092,completed,2.301940503064543,51.94050306454301,34.040000915527344
541,1,1,2.2541666666666664,2.254263150971383,completed,2.3107336449902505,56.56697832358404,34.0335693359375
542,2,1,2.2583333333333333,2.258337170118466,completed,2.3204180679749697,62.084734641636445,34.073150634765625
543,3,1,2.2625,2.262556818081066,completed,2.3288426040671766,66.34260406717641,34.08067321777344
544,0,0,2.2666666666666666,2.266786076128483,dropped_queue_full,,,
545,1,0,2.2708333333333335,2.2708923341706395,dropped_queue_full,,,
546,2,0,2.275,2.275099802063778,dropped_queue_full,,,
547,3,0,2.279166666666667,2.2791938211303204,dropped_queue_full,,,
548,0,1,2.283333333333333,2.283352519152686,completed,2.33620210015215,52.86876681881658,34.06041717529297
549,1,1,2.2875,2.287567837163806,completed,2.345046981004998,57.546981004998,34.06486511230469
550,2,1,2.2916666666666665,2.2917869151569903,completed,2.3537852640729398,62.11859740627324,34.080448150634766
551,3,1,2.2958333333333334,2.295843383995816,completed,2.362088601104915,66.25526777158174,34.14102554321289
552,0,0,2.3,2.300045361975208,dropped_queue_full,,,
553,1,0,2.3041666666666667,2.304276150185615,dropped_queue_full,,,
554,2,0,2.308333333333333,2.308350909035653,dropped_queue_full,,,
555,3,0,2.3125,2.312618246069178,dropped_queue_full,,,
556,0,1,2.3166666666666664,2.316666916012764,completed,2.370512566063553,53.845899396886665,34.200897216796875
557,1,1,2.3208333333333333,2.3208957130555063,completed,2.379262298112735,58.42896477940185,34.19014358520508
558,2,1,2.325,2.325101301074028,completed,2.3913242879789323,66.32428797893209,34.23699188232422
559,3,1,2.3291666666666666,2.3293201189953834,completed,2.3963499071542174,67.18324048755076,34.266910552978516
560,0,0,2.3333333333333335,2.33340303809382,dropped_queue_full,,,
561,1,0,2.3375,2.3376228760462254,dropped_queue_full,,,
562,2,0,2.341666666666667,2.3418220940511674,dropped_queue_full,,,
563,3,0,2.345833333333333,2.3458356230985373,dropped_queue_full,,,
564,0,1,2.35,2.3500393009744585,completed,2.404828342143446,54.82834214344612,34.2375373840332
565,1,1,2.3541666666666665,2.354261189000681,completed,2.4162838580086827,62.11719134201621,34.209312438964844
566,2,1,2.3583333333333334,2.358334918040782,completed,2.4246877231635153,66.35438983018193,34.190303802490234
567,3,1,2.3625,2.362566606141627,completed,2.4306358040776104,68.13580407761054,34.24028778076172
568,0,0,2.3666666666666667,2.3668123229872435,dropped_queue_full,,,
569,1,0,2.370833333333333,2.3709435721393675,dropped_queue_full,,,
570,2,0,2.375,2.375054551055655,dropped_queue_full,,,
571,3,0,2.3791666666666664,2.3792560091242194,dropped_queue_full,,,
572,0,1,2.3833333333333333,2.3833470880053937,completed,2.4391030489932746,55.76971565994127,34.17555236816406
573,1,1,2.3875,2.387574965134263,completed,2.4496761031914502,62.17610319145006,34.23750305175781
574,2,1,2.3916666666666666,2.3918013931252062,completed,2.457959369989112,66.29270332244542,34.20383834838867
575,3,1,2.3958333333333335,2.3958695721812546,dropped_queue_full,,,
576,0,0,2.4,2.400036619976163,dropped_queue_full,,,
577,1,0,2.404166666666667,2.404192359186709,dropped_queue_full,,,
578,2,0,2.408333333333333,2.40841211611405,dropped_queue_full,,,
579,3,0,2.4125,2.4125071850139648,completed,2.4651010881643742,52.60108816437415,34.32307052612305
580,0,1,2.4166666666666665,2.4167609731666744,completed,2.473670352017507,57.00368535084044,34.450462341308594
581,1,1,2.4208333333333334,2.4209441910497844,completed,2.482973478967324,62.14014563399051,34.37171173095703
582,2,1,2.425,2.425008530030027,completed,2.4914028150960803,66.40281509608047,34.566654205322266
583,3,1,2.4291666666666667,2.429216818185523,dropped_queue_full,,,
584,0,0,2.433333333333333,2.433487505186349,dropped_queue_full,,,
585,1,0,2.4375,2.4375279650557786,dropped_queue_full,,,
586,2,0,2.4416666666666664,2.441772632068023,dropped_queue_full,,,
587,3,0,2.4458333333333333,2.445939150173217,completed,2.499876969959587,54.04363662625356,34.55740737915039
588,0,1,2.45,2.4501562481746078,completed,2.508355295052752,58.35529505275172,34.5316162109375
589,1,1,2.4541666666666666,2.454204307170585,completed,2.520541163161397,66.37449649473038,34.548030853271484
590,2,1,2.4583333333333335,2.4584364851471037,completed,2.5258903491776437,67.55701584431017,34.61174392700195
591,3,1,2.4625,2.462647072970867,dropped_queue_full,,,
592,0,0,2.466666666666667,2.466676332987845,dropped_queue_full,,,
593,1,0,2.470833333333333,2.470879190135747,dropped_queue_full,,,
594,2,0,2.475,2.4750377889722586,dropped_queue_full,,,
595,3,0,2.4791666666666665,2.4791910271160305,completed,2.5344189640600234,55.25229739335691,34.50511932373047
596,0,1,2.4833333333333334,2.483451004140079,completed,2.545667111175135,62.333777841801385,34.654144287109375
597,1,1,2.4875,2.4876500621903688,completed,2.5537812900729477,66.28129007294791,34.63203048706055
598,2,1,2.4916666666666667,2.491723752114922,completed,2.560668991180137,69.0023245134701,34.663455963134766
599,3,1,2.495833333333333,2.495943959103897,dropped_queue_full,,,
600,0,0,2.5,2.5000375581439584,dropped_queue_full,,,
601,1,0,2.5041666666666664,2.5041962871327996,dropped_queue_full,,,
602,2,0,2.5083333333333333,2.5083497951272875,dropped_queue_full,,,
603,3,0,2.5125,2.512568053090945,completed,2.5694194331299514,56.91943312995118,34.80393600463867
604,0,1,2.5166666666666666,2.516789310146123,completed,2.578779119066894,62.11245240022745,34.78102493286133
605,1,1,2.5208333333333335,2.520863159094006,completed,2.5871072560548782,66.27392272154475,34.82195281982422
606,2,1,2.525,2.525097157107666,dropped_queue_full,,,
607,3,1,2.529166666666667,2.5291843260638416,dropped_queue_full,,,
608,0,0,2.533333333333333,2.533349194098264,dropped_queue_full,,,
609,1,0,2.5375,2.5375241430010647,dropped_queue_full,,,
610,2,0,2.5416666666666665,2.5417229409795254,completed,2.5955122420564294,53.84557538976287,34.669281005859375
611,3,0,2.5458333333333334,2.5459895781241357,completed,2.604264414170757,58.43108083742354,34.7465934753418
612,0,1,2.55,2.5500377570278943,completed,2.616398842073977,66.39884207397716,34.7283821105957
613,1,1,2.5541666666666667,2.554259925149381,completed,2.6218924270942807,67.72576042761402,34.67900848388672
614,2,1,2.558333333333333,2.5584729129914194,dropped_queue_full,,,
615,3,1,2.5625,2.5625087721273303,dropped_queue_full,,,
616,0,0,2.5666666666666664,2.566668641055003,dropped_queue_full,,,
617,1,0,2.5708333333333333,2.570990367094055,dropped_queue_full,,,
618,2,0,2.575,2.575035187182948,completed,2.6302627429831773,55.26274298317713,34.58252716064453
619,3,0,2.5791666666666666,2.5792628740891814,completed,2.6413285720627755,62.161905396108885,34.63999938964844
620,0,1,2.5833333333333335,2.5833504130132496,completed,2.649652259191498,66.31892585816468,34.555198669433594
621,1,1,2.5875,2.5875862610992044,completed,2.656518560135737,69.01856013573715,34.505279541015625
622,2,1,2.591666666666667,2.591666900087148,dropped_queue_full,,,
623,3,1,2.595833333333333,2.595940767088905,dropped_queue_full,,,
624,0,0,2.6,2.6000974159687757,dropped_queue_full,,,
625,1,0,2.6041666666666665,2.604257303988561,dropped_queue_full,,,
626,2,0,2.6083333333333334,2.608352773124352,completed,2.665064715081826,56.73138174849246,34.5233268737793
627,3,0,2.6125,2.6126141301356256,completed,2.674695388181135,62.195388181135236,34.548831939697266
628,0,1,2.6166666666666667,2.616720909019932,completed,2.6829903749749064,66.32370830823974,34.61222457885742
629,1,1,2.620833333333333,2.620943177025765,dropped_queue_full,,,
630,2,1,2.625,2.625041576102376,dropped_queue_full,,,
631,3,1,2.6291666666666664,2.6291960440576077,dropped_queue_full,,,
632,0,0,2.6333333333333333,2.6334123420529068,dropped_queue_full,,,
633,1,0,2.6375,2.63756774016656,completed,2.6912578120827675,53.75781208276731,34.597408294677734
634,2,0,2.6416666666666666,2.6418058280833066,completed,2.6997303070966154,58.063640429948826,34.552734375
635,3,0,2.6458333333333335,2.6458888170309365,completed,2.7083910601213574,62.557726788023956,34.524993896484375
636,0,1,2.65,2.650100475177169,completed,2.7168768951669335,66.87689516693362,34.434078216552734
637,1,1,2.654166666666667,2.6541736940853298,dropped_queue_full,,,
638,2,1,2.658333333333333,2.6584116211161017,dropped_queue_full,,,
639,3,1,2.6625,2.6625676800031215,dropped_queue_full,,,
640,0,0,2.6666666666666665,2.6667943471111357,dropped_queue_full,,,
641,1,0,2.6708333333333334,2.6709412860218436,completed,2.7258306560106575,54.997322677324156,34.376190185546875
642,2,0,2.675,2.675015595043078,completed,2.7371584221255034,62.1584221255036,34.59718322753906
643,3,0,2.6791666666666667,2.6792326730210334,completed,2.7454369391780347,66.27027251136796,34.485984802246094
644,0,1,2.683333333333333,2.683471010066569,completed,2.7518755551427603,68.54222180942715,34.81856155395508
645,1,1,2.6875,2.6875334091018885,dropped_queue_full,,,
646,2,1,2.6916666666666664,2.6917313269805163,dropped_queue_full,,,
647,3,1,2.6958333333333333,2.6958361461292952,dropped_queue_full,,,
648,0,0,2.7,2.700046753976494,dropped_queue_full,,,
649,1,0,2.7041666666666666,2.7042563420254737,completed,2.7607314460910857,56.564779424419065,34.774559020996094
650,2,0,2.7083333333333335,2.7083864610176533,completed,2.770562837133184,62.22950379985059,34.613216400146484
651,3,0,2.7125,2.7126487779896706,completed,2.7788221549708396,66.3221549708397,34.74937438964844
652,0,1,2.716666666666667,2.7167125470004976,dropped_queue_full,,,
653,1,1,2.720833333333333,2.72088068514131,dropped_queue_full,,,
654,2,1,2.725,2.7250351139809936,dropped_queue_full,,,
655,3,1,2.7291666666666665,2.729253701167181,dropped_queue_full,,,
656,0,0,2.7333333333333334,2.733411499997601,completed,2.786260819993913,52.92748666057978,34.37964630126953
657,1,0,2.7375,2.7376356669701636,completed,2.7952600000426173,57.7600000426175,34.43062210083008
658,2,0,2.7416666666666667,2.7416890871245414,completed,2.8038407741114497,62.17410744478302,34.31264114379883
659,3,0,2.745833333333333,2.7459138941485435,completed,2.8122837389819324,66.45040564859927,34.357566833496094
660,0,1,2.75,2.750151792075485,dropped_queue_full,,,
661,1,1,2.7541666666666664,2.7541927511338145,dropped_queue_full,,,
662,2,1,2.7583333333333333,2.758411698974669,dropped_queue_full,,,
663,3,1,2.7625,2.7626394571270794,dropped_queue_full,,,
664,0,0,2.7666666666666666,2.7668222051579505,completed,2.8208872929681093,54.22062630144264,34.51472091674805
665,1,0,2.7708333333333335,2.7708833441138268,completed,2.8298938130028546,59.0604796695211,34.48963165283203
666,2,0,2.775,2.7750854319892824,completed,2.8413267079740763,66.32670797407636,34.53638458251953
667,3,0,2.779166666666667,2.779259609989822,completed,2.8471020511351526,67.9353844684858,34.6005744934082
668,0,1,2.783333333333333,2.783483878010884,dropped_queue_full,,,
669,1,1,2.7875,2.7875204579904675,dropped_queue_full,,,
670,2,1,2.7916666666666665,2.791722745168954,dropped_queue_full,,,
671,3,1,2.7958333333333334,2.795890204142779,dropped_queue_full,,,
672,0,0,2.8,2.800097821978852,completed,2.855572956148535,55.57295614853519,34.54841613769531
673,1,0,2.8041666666666667,2.8043176990468055,completed,2.8664391869679093,62.272520301242636,34.49843215942383
674,2,0,2.808333333333333,2.8083767890930176,completed,2.874701424036175,66.36809070284188,34.44755172729492
675,3,0,2.8125,2.8126309160143137,completed,2.8815748950000852,69.07489500008523,34.47849655151367
676,0,1,2.8166666666666664,2.81670067505911,dropped_queue_full,,,
677,1,1,2.8208333333333333,2.8208811131771654,dropped_queue_full,,,
678,2,1,2.825,2.8250993110705167,dropped_queue_full,,,
679,3,1,2.8291666666666666,2.8292563289869577,dropped_queue_full,,,
680,0,0,2.8333333333333335,2.8333494181279093,completed,2.8902010989841074,56.86776565077389,34.44041442871094
681,1,0,2.8375,2.837571216048673,completed,2.8997024630662054,62.20246306620547,34.33820724487305
682,2,0,2.841666666666667,2.8418041141703725,completed,2.9080089300405234,66.34226337385662,34.287071228027344
683,3,0,2.845833333333333,2.8458657630253583,dropped_queue_full,,,
684,0,1,2.85,2.8500371309928596,dropped_queue_full,,,
685,1,1,2.8541666666666665,2.8541920999996364,dropped_queue_full,,,
686,2,1,2.8583333333333334,2.8583499481901526,dropped_queue_full,,,
687,3,1,2.8625,2.8625019560568035,completed,2.91604180005379,53.54180005379039,34.30339050292969
688,0,0,2.8666666666666667,2.8667594341095537,completed,2.9245712240226567,57.90455735598998,34.21331024169922
689,1,0,2.870833333333333,2.870942772133276,completed,2.9334632551763207,62.62992184298754,34.283870697021484
690,2,0,2.875,2.875021811109036,completed,2.941732462029904,66.73246202990413,34.146976470947266
691,3,0,2.8791666666666664,2.8792278689797968,dropped_queue_full,,,
692,0,1,2.8833333333333333,2.8834600560367107,dropped_queue_full,,,
693,1,1,2.8875,2.887564865173772,dropped_queue_full,,,
694,2,1,2.8916666666666666,2.891770833171904,dropped_queue_full,,,
695,3,1,2.8958333333333335,2.895941791124642,completed,2.9504192350432277,54.58590170989419,34.19744110107422
696,0,0,2.9,2.9000234401319176,completed,2.9588326511438936,58.832651143893685,34.1893424987793
697,1,0,2.904166666666667,2.9042325681075454,completed,2.970752081135288,66.5854144686211,34.05807876586914
698,2,0,2.908333333333333,2.9084863250609487,completed,2.976048578042537,67.71524470920376,34.05353546142578
699,3,0,2.9125,2.9127469630911946,dropped_queue_full,,,
700,0,1,2.9166666666666665,2.9166726630646735,dropped_queue_full,,,
701,1,1,2.9208333333333334,2.9208396719768643,dropped_queue_full,,,
702,2,1,2.925,2.925047380151227,dropped_queue_full,,,
703,3,1,2.9291666666666667,2.9292553570121527,completed,2.984574743080884,55.40807641421752,34.08662414550781
704,0,0,2.933333333333333,2.933459835126996,completed,2.9955817630980164,62.24842976468325,33.97052764892578
705,1,0,2.9375,2.937511035008356,completed,3.0038217501714826,66.32175017148256,34.07891082763672
706,2,0,2.9416666666666664,2.941728622186929,completed,3.010203476063907,68.53680939724072,34.03913497924805
707,3,0,2.9458333333333333,2.94593260018155,dropped_queue_full,,,
708,0,1,2.95,2.950097978115082,dropped_queue_full,,,
709,1,1,2.9541666666666666,2.9541921571362764,dropped_queue_full,,,
710,2,1,2.9583333333333335,2.958353036083281,dropped_queue_full,,,
711,3,1,2.9625,2.9625704931095243,completed,3.018730801064521,56.23080106452116,34.028160095214844
712,0,0,2.966666666666667,2.966810471145436,completed,3.0288468890357763,62.18022236910947,34.148353576660156
713,1,0,2.970833333333333,2.970915700076148,completed,3.037128675961867,66.29534262853376,33.97644805908203
714,2,0,2.975,2.975100258132443,dropped_queue_full,,,
715,3,0,2.9791666666666665,2.9791934471577406,dropped_queue_full,,,
716,0,1,2.9833333333333334,2.9833499051164836,dropped_queue_full,,,
717,1,1,2.9875,2.987506124190986,dropped_queue_full,,,
718,2,1,2.9916666666666667,2.991822879994288,completed,3.0443470240570605,52.68035739039378,33.9455680847168
719,3,1,2.995833333333333,2.9959046500734985,completed,3.0529467281885445,57.11339485521138,34.057281494140625
720,0,0,3.0,3.000099577009678,completed,3.0621848350856453,62.18483508564532,34.14003372192383
721,1,0,3.0041666666666664,3.0042593060061336,completed,3.0706508501898497,66.4841835231833,34.35424041748047
722,2,0,3.0083333333333333,3.0084730139933527,dropped_queue_full,,,
723,3,0,3.0125,3.0130078981164843,dropped_queue_full,,,
724,0,1,3.0166666666666666,3.0167214709799737,dropped_queue_full,,,
725,1,1,3.0208333333333335,3.020931129110977,dropped_queue_full,,,
726,2,1,3.025,3.025096897035837,completed,3.0788244791328907,53.82447913289079,34.36860656738281
727,3,1,3.029166666666667,3.0291688560973853,completed,3.087264174129814,58.097507463147124,34.27423858642578
728,0,0,3.033333333333333,3.033376964041963,completed,3.0957663289736956,62.43299564036242,34.21036911010742
729,1,0,3.0375,3.0376056821551174,completed,3.104530520970002,67.03052097000173,33.91561508178711
730,2,0,3.0416666666666665,3.041673201136291,dropped_queue_full,,,
731,3,0,3.0458333333333334,3.045879899058491,dropped_queue_full,,,
732,0,1,3.05,3.0500378671567887,dropped_queue_full,,,
733,1,1,3.0541666666666667,3.0542036150582135,dropped_queue_full,,,
734,2,1,3.058333333333333,3.0584110929630697,completed,3.112915077013895,54.581743680561786,33.88691329956055
735,3,1,3.0625,3.0625067721121013,completed,3.124689829070121,62.18982907012105,33.954078674316406
736,0,0,3.0666666666666664,3.066721090115607,completed,3.1329218661412597,66.25519947459324,33.93916702270508
737,1,0,3.0708333333333333,3.0709442980587482,completed,3.1385542701464146,67.72093681308134,33.926944732666016
738,2,0,3.075,3.075006827013567,dropped_queue_full,,,
739,3,0,3.0791666666666666,3.079254924086854,dropped_queue_full,,,
740,0,1,3.0833333333333335,3.083409913117066,dropped_queue_full,,,
741,1,1,3.0875,3.0875806610565633,dropped_queue_full,,,
742,2,1,3.091666666666667,3.0918215881101787,completed,3.146915616001934,55.24894933526703,33.869537353515625
743,3,1,3.095833333333333,3.09592745709233,completed,3.157943226164207,62.10989283087365,33.89139175415039
744,0,0,3.1,3.100004766136408,completed,3.166369611164555,66.36961116455487,33.868961334228516
745,1,0,3.1041666666666665,3.104209464043379,dropped_queue_full,,,
746,2,0,3.1083333333333334,3.1084122920874506,dropped_queue_full,,,
747,3,0,3.1125,3.112746449187398,dropped_queue_full,,,
748,0,1,3.1166666666666667,3.1168183679692447,dropped_queue_full,,,
749,1,1,3.120833333333333,3.1209409160073847,completed,3.1726454680319875,51.81213469865442,33.862144470214844
750,2,1,3.125,3.1250119660981,completed,3.1810215250588953,56.02152505889535,33.90848159790039
751,3,1,3.1291666666666664,3.1292010340839624,completed,3.191257141996175,62.09047532950862,34.08124923706055
752,0,0,3.1333333333333333,3.133402492152527,completed,3.199658908182755,66.32557484942181,34.066017150878906
753,1,0,3.1375,3.137604270130396,dropped_queue_full,,,
754,2,0,3.1416666666666666,3.1418217869941145,dropped_queue_full,,,
755,3,0,3.1458333333333335,3.1459637260995805,dropped_queue_full,,,
756,0,1,3.15,3.150036365026608,dropped_queue_full,,,
757,1,1,3.154166666666667,3.154193503083661,completed,3.206942104967311,52.77543830064424,34.221153259277344
758,2,1,3.158333333333333,3.15842033107765,completed,3.215357210021466,57.0238766881328,34.23152160644531
759,3,1,3.1625,3.162633939180523,completed,3.224644427187741,62.14442718774072,34.17228698730469
760,0,0,3.1666666666666665,3.166691788006574,completed,3.2329993741586804,66.33270749201392,34.27507019042969
761,1,0,3.1708333333333334,3.17090941616334,dropped_queue_full,,,
762,2,0,3.175,3.1750978340860456,dropped_queue_full,,,
763,3,0,3.1791666666666667,3.179254012182355,dropped_queue_full,,,
764,0,1,3.183333333333333,3.183348410995677,dropped_queue_full,,,
765,1,1,3.1875,3.187506509013474,completed,3.2412591211032122,53.75912110321224,34.201377868652344
766,2,1,3.1916666666666664,3.191733207087964,completed,3.249671047087759,58.00438042109235,34.14985656738281
767,3,1,3.1958333333333333,3.1959424051456153,completed,3.258160582045093,62.32724871175988,34.17852783203125
768,0,0,3.2,3.2000998030416667,completed,3.266745125176385,66.74512517638487,34.1743049621582
769,1,0,3.2041666666666666,3.204278321005404,dropped_queue_full,,,
770,2,0,3.2083333333333335,3.2083574910648167,dropped_queue_full,,,
771,3,0,3.2125,3.2125066090375185,dropped_queue_full,,,
772,0,1,3.216666666666667,3.216724817175418,dropped_queue_full,,,
773,1,1,3.220833333333333,3.220880655106157,completed,3.2755072379950434,54.67390466171018,34.0777587890625
774,2,1,3.225,3.2250984131824225,completed,3.28383845416829,58.838454168289815,34.05231857299805
775,3,1,3.2291666666666665,3.2292617009952664,completed,3.2955625471659005,66.39588049923395,34.18150329589844
776,0,0,3.2333333333333334,3.2334784890990704,completed,3.3010464319959283,67.71309866259489,34.15974426269531
777,1,0,3.2375,3.2375407780054957,dropped_queue_full,,,
778,2,0,3.2416666666666667,3.241734046023339,dropped_queue_full,,,
779,3,0,3.245833333333333,3.245940804015845,dropped_queue_full,,,
780,0,1,3.25,3.2500978920143098,dropped_queue_full,,,
781,1,1,3.2541666666666664,3.254253891063854,completed,3.309892602963373,55.725936296706635,34.24204635620117
782,2,1,3.2583333333333333,3.2584774780552834,completed,3.3205674160271883,62.234082693855,34.18864059448242
783,3,1,3.2624999999999997,3.2625376081559807,completed,3.3288219531532377,66.32195315323797,34.180320739746094
784,0,0,3.2666666666666666,3.266742275096476,completed,3.335355108138174,68.68844147150722,34.208255767822266
785,1,0,3.2708333333333335,3.2709451830014586,dropped_queue_full,,,
786,2,0,3.275,3.275028052041307,dropped_queue_full,,,
787,3,0,3.279166666666667,3.279196161078289,dropped_queue_full,,,
788,0,1,3.283333333333333,3.283357938984409,dropped_queue_full,,,
789,1,1,3.2875,3.2875609369948506,completed,3.3441023300401866,56.60233004018656,34.14201736450195
790,2,1,3.2916666666666665,3.2917916050646454,completed,3.3538275330793113,62.16086641264474,34.14457702636719
791,3,1,3.2958333333333334,3.295883064158261,completed,3.3622281490825117,66.39481574917826,34.20547103881836
792,0,0,3.3,3.3000980510842055,dropped_queue_full,,,
793,1,0,3.3041666666666667,3.304183969972655,dropped_queue_full,,,
794,2,0,3.308333333333333,3.3083507490810007,dropped_queue_full,,,
795,3,0,3.3125,3.3125667760614306,dropped_queue_full,,,
796,0,1,3.3166666666666664,3.316820344189182,completed,3.369571345159784,52.90467849311753,34.181217193603516
797,1,1,3.3208333333333333,3.3208883029874414,completed,3.3785197951365262,57.68646180319293,34.148128509521484
798,2,1,3.3249999999999997,3.3251007611397654,completed,3.387127429014072,62.12742901407209,34.169246673583984
799,3,1,3.3291666666666666,3.3292604989837855,completed,3.3955598750617355,66.39320839506891,34.182945251464844
800,0,0,3.3333333333333335,3.333459757035598,dropped_queue_full,,,
801,1,0,3.3375,3.337505296105519,dropped_queue_full,,,
802,2,0,3.341666666666667,3.341820113128051,dropped_queue_full,,,
803,3,0,3.345833333333333,3.3459392320364714,dropped_queue_full,,,
804,0,1,3.35,3.3500971000175923,completed,3.403881951002404,53.88195100240401,34.19599914550781
805,1,1,3.3541666666666665,3.3542603191453964,completed,3.4127634721808136,58.596805514147036,34.16620635986328
806,2,1,3.3583333333333334,3.3584761060774326,completed,3.4246378131210804,66.304479787747,34.131614685058594
807,3,1,3.3625,3.36254850612022,completed,3.4297901620157063,67.29016201570647,34.185791015625
808,0,0,3.3666666666666667,3.36675226315856,dropped_queue_full,,,
809,1,0,3.370833333333333,3.3709413909818977,dropped_queue_full,,,
810,2,0,3.375,3.375097710173577,dropped_queue_full,,,
811,3,0,3.3791666666666664,3.3793098779860884,dropped_queue_full,,,
812,0,1,3.3833333333333333,3.383349717129022,completed,3.438260497059673,54.92716372633977,34.174625396728516
813,1,1,3.3874999999999997,3.3875426549930125,completed,3.449685312109068,62.185312109068306,34.17910385131836
814,2,1,3.3916666666666666,3.3917752630077302,completed,3.4579645190387964,66.29785237212982,34.2224006652832
815,3,1,3.3958333333333335,3.395880131982267,completed,3.464101028162986,68.26769482965256,34.29897689819336
816,0,0,3.4,3.400104769039899,dropped_queue_full,,,
817,1,0,3.404166666666667,3.4042009480763227,dropped_queue_full,,,
818,2,0,3.408333333333333,3.40841228608042,dropped_queue_full,,,
819,3,0,3.4125,3.412568864179775,dropped_queue_full,,,
820,0,1,3.4166666666666665,3.416818361962214,completed,3.4727305811829865,56.06391451631998,34.369598388671875
821,1,1,3.4208333333333334,3.4208957511000335,completed,3.4829997790511698,62.16644571783636,34.464927673339844
822,2,1,3.425,3.4250992690213025,completed,3.4912672261707485,66.26722617074864,34.42367935180664
823,3,1,3.4291666666666667,3.429310497129336,dropped_queue_full,,,
824,0,0,3.433333333333333,3.433354696026072,dropped_queue_full,,,
825,1,0,3.4375,3.4375099141616374,dropped_queue_full,,,
826,2,0,3.4416666666666664,3.441821681102738,dropped_queue_full,,,
827,3,0,3.4458333333333333,3.445939250057563,completed,3.4988260800018907,52.99274666855736,34.554527282714844
828,0,1,3.4499999999999997,3.4500072391238064,completed,3.5073559139855206,57.35591398552087,34.54703903198242
829,1,1,3.4541666666666666,3.4542147570755333,completed,3.516310435021296,62.143768354629536,34.45228958129883
830,2,1,3.4583333333333335,3.4584414751734585,completed,3.524815170094371,66.48183676103736,34.391231536865234
831,3,1,3.4625,3.4625498331151903,dropped_queue_full,,,
832,0,0,3.466666666666667,3.4667223719879985,dropped_queue_full,,,
833,1,0,3.470833333333333,3.47088130004704,dropped_queue_full,,,
834,2,0,3.475,3.475086578167975,dropped_queue_full,,,
835,3,0,3.4791666666666665,3.4792534259613603,completed,3.533514852169901,54.34818550323462,34.490657806396484
836,0,1,3.4833333333333334,3.483477804111317,completed,3.5420552871655673,58.721953832233886,34.538143157958984
837,1,1,3.4875,3.487534253159538,completed,3.553831309080124,66.33130908012407,34.57001495361328
838,2,1,3.4916666666666667,3.4917438810225576,completed,3.559466422069818,67.79975540315108,34.59231948852539
839,3,1,3.495833333333333,3.495945079019293,dropped_queue_full,,,
840,0,0,3.5,3.5000392079818994,dropped_queue_full,,,
841,1,0,3.5041666666666664,3.504255325999111,dropped_queue_full,,,
842,2,0,3.5083333333333333,3.508410924114287,dropped_queue_full,,,
843,3,0,3.5124999999999997,3.5125667420215905,completed,3.568260484142229,55.76048414222923,34.61872100830078
844,0,1,3.5166666666666666,3.516812019981444,completed,3.578778399154544,62.11173248787727,34.51219177246094
845,1,1,3.5208333333333335,3.5208753689657897,completed,3.5872162540908903,66.3829207575568,34.54102325439453
846,2,1,3.525,3.525099487043917,completed,3.5942583240102977,69.25832401029774,34.53209686279297
847,3,1,3.529166666666667,3.5293166341725737,dropped_queue_full,,,
848,0,0,3.533333333333333,3.533349724020809,dropped_queue_full,,,
849,1,0,3.5375,3.5375673919916153,dropped_queue_full,,,
850,2,0,3.5416666666666665,3.5417317000683397,dropped_queue_full,,,
851,3,0,3.5458333333333334,3.5459403779823333,completed,3.602889847010374,57.05651367704068,34.55254364013672
852,0,1,3.55,3.550098996143788,completed,3.6121921939775348,62.19219397753495,34.75321578979492
853,1,1,3.5541666666666667,3.554308774182573,completed,3.6205114009790123,66.34473431234555,34.6710090637207
854,2,1,3.558333333333333,3.5583613330964,dropped_queue_full,,,
855,3,1,3.5625,3.562567241024226,dropped_queue_full,,,
856,0,0,3.5666666666666664,3.566722569987178,dropped_queue_full,,,
857,1,0,3.5708333333333333,3.5708794679958373,dropped_queue_full,,,
858,2,0,3.5749999999999997,3.575037046102807,completed,3.6289464961737394,53.9464961737397,34.645599365234375
859,3,0,3.5791666666666666,3.579261383973062,completed,3.637522069970146,58.355403303479214,34.6187858581543
860,0,1,3.5833333333333335,3.583470432087779,completed,3.649700818117708,66.36748478437448,34.34374237060547
861,1,1,3.5875,3.587537441169843,completed,3.6550205249805003,67.52052498050043,34.393375396728516
862,2,1,3.591666666666667,3.5917678591795266,dropped_queue_full,,,
863,3,1,3.595833333333333,3.59594146697782,dropped_queue_full,,,
864,0,0,3.6,3.6000986150465906,dropped_queue_full,,,
865,1,0,3.6041666666666665,3.604307593079284,dropped_queue_full,,,
866,2,0,3.6083333333333334,3.608411042019725,completed,3.663518730085343,55.18539675200973,34.330047607421875
867,3,0,3.6125,3.612516841152683,completed,3.674690538085997,62.19053808599728,34.36588668823242
868,0,1,3.6166666666666667,3.61675788811408,completed,3.6829494449775666,66.2827783108999,34.43360137939453
869,1,1,3.620833333333333,3.6209895361680537,completed,3.68951503909193,68.68170575859666,34.3276481628418
870,2,1,3.625,3.625058215111494,dropped_queue_full,,,
871,3,1,3.6291666666666664,3.629264852963388,dropped_queue_full,,,
872,0,0,3.6333333333333333,3.633341172011569,dropped_queue_full,,,
873,1,0,3.6374999999999997,3.637514620088041,dropped_queue_full,,,
874,2,0,3.6416666666666666,3.641725958092138,completed,3.6979052550159395,56.23858834927287,34.34425735473633
875,3,0,3.6458333333333335,3.645943706156686,completed,3.7081776820123196,62.34434867898608,34.52080154418945
876,0,1,3.65,3.6500231551472098,completed,3.716514138970524,66.51413897052416,34.54326248168945
877,1,1,3.654166666666667,3.6542272730730474,dropped_queue_full,,,
878,2,1,3.658333333333333,3.6584114711731672,dropped_queue_full,,,
879,3,1,3.6625,3.662568489089608,dropped_queue_full,,,
880,0,0,3.6666666666666665,3.6668186471797526,dropped_queue_full,,,
881,1,0,3.6708333333333334,3.670940045034513,completed,3.7242008121684194,53.36747883508597,34.52067184448242
882,2,0,3.675,3.6750111151486635,completed,3.732572828186676,57.572828186676084,34.48505783081055
883,3,0,3.6791666666666667,3.67919566296041,completed,3.741327130002901,62.16046333623426,34.3765754699707
884,0,1,3.683333333333333,3.683427090058103,completed,3.7497627451084554,66.42941177512229,34.34944152832031
885,1,1,3.6875,3.6876359381712973,dropped_queue_full,,,
886,2,1,3.6916666666666664,3.691711727064103,dropped_queue_full,,,
887,3,1,3.6958333333333333,3.6958812549710274,dropped_queue_full,,,
888,0,0,3.6999999999999997,3.700098023051396,dropped_queue_full,,,
889,1,0,3.7041666666666666,3.704253421165049,completed,3.7585769270081073,54.4102603414407,34.24991989135742
890,2,0,3.7083333333333335,3.7083404900040478,completed,3.7669459630269557,58.61262969362224,34.21052932739258
891,3,0,3.7125,3.7125813881866634,completed,3.778749275021255,66.2492750212551,34.248321533203125
892,0,1,3.716666666666667,3.7168668450322,completed,3.7840782119892538,67.41154532258697,34.24425506591797
893,1,1,3.720833333333333,3.720924393972382,dropped_queue_full,,,
894,2,1,3.725,3.7251452321652323,dropped_queue_full,,,
895,3,1,3.7291666666666665,3.729194242041558,dropped_queue_full,,,
896,0,0,3.7333333333333334,3.73336064000614,dropped_queue_full,,,
897,1,0,3.7375,3.737568777985871,completed,3.792946662986651,55.44666298665124,34.26262283325195
898,2,0,3.7416666666666667,3.741804304998368,completed,3.8037984741386026,62.131807471935915,34.2388801574707
899,3,0,3.745833333333333,3.745871474966407,completed,3.8122622491791844,66.42891584585131,34.291263580322266
900,0,1,3.75,3.7500806821044534,completed,3.8187265140004456,68.7265140004456,34.49603271484375
901,1,1,3.7541666666666664,3.7542613800615072,dropped_queue_full,,,
902,2,1,3.7583333333333333,3.7584133490454406,dropped_queue_full,,,
903,3,1,3.7624999999999997,3.7626522660721093,dropped_queue_full,,,
904,0,0,3.7666666666666666,3.7668223150540143,dropped_queue_full,,,
905,1,0,3.7708333333333335,3.770939463051036,completed,3.8275747559964657,56.7414226631322,34.468894958496094
906,2,0,3.775,3.775007141986862,completed,3.8371259700506926,62.125970050692644,34.478145599365234
907,3,0,3.779166666666667,3.7792281401343644,completed,3.8455636859871447,66.39701932047792,34.52799987792969
908,0,1,3.783333333333333,3.7834443780593574,dropped_queue_full,,,
909,1,1,3.7875,3.7875182770658284,dropped_queue_full,,,
910,2,1,3.7916666666666665,3.7917234650813043,dropped_queue_full,,,
911,3,1,3.7958333333333334,3.795881603145972,dropped_queue_full,,,
912,0,0,3.8,3.8000390520319343,completed,3.8531972190830857,53.197219083085834,34.3350715637207
913,1,0,3.8041666666666667,3.8042601991910487,completed,3.8621050701476634,57.938403480996655,34.349918365478516
914,2,0,3.808333333333333,3.808483317028731,completed,3.870587415061891,62.25408172855795,34.348480224609375
915,3,0,3.8125,3.812582405982539,completed,3.879206228069961,66.70622806996107,34.382080078125
916,0,1,3.8166666666666664,3.8166805151849985,dropped_queue_full,,,
917,1,1,3.8208333333333333,3.8209292921237648,dropped_queue_full,,,
918,2,1,3.8249999999999997,3.825096151093021,dropped_queue_full,,,
919,3,1,3.8291666666666666,3.829304728191346,dropped_queue_full,,,
920,0,0,3.8333333333333335,3.8333560281898826,completed,3.8876696440856904,54.336310752356894,34.38550567626953
921,1,0,3.8375,3.8376024949830025,completed,3.896535095060244,59.03509506024429,34.31631851196289
922,2,0,3.841666666666667,3.8418187331408262,completed,3.9079179209657013,66.25125429903456,34.297855377197266
923,3,0,3.845833333333333,3.845883722184226,completed,3.9135764040984213,67.74307076508812,34.354976654052734
924,0,1,3.85,3.8501005601137877,dropped_queue_full,,,
925,1,1,3.8541666666666665,3.8542554781306535,dropped_queue_full,,,
926,2,1,3.8583333333333334,3.858410427113995,dropped_queue_full,,,
927,3,1,3.8625,3.862578625092283,dropped_queue_full,,,
928,0,0,3.8666666666666667,3.866819991962984,completed,3.922167408047244,55.50074138057725,34.34342575073242
929,1,0,3.870833333333333,3.870909111108631,completed,3.93303078901954,62.19745568620682,34.34220886230469
930,2,0,3.875,3.8751448090188205,completed,3.9413259259890765,66.3259259890765,34.30214309692383
931,3,0,3.8791666666666664,3.8792016881052405,completed,3.948044309159741,68.87764249307438,34.311134338378906
932,0,1,3.8833333333333333,3.8834183260332793,dropped_queue_full,,,
933,1,1,3.8874999999999997,3.887507055187598,dropped_queue_full,,,
934,2,1,3.8916666666666666,3.8916723830625415,dropped_queue_full,,,
935,3,1,3.8958333333333335,3.895886141108349,dropped_queue_full,,,
936,0,0,3.9,3.9001009091734886,completed,3.9565123240463436,56.51232404634365,34.21712112426758
937,1,0,3.904166666666667,3.9041726579889655,completed,3.966258676024154,62.09200935748704,34.26937484741211
938,2,0,3.908333333333333,3.908395626116544,completed,3.9746160921640694,66.2827588307362,34.223167419433594
939,3,0,3.9125,3.912641762988642,dropped_queue_full,,,
940,0,1,3.9166666666666665,3.91668970300816,dropped_queue_full,,,
941,1,1,3.9208333333333334,3.92094025015831,dropped_queue_full,,,
942,2,1,3.925,3.9250991381704807,dropped_queue_full,,,
943,3,1,3.9291666666666667,3.9292548070661724,completed,3.982574193039909,53.407526373242305,34.33135986328125
944,0,0,3.933333333333333,3.933351836167276,completed,3.991047198185697,57.71386485236407,34.37865447998047
945,1,0,3.9375,3.937576062977314,completed,3.9998762391041964,62.37623910419643,34.26851272583008
946,2,0,3.9416666666666664,3.941803310997784,completed,4.008172446163371,66.50577949670478,34.24697494506836
947,3,0,3.9458333333333333,3.9458597600460052,dropped_queue_full,,,
948,0,1,3.9499999999999997,3.9500350991729647,dropped_queue_full,,,
949,1,1,3.9541666666666666,3.9541964770760387,dropped_queue_full,,,
950,2,1,3.9583333333333335,3.9583494251128286,dropped_queue_full,,,
951,3,1,3.9625,3.962508544092998,completed,4.0168282489757985,54.32824897579857,34.19375991821289
952,0,0,3.966666666666667,3.966736331116408,completed,4.025316594168544,58.64992750187703,34.169471740722656
953,1,0,3.970833333333333,3.9708592500537634,completed,4.037159626139328,66.32629280599467,34.08396911621094
954,2,0,3.975,3.9750988681335,completed,4.042355884099379,67.3558840993791,33.98944091796875
955,3,0,3.9791666666666665,3.9793077050708234,dropped_queue_full,,,
956,0,1,3.9833333333333334,3.983361924998462,dropped_queue_full,,,
957,1,1,3.9875,3.9875734930392355,dropped_queue_full,,,
958,2,1,3.9916666666666667,3.9916804011445493,dropped_queue_full,,,
959,3,1,3.995833333333333,3.99594071903266,completed,4.050904317991808,55.07098465847493,34.029441833496094
960,0,0,4.0,4.000040407991037,completed,4.062546161003411,62.546161003410816,33.97990417480469
961,1,0,4.004166666666666,4.004248725017533,completed,4.0708204379770905,66.65377131042405,33.95356750488281
962,2,0,4.008333333333333,4.008335683960468,completed,4.076555671170354,68.22233783702103,34.01433563232422
963,3,0,4.0125,4.0126012021210045,dropped_queue_full,,,
964,0,1,4.016666666666667,4.016823259182274,dropped_queue_full,,,
965,1,1,4.020833333333333,4.020883979042992,dropped_queue_full,,,
966,2,1,4.025,4.025148946093395,dropped_queue_full,,,
967,3,1,4.029166666666667,4.02919527515769,completed,4.08504999615252,55.883329485853395,34.00300979614258
968,0,0,4.033333333333333,4.033413753146306,completed,4.095497091067955,62.16375773462168,33.98409652709961
969,1,0,4.0375,4.0376381010282785,completed,4.103746698005125,66.24669800512528,34.01295852661133
970,2,0,4.041666666666667,4.041718480177224,dropped_queue_full,,,
971,3,0,4.045833333333333,4.045939558185637,dropped_queue_full,,,
972,0,1,4.05,4.050102896057069,dropped_queue_full,,,
973,1,1,4.054166666666666,4.05420235497877,dropped_queue_full,,,
974,2,1,4.058333333333334,4.0584138431586325,completed,4.110646408982575,52.31307564924137,33.98643112182617
975,3,1,4.0625,4.062541401013732,completed,4.119252973003313,56.752973003312945,34.09939193725586
976,0,0,4.066666666666666,4.066750289173797,completed,4.129059385042638,62.39271837597116,34.07049560546875
977,1,0,4.070833333333333,4.070945197017863,completed,4.137192903086543,66.35956975321022,34.08156967163086
978,2,0,4.075,4.07513488503173,dropped_queue_full,,,
979,3,0,4.079166666666667,4.079197554150596,dropped_queue_full,,,
980,0,1,4.083333333333333,4.083353562979028,dropped_queue_full,,,
981,1,1,4.0875,4.087567770155147,dropped_queue_full,,,
982,2,1,4.091666666666667,4.091722588986158,completed,4.145043384982273,53.3767183156062,34.136287689208984
983,3,1,4.095833333333333,4.095943437190726,completed,4.153606039006263,57.7727056729298,34.08335876464844
984,0,0,4.1,4.10000076610595,completed,4.164203922031447,64.20392203144765,34.18988800048828
985,1,0,4.104166666666667,4.104225174058229,completed,4.175648148171604,71.48148150493671,34.14534378051758
986,2,0,4.108333333333333,4.108444661134854,dropped_queue_full,,,
987,3,0,4.1125,4.112506101140752,dropped_queue_full,,,
988,0,1,4.116666666666666,4.116822217125446,dropped_queue_full,,,
989,1,1,4.120833333333334,4.120940436143428,dropped_queue_full,,,
990,2,1,4.125,4.125098354183137,completed,4.179163333028555,54.163333028554916,34.04780960083008
991,3,1,4.129166666666666,4.129223993048072,completed,4.193317790981382,64.1511243147157,34.12531280517578
992,0,0,4.133333333333333,4.133441731100902,completed,4.19902952411212,65.69619077878741,34.114559173583984
993,1,0,4.1375,4.1375146000646055,completed,4.205112633062527,67.61263306252641,34.0750732421875
994,2,0,4.141666666666667,4.141767647117376,dropped_queue_full,,,
995,3,0,4.145833333333333,4.145942765986547,dropped_queue_full,,,
996,0,1,4.15,4.1501184441149235,dropped_queue_full,,,
997,1,1,4.154166666666667,4.154259511968121,dropped_queue_full,,,
998,2,1,4.158333333333333,4.158422860084102,completed,4.213556158123538,55.22282479020468,34.12944030761719
999,3,1,4.1625,4.164197733160108,completed,4.222506568068638,60.0065680686388,34.19062423706055
1000,0,0,4.166666666666667,4.169946965062991,completed,4.234392349142581,67.72568247591425,34.208065032958984
1001,1,0,4.170833333333333,4.175640768138692,dropped_dispatch_late,,,
1002,2,0,4.175,4.175659028114751,dropped_queue_full,,,
1003,3,0,4.179166666666666,4.179327081190422,dropped_queue_full,,,
1004,0,1,4.183333333333334,4.183485849061981,dropped_queue_full,,,
1005,1,1,4.1875,4.187583018094301,completed,4.240296370116994,52.796370116993785,34.20636749267578
1006,2,1,4.191666666666666,4.193308721063659,completed,4.250711716013029,59.04504934636279,34.112159729003906
1007,3,1,4.195833333333333,4.19902332406491,completed,4.256268530152738,60.435196819405235,34.10028839111328
1008,0,0,4.2,4.20475851604715,dropped_dispatch_late,,,
1009,1,0,4.204166666666667,4.204768316121772,dropped_queue_full,,,
1010,2,0,4.208333333333333,4.208478298969567,dropped_queue_full,,,
1011,3,0,4.2125,4.212582088075578,dropped_queue_full,,,
1012,0,1,4.216666666666667,4.216742526041344,completed,4.267960583092645,51.293916425978026,33.992095947265625
1013,1,1,4.220833333333333,4.222497068112716,completed,4.273571557132527,52.73822379919402,33.998687744140625
1014,2,1,4.225,4.22867482714355,completed,4.281807244056836,56.807244056836126,33.966304779052734
1015,3,1,4.229166666666667,4.234386229189113,dropped_dispatch_late,,,
1016,0,0,4.233333333333333,4.234404249116778,completed,4.292463287012652,59.12995367931817,25.679136276245117
1017,1,0,4.2375,4.240289050154388,completed,4.299509097123519,62.009097123518764,25.825151443481445
1018,2,0,4.241666666666666,4.245743145002052,dropped_queue_full,,,
1019,3,0,4.245833333333334,4.245914314175025,completed,4.309719193959609,63.885860626275104,51.4317741394043
1020,0,1,4.25,4.250704266130924,dropped_queue_full,,,
1021,1,1,4.254166666666666,4.254209700971842,dropped_queue_full,,,
1022,2,1,4.258333333333333,4.258333649020642,completed,4.317401057109237,59.06772377590386,34.395809173583984
1023,3,1,4.2625,4.263147591147572,completed,4.329949922161177,67.44992216117663,17.54819107055664
1024,0,0,4.266666666666667,4.267954993061721,completed,4.334739624056965,68.07295739029851,43.18431854248047
1025,1,0,4.270833333333333,4.272757295053452,dropped_queue_full,,,
1026,2,0,4.275,4.275005302159116,dropped_queue_full,,,
1027,3,0,4.279166666666667,4.2792592800688,dropped_queue_full,,,
1028,0,1,4.283333333333333,4.283370238961652,dropped_queue_full,,,
1029,1,1,4.2875,4.287636856082827,completed,4.342421686975285,54.921686975285766,42.86297607421875
1030,2,1,4.291666666666667,4.292457797098905,completed,4.350949160987511,59.282494320844314,34.53180694580078
1031,3,1,4.295833333333333,4.297269629081711,dropped_queue_full,,,
1032,0,0,4.3,4.300102911191061,completed,4.363879802171141,63.87980217114109,25.923423767089844
1033,1,0,4.304166666666666,4.304901723051444,completed,4.37156836502254,67.40169835587383,26.049631118774414
1034,2,0,4.308333333333334,4.309711754089221,dropped_queue_full,,,
1035,3,0,4.3125,4.3125750459730625,completed,4.377171928063035,64.67192806303501,51.46131134033203
1036,0,1,4.316666666666666,4.317393747158349,dropped_queue_full,,,
1037,1,1,4.320833333333333,4.320891182171181,dropped_queue_full,,,
1038,2,1,4.325,4.325099140172824,completed,4.385744413128123,60.74441312812251,34.585697174072266
1039,3,1,4.329166666666667,4.3299421921838075,completed,4.396552734076977,67.38606741031018,17.593183517456055
1040,0,0,4.333333333333333,4.3347345541696995,completed,4.40322046703659,69.88713370325695,43.16428756713867
1041,1,0,4.3375,4.339885912137106,dropped_queue_full,,,
1042,2,0,4.341666666666667,4.34179910318926,dropped_queue_full,,,
1043,3,0,4.345833333333333,4.345891572069377,dropped_queue_full,,,
1044,0,1,4.35,4.350003581028432,dropped_queue_full,,,
1045,1,1,4.354166666666667,4.354257878148928,completed,4.4117419719696045,57.57530530293753,43.00019073486328
1046,2,1,4.358333333333333,4.35908064013347,completed,4.421717302175239,63.383968841905336,34.572574615478516
1047,3,1,4.3625,4.363874342059717,dropped_queue_full,,,
1048,0,0,4.366666666666666,4.3667353230994195,completed,4.431886580074206,65.21991340753974,25.88479995727539
1049,1,0,4.370833333333334,4.371561675099656,completed,4.438414255157113,67.5809218237795,26.074880599975586
1050,2,0,4.375,4.376358627108857,dropped_queue_full,,,
1051,3,0,4.379166666666666,4.379209508188069,completed,4.4466837821528316,67.51711548616512,51.57833480834961
1052,0,1,4.383333333333333,4.3840187401510775,dropped_queue_full,,,
1053,1,1,4.3875,4.3876524129882455,dropped_queue_full,,,
1054,2,1,4.391666666666667,4.391734233126044,completed,4.455220666015521,63.553999348854084,34.66304016113281
1055,3,1,4.395833333333333,4.3965453740675,completed,4.46798734809272,72.15401475938688,17.69980812072754
1056,0,0,4.4,4.401326135965064,dropped_queue_full,,,
1057,1,0,4.404166666666667,4.40417866804637,dropped_queue_full,,,
1058,2,0,4.408333333333333,4.408419805113226,dropped_queue_full,,,
1059,3,0,4.4125,4.412540324032307,dropped_queue_full,,,
1060,0,1,4.416666666666667,4.416797932004556,completed,4.472901029046625,56.234362379957936,43.50214385986328
1061,1,1,4.420833333333333,4.421710112132132,completed,4.484135956969112,63.302623635778765,43.3394889831543
1062,2,1,4.425,4.426697252085432,completed,4.494010008173063,69.01000817306357,34.70518493652344
1063,3,1,4.429166666666666,4.4318810200784355,dropped_queue_full,,,
1064,0,0,4.433333333333334,4.4334865340497345,completed,4.498882129089907,65.54879575657324,25.91049575805664
1065,1,0,4.4375,4.438407805049792,completed,4.507537362165749,70.03736216574907,25.869407653808594
1066,2,0,4.441666666666666,4.443363934988156,dropped_queue_full,,,
1067,3,0,4.445833333333333,4.445890980074182,dropped_queue_full,,,
1068,0,1,4.45,4.450002138968557,dropped_queue_full,,,
1069,1,1,4.454166666666667,4.454258306184784,dropped_queue_full,,,
1070,2,1,4.458333333333333,4.458367705112323,completed,4.516216794960201,57.88346162686775,26.064287185668945
1071,3,1,4.4625,4.463164237095043,completed,4.525763890007511,63.263890007510426,60.100929260253906
1072,0,0,4.466666666666667,4.467979608103633,dropped_queue_full,,,
1073,1,0,4.470833333333333,4.470853450009599,dropped_queue_full,,,
1074,2,0,4.475,4.475100247189403,dropped_queue_full,,,
1075,3,0,4.479166666666667,4.479209925979376,completed,4.535864898003638,56.69823133697083,9.431072235107422
1076,0,1,4.483333333333333,4.484128567157313,completed,4.542805209057406,59.4718757240722,43.64217758178711
1077,1,1,4.4875,4.489086647052318,completed,4.555929557187483,68.42955718748289,43.7861442565918
1078,2,1,4.491666666666666,4.494002838153392,completed,4.5607469491660595,69.08028249939323,43.65177536010742
1079,3,1,4.495833333333334,4.4988766990136355,dropped_queue_full,,,
1080,0,0,4.5,4.500008328119293,completed,4.568944787140936,68.94478714093566,26.14156723022461
1081,1,0,4.504166666666666,4.504982608137652,dropped_queue_full,,,
1082,2,0,4.508333333333333,4.508336334023625,dropped_queue_full,,,
1083,3,0,4.5125,4.512574092019349,dropped_queue_full,,,
1084,0,1,4.516666666666667,4.516695820027962,dropped_queue_full,,,
1085,1,1,4.520833333333333,4.520941388094798,completed,4.57764892000705,56.815586673717,26.07632064819336
1086,2,1,4.525,4.525756180053577,completed,4.588296803180128,63.29680318012798,26.16054344177246
1087,3,1,4.529166666666667,4.530642481055111,completed,4.598112645093352,68.94597842668482,60.42512130737305
1088,0,0,4.533333333333333,4.5358571680262685,dropped_queue_full,,,
1089,1,0,4.5375,4.537579050986096,dropped_queue_full,,,
1090,2,0,4.541666666666667,4.541685070144013,dropped_queue_full,,,
1091,3,0,4.545833333333333,4.5459398571401834,completed,4.60438474197872,58.55140864538644,9.462080001831055
1092,0,1,4.55,4.550975957186893,completed,4.617512130178511,67.51213017851131,43.605281829833984
1093,1,1,4.554166666666666,4.555923287058249,completed,4.622327191988006,68.16052532133997,43.66377639770508
1094,2,1,4.558333333333334,4.5607400690205395,completed,4.630021615186706,71.68828185337262,43.539039611816406
1095,3,1,4.5625,4.56562163005583,dropped_queue_full,,,
1096,0,0,4.566666666666666,4.566745279124007,dropped_queue_full,,,
1097,1,0,4.570833333333333,4.570861377986148,dropped_queue_full,,,
1098,2,0,4.575,4.57510117511265,dropped_queue_full,,,
1099,3,0,4.579166666666667,4.579215644160286,dropped_queue_full,,,
1100,0,1,4.583333333333333,4.583478671032935,completed,4.638948475010693,55.615141677360036,26.074399948120117
1101,1,1,4.5875,4.588289943058044,completed,4.647424490191042,59.92449019104207,25.813247680664062
1102,2,1,4.591666666666667,4.5931130750104785,completed,4.660105853108689,68.4391864420224,25.850976943969727
1103,3,1,4.595833333333333,4.598104825010523,completed,4.6649113551247865,69.07802179145328,60.079776763916016
1104,0,0,4.6,4.603090335149318,dropped_queue_full,,,
1105,1,0,4.604166666666667,4.604216353036463,dropped_queue_full,,,
1106,2,0,4.608333333333333,4.608478510985151,dropped_queue_full,,,
1107,3,0,4.6125,4.612577449996024,completed,4.674171083141118,61.671083141118466,9.437408447265625
1108,0,1,4.616666666666666,4.617506599985063,completed,4.6840341640636325,67.36749739696623,43.463680267333984
1109,1,1,4.620833333333334,4.622320882044733,completed,4.691179221961647,70.3458886283137,43.71324920654297
1110,2,1,4.625,4.627127093961462,dropped_queue_full,,,
1111,3,1,4.629166666666666,4.629212893079966,dropped_queue_full,,,
1112,0,0,4.633333333333333,4.633418311132118,dropped_queue_full,,,
1113,1,0,4.6375,4.637523600133136,dropped_queue_full,,,
1114,2,0,4.641666666666667,4.64180626696907,completed,4.699702857062221,58.036190395553966,43.661983489990234
1115,3,0,4.645833333333333,4.646628369111568,dropped_queue_full,,,
1116,0,1,4.65,4.650100134080276,completed,4.709115292178467,59.11529217846656,26.055391311645508
1117,1,1,4.654166666666667,4.655100044095889,completed,4.721610947046429,67.44428037976213,25.98521614074707
1118,2,1,4.658333333333333,4.660098933149129,completed,4.726445679087192,68.1123457538586,25.94713592529297
1119,3,1,4.6625,4.664903284981847,completed,4.73438016907312,71.88016907312011,60.14057540893555
1120,0,0,4.666666666666667,4.669737467076629,dropped_queue_full,,,
1121,1,0,4.670833333333333,4.670860946178436,dropped_queue_full,,,
1122,2,0,4.675,4.675100983120501,dropped_queue_full,,,
1123,3,0,4.679166666666666,4.679213352035731,completed,4.743853774154559,64.68710748789252,9.41427230834961
1124,0,1,4.683333333333334,4.684029034106061,completed,4.744178401073441,60.84506774010734,35.294654846191406
1125,1,1,4.6875,4.6888232859782875,dropped_queue_full,,,
1126,2,1,4.691666666666666,4.69181829597801,dropped_queue_full,,,
1127,3,1,4.695833333333333,4.695895525161177,dropped_queue_full,,,
1128,0,0,4.7,4.700023593148217,dropped_queue_full,,,
1129,1,0,4.704166666666667,4.704258230980486,completed,4.760902852984145,56.736186317478676,43.37587356567383
1130,2,0,4.708333333333333,4.709109662100673,completed,4.769223160110414,60.88982677708099,43.30428695678711
1131,3,0,4.7125,4.713923674076796,dropped_queue_full,,,
1132,0,1,4.716666666666667,4.716800605179742,completed,4.780528367031366,63.86170036469885,33.94707107543945
1133,1,1,4.720833333333333,4.72160478704609,completed,4.788196400040761,67.36306670742742,25.912416458129883
1134,2,1,4.725,4.726438589161262,completed,4.795378637965769,70.37863796576893,25.97977638244629
1135,3,1,4.729166666666667,4.7312511801719666,dropped_queue_full,,,
1136,0,0,4.733333333333333,4.73341700900346,dropped_queue_full,,,
1137,1,0,4.7375,4.7375297280959785,dropped_queue_full,,,
1138,2,0,4.741666666666666,4.7417966451030225,dropped_queue_full,,,
1139,3,0,4.745833333333334,4.745888804085553,completed,4.80390542303212,58.0720896987863,57.673439025878906
1140,0,1,4.75,4.750696546165273,completed,4.813303468050435,63.303468050435185,34.04307174682617
1141,1,1,4.754166666666666,4.755488028051332,dropped_queue_full,,,
1142,2,1,4.758333333333333,4.758380019105971,dropped_queue_full,,,
1143,3,1,4.7625,4.7625390770845115,completed,4.822926622116938,60.426622116938056,17.670591354370117
1144,0,0,4.766666666666667,4.767329939175397,dropped_queue_full,,,
1145,1,0,4.770833333333333,4.7709416130091995,completed,4.83407445019111,63.241116857777335,43.26063919067383
1146,2,0,4.775,4.7757411550264806,completed,4.84247850603424,67.47850603423977,43.29123306274414
1147,3,0,4.779166666666667,4.780523007037118,dropped_queue_full,,,
1148,0,1,4.783333333333333,4.783370368182659,completed,4.847289458150044,63.95612481671087,34.8309440612793
1149,1,1,4.7875,4.78819012013264,completed,4.856385827064514,68.88582706451452,26.024736404418945
1150,2,1,4.791666666666667,4.792970402166247,dropped_queue_full,,,
1151,3,1,4.795833333333333,4.795859983190894,dropped_queue_full,,,
1152,0,0,4.8,4.800101031083614,dropped_queue_full,,,
1153,1,0,4.804166666666666,4.804225939093158,dropped_queue_full,,,
1154,2,0,4.808333333333334,4.808480917010456,completed,4.864798482041806,56.46514870847241,25.805248260498047
1155,3,0,4.8125,4.81329809804447,completed,4.875663583166897,63.1635831668973,51.629310607910156
1156,0,1,4.816666666666666,4.818088400177658,completed,4.885389666073024,68.72299940635784,34.48931121826172
1157,1,1,4.820833333333333,4.822919042082503,dropped_queue_full,,,
1158,2,1,4.825,4.825012621004134,dropped_queue_full,,,
1159,3,1,4.829166666666667,4.829259468009695,completed,4.891221318161115,62.05465149444844,17.763839721679688
1160,0,0,4.833333333333333,4.834067820105702,dropped_queue_full,,,
1161,1,0,4.8375,4.837638203985989,completed,4.9008309110067785,63.33091100677812,43.148799896240234
1162,2,0,4.841666666666667,4.842471946030855,completed,4.909232977079228,67.56631041256078,43.478240966796875
1163,3,0,4.845833333333333,4.847284238087013,dropped_queue_full,,,
1164,0,1,4.85,4.8500074301846325,completed,4.916795841185376,66.7958411853764,34.826175689697266
1165,1,1,4.854166666666667,4.854809922166169,dropped_queue_full,,,
1166,2,1,4.858333333333333,4.858417756156996,dropped_queue_full,,,
1167,3,1,4.8625,4.862565105082467,dropped_queue_full,,,
1168,0,0,4.866666666666666,4.866734083043411,dropped_queue_full,,,
1169,1,0,4.870833333333334,4.870843281969428,completed,4.925804271129891,54.970937796557706,25.994783401489258
1170,2,0,4.875,4.875655854120851,completed,4.934604823123664,59.604823123663664,25.73971176147461
1171,3,0,4.879166666666666,4.88050646497868,completed,4.947567843133584,68.40117646691724,51.4870719909668
1172,0,1,4.883333333333333,4.885384296067059,completed,4.952378815039992,69.04548170665947,34.41775894165039
1173,1,1,4.8875,4.890249276999384,dropped_queue_full,,,
1174,2,1,4.891666666666667,4.891701943008229,dropped_queue_full,,,
1175,3,1,4.895833333333333,4.895943799987435,completed,4.9606922410894185,64.8589077560855,17.738239288330078
1176,0,0,4.9,4.9008246110752225,dropped_queue_full,,,
1177,1,0,4.904166666666667,4.904322526184842,completed,4.969265855150297,65.0991884836305,43.225215911865234
1178,2,0,4.908333333333333,4.909225117182359,completed,4.977901139063761,69.56780573042742,43.394046783447266
1179,3,0,4.9125,4.914081948110834,dropped_queue_full,,,
1180,0,1,4.916666666666667,4.916792500996962,completed,4.986111127072945,69.44446040627827,34.634273529052734
1181,1,1,4.920833333333333,4.921705352142453,dropped_queue_full,,,
1182,2,1,4.925,4.925002219155431,dropped_queue_full,,,
1183,3,1,4.929166666666666,4.929262506077066,dropped_queue_full,,,
1184,0,0,4.933333333333334,4.933367455145344,dropped_queue_full,,,
1185,1,0,4.9375,4.9375759130343795,completed,4.996625961037353,59.12596103735268,25.90438461303711
1186,2,0,4.941666666666666,4.9427401011344045,completed,5.004956857999787,63.290191333120305,25.60793685913086
1187,3,0,4.945833333333333,4.947560063097626,completed,5.014569902094081,68.73656876074818,51.28803253173828
1188,0,1,4.95,4.9523734950926155,completed,5.020652660168707,70.6526601687072,34.349246978759766
1189,1,1,4.954166666666667,4.9572010959964246,dropped_queue_full,,,
1190,2,1,4.958333333333333,4.958481593988836,dropped_queue_full,,,
1191,3,1,4.9625,4.9625773429870605,completed,5.0299524671863765,67.4524671863761,17.66102409362793
1192,0,0,4.966666666666667,4.96753383311443,dropped_queue_full,,,
1193,1,0,4.970833333333333,4.970854260027409,completed,5.0384676521644,67.63431883106641,42.94035339355469
1194,2,0,4.975,4.975823680171743,dropped_queue_full,,,
1195,3,0,4.979166666666667,4.979174736188725,dropped_queue_full,,,
1196,0,1,4.983333333333333,4.983416934031993,dropped_queue_full,,,
1197,1,1,4.9875,4.987545032054186,dropped_queue_full,,,
1198,2,1,4.991666666666666,4.99179260013625,completed,5.05072527914308,59.05861247641386,43.22953414916992
1199,3,1,4.995833333333334,4.996619711164385,dropped_queue_full,,,
1200,0,0,5.0,5.000099295983091,completed,5.0590309461113065,59.03094611130655,34.54585647583008
1201,1,0,5.004166666666666,5.004949908005074,completed,5.064431502018124,60.264835351457435,25.86297607421875
1202,2,0,5.008333333333333,5.009736760053784,completed,5.076848307158798,68.51497382546512,25.64678382873535
1203,3,0,5.0125,5.014562362106517,completed,5.081653009168804,69.15300916880352,51.26134490966797
1204,0,1,5.016666666666667,5.019365783082321,dropped_queue_full,,,
1205,1,1,5.020833333333333,5.020942108007148,dropped_queue_full,,,
1206,2,1,5.025,5.025055376114324,dropped_queue_full,,,
1207,3,1,5.029166666666667,5.0291723750997335,dropped_queue_full,,,
1208,0,0,5.033333333333333,5.033418813021854,completed,5.089895187178627,56.56185384529344,34.4090576171875
1209,1,0,5.0375,5.038230084115639,dropped_queue_full,,,
1210,2,0,5.041666666666667,5.041796509176493,dropped_queue_full,,,
1211,3,0,5.045833333333333,5.0458920581731945,completed,5.099219592986628,53.38625965329502,17.685504913330078
1212,0,1,5.05,5.050718209007755,dropped_queue_full,,,
1213,1,1,5.054166666666666,5.054211754119024,completed,5.107495220145211,53.32855347854437,43.049503326416016
1214,2,1,5.058333333333334,5.059025646187365,completed,5.117332071997225,58.998738663891714,43.206016540527344
1215,3,1,5.0625,5.063806008081883,dropped_queue_full,,,
1216,0,0,5.066666666666666,5.066814818186685,completed,5.125752767082304,59.08610041563733,34.611167907714844
1217,1,0,5.070833333333333,5.071801538113505,completed,5.138201983179897,67.36864984656421,25.94156837463379
1218,2,0,5.075,5.076840988127515,completed,5.143012593965977,68.01259396597726,25.78281593322754
1219,3,0,5.079166666666667,5.081645098980516,completed,5.150586658157408,71.41999149074164,51.300350189208984
1220,0,1,5.083333333333333,5.086432110983878,dropped_queue_full,,,
1221,1,1,5.0875,5.08755502011627,dropped_queue_full,,,
1222,2,1,5.091666666666667,5.091801718110219,dropped_queue_full,,,
1223,3,1,5.095833333333333,5.095895705977455,dropped_queue_full,,,
1224,0,0,5.1,5.10001391498372,completed,5.159109993139282,59.109993139282224,34.36502456665039
1225,1,0,5.104166666666667,5.1047915471717715,dropped_queue_full,,,
1226,2,0,5.108333333333333,5.108417781069875,dropped_queue_full,,,
1227,3,0,5.1125,5.112524700118229,completed,5.1722127120010555,59.71271200105566,17.698944091796875
1228,0,1,5.116666666666666,5.117324911989272,dropped_queue_full,,,
1229,1,1,5.120833333333334,5.120941916014999,completed,5.176877815043554,56.04448171022014,43.00364685058594
1230,2,1,5.125,5.12574751698412,completed,5.185346040176228,60.34604017622769,43.25788879394531
1231,3,1,5.129166666666666,5.1305471090599895,dropped_queue_full,,,
1232,0,0,5.133333333333333,5.13337852107361,completed,5.197157151997089,63.823818663756526,34.70457458496094
1233,1,0,5.1375,5.138195723062381,completed,5.204825075110421,67.32507511042041,25.987871170043945
1234,2,0,5.141666666666667,5.1430054740048945,completed,5.211537188151851,69.8705214851847,25.969600677490234
1235,3,0,5.145833333333333,5.148043774068356,dropped_queue_full,,,
1236,0,1,5.15,5.150100733153522,dropped_queue_full,,,
1237,1,1,5.154166666666667,5.154218112118542,dropped_queue_full,,,
1238,2,1,5.158333333333333,5.1584824891760945,dropped_queue_full,,,
1239,3,1,5.1625,5.162577667972073,completed,5.220060882158577,57.5608821585778,51.468414306640625
1240,0,0,5.166666666666667,5.16738865012303,completed,5.229903904022649,63.23723735598197,34.4879035949707
1241,1,0,5.170833333333333,5.172204902162775,dropped_queue_full,,,
1242,2,0,5.175,5.175053753191605,dropped_queue_full,,,
1243,3,0,5.179166666666666,5.179258511168882,completed,5.239554167026654,60.387500359987634,17.561119079589844
1244,0,1,5.183333333333334,5.1840588031336665,dropped_queue_full,,,
1245,1,1,5.1875,5.187526897992939,completed,5.2507615950889885,63.26159508898854,42.98720169067383
1246,2,1,5.191666666666666,5.19234525016509,completed,5.259075821144506,67.4091544778399,43.007328033447266
1247,3,1,5.195833333333333,5.197151902131736,dropped_queue_full,,,
1248,0,0,5.2,5.200007093138993,completed,5.263898642966524,63.89864296652359,34.491966247558594
1249,1,0,5.204166666666667,5.204818925121799,completed,5.272046240977943,67.87957431127634,25.890335083007812
1250,2,0,5.208333333333333,5.209633297054097,dropped_queue_full,,,
1251,3,0,5.2125,5.212650527013466,dropped_queue_full,,,
1252,0,1,5.216666666666667,5.216733636101708,dropped_queue_full,,,
1253,1,1,5.220833333333333,5.220856314059347,dropped_queue_full,,,
1254,2,1,5.225,5.225099561968818,completed,5.280538595980033,55.538595980033634,25.80384063720703
1255,3,1,5.229166666666667,5.229898584075272,completed,5.292341507971287,63.17484130461981,51.376224517822266
1256,0,0,5.233333333333333,5.234731855103746,completed,5.301928992150351,68.595658817018,34.43449783325195
1257,1,0,5.2375,5.239546557189897,dropped_queue_full,,,
1258,2,0,5.241666666666666,5.241785355145112,dropped_queue_full,,,
1259,3,0,5.245833333333334,5.245945282978937,completed,5.306898042093962,61.06470876062886,17.653120040893555
1260,0,1,5.25,5.250755144981667,dropped_queue_full,,,
1261,1,1,5.254166666666666,5.254258390050381,completed,5.3173747069668025,63.20804030013605,43.09910583496094
1262,2,1,5.258333333333333,5.259068682091311,completed,5.325667064171284,67.33373083795158,43.18649673461914
1263,3,1,5.2625,5.263893302995712,dropped_queue_full,,,
1264,0,0,5.266666666666667,5.266735355136916,completed,5.332215998088941,65.54933142227438,34.49046325683594
1265,1,0,5.270833333333333,5.2715506460517645,dropped_queue_full,,,
1266,2,0,5.275,5.275054281111807,dropped_queue_full,,,
1267,3,0,5.279166666666667,5.279257699148729,dropped_queue_full,,,
1268,0,1,5.283333333333333,5.283416118007153,dropped_queue_full,,,
1269,1,1,5.2875,5.287525046151131,completed,5.341330087045208,53.830087045207975,25.916608810424805
1270,2,1,5.291666666666667,5.292333947960287,completed,5.3497442931402475,58.0776264735805,25.67705535888672
1271,3,1,5.295833333333333,5.29713844996877,completed,5.35913318907842,63.29985574508701,51.275840759277344
1272,0,0,5.3,5.301923412131146,completed,5.368719523074105,68.71952307410555,34.44339370727539
1273,1,0,5.304166666666666,5.306720784166828,dropped_queue_full,,,
1274,2,0,5.308333333333334,5.308486395981163,dropped_queue_full,,,
1275,3,0,5.3125,5.312576935160905,completed,5.376222818158567,63.72281815856695,17.7357120513916
1276,0,1,5.316666666666666,5.317368427058682,dropped_queue_full,,,
1277,1,1,5.320833333333333,5.320843931986019,completed,5.384691073093563,63.85773976023046,43.15919876098633
1278,2,1,5.325,5.3256602040492,completed,5.393563524121419,68.56352412141842,43.441505432128906
1279,3,1,5.329166666666667,5.330448906170204,dropped_queue_full,,,
1280,0,0,5.333333333333333,5.333489106036723,completed,5.402108098147437,68.77476481410395,35.09241485595703
1281,1,0,5.3375,5.3383025580551475,dropped_queue_full,,,
1282,2,0,5.341666666666667,5.341809801990166,dropped_queue_full,,,
1283,3,0,5.345833333333333,5.3459410110954195,dropped_queue_full,,,
1284,0,1,5.35,5.350066440179944,dropped_queue_full,,,
1285,1,1,5.354166666666667,5.354317577090114,completed,5.413223406998441,59.05674033177366,26.264223098754883
1286,2,1,5.358333333333333,5.359125649090856,completed,5.4208156410604715,62.48230772713814,25.843360900878906
1287,3,1,5.3625,5.363947431091219,completed,5.4287656710948795,66.26567109487968,51.7704963684082
1288,0,0,5.366666666666666,5.368714123032987,completed,5.4365725631359965,69.9058964693302,34.42998504638672
1289,1,0,5.370833333333334,5.373521135188639,dropped_queue_full,,,
1290,2,0,5.375,5.375100809149444,dropped_queue_full,,,
1291,3,0,5.379166666666666,5.3792158181313425,completed,5.445949658984318,66.78299231765195,17.72857666015625
1292,0,1,5.383333333333333,5.3841986081097275,dropped_queue_full,,,
1293,1,1,5.3875,5.387526414124295,completed,5.454397544031963,66.89754403196258,43.119327545166016
1294,2,1,5.391666666666667,5.3923498161602765,dropped_queue_full,,,
1295,3,1,5.395833333333333,5.395941260037944,dropped_queue_full,,,
1296,0,0,5.4,5.400053029181436,dropped_queue_full,,,
1297,1,0,5.404166666666667,5.404172027017921,dropped_queue_full,,,
1298,2,0,5.408333333333333,5.408419225132093,completed,5.46305122715421,54.717893820876995,43.46147155761719
1299,3,0,5.4125,5.413217226974666,dropped_queue_full,,,
1300,0,1,5.416666666666667,5.416764211142436,completed,5.474709601141512,58.04293447484543,34.91913604736328
1301,1,1,5.420833333333333,5.4209473291412,completed,5.480832619126886,59.99928579355274,26.24393653869629
1302,2,1,5.425,5.425020489143208,completed,5.491334484191611,66.33448419161158,26.028255462646484
1303,3,1,5.429166666666666,5.429243436083198,completed,5.497653431026265,68.48676435959877,51.6563835144043
1304,0,0,5.433333333333334,5.433351335115731,dropped_queue_full,,,
1305,1,0,5.4375,5.437522973166779,dropped_queue_full,,,
1306,2,0,5.441666666666666,5.441727681085467,dropped_queue_full,,,
1307,3,0,5.445833333333333,5.445942369056866,completed,5.507206765003502,61.37343167016951,9.4399995803833
1308,0,1,5.45,5.450030058156699,completed,5.5075270619709045,57.52706197090429,35.765377044677734
1309,1,1,5.454166666666667,5.454233546042815,dropped_queue_full,,,
1310,2,1,5.458333333333333,5.458413794171065,dropped_queue_full,,,
1311,3,1,5.4625,5.462569552008063,dropped_queue_full,,,
1312,0,0,5.466666666666667,5.466823070077226,dropped_queue_full,,,
1313,1,0,5.470833333333333,5.470940188039094,completed,5.524198865052313,53.3655317189794,43.320030212402344
1314,2,0,5.475,5.475032237125561,completed,5.533021326176822,58.02132617682254,43.43446350097656
1315,3,0,5.479166666666667,5.479254235047847,dropped_queue_full,,,
1316,0,1,5.483333333333333,5.4833511740434915,completed,5.54177095904015,58.437625706816654,34.153568267822266
1317,1,1,5.4875,5.487590892007574,completed,5.553824997972697,66.32499797269719,26.093215942382812
1318,2,1,5.491666666666666,5.491811909014359,completed,5.559103345032781,67.4366783661151,26.128639221191406
1319,3,1,5.495833333333334,5.495913688093424,dropped_queue_full,,,
1320,0,0,5.5,5.500097715994343,dropped_queue_full,,,
1321,1,0,5.504166666666666,5.504254515049979,dropped_queue_full,,,
1322,2,0,5.508333333333333,5.508468532003462,dropped_queue_full,,,
1323,3,0,5.5125,5.512505882186815,completed,5.5674188521225005,54.91885212250036,54.72895812988281
1324,0,1,5.516666666666667,5.516734430100769,completed,5.578782908152789,62.11624148612227,34.355873107910156
1325,1,1,5.520833333333333,5.520943816984072,dropped_queue_full,,,
1326,2,1,5.525,5.525100236060098,dropped_queue_full,,,
1327,3,1,5.529166666666667,5.5292584439739585,completed,5.587232972960919,58.06630629425236,17.758272171020508
1328,0,0,5.533333333333333,5.533342033158988,dropped_queue_full,,,
1329,1,0,5.5375,5.5375106311403215,completed,5.593887347029522,56.38734702952242,43.196800231933594
1330,2,0,5.541666666666667,5.541768138995394,completed,5.602415760979056,60.749094312389396,43.26611328125
1331,3,0,5.545833333333333,5.545858728000894,dropped_queue_full,,,
1332,0,1,5.55,5.550037255976349,completed,5.612242782022804,62.2427820228042,34.67241668701172
1333,1,1,5.554166666666666,5.554259854136035,completed,5.62048257002607,66.31590335940362,26.21139144897461
1334,2,1,5.558333333333334,5.558475041063502,dropped_queue_full,,,
1335,3,1,5.5625,5.562507390975952,dropped_queue_full,,,
1336,0,0,5.566666666666666,5.566821258049458,dropped_queue_full,,,
1337,1,0,5.570833333333333,5.570878367172554,dropped_queue_full,,,
1338,2,0,5.575,5.5750383250415325,completed,5.62857332918793,53.57332918792945,25.986623764038086
1339,3,0,5.579166666666667,5.5792622931767255,completed,5.637263881973922,58.097215307255645,51.7413444519043
1340,0,1,5.583333333333333,5.5834805311169475,completed,5.645919585134834,62.586251801501014,34.57081604003906
1341,1,1,5.5875,5.587554270168766,dropped_queue_full,,,
1342,2,1,5.591666666666667,5.5917223379947245,dropped_queue_full,,,
1343,3,1,5.595833333333333,5.595929176080972,completed,5.655021934071556,59.18860073822252,17.734399795532227
1344,0,0,5.6,5.600022825179622,dropped_queue_full,,,
1345,1,0,5.604166666666667,5.604254753096029,completed,5.666335231158882,62.16856449221542,43.14284896850586
1346,2,0,5.608333333333333,5.6084829901810735,completed,5.674715416971594,66.3820836382607,43.3856315612793
1347,3,0,5.6125,5.612564068986103,dropped_queue_full,,,
1348,0,1,5.616666666666666,5.616722098086029,completed,5.680523497983813,63.856831317147034,34.63999938964844
1349,1,1,5.620833333333334,5.620942485053092,completed,5.689630407141522,68.797073808188,26.036672592163086
1350,2,1,5.625,5.625146073056385,dropped_queue_full,,,
1351,3,1,5.629166666666666,5.629206123063341,dropped_queue_full,,,
1352,0,0,5.633333333333333,5.633413810050115,dropped_queue_full,,,
1353,1,0,5.6375,5.637579838978127,dropped_queue_full,,,
1354,2,0,5.641666666666667,5.6418176661245525,completed,5.698102852096781,56.43618543011453,25.793855667114258
1355,3,0,5.645833333333333,5.645915615139529,completed,5.708204931113869,62.371597780535915,51.587711334228516
1356,0,1,5.65,5.650150943081826,completed,5.716388299129903,66.38829912990296,34.73993682861328
1357,1,1,5.654166666666667,5.654229792067781,dropped_queue_full,,,
1358,2,1,5.658333333333333,5.658411400159821,dropped_queue_full,,,
1359,3,1,5.6625,5.6625686581246555,completed,5.724670706083998,62.17070608399844,17.741695404052734
1360,0,0,5.666666666666667,5.666812926065177,dropped_queue_full,,,
1361,1,0,5.670833333333333,5.670940904179588,completed,5.733037082012743,62.203748679409365,43.28636932373047
1362,2,0,5.675,5.675036113010719,completed,5.741800024174154,66.80002417415398,43.53676986694336
1363,3,0,5.679166666666666,5.679261671146378,dropped_queue_full,,,
1364,0,1,5.683333333333334,5.683349510189146,completed,5.750262909103185,66.92957576985137,34.81612777709961
1365,1,1,5.6875,5.687583778053522,dropped_queue_full,,,
1366,2,1,5.691666666666666,5.691819585161284,dropped_queue_full,,,
1367,3,1,5.695833333333333,5.695940704084933,dropped_queue_full,,,
1368,0,0,5.7,5.700099362060428,dropped_queue_full,,,
1369,1,0,5.704166666666667,5.704255350166932,completed,5.759204230038449,55.03756337178256,25.991552352905273
1370,2,0,5.708333333333333,5.708367949118838,completed,5.77061128616333,62.27795282999704,25.980928421020508
1371,3,0,5.7125,5.712609576992691,completed,5.7789288819767535,66.42888197675312,51.44182586669922
1372,0,1,5.716666666666667,5.716710796114057,completed,5.784729694016278,68.063027349611,34.36880111694336
1373,1,1,5.720833333333333,5.720919554121792,dropped_queue_full,,,
1374,2,1,5.725,5.725099292118102,dropped_queue_full,,,
1375,3,1,5.729166666666667,5.729255120037124,completed,5.7939468221738935,64.78015550722648,17.625856399536133
1376,0,0,5.733333333333333,5.733358149183914,dropped_queue_full,,,
1377,1,0,5.7375,5.737566637108102,completed,5.803732414031401,66.23241403140145,43.06105422973633
1378,2,0,5.741666666666666,5.741795873967931,completed,5.8110440811142325,69.37741444756628,43.150367736816406
1379,3,0,5.745833333333334,5.7460639521013945,dropped_queue_full,,,
1380,0,1,5.75,5.750098881078884,dropped_queue_full,,,
1381,1,1,5.754166666666666,5.754205430159345,dropped_queue_full,,,
1382,2,1,5.758333333333333,5.758409618167207,dropped_queue_full,,,
1383,3,1,5.7625,5.7625043471343815,dropped_queue_full,,,
1384,0,0,5.766666666666667,5.7668189140968025,completed,5.819571614963934,52.90494829726722,34.74403381347656
1385,1,0,5.770833333333333,5.770931942155585,completed,5.828851672122255,58.01833878892193,26.08380889892578
1386,2,0,5.775,5.77515649003908,completed,5.83709607901983,62.096079019829276,25.807199478149414
1387,3,0,5.779166666666667,5.779260419076309,completed,5.845582374138758,66.4157074720908,51.50092697143555
1388,0,1,5.783333333333333,5.783337828004733,dropped_queue_full,,,
1389,1,1,5.7875,5.787508906098083,dropped_queue_full,,,
1390,2,1,5.791666666666667,5.791821073042229,dropped_queue_full,,,
1391,3,1,5.795833333333333,5.795941492076963,completed,5.8552592671476305,59.42593381429706,9.431679725646973
1392,0,0,5.8,5.800005501136184,completed,5.866255606990308,66.25560699030774,43.842529296875
1393,1,0,5.804166666666666,5.804210789036006,completed,5.872204118175432,68.03745150876583,43.45951843261719
1394,2,0,5.808333333333334,5.808403947157785,dropped_queue_full,,,
1395,3,0,5.8125,5.812617145013064,dropped_queue_full,,,
1396,0,1,5.816666666666666,5.816819512983784,dropped_queue_full,,,
1397,1,1,5.820833333333333,5.820939341094345,dropped_queue_full,,,
1398,2,1,5.825,5.825095970183611,completed,5.880733082070947,55.733082070946516,43.5654411315918
1399,3,1,5.829166666666667,5.829172709025443,dropped_queue_full,,,
1400,0,0,5.833333333333333,5.833350777160376,completed,5.891316146124154,57.98281279082129,25.954336166381836
1401,1,0,5.8375,5.837574435165152,completed,5.898258466972038,60.758466972037795,25.838943481445312
1402,2,0,5.841666666666667,5.841814002022147,completed,5.90800510905683,66.33844239016362,25.693248748779297
1403,3,0,5.845833333333333,5.846099748974666,completed,5.915102188009769,69.26885467643551,59.87251281738281
1404,0,1,5.85,5.850001570070162,dropped_queue_full,,,
1405,1,1,5.854166666666667,5.854195098159835,dropped_queue_full,,,
1406,2,1,5.858333333333333,5.858349445974454,dropped_queue_full,,,
1407,3,1,5.8625,5.862508215010166,completed,5.924572902964428,62.072902964428245,9.349920272827148
1408,0,0,5.866666666666666,5.866734482115135,completed,5.924894200172275,58.22753350560905,35.07878494262695
1409,1,0,5.870833333333334,5.870934169972315,dropped_queue_full,,,
1410,2,0,5.875,5.875037759076804,dropped_queue_full,,,
1411,3,0,5.879166666666666,5.879195088054985,dropped_queue_full,,,
1412,0,1,5.883333333333333,5.883405045140535,dropped_queue_full,,,
1413,1,1,5.8875,5.887567684054375,completed,5.941414544126019,53.914544126018704,43.10185623168945
1414,2,1,5.891666666666667,5.891794501105323,completed,5.950175186153501,58.508519486834665,43.188961029052734
1415,3,1,5.895833333333333,5.895945050055161,dropped_queue_full,,,
1416,0,0,5.9,5.900097697973251,completed,5.962193966144696,62.19396614469552,33.819007873535156
1417,1,0,5.904166666666667,5.904260955983773,completed,5.970508363097906,66.34169643123933,25.73980712890625
1418,2,0,5.908333333333333,5.908375225029886,completed,5.975793140009046,67.45980667571239,25.76527976989746
1419,3,0,5.9125,5.912605113117024,dropped_queue_full,,,
1420,0,1,5.916666666666667,5.916675311978906,dropped_queue_full,,,
1421,1,1,5.920833333333333,5.920878560049459,dropped_queue_full,,,
1422,2,1,5.925,5.925054778112099,dropped_queue_full,,,
1423,3,1,5.929166666666666,5.929253336042166,completed,5.984418403124437,55.251736457770484,54.857566833496094
1424,0,0,5.933333333333334,5.933471994008869,completed,5.99548166198656,62.14832865322606,33.92086410522461
1425,1,0,5.9375,5.937533893156797,dropped_queue_full,,,
1426,2,0,5.941666666666666,5.941731911152601,dropped_queue_full,,,
1427,3,0,5.945833333333333,5.946427984163165,completed,6.003838618053123,58.005284719790495,17.615455627441406
1428,0,1,5.95,5.9501693460624665,dropped_queue_full,,,
1429,1,1,5.954166666666667,5.954194286139682,completed,6.010511492146179,56.34482547951247,42.99488067626953
1430,2,1,5.958333333333333,5.958418393973261,completed,6.019160335185006,60.827001851673224,43.113121032714844
1431,3,1,5.9625,5.962515332968906,dropped_queue_full,,,
1432,0,0,5.966666666666667,5.96672387002036,completed,6.028836938086897,62.17027142023035,34.4128303527832
1433,1,0,5.970833333333333,5.970943218097091,completed,6.0372544741258025,66.4211407924693,25.855968475341797
1434,2,0,5.975,5.975001228041947,dropped_queue_full,,,
1435,3,0,5.979166666666667,5.979191455990076,dropped_queue_full,,,
1436,0,1,5.983333333333333,5.983352154027671,dropped_queue_full,,,
1437,1,1,5.9875,5.987558042164892,dropped_queue_full,,,
1438,2,1,5.991666666666666,5.99172351998277,completed,6.044887386960909,53.22072029424252,25.598207473754883
1439,3,1,5.995833333333334,5.995943138143048,completed,6.053422772092745,57.58943875941114,51.15523147583008
1440,0,0,6.0,6.000100136036053,completed,6.0621691341511905,62.16913415119052,34.305152893066406
1441,1,0,6.004166666666666,6.004315144149587,dropped_queue_full,,,
1442,2,0,6.008333333333333,6.008348663104698,dropped_queue_full,,,
1443,3,0,6.0125,6.012507992098108,completed,6.071108784060925,58.60878406092507,17.5828800201416
1444,0,1,6.016666666666667,6.01674714917317,dropped_queue_full,,,
1445,1,1,6.020833333333333,6.02087781811133,completed,6.082925716182217,62.092382848883965,42.84758377075195
1446,2,1,6.025,6.025100796017796,completed,6.091342532075942,66.34253207594121,43.12089538574219
1447,3,1,6.029166666666667,6.029315443011001,dropped_queue_full,,,
1448,0,0,6.033333333333333,6.033353313105181,completed,6.09653808013536,63.204746802027145,34.58643341064453
1449,1,0,6.0375,6.037577011156827,completed,6.105525040067732,68.02504006773269,25.91321563720703
1450,2,0,6.041666666666667,6.041812838055193,dropped_queue_full,,,
1451,3,0,6.045833333333333,6.046182474121451,dropped_queue_full,,,
1452,0,1,6.05,6.050038435962051,dropped_queue_full,,,
1453,1,1,6.054166666666666,6.054211404174566,dropped_queue_full,,,
1454,2,1,6.058333333333334,6.058410422177985,completed,6.113888396183029,55.55506284969525,25.70035171508789
1455,3,1,6.0625,6.062648229068145,completed,6.124823976075277,62.32397607527673,51.35923385620117
1456,0,0,6.066666666666666,6.0667078089900315,completed,6.133044054033235,66.37738736656829,34.487552642822266
1457,1,0,6.070833333333333,6.070942836115137,dropped_queue_full,,,
1458,2,0,6.075,6.075039425166324,dropped_queue_full,,,
1459,3,0,6.079166666666667,6.079192323144525,completed,6.140413379995152,61.24671332848575,17.776479721069336
1460,0,1,6.083333333333333,6.083406321005896,dropped_queue_full,,,
1461,1,1,6.0875,6.087568280054256,completed,6.149862485006452,62.36248500645125,43.21510314941406
1462,2,1,6.091666666666667,6.091820387169719,completed,6.157930794171989,66.26412750532218,43.489505767822266
1463,3,1,6.095833333333333,6.095902686007321,dropped_queue_full,,,
1464,0,0,6.1,6.100100184092298,completed,6.165883055189624,65.88305518962478,34.70172882080078
1465,1,0,6.104166666666667,6.10426157200709,dropped_queue_full,,,
1466,2,0,6.108333333333333,6.108349730959162,dropped_queue_full,,,
1467,3,0,6.1125,6.112509489990771,dropped_queue_full,,,
1468,0,1,6.116666666666666,6.11671508802101,dropped_queue_full,,,
1469,1,1,6.120833333333334,6.120882406132296,completed,6.175101732136682,54.268398803348106,26.008256912231445
1470,2,1,6.125,6.1251046131365,completed,6.18341613910161,58.41613910160959,25.731008529663086
1471,3,1,6.129166666666666,6.129309891024604,completed,6.195452649146318,66.285982479652,51.45235061645508
1472,0,0,6.133333333333333,6.133365491172299,completed,6.200577357085422,67.24402375208882,34.497215270996094
1473,1,0,6.1375,6.137574298074469,dropped_queue_full,,,
1474,2,0,6.141666666666667,6.141671197023243,dropped_queue_full,,,
1475,3,0,6.145833333333333,6.145942675182596,completed,6.209890353959054,64.05702062572072,17.72742462158203
1476,0,1,6.15,6.150025933980942,dropped_queue_full,,,
1477,1,1,6.154166666666667,6.154193022055551,completed,6.220504057127982,66.3373904613156,43.11609649658203
1478,2,1,6.158333333333333,6.158417809987441,completed,6.2268852239940315,68.55189066069833,43.35990524291992
1479,3,1,6.1625,6.162624696968123,dropped_queue_full,,,
1480,0,0,6.166666666666667,6.166673477040604,completed,6.235358239151537,68.69157248487045,34.74076843261719
1481,1,0,6.170833333333333,6.170930514112115,dropped_queue_full,,,
1482,2,0,6.175,6.175098413135856,dropped_queue_full,,,
1483,3,0,6.179166666666666,6.179252691101283,dropped_queue_full,,,
1484,0,1,6.183333333333334,6.183410068973899,dropped_queue_full,,,
1485,1,1,6.1875,6.187652957160026,completed,6.245458506979048,57.95850697904825,26.01558494567871
1486,2,1,6.191666666666666,6.191711936146021,completed,6.253781464183703,62.114797517036635,25.742496490478516
1487,3,1,6.195833333333333,6.195929764071479,completed,6.262220150092617,66.38681675928382,51.382240295410156
1488,0,0,6.2,6.200100501999259,dropped_queue_full,,,
1489,1,0,6.204166666666667,6.2041889110114425,dropped_queue_full,,,
1490,2,0,6.208333333333333,6.208348049083725,dropped_queue_full,,,
1491,3,0,6.2125,6.212569877039641,completed,6.270829273154959,58.32927315495873,9.37673568725586
1492,0,1,6.216666666666667,6.216779415030032,completed,6.279260269133374,62.59360246670731,43.69094467163086
1493,1,1,6.220833333333333,6.220945343142375,completed,6.28782718302682,66.9938496934872,43.25983810424805
1494,2,1,6.225,6.225012492155656,dropped_queue_full,,,
1495,3,1,6.229166666666667,6.229193950071931,dropped_queue_full,,,
1496,0,0,6.233333333333333,6.2334895671810955,dropped_queue_full,,,
1497,1,0,6.2375,6.237553847022355,dropped_queue_full,,,
1498,2,0,6.241666666666666,6.24172409507446,completed,6.296422907151282,54.75624048461558,43.43414306640625
1499,3,0,6.245833333333334,6.245940702967346,dropped_queue_full,,,
1500,0,1,6.25,6.250034861965105,completed,6.307941341074184,57.94134107418358,25.759071350097656
1501,1,1,6.254166666666666,6.254261689027771,completed,6.313886972144246,59.72030547757967,25.94220733642578
1502,2,1,6.258333333333333,6.258467777166516,completed,6.324603494023904,66.27016069057134,25.792991638183594
1503,3,1,6.2625,6.262539925985038,completed,6.330834152176976,68.33415217697603,59.9213752746582
1504,0,0,6.266666666666667,6.266758193960413,dropped_queue_full,,,
1505,1,0,6.270833333333333,6.270988922100514,dropped_queue_full,,,
1506,2,0,6.275,6.275095600169152,dropped_queue_full,,,
1507,3,0,6.279166666666667,6.279254568973556,completed,6.340698793064803,61.5321263981361,9.634783744812012
1508,0,1,6.283333333333333,6.283458697143942,completed,6.340861771022901,57.528437689567724,35.64726257324219
1509,1,1,6.2875,6.287505656015128,dropped_queue_full,,,
1510,2,1,6.291666666666667,6.291821973165497,dropped_queue_full,,,
1511,3,1,6.295833333333333,6.295942461118102,dropped_queue_full,,,
1512,0,0,6.3,6.300035210093483,dropped_queue_full,,,
1513,1,0,6.304166666666666,6.304192959098145,completed,6.357512155082077,53.345488415410536,43.45935821533203
1514,2,0,6.308333333333334,6.308420567074791,completed,6.366307195974514,57.97386264118032,43.521728515625
1515,3,0,6.3125,6.312631654087454,dropped_queue_full,,,
1516,0,1,6.316666666666666,6.316820722073317,completed,6.374876931076869,58.21026441020294,33.8155517578125
1517,1,1,6.320833333333333,6.320873982040212,completed,6.383414785144851,62.58145181151775,25.742111206054688
1518,2,1,6.325,6.325082370080054,completed,6.392011829186231,67.01182918623073,25.851999282836914
1519,3,1,6.329166666666667,6.329260168131441,dropped_queue_full,,,
1520,0,0,6.333333333333333,6.333476185100153,dropped_queue_full,,,
1521,1,0,6.3375,6.3375095250085,dropped_queue_full,,,
1522,2,0,6.341666666666667,6.3418033621273935,dropped_queue_full,,,
1523,3,0,6.345833333333333,6.345938811078668,completed,6.400516384048387,54.68305071505419,54.242591857910156
1524,0,1,6.35,6.350021050078794,completed,6.412176217185333,62.176217185333726,34.077919006347656
1525,1,1,6.354166666666667,6.354242307133973,dropped_queue_full,,,
1526,2,1,6.358333333333333,6.358411916065961,dropped_queue_full,,,
1527,3,1,6.3625,6.362567694159225,completed,6.420469724107534,57.96972410753387,17.681407928466797
1528,0,0,6.366666666666666,6.366786112077534,dropped_queue_full,,,
1529,1,0,6.370833333333334,6.370941090164706,completed,6.42667497205548,55.841638722146314,43.20684814453125
1530,2,0,6.375,6.375038039172068,completed,6.435415904037654,60.4159040376544,43.251487731933594
1531,3,0,6.379166666666666,6.379242827184498,dropped_queue_full,,,
1532,0,1,6.383333333333333,6.383411285001785,completed,6.445628321962431,62.29498862909821,34.544960021972656
1533,1,1,6.3875,6.387636463157833,completed,6.4539223881438375,66.42238814383728,25.969120025634766
1534,2,1,6.391666666666667,6.391688052099198,dropped_queue_full,,,
1535,3,1,6.395833333333333,6.395878980169073,dropped_queue_full,,,
1536,0,0,6.4,6.400034939171746,dropped_queue_full,,,
1537,1,0,6.404166666666667,6.404254166176543,dropped_queue_full,,,
1538,2,0,6.408333333333333,6.408412595046684,completed,6.461258035153151,52.924701819817344,25.76688003540039
1539,3,0,6.4125,6.412655252031982,completed,6.469888318097219,57.388318097219226,51.45427322387695
1540,0,1,6.416666666666667,6.416714361170307,completed,6.478774570161477,62.10790349480977,34.55673599243164
1541,1,1,6.420833333333333,6.420943228993565,dropped_queue_full,,,
1542,2,1,6.425,6.425099557032809,dropped_queue_full,,,
1543,3,1,6.429166666666666,6.42919073603116,completed,6.487725610146299,58.55894347963275,17.707679748535156
1544,0,0,6.433333333333334,6.43340312410146,dropped_queue_full,,,
1545,1,0,6.4375,6.437568661989644,completed,6.49963288102299,62.13288102298975,43.105472564697266
1546,2,0,6.441666666666666,6.44167604111135,completed,6.508015826111659,66.34915944499298,43.39420700073242
1547,3,0,6.445833333333333,6.445942538091913,dropped_queue_full,,,
1548,0,1,6.45,6.450171455973759,completed,6.51333783310838,63.33783310838026,34.801727294921875
1549,1,1,6.454166666666667,6.4542423251550645,completed,6.522520641097799,68.35397443113234,26.22742462158203
1550,2,1,6.458333333333333,6.458479152992368,dropped_queue_full,,,
1551,3,1,6.4624999999999995,6.462515691993758,dropped_queue_full,,,
1552,0,0,6.466666666666667,6.466817419044673,dropped_queue_full,,,
1553,1,0,6.470833333333333,6.470989988185465,dropped_queue_full,,,
1554,2,0,6.475,6.475035667186603,completed,6.530886237043887,55.88623704388773,26.02899169921875
1555,3,0,6.479166666666667,6.479259315179661,completed,6.541309233056381,62.14256638971438,51.77532958984375
1556,0,1,6.483333333333333,6.483355444157496,completed,6.5495943101122975,66.26097677896414,34.70783996582031
1557,1,1,6.4875,6.48756050108932,dropped_queue_full,,,
1558,2,1,6.491666666666666,6.491724430117756,dropped_queue_full,,,
1559,3,1,6.495833333333334,6.495880048023537,completed,6.5573530020192266,61.51966868589298,17.732511520385742
1560,0,0,6.5,6.5001017360482365,dropped_queue_full,,,
1561,1,0,6.504166666666666,6.5042550440412015,completed,6.566327972104773,62.161305438106496,43.17359924316406
1562,2,0,6.508333333333333,6.508337042992935,completed,6.5747347481083125,66.40141477497963,43.37424087524414
1563,3,0,6.5125,6.5125480010174215,dropped_queue_full,,,
1564,0,1,6.516666666666667,6.516722579021007,completed,6.582872556056827,66.2058893901607,34.616703033447266
1565,1,1,6.520833333333333,6.520943216979504,dropped_queue_full,,,
1566,2,1,6.5249999999999995,6.525035146158189,dropped_queue_full,,,
1567,3,1,6.529166666666667,6.529194404138252,dropped_queue_full,,,
1568,0,0,6.533333333333333,6.533397641964257,dropped_queue_full,,,
1569,1,0,6.5375,6.537566459970549,completed,6.591946135042235,54.44613504223561,26.000511169433594
1570,2,0,6.541666666666667,6.541786128189415,completed,6.6005174200981855,58.85075343151858,25.88630485534668
1571,3,0,6.545833333333333,6.545849397080019,completed,6.612273662118241,66.44032878490779,51.5880012512207
1572,0,1,6.55,6.550269342958927,completed,6.617574819130823,67.57481913082319,34.5799674987793
1573,1,1,6.554166666666666,6.554363952018321,dropped_queue_full,,,
1574,2,1,6.558333333333334,6.558410032186657,dropped_queue_full,,,
1575,3,1,6.5625,6.5625653699971735,completed,6.627048244001344,64.54824400134385,17.74959945678711
1576,0,0,6.566666666666666,6.566806297050789,dropped_queue_full,,,
1577,1,0,6.570833333333333,6.570943136001006,completed,6.637239272007719,66.40593867438582,43.41494369506836
1578,2,0,6.575,6.5750561251770705,completed,6.644100422970951,69.10042297095043,43.510047912597656
1579,3,0,6.579166666666667,6.5792614431120455,dropped_queue_full,,,
1580,0,1,6.583333333333333,6.583348222076893,completed,6.652496359078214,69.16302574488054,34.891231536865234
1581,1,1,6.5874999999999995,6.587586499052122,dropped_queue_full,,,
1582,2,1,6.591666666666667,6.591670198133215,dropped_queue_full,,,
1583,3,1,6.595833333333333,6.595881226006895,dropped_queue_full,,,
1584,0,0,6.6,6.600038103992119,dropped_queue_full,,,
1585,1,0,6.604166666666667,6.604255302110687,completed,6.662245440995321,58.078774328653715,26.133535385131836
1586,2,0,6.608333333333333,6.60848224000074,completed,6.670486828079447,62.15349474611376,25.896127700805664
1587,3,0,6.6125,6.61259375908412,completed,6.678861523978412,66.36152397841232,51.6808967590332
1588,0,1,6.616666666666666,6.616670108167455,dropped_queue_full,,,
1589,1,1,6.620833333333334,6.620869836071506,dropped_queue_full,,,
1590,2,1,6.625,6.6250401141587645,dropped_queue_full,,,
1591,3,1,6.629166666666666,6.62925303215161,completed,6.6883615790866315,59.19491241996511,9.483136177062988
1592,0,0,6.633333333333333,6.633467138977721,completed,6.699676926014945,66.34359268161205,44.12255859375
1593,1,0,6.6375,6.6375615880824625,completed,6.705472398083657,67.97239808365686,43.58076858520508
1594,2,0,6.641666666666667,6.641786806052551,dropped_queue_full,,,
1595,3,0,6.645833333333333,6.645940463989973,dropped_queue_full,,,
1596,0,1,6.6499999999999995,6.65029169106856,dropped_queue_full,,,
1597,1,1,6.654166666666667,6.654192662099376,dropped_queue_full,,,
1598,2,1,6.658333333333333,6.65846509905532,completed,6.714045242173597,55.711908840264,43.69084930419922
1599,3,1,6.6625,6.6625674781389534,dropped_queue_full,,,
1600,0,0,6.666666666666667,6.666722076013684,completed,6.7246380660217255,57.97139935505857,25.97488021850586
1601,1,0,6.670833333333333,6.670943154022098,completed,6.731666705105454,60.83337177212034,26.013856887817383
1602,2,0,6.675,6.675106482114643,completed,6.741320619126782,66.32061912678199,25.980031967163086
1603,3,0,6.679166666666666,6.679182021180168,completed,6.748668645042926,69.50197837625981,60.197662353515625
1604,0,1,6.683333333333334,6.68339095916599,dropped_queue_full,,,
1605,1,1,6.6875,6.687569956993684,dropped_queue_full,,,
1606,2,1,6.691666666666666,6.691818565130234,dropped_queue_full,,,
1607,3,1,6.695833333333333,6.695939603028819,completed,6.758474956965074,62.64162363174108,9.582592010498047
1608,0,0,6.7,6.700155821163207,completed,6.75864189513959,58.64189513958973,35.677024841308594
1609,1,0,6.704166666666667,6.704208081122488,dropped_queue_full,,,
1610,2,0,6.708333333333333,6.70841237809509,dropped_queue_full,,,
1611,3,0,6.7124999999999995,6.712623516097665,dropped_queue_full,,,
1612,0,1,6.716666666666667,6.716713845031336,dropped_queue_full,,,
1613,1,1,6.720833333333333,6.7208811331074685,completed,6.7753617581911385,54.52842485780529,43.55072021484375
1614,2,1,6.725,6.725100151030347,completed,6.783852502005175,58.85250200517511,43.53334426879883
1615,3,1,6.729166666666667,6.729320768965408,dropped_queue_full,,,
1616,0,0,6.733333333333333,6.733349069021642,completed,6.795548515161499,62.21518182816599,34.00028610229492
1617,1,0,6.7375,6.737578575965017,completed,6.803790942998603,66.29094299860316,25.72185516357422
1618,2,0,6.741666666666666,6.741797004127875,completed,6.809887142153457,68.22047548679055,25.902271270751953
1619,3,0,6.745833333333334,6.745855013141409,dropped_queue_full,,,
1620,0,1,6.75,6.750037911115214,dropped_queue_full,,,
1621,1,1,6.754166666666666,6.7542538091074675,dropped_queue_full,,,
1622,2,1,6.758333333333333,6.758467257022858,dropped_queue_full,,,
1623,3,1,6.7625,6.762503656093031,completed,6.818348037078977,55.84803707897645,55.514625549316406
1624,0,0,6.766666666666667,6.766743184067309,completed,6.82902051997371,62.35385330704357,34.054847717285156
1625,1,0,6.770833333333333,6.770837272983044,dropped_queue_full,,,
1626,2,0,6.7749999999999995,6.775039650965482,dropped_queue_full,,,
1627,3,0,6.779166666666667,6.77930841804482,completed,6.837296426994726,58.12976032805928,17.577600479125977
1628,0,1,6.783333333333333,6.783373787067831,dropped_queue_full,,,
1629,1,1,6.7875,6.787566525163129,completed,6.844418816035613,56.91881603561377,43.063358306884766
1630,2,1,6.791666666666667,6.791793083073571,completed,6.852942869998515,61.27620333184769,43.04742431640625
1631,3,1,6.795833333333333,6.7958708121441305,dropped_queue_full,,,
1632,0,0,6.8,6.800037410110235,completed,6.86218347796239,62.183477962389766,34.351871490478516
1633,1,0,6.804166666666666,6.804261528188363,completed,6.870760402176529,66.59373550986291,26.004480361938477
1634,2,0,6.808333333333334,6.808339697076008,dropped_queue_full,,,
1635,3,0,6.8125,6.812555405078456,dropped_queue_full,,,
1636,0,1,6.816666666666666,6.816751713166013,dropped_queue_full,,,
1637,1,1,6.820833333333333,6.820885380962864,dropped_queue_full,,,
1638,2,1,6.825,6.825104309013113,completed,6.878887100145221,53.88710014522058,25.795455932617188
1639,3,1,6.829166666666667,6.829186948016286,completed,6.887577653164044,58.410986497377415,51.40556716918945
1640,0,0,6.833333333333333,6.833345107035711,completed,6.899667692137882,66.33435880454908,34.450111389160156
1641,1,0,6.8374999999999995,6.837617824086919,dropped_queue_full,,,
1642,2,0,6.841666666666667,6.841670352965593,dropped_queue_full,,,
1643,3,0,6.845833333333333,6.845833871047944,completed,6.905260546132922,59.42721279958896,17.683744430541992
1644,0,1,6.85,6.850059809163213,dropped_queue_full,,,
1645,1,1,6.854166666666667,6.854203858179972,completed,6.916301475139335,62.134808472667835,43.01475143432617
1646,2,1,6.858333333333333,6.858438975177705,completed,6.924729780992493,66.39644765915963,43.40220642089844
1647,3,1,6.8625,6.8625052340794355,dropped_queue_full,,,
1648,0,0,6.866666666666666,6.866822761017829,completed,6.930943208979443,64.27654231277646,34.874366760253906
1649,1,0,6.870833333333334,6.870924530085176,completed,6.940099377185106,69.26604385177271,26.130271911621094
1650,2,0,6.875,6.875013499055058,dropped_queue_full,,,
1651,3,0,6.879166666666666,6.879206417128444,dropped_queue_full,,,
1652,0,1,6.883333333333333,6.883414265001193,dropped_queue_full,,,
1653,1,1,6.8875,6.887570843100548,dropped_queue_full,,,
1654,2,1,6.891666666666667,6.891670522047207,completed,6.9485719720833,56.905305416633745,26.02729606628418
1655,3,1,6.895833333333333,6.895910290069878,completed,6.958002277184278,62.168943850944736,51.52070236206055
1656,0,0,6.8999999999999995,6.900146197061986,completed,6.9663055741693825,66.305574169383,34.41948699951172
1657,1,0,6.904166666666667,6.904184187063947,dropped_queue_full,,,
1658,2,0,6.908333333333333,6.908400474116206,dropped_queue_full,,,
1659,3,0,6.9125,6.912566933082417,completed,6.97488483809866,62.38483809866047,17.709632873535156
1660,0,1,6.916666666666667,6.916779791004956,dropped_queue_full,,,
1661,1,1,6.920833333333333,6.920942208962515,completed,6.983379173092544,62.545839759210686,43.13711929321289
1662,2,1,6.925,6.925051308004186,completed,6.991948537062854,66.94853706285375,43.22892761230469
1663,3,1,6.929166666666666,6.929260085104033,dropped_queue_full,,,
1664,0,0,6.933333333333334,6.933411494130269,completed,7.000425682170317,67.092348836983,34.73548889160156
1665,1,0,6.9375,6.9376361321192235,dropped_queue_full,,,
1666,2,0,6.941666666666666,6.941671061096713,dropped_queue_full,,,
1667,3,0,6.945833333333333,6.945941708050668,dropped_queue_full,,,
1668,0,1,6.95,6.950098937144503,dropped_queue_full,,,
1669,1,1,6.954166666666667,6.954256555065513,completed,7.0121127150487155,57.946048382048865,26.024127960205078
1670,2,1,6.958333333333333,6.958479132968932,completed,7.020558801013976,62.2254676806433,25.72319984436035
1671,3,1,6.9624999999999995,6.962542332010344,completed,7.028816278092563,66.31627809256369,51.4719352722168
1672,0,0,6.966666666666667,6.9667847491800785,completed,7.034890957176685,68.22429051001855,34.36076736450195
1673,1,0,6.970833333333333,6.970845759147778,dropped_queue_full,,,
1674,2,0,6.975,6.975044967141002,dropped_queue_full,,,
1675,3,0,6.979166666666667,6.979305114131421,completed,7.044045594986528,64.87892831986119,17.557920455932617
1676,0,1,6.983333333333333,6.983376123011112,dropped_queue_full,,,
1677,1,1,6.9875,6.987566801020876,completed,7.054022355005145,66.52235500514524,42.777278900146484
1678,2,1,6.991666666666666,6.991796399001032,dropped_queue_full,,,
1679,3,1,6.995833333333334,6.995898687979206,dropped_queue_full,,,
1680,0,0,7.0,7.000102846184745,dropped_queue_full,,,
1681,1,0,7.004166666666666,7.004197285044938,dropped_queue_full,,,
1682,2,0,7.008333333333333,7.008351083146408,completed,7.06104299495928,52.709661625947035,43.05731201171875
1683,3,0,7.0125,7.012590170139447,dropped_queue_full,,,
1684,0,1,7.016666666666667,7.016818968113512,completed,7.069415751146153,52.74908447948601,34.43564987182617
1685,1,1,7.020833333333333,7.02087941695936,completed,7.078973575029522,58.14024169618914,26.109312057495117
1686,2,1,7.0249999999999995,7.025077955098823,completed,7.087228232994676,62.22823299467617,25.804384231567383
1687,3,1,7.029166666666667,7.029259133152664,completed,7.095537709072232,66.37104240556546,51.27110290527344
1688,0,0,7.033333333333333,7.033481561113149,dropped_queue_full,,,
1689,1,0,7.0375,7.037565400125459,dropped_queue_full,,,
1690,2,0,7.041666666666667,7.041722848080099,dropped_queue_full,,,
1691,3,0,7.045833333333333,7.045927566010505,completed,7.104889116017148,59.055782683814506,9.299360275268555
1692,0,1,7.05,7.050099445041269,completed,7.116238702088594,66.23870208859461,43.730369567871094
1693,1,1,7.054166666666666,7.054185714107007,completed,7.121870215050876,67.70354838420988,43.06159973144531
1694,2,1,7.058333333333334,7.058383621973917,dropped_queue_full,,,
1695,3,1,7.0625,7.062615578994155,dropped_queue_full,,,
1696,0,0,7.066666666666666,7.066821827087551,dropped_queue_full,,,
1697,1,0,7.070833333333333,7.070990164997056,dropped_queue_full,,,
1698,2,0,7.075,7.075038765091449,completed,7.130363709991798,55.36370999179763,43.21481704711914
1699,3,0,7.079166666666667,7.079294422175735,dropped_queue_full,,,
1700,0,1,7.083333333333333,7.083475379971787,completed,7.141272321110591,57.938987777258255,25.89379119873047
1701,1,1,7.0874999999999995,7.087548949057236,completed,7.147834965027869,60.33496502786928,25.875743865966797
1702,2,1,7.091666666666667,7.0917641571722925,completed,7.1580386131536216,66.37194648695477,25.925920486450195
1703,3,1,7.095833333333333,7.095858226064593,completed,7.164885764010251,69.05243067691735,59.89945602416992
1704,0,0,7.1,7.100072614150122,dropped_queue_full,,,
1705,1,0,7.104166666666667,7.104255722137168,dropped_queue_full,,,
1706,2,0,7.108333333333333,7.108347570989281,dropped_queue_full,,,
1707,3,0,7.1125,7.112506769131869,completed,7.17441897909157,61.91897909156996,9.374591827392578
1708,0,1,7.116666666666666,7.116718277102336,completed,7.174739736132324,58.07306946565749,35.247615814208984
1709,1,1,7.120833333333334,7.120920005021617,dropped_queue_full,,,
1710,2,1,7.125,7.125100702978671,dropped_queue_full,,,
1711,3,1,7.129166666666666,7.129255451029167,dropped_queue_full,,,
1712,0,0,7.133333333333333,7.133354040095583,dropped_queue_full,,,
1713,1,0,7.1375,7.1375059590209275,completed,7.19119983096607,53.69983096607012,43.254337310791016
1714,2,0,7.141666666666667,7.141750756185502,completed,7.199804614065215,58.137947398548384,43.20345687866211
1715,3,0,7.145833333333333,7.1459451040718704,dropped_queue_full,,,
1716,0,1,7.1499999999999995,7.1500431429594755,completed,7.212082101032138,62.082101032138404,33.87171173095703
1717,1,1,7.154166666666667,7.15428706118837,completed,7.220468746963888,66.30208029722162,25.877151489257812
1718,2,1,7.158333333333333,7.158358880085871,completed,7.225781974149868,67.44864081653468,25.95631980895996
1719,3,1,7.1625,7.162564118159935,dropped_queue_full,,,
1720,0,0,7.166666666666667,7.166721556102857,dropped_queue_full,,,
1721,1,0,7.170833333333333,7.170878374017775,dropped_queue_full,,,
1722,2,0,7.175,7.175056022126228,dropped_queue_full,,,
1723,3,0,7.179166666666666,7.179254460148513,completed,7.234263099031523,55.09643236485662,54.717952728271484
1724,0,1,7.183333333333334,7.183488568058237,completed,7.245463266968727,62.12993363539354,34.148353576660156
1725,1,1,7.1875,7.187572926981375,dropped_queue_full,,,
1726,2,1,7.191666666666666,7.191674516070634,dropped_queue_full,,,
1727,3,1,7.195833333333333,7.195880514103919,completed,7.253818483091891,57.98514975855795,17.638879776000977
1728,0,0,7.2,7.200101781170815,dropped_queue_full,,,
1729,1,0,7.204166666666667,7.204256260069087,completed,7.260515216039494,56.34854937282707,43.186912536621094
1730,2,0,7.208333333333333,7.2083376289810985,completed,7.2691032299771905,60.76989664385746,43.036895751953125
1731,3,0,7.2124999999999995,7.21256028697826,dropped_queue_full,,,
1732,0,1,7.216666666666667,7.216723344987258,completed,7.27880442305468,62.13775638801344,34.521278381347656
1733,1,1,7.220833333333333,7.22094218316488,completed,7.287088650045916,66.25531671258322,25.946624755859375
1734,2,1,7.225,7.225147101096809,dropped_queue_full,,,
1735,3,1,7.229166666666667,7.229191530030221,dropped_queue_full,,,
1736,0,0,7.233333333333333,7.2333486180286855,dropped_queue_full,,,
1737,1,0,7.2375,7.237562046153471,dropped_queue_full,,,
1738,2,0,7.241666666666666,7.241722134174779,completed,7.295100538991392,53.43387232472541,25.904064178466797
1739,3,0,7.245833333333334,7.245942212175578,completed,7.303732263157144,57.89892982381062,51.661502838134766
1740,0,1,7.25,7.250101719982922,completed,7.312364547047764,62.36454704776406,34.608543395996094
1741,1,1,7.254166666666666,7.2543237779755145,dropped_queue_full,,,
1742,2,1,7.258333333333333,7.258348808158189,dropped_queue_full,,,
1743,3,1,7.2625,7.262555846013129,completed,7.321579364128411,59.07936412841064,17.771583557128906
1744,0,0,7.266666666666667,7.26677420316264,dropped_queue_full,,,
1745,1,0,7.270833333333333,7.270988901145756,completed,7.332958520157263,62.125186823929646,43.33686447143555
1746,2,0,7.2749999999999995,7.27508198004216,completed,7.341267517069355,66.2675170693552,43.51068878173828
1747,3,0,7.279166666666667,7.279261188115925,dropped_queue_full,,,
1748,0,1,7.283333333333333,7.28333969716914,completed,7.347204588120803,63.87125478747002,34.862430572509766
1749,1,1,7.2875,7.287566545186564,completed,7.356179658090696,68.6796580906961,25.978208541870117
1750,2,1,7.291666666666667,7.291682764189318,dropped_queue_full,,,
1751,3,1,7.295833333333333,7.2958883221726865,dropped_queue_full,,,
1752,0,0,7.3,7.300037840148434,dropped_queue_full,,,
1753,1,0,7.304166666666666,7.304206888191402,dropped_queue_full,,,
1754,2,0,7.308333333333334,7.308465345995501,completed,7.3646696920040995,56.33635867076592,25.719520568847656
1755,3,0,7.3125,7.312526094960049,completed,7.374750460963696,62.25046096369624,51.439998626708984
1756,0,1,7.316666666666666,7.316754393046722,completed,7.383015059167519,66.34839250085278,34.30720138549805
1757,1,1,7.320833333333333,7.3209436510223895,dropped_queue_full,,,
1758,2,1,7.325,7.325034950161353,dropped_queue_full,,,
1759,3,1,7.329166666666667,7.329194508027285,completed,7.391175077063963,62.00841039729621,17.83456039428711
1760,0,0,7.333333333333333,7.333435785025358,dropped_queue_full,,,
1761,1,0,7.3374999999999995,7.337506635114551,completed,7.399877550080419,62.37755008041912,43.09961700439453
1762,2,0,7.341666666666667,7.341743821976706,completed,7.408137046964839,66.47038029817232,43.35977554321289
1763,3,0,7.345833333333333,7.345943439984694,dropped_queue_full,,,
1764,0,1,7.35,7.350034509086981,completed,7.41666692099534,66.6669209953401,34.84288024902344
1765,1,1,7.354166666666667,7.35429002600722,dropped_queue_full,,,
1766,2,1,7.358333333333333,7.358348756097257,dropped_queue_full,,,
1767,3,1,7.3625,7.362505104159936,dropped_queue_full,,,
1768,0,0,7.366666666666666,7.366822361014783,dropped_queue_full,,,
1769,1,0,7.370833333333334,7.370940410066396,completed,7.425575322005898,54.74198867256419,26.00169563293457
1770,2,0,7.375,7.375072387978435,completed,7.43410316715017,59.10316715016961,25.817983627319336
1771,3,0,7.379166666666666,7.379260586109012,completed,7.445464163087308,66.29749642064198,51.41120147705078
1772,0,1,7.383333333333333,7.3833359950222075,completed,7.451204815180972,67.87148184763936,34.4747200012207
1773,1,1,7.3875,7.387562083080411,dropped_queue_full,,,
1774,2,1,7.391666666666667,7.39180636103265,dropped_queue_full,,,
1775,3,1,7.395833333333333,7.395941928960383,completed,7.460575100965798,64.74176763246487,17.774879455566406
1776,0,0,7.3999999999999995,7.4000404581893235,dropped_queue_full,,,
1777,1,0,7.404166666666667,7.404201966011897,completed,7.470434703165665,66.26803649899848,43.21615982055664
1778,2,0,7.408333333333333,7.408454684074968,completed,7.477670350112021,69.33701677868775,43.4733772277832
1779,3,0,7.4125,7.412514582974836,dropped_queue_full,,,
1780,0,1,7.416666666666667,7.416827579960227,completed,7.486105146119371,69.43847945270409,34.80108642578125
1781,1,1,7.420833333333333,7.42090520914644,dropped_queue_full,,,
1782,2,1,7.425,7.425097667146474,dropped_queue_full,,,
1783,3,1,7.429166666666666,7.429185776039958,dropped_queue_full,,,
1784,0,0,7.433333333333334,7.433348244056106,dropped_queue_full,,,
1785,1,0,7.4375,7.43750581308268,completed,7.495482102036476,57.982102036476135,26.12076759338379
1786,2,0,7.441666666666666,7.441717920126393,completed,7.503984856186435,62.3181895197682,25.914976119995117
1787,3,0,7.445833333333333,7.44594318815507,completed,7.5122859929688275,66.45265963549463,51.61587142944336
1788,0,1,7.45,7.450099636102095,dropped_queue_full,,,
1789,1,1,7.454166666666667,7.454373574117199,dropped_queue_full,,,
1790,2,1,7.458333333333333,7.458413013024256,dropped_queue_full,,,
1791,3,1,7.4624999999999995,7.462615331169218,completed,7.52182755805552,59.32755805552059,9.421216011047363
1792,0,0,7.466666666666667,7.466672979993746,completed,7.532925377134234,66.25871046756693,43.948097229003906
1793,1,0,7.470833333333333,7.470913238124922,completed,7.538885656977072,68.05232364373914,43.486366271972656
1794,2,0,7.475,7.475154815008864,dropped_queue_full,,,
1795,3,0,7.479166666666667,7.479195735184476,dropped_queue_full,,,
1796,0,1,7.483333333333333,7.483356703072786,dropped_queue_full,,,
1797,1,1,7.4875,7.487519211135805,dropped_queue_full,,,
1798,2,1,7.491666666666666,7.4917240790091455,completed,7.547361632110551,55.69496544388475,43.49955368041992
1799,3,1,7.495833333333334,7.495943957008421,dropped_queue_full,,,
1800,0,0,7.5,7.500039075966924,completed,7.558163393987343,58.163393987342715,25.878400802612305
1801,1,0,7.504166666666666,7.504304573172703,completed,7.564882456092164,60.71578942549749,25.869312286376953
1802,2,0,7.508333333333333,7.5083745419979095,completed,7.574690018082038,66.35668474870471,25.974655151367188
1803,3,0,7.5125,7.512601980008185,completed,7.582041003974155,69.54100397415442,60.00908660888672
1804,0,1,7.516666666666667,7.516679719090462,dropped_queue_full,,,
1805,1,1,7.520833333333333,7.520880317082629,dropped_queue_full,,,
1806,2,1,7.5249999999999995,7.525034736143425,dropped_queue_full,,,
1807,3,1,7.529166666666667,7.529192584101111,completed,7.591575649101287,62.40898243462034,9.430432319641113
1808,0,0,7.533333333333333,7.533403132110834,completed,7.59189772605896,58.564392725626746,35.46963119506836
1809,1,0,7.5375,7.537618699017912,dropped_queue_full,,,
1810,2,0,7.541666666666667,7.541818507015705,dropped_queue_full,,,
1811,3,0,7.545833333333333,7.545939416158944,dropped_queue_full,,,
1812,0,1,7.55,7.55003371508792,dropped_queue_full,,,
1813,1,1,7.554166666666666,7.554379631066695,completed,7.608513929182664,54.34726251599731,43.55535888671875
1814,2,1,7.558333333333334,7.558485200162977,completed,7.617103593191132,58.77025985779838,43.57254409790039
1815,3,1,7.5625,7.562537880148739,dropped_queue_full,,,
1816,0,0,7.566666666666666,7.566724888049066,completed,7.6287563261576,62.08965949093326,34.08428955078125
1817,1,0,7.570833333333333,7.570942335063592,completed,7.637224451173097,66.39111783976404,25.981887817382812
1818,2,0,7.575,7.57501035509631,completed,7.6431815719697624,68.18157196976227,25.93289566040039
1819,3,0,7.579166666666667,7.579222163185477,dropped_queue_full,,,
1820,0,1,7.583333333333333,7.583411381114274,dropped_queue_full,,,
1821,1,1,7.5874999999999995,7.587568669114262,dropped_queue_full,,,
1822,2,1,7.591666666666667,7.591734457062557,dropped_queue_full,,,
1823,3,1,7.595833333333333,7.595939265098423,completed,7.651834515156224,56.001181822891155,55.668704986572266
1824,0,0,7.6,7.6000999531243,completed,7.662182371132076,62.18237113207614,34.485504150390625
1825,1,0,7.604166666666667,7.604174473090097,dropped_queue_full,,,
1826,2,0,7.608333333333333,7.6083508010488,dropped_queue_full,,,
1827,3,0,7.6125,7.612565278075635,completed,7.670464808121324,57.96480812132376,17.795135498046875
1828,0,1,7.616666666666666,7.616776436101645,dropped_queue_full,,,
1829,1,1,7.620833333333334,7.620941004017368,completed,7.678200241178274,57.366907844940584,43.32963180541992
1830,2,1,7.625,7.625010434072465,completed,7.686883874004707,61.88387400470674,43.45030212402344
1831,3,1,7.629166666666666,7.6292375510092825,dropped_queue_full,,,
1832,0,0,7.633333333333333,7.6334138691890985,completed,7.6955039671156555,62.17063378232268,34.56582260131836
1833,1,0,7.6375,7.637544918106869,completed,7.70432989904657,66.82989904656989,26.083263397216797
1834,2,0,7.641666666666667,7.641763056162745,dropped_queue_full,,,
1835,3,0,7.645833333333333,7.645941063994542,dropped_queue_full,,,
1836,0,1,7.6499999999999995,7.650097722187638,dropped_queue_full,,,
1837,1,1,7.654166666666667,7.654190320987254,dropped_queue_full,,,
1838,2,1,7.658333333333333,7.658411299111322,completed,7.712896793149412,54.56345981607846,25.858591079711914
1839,3,1,7.6625,7.662503308150917,completed,7.724697335157543,62.197335157543776,51.59526443481445
1840,0,0,7.666666666666667,7.666738516185433,completed,7.732968301977962,66.30163531129529,34.59996795654297
1841,1,0,7.670833333333333,7.67094263411127,dropped_queue_full,,,
1842,2,0,7.675,7.675098672043532,dropped_queue_full,,,
1843,3,0,7.679166666666666,7.679254470160231,completed,7.739361958112568,60.19529144590141,17.749120712280273
1844,0,1,7.683333333333334,7.683467218186706,dropped_queue_full,,,
1845,1,1,7.6875,7.687515537021682,completed,7.749617445049807,62.11744504980743,43.27164840698242
1846,2,1,7.691666666666666,7.69176771515049,completed,7.757929231971502,66.26256530483587,43.459808349609375
1847,3,1,7.695833333333333,7.695942223072052,dropped_queue_full,,,
1848,0,0,7.7,7.700101691065356,completed,7.764881732175127,64.8817321751265,34.70761489868164
1849,1,0,7.704166666666667,7.704322649165988,dropped_queue_full,,,
1850,2,0,7.708333333333333,7.708351029083133,dropped_queue_full,,,
1851,3,0,7.7124999999999995,7.712568755960092,dropped_queue_full,,,
1852,0,1,7.716666666666667,7.716666724998504,dropped_queue_full,,,
1853,1,1,7.720833333333333,7.72094157198444,completed,7.773940791143104,53.10745780977122,25.953664779663086
1854,2,1,7.725,7.725018522003666,completed,7.782263568136841,57.263568136841414,25.69196891784668
1855,3,1,7.729166666666667,7.729227619012818,completed,7.7913282669615,62.161600294833086,51.35283279418945
1856,0,0,7.733333333333333,7.733446447178721,completed,7.799640214070678,66.30688073734436,34.374176025390625
1857,1,0,7.7375,7.737653985153884,dropped_queue_full,,,
1858,2,0,7.741666666666666,7.741714544128627,dropped_queue_full,,,
1859,3,0,7.745833333333334,7.745879173045978,completed,7.808675762964413,62.842429631079,17.650144577026367
1860,0,1,7.75,7.750101670157164,dropped_queue_full,,,
1861,1,1,7.754166666666666,7.754182709148154,completed,7.817104149144143,62.937482477476436,42.96025466918945
1862,2,1,7.758333333333333,7.758450397057459,completed,7.825832151109353,67.49881777601985,43.431488037109375
1863,3,1,7.7625,7.762534726178274,dropped_queue_full,,,
1864,0,0,7.766666666666667,7.76672322396189,completed,7.834362446097657,67.69577943099048,34.828609466552734
1865,1,0,7.770833333333333,7.770942391129211,dropped_queue_full,,,
1866,2,0,7.7749999999999995,7.775044050067663,dropped_queue_full,,,
1867,3,0,7.779166666666667,7.779196069110185,dropped_queue_full,,,
1868,0,1,7.783333333333333,7.783366917166859,dropped_queue_full,,,
1869,1,1,7.7875,7.787570205051452,completed,7.8455725440289825,58.072544028982875,26.209087371826172
1870,2,1,7.791666666666667,7.791806071996689,completed,7.85383753105998,62.17086439331343,25.819456100463867
1871,3,1,7.795833333333333,7.795891621150076,completed,7.862425085157156,66.59175182382259,51.58019256591797
1872,0,0,7.8,7.8000992690213025,completed,7.868829241022468,68.82924102246778,34.348384857177734
1873,1,0,7.804166666666666,7.804171968018636,dropped_queue_full,,,
1874,2,0,7.808333333333334,7.80835399706848,dropped_queue_full,,,
1875,3,0,7.8125,7.812568054068834,completed,7.878105137962848,65.60513796284795,17.65555191040039
1876,0,1,7.816666666666666,7.816785592120141,dropped_queue_full,,,
1877,1,1,7.820833333333333,7.820941159967333,completed,7.887169267050922,66.33593371758906,42.945377349853516
1878,2,1,7.825,7.825039379065856,dropped_queue_full,,,
1879,3,1,7.829166666666667,7.829255877062678,dropped_queue_full,,,
1880,0,0,7.833333333333333,7.833412615116686,dropped_queue_full,,,
1881,1,0,7.8374999999999995,7.837505024159327,dropped_queue_full,,,
1882,2,0,7.841666666666667,7.841821291018277,completed,7.895101047120988,53.434380454321584,43.13004684448242
1883,3,0,7.845833333333333,7.845892790006474,dropped_queue_full,,,
1884,0,1,7.85,7.850099078146741,completed,7.903362684184685,53.362684184685705,34.45964813232422
1885,1,1,7.854166666666667,7.854314435971901,completed,7.9124290340114385,58.262367344771526,25.850976943969727
1886,2,1,7.858333333333333,7.8584173650015146,completed,7.920887329149991,62.55399581665788,25.638431549072266
1887,3,1,7.8625,7.862587573006749,completed,7.929528742097318,67.02874209731834,51.12665557861328
1888,0,0,7.866666666666666,7.866816461086273,dropped_queue_full,,,
1889,1,0,7.870833333333334,7.87087709014304,dropped_queue_full,,,
1890,2,0,7.875,7.875036098062992,dropped_queue_full,,,
1891,3,0,7.879166666666666,7.879205946112052,completed,7.938946787966415,59.780121299748856,9.379039764404297
1892,0,1,7.883333333333333,7.883422094164416,completed,7.939267324982211,55.933991648878134,35.76755142211914
1893,1,1,7.8875,7.887646201997995,completed,7.95594417816028,68.44417816027982,43.316001892089844
1894,2,1,7.891666666666667,7.89171274099499,dropped_queue_full,,,
1895,3,1,7.895833333333333,7.895888819126412,dropped_queue_full,,,
1896,0,0,7.8999999999999995,7.900098846992478,dropped_queue_full,,,
1897,1,0,7.904166666666667,7.9043087949976325,dropped_queue_full,,,
1898,2,0,7.908333333333333,7.908349915174767,completed,7.966268594143912,57.93526081057898,43.40016174316406
1899,3,0,7.9125,7.912589142099023,dropped_queue_full,,,
1900,0,1,7.916666666666667,7.9168202800210565,completed,7.9747132901102304,58.04662344356348,33.86579132080078
1901,1,1,7.920833333333333,7.920883539132774,completed,7.981884088134393,61.0507548010597,25.788576126098633
1902,2,1,7.925,7.925150305964053,completed,7.991276794113219,66.27679411321895,25.821664810180664
1903,3,1,7.929166666666666,7.929213745053858,dropped_queue_full,,,
1904,0,0,7.933333333333334,7.933410973055288,dropped_queue_full,,,
1905,1,0,7.9375,7.937567782122642,dropped_queue_full,,,
1906,2,0,7.941666666666666,7.941773219965398,dropped_queue_full,,,
1907,3,0,7.945833333333333,7.945939828176051,completed,7.998884486965835,53.051153632502235,52.6545295715332
1908,0,1,7.95,7.950004177168012,completed,8.007357312133536,57.357312133535565,34.04380798339844
1909,1,1,7.954166666666667,7.954215835081413,dropped_queue_full,,,
1910,2,1,7.958333333333333,7.958433213178068,dropped_queue_full,,,
1911,3,1,7.9624999999999995,7.962508602067828,completed,8.01663603913039,54.13603913039022,17.67673683166504
1912,0,0,7.966666666666667,7.966746469028294,dropped_queue_full,,,
1913,1,0,7.970833333333333,7.970941117033362,completed,8.025041725020856,54.20839168752245,43.095584869384766
1914,2,0,7.975,7.9750357661396265,completed,8.03376916795969,58.76916795969045,43.244510650634766
1915,3,0,7.979166666666667,7.979240064043552,dropped_queue_full,,,
1916,0,1,7.983333333333333,7.983458182075992,completed,8.045535040087998,62.20170675466452,34.519840240478516
1917,1,1,7.9875,7.9875224709976465,completed,8.053794207051396,66.29420705139654,25.91587257385254
1918,2,1,7.991666666666666,7.991753159090877,completed,8.0595741791185,67.9075124518329,25.682783126831055
1919,3,1,7.995833333333334,7.995944887166843,dropped_queue_full,,,
1920,0,0,8.0,8.000100315082818,dropped_queue_full,,,
1921,1,0,8.004166666666666,8.004255833104253,dropped_queue_full,,,
1922,2,0,8.008333333333333,8.008411192102358,dropped_queue_full,,,
1923,3,0,8.0125,8.012566500110552,completed,8.068054794101045,55.554794101045246,51.32748794555664
1924,0,1,8.016666666666666,8.016795617993921,completed,8.07878993707709,62.123270410424425,34.47411346435547
1925,1,1,8.020833333333334,8.020843987120315,dropped_queue_full,,,
1926,2,1,8.025,8.025038265157491,dropped_queue_full,,,
1927,3,1,8.029166666666667,8.029382372042164,completed,8.087225432042032,58.058765375365695,17.652128219604492
1928,0,0,8.033333333333333,8.033447260968387,dropped_queue_full,,,
1929,1,0,8.0375,8.037507880013436,completed,8.09441625000909,56.916250009090064,43.058815002441406
1930,2,0,8.041666666666666,8.0417680980172,completed,8.102944534970447,61.27786830378135,43.31039810180664
1931,3,0,8.045833333333333,8.045856856973842,dropped_queue_full,,,
1932,0,1,8.05,8.05004352517426,completed,8.112195251975209,62.19525197520781,34.69055938720703
1933,1,1,8.054166666666667,8.054262152174488,completed,8.120501489145681,66.33482247901412,26.041759490966797
1934,2,1,8.058333333333334,8.058495769975707,dropped_queue_full,,,
1935,3,1,8.0625,8.062507880153134,dropped_queue_full,,,
1936,0,0,8.066666666666666,8.066667328123003,dropped_queue_full,,,
1937,1,0,8.070833333333333,8.070880456129089,dropped_queue_full,,,
1938,2,0,8.075,8.075037233997136,completed,8.128884605132043,53.88460513204407,25.811904907226562
1939,3,0,8.079166666666666,8.079262632178143,completed,8.137418179074302,58.251512407636596,51.40879821777344
1940,0,1,8.083333333333334,8.08344671013765,completed,8.145744616165757,62.411282832423254,34.258209228515625
1941,1,1,8.0875,8.087545819114894,dropped_queue_full,,,
1942,2,1,8.091666666666667,8.0917801160831,dropped_queue_full,,,
1943,3,1,8.095833333333333,8.095940415048972,completed,8.15516980108805,59.33646775471679,17.61052894592285
1944,0,0,8.1,8.100147403078154,dropped_queue_full,,,
1945,1,0,8.104166666666666,8.10420930199325,completed,8.166266820160672,62.100153494005994,42.89072036743164
1946,2,0,8.108333333333333,8.108443789184093,completed,8.174733935156837,66.4006018235046,43.150718688964844
1947,3,0,8.1125,8.112516739172861,dropped_queue_full,,,
1948,0,1,8.116666666666667,8.116721466183662,completed,8.180679036071524,64.01236940485688,34.70694351196289
1949,1,1,8.120833333333334,8.120944594033062,completed,8.189792924094945,68.95959076161162,26.021568298339844
1950,2,1,8.125,8.125003624008968,dropped_queue_full,,,
1951,3,1,8.129166666666666,8.12920348206535,dropped_queue_full,,,
1952,0,0,8.133333333333333,8.133412179071456,dropped_queue_full,,,
1953,1,0,8.1375,8.137577178189531,dropped_queue_full,,,
1954,2,0,8.141666666666666,8.141820274991915,completed,8.198104951065034,56.438284398367955,25.7673282623291
1955,3,0,8.145833333333334,8.14590948401019,completed,8.207957372069359,62.1240387360249,51.382625579833984
1956,0,1,8.15,8.15001527313143,completed,8.21630479907617,66.30479907616937,34.40982437133789
1957,1,1,8.154166666666667,8.154220391064882,dropped_queue_full,,,
1958,2,1,8.158333333333333,8.158591407118365,dropped_queue_full,,,
1959,3,1,8.1625,8.162507337983698,completed,8.224355818005279,61.85581800527906,17.637535095214844
1960,0,0,8.166666666666666,8.16674411506392,dropped_queue_full,,,
1961,1,0,8.170833333333333,8.170944603160024,completed,8.233005511108786,62.17217777545336,42.984161376953125
1962,2,0,8.175,8.175054582068697,completed,8.241434677038342,66.43467703834105,43.267486572265625
1963,3,0,8.179166666666667,8.179261290002614,dropped_queue_full,,,
1964,0,1,8.183333333333334,8.18335100915283,completed,8.249945972114801,66.61263878146784,34.731136322021484
1965,1,1,8.1875,8.187590966001153,dropped_queue_full,,,
1966,2,1,8.191666666666666,8.19181924406439,dropped_queue_full,,,
1967,3,1,8.195833333333333,8.195941332960501,dropped_queue_full,,,
1968,0,0,8.2,8.200146091170609,dropped_queue_full,,,
1969,1,0,8.204166666666666,8.20419443002902,completed,8.259008071152493,54.84140448582764,26.0184326171875
1970,2,0,8.208333333333334,8.20843322807923,completed,8.26751800510101,59.18467176767628,25.896608352661133
1971,3,0,8.2125,8.212529017124325,completed,8.278771493118256,66.27149311825598,51.532928466796875
1972,0,1,8.216666666666667,8.216783654177561,completed,8.284572125179693,67.90545851302632,34.4073600769043
1973,1,1,8.220833333333333,8.220941732171923,dropped_queue_full,,,
1974,2,1,8.225,8.225097751012072,dropped_queue_full,,,
1975,3,1,8.229166666666666,8.229255689075217,completed,8.293889031047001,64.7223643803354,17.687999725341797
1976,0,0,8.233333333333333,8.233483967138454,dropped_queue_full,,,
1977,1,0,8.2375,8.23750621615909,completed,8.303811652120203,66.31165212020207,43.14227294921875
1978,2,0,8.241666666666667,8.241751783993095,completed,8.310943310149014,69.27664348234686,43.327552795410156
1979,3,0,8.245833333333334,8.24585152301006,dropped_queue_full,,,
1980,0,1,8.25,8.25010847998783,completed,8.31941644498147,69.4164449814707,34.687198638916016
1981,1,1,8.254166666666666,8.25416917912662,dropped_queue_full,,,
1982,2,1,8.258333333333333,8.258350027026609,dropped_queue_full,,,
1983,3,1,8.2625,8.262570325052366,dropped_queue_full,,,
1984,0,0,8.266666666666666,8.266723673092201,dropped_queue_full,,,
1985,1,0,8.270833333333334,8.270939601119608,completed,8.328850861173123,58.017527839789196,25.964128494262695
1986,2,0,8.275,8.275018260115758,completed,8.337103508180007,62.10350818000698,25.64179229736328
1987,3,0,8.279166666666667,8.2792541179806,completed,8.345430494984612,66.26382831794508,51.317344665527344
1988,0,1,8.283333333333333,8.283475965959951,dropped_queue_full,,,
1989,1,1,8.2875,8.287555165123194,dropped_queue_full,,,
1990,2,1,8.291666666666666,8.291721553076059,dropped_queue_full,,,
1991,3,1,8.295833333333333,8.295929801184684,completed,8.354888160014525,59.05482668119255,9.406847953796387
1992,0,0,8.3,8.300099599175155,completed,8.366311856079847,66.31185607984591,43.75574493408203
1993,1,0,8.304166666666667,8.304260387085378,completed,8.371793951140717,67.62728447404953,43.2479362487793
1994,2,0,8.308333333333334,8.30848138500005,dropped_queue_full,,,
1995,3,0,8.3125,8.312512865057215,dropped_queue_full,,,
1996,0,1,8.316666666666666,8.31682201102376,dropped_queue_full,,,
1997,1,1,8.320833333333333,8.320940680103377,dropped_queue_full,,,
1998,2,1,8.325,8.325096808141097,completed,8.380420014029369,55.42001402936947,43.472511291503906
1999,3,1,8.329166666666666,8.329170698067173,dropped_queue_full,,,
2000,0,0,8.333333333333334,8.333348886109889,completed,8.391262175980955,57.92884264762144,25.87126350402832
2001,1,0,8.3375,8.337580922991037,completed,8.397832649992779,60.33264999277854,25.894784927368164
2002,2,0,8.341666666666667,8.341667062137276,completed,8.407990768086165,66.3241014194984,25.96121597290039
2003,3,0,8.345833333333333,8.34590856009163,completed,8.414887899067253,69.05456573391966,59.879905700683594
2004,0,1,8.35,8.350103428121656,dropped_queue_full,,,
2005,1,1,8.354166666666666,8.354253625962883,dropped_queue_full,,,
2006,2,1,8.358333333333333,8.358350065071136,dropped_queue_full,,,
2007,3,1,8.3625,8.362569923046976,completed,8.424358474090695,61.85847409069467,9.335807800292969
2008,0,0,8.366666666666667,8.366791311185807,completed,8.424521262058988,57.85459539232107,35.181854248046875
2009,1,0,8.370833333333334,8.370846139965579,dropped_queue_full,,,
2010,2,0,8.375,8.375036968151107,dropped_queue_full,,,
2011,3,0,8.379166666666666,8.379194526001811,dropped_queue_full,,,
2012,0,1,8.383333333333333,8.383349635172635,dropped_queue_full,,,
2013,1,1,8.3875,8.387508013052866,completed,8.441197665175423,53.69766517542374,43.24604797363281
2014,2,1,8.391666666666666,8.391741631086916,completed,8.44985355809331,58.18689142664368,43.22691345214844
2015,3,1,8.395833333333334,8.395944169024006,dropped_queue_full,,,
2016,0,0,8.4,8.40003473800607,completed,8.462579810991883,62.57981099188292,34.23360061645508
2017,1,0,8.404166666666667,8.40425900509581,completed,8.470413072034717,66.24640536804982,26.191808700561523
2018,2,0,8.408333333333333,8.408468483015895,completed,8.47604879597202,67.71546263868622,26.028032302856445
2019,3,0,8.4125,8.412527982145548,dropped_queue_full,,,
2020,0,1,8.416666666666666,8.416772580007091,dropped_queue_full,,,
2021,1,1,8.420833333333333,8.420940338168293,dropped_queue_full,,,
2022,2,1,8.425,8.425150806084275,dropped_queue_full,,,
2023,3,1,8.429166666666667,8.429189126007259,completed,8.484574530040845,55.407863374178135,55.105472564697266
2024,0,0,8.433333333333334,8.433391573140398,completed,8.495560460025445,62.22712669211106,34.30214309692383
2025,1,0,8.4375,8.437598651042208,dropped_queue_full,,,
2026,2,0,8.441666666666666,8.441671679960564,dropped_queue_full,,,
2027,3,0,8.445833333333333,8.44594114809297,completed,8.503807318164036,57.97398483070282,17.792768478393555
2028,0,1,8.45,8.450013497145846,dropped_queue_full,,,
2029,1,1,8.454166666666666,8.45419300510548,completed,8.510887017007917,56.72035034125145,43.21513748168945
2030,2,1,8.458333333333334,8.458479762077332,completed,8.519513450097293,61.180116763958736,43.434017181396484
2031,3,1,8.4625,8.46257528103888,dropped_queue_full,,,
2032,0,0,8.466666666666667,8.46666753012687,completed,8.528827517060563,62.16085039389618,34.523521423339844
2033,1,0,8.470833333333333,8.470890708034858,completed,8.537101543974131,66.26821064079813,26.042015075683594
2034,2,0,8.475,8.47510061506182,dropped_queue_full,,,
2035,3,0,8.479166666666666,8.479190494166687,dropped_queue_full,,,
2036,0,1,8.483333333333333,8.483348893001676,dropped_queue_full,,,
2037,1,1,8.4875,8.487506041070446,dropped_queue_full,,,
2038,2,1,8.491666666666667,8.491818908136338,completed,8.545513889985159,53.8472233184919,25.791839599609375
2039,3,1,8.495833333333334,8.49588303710334,completed,8.5541068140883,58.2734807549663,51.47740936279297
2040,0,0,8.5,8.500085175037384,completed,8.562608858104795,62.60885810479522,34.44761657714844
2041,1,0,8.504166666666666,8.504258613102138,dropped_queue_full,,,
2042,2,0,8.508333333333333,8.508410752052441,dropped_queue_full,,,
2043,3,0,8.5125,8.51261923997663,completed,8.571858196053654,59.358196053654666,17.674560546875
2044,0,1,8.516666666666666,8.516675559105352,dropped_queue_full,,,
2045,1,1,8.520833333333334,8.520879636984318,completed,8.583008824149147,62.17549081581275,43.022430419921875
2046,2,1,8.525,8.525100443977863,completed,8.591265791095793,66.26579109579289,43.35567855834961
2047,3,1,8.529166666666667,8.529307272052392,dropped_queue_full,,,
2048,0,0,8.533333333333333,8.533348272088915,completed,8.597366470145062,64.0331368117284,34.7437744140625
2049,1,0,8.5375,8.537581079173833,completed,8.606573238037527,69.07323803752696,26.05945587158203
2050,2,0,8.541666666666666,8.54178608697839,dropped_queue_full,,,
2051,3,0,8.545833333333333,8.545942336088046,dropped_queue_full,,,
2052,0,1,8.55,8.5500564139802,dropped_queue_full,,,
2053,1,1,8.554166666666667,8.554266151972115,dropped_queue_full,,,
2054,2,1,8.558333333333334,8.558348621008918,completed,8.614946854067966,56.61352073463277,25.817279815673828
2055,3,1,8.5625,8.562605118146166,completed,8.62465426698327,62.154266983270645,51.66080093383789
2056,0,0,8.566666666666666,8.566697127185762,completed,8.633022753056139,66.35608638947232,34.587135314941406
2057,1,0,8.570833333333333,8.570907304994762,dropped_queue_full,,,
2058,2,0,8.575,8.575099233072251,dropped_queue_full,,,
2059,3,0,8.579166666666666,8.579255022108555,completed,8.641572387190536,62.405720523869945,17.82467269897461
2060,0,1,8.583333333333334,8.583486409159377,dropped_queue_full,,,
2061,1,1,8.5875,8.58750982908532,completed,8.649996852967888,62.49685296788776,43.392032623291016
2062,2,1,8.591666666666667,8.591742887161672,completed,8.65875138505362,67.08471838695296,43.61052703857422
2063,3,1,8.595833333333333,8.595947245135903,dropped_queue_full,,,
2064,0,0,8.6,8.600038514006883,completed,8.667360759107396,67.36075910739636,35.15030288696289
2065,1,0,8.604166666666666,8.604238531086594,dropped_queue_full,,,
2066,2,0,8.608333333333333,8.608460389077663,dropped_queue_full,,,
2067,3,0,8.6125,8.612507679034024,dropped_queue_full,,,
2068,0,1,8.616666666666667,8.616675017168745,dropped_queue_full,,,
2069,1,1,8.620833333333334,8.62088462500833,completed,8.678851314121857,58.017980788523715,26.21116828918457
2070,2,1,8.625,8.625100892037153,completed,8.687099921051413,62.09992105141282,25.92348861694336
2071,3,1,8.629166666666666,8.629260921152309,completed,8.69557908596471,66.41241929804309,51.64031982421875
2072,0,0,8.633333333333333,8.633344680070877,completed,8.701829893980175,68.4965606468424,34.3361930847168
2073,1,0,8.6375,8.637554507004097,dropped_queue_full,,,
2074,2,0,8.641666666666666,8.641731806099415,dropped_queue_full,,,
2075,3,0,8.645833333333334,8.645941093098372,completed,8.711261659162119,65.4283258287851,17.730976104736328
2076,0,1,8.65,8.650157761061564,dropped_queue_full,,,
2077,1,1,8.654166666666667,8.654192221118137,completed,8.720535016153008,66.36834948634096,43.17327880859375
2078,2,1,8.658333333333333,8.658426768146455,dropped_queue_full,,,
2079,3,1,8.6625,8.662700246088207,dropped_queue_full,,,
2080,0,0,8.666666666666666,8.666723645059392,dropped_queue_full,,,
2081,1,0,8.670833333333333,8.670940553070977,dropped_queue_full,,,
2082,2,0,8.675,8.675096941180527,completed,8.728405117057264,53.40511705726314,43.458656311035156
2083,3,0,8.679166666666667,8.679170881165192,dropped_queue_full,,,
2084,0,1,8.683333333333334,8.68335091904737,completed,8.736885902006179,53.552568672845524,34.856510162353516
2085,1,1,8.6875,8.68757790606469,completed,8.745946251088753,58.44625108875334,26.031455993652344
2086,2,1,8.691666666666666,8.691817204002291,completed,8.754265138180926,62.59847151426001,25.758079528808594
2087,3,1,8.695833333333333,8.695899073034525,completed,8.762782383011654,66.94904967832116,51.42812728881836
2088,0,0,8.7,8.70009904098697,dropped_queue_full,,,
2089,1,0,8.704166666666666,8.704188429983333,dropped_queue_full,,,
2090,2,0,8.708333333333334,8.70835730805993,dropped_queue_full,,,
2091,3,0,8.7125,8.712518856162205,completed,8.772311837179586,59.811837179585936,9.3919038772583
2092,0,1,8.716666666666667,8.716773024061695,completed,8.782921500969678,66.25483430301138,43.69839859008789
2093,1,1,8.720833333333333,8.720857273088768,completed,8.789342627162114,68.50929382878057,43.34025573730469
2094,2,1,8.725,8.72510569007136,dropped_queue_full,,,
2095,3,1,8.729166666666666,8.729194529121742,dropped_queue_full,,,
2096,0,0,8.733333333333333,8.733348948182538,dropped_queue_full,,,
2097,1,0,8.7375,8.737516486085951,dropped_queue_full,,,
2098,2,0,8.741666666666667,8.741723804036155,completed,8.79788700118661,56.22033451994213,43.48051071166992
2099,3,0,8.745833333333334,8.745942970970646,dropped_queue_full,,,
2100,0,1,8.75,8.750048720045015,completed,8.807921010069549,57.921010069549084,25.931488037109375
2101,1,1,8.754166666666666,8.754261348163709,completed,8.815258857095614,61.092190428947646,25.826784133911133
2102,2,1,8.758333333333333,8.75834658718668,completed,8.824825981166214,66.49264783288089,25.850175857543945
2103,3,1,8.7625,8.762777233030647,completed,8.83235829602927,69.8582960292704,59.969825744628906
2104,0,0,8.766666666666666,8.766681934008375,dropped_queue_full,,,
2105,1,0,8.770833333333334,8.770881192060187,dropped_queue_full,,,
2106,2,0,8.775,8.775149959139526,dropped_queue_full,,,
2107,3,0,8.779166666666667,8.779195628128946,completed,8.84188958001323,62.72291334656366,9.36796760559082
2108,0,1,8.783333333333333,8.783400716027245,completed,8.842053088126704,58.71975479337088,35.22505569458008
2109,1,1,8.7875,8.787604534067214,dropped_queue_full,,,
2110,2,1,8.791666666666666,8.791820692131296,dropped_queue_full,,,
2111,3,1,8.795833333333333,8.79584418097511,dropped_queue_full,,,
2112,0,0,8.8,8.800035729072988,dropped_queue_full,,,
2113,1,0,8.804166666666667,8.804192858049646,completed,8.858733341097832,54.566674431164586,43.37686538696289
2114,2,0,8.808333333333334,8.808400935959071,completed,8.8673192251008,58.985891767466825,43.27689743041992
2115,3,0,8.8125,8.812605133047327,dropped_queue_full,,,
2116,0,1,8.816666666666666,8.81667241314426,completed,8.878836560063064,62.16989339639767,33.948543548583984
2117,1,1,8.820833333333333,8.820886941161007,completed,8.887110927142203,66.27759380887,25.795040130615234
2118,2,1,8.825,8.825104118091986,completed,8.893203446175903,68.20344617590379,25.752992630004883
2119,3,1,8.829166666666666,8.829211437143385,dropped_queue_full,,,
2120,0,0,8.833333333333334,8.833459784043953,dropped_queue_full,,,
2121,1,0,8.8375,8.83753095404245,dropped_queue_full,,,
2122,2,0,8.841666666666667,8.841723442077637,dropped_queue_full,,,
2123,3,0,8.845833333333333,8.845939739141613,completed,8.901677140966058,55.84380763272456,55.49369430541992
2124,0,1,8.85,8.850025318097323,completed,8.912105306051672,62.10530605167186,33.939937591552734
2125,1,1,8.854166666666666,8.854222956113517,dropped_queue_full,,,
2126,2,1,8.858333333333333,8.858413064153865,dropped_queue_full,,,
2127,3,1,8.8625,8.86250783316791,completed,8.921154196141288,58.654196141286974,17.573055267333984
2128,0,0,8.866666666666667,8.86667773197405,dropped_queue_full,,,
2129,1,0,8.870833333333334,8.870881169103086,completed,8.927834279136732,57.00094580339865,42.92601776123047
2130,2,0,8.875,8.875100827077404,completed,8.936416083015501,61.4160830155015,43.04105758666992
2131,3,0,8.879166666666666,8.879315285012126,dropped_queue_full,,,
2132,0,1,8.883333333333333,8.88334923516959,completed,8.94546817196533,62.13483863199798,34.55369567871094
2133,1,1,8.8875,8.887589082121849,completed,8.953885158058256,66.38515805825662,26.00441551208496
2134,2,1,8.891666666666666,8.891805140068755,dropped_queue_full,,,
2135,3,1,8.895833333333334,8.8958689190913,dropped_queue_full,,,
2136,0,0,8.9,8.900098607176915,dropped_queue_full,,,
2137,1,0,8.904166666666667,8.904191586188972,dropped_queue_full,,,
2138,2,0,8.908333333333333,8.908352914033458,completed,8.962356263073161,54.02292973982803,25.81123161315918
2139,3,0,8.9125,8.91258308198303,completed,8.9708889471367,58.38894713670051,51.428863525390625
2140,0,1,8.916666666666666,8.916828499175608,completed,8.980870667146519,64.20400047985275,34.49100875854492
2141,1,1,8.920833333333333,8.921147256158292,dropped_queue_full,,,
2142,2,1,8.925,8.925037827109918,dropped_queue_full,,,
2143,3,1,8.929166666666667,8.929318554000929,completed,8.992273533018306,63.10686635163876,17.780288696289062
2144,0,0,8.933333333333334,8.933446062961593,dropped_queue_full,,,
2145,1,0,8.9375,8.937516391975805,completed,9.001648049103096,64.14804910309613,43.163265228271484
2146,2,0,8.941666666666666,8.941729399142787,completed,9.009888916974887,68.22225030822082,43.42591857910156
2147,3,0,8.945833333333333,8.945943627040833,dropped_queue_full,,,
2148,0,1,8.95,8.950098355999216,completed,9.01560651906766,65.60651906766068,34.8403205871582
2149,1,1,8.954166666666666,8.954206994036213,completed,9.023432580986992,69.2659143203258,26.109312057495117
2150,2,1,8.958333333333334,8.958426382159814,dropped_queue_full,,,
2151,3,1,8.9625,8.962516810977831,dropped_queue_full,,,
2152,0,0,8.966666666666667,8.966723999008536,dropped_queue_full,,,
2153,1,0,8.970833333333333,8.970881137996912,dropped_queue_full,,,
2154,2,0,8.975,8.97503163618967,completed,9.031890176003799,56.8901760037992,25.865280151367188
2155,3,0,8.979166666666666,8.98086441704072,completed,9.043378671165556,64.21200449888964,51.53036880493164
2156,0,1,8.983333333333333,8.986584110185504,completed,9.049082134151831,65.74880081849876,34.4370231628418
2157,1,1,8.9875,8.99226434295997,dropped_dispatch_late,,,
2158,2,1,8.991666666666667,8.992282703053206,dropped_queue_full,,,
2159,3,1,8.995833333333334,8.995942576089874,completed,9.058486449997872,62.653116664538544,17.80054473876953
2160,0,0,9.0,9.001640578964725,dropped_queue_full,,,
2161,1,0,9.004166666666666,9.004188664024696,completed,9.068577729165554,64.41106249888762,43.2092170715332
2162,2,0,9.008333333333333,9.009880766971037,completed,9.080111833056435,71.77849972310213,43.45907211303711
2163,3,0,9.0125,9.015600199112669,dropped_queue_full,,,
2164,0,1,9.016666666666666,9.016748618101701,completed,9.083949404070154,67.28273740348811,34.833953857421875
2165,1,1,9.020833333333334,9.02245364105329,dropped_queue_full,,,
2166,2,1,9.025,9.025038965046406,dropped_queue_full,,,
2167,3,1,9.029166666666667,9.029185643186793,dropped_queue_full,,,
2168,0,0,9.033333333333333,9.033337012166157,dropped_queue_full,,,
2169,1,0,9.0375,9.037654248066247,completed,9.097464009188116,59.96400918811595,25.992319107055664
2170,2,0,9.041666666666666,9.043369451072067,completed,9.105712495977059,64.04582931039293,25.846784591674805
2171,3,0,9.045833333333333,9.049075484042987,completed,9.111501598032191,65.66826469885889,51.50371170043945
2172,0,1,9.05,9.054789777146652,dropped_dispatch_late,,,
2173,1,1,9.054166666666667,9.054798937169835,dropped_queue_full,,,
2174,2,1,9.058333333333334,9.05848056008108,dropped_queue_full,,,
2175,3,1,9.0625,9.062581319129094,completed,9.119592247065157,57.0922470651567,9.409248352050781
2176,0,0,9.066666666666666,9.068570289062336,completed,9.119923413963988,53.25674729732199,35.78035354614258
2177,1,0,9.070833333333333,9.074354401091114,completed,9.128347010118887,57.51367678555397,35.24809646606445
2178,2,0,9.075,9.080103432992473,dropped_dispatch_late,,,
2179,3,0,9.079166666666666,9.080121973063797,dropped_queue_full,,,
2180,0,1,9.083333333333334,9.083345720078796,dropped_queue_full,,,
2181,1,1,9.0875,9.08763781702146,dropped_queue_full,,,
2182,2,1,9.091666666666667,9.091742906020954,completed,9.146699966164306,55.03329949763902,43.3966064453125
2183,3,1,9.095833333333333,9.097456579096615,dropped_queue_full,,,
2184,0,0,9.1,9.10002989298664,completed,9.153865734115243,53.86573411524331,33.909759521484375
2185,1,0,9.104166666666666,9.105704396031797,completed,9.164078291971236,59.91162530457039,34.104671478271484
2186,2,0,9.108333333333333,9.11149251810275,completed,9.172510997159407,64.17766382607404,26.102624893188477
2187,3,0,9.1125,9.117202091030777,dropped_dispatch_late,,,
2188,0,1,9.116666666666667,9.11721112113446,dropped_queue_full,,,
2189,1,1,9.120833333333334,9.1208866040688,dropped_queue_full,,,
2190,2,1,9.125,9.125017333077267,dropped_queue_full,,,
2191,3,1,9.129166666666666,9.129263160051778,completed,9.183957112021744,54.79044535507782,50.27641677856445
2192,0,0,9.133333333333333,9.134981703013182,completed,9.188319919165224,54.98658583189098,34.334686279296875
2193,1,0,9.1375,9.140803255140781,completed,9.201615575002506,64.11557500250709,34.358497619628906
2194,2,0,9.141666666666666,9.146691636182368,dropped_dispatch_late,,,
2195,3,0,9.145833333333334,9.14670992596075,completed,9.207294458989054,61.46112565572004,25.989728927612305
2196,0,1,9.15,9.152401908999309,dropped_queue_full,,,
2197,1,1,9.154166666666667,9.154193661175668,dropped_queue_full,,,
2198,2,1,9.158333333333333,9.158345169154927,completed,9.218702114187181,60.36878085384778,43.019935607910156
2199,3,1,9.1625,9.164070812053978,dropped_queue_full,,,
2200,0,0,9.166666666666666,9.16674284497276,completed,9.223016441101208,56.349774434542255,34.581153869628906
2201,1,0,9.170833333333333,9.17250274703838,completed,9.2315802751109,60.7469417775679,34.368896484375
2202,2,0,9.175,9.178242980036885,completed,9.243070430122316,68.07043012231517,26.205472946166992
2203,3,0,9.179166666666667,9.18394779204391,dropped_dispatch_late,,,
2204,0,1,9.183333333333334,9.183966572163627,dropped_queue_full,,,
2205,1,1,9.1875,9.187506917165592,dropped_queue_full,,,
2206,2,1,9.191666666666666,9.191826513968408,dropped_queue_full,,,
2207,3,1,9.195833333333333,9.195903813000768,completed,9.249172669136897,53.33933580356387,43.06079864501953
2208,0,0,9.2,9.201608185190707,completed,9.257850751979277,57.85075197927725,34.65760040283203
2209,1,0,9.204166666666666,9.207285108976066,completed,9.267399796051905,63.23312938523884,34.5898551940918
2210,2,0,9.208333333333334,9.213007641024888,dropped_dispatch_late,,,
2211,3,0,9.2125,9.213017121190205,completed,9.277273157145828,64.77315714582765,26.057472229003906
2212,0,1,9.216666666666667,9.21869366406463,dropped_queue_full,,,
2213,1,1,9.220833333333333,9.22094238200225,dropped_queue_full,,,
2214,2,1,9.225,9.225052531110123,completed,9.283985530026257,58.98553002625739,42.898399353027344
2215,3,1,9.229166666666666,9.229826563037932,dropped_queue_full,,,
2216,0,0,9.233333333333333,9.23348783608526,completed,9.296539094066247,63.20576073291484,34.4898567199707
2217,1,0,9.2375,9.238279378041625,completed,9.304833491099998,67.33349109999764,34.58399963378906
2218,2,0,9.241666666666667,9.243063559988514,completed,9.31010989798233,68.44323131566199,26.177600860595703
2219,3,0,9.245833333333334,9.248068920103833,dropped_queue_full,,,
2220,0,1,9.25,9.250102179124951,dropped_queue_full,,,
2221,1,1,9.254166666666666,9.254212058149278,dropped_queue_full,,,
2222,2,1,9.258333333333333,9.258489665109664,dropped_queue_full,,,
2223,3,1,9.2625,9.262577975168824,completed,9.318488443968818,55.9884439688183,43.0206413269043
2224,0,0,9.266666666666666,9.267393496120349,completed,9.329896330134943,63.22966346827741,34.554847717285156
2225,1,0,9.270833333333334,9.272442486137152,completed,9.339462004136294,68.6286708029602,34.53190231323242
2226,2,0,9.275,9.277265527052805,dropped_queue_full,,,
2227,3,0,9.279166666666667,9.279191527981311,completed,9.344593493035063,65.42682636839636,26.040672302246094
2228,0,1,9.283333333333333,9.283978210063651,dropped_queue_full,,,
2229,1,1,9.2875,9.287636173190549,dropped_queue_full,,,
2230,2,1,9.291666666666666,9.291731992037967,completed,9.3533720751293,61.70540846263428,42.96083068847656
2231,3,1,9.295833333333333,9.296533574117348,dropped_queue_full,,,
2232,0,0,9.3,9.300016689114273,completed,9.363217066042125,63.217066042124515,34.557151794433594
2233,1,0,9.304166666666667,9.304827230982482,completed,9.3714838931337,67.31722646703275,34.53305435180664
2234,2,0,9.308333333333334,9.309622303117067,dropped_queue_full,,,
2235,3,0,9.3125,9.31265178299509,dropped_queue_full,,,
2236,0,1,9.316666666666666,9.316733292071149,dropped_queue_full,,,
2237,1,1,9.320833333333333,9.320842721033841,dropped_queue_full,,,
2238,2,1,9.325,9.325101647991687,completed,9.379542142152786,54.542142152786965,26.107616424560547
2239,3,1,9.329166666666666,9.329890970140696,completed,9.38790449895896,58.737832292294456,43.042240142822266
2240,0,0,9.333333333333334,9.334668311988935,completed,9.396519252099097,63.18591876576285,34.564449310302734
2241,1,0,9.3375,9.339455744018778,completed,9.406095506157726,68.5955061577257,34.55161666870117
2242,2,0,9.341666666666667,9.344256676035002,dropped_queue_full,,,
2243,3,0,9.345833333333333,9.345871719997376,completed,9.414177945116535,68.34461178320161,26.123136520385742
2244,0,1,9.35,9.35086012003012,dropped_queue_full,,,
2245,1,1,9.354166666666666,9.354168717050925,dropped_queue_full,,,
2246,2,1,9.358333333333333,9.35841567418538,completed,9.422713010106236,64.37967677290324,43.02742385864258
2247,3,1,9.3625,9.363211766118184,dropped_queue_full,,,
2248,0,0,9.366666666666667,9.366689641028643,completed,9.434850888093933,68.18422142726632,34.71263885498047
2249,1,0,9.370833333333334,9.37147756316699,completed,9.43994965706952,69.11632373618559,34.776065826416016
2250,2,0,9.375,9.376547223189846,dropped_queue_full,,,
2251,3,0,9.379166666666666,9.379216196015477,dropped_queue_full,,,
2252,0,1,9.383333333333333,9.383476873161271,dropped_queue_full,,,
2253,1,1,9.3875,9.387574552092701,dropped_queue_full,,,
2254,2,1,9.391666666666666,9.391685490962118,completed,9.448948627104983,57.281960438317014,26.223840713500977
2255,3,1,9.395833333333334,9.396513822022825,completed,9.459345823153853,63.51248982051949,43.163230895996094
2256,0,0,9.4,9.401296005118638,completed,9.469033446162939,69.03344616293872,34.59132766723633
2257,1,0,9.404166666666667,9.406089066062123,completed,9.47473471914418,70.56805247751363,34.59395217895508
2258,2,0,9.408333333333333,9.411012367112562,dropped_queue_full,,,
2259,3,0,9.4125,9.41258090105839,dropped_queue_full,,,
2260,0,1,9.416666666666666,9.41668651998043,dropped_queue_full,,,
2261,1,1,9.420833333333333,9.420942947966978,dropped_queue_full,,,
2262,2,1,9.425,9.425052216975018,completed,9.483428050996736,58.42805099673498,34.35011291503906
2263,3,1,9.429166666666667,9.429906758014113,completed,9.492485891096294,63.319224429626786,34.38572692871094
2264,0,0,9.433333333333334,9.434845588169992,completed,9.502088454086334,68.75512075299994,34.45644760131836
2265,1,0,9.4375,9.439640630036592,dropped_queue_full,,,
2266,2,0,9.441666666666666,9.441699050134048,dropped_queue_full,,,
2267,3,0,9.445833333333333,9.445941957179457,dropped_queue_full,,,
2268,0,1,9.45,9.450064266100526,dropped_queue_full,,,
2269,1,1,9.454166666666666,9.454223984153941,completed,9.509221593150869,55.05492648420329,34.45478439331055
2270,2,1,9.458333333333334,9.459185874089599,completed,9.51806187396869,59.72854063535671,34.4694709777832
2271,3,1,9.4625,9.464155185036361,completed,9.530606649117544,68.10664911754394,34.453758239746094
2272,0,0,9.466666666666667,9.469028105959296,completed,9.535542209167033,68.87554250036665,34.45484924316406
2273,1,0,9.470833333333333,9.473826348083094,dropped_queue_full,,,
2274,2,0,9.475,9.475057545118034,dropped_queue_full,,,
2275,3,0,9.479166666666666,9.479322222992778,dropped_queue_full,,,
2276,0,1,9.483333333333333,9.483419802039862,dropped_queue_full,,,
2277,1,1,9.4875,9.487527930177748,completed,9.543817426078022,56.317426078020816,34.47158432006836
2278,2,1,9.491666666666667,9.492477921070531,completed,9.55266091809608,60.99425142941328,34.43971252441406
2279,3,1,9.495833333333334,9.497292383108288,completed,9.564183632144704,68.35029881137089,34.54982376098633
2280,0,0,9.5,9.502083054976538,completed,9.5699491139967,69.94911399669945,34.57209777832031
2281,1,0,9.504166666666666,9.50685813697055,dropped_queue_full,,,
2282,2,0,9.508333333333333,9.508420061087236,dropped_queue_full,,,
2283,3,0,9.5125,9.512534870067611,dropped_queue_full,,,
2284,0,1,9.516666666666666,9.516807056963444,dropped_queue_full,,,
2285,1,1,9.520833333333334,9.52089265617542,completed,9.578584778122604,57.75144478926997,34.583648681640625
2286,2,1,9.525,9.5256796781905,completed,9.588491389062256,63.491389062255266,34.62364959716797
2287,3,1,9.529166666666667,9.530599059071392,completed,9.598197601968423,69.03093530175575,34.4859504699707
2288,0,0,9.533333333333333,9.535536799114197,completed,9.604484778130427,71.15144479709379,34.478111267089844
2289,1,0,9.5375,9.540469230152667,dropped_queue_full,,,
2290,2,0,9.541666666666666,9.54173840698786,dropped_queue_full,,,
2291,3,0,9.545833333333333,9.545845216140151,dropped_queue_full,,,
2292,0,1,9.55,9.550101052969694,dropped_queue_full,,,
2293,1,1,9.554166666666667,9.554218602133915,completed,9.61317979102023,59.01312435356232,34.47043228149414
2294,2,1,9.558333333333334,9.55917631299235,completed,9.626412278972566,68.07894563923256,34.40300750732422
2295,3,1,9.5625,9.564175862120464,completed,9.631203031167388,68.70303116738796,34.440128326416016
2296,0,0,9.566666666666666,9.569323831005022,dropped_queue_full,,,
2297,1,0,9.570833333333333,9.570906894979998,dropped_queue_full,,,
2298,2,0,9.575,9.57510246313177,dropped_queue_full,,,
2299,3,0,9.579166666666666,9.579224911984056,dropped_queue_full,,,
2300,0,1,9.583333333333334,9.583483819151297,completed,9.639023571973667,55.69023864033262,34.35609436035156
2301,1,1,9.5875,9.588484209030867,completed,9.647700385190547,60.20038519054616,34.40544128417969
2302,2,1,9.591666666666667,9.59335527010262,completed,9.659633956151083,67.96728948441633,34.34143829345703
2303,3,1,9.595833333333333,9.598188632167876,completed,9.6650438120123,69.21047867896668,34.472896575927734
2304,0,0,9.6,9.603191001107916,dropped_queue_full,,,
2305,1,0,9.604166666666666,9.604316450189799,dropped_queue_full,,,
2306,2,0,9.608333333333333,9.60841900901869,dropped_queue_full,,,
2307,3,0,9.6125,9.612533578183502,dropped_queue_full,,,
2308,0,1,9.616666666666667,9.616810345090926,completed,9.673697554972023,57.03088830535563,34.426048278808594
2309,1,1,9.620833333333334,9.621596217155457,completed,9.684015781152993,63.18244781965987,34.349857330322266
2310,2,1,9.625,9.62640525912866,completed,9.69356267596595,68.5626759659499,34.44140625
2311,3,1,9.629166666666666,9.631195341004059,completed,9.69942773715593,70.26107048926278,34.25356674194336
2312,0,0,9.633333333333333,9.636151211103424,dropped_queue_full,,,
2313,1,0,9.6375,9.637585296994075,dropped_queue_full,,,
2314,2,0,9.641666666666666,9.64168639597483,dropped_queue_full,,,
2315,3,0,9.645833333333334,9.645941883092746,dropped_queue_full,,,
2316,0,1,9.65,9.650053482037038,completed,9.708109030034393,58.10903003439272,34.33174514770508
2317,1,1,9.654166666666667,9.65484142396599,completed,9.717340898001567,63.174231334899744,34.33625411987305
2318,2,1,9.658333333333333,9.659627286018804,completed,9.726901581976563,68.56824864322952,34.276126861572266
2319,3,1,9.6625,9.664543537190184,dropped_queue_full,,,
2320,0,0,9.666666666666666,9.666803054045886,dropped_queue_full,,,
2321,1,0,9.670833333333333,9.670852383133024,dropped_queue_full,,,
2322,2,0,9.675,9.675084901042283,dropped_queue_full,,,
2323,3,0,9.679166666666667,9.679215490119532,completed,9.733902252046391,54.73558537972423,34.24700927734375
2324,0,1,9.683333333333334,9.684009422082454,completed,9.74242483614944,59.091502816105645,34.26700973510742
2325,1,1,9.6875,9.688779253978282,completed,9.755511875031516,68.01187503151596,34.24284744262695
2326,2,1,9.691666666666666,9.693555535981432,completed,9.760309217032045,68.6425503653787,34.22073745727539
2327,3,1,9.695833333333333,9.698329168139026,dropped_queue_full,,,
2328,0,0,9.7,9.700066460995004,dropped_queue_full,,,
2329,1,0,9.704166666666666,9.704318708041683,dropped_queue_full,,,
2330,2,0,9.708333333333334,9.708431447157636,dropped_queue_full,,,
2331,3,0,9.7125,9.71253475616686,completed,9.768263907171786,55.763907171785476,34.233726501464844
2332,0,1,9.716666666666667,9.717334398068488,completed,9.777051279088482,60.384612421815476,34.42182540893555
2333,1,1,9.720833333333333,9.722118620062247,completed,9.789021359058097,68.18802572476379,34.41846466064453
2334,2,1,9.725,9.726894482038915,completed,9.794432264985517,69.43226498551702,34.38345718383789
2335,3,1,9.729166666666666,9.73167180409655,dropped_queue_full,,,
2336,0,0,9.733333333333333,9.73341698711738,dropped_queue_full,,,
2337,1,0,9.7375,9.737528644967824,dropped_queue_full,,,
2338,2,0,9.741666666666667,9.741791462991387,dropped_queue_full,,,
2339,3,0,9.745833333333334,9.745891551021487,completed,9.802803801139817,56.97046780648307,34.34272003173828
2340,0,1,9.75,9.750719862990081,completed,9.813286646036431,63.28664603643119,34.17465591430664
2341,1,1,9.754166666666666,9.755505464971066,completed,9.822833971120417,68.66730445375069,34.182273864746094
2342,2,1,9.758333333333333,9.760301917092875,completed,9.82875050115399,70.41716782065777,34.173439025878906
2343,3,1,9.7625,9.765100839082152,dropped_queue_full,,,
2344,0,0,9.766666666666666,9.766701033106074,dropped_queue_full,,,
2345,1,0,9.770833333333334,9.770941030001268,dropped_queue_full,,,
2346,2,0,9.775,9.775001430185512,dropped_queue_full,,,
2347,3,0,9.779166666666667,9.779261097079143,completed,9.83694980898872,57.78314232205339,34.16828918457031
2348,0,1,9.783333333333333,9.784239467000589,completed,9.846487533068284,63.15419973495118,34.169921875
2349,1,1,9.7875,9.789014928974211,completed,9.856022177962586,68.52217796258664,34.175167083740234
2350,2,1,9.791666666666666,9.793804021086544,dropped_queue_full,,,
2351,3,1,9.795833333333333,9.795862611150369,dropped_queue_full,,,
2352,0,0,9.8,9.800099718151614,dropped_queue_full,,,
2353,1,0,9.804166666666667,9.804210016969591,dropped_queue_full,,,
2354,2,0,9.808333333333334,9.808479994069785,completed,9.863020427990705,54.687094657371205,34.163902282714844
2355,3,0,9.8125,9.8132814259734,completed,9.87138289399445,58.88289399445057,34.22060775756836
2356,0,1,9.816666666666666,9.8180625080131,completed,9.879948628135026,63.28196146835907,34.30064010620117
2357,1,1,9.820833333333333,9.822827541036531,completed,9.889945117989555,69.11178465622214,34.36435317993164
2358,2,1,9.825,9.827631812077016,dropped_queue_full,,,
2359,3,1,9.829166666666666,9.829232056159526,dropped_queue_full,,,
2360,0,0,9.833333333333334,9.8334780940786,dropped_queue_full,,,
2361,1,0,9.8375,9.837588633177802,dropped_queue_full,,,
2362,2,0,9.841666666666667,9.841685912106186,completed,9.897421843139455,55.75517647278794,34.31196975708008
2363,3,0,9.845833333333333,9.846482054097578,completed,9.90580833912827,59.97500579493753,34.285247802734375
2364,0,1,9.85,9.85125522618182,completed,9.918089095968753,68.08909596875345,34.2437744140625
2365,1,1,9.854166666666666,9.85601583798416,completed,9.922870638081804,68.70397141513784,34.142303466796875
2366,2,1,9.858333333333333,9.860789760015905,dropped_queue_full,,,
2367,3,1,9.8625,9.862534873187542,dropped_queue_full,,,
2368,0,0,9.866666666666667,9.866795960115269,dropped_queue_full,,,
2369,1,0,9.870833333333334,9.870892879087478,dropped_queue_full,,,
2370,2,0,9.875,9.875081256963313,completed,9.931814338080585,56.814338080585,34.1921272277832
2371,3,0,9.879166666666666,9.879931468050927,completed,9.940173735143617,61.007068476950366,34.18864059448242
2372,0,1,9.883333333333333,9.884957948001102,completed,9.951343533117324,68.01019978399125,34.248191833496094
2373,1,1,9.8875,9.889927298063412,completed,9.95742796198465,69.92796198465001,34.29731369018555
2374,2,1,9.891666666666666,9.89473508996889,dropped_queue_full,,,
2375,3,1,9.895833333333334,9.895861179102212,dropped_queue_full,,,
2376,0,0,9.9,9.900100755970925,dropped_queue_full,,,
2377,1,0,9.904166666666667,9.904209195170552,dropped_queue_full,,,
2378,2,0,9.908333333333333,9.908477802062407,completed,9.966113914968446,57.78058163511268,34.24643325805664
2379,3,0,9.9125,9.913292773999274,completed,9.975711049046367,63.21104904636776,34.26166534423828
2380,0,1,9.916666666666666,9.918083686148748,completed,9.985561590176076,68.89492350940962,34.21811294555664
2381,1,1,9.920833333333333,9.922864218009636,completed,9.99181922711432,70.9858937809873,34.370689392089844
2382,2,1,9.925,9.927660549990833,dropped_queue_full,,,
2383,3,1,9.929166666666667,9.929260534001514,dropped_queue_full,,,
2384,0,0,9.933333333333334,9.933373113162816,dropped_queue_full,,,
2385,1,0,9.9375,9.937641500029713,dropped_queue_full,,,
2386,2,0,9.941666666666666,9.94173515914008,completed,10.000749108148739,59.08244148207231,34.48566436767578
2387,3,0,9.945833333333333,9.946546181105077,completed,10.013781587127596,67.94825379426328,34.55904006958008
2388,0,1,9.95,9.95133824297227,completed,10.018558779032901,68.55877903290164,34.6069450378418
2389,1,1,9.954166666666666,9.956143475137651,dropped_queue_full,,,
2390,2,1,9.958333333333334,9.958383972058073,dropped_queue_full,,,
2391,3,1,9.9625,9.962635969975963,dropped_queue_full,,,
2392,0,0,9.966666666666667,9.966754527995363,dropped_queue_full,,,
2393,1,0,9.970833333333333,9.970848837168887,completed,10.026492660166696,55.6593268333625,34.45462417602539
2394,2,0,9.975,9.975703589152545,completed,10.035345011157915,60.34501115791535,34.30255889892578
2395,3,0,9.979166666666666,9.980774197960272,completed,10.047159743029624,67.99307636295815,34.236446380615234
2396,0,1,9.983333333333333,9.98555625998415,completed,10.05227548116818,68.9421478348482,34.26697540283203
2397,1,1,9.9875,9.990531540010124,dropped_queue_full,,,
2398,2,1,9.991666666666667,9.991815017070621,dropped_queue_full,,,
2399,3,1,9.995833333333334,9.995893686078489,dropped_queue_full,,,
2400,0,0,10.0,10.000101674115285,dropped_queue_full,,,
2401,1,0,10.004166666666666,10.00420786300674,completed,10.060808576177806,56.64190951113923,34.23641586303711
2402,2,0,10.008333333333333,10.008998085046187,completed,10.071634107036516,63.30077370318321,34.23107147216797
2403,3,0,10.0125,10.013773827115074,completed,10.081504389178008,69.00438917800855,34.18073654174805
2404,0,1,10.016666666666666,10.018553459085524,completed,10.086647157091647,69.98049042498167,34.223487854003906
2405,1,1,10.020833333333334,10.023341591004282,dropped_queue_full,,,
2406,2,1,10.025,10.025053864112124,dropped_queue_full,,,
2407,3,1,10.029166666666667,10.029323501046747,dropped_queue_full,,,
2408,0,0,10.033333333333333,10.033418060047552,dropped_queue_full,,,
2409,1,0,10.0375,10.037531919078901,completed,10.09517028206028,57.6702820602808,34.184288024902344
2410,2,0,10.041666666666666,10.042342290980741,completed,10.104986373102292,63.319706435626344,34.20121765136719
2411,3,0,10.045833333333333,10.047151883132756,completed,10.114554627100006,68.72129376667324,34.29510498046875
2412,0,1,10.05,10.051930085057393,dropped_queue_full,,,
2413,1,1,10.054166666666667,10.054184002103284,dropped_queue_full,,,
2414,2,1,10.058333333333334,10.058417440159246,dropped_queue_full,,,
2415,3,1,10.0625,10.062527889152989,dropped_queue_full,,,
2416,0,0,10.066666666666666,10.066797926090658,completed,10.12106435210444,54.3976854377739,34.393470764160156
2417,1,0,10.070833333333333,10.071627108147368,completed,10.129745654994622,58.91232166128901,34.47964859008789
2418,2,0,10.075,10.076441369019449,completed,10.143077492015436,68.077492015437,34.459712982177734
2419,3,0,10.079166666666666,10.081496929051355,completed,10.14789819298312,68.73152631645496,34.40022277832031
2420,0,1,10.083333333333334,10.086311839986593,dropped_queue_full,,,
2421,1,1,10.0875,10.087580988183618,dropped_queue_full,,,
2422,2,1,10.091666666666667,10.091685516992584,dropped_queue_full,,,
2423,3,1,10.095833333333333,10.095941283972934,dropped_queue_full,,,
2424,0,0,10.1,10.1000023430679,completed,10.155693575041369,55.69357504136896,34.399009704589844
2425,1,0,10.104166666666666,10.104979273164645,completed,10.164221190148965,60.05452348229845,34.272254943847656
2426,2,0,10.108333333333333,10.109773625154048,completed,10.176435287110507,68.10195377717498,34.243553161621094
2427,3,0,10.1125,10.114546956960112,completed,10.181482776999474,68.98277699947286,34.19833755493164
2428,0,1,10.116666666666667,10.119337889133021,dropped_queue_full,,,
2429,1,1,10.120833333333334,10.12089790403843,dropped_queue_full,,,
2430,2,1,10.125,10.125157991191372,dropped_queue_full,,,
2431,3,1,10.129166666666666,10.129259430104867,dropped_queue_full,,,
2432,0,0,10.133333333333333,10.133418587967753,completed,10.190014321124181,56.68098779084829,34.32380676269531
2433,1,0,10.1375,10.13828655006364,completed,10.200672964099795,63.17296409979534,34.28086471557617
2434,2,0,10.141666666666666,10.143070632126182,completed,10.21065032412298,68.98365745631452,34.248416900634766
2435,3,0,10.145833333333334,10.147890373133123,completed,10.215778212994337,69.94487966100316,34.21839904785156
2436,0,1,10.15,10.152683515101671,dropped_queue_full,,,
2437,1,1,10.154166666666667,10.154257889138535,dropped_queue_full,,,
2438,2,1,10.158333333333333,10.158367918105796,dropped_queue_full,,,
2439,3,1,10.1625,10.162638776004314,dropped_queue_full,,,
2440,0,0,10.166666666666666,10.166735623963177,completed,10.224329047137871,57.66238047120531,34.20320129394531
2441,1,0,10.170833333333333,10.171576756052673,completed,10.234034470049664,63.201136716331874,34.21267318725586
2442,2,0,10.175,10.176428236998618,completed,10.243637964129448,68.63796412944723,34.18080139160156
2443,3,0,10.179166666666667,10.18123791902326,dropped_queue_full,,,
2444,0,1,10.183333333333334,10.183373928070068,dropped_queue_full,,,
2445,1,1,10.1875,10.187638485105708,dropped_queue_full,,,
2446,2,1,10.191666666666666,10.191736144013703,dropped_queue_full,,,
2447,3,1,10.195833333333333,10.19585485314019,completed,10.2500408901833,54.20755684996692,34.1864013671875
2448,0,0,10.2,10.200666683958843,completed,10.25876201200299,58.76201200299036,34.183998107910156
2449,1,0,10.204166666666666,10.205825112992898,completed,10.267383676022291,63.217009355625464,34.237056732177734
2450,2,0,10.208333333333334,10.21064303512685,completed,10.277014879044145,68.68154571081142,34.26521682739258
2451,3,0,10.2125,10.215441446052864,dropped_queue_full,,,
2452,0,1,10.216666666666667,10.216741882963106,dropped_queue_full,,,
2453,1,1,10.220833333333333,10.220849462086335,dropped_queue_full,,,
2454,2,1,10.225,10.225102150114253,dropped_queue_full,,,
2455,3,1,10.229166666666666,10.22921175812371,completed,10.284424465149641,55.25779848297496,34.235809326171875
2456,0,0,10.233333333333333,10.234028170118108,completed,10.293109588092193,59.7762547588605,34.306495666503906
2457,1,0,10.2375,10.238830022048205,completed,10.305725742131472,68.22574213147092,34.36857604980469
2458,2,0,10.241666666666667,10.243631384102628,completed,10.310715112136677,69.04844547000977,34.36489486694336
2459,3,0,10.245833333333334,10.248434256063774,dropped_queue_full,,,
2460,0,1,10.25,10.250035260105506,dropped_queue_full,,,
2461,1,1,10.254166666666666,10.254325087182224,dropped_queue_full,,,
2462,2,1,10.258333333333333,10.258432536153123,dropped_queue_full,,,
2463,3,1,10.2625,10.262581784045324,completed,10.319012669147924,56.5126691479243,34.362464904785156
2464,0,0,10.266666666666666,10.267377156065777,completed,10.327537473058328,60.87080639166231,34.31155014038086
2465,1,0,10.270833333333334,10.272173398174345,completed,10.338829850079492,67.99651674615781,34.25920104980469
2466,2,0,10.275,10.277007909025997,completed,10.345069868024439,70.06986802443826,34.25078582763672
2467,3,0,10.279166666666667,10.281795162009075,dropped_queue_full,,,
2468,0,1,10.283333333333333,10.283491134177893,dropped_queue_full,,,
2469,1,1,10.2875,10.28758042305708,dropped_queue_full,,,
2470,2,1,10.291666666666666,10.291686342097819,dropped_queue_full,,,
2471,3,1,10.295833333333333,10.295944930054247,completed,10.353431624127552,57.59829079421941,34.231327056884766
2472,0,0,10.3,10.300765921128914,completed,10.363303515128791,63.30351512879062,34.25049591064453
2473,1,0,10.304166666666667,10.305719451978803,completed,10.372862039133906,68.69537246723922,34.21708679199219
2474,2,0,10.308333333333334,10.310707892058417,completed,10.379428483080119,71.09514974678532,34.21430587768555
2475,3,0,10.3125,10.31552970316261,dropped_queue_full,,,
2476,0,1,10.316666666666666,10.316812531091273,dropped_queue_full,,,
2477,1,1,10.320833333333333,10.320895400131121,dropped_queue_full,,,
2478,2,1,10.325,10.325004869140685,dropped_queue_full,,,
2479,3,1,10.329166666666666,10.329258886165917,completed,10.387750189984217,58.58352331755157,34.28316879272461
2480,0,0,10.333333333333334,10.334052868187428,completed,10.39648748212494,63.154148791605635,34.363712310791016
2481,1,0,10.3375,10.338823520112783,completed,10.406057466054335,68.55746605433488,34.38115310668945
2482,2,0,10.341666666666667,10.34361420199275,dropped_queue_full,,,
2483,3,0,10.345833333333333,10.345870869001374,dropped_queue_full,,,
2484,0,1,10.35,10.350100377108902,dropped_queue_full,,,
2485,1,1,10.354166666666666,10.354229706106707,dropped_queue_full,,,
2486,2,1,10.358333333333333,10.35848775296472,completed,10.413853578036651,55.52024470331851,34.39023971557617
2487,3,1,10.3625,10.36329821497202,completed,10.422388343140483,59.88834314048219,34.359519958496094
2488,0,0,10.366666666666667,10.368097156984732,completed,10.434670920018107,68.00425335143956,34.384254455566406
2489,1,0,10.370833333333334,10.372855839086697,completed,10.439467572141439,68.63423880810515,34.388641357421875
2490,2,0,10.375,10.377689881017432,dropped_queue_full,,,
2491,3,0,10.379166666666666,10.379261275054887,dropped_queue_full,,,
2492,0,1,10.383333333333333,10.38333469396457,dropped_queue_full,,,
2493,1,1,10.3875,10.38757850206457,dropped_queue_full,,,
2494,2,1,10.391666666666666,10.39168878016062,completed,10.448340903036296,56.67423636963065,34.353824615478516
2495,3,1,10.395833333333334,10.396481991978362,completed,10.458988896105438,63.155562772104545,34.41312026977539
2496,0,0,10.4,10.40127182402648,completed,10.468563970178366,68.56397017836535,34.41881561279297
2497,1,0,10.404166666666667,10.406051216181368,completed,10.474024675088003,69.85800842133649,34.416927337646484
2498,2,0,10.408333333333333,10.411125485086814,dropped_queue_full,,,
2499,3,0,10.4125,10.412573761073872,dropped_queue_full,,,
2500,0,1,10.416666666666666,10.416687730001286,dropped_queue_full,,,
2501,1,1,10.420833333333333,10.42094466718845,dropped_queue_full,,,
2502,2,1,10.425,10.425055916188285,completed,10.482954216189682,57.95421618968177,34.4189453125
2503,3,1,10.429166666666667,10.429853287991136,completed,10.492357412120327,63.19074545366021,34.4095344543457
2504,0,0,10.433333333333334,10.434665519976988,completed,10.50192825612612,68.59492279278712,34.49599838256836
2505,1,0,10.4375,10.4394555920735,dropped_queue_full,,,
2506,2,0,10.441666666666666,10.44168976903893,dropped_queue_full,,,
2507,3,0,10.445833333333333,10.445943097118288,dropped_queue_full,,,
2508,0,1,10.45,10.450052895117551,dropped_queue_full,,,
2509,1,1,10.454166666666666,10.454167524119839,completed,10.508796917041764,54.630250375097944,34.57872009277344
2510,2,1,10.458333333333334,10.458981645992026,completed,10.51782108610496,59.487752771625324,34.628929138183594
2511,3,1,10.4625,10.46376376808621,completed,10.530695577152073,68.19557715207303,34.62998580932617
2512,0,0,10.466666666666667,10.468558670021594,completed,10.535611708182842,68.94504151617475,34.553279876708984
2513,1,0,10.470833333333333,10.47336795204319,dropped_queue_full,,,
2514,2,0,10.475,10.475103165023029,dropped_queue_full,,,
2515,3,0,10.479166666666666,10.479216723004356,dropped_queue_full,,,
2516,0,1,10.483333333333333,10.483434031018987,dropped_queue_full,,,
2517,1,1,10.4875,10.487531200051308,completed,10.54326567100361,55.765671003609185,34.4219856262207
2518,2,1,10.491666666666667,10.492349652107805,completed,10.552108383039013,60.44171637234541,34.27500915527344
2519,3,1,10.495833333333334,10.497151443036273,completed,10.563853725092486,68.02039175915198,34.18592071533203
2520,0,0,10.5,10.501922846073285,completed,10.569107652176172,69.10765217617154,34.260032653808594
2521,1,0,10.504166666666666,10.506713598035276,dropped_queue_full,,,
2522,2,0,10.508333333333333,10.508470320142806,dropped_queue_full,,,
2523,3,0,10.5125,10.51258028903976,dropped_queue_full,,,
2524,0,1,10.516666666666666,10.516695728059858,dropped_queue_full,,,
2525,1,1,10.520833333333334,10.520849736174569,completed,10.577827105065808,56.993771732473775,34.3098258972168
2526,2,1,10.525,10.525741446996108,completed,10.588421289110556,63.42128911055589,34.29529571533203
2527,3,1,10.529166666666667,10.530687758000568,completed,10.598136492073536,68.96982540686913,34.26688003540039
2528,0,0,10.533333333333333,10.535606338176876,completed,10.603576316963881,70.24298363054804,34.322689056396484
2529,1,0,10.5375,10.540386600187048,dropped_queue_full,,,
2530,2,0,10.541666666666666,10.541676077060401,dropped_queue_full,,,
2531,3,0,10.545833333333333,10.545941445045173,dropped_queue_full,,,
2532,0,1,10.55,10.550051214173436,dropped_queue_full,,,
2533,1,1,10.554166666666667,10.554174151970074,completed,10.61226995009929,58.10328343262228,34.31350326538086
2534,2,1,10.558333333333334,10.559095563134179,completed,10.621857074089348,63.523740756014746,34.34368133544922
2535,3,1,10.5625,10.563845845172182,completed,10.631708295084536,69.20829508453608,34.42272186279297
2536,0,0,10.566666666666666,10.568655117182061,dropped_queue_full,,,
2537,1,0,10.570833333333333,10.570856385165825,dropped_queue_full,,,
2538,2,0,10.575,10.575101542053744,dropped_queue_full,,,
2539,3,0,10.579166666666666,10.579215481178835,dropped_queue_full,,,
2540,0,1,10.583333333333334,10.58341803913936,completed,10.638265260029584,54.931926696250244,34.48748779296875
2541,1,1,10.5875,10.588414499070495,completed,10.646815123967826,59.31512396782601,34.47462463378906
2542,2,1,10.591666666666667,10.593260951107368,completed,10.659669555025175,68.00288835850843,34.441566467285156
2543,3,1,10.595833333333333,10.59812756208703,completed,10.664590256055817,68.7569227224838,34.39625549316406
2544,0,0,10.6,10.602921233978122,dropped_queue_full,,,
2545,1,0,10.604166666666666,10.6042164710816,dropped_queue_full,,,
2546,2,0,10.608333333333333,10.608479058137164,dropped_queue_full,,,
2547,3,0,10.6125,10.612592777004465,dropped_queue_full,,,
2548,0,1,10.616666666666667,10.6166889059823,completed,10.672698395093903,56.031728427235805,34.37472152709961
2549,1,1,10.620833333333334,10.62184993410483,completed,10.681375818094239,60.54248476090507,34.34758377075195
2550,2,1,10.625,10.626805724110454,completed,10.692977391183376,67.97739118337631,34.2716178894043
2551,3,1,10.629166666666666,10.631700715050101,completed,10.698425356997177,69.25869033051057,34.261600494384766
2552,0,0,10.633333333333333,10.636677355039865,dropped_queue_full,,,
2553,1,0,10.6375,10.637650686083362,dropped_queue_full,,,
2554,2,0,10.641666666666666,10.641755484975874,dropped_queue_full,,,
2555,3,0,10.645833333333334,10.645849934080616,dropped_queue_full,,,
2556,0,1,10.65,10.650099841179326,completed,10.7071125600487,57.112560048699024,34.299137115478516
2557,1,1,10.654166666666667,10.654884663177654,completed,10.717462846077979,63.296179411311826,34.25244903564453
2558,2,1,10.658333333333333,10.659662875114009,completed,10.727275038138032,68.94170480469874,34.29558563232422
2559,3,1,10.6625,10.664582435972989,completed,10.73290062113665,70.4006211366508,34.333953857421875
2560,0,0,10.666666666666666,10.669504336081445,dropped_queue_full,,,
2561,1,0,10.670833333333333,10.670940732117742,dropped_queue_full,,,
2562,2,0,10.675,10.675057671032846,dropped_queue_full,,,
2563,3,0,10.679166666666667,10.679319357965142,dropped_queue_full,,,
2564,0,1,10.683333333333334,10.683380587026477,completed,10.741585314041004,58.251980707670015,34.3309440612793
2565,1,1,10.6875,10.68819183902815,completed,10.75063734408468,63.13734408468008,34.3515510559082
2566,2,1,10.691666666666666,10.692970301024616,completed,10.760216218186542,68.54955151987596,34.356414794921875
2567,3,1,10.695833333333333,10.697764822980389,dropped_queue_full,,,
2568,0,0,10.7,10.700031581101939,dropped_queue_full,,,
2569,1,0,10.704166666666666,10.704260188154876,dropped_queue_full,,,
2570,2,0,10.708333333333334,10.708395687164739,dropped_queue_full,,,
2571,3,0,10.7125,10.712635124102235,completed,10.767383776139468,54.8837761394676,34.35068893432617
2572,0,1,10.716666666666667,10.71745659597218,completed,10.776065009180456,59.398342513789615,34.31238555908203
2573,1,1,10.720833333333333,10.722279868088663,completed,10.789462134009227,68.62880067589394,34.32156753540039
2574,2,1,10.725,10.727268028073013,completed,10.794300696114078,69.30069611407852,34.32883071899414
2575,3,1,10.729166666666666,10.73224728810601,dropped_queue_full,,,
2576,0,0,10.733333333333333,10.733381216181442,dropped_queue_full,,,
2577,1,0,10.7375,10.737639584112912,dropped_queue_full,,,
2578,2,0,10.741666666666667,10.741748503176495,dropped_queue_full,,,
2579,3,0,10.745833333333334,10.745842871023342,completed,10.801859670085832,56.026336752498906,34.2611198425293
2580,0,1,10.75,10.750630854163319,completed,10.810534943128005,60.53494312800467,34.326175689697266
2581,1,1,10.754166666666666,10.755437635118142,completed,10.822193767176941,68.02710051027461,34.31692886352539
2582,2,1,10.758333333333333,10.760209318017587,completed,10.8278067400679,69.47340673456637,34.18511962890625
2583,3,1,10.7625,10.765004710061476,dropped_queue_full,,,
2584,0,0,10.766666666666666,10.766737532103434,dropped_queue_full,,,
2585,1,0,10.770833333333334,10.7708406210877,dropped_queue_full,,,
2586,2,0,10.775,10.775098928017542,dropped_queue_full,,,
2587,3,0,10.779166666666667,10.77921317704022,completed,10.836649512173608,57.48284550694116,34.55788803100586
2588,0,1,10.783333333333333,10.78404846903868,completed,10.846507823094726,63.174489761392394,34.54508972167969
2589,1,1,10.7875,10.789455814054236,completed,10.856135866139084,68.63586613908446,34.4923210144043
2590,2,1,10.791666666666666,10.794293746119365,completed,10.862368294037879,70.70162737121244,34.477439880371094
2591,3,1,10.795833333333333,10.79912918806076,dropped_queue_full,,,
2592,0,0,10.8,10.800098618026823,dropped_queue_full,,,
2593,1,0,10.804166666666667,10.80420883698389,dropped_queue_full,,,
2594,2,0,10.808333333333334,10.808479933999479,dropped_queue_full,,,
2595,3,0,10.8125,10.81257421313785,completed,10.870744609972462,58.24460997246206,34.03116989135742
2596,0,1,10.816666666666666,10.817383645102382,completed,10.879823249066249,63.156582399582106,34.11520004272461
2597,1,1,10.820833333333333,10.822187737096101,completed,10.889681339962408,68.84800662907509,34.1475830078125
2598,2,1,10.825,10.826993698021397,dropped_queue_full,,,
2599,3,1,10.829166666666666,10.829214436002076,dropped_queue_full,,,
2600,0,0,10.833333333333334,10.833387864055112,dropped_queue_full,,,
2601,1,0,10.8375,10.837576192105189,dropped_queue_full,,,
2602,2,0,10.841666666666667,10.841685981024057,completed,10.89670072006993,55.03405340326317,34.167423248291016
2603,3,0,10.845833333333333,10.846502513159066,completed,10.90522453514859,59.39120181525759,34.28627014160156
2604,0,1,10.85,10.851336184190586,completed,10.917982357088476,67.98235708847677,34.26335906982422
2605,1,1,10.854166666666666,10.856129646068439,completed,10.922774679027498,68.6080123608317,34.24748611450195
2606,2,1,10.858333333333333,10.860920858103782,dropped_queue_full,,,
2607,3,1,10.8625,10.862531461985782,dropped_queue_full,,,
2608,0,0,10.866666666666667,10.866794459987432,dropped_queue_full,,,
2609,1,0,10.870833333333334,10.870906608179212,dropped_queue_full,,,
2610,2,0,10.875,10.875002477085218,completed,10.931105124996975,56.105124996975064,34.28028869628906
2611,3,0,10.879166666666666,10.879817779175937,completed,10.939721059054136,60.554392387469846,34.43142318725586
2612,0,1,10.883333333333333,10.88462406117469,completed,10.951458461117,68.12512778366653,34.471744537353516
2613,1,1,10.8875,10.889675140148029,completed,10.9569155969657,69.4155969657011,34.47244644165039
2614,2,1,10.891666666666666,10.894477242138237,dropped_queue_full,,,
2615,3,1,10.895833333333334,10.895897767972201,dropped_queue_full,,,
2616,0,0,10.9,10.900006487034261,dropped_queue_full,,,
2617,1,0,10.904166666666667,10.904259154107422,dropped_queue_full,,,
2618,2,0,10.908333333333333,10.908371033146977,completed,10.965767448069528,57.43411473619453,34.41356658935547
2619,3,0,10.9125,10.913189345039427,completed,10.975666868966073,63.16686896607315,34.134849548339844
2620,0,1,10.916666666666666,10.917976917000487,completed,10.98532795207575,68.66128540908356,34.1992301940918
2621,1,1,10.920833333333333,10.922768139047548,completed,10.991166332969442,70.3329996361095,34.18272018432617
2622,2,1,10.925,10.92759832018055,dropped_queue_full,,,
2623,3,1,10.929166666666667,10.929199004080147,dropped_queue_full,,,
2624,0,0,10.933333333333334,10.933486061170697,dropped_queue_full,,,
2625,1,0,10.9375,10.937528001144528,dropped_queue_full,,,
2626,2,0,10.941666666666666,10.941785508068278,completed,11.00001437496394,58.34770829727276,34.16726303100586
2627,3,0,10.945833333333333,10.946634799009189,completed,11.009093314176425,63.25998084309248,34.38524627685547
2628,0,1,10.95,10.951453011017293,completed,11.01870336709544,68.70336709544134,34.428863525390625
2629,1,1,10.954166666666666,10.956262042978778,dropped_queue_full,,,
2630,2,1,10.958333333333334,10.9583497219719,dropped_queue_full,,,
2631,3,1,10.9625,10.962575470097363,dropped_queue_full,,,
2632,0,0,10.966666666666667,10.966722648125142,dropped_queue_full,,,
2633,1,0,10.970833333333333,10.970847217133269,completed,11.025742987170815,54.90965383748225,34.44438552856445
2634,2,0,10.975,10.975659179035574,completed,11.034742707153782,59.742707153782604,34.52288055419922
2635,3,0,10.979166666666666,10.980499640107155,completed,11.047545708017424,68.37904135075767,34.358367919921875
2636,0,1,10.983333333333333,10.985322532011196,completed,11.05234926007688,69.01592674354795,34.42444610595703
2637,1,1,10.9875,10.990355241112411,dropped_queue_full,,,
2638,2,1,10.991666666666667,10.991804107092321,dropped_queue_full,,,
2639,3,1,10.995833333333334,10.995895366184413,dropped_queue_full,,,
2640,0,0,11.0,11.000006465008482,dropped_queue_full,,,
2641,1,0,11.004166666666666,11.004256352083758,completed,11.060333390021697,56.16672335503026,34.42927932739258
2642,2,0,11.008333333333333,11.009085454046726,completed,11.06917797215283,60.84463881949631,34.404449462890625
2643,3,0,11.0125,11.013884586049244,completed,11.08054944803007,68.04944803007018,34.39344024658203
2644,0,1,11.016666666666666,11.018698086962104,completed,11.086245940998197,69.57927433153088,34.43929672241211
2645,1,1,11.020833333333334,11.023504099110141,dropped_queue_full,,,
2646,2,1,11.025,11.025100723141804,dropped_queue_full,,,
2647,3,1,11.029166666666667,11.029212552122772,dropped_queue_full,,,
2648,0,0,11.033333333333333,11.033475679112598,dropped_queue_full,,,
2649,1,0,11.0375,11.037574848160148,completed,11.094949583057314,57.44958305731451,34.4337272644043
2650,2,0,11.041666666666666,11.042732225963846,completed,11.104817804181948,63.15113751528223,34.3939208984375
2651,3,0,11.045833333333333,11.047537917969748,completed,11.114440058125183,68.60672479185048,34.35417556762695
2652,0,1,11.05,11.05234417016618,completed,11.12069882499054,70.69882499054003,34.34284973144531
2653,1,1,11.054166666666667,11.057160431984812,dropped_queue_full,,,
2654,2,1,11.058333333333334,11.058421549154446,dropped_queue_full,,,
2655,3,1,11.0625,11.062526897992939,dropped_queue_full,,,
2656,0,0,11.066666666666666,11.06680520507507,dropped_queue_full,,,
2657,1,0,11.070833333333333,11.070897224126384,completed,11.129381768172607,58.548434839273966,34.330848693847656
2658,2,0,11.075,11.07571325614117,completed,11.13829680904746,63.29680904746127,34.388702392578125
2659,3,0,11.079166666666666,11.080541698029265,completed,11.148243259172887,69.07659250622089,34.42918395996094
2660,0,1,11.083333333333334,11.085360819008201,dropped_queue_full,,,
2661,1,1,11.0875,11.08752242801711,dropped_queue_full,,,
2662,2,1,11.091666666666667,11.091798155102879,dropped_queue_full,,,
2663,3,1,11.095833333333333,11.095905874157324,dropped_queue_full,,,
2664,0,0,11.1,11.10000421316363,completed,11.15542292711325,55.42292711325025,34.52374267578125
2665,1,0,11.104166666666666,11.104810584103689,completed,11.163947132183239,59.78046551657279,34.47391891479492
2666,2,0,11.108333333333333,11.109616796020418,completed,11.176414237124845,68.08090379151288,34.38911819458008
2667,3,0,11.1125,11.11443255818449,completed,11.181260358076543,68.7603580765419,34.38528060913086
2668,0,1,11.116666666666667,11.1192543101497,dropped_queue_full,,,
2669,1,1,11.120833333333334,11.120862454175949,dropped_queue_full,,,
2670,2,1,11.125,11.125100531149656,dropped_queue_full,,,
2671,3,1,11.129166666666666,11.129211419960484,dropped_queue_full,,,
2672,0,0,11.133333333333333,11.13347726711072,completed,11.189944191137329,56.610857803995884,34.38764953613281
2673,1,0,11.1375,11.13828971912153,completed,11.198487256187946,60.987256187946315,34.35075378417969
2674,2,0,11.141666666666666,11.14327486907132,completed,11.209681764012203,68.0150973455369,34.418399810791016
2675,3,0,11.145833333333334,11.148235779022798,completed,11.215814922004938,69.9815886716042,34.32774353027344
2676,0,1,11.15,11.153030661167577,dropped_queue_full,,,
2677,1,1,11.154166666666667,11.154314329149202,dropped_queue_full,,,
2678,2,1,11.158333333333333,11.158418357139453,dropped_queue_full,,,
2679,3,1,11.1625,11.162529966095462,dropped_queue_full,,,
2680,0,0,11.166666666666666,11.166803683154285,completed,11.224332086974755,57.665420308088855,34.33612823486328
2681,1,0,11.170833333333333,11.1715997250285,completed,11.234022740041837,63.18940670850459,34.35811233520508
2682,2,0,11.175,11.17640750715509,completed,11.243628973141313,68.62897314131189,34.31804656982422
2683,3,0,11.179166666666667,11.181252748006955,completed,11.250228037126362,71.06137045969518,34.29087829589844
2684,0,1,11.183333333333334,11.18607176002115,dropped_queue_full,,,
2685,1,1,11.1875,11.187579265097156,dropped_queue_full,,,
2686,2,1,11.191666666666666,11.191693754168227,dropped_queue_full,,,
2687,3,1,11.195833333333333,11.195939761120826,dropped_queue_full,,,
2688,0,0,11.2,11.200051720021293,completed,11.25880526099354,58.805260993541,34.378719329833984
2689,1,0,11.204166666666666,11.204854771960527,completed,11.267397625138983,63.23095847231741,34.347904205322266
2690,2,0,11.208333333333334,11.209674724144861,completed,11.277020949171856,68.68761583852212,34.36374282836914
2691,3,0,11.2125,11.214523795060813,dropped_queue_full,,,
2692,0,1,11.216666666666667,11.216739183058962,dropped_queue_full,,,
2693,1,1,11.220833333333333,11.220848922152072,dropped_queue_full,,,
2694,2,1,11.225,11.225102388998494,dropped_queue_full,,,
2695,3,1,11.229166666666666,11.229208968114108,completed,11.284663932165131,55.4972654984649,34.388160705566406
2696,0,0,11.233333333333333,11.234016290167347,completed,11.293426195159554,60.09286182622198,34.380096435546875
2697,1,0,11.2375,11.238815172109753,completed,11.305584833025932,68.0848330259316,34.42371368408203
2698,2,0,11.241666666666667,11.243622053181753,completed,11.310892559122294,69.22589245562705,34.38195037841797
2699,3,0,11.245833333333334,11.24862678302452,dropped_queue_full,,,
2700,0,1,11.25,11.250058138975874,dropped_queue_full,,,
2701,1,1,11.254166666666666,11.254363526124507,dropped_queue_full,,,
2702,2,1,11.258333333333333,11.258475805167109,dropped_queue_full,,,
2703,3,1,11.2625,11.26257670414634,completed,11.319269746076316,56.76974607631635,34.412960052490234
2704,0,0,11.266666666666666,11.267391095170751,completed,11.33114773617126,64.48106950459476,34.43769454956055
2705,1,0,11.270833333333334,11.272194207180291,completed,11.340794730000198,69.96139666686396,34.43414306640625
2706,2,0,11.275,11.277013438986614,completed,11.345605872105807,70.60587210580671,34.48806381225586
2707,3,0,11.279166666666667,11.28181865112856,dropped_queue_full,,,
2708,0,1,11.283333333333333,11.283385914983228,dropped_queue_full,,,
2709,1,1,11.2875,11.287573802983388,dropped_queue_full,,,
2710,2,1,11.291666666666666,11.291692302096635,dropped_queue_full,,,
2711,3,1,11.295833333333333,11.295940799172968,completed,11.353851448977366,58.018115644033585,34.50419235229492
2712,0,0,11.3,11.30076097114943,completed,11.367730820085853,67.73082008585263,34.58607864379883
2713,1,0,11.304166666666667,11.30557856312953,completed,11.372825289145112,68.6586224784449,34.58873748779297
2714,2,0,11.308333333333334,11.310395983979106,dropped_queue_full,,,
2715,3,0,11.3125,11.312641781987622,dropped_queue_full,,,
2716,0,1,11.316666666666666,11.316732451086864,dropped_queue_full,,,
2717,1,1,11.320833333333333,11.320860509993508,dropped_queue_full,,,
2718,2,1,11.325,11.325097907101735,completed,11.38020187499933,55.20187499933016,34.528446197509766
2719,3,1,11.329166666666666,11.331142037175596,completed,11.388540151063353,59.373484396687104,34.56892776489258
2720,0,0,11.333333333333334,11.336028357967734,completed,11.4013193231076,67.98598977426629,34.452415466308594
2721,1,0,11.3375,11.340788300149143,completed,11.40612294501625,68.62294501624966,34.42639923095703
2722,2,0,11.341666666666667,11.345598752144724,completed,11.414741289103404,73.0746224367369,34.409568786621094
2723,3,0,11.345833333333333,11.350377114024013,dropped_dispatch_late,,,
2724,0,1,11.35,11.350384924095124,dropped_queue_full,,,
2725,1,1,11.354166666666666,11.354174565989524,dropped_queue_full,,,
2726,2,1,11.358333333333333,11.358421503100544,dropped_queue_full,,,
2727,3,1,11.3625,11.36257749213837,completed,11.423109585186467,60.609585186465864,34.3818244934082
2728,0,0,11.366666666666667,11.367724620038643,completed,11.434831348014995,68.16468134832832,34.403873443603516
2729,1,0,11.370833333333334,11.372818499105051,completed,11.440440631005913,69.60729767257945,34.4552001953125
2730,2,0,11.375,11.377954367082566,dropped_queue_full,,,
2731,3,0,11.379166666666666,11.3792387151625,dropped_queue_full,,,
2732,0,1,11.383333333333333,11.38337043300271,dropped_queue_full,,,
2733,1,1,11.3875,11.387575451051816,dropped_queue_full,,,
2734,2,1,11.391666666666666,11.391683360096067,completed,11.449431371176615,57.76470450994964,34.485694885253906
2735,3,1,11.395833333333334,11.396488402038813,completed,11.459083965048194,63.250631714860006,34.53500747680664
2736,0,0,11.4,11.4013138031587,completed,11.469385001109913,69.38500110991264,34.672672271728516
2737,1,0,11.404166666666667,11.406116415048018,completed,11.475073053967208,70.90638730054089,34.5497932434082
2738,2,0,11.408333333333333,11.411091265967116,dropped_queue_full,,,
2739,3,0,11.4125,11.412534431088716,dropped_queue_full,,,
2740,0,1,11.416666666666666,11.416806518100202,dropped_queue_full,,,
2741,1,1,11.420833333333333,11.420899167191237,dropped_queue_full,,,
2742,2,1,11.425,11.425013886066154,completed,11.483950555091724,58.95055509172309,34.4332160949707
2743,3,1,11.429166666666667,11.429907087003812,completed,11.49256230914034,63.39564247367235,34.32310485839844
2744,0,0,11.433333333333334,11.434825928183272,completed,11.502289331983775,68.95599865044133,34.24140930175781
2745,1,0,11.4375,11.43979507801123,dropped_queue_full,,,
2746,2,0,11.441666666666666,11.44171439902857,dropped_queue_full,,,
2747,3,0,11.445833333333333,11.445939966011792,dropped_queue_full,,,
2748,0,1,11.45,11.450069395126775,dropped_queue_full,,,
2749,1,1,11.454166666666666,11.454170973971486,completed,11.509581559104845,55.41489243817921,34.31244659423828
2750,2,1,11.458333333333334,11.459075585007668,completed,11.518425710033625,60.09237670029144,34.34787368774414
2751,3,1,11.4625,11.464310512179509,completed,11.530610637972131,68.11063797213102,34.320030212402344
2752,0,0,11.466666666666667,11.469379651127383,completed,11.535403429996222,68.73676332955547,34.358463287353516
2753,1,0,11.470833333333333,11.47425988316536,dropped_queue_full,,,
2754,2,0,11.475,11.475068144034594,dropped_queue_full,,,
2755,3,0,11.479166666666666,11.479216003092006,dropped_queue_full,,,
2756,0,1,11.483333333333333,11.483484440017492,dropped_queue_full,,,
2757,1,1,11.4875,11.48755325912498,completed,11.544008133001626,56.50813300162483,34.28099060058594
2758,2,1,11.491666666666667,11.492554489057511,completed,11.552854815032333,61.188148365665995,34.24563217163086
2759,3,1,11.495833333333334,11.497527149040252,completed,11.563855515094474,68.02218176114039,34.36412811279297
2760,0,0,11.5,11.50228430214338,completed,11.570065982174128,70.0659821741283,34.49164962768555
2761,1,0,11.504166666666666,11.507055184105411,dropped_queue_full,,,
2762,2,0,11.508333333333333,11.508335631107911,dropped_queue_full,,,
2763,3,0,11.5125,11.512579038040712,dropped_queue_full,,,
2764,0,1,11.516666666666666,11.51668241713196,dropped_queue_full,,,
2765,1,1,11.520833333333334,11.520940965041518,completed,11.578643396031111,57.81006269777755,34.53936004638672
2766,2,1,11.525,11.525816796114668,completed,11.588169421069324,63.16942106932366,34.548030853271484
2767,3,1,11.529166666666667,11.530602907994762,completed,11.59810895100236,68.9422843356926,34.42720031738281
2768,0,0,11.533333333333333,11.53539792005904,completed,11.6044948680792,71.16153474586717,34.35055923461914
2769,1,0,11.5375,11.540198361966759,dropped_queue_full,,,
2770,2,0,11.541666666666666,11.541800125967711,dropped_queue_full,,,
2771,3,0,11.545833333333333,11.545894385082647,dropped_queue_full,,,
2772,0,1,11.55,11.550002094125375,dropped_queue_full,,,
2773,1,1,11.554166666666667,11.55426009115763,completed,11.613179660169408,59.012993502740585,34.35222244262695
2774,2,1,11.558333333333334,11.559065232984722,completed,11.62638838798739,68.05505465405659,34.370208740234375
2775,3,1,11.5625,11.563847925048321,completed,11.631184180034325,68.68418003432453,34.41356658935547
2776,0,0,11.566666666666666,11.56881303503178,dropped_queue_full,,,
2777,1,0,11.570833333333333,11.570864794077352,dropped_queue_full,,,
2778,2,0,11.575,11.57503313315101,dropped_queue_full,,,
2779,3,0,11.579166666666666,11.579260220052674,dropped_queue_full,,,
2780,0,1,11.583333333333334,11.583368469029665,completed,11.638997632078826,55.6642987454925,34.437889099121094
2781,1,1,11.5875,11.588162331143394,completed,11.647697385167703,60.19738516770268,34.39324951171875
2782,2,1,11.591666666666667,11.593249639961869,completed,11.659680294105783,68.01362743911632,34.319488525390625
2783,3,1,11.595833333333333,11.59810139099136,completed,11.664832123089582,68.99878975624851,34.260894775390625
2784,0,0,11.6,11.602887533139437,dropped_queue_full,,,
2785,1,0,11.604166666666666,11.604168741032481,dropped_queue_full,,,
2786,2,0,11.608333333333333,11.608415758004412,dropped_queue_full,,,
2787,3,0,11.6125,11.612526877084747,dropped_queue_full,,,
2788,0,1,11.616666666666667,11.616792474174872,completed,11.673536766087636,56.87009942096921,34.288673400878906
2789,1,1,11.620833333333334,11.621579646132886,completed,11.68399253115058,63.15919781724588,34.25302505493164
2790,2,1,11.625,11.626381118083373,completed,11.69385121203959,68.85121203958988,34.285343170166016
2791,3,1,11.629166666666666,11.631176420021802,completed,11.699494875967503,70.32820930083616,34.451839447021484
2792,0,0,11.633333333333333,11.635966222034767,dropped_queue_full,,,
2793,1,0,11.6375,11.63756314618513,dropped_queue_full,,,
2794,2,0,11.641666666666666,11.641683135181665,dropped_queue_full,,,
2795,3,0,11.645833333333334,11.645943362032995,dropped_queue_full,,,
2796,0,1,11.65,11.650047871051356,completed,11.708167679142207,58.16767914220655,34.51718521118164
2797,1,1,11.654166666666667,11.654852463165298,completed,11.717377186054364,63.21051938769706,34.55215835571289
2798,2,1,11.658333333333333,11.659673335030675,completed,11.726995730074123,68.66239674078933,34.57769775390625
2799,3,1,11.6625,11.664495766162872,dropped_queue_full,,,
2800,0,0,11.666666666666666,11.666734704049304,dropped_queue_full,,,
2801,1,0,11.670833333333333,11.670843543019146,dropped_queue_full,,,
2802,2,0,11.675,11.67505290103145,dropped_queue_full,,,
2803,3,0,11.679166666666667,11.679175729164854,completed,11.734022169141099,54.85550247443172,34.41417694091797
2804,0,1,11.683333333333334,11.683986161137,completed,11.742696843110025,59.36350977669136,34.40038299560547
2805,1,1,11.6875,11.688786352984607,completed,11.755434955004603,67.93495500460267,34.351680755615234
2806,2,1,11.691666666666666,11.69384416216053,completed,11.760243737138808,68.57707047214134,34.347137451171875
2807,3,1,11.695833333333333,11.69868162414059,dropped_queue_full,,,
2808,0,0,11.7,11.700099898967892,dropped_queue_full,,,
2809,1,0,11.704166666666666,11.70421316800639,dropped_queue_full,,,
2810,2,0,11.708333333333334,11.708489525131881,dropped_queue_full,,,
2811,3,0,11.7125,11.712575423996896,completed,11.76853133412078,56.031334120779874,34.31635284423828
2812,0,1,11.716666666666667,11.717370866099373,completed,11.777220577001572,60.55391033490487,34.39702224731445
2813,1,1,11.720833333333333,11.722179008182138,completed,11.789086968172342,68.25363483900837,34.59187316894531
2814,2,1,11.725,11.72698882012628,completed,11.794708781177178,69.70878117717838,34.49407958984375
2815,3,1,11.729166666666666,11.73178832209669,dropped_queue_full,,,
2816,0,0,11.733333333333333,11.733379346085712,dropped_queue_full,,,
2817,1,0,11.7375,11.737635873025283,dropped_queue_full,,,
2818,2,0,11.741666666666667,11.741733592003584,dropped_queue_full,,,
2819,3,0,11.745833333333334,11.74584288103506,completed,11.803059988189489,57.22665485615508,34.44182586669922
2820,0,1,11.75,11.750639423029497,completed,11.813237546011806,63.237546011805534,34.40345764160156
2821,1,1,11.754166666666666,11.755428564967588,completed,11.822830350138247,68.66368347158058,34.214622497558594
2822,2,1,11.758333333333333,11.76023633708246,completed,11.829061297001317,70.72796366798428,34.201534271240234
2823,3,1,11.7625,11.765039769001305,dropped_queue_full,,,
2824,0,0,11.766666666666666,11.76679723104462,dropped_queue_full,,,
2825,1,0,11.770833333333334,11.770896170055494,dropped_queue_full,,,
2826,2,0,11.775,11.775005649076775,dropped_queue_full,,,
2827,3,0,11.779166666666667,11.77925837598741,completed,11.837428263155743,58.261596489076695,34.1794548034668
2828,0,1,11.783333333333333,11.784073628019542,completed,11.846484203124419,63.15086979108564,34.262657165527344
2829,1,1,11.7875,11.789080678019673,completed,11.856064256979153,68.56425697915292,34.207359313964844
2830,2,1,11.791666666666666,11.794531813124195,dropped_queue_full,,,
2831,3,1,11.795833333333333,11.795941818971187,dropped_queue_full,,,
2832,0,0,11.8,11.800053648184985,dropped_queue_full,,,
2833,1,0,11.804166666666667,11.804173347074538,dropped_queue_full,,,
2834,2,0,11.808333333333334,11.808414733968675,completed,11.863381352974102,55.04801964076833,34.12819290161133
2835,3,0,11.8125,11.813232236076146,completed,11.871745859039947,59.24585903994739,34.12799835205078
2836,0,1,11.816666666666666,11.818017138168216,completed,11.88471614010632,68.04947343965395,34.134239196777344
2837,1,1,11.820833333333333,11.822824069997296,completed,11.889704589964822,68.87125663148908,34.13430404663086
2838,2,1,11.825,11.827626371989027,dropped_queue_full,,,
2839,3,1,11.829166666666666,11.829224216053262,dropped_queue_full,,,
2840,0,0,11.833333333333334,11.833477463107556,dropped_queue_full,,,
2841,1,0,11.8375,11.837589372182265,dropped_queue_full,,,
2842,2,0,11.841666666666667,11.841686801053584,completed,11.89769328897819,56.026622311522445,34.11711883544922
2843,3,0,11.845833333333333,11.846478883177042,completed,11.90606428612955,60.23095279621593,34.137760162353516
2844,0,1,11.85,11.851267385063693,completed,11.918040186166763,68.04018616676366,34.150657653808594
2845,1,1,11.854166666666666,11.856057837139815,completed,11.923168804030865,69.00213736419936,34.15427017211914
2846,2,1,11.858333333333333,11.860862109111622,dropped_queue_full,,,
2847,3,1,11.8625,11.862575811101124,dropped_queue_full,,,
2848,0,0,11.866666666666667,11.866709270048887,dropped_queue_full,,,
2849,1,0,11.870833333333334,11.87094070808962,dropped_queue_full,,,
2850,2,0,11.875,11.875052785966545,completed,11.931886247126386,56.88624712638557,34.15849685668945
2851,3,0,11.879166666666666,11.879928707145154,completed,11.942425651010126,63.258984343459446,34.113792419433594
2852,0,1,11.883333333333333,11.884710730053484,completed,11.952036414993927,68.70308166059402,34.174591064453125
2853,1,1,11.8875,11.889698249986395,completed,11.957432691007853,69.93269100785326,34.14556884765625
2854,2,1,11.891666666666666,11.894964187173173,dropped_queue_full,,,
2855,3,1,11.895833333333334,11.895928827114403,dropped_queue_full,,,
2856,0,0,11.9,11.900050956057385,dropped_queue_full,,,
2857,1,0,11.904166666666667,11.904319992987439,dropped_queue_full,,,
2858,2,0,11.908333333333333,11.90841656201519,completed,11.966266692150384,57.93335881705097,34.13190460205078
2859,3,0,11.9125,11.913243184098974,completed,11.975657477974892,63.15747797489202,34.10028839111328
2860,0,1,11.916666666666666,11.918034706031904,completed,11.985261732013896,68.59506534723003,34.19136047363281
2861,1,1,11.920833333333333,11.922833397053182,dropped_queue_full,,,
2862,2,1,11.925,11.925053745042533,dropped_queue_full,,,
2863,3,1,11.929166666666667,11.929321193136275,dropped_queue_full,,,
2864,0,0,11.933333333333334,11.933477891143411,dropped_queue_full,,,
2865,1,0,11.9375,11.937576350057498,completed,11.991827185964212,54.32718596421182,34.29471969604492
2866,2,0,11.941666666666666,11.942418341059238,completed,12.000588078051805,58.921411385139066,34.290462493896484
2867,3,0,11.945833333333333,11.947228263132274,completed,12.009038234129548,63.20490079621521,34.401248931884766
2868,0,1,11.95,11.952030955115333,completed,12.018597998190671,68.59799819067192,34.42620849609375
2869,1,1,11.954166666666666,11.956819377141073,dropped_queue_full,,,
2870,2,1,11.958333333333334,11.958390901098028,dropped_queue_full,,,
2871,3,1,11.9625,11.962636449141428,dropped_queue_full,,,
2872,0,0,11.966666666666667,11.966747257160023,dropped_queue_full,,,
2873,1,0,11.970833333333333,11.970844445982948,completed,12.026220492087305,55.38715875397138,34.34345626831055
2874,2,0,11.975,11.975649768020958,completed,12.035219721030444,60.21972103044426,34.36137771606445
2875,3,0,11.979166666666666,11.980481810169294,completed,12.047170781996101,68.00411532943507,34.29769515991211
2876,0,1,11.983333333333333,11.985256422078237,completed,12.052196450997144,68.86311766381148,34.29359817504883
2877,1,1,11.9875,11.990067534148693,dropped_queue_full,,,
2878,2,1,11.991666666666667,11.991823136107996,dropped_queue_full,,,
2879,3,1,11.995833333333334,11.995941424975172,dropped_queue_full,,,
2880,0,0,12.0,12.0000989229884,dropped_queue_full,,,
2881,1,0,12.004166666666666,12.004210672108456,completed,12.06074138614349,56.57471947682424,34.30144119262695
2882,2,0,12.008333333333333,12.009030314162374,completed,12.071529888082296,63.1965547489628,34.27219009399414
2883,3,0,12.0125,12.013823496177793,completed,12.081112741027027,68.61274102702808,34.2672004699707
2884,0,1,12.016666666666666,12.01859294809401,completed,12.08653709711507,69.87043044840391,34.265472412109375
2885,1,1,12.020833333333334,12.023378050187603,dropped_queue_full,,,
2886,2,1,12.025,12.02510031312704,dropped_queue_full,,,
2887,3,1,12.029166666666667,12.029211251996458,dropped_queue_full,,,
2888,0,0,12.033333333333333,12.03347562905401,dropped_queue_full,,,
2889,1,0,12.0375,12.037574948044494,completed,12.095108701149002,57.60870114900207,34.29110336303711
2890,2,0,12.041666666666666,12.04238257999532,completed,12.104949593078345,63.282926411678986,34.28339385986328
2891,3,0,12.045833333333333,12.047163082053885,completed,12.114719055127352,68.88572179401997,34.30195236206055
2892,0,1,12.05,12.052014493150637,dropped_queue_full,,,
2893,1,1,12.054166666666667,12.054257701151073,dropped_queue_full,,,
2894,2,1,12.058333333333334,12.058371399063617,dropped_queue_full,,,
2895,3,1,12.0625,12.06264639715664,dropped_queue_full,,,
2896,0,0,12.066666666666666,12.066733006155118,completed,12.12094390206039,54.27723539372309,34.30633544921875
2897,1,0,12.070833333333333,12.071522847982123,completed,12.129652644973248,58.819311639915384,34.363521575927734
2898,2,0,12.075,12.076292430050671,completed,12.142997841117904,67.9978411179043,34.364158630371094
2899,3,0,12.079166666666666,12.08110552211292,completed,12.147781923180446,68.61525651378031,34.388126373291016
2900,0,1,12.083333333333334,12.085883904015645,dropped_queue_full,,,
2901,1,1,12.0875,12.087653516093269,dropped_queue_full,,,
2902,2,1,12.091666666666667,12.09181915409863,dropped_queue_full,,,
2903,3,1,12.095833333333333,12.09590566297993,dropped_queue_full,,,
2904,0,0,12.1,12.10009861108847,completed,12.155421467032284,55.4214670322839,34.317665100097656
2905,1,0,12.104166666666666,12.10493284300901,completed,12.163948401110247,59.7817344435807,34.251102447509766
2906,2,0,12.108333333333333,12.109928503166884,completed,12.176356837153435,68.02350382010225,34.19462585449219
2907,3,0,12.1125,12.114711225032806,completed,12.181167649105191,68.66764910519052,34.127742767333984
2908,0,1,12.116666666666667,12.119532307144254,dropped_queue_full,,,
2909,1,1,12.120833333333334,12.120940922060981,dropped_queue_full,,,
2910,2,1,12.125,12.125054211122915,dropped_queue_full,,,
2911,3,1,12.129166666666666,12.129323777975515,dropped_queue_full,,,
2912,0,0,12.133333333333333,12.133418057113886,completed,12.189738153014332,56.404819680999196,34.14409637451172
2913,1,0,12.1375,12.138212199090049,completed,12.198379116132855,60.879116132856126,34.197471618652344
2914,2,0,12.141666666666666,12.14299089112319,completed,12.209944281028584,68.27761436191793,34.23440170288086
2915,3,0,12.145833333333334,12.147774113109335,completed,12.21587969106622,70.04635773288648,34.506752014160156
2916,0,1,12.15,12.152564896037802,dropped_queue_full,,,
2917,1,1,12.154166666666667,12.154321808135137,dropped_queue_full,,,
2918,2,1,12.158333333333333,12.158418737119064,dropped_queue_full,,,
2919,3,1,12.1625,12.16252560610883,dropped_queue_full,,,
2920,0,0,12.166666666666666,12.166803953005001,completed,12.224265387048945,57.598720382278756,34.358238220214844
2921,1,0,12.170833333333333,12.17157450504601,completed,12.23418463813141,63.35130479807738,34.39231872558594
2922,2,0,12.175,12.176349716959521,completed,12.243775162147358,68.77516214735735,34.40086364746094
2923,3,0,12.179166666666667,12.18115966906771,completed,12.250184647040442,71.01798037377449,34.142398834228516
2924,0,1,12.183333333333334,12.185922061093152,dropped_queue_full,,,
2925,1,1,12.1875,12.187530795112252,dropped_queue_full,,,
2926,2,1,12.191666666666666,12.191730813123286,dropped_queue_full,,,
2927,3,1,12.195833333333333,12.195842882152647,dropped_queue_full,,,
2928,0,0,12.2,12.200103419134393,completed,12.258696942124516,58.69694212451648,34.331199645996094
2929,1,0,12.204166666666666,12.204918201081455,completed,12.267453514039516,63.28684737285073,34.307167053222656
2930,2,0,12.208333333333334,12.209926641080528,completed,12.277078378014266,68.74504468093257,34.27423858642578
2931,3,0,12.2125,12.2149099111557,dropped_queue_full,,,
2932,0,1,12.216666666666667,12.216677263146266,dropped_queue_full,,,
2933,1,1,12.220833333333333,12.220940880011767,dropped_queue_full,,,
2934,2,1,12.225,12.225062759127468,dropped_queue_full,,,
2935,3,1,12.229166666666666,12.229322446044534,completed,12.284582333173603,55.415666506936745,34.29510498046875
2936,0,0,12.233333333333333,12.234178068116307,completed,12.293171907076612,59.83857374327961,34.319007873535156
2937,1,0,12.2375,12.238979700021446,completed,12.305428044172004,67.92804417200315,34.33638381958008
2938,2,0,12.241666666666667,12.243768122047186,completed,12.310810480033979,69.14381336731168,34.51935958862305
2939,3,0,12.245833333333334,12.248574594035745,dropped_queue_full,,,
2940,0,1,12.25,12.2500169291161,dropped_queue_full,,,
2941,1,1,12.254166666666666,12.254259346053004,dropped_queue_full,,,
2942,2,1,12.258333333333333,12.258370025083423,dropped_queue_full,,,
2943,3,1,12.2625,12.262634763028473,completed,12.319427004083991,56.92700408399176,34.70828628540039
2944,0,0,12.266666666666666,12.267446893965825,completed,12.329903468023986,63.236801357319905,34.73660659790039
2945,1,0,12.270833333333334,12.272269616136327,completed,12.339469193015248,68.63585968191366,34.76262283325195
2946,2,0,12.275,12.277071538148448,completed,12.345555952051654,70.5559520516541,34.604225158691406
2947,3,0,12.279166666666667,12.281894800020382,dropped_queue_full,,,
2948,0,1,12.283333333333333,12.283491254085675,dropped_queue_full,,,
2949,1,1,12.2875,12.287575533147901,dropped_queue_full,,,
2950,2,1,12.291666666666666,12.291735460981727,dropped_queue_full,,,
2951,3,1,12.295833333333333,12.295842410065234,completed,12.353949237149209,58.11590381587628,34.390079498291016
2952,0,0,12.3,12.300649431999773,completed,12.36318408511579,63.18408511578966,34.43337631225586
2953,1,0,12.304166666666667,12.305421624099836,completed,12.372777009150013,68.61034248334619,34.411102294921875
2954,2,0,12.308333333333334,12.310475453035906,dropped_queue_full,,,
2955,3,0,12.3125,12.312532142968848,dropped_queue_full,,,
2956,0,1,12.316666666666666,12.31673377007246,dropped_queue_full,,,
2957,1,1,12.320833333333333,12.320860339095816,dropped_queue_full,,,
2958,2,1,12.325,12.325100786983967,completed,12.380174095043913,55.17409504391324,34.416927337646484
2959,3,1,12.329166666666666,12.329897978110239,completed,12.388697328977287,59.530662310621096,34.546783447265625
2960,0,0,12.333333333333334,12.334669701056555,completed,12.4013559629675,68.02262963416617,34.58729553222656
2961,1,0,12.3375,12.33946302300319,completed,12.406137614976615,68.63761497661436,34.54889678955078
2962,2,0,12.341666666666667,12.344268545042723,dropped_queue_full,,,
2963,3,0,12.345833333333333,12.34587808814831,dropped_queue_full,,,
2964,0,1,12.35,12.350004437146708,dropped_queue_full,,,
2965,1,1,12.354166666666666,12.354269574163482,dropped_queue_full,,,
2966,2,1,12.358333333333333,12.35836985311471,completed,12.414662059163675,56.32872583034221,34.48108673095703
2967,3,1,12.3625,12.363178594969213,completed,12.423158033983782,60.65803398378122,34.392513275146484
2968,0,0,12.366666666666667,12.367993387160823,completed,12.434893346158788,68.22667949212047,34.38771057128906
2969,1,0,12.370833333333334,12.372770799091086,completed,12.440334951970726,69.50161863739268,34.36617660522461
2970,2,0,12.375,12.377607021015137,dropped_queue_full,,,
2971,3,0,12.379166666666666,12.37921246397309,dropped_queue_full,,,
2972,0,1,12.383333333333333,12.383474822156131,dropped_queue_full,,,
2973,1,1,12.3875,12.38757671113126,dropped_queue_full,,,
2974,2,1,12.391666666666666,12.391736669000238,completed,12.44917035405524,57.50368738857503,34.353153228759766
2975,3,1,12.395833333333334,12.396555551094934,completed,12.459172983188182,63.33964985484819,34.33769607543945
2976,0,0,12.4,12.401350723113865,completed,12.468904886161909,68.90488616190815,34.35055923461914
2977,1,0,12.404166666666667,12.406131235184148,completed,12.474811285967007,70.6446193003405,34.35353469848633
2978,2,0,12.408333333333333,12.411172974156216,dropped_queue_full,,,
2979,3,0,12.4125,12.41258831997402,dropped_queue_full,,,
2980,0,1,12.416666666666666,12.41679824818857,dropped_queue_full,,,
2981,1,1,12.420833333333333,12.42090310715139,dropped_queue_full,,,
2982,2,1,12.425,12.425058535067365,completed,12.483814186183736,58.81418618373502,34.38185501098633
2983,3,1,12.429166666666667,12.429908256046474,completed,12.492520048981532,63.353382314865314,34.33033752441406
2984,0,0,12.433333333333334,12.434887857176363,completed,12.502650707028806,69.31737369547264,34.40755081176758
2985,1,0,12.4375,12.43968022800982,dropped_queue_full,,,
2986,2,0,12.441666666666666,12.441735947970301,dropped_queue_full,,,
2987,3,0,12.445833333333333,12.445843487046659,dropped_queue_full,,,
2988,0,1,12.45,12.450099234003574,dropped_queue_full,,,
2989,1,1,12.454166666666666,12.45421094307676,completed,12.50949339917861,55.32673251194353,34.42496109008789
2990,2,1,12.458333333333334,12.45916560315527,completed,12.5183338499628,60.000516629466816,34.41993713378906
2991,3,1,12.4625,12.463971015065908,completed,12.530850945040584,68.35094504058326,34.4936637878418
2992,0,0,12.466666666666667,12.468899286119267,completed,12.535762306069955,69.09563940328844,34.50979232788086
2993,1,0,12.470833333333333,12.473684868076816,dropped_queue_full,,,
2994,2,0,12.475,12.47512368299067,dropped_queue_full,,,
2995,3,0,12.479166666666666,12.479217692045495,dropped_queue_full,,,
2996,0,1,12.483333333333333,12.483485320117325,dropped_queue_full,,,
2997,1,1,12.4875,12.487573808990419,completed,12.544128152076155,56.62815207615424,34.53363037109375
2998,2,1,12.491666666666667,12.492512239143252,completed,12.553015483077615,61.34881641094836,34.51136016845703
2999,3,1,12.495833333333334,12.49765914818272,completed,12.564012323040515,68.17898970718161,34.42841720581055
3000,0,0,12.5,12.502645408036187,completed,12.570052872179076,70.05287217907608,34.45027160644531
3001,1,0,12.504166666666666,12.507569648092613,dropped_queue_full,,,
3002,2,0,12.508333333333333,12.508376240031794,dropped_queue_full,,,
3003,3,0,12.5125,12.512634907150641,dropped_queue_full,,,
3004,0,1,12.516666666666666,12.516735346056521,dropped_queue_full,,,
3005,1,1,12.520833333333334,12.520842445082963,completed,12.578746614977717,57.913281644383474,34.455360412597656
3006,2,1,12.525,12.525859515182674,completed,12.588320438982919,63.3204389829185,34.49039840698242
3007,3,1,12.529166666666667,12.530843475135043,completed,12.598221290158108,69.05462349144109,34.46246337890625
3008,0,0,12.533333333333333,12.535756655968726,completed,12.604634096147493,71.30076281415931,34.46806335449219
3009,1,0,12.5375,12.540644556982443,dropped_queue_full,,,
3010,2,0,12.541666666666666,12.541739525971934,dropped_queue_full,,,
3011,3,0,12.545833333333333,12.54588081408292,dropped_queue_full,,,
3012,0,1,12.55,12.550032593077049,dropped_queue_full,,,
3013,1,1,12.554166666666667,12.554260010132566,completed,12.613330797990784,59.16413132411691,34.49833679199219
3014,2,1,12.558333333333334,12.559180671116337,completed,12.626582496101037,68.2491627677031,34.39004898071289
3015,3,1,12.5625,12.564004623098299,completed,12.631580346031114,69.08034603111446,34.516448974609375
3016,0,0,12.566666666666666,12.568920663092285,dropped_queue_full,,,
3017,1,0,12.570833333333333,12.570852934150025,dropped_queue_full,,,
3018,2,0,12.575,12.575100721092895,dropped_queue_full,,,
3019,3,0,12.579166666666666,12.579227330163121,dropped_queue_full,,,
3020,0,1,12.583333333333334,12.58347992808558,completed,12.639371267985553,56.037934652218624,34.56079864501953
3021,1,1,12.5875,12.588313288986683,completed,12.648058050079271,60.55805007927084,34.550174713134766
3022,2,1,12.591666666666667,12.593148461077362,completed,12.659701524069533,68.03485740286597,34.54652786254883
3023,3,1,12.595833333333333,12.59821364004165,completed,12.665268128039315,69.43479470598213,34.37907028198242
3024,0,0,12.6,12.603028152137995,dropped_queue_full,,,
3025,1,0,12.604166666666666,12.604310238966718,dropped_queue_full,,,
3026,2,0,12.608333333333333,12.608419097959995,dropped_queue_full,,,
3027,3,0,12.6125,12.612525596981868,dropped_queue_full,,,
3028,0,1,12.616666666666667,12.616792474174872,completed,12.673813592176884,57.14692551021727,34.35968017578125
3029,1,1,12.620833333333334,12.621605255175382,completed,12.684151099063456,63.31776573012249,34.28851318359375
3030,2,1,12.625,12.626575536094606,completed,12.693751563085243,68.7515630852431,34.22911834716797
3031,3,1,12.629166666666666,12.631572646088898,completed,12.69959069415927,70.4240274926029,34.21593475341797
3032,0,0,12.633333333333333,12.636360747972503,dropped_queue_full,,,
3033,1,0,12.6375,12.637643095105886,dropped_queue_full,,,
3034,2,0,12.641666666666666,12.641734404023737,dropped_queue_full,,,
3035,3,0,12.645833333333334,12.64584234310314,dropped_queue_full,,,
3036,0,1,12.65,12.650100570172071,completed,12.708266007015482,58.266007015481236,34.24204635620117
3037,1,1,12.654166666666667,12.654909382108599,completed,12.717348846141249,63.182179474582156,34.218048095703125
3038,2,1,12.658333333333333,12.659694554051384,completed,12.726925450144336,68.59211681100241,34.27801513671875
3039,3,1,12.6625,12.664499266073108,dropped_queue_full,,,
3040,0,0,12.666666666666666,12.666697794105858,dropped_queue_full,,,
3041,1,0,12.670833333333333,12.670941481133923,dropped_queue_full,,,
3042,2,0,12.675,12.67505276016891,dropped_queue_full,,,
3043,3,0,12.679166666666667,12.679322177078575,completed,12.734059759182855,54.89309251618835,34.27171325683594
3044,0,1,12.683333333333334,12.684144369093701,completed,12.742581033147871,59.247699814537924,34.28499221801758
3045,1,1,12.6875,12.688949421048164,completed,12.755439174128696,67.93917412869632,34.2465934753418
3046,2,1,12.691666666666666,12.69374444312416,completed,12.760229035979137,68.5623693124704,34.160736083984375
3047,3,1,12.695833333333333,12.698810812085867,dropped_queue_full,,,
3048,0,0,12.7,12.700070179067552,dropped_queue_full,,,
3049,1,0,12.704166666666666,12.704317357158288,dropped_queue_full,,,
3050,2,0,12.708333333333334,12.708428915124387,dropped_queue_full,,,
3051,3,0,12.7125,12.71252738405019,completed,12.768374284962192,55.87428496219182,34.17295837402344
3052,0,1,12.716666666666667,12.717342355987057,completed,12.77689939015545,60.232723488782725,34.167999267578125
3053,1,1,12.720833333333333,12.722141148056835,completed,12.788870910182595,68.03757684926204,34.287105560302734
3054,2,1,12.725,12.726918390020728,completed,12.794668951071799,69.66895107179916,34.3106575012207
3055,3,1,12.729166666666666,12.731866171117872,dropped_queue_full,,,
3056,0,0,12.733333333333333,12.733415775001049,dropped_queue_full,,,
3057,1,0,12.7375,12.73752720397897,dropped_queue_full,,,
3058,2,0,12.741666666666667,12.741792301181704,dropped_queue_full,,,
3059,3,0,12.745833333333334,12.74589242017828,completed,12.802742100087926,56.90876675459222,34.24720001220703
3060,0,1,12.75,12.750653212191537,completed,12.8132209260948,63.220926094800234,34.31244659423828
3061,1,1,12.754166666666666,12.755432673962787,completed,12.822798999026418,68.6323323597513,34.24732971191406
3062,2,1,12.758333333333333,12.760221827076748,completed,12.828741300152615,70.40796681928185,34.27657699584961
3063,3,1,12.7625,12.765024489024654,dropped_queue_full,,,
3064,0,0,12.766666666666666,12.76678284117952,dropped_queue_full,,,
3065,1,0,12.770833333333334,12.770892460132018,dropped_queue_full,,,
3066,2,0,12.775,12.775004028109834,dropped_queue_full,,,
3067,3,0,12.779166666666667,12.779259116156027,completed,12.837111146189272,57.94447952260562,34.24319839477539
3068,0,1,12.783333333333333,12.784068568143994,completed,12.846499202074483,63.16586874114982,34.19532775878906
3069,1,1,12.7875,12.788864550180733,completed,12.85612386604771,68.62386604771054,34.18659210205078
3070,2,1,12.791666666666666,12.793663351098076,dropped_queue_full,,,
3071,3,1,12.795833333333333,12.795942119089887,dropped_queue_full,,,
3072,0,0,12.8,12.800053287064657,dropped_queue_full,,,
3073,1,0,12.804166666666667,12.80417213612236,dropped_queue_full,,,
3074,2,0,12.808333333333334,12.808417074149475,completed,12.863105826079845,54.77249274651186,34.1135368347168
3075,3,0,12.8125,12.813215506030247,completed,12.871492251986638,58.99225198663771,34.214622497558594
3076,0,1,12.816666666666666,12.817995688179508,completed,12.884701509028673,68.03484236200674,34.28803253173828
3077,1,1,12.820833333333333,12.822792700026184,completed,12.889513821108267,68.68048777493385,34.355777740478516
3078,2,1,12.825,12.827604501042515,dropped_queue_full,,,
3079,3,1,12.829166666666666,12.829221635125577,dropped_queue_full,,,
3080,0,0,12.833333333333334,12.833476933185011,dropped_queue_full,,,
3081,1,0,12.8375,12.83758908114396,dropped_queue_full,,,
3082,2,0,12.841666666666667,12.841668409993872,completed,12.89753817114979,55.8715044831235,34.34320068359375
3083,3,0,12.845833333333333,12.846493792021647,completed,12.905901627149433,60.06829381609968,34.27743911743164
3084,0,1,12.85,12.851295114029199,completed,12.918075965018943,68.07596501894331,34.25519943237305
3085,1,1,12.854166666666666,12.856117616174743,completed,12.923064965056255,68.89829838958939,34.24911880493164
3086,2,1,12.858333333333333,12.860898598097265,dropped_queue_full,,,
3087,3,1,12.862499999999999,12.862653500167653,dropped_queue_full,,,
3088,0,0,12.866666666666667,12.866736549185589,dropped_queue_full,,,
3089,1,0,12.870833333333334,12.87084411806427,dropped_queue_full,,,
3090,2,0,12.875,12.875100855017081,completed,12.931903676129878,56.90367612987757,34.19276809692383
3091,3,0,12.879166666666666,12.879917757119983,completed,12.942549230065197,63.38256339853032,34.50099182128906
3092,0,1,12.883333333333333,12.884696019114926,completed,12.952297772048041,68.96443871470836,34.43119812011719
3093,1,1,12.8875,12.88950748112984,completed,12.95774199697189,70.24199697189104,34.421409606933594
3094,2,1,12.891666666666666,12.894294993020594,dropped_queue_full,,,
3095,3,1,12.895833333333334,12.89594225701876,dropped_queue_full,,,
3096,0,0,12.9,12.900051905075088,dropped_queue_full,,,
3097,1,0,12.904166666666667,12.904169084038585,dropped_queue_full,,,
3098,2,0,12.908333333333333,12.908417832106352,completed,12.966269992059097,57.93665872576348,34.34195327758789
3099,3,0,12.9125,12.913266163086519,completed,12.975642948178574,63.1429481785748,34.19001770019531
3100,0,1,12.916666666666666,12.918070384999737,completed,12.985264671966434,68.59800529976745,34.15631866455078
3101,1,1,12.920833333333333,12.922890617046505,dropped_queue_full,,,
3102,2,1,12.924999999999999,12.925100313965231,dropped_queue_full,,,
3103,3,1,12.929166666666667,12.92920963303186,dropped_queue_full,,,
3104,0,0,12.933333333333334,12.933333961991593,dropped_queue_full,,,
3105,1,0,12.9375,12.937576559139416,completed,12.992162882117555,54.662882117554545,34.24700927734375
3106,2,0,12.941666666666666,12.942541580181569,completed,13.000747966114432,59.08129944776519,34.275550842285156
3107,3,0,12.945833333333333,12.94751448999159,completed,13.013803526060656,67.97019272732285,34.32249450683594
3108,0,1,12.95,12.952292402042076,completed,13.018598108086735,68.59810808673572,34.32246398925781
3109,1,1,12.954166666666666,12.957089394098148,dropped_queue_full,,,
3110,2,1,12.958333333333334,12.958381131058559,dropped_queue_full,,,
3111,3,1,12.9625,12.962637237971649,dropped_queue_full,,,
3112,0,0,12.966666666666667,12.966750937048346,dropped_queue_full,,,
3113,1,0,12.970833333333333,12.970842816168442,completed,13.026738936081529,55.90560274819545,34.438079833984375
3114,2,0,12.975,12.975635138107464,completed,13.035270150052384,60.2701500523839,34.428321838378906
3115,3,0,12.979166666666666,12.98046722006984,completed,13.04760179715231,68.43513048564454,34.33478546142578
3116,0,1,12.983333333333333,12.985259311972186,completed,13.052398229017854,69.06489568452123,34.35852813720703
3117,1,1,12.987499999999999,12.990079452982172,dropped_queue_full,,,
3118,2,1,12.991666666666667,12.991678897058591,dropped_queue_full,,,
3119,3,1,12.995833333333334,12.9958701049909,dropped_queue_full,,,
3120,0,0,13.0,13.000100683188066,dropped_queue_full,,,
3121,1,0,13.004166666666666,13.004212722182274,completed,13.061166821047664,57.00015438099726,34.316192626953125
3122,2,0,13.008333333333333,13.009025833103806,completed,13.069852214073762,61.51888074042944,34.357215881347656
3123,3,0,13.0125,13.013795856153592,completed,13.08056938718073,68.06938718073141,34.27881622314453
3124,0,1,13.016666666666666,13.018592828186229,completed,13.086944453185424,70.27778651875849,34.42745590209961
3125,1,1,13.020833333333334,13.023413899121806,dropped_queue_full,,,
3126,2,1,13.025,13.025011993013322,dropped_queue_full,,,
3127,3,1,13.029166666666667,13.029257651185617,dropped_queue_full,,,
3128,0,0,13.033333333333333,13.033375449012965,dropped_queue_full,,,
3129,1,0,13.0375,13.037654397077858,completed,13.095721374964342,58.22137496434188,34.433982849121094
3130,2,0,13.041666666666666,13.042448678985238,completed,13.104822834022343,63.156167355677084,34.19987106323242
3131,3,0,13.045833333333333,13.04759445716627,completed,13.11441644700244,68.58311366910819,34.33363342285156
3132,0,1,13.049999999999999,13.052392739104107,completed,13.121320317965,71.32031796500193,34.25299072265625
3133,1,1,13.054166666666667,13.057188221020624,dropped_queue_full,,,
3134,2,1,13.058333333333334,13.058473197976127,dropped_queue_full,,,
3135,3,1,13.0625,13.062577527016401,dropped_queue_full,,,
3136,0,0,13.066666666666666,13.066685466095805,dropped_queue_full,,,
3137,1,0,13.070833333333333,13.070941983023658,completed,13.130016691051424,59.18335771809069,34.23350524902344
3138,2,0,13.075,13.075755525147542,completed,13.14311176002957,68.11176002956998,34.24380874633789
3139,3,0,13.079166666666666,13.080562137067318,completed,13.148102430161089,68.93576349442299,34.3741455078125
3140,0,1,13.083333333333334,13.085375808179379,dropped_queue_full,,,
3141,1,1,13.0875,13.087584846187383,dropped_queue_full,,,
3142,2,1,13.091666666666667,13.09168788511306,dropped_queue_full,,,
3143,3,1,13.095833333333333,13.095883783185855,dropped_queue_full,,,
3144,0,0,13.1,13.100008282111958,completed,13.155740273185074,55.740273185074685,34.345279693603516
3145,1,0,13.104166666666666,13.104815784143284,completed,13.164582555182278,60.41588851561208,34.31407928466797
3146,2,0,13.108333333333333,13.109620925039053,completed,13.17641840619035,68.08507285701815,34.22947311401367
3147,3,0,13.112499999999999,13.114408827153966,completed,13.181584064150229,69.08406415023016,34.23001480102539
3148,0,1,13.116666666666667,13.119241339154541,dropped_queue_full,,,
3149,1,1,13.120833333333334,13.120838143164292,dropped_queue_full,,,
3150,2,1,13.125,13.12512122001499,dropped_queue_full,,,
3151,3,1,13.129166666666666,13.129213869106025,dropped_queue_full,,,
3152,0,0,13.133333333333333,13.133477875962853,completed,13.190110959112644,56.777625779311336,34.244895935058594
3153,1,0,13.1375,13.138307407964021,completed,13.200693163089454,63.193163089454885,34.34128189086914
3154,2,0,13.141666666666666,13.143104700138792,completed,13.210266067180783,68.59940051411684,34.378849029541016
3155,3,0,13.145833333333334,13.148094770032912,completed,13.216167208040133,70.3338747067992,34.464447021484375
3156,0,1,13.15,13.152892342070118,dropped_queue_full,,,
3157,1,1,13.154166666666667,13.154317507054657,dropped_queue_full,,,
3158,2,1,13.158333333333333,13.158417686121538,dropped_queue_full,,,
3159,3,1,13.1625,13.162527735112235,dropped_queue_full,,,
3160,0,0,13.166666666666666,13.166804742068052,completed,13.224690582137555,58.02391547088881,34.5098876953125
3161,1,0,13.170833333333333,13.171604134142399,completed,13.234089517965913,63.256184632580315,34.415550231933594
3162,2,0,13.174999999999999,13.176411465974525,completed,13.243649922078475,68.64992207847642,34.42816162109375
3163,3,0,13.179166666666667,13.181248188018799,dropped_queue_full,,,
3164,0,1,13.183333333333334,13.183490665163845,dropped_queue_full,,,
3165,1,1,13.1875,13.18757630418986,dropped_queue_full,,,
3166,2,1,13.191666666666666,13.191698203096166,dropped_queue_full,,,
3167,3,1,13.195833333333333,13.195869300980121,completed,13.25067854207009,54.84520873675791,34.468414306640625
3168,0,0,13.2,13.200686763040721,completed,13.259332115063444,59.33211506344449,34.454017639160156
3169,1,0,13.204166666666666,13.205468405038118,completed,13.272189586190507,68.0229195238411,34.41273498535156
3170,2,0,13.208333333333334,13.210259067127481,completed,13.277026218129322,68.69288479598801,34.35830307006836
3171,3,0,13.2125,13.215039319125935,dropped_queue_full,,,
3172,0,1,13.216666666666667,13.216806370997801,dropped_queue_full,,,
3173,1,1,13.220833333333333,13.220893680118024,dropped_queue_full,,,
3174,2,1,13.225,13.2250122691039,dropped_queue_full,,,
3175,3,1,13.229166666666666,13.229258887004107,completed,13.285325705073774,56.159038407107786,34.4552001953125
3176,0,0,13.233333333333333,13.234082838054746,completed,13.293847518973053,60.51418563972,34.40220642089844
3177,1,0,13.237499999999999,13.238869240041822,completed,13.305547812022269,68.04781202226984,34.4192008972168
3178,2,0,13.241666666666667,13.243642952060327,completed,13.311108576133847,69.4419094671801,34.38159942626953
3179,3,0,13.245833333333334,13.248433324042708,dropped_queue_full,,,
3180,0,1,13.25,13.250035778153688,dropped_queue_full,,,
3181,1,1,13.254166666666666,13.254257176071405,dropped_queue_full,,,
3182,2,1,13.258333333333333,13.25837058504112,dropped_queue_full,,,
3183,3,1,13.2625,13.262573493178934,completed,13.31980001903139,57.30001903139126,34.3746223449707
3184,0,0,13.266666666666666,13.267394833965227,completed,13.329963918076828,63.2972514101624,34.42454528808594
3185,1,0,13.270833333333334,13.272183226188645,completed,13.33955488097854,68.72154764520566,34.39478302001953
3186,2,0,13.275,13.277019248111174,completed,13.345643530134112,70.64353013411129,34.38140869140625
3187,3,0,13.279166666666667,13.281831000000238,dropped_queue_full,,,
3188,0,1,13.283333333333333,13.28341718413867,dropped_queue_full,,,
3189,1,1,13.2875,13.287529933033511,dropped_queue_full,,,
3190,2,1,13.291666666666666,13.2917939000763,dropped_queue_full,,,
3191,3,1,13.295833333333333,13.295941947959363,completed,13.35432633315213,58.49299981879774,34.444862365722656
3192,0,0,13.299999999999999,13.300761270103976,completed,13.363399152178317,63.399152178318374,34.36444854736328
3193,1,0,13.304166666666667,13.305541462032124,completed,13.373147045029327,68.98037836266013,34.320030212402344
3194,2,0,13.308333333333334,13.310327934101224,dropped_queue_full,,,
3195,3,0,13.3125,13.312538241967559,dropped_queue_full,,,
3196,0,1,13.316666666666666,13.316790599143133,dropped_queue_full,,,
3197,1,1,13.320833333333333,13.320894547970966,dropped_queue_full,,,
3198,2,1,13.325,13.32515752618201,completed,13.380191524047405,55.19152404740524,34.339393615722656
3199,3,1,13.329166666666666,13.329958448186517,completed,13.388856687117368,59.690020450702264,34.379966735839844
3200,0,0,13.333333333333334,13.334763589082286,completed,13.40151562099345,68.18228766011636,34.25913619995117
3201,1,0,13.3375,13.339548481162637,completed,13.406310321995988,68.81032199598813,34.37104034423828
3202,2,0,13.341666666666667,13.344356392975897,dropped_queue_full,,,
3203,3,0,13.345833333333333,13.34594286698848,dropped_queue_full,,,
3204,0,1,13.35,13.350052505964413,dropped_queue_full,,,
3205,1,1,13.354166666666666,13.354317793156952,dropped_queue_full,,,
3206,2,1,13.358333333333333,13.358415152179077,completed,13.414697528118268,56.36419478493515,34.34697723388672
3207,3,1,13.362499999999999,13.363393692066893,completed,13.423375521088019,60.87552108802008,34.33318328857422
3208,0,0,13.366666666666667,13.368360723135993,completed,13.434831777121872,68.16511045520457,34.441184997558594
3209,1,0,13.370833333333334,13.3731407050509,completed,13.440731158014387,69.89782468105332,34.282527923583984
3210,2,0,13.375,13.377943956991658,dropped_queue_full,,,
3211,3,0,13.379166666666666,13.379226824035868,dropped_queue_full,,,
3212,0,1,13.383333333333333,13.383474781177938,dropped_queue_full,,,
3213,1,1,13.3875,13.387577230110765,dropped_queue_full,,,
3214,2,1,13.391666666666666,13.39168388908729,completed,13.449112124042585,57.44545737591977,34.22563171386719
3215,3,1,13.395833333333334,13.396508181001991,completed,13.459277752088383,63.444418755048915,34.231998443603516
3216,0,0,13.4,13.401510250987485,completed,13.46936429105699,69.36429105699027,34.28291320800781
3217,1,0,13.404166666666667,13.406303822994232,completed,13.475111352978274,70.94468631160744,34.25747299194336
3218,2,0,13.408333333333333,13.411191173130646,dropped_queue_full,,,
3219,3,0,13.4125,13.41263267910108,dropped_queue_full,,,
3220,0,1,13.416666666666666,13.416734087979421,dropped_queue_full,,,
3221,1,1,13.420833333333333,13.42086365702562,dropped_queue_full,,,
3222,2,1,13.424999999999999,13.425100854132324,completed,13.483494868967682,58.49486896768319,34.294464111328125
3223,3,1,13.429166666666667,13.430044234963134,completed,13.492531168973073,63.36450230640622,34.33980941772461
3224,0,0,13.433333333333334,13.434826427139342,completed,13.502475379034877,69.14204570154325,34.32601547241211
3225,1,0,13.4375,13.43959485902451,dropped_queue_full,,,
3226,2,0,13.441666666666666,13.441690628184006,dropped_queue_full,,,
3227,3,0,13.445833333333333,13.44594272505492,dropped_queue_full,,,
3228,0,1,13.45,13.450073464075103,dropped_queue_full,,,
3229,1,1,13.454166666666666,13.454325190978125,completed,13.509658947121352,55.49228045468624,34.36608123779297
3230,2,1,13.458333333333334,13.459268792066723,completed,13.518017083173618,59.683749840283795,34.42124938964844
3231,3,1,13.4625,13.464232192141935,completed,13.53040541918017,67.90541918016935,34.55574417114258
3232,0,0,13.466666666666667,13.469358841190115,completed,13.535382399102673,68.71573243600615,34.57417678833008
3233,1,0,13.470833333333333,13.474451869959012,dropped_queue_full,,,
3234,2,0,13.475,13.475106723140925,dropped_queue_full,,,
3235,3,0,13.479166666666666,13.479210471967235,dropped_queue_full,,,
3236,0,1,13.483333333333333,13.483484869124368,dropped_queue_full,,,
3237,1,1,13.487499999999999,13.487575548002496,completed,13.544221881078556,56.721881078557246,34.508033752441406
3238,2,1,13.491666666666667,13.49252345901914,completed,13.55497748311609,63.31081644942316,34.433502197265625
3239,3,1,13.495833333333334,13.497310591163114,completed,13.564848494017497,69.01516068416313,34.45888137817383
3240,0,0,13.5,13.50246984907426,completed,13.569953333120793,69.9533331207931,34.39516830444336
3241,1,0,13.504166666666666,13.5072565311566,dropped_queue_full,,,
3242,2,0,13.508333333333333,13.508380749961361,dropped_queue_full,,,
3243,3,0,13.5125,13.512636366998777,dropped_queue_full,,,
3244,0,1,13.516666666666666,13.516737186117098,dropped_queue_full,,,
3245,1,1,13.520833333333334,13.520843164995313,completed,13.578744685044512,57.91135171117823,34.415584564208984
3246,2,1,13.525,13.525623387191445,completed,13.588409558171406,63.40955817140603,34.40755081176758
3247,3,1,13.529166666666667,13.530397549038753,completed,13.599633414996788,70.46674833012112,34.456993103027344
3248,0,0,13.533333333333333,13.535207261098549,dropped_queue_full,,,
3249,1,0,13.5375,13.537576047005132,dropped_queue_full,,,
3250,2,0,13.541666666666666,13.541686626151204,dropped_queue_full,,,
3251,3,0,13.545833333333333,13.54594113305211,dropped_queue_full,,,
3252,0,1,13.549999999999999,13.550051182042807,completed,13.605154560180381,55.154560180382006,34.51571273803711
3253,1,1,13.554166666666667,13.554970833007246,completed,13.613382507115602,59.21584044893535,34.40748977661133
3254,2,1,13.558333333333334,13.559927233029157,completed,13.626563675003126,68.2303416697927,34.398048400878906
3255,3,1,13.5625,13.564840874169022,completed,13.631467035971582,68.96703597158194,34.368896484375
3256,0,0,13.566666666666666,13.56976726418361,dropped_queue_full,,,
3257,1,0,13.570833333333333,13.570910083130002,dropped_queue_full,,,
3258,2,0,13.575,13.575099671026692,dropped_queue_full,,,
3259,3,0,13.579166666666666,13.579225360183045,dropped_queue_full,,,
3260,0,1,13.583333333333334,13.583480697125196,completed,13.639016431057826,55.68309772449176,34.38764953613281
3261,1,1,13.5875,13.58840253809467,completed,13.648011459968984,60.51145996898377,34.50979232788086
3262,2,1,13.591666666666667,13.59432349796407,completed,13.659742433112115,68.07576644544788,34.4903678894043
3263,3,1,13.595833333333333,13.599625205155462,completed,13.665194858098403,69.3615247650694,34.5873908996582
3264,0,0,13.6,13.60514790005982,dropped_dispatch_late,,,
3265,1,0,13.604166666666666,13.605167020112276,dropped_queue_full,,,
3266,2,0,13.608333333333333,13.60848648706451,dropped_queue_full,,,
3267,3,0,13.612499999999999,13.61257580597885,dropped_queue_full,,,
3268,0,1,13.616666666666667,13.616685844026506,completed,13.673746293177828,57.07962651116105,34.50806427001953
3269,1,1,13.620833333333334,13.621560116065666,completed,13.684595914091915,63.76258075858132,34.29996871948242
3270,2,1,13.625,13.626556226052344,completed,13.69511004909873,70.11004909873009,34.32499313354492
3271,3,1,13.629166666666666,13.631459216121584,completed,13.700280737131834,71.1140704651676,34.36435317993164
3272,0,0,13.633333333333333,13.636297528166324,dropped_queue_full,,,
3273,1,0,13.6375,13.637581825023517,dropped_queue_full,,,
3274,2,0,13.641666666666666,13.641683244146407,dropped_queue_full,,,
3275,3,0,13.645833333333334,13.645940391113982,dropped_queue_full,,,
3276,0,1,13.65,13.650052380049601,completed,13.708111037965864,58.11103796586359,34.34115219116211
3277,1,1,13.654166666666667,13.654972651042044,completed,13.71768917213194,63.52250546527394,34.355167388916016
3278,2,1,13.658333333333333,13.65973553317599,completed,13.727326845983043,68.9935126497101,34.29420852661133
3279,3,1,13.6625,13.66454148502089,dropped_queue_full,,,
3280,0,0,13.666666666666666,13.666782882064581,dropped_queue_full,,,
3281,1,0,13.670833333333333,13.670892911031842,dropped_queue_full,,,
3282,2,0,13.674999999999999,13.675019070040435,dropped_queue_full,,,
3283,3,0,13.679166666666667,13.679260857170448,completed,13.734066768083721,54.90010141705426,34.32307052612305
3284,0,1,13.683333333333334,13.684589344076812,completed,13.742581203114241,59.24786978090779,34.29289627075195
3285,1,1,13.6875,13.68992610112764,completed,13.755519333062693,68.01933306269348,34.334815979003906
3286,2,1,13.691666666666666,13.695102929137647,completed,13.760321935173124,68.65526850645765,34.285823822021484
3287,3,1,13.695833333333333,13.700272967107594,dropped_dispatch_late,,,
3288,0,0,13.7,13.700534624047577,dropped_queue_full,,,
3289,1,0,13.704166666666666,13.704323276178911,dropped_queue_full,,,
3290,2,0,13.708333333333334,13.708433735184371,dropped_queue_full,,,
3291,3,0,13.7125,13.712527444120497,completed,13.768421733984724,55.92173398472333,34.2856330871582
3292,0,1,13.716666666666667,13.717682782094926,completed,13.777108817128465,60.442150461797794,34.4095344543457
3293,1,1,13.720833333333333,13.722488654078916,completed,13.789029427105561,68.19609377222768,34.296897888183594
3294,2,1,13.725,13.727319796103984,completed,13.794517262140289,69.5172621402893,34.4315185546875
3295,3,1,13.729166666666666,13.732162917032838,dropped_queue_full,,,
3296,0,0,13.733333333333333,13.733420575037599,dropped_queue_full,,,
3297,1,0,13.737499999999999,13.737542642978951,dropped_queue_full,,,
3298,2,0,13.741666666666667,13.741792011074722,dropped_queue_full,,,
3299,3,0,13.745833333333334,13.745891659986228,completed,13.803112826077268,57.27949274393396,34.471553802490234
3300,0,1,13.75,13.750710281077772,completed,13.813316444167867,63.3164441678673,34.372032165527344
3301,1,1,13.754166666666666,13.755513053154573,completed,13.82295847707428,68.79181040761395,34.4060173034668
3302,2,1,13.758333333333333,13.760314614977688,completed,13.828742559067905,70.40922573457209,34.20979309082031
3303,3,1,13.7625,13.765113817062229,dropped_queue_full,,,
3304,0,0,13.766666666666666,13.766711150994524,dropped_queue_full,,,
3305,1,0,13.770833333333334,13.770941659109667,dropped_queue_full,,,
3306,2,0,13.775,13.775057967053726,dropped_queue_full,,,
3307,3,0,13.779166666666667,13.779175876174122,completed,13.837427271995693,58.26060532902666,34.21033477783203
3308,0,1,13.783333333333333,13.784029418136925,completed,13.846516201039776,63.18286770644299,34.206241607666016
3309,1,1,13.7875,13.789023088058457,completed,13.85614380496554,68.64380496554112,34.18435287475586
3310,2,1,13.791666666666666,13.79418053617701,dropped_queue_full,,,
3311,3,1,13.795833333333333,13.795945568010211,dropped_queue_full,,,
3312,0,0,13.799999999999999,13.800055897096172,dropped_queue_full,,,
3313,1,0,13.804166666666667,13.804226885084063,dropped_queue_full,,,
3314,2,0,13.808333333333334,13.80847618309781,completed,13.863172905053943,54.839571720609825,34.17452621459961
3315,3,0,13.8125,13.813311024103314,completed,13.871697779046372,59.19777904637158,34.24755096435547
3316,0,1,13.816666666666666,13.818130196072161,completed,13.885007116012275,68.34044934560879,34.27596664428711
3317,1,1,13.820833333333333,13.822952097048983,completed,13.89037491218187,69.54157884853629,34.173728942871094
3318,2,1,13.825,13.827765858964995,dropped_queue_full,,,
3319,3,1,13.829166666666666,13.829222935019061,dropped_queue_full,,,
3320,0,0,13.833333333333334,13.833476602099836,dropped_queue_full,,,
3321,1,0,13.8375,13.837588421069086,dropped_queue_full,,,
3322,2,0,13.841666666666667,13.841685060178861,completed,13.897654758999124,55.988092332457384,34.32758331298828
3323,3,0,13.845833333333333,13.846510741161183,completed,13.90622329316102,60.38995982768647,34.3614387512207
3324,0,1,13.85,13.851303572999313,completed,13.918071944033727,68.0719440337274,34.309566497802734
3325,1,1,13.854166666666666,13.85613756510429,completed,13.923555999062955,69.3893323962893,34.27417755126953
3326,2,1,13.858333333333333,13.860923927044496,dropped_queue_full,,,
3327,3,1,13.862499999999999,13.862530751153827,dropped_queue_full,,,
3328,0,0,13.866666666666667,13.866795268142596,dropped_queue_full,,,
3329,1,0,13.870833333333334,13.87089284718968,dropped_queue_full,,,
3330,2,0,13.875,13.875003666151315,completed,13.931806017179042,56.8060171790421,34.06911849975586
3331,3,0,13.879166666666666,13.87982993805781,completed,13.942445740103722,63.27907343705519,34.110591888427734
3332,0,1,13.883333333333333,13.88500153599307,completed,13.952036974020302,68.70364068696944,34.10131072998047
3333,1,1,13.8875,13.890368292108178,completed,13.957748697139323,70.24869713932347,34.054561614990234
3334,2,1,13.891666666666666,13.8955458200071,dropped_queue_full,,,
3335,3,1,13.895833333333334,13.895877256989479,dropped_queue_full,,,
3336,0,0,13.9,13.900155664188787,dropped_queue_full,,,
3337,1,0,13.904166666666667,13.904185303021222,dropped_queue_full,,,
3338,2,0,13.908333333333333,13.908417771104723,completed,13.96611141297035,57.77807963701598,34.05744171142578
3339,3,0,13.9125,13.913254883140326,completed,13.97567789698951,63.17789698950982,34.05775833129883
3340,0,1,13.916666666666666,13.918066594051197,completed,13.985680337063968,69.0136703973021,34.06550216674805
3341,1,1,13.920833333333333,13.922903466038406,dropped_queue_full,,,
3342,2,1,13.924999999999999,13.925151183037087,dropped_queue_full,,,
3343,3,1,13.929166666666667,13.929260552162305,dropped_queue_full,,,
3344,0,0,13.933333333333334,13.933370581129566,dropped_queue_full,,,
3345,1,0,13.9375,13.937637888127938,completed,13.99202535301447,54.52535301446915,34.13148880004883
3346,2,0,13.941666666666666,13.942438170081005,completed,14.000876505160704,59.209838494037825,34.33001708984375
3347,3,0,13.945833333333333,13.947249632095918,completed,14.01385597512126,68.02264178792683,34.38739013671875
3348,0,1,13.95,13.952031604014337,completed,14.018667486030608,68.66748603060913,34.43695831298828
3349,1,1,13.954166666666666,13.956815646030009,dropped_queue_full,,,
3350,2,1,13.958333333333334,13.958387749968097,dropped_queue_full,,,
3351,3,1,13.9625,13.962635138072073,dropped_queue_full,,,
3352,0,0,13.966666666666667,13.9667486671824,dropped_queue_full,,,
3353,1,0,13.970833333333333,13.970843536080793,completed,14.026492888107896,55.659554774562636,34.35139083862305
3354,2,0,13.975,13.975670317187905,completed,14.03501431318,60.014313179999945,34.28665542602539
3355,3,0,13.979166666666666,13.980512009002268,completed,14.047167520970106,68.00085430344005,34.35446548461914
3356,0,1,13.983333333333333,13.985674686962739,completed,14.051986582111567,68.65324877823475,34.273887634277344
3357,1,1,13.987499999999999,13.990892975125462,dropped_queue_full,,,
3358,2,1,13.991666666666667,13.991699867183343,dropped_queue_full,,,
3359,3,1,13.995833333333334,13.99594248412177,dropped_queue_full,,,
3360,0,0,14.0,14.000156322028488,dropped_queue_full,,,
3361,1,0,14.004166666666666,14.004211611114442,completed,14.061057282146066,56.8906154794,34.414878845214844
3362,2,0,14.008333333333333,14.009030302986503,completed,14.069425708148628,61.092374815295614,34.26764678955078
3363,3,0,14.0125,14.013848294969648,completed,14.08048888714984,67.9888871498413,34.3342399597168
3364,0,1,14.016666666666666,14.018662106012926,completed,14.086743453983217,70.07678731655176,34.54972839355469
3365,1,1,14.020833333333334,14.023484618170187,dropped_queue_full,,,
3366,2,1,14.025,14.025056801969185,dropped_queue_full,,,
3367,3,1,14.029166666666667,14.029317390173674,dropped_queue_full,,,
3368,0,0,14.033333333333333,14.03341754898429,dropped_queue_full,,,
3369,1,0,14.0375,14.037529007066041,completed,14.095582806039602,58.08280603960192,34.427711486816406
3370,2,0,14.041666666666666,14.042347319191322,completed,14.10484674316831,63.180076501643256,34.41932678222656
3371,3,0,14.045833333333333,14.047159590991214,completed,14.114887702045962,69.05436871262971,34.4552001953125
3372,0,1,14.049999999999999,14.05198096204549,completed,14.121265828143805,71.26582814380633,34.4431037902832
3373,1,1,14.054166666666667,14.056768685113639,dropped_queue_full,,,
3374,2,1,14.058333333333334,14.058374788146466,dropped_queue_full,,,
3375,3,1,14.0625,14.062646756181493,dropped_queue_full,,,
3376,0,0,14.066666666666666,14.066735725151375,dropped_queue_full,,,
3377,1,0,14.070833333333333,14.070855013094842,completed,14.130106610013172,59.27327667983917,34.4277458190918
3378,2,0,14.075,14.075662875082344,completed,14.143007050035521,68.0070500355221,34.39993667602539
3379,3,0,14.079166666666666,14.080481337150559,completed,14.147830561967567,68.66389530090089,34.47283172607422
3380,0,1,14.083333333333334,14.085650995140895,dropped_queue_full,,,
3381,1,1,14.0875,14.087544066132978,dropped_queue_full,,,
3382,2,1,14.091666666666667,14.091797574190423,dropped_queue_full,,,
3383,3,1,14.095833333333333,14.095905082067475,dropped_queue_full,,,
3384,0,0,14.1,14.100019731093198,completed,14.15580685203895,55.80685203895008,34.44281768798828
3385,1,0,14.104166666666666,14.104839583160356,completed,14.16465254407376,60.485877407094435,34.40857696533203
3386,2,0,14.108333333333333,14.110092250164598,completed,14.176351845962927,68.01851262959424,34.40457534790039
3387,3,0,14.112499999999999,14.114880132023245,completed,14.181735252030194,69.23525203019487,34.382049560546875
3388,0,1,14.116666666666667,14.119675484020263,dropped_queue_full,,,
3389,1,1,14.120833333333334,14.120940851978958,dropped_queue_full,,,
3390,2,1,14.125,14.125052160117775,dropped_queue_full,,,
3391,3,1,14.129166666666666,14.129318968160078,dropped_queue_full,,,
3392,0,0,14.133333333333333,14.133417446166277,completed,14.190424295142293,57.09096180896012,34.4134407043457
3393,1,0,14.1375,14.138225178001449,completed,14.200748942093924,63.2489420939244,34.46464157104492
3394,2,0,14.141666666666666,14.143000100972131,completed,14.210793321020901,69.12665435423548,34.51395034790039
3395,3,0,14.145833333333334,14.147822722094133,completed,14.216592363081872,70.75902974853854,34.62847900390625
3396,0,1,14.15,14.152637154096738,dropped_queue_full,,,
3397,1,1,14.154166666666667,14.154214358190075,dropped_queue_full,,,
3398,2,1,14.158333333333333,14.158480704994872,dropped_queue_full,,,
3399,3,1,14.1625,14.162579364143312,dropped_queue_full,,,
3400,0,0,14.166666666666666,14.16668936307542,completed,14.22510735807009,58.44069140342434,34.646976470947266
3401,1,0,14.170833333333333,14.171499205054715,completed,14.234040498035029,63.20716470169607,34.61203384399414
3402,2,0,14.174999999999999,14.176344796083868,completed,14.243648892035708,68.6488920357089,34.684417724609375
3403,3,0,14.179166666666667,14.181240837089717,dropped_queue_full,,,
3404,0,1,14.183333333333334,14.183482115156949,dropped_queue_full,,,
3405,1,1,14.1875,14.187574804062024,dropped_queue_full,,,
3406,2,1,14.191666666666666,14.191697273170575,dropped_queue_full,,,
3407,3,1,14.195833333333333,14.195942060090601,completed,14.251334275119007,55.500941785673774,34.698368072509766
3408,0,0,14.2,14.200743042165413,completed,14.26001289812848,60.01289812848043,34.71129608154297
3409,1,0,14.204166666666666,14.205547914141789,completed,14.272123597096652,67.95693042998607,34.719905853271484
3410,2,0,14.208333333333334,14.210786431096494,completed,14.27739504398778,69.06171065444688,34.5700798034668
3411,3,0,14.2125,14.215806061169133,dropped_queue_full,,,
3412,0,1,14.216666666666667,14.216755181085318,dropped_queue_full,,,
3413,1,1,14.220833333333333,14.220843610120937,dropped_queue_full,,,
3414,2,1,14.225,14.22510026814416,dropped_queue_full,,,
3415,3,1,14.229166666666666,14.229216107167304,completed,14.286063937004656,56.897270337989525,34.61280059814453
3416,0,0,14.233333333333333,14.234034028137103,completed,14.296572742052376,63.239408719043766,34.54947280883789
3417,1,0,14.237499999999999,14.238836820004508,completed,14.306178955128416,68.67895512841748,34.456478118896484
3418,2,0,14.241666666666667,14.243642022134736,completed,14.31188862817362,70.22196150695237,34.39708709716797
3419,3,0,14.245833333333334,14.248466324061155,dropped_queue_full,,,
3420,0,1,14.25,14.25005737808533,dropped_queue_full,,,
3421,1,1,14.254166666666666,14.254318634979427,dropped_queue_full,,,
3422,2,1,14.258333333333333,14.258416404016316,dropped_queue_full,,,
3423,3,1,14.2625,14.262524642981589,completed,14.320744109107181,58.24410910718214,34.52560043334961
3424,0,0,14.266666666666666,14.267337555065751,completed,14.329803548986092,63.13688231942649,34.38108825683594
3425,1,0,14.270833333333334,14.27211740706116,completed,14.339393742149696,68.56040881636183,34.476417541503906
3426,2,0,14.275,14.276900619035587,dropped_queue_full,,,
3427,3,0,14.279166666666667,14.279259755043313,dropped_queue_full,,,
3428,0,1,14.283333333333333,14.283366624033079,dropped_queue_full,,,
3429,1,1,14.2875,14.287652221042663,dropped_queue_full,,,
3430,2,1,14.291666666666666,14.291738510131836,completed,14.346545451087877,54.87878442121108,34.49884796142578
3431,3,1,14.295833333333333,14.296567472163588,completed,14.355224124155939,59.39079082260612,34.29385757446289
3432,0,0,14.299999999999999,14.301370374159887,completed,14.368007846176624,68.00784617662536,34.40348815917969
3433,1,0,14.304166666666667,14.306172674987465,completed,14.372820988064632,68.65432139796468,34.264095306396484
3434,2,0,14.308333333333334,14.311236115172505,dropped_queue_full,,,
3435,3,0,14.3125,14.312528002075851,dropped_queue_full,,,
3436,0,1,14.316666666666666,14.31678835907951,dropped_queue_full,,,
3437,1,1,14.320833333333333,14.320905087981373,dropped_queue_full,,,
3438,2,1,14.325,14.325000607175753,completed,14.38110473495908,56.104734959081526,34.299007415771484
3439,3,1,14.329166666666666,14.32979824906215,completed,14.389649498974904,60.4828323082387,34.402496337890625
3440,0,0,14.333333333333334,14.33458502101712,completed,14.40130114206113,67.96780872779529,34.3996467590332
3441,1,0,14.3375,14.339387543033808,completed,14.40716297319159,69.66297319158876,34.424320220947266
3442,2,0,14.341666666666667,14.344176025129855,dropped_queue_full,,,
3443,3,0,14.345833333333333,14.345899546984583,dropped_queue_full,,,
3444,0,1,14.35,14.350006056018174,dropped_queue_full,,,
3445,1,1,14.354166666666666,14.354259574087337,dropped_queue_full,,,
3446,2,1,14.358333333333333,14.358372442191467,completed,14.415540640009567,57.20730667623464,34.30972671508789
3447,3,1,14.362499999999999,14.363205274101347,completed,14.425928125157952,63.428125157953374,34.29702377319336
3448,0,0,14.366666666666667,14.368002366041765,completed,14.435698508052155,69.03184138548824,34.48953628540039
3449,1,0,14.370833333333334,14.372814258094877,completed,14.44158416800201,70.75083466867582,34.34364700317383
3450,2,0,14.375,14.377627819078043,dropped_queue_full,,,
3451,3,0,14.379166666666666,14.379217533161864,dropped_queue_full,,,
3452,0,1,14.383333333333333,14.383485101163387,dropped_queue_full,,,
3453,1,1,14.3875,14.387575139990076,dropped_queue_full,,,
3454,2,1,14.391666666666666,14.391687119146809,completed,14.450108823133633,58.44215646696682,34.47123336791992
3455,3,1,14.395833333333334,14.39649565005675,completed,14.459054233971983,63.22090063864927,34.62713623046875
3456,0,0,14.4,14.401295682182536,completed,14.468619527993724,68.6195279937234,34.45427322387695
3457,1,0,14.404166666666667,14.406098554143682,dropped_queue_full,,,
3458,2,0,14.408333333333333,14.408414921024814,dropped_queue_full,,,
3459,3,0,14.4125,14.412524880142882,dropped_queue_full,,,
3460,0,1,14.416666666666666,14.416817037155852,dropped_queue_full,,,
3461,1,1,14.420833333333333,14.420894206035882,completed,14.476378580089658,55.545246756325994,34.55699157714844
3462,2,1,14.424999999999999,14.425920555135235,completed,14.484741076128557,59.74107612855839,34.459617614746094
3463,3,1,14.429166666666667,14.43091179500334,completed,14.497182791121304,68.0161244546369,34.37420654296875
3464,0,0,14.433333333333334,14.435693048173562,completed,14.501984013011679,68.65067967834548,34.394142150878906
3465,1,0,14.4375,14.440480260178447,dropped_queue_full,,,
3466,2,0,14.441666666666666,14.441747216973454,dropped_queue_full,,,
3467,3,0,14.445833333333333,14.445842336164787,dropped_queue_full,,,
3468,0,1,14.45,14.450100903166458,dropped_queue_full,,,
3469,1,1,14.454166666666666,14.454208292067051,completed,14.510808895109221,56.64222844255562,34.35638427734375
3470,2,1,14.458333333333334,14.45904643414542,completed,14.519324470078573,60.991136745238705,34.387359619140625
3471,3,1,14.4625,14.463826656108722,completed,14.530705196084455,68.2051960844543,34.526241302490234
3472,0,0,14.466666666666667,14.468614188022912,completed,14.536648866022006,69.98219935533889,34.53907012939453
3473,1,0,14.470833333333333,14.473389220191166,dropped_queue_full,,,
3474,2,0,14.475,14.475100693060085,dropped_queue_full,,,
3475,3,0,14.479166666666666,14.479210252175108,dropped_queue_full,,,
3476,0,1,14.483333333333333,14.483479999005795,dropped_queue_full,,,
3477,1,1,14.487499999999999,14.487574298167601,completed,14.545485706999898,57.98570699989902,34.60835266113281
3478,2,1,14.491666666666667,14.49238423909992,completed,14.554857094073668,63.19042740700098,34.530494689941406
3479,3,1,14.495833333333334,14.497175191063434,completed,14.56447068718262,68.6373538492866,34.5533447265625
3480,0,0,14.5,14.501978643005714,completed,14.57133761816658,71.3376181665808,34.571937561035156
3481,1,0,14.504166666666666,14.506766355130821,dropped_queue_full,,,
3482,2,0,14.508333333333333,14.508422759128734,dropped_queue_full,,,
3483,3,0,14.5125,14.512526498176157,dropped_queue_full,,,
3484,0,1,14.516666666666666,14.516792034963146,dropped_queue_full,,,
3485,1,1,14.520833333333334,14.520894143963233,completed,14.580173579975963,59.34024664262871,34.4958381652832
3486,2,1,14.525,14.525714185088873,completed,14.592958291992545,67.95829199254477,34.55228805541992
3487,3,1,14.529166666666667,14.530697555979714,completed,14.59775637416169,68.58970749502369,34.60723114013672
3488,0,0,14.533333333333333,14.53568068612367,dropped_queue_full,,,
3489,1,0,14.5375,14.537575187161565,dropped_queue_full,,,
3490,2,0,14.541666666666666,14.54168845503591,dropped_queue_full,,,
3491,3,0,14.545833333333333,14.545941173098981,dropped_queue_full,,,
3492,0,1,14.549999999999999,14.550049931975082,completed,14.606056010117754,56.056010117755406,34.58911895751953
3493,1,1,14.554166666666667,14.554850073996931,completed,14.614852352067828,60.68568540116104,34.51161575317383
3494,2,1,14.558333333333334,14.559680985054001,completed,14.626350277103484,68.0169437701501,34.426048278808594
3495,3,1,14.5625,14.564463067101315,completed,14.63194930111058,69.44930111058056,34.427711486816406
3496,0,0,14.566666666666666,14.569248209008947,dropped_queue_full,,,
3497,1,0,14.570833333333333,14.570852243108675,dropped_queue_full,,,
3498,2,0,14.575,14.575101161142811,dropped_queue_full,,,
3499,3,0,14.579166666666666,14.579210779163986,dropped_queue_full,,,
3500,0,1,14.583333333333334,14.583337377989665,completed,14.640531525015831,57.19819168249707,34.38361740112305
3501,1,1,14.5875,14.588159600039944,completed,14.650691043119878,63.19104311987722,34.39161682128906
3502,2,1,14.591666666666667,14.592951162019745,completed,14.66032485710457,68.65819043790289,34.32969665527344
3503,3,1,14.595833333333333,14.597748704021797,completed,14.66639491613023,70.56158279689662,34.39267349243164
3504,0,0,14.6,14.602554806042463,dropped_queue_full,,,
3505,1,0,14.604166666666666,14.604310668073595,dropped_queue_full,,,
3506,2,0,14.608333333333333,14.608383476966992,dropped_queue_full,,,
3507,3,0,14.612499999999999,14.612641025101766,dropped_queue_full,,,
3508,0,1,14.616666666666667,14.616735683055595,completed,14.675066019175574,58.39935250890704,34.368385314941406
3509,1,1,14.620833333333334,14.621542094973847,completed,14.684169278014451,63.335944681117695,34.25804901123047
3510,2,1,14.625,14.626343347132206,completed,14.693772921105847,68.77292110584676,34.2250862121582
3511,3,1,14.629166666666666,14.6311310690362,dropped_queue_full,,,
3512,0,0,14.633333333333333,14.6333525669761,dropped_queue_full,,,
3513,1,0,14.6375,14.637575634988025,dropped_queue_full,,,
3514,2,0,14.641666666666666,14.641804892104119,dropped_queue_full,,,
3515,3,0,14.645833333333334,14.645893721142784,completed,14.700855700997636,55.0223676643018,34.26630401611328
3516,0,1,14.65,14.650684593012556,completed,14.709266656078398,59.26665607839787,34.124481201171875
3517,1,1,14.654166666666667,14.655494195176288,completed,14.722221666015685,68.05499934901782,34.28828811645508
3518,2,1,14.658333333333333,14.660318137146533,completed,14.727026088163257,68.69275482992343,34.275360107421875
3519,3,1,14.6625,14.665107019012794,dropped_queue_full,,,
3520,0,0,14.666666666666666,14.666715333005413,dropped_queue_full,,,
3521,1,0,14.670833333333333,14.670942420139909,dropped_queue_full,,,
3522,2,0,14.674999999999999,14.675059239147231,dropped_queue_full,,,
3523,3,0,14.679166666666667,14.679320706054568,completed,14.735173757188022,56.007090521354996,34.30265426635742
3524,0,1,14.683333333333334,14.684162848163396,completed,14.743742160964757,60.408827631423634,34.396671295166016
3525,1,1,14.6875,14.688963320106268,completed,14.755543261999264,68.04326199926436,34.20857620239258
3526,2,1,14.691666666666666,14.693766022101045,completed,14.761013098061085,69.34643139441832,34.183902740478516
3527,3,1,14.695833333333333,14.698601253097877,dropped_queue_full,,,
3528,0,0,14.7,14.700049269013107,dropped_queue_full,,,
3529,1,0,14.704166666666666,14.704324485966936,dropped_queue_full,,,
3530,2,0,14.708333333333334,14.708350425120443,dropped_queue_full,,,
3531,3,0,14.7125,14.712579013081267,completed,14.769545082002878,57.045082002877834,34.25632095336914
3532,0,1,14.716666666666667,14.717420885106549,completed,14.779860969167203,63.194302500535926,34.26777648925781
3533,1,1,14.720833333333333,14.722215386107564,completed,14.789491832023486,68.65849869015328,34.26448059082031
3534,2,1,14.725,14.727019198006019,completed,14.795426093041897,70.42609304189718,34.242977142333984
3535,3,1,14.729166666666666,14.731833540135995,dropped_queue_full,,,
3536,0,0,14.733333333333333,14.733417473966256,dropped_queue_full,,,
3537,1,0,14.737499999999999,14.737530863145366,dropped_queue_full,,,
3538,2,0,14.741666666666667,14.741686951136217,dropped_queue_full,,,
3539,3,0,14.745833333333334,14.745942478999496,completed,14.80395026714541,58.11693381207661,34.23712158203125
3540,0,1,14.75,14.750734591158107,completed,14.813286844175309,63.28684417530894,34.20876693725586
3541,1,1,14.754166666666666,14.755536962999031,completed,14.822990677086636,68.82401041997,34.20060729980469
3542,2,1,14.758333333333333,14.760360354091972,dropped_queue_full,,,
3543,3,1,14.7625,14.762574492022395,dropped_queue_full,,,
3544,0,0,14.766666666666666,14.766684310976416,dropped_queue_full,,,
3545,1,0,14.770833333333334,14.770942487986758,dropped_queue_full,,,
3546,2,0,14.775,14.775051307165995,completed,14.829704259056598,54.70425905659759,34.19935989379883
3547,3,0,14.779166666666667,14.779855769127607,completed,14.83838171302341,59.21504635674246,34.342464447021484
3548,0,1,14.783333333333333,14.784692130051553,completed,14.85161328013055,68.27994679721705,34.43337631225586
3549,1,1,14.7875,14.789485582150519,completed,14.856585540110245,69.0855401102457,34.51094436645508
3550,2,1,14.791666666666666,14.794321094173938,dropped_queue_full,,,
3551,3,1,14.795833333333333,14.795905387960374,dropped_queue_full,,,
3552,0,0,14.799999999999999,14.800003507174551,dropped_queue_full,,,
3553,1,0,14.804166666666667,14.804272253997624,dropped_queue_full,,,
3554,2,0,14.808333333333334,14.808417433174327,completed,14.864428400993347,56.0950676600136,34.457054138183594
3555,3,0,14.8125,14.813281523995101,completed,14.872950516175479,60.4505161754787,34.426368713378906
3556,0,1,14.816666666666666,14.818196915090084,completed,14.884750028140843,68.08336147417648,34.37526321411133
3557,1,1,14.820833333333333,14.822984436992556,completed,14.890349952038378,69.51661870504466,34.27017593383789
3558,2,1,14.825,14.827774208970368,dropped_queue_full,,,
3559,3,1,14.829166666666666,14.82921876409091,dropped_queue_full,,,
3560,0,0,14.833333333333334,14.833483931142837,dropped_queue_full,,,
3561,1,0,14.8375,14.837575440993533,dropped_queue_full,,,
3562,2,0,14.841666666666667,14.841685149120167,completed,14.898849777178839,57.183110512172064,34.259681701660156
3563,3,0,14.845833333333333,14.846808288013563,completed,14.909013515105471,63.1801817721378,34.34588623046875
3564,0,1,14.85,14.851607900112867,completed,14.91884413617663,68.84413617663121,34.21574401855469
3565,1,1,14.854166666666666,14.856579679995775,completed,14.924746997188777,70.58033052211066,34.29030227661133
3566,2,1,14.858333333333333,14.86141810216941,dropped_queue_full,,,
3567,3,1,14.862499999999999,14.862540810136124,dropped_queue_full,,,
3568,0,0,14.866666666666667,14.866816938156262,dropped_queue_full,,,
3569,1,0,14.870833333333334,14.870894607156515,dropped_queue_full,,,
3570,2,0,14.875,14.875017145182937,completed,14.933107113000005,58.107113000005484,34.256126403808594
3571,3,0,14.879166666666666,14.879921755986288,completed,14.942335041007027,63.1683743403606,34.19801712036133
3572,0,1,14.883333333333333,14.884744658134878,completed,14.951898345025256,68.56501169192342,34.33097457885742
3573,1,1,14.8875,14.889537220122293,dropped_queue_full,,,
3574,2,1,14.891666666666666,14.89173329807818,dropped_queue_full,,,
3575,3,1,14.895833333333334,14.895845037186518,dropped_queue_full,,,
3576,0,0,14.9,14.900098964106292,dropped_queue_full,,,
3577,1,0,14.904166666666667,14.904209403088316,completed,14.959263761062175,55.09709439550825,34.238975524902344
3578,2,0,14.908333333333333,14.909006075002253,completed,14.967647727113217,59.3143937798839,34.25462341308594
3579,3,0,14.9125,14.914068824145943,completed,14.98058975697495,68.08975697495079,34.299903869628906
3580,0,1,14.916666666666666,14.918838866055012,completed,14.985451098997146,68.78443233047982,34.26377487182617
3581,1,1,14.920833333333333,14.923630678094923,dropped_queue_full,,,
3582,2,1,14.924999999999999,14.925069184042513,dropped_queue_full,,,
3583,3,1,14.929166666666667,14.92931673116982,dropped_queue_full,,,
3584,0,0,14.933333333333334,14.933428560150787,dropped_queue_full,,,
3585,1,0,14.9375,14.93752732896246,completed,14.993579887086526,56.07988708652556,34.19878387451172
3586,2,0,14.941666666666666,14.942327151075006,completed,15.001949983183295,60.283316516628105,34.19504165649414
3587,3,0,14.945833333333333,14.94713075296022,completed,15.013850094052032,68.01676071869878,34.19036865234375
3588,0,1,14.95,14.951893035089597,completed,15.019081752048805,69.08175204880607,34.2743034362793
3589,1,1,14.954166666666666,14.957065903116018,dropped_queue_full,,,
3590,2,1,14.958333333333334,14.958347290055826,dropped_queue_full,,,
3591,3,1,14.9625,14.962577268015593,dropped_queue_full,,,
3592,0,0,14.966666666666667,14.966686927014962,dropped_queue_full,,,
3593,1,0,14.970833333333333,14.970940944040194,completed,15.027901543071494,57.06820973816029,34.234657287597656
3594,2,0,14.975,14.975789545103908,completed,15.03822972998023,63.22972998023069,34.27030563354492
3595,3,0,14.979166666666666,14.980581808136776,completed,15.047842224128544,68.67555746187826,34.34649658203125
3596,0,1,14.983333333333333,14.98544551897794,completed,15.053425448015332,70.09211468199972,34.3111686706543
3597,1,1,14.987499999999999,14.990250041009858,dropped_queue_full,,,
3598,2,1,14.991666666666667,14.991690206108615,dropped_queue_full,,,
3599,3,1,14.995833333333334,14.995941644068807,dropped_queue_full,,,
3600,0,0,15.0,15.00005327211693,dropped_queue_full,,,
3601,1,0,15.004166666666666,15.004175841109827,completed,15.062377638183534,58.210971516867716,34.260223388671875
3602,2,0,15.008333333333333,15.00897741317749,completed,15.071476367069408,63.14303373607544,34.20355224609375
3603,3,0,15.0125,15.013842394109815,completed,15.081082960125059,68.5829601250596,34.28812789916992
3604,0,1,15.016666666666666,15.018907163059339,dropped_queue_full,,,
3605,1,1,15.020833333333334,15.020941023016348,dropped_queue_full,,,
3606,2,1,15.025,15.02505126199685,dropped_queue_full,,,
3607,3,1,15.029166666666667,15.02917251107283,dropped_queue_full,,,
3608,0,0,15.033333333333333,15.033416968071833,completed,15.087944332044572,54.61099871123842,34.27872085571289
3609,1,0,15.0375,15.038222650066018,completed,15.096650424180552,59.15042418055272,34.257537841796875
3610,2,0,15.041666666666666,15.043036932125688,completed,15.10972255305387,68.05588638720472,34.36150360107422
3611,3,0,15.045833333333333,15.047834533965215,completed,15.114523345138878,68.69001180554513,34.422943115234375
3612,0,1,15.049999999999999,15.052640515146777,dropped_queue_full,,,
3613,1,1,15.054166666666667,15.054223640123382,dropped_queue_full,,,
3614,2,1,15.058333333333334,15.058415438048542,dropped_queue_full,,,
3615,3,1,15.0625,15.062540976097807,dropped_queue_full,,,
3616,0,0,15.066666666666666,15.066687145037577,completed,15.122421456035227,55.754789368560154,34.45702362060547
3617,1,0,15.070833333333333,15.071469197049737,completed,15.131265958072618,60.43262473928479,34.509185791015625
3618,2,0,15.075,15.076282459078357,completed,15.143097958993167,68.0979589931674,34.36064147949219
3619,3,0,15.079166666666666,15.081075321184471,completed,15.148529564961791,69.36289829512532,34.4334716796875
3620,0,1,15.083333333333334,15.08587354212068,dropped_queue_full,,,
3621,1,1,15.0875,15.08762776502408,dropped_queue_full,,,
3622,2,1,15.091666666666667,15.091741234064102,dropped_queue_full,,,
3623,3,1,15.095833333333333,15.095845613162965,dropped_queue_full,,,
3624,0,0,15.1,15.100100070005283,completed,15.157066659070551,57.06665907055175,34.453025817871094
3625,1,0,15.104166666666666,15.104924452025443,completed,15.167767812032253,63.601145365586476,34.52124786376953
3626,2,0,15.108333333333333,15.10971551318653,completed,15.177388765150681,69.05543181734863,34.54217529296875
3627,3,0,15.112499999999999,15.114515575114638,completed,15.183168908115476,70.66890811547744,34.58332824707031
3628,0,1,15.116666666666667,15.119569925125688,dropped_queue_full,,,
3629,1,1,15.120833333333334,15.120851772138849,dropped_queue_full,,,
3630,2,1,15.125,15.125100039178506,dropped_queue_full,,,
3631,3,1,15.129166666666666,15.12920992798172,dropped_queue_full,,,
3632,0,0,15.133333333333333,15.133489354979247,completed,15.191691501997411,58.35816866407839,34.47670364379883
3633,1,0,15.1375,15.138304247055203,completed,15.200743321096525,63.24332109652531,34.51126480102539
3634,2,0,15.141666666666666,15.14309068908915,completed,15.210351655026898,68.68498836023207,34.50249481201172
3635,3,0,15.145833333333334,15.147878351155668,dropped_queue_full,,,
3636,0,1,15.15,15.150100629078224,dropped_queue_full,,,
3637,1,1,15.154166666666667,15.154212418012321,dropped_queue_full,,,
3638,2,1,15.158333333333333,15.158342036185786,dropped_queue_full,,,
3639,3,1,15.1625,15.16257856413722,completed,15.21779501112178,55.295011121780036,34.50294494628906
3640,0,0,15.166666666666666,15.167761432006955,completed,15.226334664970636,59.66799830397029,34.63827133178711
3641,1,0,15.170833333333333,15.17258973303251,completed,15.23891899897717,68.08566564383689,34.40972900390625
3642,2,0,15.174999999999999,15.177381815155968,completed,15.243696541059762,68.6965410597633,34.41734313964844
3643,3,0,15.179166666666667,15.182198917027563,dropped_queue_full,,,
3644,0,1,15.183333333333334,15.18349118414335,dropped_queue_full,,,
3645,1,1,15.1875,15.18757888302207,dropped_queue_full,,,
3646,2,1,15.191666666666666,15.191684692166746,dropped_queue_full,,,
3647,3,1,15.195833333333333,15.195941639132798,completed,15.252266664989293,56.43333165595976,34.39411163330078
3648,0,0,15.2,15.200737250968814,completed,15.260803729994223,60.80372999422323,34.3047981262207
3649,1,0,15.204166666666666,15.205539843067527,completed,15.272480433108285,68.31376644161935,34.455265045166016
3650,2,0,15.208333333333334,15.210344545077533,completed,15.278560042148456,70.22670881512205,34.632896423339844
3651,3,0,15.2125,15.215159476967528,dropped_queue_full,,,
3652,0,1,15.216666666666667,15.216671432135627,dropped_queue_full,,,
3653,1,1,15.220833333333333,15.220962089020759,dropped_queue_full,,,
3654,2,1,15.225,15.225053758127615,dropped_queue_full,,,
3655,3,1,15.229166666666666,15.229318275116384,completed,15.287111036013812,57.94436934714575,34.7388801574707
3656,0,0,15.233333333333333,15.234122937079519,completed,15.29650785215199,63.17451881865743,34.77376174926758
3657,1,0,15.237499999999999,15.238912729080766,completed,15.306116415187716,68.61641518771755,34.56291198730469
3658,2,0,15.241666666666667,15.243689530994743,completed,15.312947707017884,71.28104035121652,34.306880950927734
3659,3,0,15.245833333333334,15.248477083165199,dropped_queue_full,,,
3660,0,1,15.25,15.250054317060858,dropped_queue_full,,,
3661,1,1,15.254166666666666,15.254174336092547,dropped_queue_full,,,
3662,2,1,15.258333333333333,15.258417043136433,dropped_queue_full,,,
3663,3,1,15.2625,15.262527452083305,completed,15.321588929975405,59.088929975406046,34.348575592041016
3664,0,0,15.266666666666666,15.267501402180642,completed,15.334667728981003,68.00106231433745,34.22943878173828
3665,1,0,15.270833333333334,15.272474152967334,completed,15.339492841158062,68.6595078247283,34.340065002441406
3666,2,0,15.275,15.277271655155346,dropped_queue_full,,,
3667,3,0,15.279166666666667,15.279200125019997,dropped_queue_full,,,
3668,0,1,15.283333333333333,15.283479752019048,dropped_queue_full,,,
3669,1,1,15.2875,15.28759046108462,dropped_queue_full,,,
3670,2,1,15.291666666666666,15.29168835002929,completed,15.347492201020941,55.825534354275064,34.35443115234375
3671,3,1,15.295833333333333,15.296502562006935,completed,15.356013106182218,60.179772848885094,34.290016174316406
3672,0,0,15.299999999999999,15.301316194003448,completed,15.368046545190737,68.04654519073772,34.42220687866211
3673,1,0,15.304166666666667,15.30611004610546,completed,15.373377742012963,69.21107534629556,34.263553619384766
3674,2,0,15.308333333333334,15.310900838114321,dropped_queue_full,,,
3675,3,0,15.3125,15.312655149959028,dropped_queue_full,,,
3676,0,1,15.316666666666666,15.316700460156426,dropped_queue_full,,,
3677,1,1,15.320833333333333,15.320941586978734,dropped_queue_full,,,
3678,2,1,15.325,15.325050996150821,completed,15.381852627033368,56.852627033368464,34.266048431396484
3679,3,1,15.329166666666666,15.32987074716948,completed,15.392352950992063,63.18628432539697,34.36159896850586
3680,0,0,15.333333333333334,15.334662368986756,completed,15.401956125162542,68.62279182920794,34.404544830322266
3681,1,0,15.3375,15.339486451121047,completed,15.407908406108618,70.40840610861743,34.38857650756836
3682,2,0,15.341666666666667,15.344323633005843,dropped_queue_full,,,
3683,3,0,15.345833333333333,15.345896097132936,dropped_queue_full,,,
3684,0,1,15.35,15.350001536076888,dropped_queue_full,,,
3685,1,1,15.354166666666666,15.354258153121918,dropped_queue_full,,,
3686,2,1,15.358333333333333,15.358371932059526,completed,15.416526269167662,58.19293583432916,34.3837776184082
3687,3,1,15.362499999999999,15.36317957402207,completed,15.42577784601599,63.277846015990846,34.45769500732422
3688,0,0,15.366666666666667,15.368041165173054,completed,15.435496329097077,68.82966243041011,34.465599060058594
3689,1,0,15.370833333333334,15.373042255174369,dropped_queue_full,,,
3690,2,0,15.375,15.37510212417692,dropped_queue_full,,,
3691,3,0,15.379166666666666,15.379217823036015,dropped_queue_full,,,
3692,0,1,15.383333333333333,15.38341635116376,dropped_queue_full,,,
3693,1,1,15.3875,15.387529690051451,completed,15.442698467057198,55.198467057199,34.51513671875
3694,2,1,15.391666666666666,15.392345441039652,completed,15.451062473002821,59.39580633615549,34.49504089355469
3695,3,1,15.395833333333334,15.397152113029733,completed,15.464142682030797,68.30934869746308,34.552032470703125
3696,0,0,15.4,15.401950555155054,completed,15.46903391298838,69.03391298837924,34.524383544921875
3697,1,0,15.404166666666667,15.40676960698329,dropped_queue_full,,,
3698,2,0,15.408333333333333,15.408390421187505,dropped_queue_full,,,
3699,3,0,15.4125,15.412645398173481,dropped_queue_full,,,
3700,0,1,15.416666666666666,15.41668878798373,dropped_queue_full,,,
3701,1,1,15.420833333333333,15.420942415017635,completed,15.477174940984696,56.341607651363645,34.47087860107422
3702,2,1,15.424999999999999,15.425770046189427,completed,15.485814035171643,60.814035171643965,34.51465606689453
3703,3,1,15.429166666666667,15.430687356973067,completed,15.497576347086579,68.40968041991147,34.51824188232422
3704,0,0,15.433333333333334,15.435490939067677,completed,15.503031742060557,69.69840872722344,34.52854537963867
3705,1,0,15.4375,15.440304801100865,dropped_queue_full,,,
3706,2,0,15.441666666666666,15.44173550605774,dropped_queue_full,,,
3707,3,0,15.445833333333333,15.445842045126483,dropped_queue_full,,,
3708,0,1,15.45,15.450100403046235,dropped_queue_full,,,
3709,1,1,15.454166666666666,15.454210791969672,completed,15.511850674171,57.684007504335,34.48499298095703
3710,2,1,15.458333333333334,15.459159192163497,completed,15.521625026129186,63.29169279585223,34.33388900756836
3711,3,1,15.4625,15.464133462170139,completed,15.531198400072753,68.69840007275307,34.4062385559082
3712,0,0,15.466666666666667,15.469028513180092,completed,15.537420097971335,70.75343130466827,34.3474235534668
3713,1,0,15.470833333333333,15.473995103035122,dropped_queue_full,,,
3714,2,0,15.475,15.475103792035952,dropped_queue_full,,,
3715,3,0,15.479166666666666,15.479385649086908,dropped_queue_full,,,
3716,0,1,15.483333333333333,15.483480208087713,dropped_queue_full,,,
3717,1,1,15.487499999999999,15.487527198158205,completed,15.546430587070063,58.93058707006382,34.345184326171875
3718,2,1,15.491666666666667,15.492568626999855,completed,15.554998892126605,63.332225459937774,34.30934524536133
3719,3,1,15.495833333333334,15.497568797087297,completed,15.564570046029985,68.73671269665138,34.29808044433594
3720,0,0,15.5,15.502380279125646,dropped_queue_full,,,
3721,1,0,15.504166666666666,15.50426158006303,dropped_queue_full,,,
3722,2,0,15.508333333333333,15.508367929141968,dropped_queue_full,,,
3723,3,0,15.5125,15.512646635994315,dropped_queue_full,,,
3724,0,1,15.516666666666666,15.516676016151905,completed,15.57201448106207,55.347814395403816,34.349857330322266
3725,1,1,15.520833333333334,15.521617996040732,completed,15.580703314160928,59.869980827594205,34.255550384521484
3726,2,1,15.525,15.52640540804714,completed,15.593329718103632,68.32971810363198,34.315040588378906
3727,3,1,15.529166666666667,15.531190870096907,completed,15.598119450034574,68.95278336790689,34.392704010009766
3728,0,0,15.533333333333333,15.535972772166133,dropped_queue_full,,,
3729,1,0,15.5375,15.537583566037938,dropped_queue_full,,,
3730,2,0,15.541666666666666,15.541685755131766,dropped_queue_full,,,
3731,3,0,15.545833333333333,15.545942912111059,dropped_queue_full,,,
3732,0,1,15.549999999999999,15.550055071013048,completed,15.606371547095478,56.37154709547865,34.33542251586914
3733,1,1,15.554166666666667,15.554991752142087,completed,15.615223027998582,61.05636133191439,34.36288070678711
3734,2,1,15.558333333333334,15.559782294090837,completed,15.626695133047178,68.36179971384482,34.26780700683594
3735,3,1,15.5625,15.564562356099486,completed,15.632269446970895,69.76944697089493,34.30713653564453
3736,0,0,15.566666666666666,15.569342798087746,dropped_queue_full,,,
3737,1,0,15.570833333333333,15.570896942168474,dropped_queue_full,,,
3738,2,0,15.575,15.57515897997655,dropped_queue_full,,,
3739,3,0,15.579166666666666,15.579258268000558,dropped_queue_full,,,
3740,0,1,15.583333333333334,15.58337419712916,completed,15.640806721989065,57.47338865573148,34.32780838012695
3741,1,1,15.5875,15.58836770709604,completed,15.650820570997894,63.320570997893455,34.3045768737793
3742,2,1,15.591666666666667,15.593322698026896,completed,15.660628912970424,68.96224630375691,34.35295867919922
3743,3,1,15.595833333333333,15.598111639963463,completed,15.666908669983968,71.07533665063492,34.456321716308594
3744,0,0,15.6,15.60289604216814,dropped_queue_full,,,
3745,1,0,15.604166666666666,15.604177559027448,dropped_queue_full,,,
3746,2,0,15.608333333333333,15.608417886076495,dropped_queue_full,,,
3747,3,0,15.612499999999999,15.612532434985042,dropped_queue_full,,,
3748,0,1,15.616666666666667,15.616737033007666,completed,15.675443635089323,58.776968422655784,34.459232330322266
3749,1,1,15.620833333333334,15.621708743041381,completed,15.688878910150379,68.04557681704537,34.429664611816406
3750,2,1,15.625,15.626688023097813,completed,15.693870919989422,68.87091998942196,34.53839874267578
3751,3,1,15.629166666666666,15.631614543963224,dropped_queue_full,,,
3752,0,0,15.633333333333333,15.633382816100493,dropped_queue_full,,,
3753,1,0,15.6375,15.637652963167056,dropped_queue_full,,,
3754,2,0,15.641666666666666,15.641736562130973,dropped_queue_full,,,
3755,3,0,15.645833333333334,15.645853551104665,completed,15.70138509501703,55.55176168369691,34.48012924194336
3756,0,1,15.65,15.65081430110149,completed,15.710058188065886,60.05818806588614,34.45395278930664
3757,1,1,15.654166666666667,15.65569787309505,completed,15.722730731125921,68.56406445925423,34.4760627746582
3758,2,1,15.658333333333333,15.66062192316167,completed,15.727533983066678,69.20064973334483,34.372222900390625
3759,3,1,15.6625,15.665615673176944,dropped_queue_full,,,
3760,0,0,15.666666666666666,15.66674068197608,dropped_queue_full,,,
3761,1,0,15.670833333333333,15.67084783106111,dropped_queue_full,,,
3762,2,0,15.674999999999999,15.675100818043575,dropped_queue_full,,,
3763,3,0,15.679166666666667,15.679257316049188,completed,15.735946478089318,56.77981142265054,34.41523361206055
3764,0,1,15.683333333333334,15.684098117984831,completed,15.744483042974025,61.14970964069144,34.405086517333984
3765,1,1,15.6875,15.688872570171952,completed,15.755509722046554,68.00972204655409,34.336158752441406
3766,2,1,15.691666666666666,15.693863969994709,completed,15.761743100127205,70.07643346053882,34.18668746948242
3767,3,1,15.695833333333333,15.69885111018084,dropped_queue_full,,,
3768,0,0,15.7,15.700101758120582,dropped_queue_full,,,
3769,1,0,15.704166666666666,15.704211096046492,dropped_queue_full,,,
3770,2,0,15.708333333333334,15.70847754413262,dropped_queue_full,,,
3771,3,0,15.7125,15.712574023054913,completed,15.770425572991371,57.9255729913708,34.27280044555664
3772,0,1,15.716666666666667,15.717375823995098,completed,15.779813528992236,63.146862325568875,34.22409439086914
3773,1,1,15.720833333333333,15.722724481020123,completed,15.78942224313505,68.58890980171672,34.285057067871094
3774,2,1,15.725,15.727526873117313,completed,15.796358653111383,71.35865311138367,34.32316970825195
3775,3,1,15.729166666666666,15.732325274962932,dropped_queue_full,,,
3776,0,0,15.733333333333333,15.733420154079795,dropped_queue_full,,,
3777,1,0,15.737499999999999,15.73753359215334,dropped_queue_full,,,
3778,2,0,15.741666666666667,15.741795560112223,dropped_queue_full,,,
3779,3,0,15.745833333333334,15.745897079119459,completed,15.804858148097992,59.02481476465837,34.32892990112305
3780,0,1,15.75,15.750709731131792,completed,15.813280493021011,63.28049302101135,34.357887268066406
3781,1,1,15.754166666666666,15.755503501975909,completed,15.823181774001569,69.01510733490213,34.207359313964844
3782,2,1,15.758333333333333,15.76032525417395,dropped_queue_full,,,
3783,3,1,15.7625,15.762540902011096,dropped_queue_full,,,
3784,0,0,15.766666666666666,15.766791709000245,dropped_queue_full,,,
3785,1,0,15.770833333333334,15.770904537988827,dropped_queue_full,,,
3786,2,0,15.775,15.775002087000757,completed,15.830545871052891,55.54587105289066,34.18540954589844
3787,3,0,15.779166666666667,15.779808429069817,completed,15.839059764984995,59.89309831832834,34.17619323730469
3788,0,1,15.783333333333333,15.784634659998119,completed,15.85135389212519,68.02055879185609,34.20134353637695
3789,1,1,15.7875,15.789416053099558,completed,15.856515770079568,69.01577007956838,34.160736083984375
3790,2,1,15.791666666666666,15.79420841508545,dropped_queue_full,,,
3791,3,1,15.795833333333333,15.79594071698375,dropped_queue_full,,,
3792,0,0,15.799999999999999,15.80000181705691,dropped_queue_full,,,
3793,1,0,15.804166666666667,15.80421240418218,dropped_queue_full,,,
3794,2,0,15.808333333333334,15.808474112069234,completed,15.864902746165171,56.569412831837695,34.12646484375
3795,3,0,15.8125,15.813275094144046,completed,15.87573275808245,63.232758082449436,34.177696228027344
3796,0,1,15.816666666666666,15.818104915088043,completed,15.885431391187012,68.76472452034577,34.11801528930664
3797,1,1,15.820833333333333,15.823175504105166,completed,15.890749667072669,69.91633373933581,34.12179183959961
3798,2,1,15.825,15.827985926065594,dropped_queue_full,,,
3799,3,1,15.829166666666666,15.829267563065514,dropped_queue_full,,,
3800,0,0,15.833333333333334,15.83336708205752,dropped_queue_full,,,
3801,1,0,15.8375,15.837634389055893,dropped_queue_full,,,
3802,2,0,15.841666666666667,15.841734708053991,completed,15.899109123041853,57.442456375186524,34.096031188964844
3803,3,0,15.845833333333333,15.846545740030706,completed,15.909216111991554,63.382778658221284,34.20636749267578
3804,0,1,15.85,15.851348512107506,completed,15.918861184967682,68.86118496768212,34.156734466552734
3805,1,1,15.854166666666666,15.856179824098945,dropped_queue_full,,,
3806,2,1,15.858333333333333,15.858415881171823,dropped_queue_full,,,
3807,3,1,15.862499999999999,15.86252876999788,dropped_queue_full,,,
3808,0,0,15.866666666666667,15.86680988711305,dropped_queue_full,,,
3809,1,0,15.870833333333334,15.870892425999045,completed,15.925046454183757,54.213120850423735,34.268062591552734
3810,2,0,15.875,15.875725117977709,completed,15.933426520088688,58.42652008868754,34.170719146728516
3811,3,0,15.879166666666666,15.880561049096286,completed,15.94234538008459,63.178713417922694,34.18729782104492
3812,0,1,15.883333333333333,15.885425971122459,completed,15.95192638412118,68.59305078784672,34.30006408691406
3813,1,1,15.8875,15.890256311977282,dropped_queue_full,,,
3814,2,1,15.891666666666666,15.891708408016711,dropped_queue_full,,,
3815,3,1,15.895833333333334,15.895941494964063,dropped_queue_full,,,
3816,0,0,15.9,15.900064893998206,dropped_queue_full,,,
3817,1,0,15.904166666666667,15.904213442001492,completed,15.95953704812564,55.37038145897277,34.22959899902344
3818,2,0,15.908333333333333,15.909208561992273,completed,15.967900484101847,59.5671507685136,34.279327392578125
3819,3,0,15.9125,15.914035903988406,completed,15.980484018102288,67.9840181022886,34.33647918701172
3820,0,1,15.916666666666666,15.918855846161023,completed,15.985309300012887,68.64263334622045,34.38163375854492
3821,1,1,15.920833333333333,15.923917975043878,dropped_queue_full,,,
3822,2,1,15.924999999999999,15.92504236404784,dropped_queue_full,,,
3823,3,1,15.929166666666667,15.929316071094945,dropped_queue_full,,,
3824,0,0,15.933333333333334,15.933418510016054,dropped_queue_full,,,
3825,1,0,15.9375,15.937527778092772,completed,15.994057902134955,56.55790213495493,34.39081573486328
3826,2,0,15.941666666666666,15.942337539978325,completed,16.002425218001008,60.758551334341604,34.38304138183594
3827,3,0,15.945833333333333,15.947141212178394,completed,16.01412489102222,68.2915576888874,34.432865142822266
3828,0,1,15.95,15.951921064173803,completed,16.019665595144033,69.66559514403414,34.397377014160156
3829,1,1,15.954166666666666,15.956705725984648,dropped_queue_full,,,
3830,2,1,15.958333333333334,15.958419129019603,dropped_queue_full,,,
3831,3,1,15.9625,15.962530937977135,dropped_queue_full,,,
3832,0,0,15.966666666666667,15.966795315034688,dropped_queue_full,,,
3833,1,0,15.970833333333333,15.970892593963072,completed,16.0284884669818,57.655133648465196,34.37919998168945
3834,2,0,15.975,15.97570284618996,completed,16.038209770107642,63.20977010764217,34.398048400878906
3835,3,0,15.979166666666666,15.980476398020983,completed,16.047826833091676,68.66016642501016,34.4851188659668
3836,0,1,15.983333333333333,15.98530385014601,completed,16.054215599084273,70.88226575094048,34.5088005065918
3837,1,1,15.987499999999999,15.990105112083256,dropped_queue_full,,,
3838,2,1,15.991666666666667,15.991705276072025,dropped_queue_full,,,
3839,3,1,15.995833333333334,15.995941003086045,dropped_queue_full,,,
3840,0,0,16.0,16.0000514020212,dropped_queue_full,,,
3841,1,0,16.004166666666666,16.004172291141003,completed,16.063223229022697,59.056562356030184,34.502750396728516
3842,2,0,16.008333333333333,16.009149651043117,completed,16.076294508064166,67.96117473083285,34.58153533935547
3843,3,0,16.0125,16.014117231126875,completed,16.081105220131576,68.60522013157677,34.56159973144531
3844,0,1,16.016666666666666,16.018926793010905,dropped_queue_full,,,
3845,1,1,16.020833333333332,16.02089469297789,dropped_queue_full,,,
3846,2,1,16.025,16.02502765203826,dropped_queue_full,,,
3847,3,1,16.029166666666665,16.029258148977533,dropped_queue_full,,,
3848,0,0,16.03333333333333,16.033370138145983,completed,16.089012159965932,55.67882663260093,34.583839416503906
3849,1,0,16.0375,16.03820273000747,completed,16.098016469972208,60.51646997220672,34.60838317871094
3850,2,0,16.041666666666668,16.043026921106502,completed,16.109663414070383,67.99674740371486,34.56681442260742
3851,3,0,16.045833333333334,16.047819192986935,completed,16.115161839174107,69.32850584077244,34.65430450439453
3852,0,1,16.05,16.05260849511251,dropped_queue_full,,,
3853,1,1,16.054166666666667,16.054212328977883,dropped_queue_full,,,
3854,2,1,16.058333333333334,16.058476377045736,dropped_queue_full,,,
3855,3,1,16.0625,16.062576625030488,dropped_queue_full,,,
3856,0,0,16.066666666666666,16.066684944089502,completed,16.12380369217135,57.13702550468369,34.68636703491211
3857,1,0,16.070833333333333,16.07148764608428,completed,16.13415664806962,63.32331473628727,34.5885124206543
3858,2,0,16.075,16.07628748798743,completed,16.14377583214082,68.77583214081895,34.531585693359375
3859,3,0,16.079166666666666,16.081097450107336,completed,16.149881281191483,70.71461452481742,34.60246276855469
3860,0,1,16.083333333333332,16.086005121003836,dropped_queue_full,,,
3861,1,1,16.0875,16.087578234961256,dropped_queue_full,,,
3862,2,1,16.091666666666665,16.09168439405039,dropped_queue_full,,,
3863,3,1,16.09583333333333,16.095941461157054,dropped_queue_full,,,
3864,0,0,16.1,16.1000522300601,completed,16.158588852966204,58.588852966202865,34.624446868896484
3865,1,0,16.104166666666668,16.104840941959992,completed,16.172181067056954,68.01440039028606,34.66230392456055
3866,2,0,16.108333333333334,16.10965638398193,completed,16.176994189154357,68.66085582102244,34.68815994262695
3867,3,0,16.1125,16.114665504079312,dropped_queue_full,,,
3868,0,1,16.116666666666667,16.11673391307704,dropped_queue_full,,,
3869,1,1,16.120833333333334,16.12094028107822,dropped_queue_full,,,
3870,2,1,16.125,16.12505377898924,dropped_queue_full,,,
3871,3,1,16.129166666666666,16.12931886711158,completed,16.18481634114869,55.64967448202296,34.748382568359375
3872,0,0,16.133333333333333,16.134150298079476,completed,16.193328585010022,59.995251676689065,34.67087936401367
3873,1,0,16.1375,16.13897084002383,completed,16.205507743172348,68.00774317234826,34.5654411315918
3874,2,0,16.141666666666666,16.143768852110952,completed,16.210627652006224,68.96098533955808,34.527137756347656
3875,3,0,16.145833333333332,16.148594584083185,dropped_queue_full,,,
3876,0,1,16.15,16.15004370897077,dropped_queue_full,,,
3877,1,1,16.154166666666665,16.154318765969947,dropped_queue_full,,,
3878,2,1,16.15833333333333,16.15841843513772,dropped_queue_full,,,
3879,3,1,16.1625,16.162526994012296,completed,16.219571442110464,57.071442110462556,34.50640106201172
3880,0,0,16.166666666666668,16.167377185076475,completed,16.23011860717088,63.45194050421199,34.5366096496582
3881,1,0,16.170833333333334,16.172174697043374,completed,16.239781360141933,68.94802680859868,34.605953216552734
3882,2,0,16.175,16.17698729899712,completed,16.245271175168455,70.27117516845394,34.520320892333984
3883,3,0,16.179166666666667,16.18179576098919,dropped_queue_full,,,
3884,0,1,16.183333333333334,16.183378485031426,dropped_queue_full,,,
3885,1,1,16.1875,16.18763465201482,dropped_queue_full,,,
3886,2,1,16.191666666666666,16.19173332117498,dropped_queue_full,,,
3887,3,1,16.195833333333333,16.19584514014423,completed,16.25380446901545,57.971135682116426,34.15660858154297
3888,0,0,16.2,16.20066833216697,completed,16.263220745138824,63.2207451388247,34.28755187988281
3889,1,0,16.204166666666666,16.205501543125138,completed,16.272827099077404,68.66043241073783,34.24095916748047
3890,2,0,16.208333333333332,16.210291835013777,dropped_queue_full,,,
3891,3,0,16.2125,16.212533263023943,dropped_queue_full,,,
3892,0,1,16.216666666666665,16.21679614018649,dropped_queue_full,,,
3893,1,1,16.22083333333333,16.220844499999657,dropped_queue_full,,,
3894,2,1,16.225,16.225099427159876,completed,16.279742919141427,54.74291914142526,34.25350570678711
3895,3,1,16.229166666666668,16.230113247176632,completed,16.28842685208656,59.26018541989109,34.4031982421875
3896,0,0,16.233333333333334,16.234967328142375,completed,16.301386452047154,68.05311871382003,34.4312629699707
3897,1,0,16.2375,16.239775480004027,completed,16.30620554415509,68.70554415509034,34.37062454223633
3898,2,0,16.241666666666667,16.244617491029203,dropped_queue_full,,,
3899,3,0,16.245833333333334,16.245909728109837,dropped_queue_full,,,
3900,0,1,16.25,16.250000967178494,dropped_queue_full,,,
3901,1,1,16.254166666666666,16.254263925133273,dropped_queue_full,,,
3902,2,1,16.258333333333333,16.258374353172258,completed,16.314215154154226,55.881820820893324,34.334495544433594
3903,3,1,16.2625,16.263215444982052,completed,16.322805908042938,60.30590804293823,34.34355163574219
3904,0,0,16.266666666666666,16.268025167053565,completed,16.335171343991533,68.5046773248672,34.26464080810547
3905,1,0,16.270833333333332,16.272820969112217,completed,16.340317171998322,69.48383866498986,34.28963088989258
3906,2,0,16.275,16.27766065998003,dropped_queue_full,,,
3907,3,0,16.279166666666665,16.279260154115036,dropped_queue_full,,,
3908,0,1,16.28333333333333,16.283372433157638,dropped_queue_full,,,
3909,1,1,16.2875,16.287637090077624,dropped_queue_full,,,
3910,2,1,16.291666666666668,16.29173384909518,completed,16.348694048123434,57.027381456766335,34.34534454345703
3911,3,1,16.295833333333334,16.296574861044064,completed,16.359040595125407,63.2072617920727,34.35935974121094
3912,0,0,16.3,16.3013812021818,completed,16.368654428049922,68.65442804992128,34.47951889038086
3913,1,0,16.304166666666667,16.30619918415323,completed,16.374744866974652,70.57820030798467,34.38528060913086
3914,2,0,16.308333333333334,16.311049306066707,dropped_queue_full,,,
3915,3,0,16.3125,16.312647690065205,dropped_queue_full,,,
3916,0,1,16.316666666666666,16.31673592911102,dropped_queue_full,,,
3917,1,1,16.320833333333333,16.320892637129873,dropped_queue_full,,,
3918,2,1,16.325,16.325158364139497,completed,16.383271302096546,58.27130209654641,34.39487838745117
3919,3,1,16.329166666666666,16.330179024022073,completed,16.392355841118842,63.189174452176644,34.479103088378906
3920,0,0,16.333333333333332,16.335165983997285,completed,16.401993754087016,68.66042075368384,34.414913177490234
3921,1,0,16.3375,16.339982606004924,dropped_queue_full,,,
3922,2,0,16.341666666666665,16.341737698065117,dropped_queue_full,,,
3923,3,0,16.34583333333333,16.345843677176163,dropped_queue_full,,,
3924,0,1,16.35,16.35009827418253,dropped_queue_full,,,
3925,1,1,16.354166666666668,16.35421127313748,completed,16.40934710111469,55.18043444802245,34.459903717041016
3926,2,1,16.358333333333334,16.3590329750441,completed,16.417862655129284,59.529321795949386,34.40848159790039
3927,3,1,16.3625,16.363851787056774,completed,16.430607808055356,68.10780805535543,34.46665573120117
3928,0,0,16.366666666666667,16.36864896817133,completed,16.435580108081922,68.9134414152548,34.45779037475586
3929,1,0,16.370833333333334,16.373458469985053,dropped_queue_full,,,
3930,2,0,16.375,16.3750670440495,dropped_queue_full,,,
3931,3,0,16.379166666666666,16.37932033208199,dropped_queue_full,,,
3932,0,1,16.383333333333333,16.383435619994998,dropped_queue_full,,,
3933,1,1,16.3875,16.38752849912271,completed,16.443901494145393,56.40149414539408,34.42793655395508
3934,2,1,16.391666666666666,16.392347980989143,completed,16.452430699020624,60.76403235395844,34.38265609741211
3935,3,1,16.395833333333332,16.397163392975926,completed,16.464155201101676,68.32186776834348,34.37833786010742
3936,0,0,16.4,16.401988404104486,completed,16.46961924713105,69.61924713105105,34.39164733886719
3937,1,0,16.404166666666665,16.406785116065294,dropped_queue_full,,,
3938,2,0,16.40833333333333,16.40838470007293,dropped_queue_full,,,
3939,3,0,16.4125,16.412646617973223,dropped_queue_full,,,
3940,0,1,16.416666666666668,16.416739096166566,dropped_queue_full,,,
3941,1,1,16.420833333333334,16.420841565122828,completed,16.478496327996254,57.66299466291969,34.42057418823242
3942,2,1,16.425,16.42566890711896,completed,16.4883041291032,63.30412910319794,34.43123245239258
3943,3,1,16.429166666666667,16.430600308114663,completed,16.498261549975723,69.09488330905589,34.440799713134766
3944,0,0,16.433333333333334,16.435574647970498,completed,16.50410853116773,70.77519783439712,34.427425384521484
3945,1,0,16.4375,16.440562998177484,dropped_queue_full,,,
3946,2,0,16.441666666666666,16.44168588705361,dropped_queue_full,,,
3947,3,0,16.445833333333333,16.445940314093605,dropped_queue_full,,,
3948,0,1,16.45,16.450053783133626,dropped_queue_full,,,
3949,1,1,16.454166666666666,16.45417789113708,completed,16.51294908300042,58.782416333755805,34.25001525878906
3950,2,1,16.458333333333332,16.459192911162972,completed,16.521701534977183,63.3682016438506,34.196128845214844
3951,3,1,16.4625,16.464147681137547,completed,16.531568796141073,69.06879614107453,34.32563018798828
3952,0,0,16.466666666666665,16.46896797302179,dropped_queue_full,,,
3953,1,0,16.47083333333333,16.470900934189558,dropped_queue_full,,,
3954,2,0,16.475,16.475015093106776,dropped_queue_full,,,
3955,3,0,16.479166666666668,16.47925724997185,dropped_queue_full,,,
3956,0,1,16.483333333333334,16.483380309073254,completed,16.538747244048864,55.41391071552937,34.53184127807617
3957,1,1,16.4875,16.488297119969502,completed,16.547742524184287,60.242524184285884,34.593441009521484
3958,2,1,16.491666666666667,16.493287730030715,completed,16.56009293999523,68.4262733285621,34.643646240234375
3959,3,1,16.495833333333334,16.498254040023312,completed,16.564886052161455,69.05271882812158,34.60047912597656
3960,0,0,16.5,16.50316028110683,dropped_queue_full,,,
3961,1,0,16.504166666666666,16.504272029036656,dropped_queue_full,,,
3962,2,0,16.508333333333333,16.50837249797769,dropped_queue_full,,,
3963,3,0,16.5125,16.512642176123336,dropped_queue_full,,,
3964,0,1,16.516666666666666,16.516735565150157,completed,16.573264118051156,56.59745138449068,34.35910415649414
3965,1,1,16.520833333333332,16.521694465074688,completed,16.58211368904449,61.28035571115831,34.36627197265625
3966,2,1,16.525,16.526770994067192,completed,16.59317484917119,68.17484917119288,34.33625411987305
3967,3,1,16.529166666666665,16.531561305979267,completed,16.599269686965272,70.10302029860682,34.39292907714844
3968,0,0,16.53333333333333,16.5364464269951,dropped_queue_full,,,
3969,1,0,16.5375,16.53765699500218,dropped_queue_full,,,
3970,2,0,16.541666666666668,16.54173378413543,dropped_queue_full,,,
3971,3,0,16.545833333333334,16.545844473177567,dropped_queue_full,,,
3972,0,1,16.55,16.550102640176192,completed,16.607799652032554,57.79965203255344,34.42902374267578
3973,1,1,16.554166666666667,16.55509661999531,completed,16.617348246043548,63.18157937688085,34.35446548461914
3974,2,1,16.558333333333334,16.560086120152846,completed,16.627685933141038,69.35259980770425,34.37744140625
3975,3,1,16.5625,16.564878272125497,completed,16.633794381981716,71.29438198171556,34.41145706176758
3976,0,0,16.566666666666666,16.56974866311066,dropped_queue_full,,,
3977,1,0,16.570833333333333,16.570873382035643,dropped_queue_full,,,
3978,2,0,16.575,16.57501264102757,dropped_queue_full,,,
3979,3,0,16.579166666666666,16.579260108061135,dropped_queue_full,,,
3980,0,1,16.583333333333332,16.58339105709456,completed,16.642328556161374,58.995222828041705,34.396385192871094
3981,1,1,16.5875,16.58835849701427,completed,16.655878599965945,68.37859996594631,34.33488082885742
3982,2,1,16.591666666666665,16.59316789917648,completed,16.660740812076256,69.07414540959067,34.28550338745117
3983,3,1,16.59583333333333,16.598132729064673,dropped_queue_full,,,
3984,0,0,16.6,16.600066700018942,dropped_queue_full,,,
3985,1,0,16.604166666666668,16.604323227191344,dropped_queue_full,,,
3986,2,0,16.608333333333334,16.60841803601943,dropped_queue_full,,,
3987,3,0,16.6125,16.612528644967824,completed,16.668267676141113,55.76767614111233,34.334495544433594
3988,0,1,16.616666666666667,16.617341726087034,completed,16.676815500017256,60.148833350588404,34.38787078857422
3989,1,1,16.620833333333334,16.622153588104993,completed,16.688911789096892,68.07845576355831,34.436737060546875
3990,2,1,16.625,16.627678553108126,completed,16.69420735607855,69.20735607855022,34.47849655151367
3991,3,1,16.629166666666666,16.632502525113523,dropped_queue_full,,,
3992,0,0,16.633333333333333,16.633466745028272,dropped_queue_full,,,
3993,1,0,16.6375,16.637577604036778,dropped_queue_full,,,
3994,2,0,16.641666666666666,16.641683712136,dropped_queue_full,,,
3995,3,0,16.645833333333332,16.645941670052707,completed,16.70274349115789,56.91015782455722,34.450401306152344
3996,0,1,16.65,16.650763652054593,completed,16.713266985025257,63.26698502525829,34.370784759521484
3997,1,1,16.654166666666665,16.65587247000076,completed,16.72286831913516,68.70165246849425,34.24998474121094
3998,2,1,16.65833333333333,16.660733852069825,completed,16.728563632117584,70.23029878425291,34.28688049316406
3999,3,1,16.6625,16.665711942128837,dropped_queue_full,,,
4000,0,0,16.666666666666668,16.66667631198652,dropped_queue_full,,,
4001,1,0,16.670833333333334,16.67094022897072,dropped_queue_full,,,
4002,2,0,16.675,16.675053657963872,dropped_queue_full,,,
4003,3,0,16.679166666666667,16.679318675072864,completed,16.73726724507287,58.100578406204306,34.299903869628906
4004,0,1,16.683333333333334,16.684132277034223,completed,16.746498262044042,63.16492871070878,34.30198287963867
4005,1,1,16.6875,16.688905589049682,completed,16.756437603151426,68.93760315142572,34.370689392089844
4006,2,1,16.691666666666666,16.693713621003553,dropped_queue_full,,,
4007,3,1,16.695833333333333,16.69593980908394,dropped_queue_full,,,
4008,0,0,16.7,16.700051188003272,dropped_queue_full,,,
4009,1,0,16.704166666666666,16.70417476608418,dropped_queue_full,,,
4010,2,0,16.708333333333332,16.708416164154187,completed,16.76310452609323,54.7711927598975,34.337921142578125
4011,3,0,16.7125,16.7132615451701,completed,16.771646900102496,59.14690010249757,34.395328521728516
4012,0,1,16.716666666666665,16.718074187170714,completed,16.784750449005514,68.08378233884937,34.39779281616211
4013,1,1,16.72083333333333,16.722861879039556,completed,16.789554451126605,68.72111779327383,34.24777603149414
4014,2,1,16.725,16.72791361808777,dropped_queue_full,,,
4015,3,1,16.729166666666668,16.72920374502428,dropped_queue_full,,,
4016,0,0,16.733333333333334,16.73347502318211,dropped_queue_full,,,
4017,1,0,16.7375,16.737588132033125,dropped_queue_full,,,
4018,2,0,16.741666666666667,16.74168624007143,completed,16.7975346010644,55.867934397731744,34.23766326904297
4019,3,0,16.745833333333334,16.74649245198816,completed,16.80621998407878,60.386650745446246,34.31660842895508
4020,0,1,16.75,16.751286754151806,completed,16.81808238499798,68.0823849979788,34.285377502441406
4021,1,1,16.754166666666666,16.756431393092498,completed,16.823460560990497,69.29389432383104,34.32944107055664
4022,2,1,16.758333333333333,16.761210485128686,dropped_queue_full,,,
4023,3,1,16.7625,16.762651229975745,dropped_queue_full,,,
4024,0,0,16.766666666666666,16.7667342890054,dropped_queue_full,,,
4025,1,0,16.770833333333332,16.770842737983912,dropped_queue_full,,,
4026,2,0,16.775,16.775100126164034,completed,16.831853677053005,56.853677053005924,34.266239166259766
4027,3,0,16.779166666666665,16.779903777176514,completed,16.842371652135625,63.20498546896047,34.2105598449707
4028,0,1,16.78333333333333,16.784744889009744,completed,16.851988394977525,68.65506164419344,34.25881576538086
4029,1,1,16.7875,16.789548031054437,completed,16.857947685057297,70.44768505729593,34.34880065917969
4030,2,1,16.791666666666668,16.794348472962156,dropped_queue_full,,,
4031,3,1,16.795833333333334,16.795941167045385,dropped_queue_full,,,
4032,0,0,16.8,16.80005347612314,dropped_queue_full,,,
4033,1,0,16.804166666666667,16.804316272959113,dropped_queue_full,,,
4034,2,0,16.808333333333334,16.808415692066774,completed,16.866539819166064,58.20648583273069,34.40752029418945
4035,3,0,16.8125,16.813255933113396,completed,16.8757484969683,63.24849696829915,34.44095993041992
4036,0,1,16.816666666666666,16.818076845025644,completed,16.885348461102694,68.68179443602784,34.43894577026367
4037,1,1,16.820833333333333,16.822884676977992,dropped_queue_full,,,
4038,2,1,16.825,16.825057925190777,dropped_queue_full,,,
4039,3,1,16.829166666666666,16.829320112010464,dropped_queue_full,,,
4040,0,0,16.833333333333332,16.83341670106165,dropped_queue_full,,,
4041,1,0,16.8375,16.837528659962118,completed,16.892382350051776,54.882350051776996,34.21548843383789
4042,2,0,16.841666666666665,16.842363961972296,completed,16.90090389503166,59.23722836499579,34.3218879699707
4043,3,0,16.84583333333333,16.84718207316473,completed,16.9138207861688,67.98745283546737,34.145790100097656
4044,0,1,16.85,16.85198281519115,completed,16.918612487148494,68.61248714849211,34.237056732177734
4045,1,1,16.854166666666668,16.856970325112343,dropped_queue_full,,,
4046,2,1,16.858333333333334,16.858429111074656,dropped_queue_full,,,
4047,3,1,16.8625,16.86257609911263,dropped_queue_full,,,
4048,0,0,16.866666666666667,16.866701388033107,dropped_queue_full,,,
4049,1,0,16.870833333333334,16.870943355141208,completed,16.926830505020916,55.99717168758289,34.3015022277832
4050,2,0,16.875,16.875740797026083,completed,16.935380570124835,60.380570124834776,34.342689514160156
4051,3,0,16.879166666666666,16.880534508964047,completed,16.947213871171698,68.04720450503154,34.348384857177734
4052,0,1,16.883333333333333,16.885342931142077,completed,16.95248237811029,69.14904477695671,34.35343933105469
4053,1,1,16.8875,16.890137742972,dropped_queue_full,,,
4054,2,1,16.891666666666666,16.891739627113566,dropped_queue_full,,,
4055,3,1,16.895833333333332,16.89584000618197,dropped_queue_full,,,
4056,0,0,16.9,16.90009875316173,dropped_queue_full,,,
4057,1,0,16.904166666666665,16.904210802167654,completed,16.961328129051253,57.16146238458819,34.32835388183594
4058,2,0,16.90833333333333,16.90902060410008,completed,16.971606797073036,63.273463739704994,34.13631820678711
4059,3,0,16.9125,16.91381301614456,completed,16.9812495901715,68.74959017149962,34.40188980102539
4060,0,1,16.916666666666668,16.918606898048893,completed,16.987047041999176,70.3803753325083,34.47340774536133
4061,1,1,16.920833333333334,16.923415309982374,dropped_queue_full,,,
4062,2,1,16.925,16.92507797316648,dropped_queue_full,,,
4063,3,1,16.929166666666667,16.929210781119764,dropped_queue_full,,,
4064,0,0,16.933333333333334,16.933478899067268,dropped_queue_full,,,
4065,1,0,16.9375,16.937575308140367,completed,16.995902952970937,58.402952970936894,34.447265625
4066,2,0,16.941666666666666,16.942398409126326,completed,17.004806764191017,63.140097524350125,34.395198822021484
4067,3,0,16.945833333333333,16.94720613118261,completed,17.014406027970836,68.5726946375027,34.44607925415039
4068,0,1,16.95,16.951988433022052,dropped_queue_full,,,
4069,1,1,16.954166666666666,16.954215510981157,dropped_queue_full,,,
4070,2,1,16.958333333333332,16.958476208150387,dropped_queue_full,,,
4071,3,1,16.9625,16.962524818023667,dropped_queue_full,,,
4072,0,0,16.966666666666665,16.966794055188075,completed,17.021424086997285,54.75742033062048,34.3012809753418
4073,1,0,16.97083333333333,16.971599877113476,completed,17.030379018047825,59.54568471449306,34.37209701538086
4074,2,0,16.975,16.976426978129894,completed,17.04298324114643,67.98324114642895,34.485633850097656
4075,3,0,16.979166666666668,16.981241810135543,completed,17.047808963106945,68.6422964402773,34.48003387451172
4076,0,1,16.983333333333334,16.98607888096012,dropped_queue_full,,,
4077,1,1,16.9875,16.98752839700319,dropped_queue_full,,,
4078,2,1,16.991666666666667,16.991796824149787,dropped_queue_full,,,
4079,3,1,16.995833333333334,16.99589563300833,dropped_queue_full,,,
4080,0,0,17.0,17.00000049197115,completed,17.05605388013646,56.053880136460066,34.556766510009766
4081,1,0,17.004166666666666,17.004799794172868,completed,17.06489983201027,60.733165343602735,34.45836639404297
4082,2,0,17.008333333333333,17.00961729604751,completed,17.076561405090615,68.2280717572823,34.38713455200195
4083,3,0,17.0125,17.014398438157514,completed,17.08216502913274,69.66502913273942,34.40582275390625
4084,0,1,17.016666666666666,17.019208430079743,dropped_queue_full,,,
4085,1,1,17.020833333333332,17.02094160206616,dropped_queue_full,,,
4086,2,1,17.025,17.025151110021397,dropped_queue_full,,,
4087,3,1,17.029166666666665,17.029256139183417,dropped_queue_full,,,
4088,0,0,17.03333333333333,17.03337116818875,completed,17.09069125307724,57.35791974390736,34.5052490234375
4089,1,0,17.0375,17.038170699961483,completed,17.100695223081857,63.195223081855545,34.44985580444336
4090,2,0,17.041666666666668,17.042976261116564,completed,17.1103061970789,68.6395304122307,34.49897766113281
4091,3,0,17.045833333333334,17.04780117305927,completed,17.116689363028854,70.85602969551985,34.52278518676758
4092,0,1,17.05,17.052594674983993,dropped_queue_full,,,
4093,1,1,17.054166666666667,17.054193969117478,dropped_queue_full,,,
4094,2,1,17.058333333333334,17.058416597079486,dropped_queue_full,,,
4095,3,1,17.0625,17.062536854995415,dropped_queue_full,,,
4096,0,0,17.066666666666666,17.06680705305189,completed,17.125320966122672,58.65429945600553,34.53580856323242
4097,1,0,17.070833333333333,17.071775453165174,completed,17.138878700090572,68.04536675723938,34.527198791503906
4098,2,0,17.075,17.07655438501388,completed,17.143734751967713,68.73475196771395,34.434879302978516
4099,3,0,17.079166666666666,17.08135345717892,dropped_queue_full,,,
4100,0,1,17.083333333333332,17.083418135996908,dropped_queue_full,,,
4101,1,1,17.0875,17.087527035037056,dropped_queue_full,,,
4102,2,1,17.091666666666665,17.091805562144145,dropped_queue_full,,,
4103,3,1,17.09583333333333,17.09589099115692,completed,17.151379865128547,55.546531795215515,34.50409698486328
4104,0,0,17.1,17.100688603008166,completed,17.159899240126833,59.8992401268319,34.4760627746582
4105,1,0,17.104166666666668,17.105490115005523,completed,17.172383005032316,68.216338365648,34.504127502441406
4106,2,0,17.108333333333334,17.110299577005208,completed,17.17736498499289,69.03165165955727,34.4422721862793
4107,3,0,17.1125,17.11508514918387,dropped_queue_full,,,
4108,0,1,17.116666666666667,17.116684473119676,dropped_queue_full,,,
4109,1,1,17.120833333333334,17.12094124010764,dropped_queue_full,,,
4110,2,1,17.125,17.125150378094986,dropped_queue_full,,,
4111,3,1,17.129166666666666,17.129257187014446,completed,17.18601471814327,56.84805147660299,34.52310562133789
4112,0,0,17.133333333333333,17.134076689137146,completed,17.19651978299953,63.186449666197575,34.42265701293945
4113,1,0,17.1375,17.138872239971533,completed,17.206137956120074,68.6379561200745,34.40166473388672
4114,2,0,17.141666666666666,17.14372776215896,completed,17.2119437281508,70.27706148413415,34.416481018066406
4115,3,0,17.145833333333332,17.148542823968455,dropped_queue_full,,,
4116,0,1,17.15,17.15009940811433,dropped_queue_full,,,
4117,1,1,17.154166666666665,17.154212007066235,dropped_queue_full,,,
4118,2,1,17.15833333333333,17.158478424185887,dropped_queue_full,,,
4119,3,1,17.1625,17.162576013011858,completed,17.220488453051075,57.98845305107392,34.41292953491211
4120,0,0,17.166666666666668,17.16737389517948,completed,17.229992097010836,63.325430344168154,34.355743408203125
4121,1,0,17.170833333333334,17.172376695089042,completed,17.239610891090706,68.77755775737171,34.37859344482422
4122,2,0,17.175,17.177188377128914,dropped_queue_full,,,
4123,3,0,17.179166666666667,17.179259586147964,dropped_queue_full,,,
4124,0,1,17.183333333333334,17.183466784190387,dropped_queue_full,,,
4125,1,1,17.1875,17.187575672054663,dropped_queue_full,,,
4126,2,1,17.191666666666666,17.191687050973997,completed,17.24633250408806,54.66583742139264,34.339839935302734
4127,3,1,17.195833333333333,17.196514293085784,completed,17.255019447067752,59.18611373441962,34.321311950683594
4128,0,0,17.2,17.20132209500298,completed,17.268097426043823,68.09742604382407,34.40803146362305
4129,1,0,17.204166666666666,17.206131366081536,completed,17.272945657139644,68.77899047297831,34.279998779296875
4130,2,0,17.208333333333332,17.21096702804789,dropped_queue_full,,,
4131,3,0,17.2125,17.212583682034165,dropped_queue_full,,,
4132,0,1,17.216666666666665,17.216684371000156,dropped_queue_full,,,
4133,1,1,17.22083333333333,17.22094483813271,dropped_queue_full,,,
4134,2,1,17.225,17.225155216176063,completed,17.28073959914036,55.73959914035953,34.29276657104492
4135,3,1,17.229166666666668,17.229986577061936,completed,17.289428652031347,60.261985364679305,34.372833251953125
4136,0,0,17.233333333333334,17.234784438973293,completed,17.301488511031494,68.15517769815926,34.38556671142578
4137,1,0,17.2375,17.239604861009866,completed,17.306949466001242,69.44946600124169,34.393856048583984
4138,2,0,17.241666666666667,17.244406013051048,dropped_queue_full,,,
4139,3,0,17.245833333333334,17.245848938124254,dropped_queue_full,,,
4140,0,1,17.25,17.250101026147604,dropped_queue_full,,,
4141,1,1,17.254166666666666,17.254213045118377,dropped_queue_full,,,
4142,2,1,17.258333333333333,17.258477902039886,completed,17.315329232020304,56.99589868697075,34.39865493774414
4143,3,1,17.2625,17.263291873969138,completed,17.3256873190403,63.18731904029917,34.50700759887695
4144,0,0,17.266666666666666,17.268091946141794,completed,17.335541900014505,68.87523334783907,34.438175201416016
4145,1,0,17.270833333333332,17.272930757142603,completed,17.34158543916419,70.75210583085934,34.4884147644043
4146,2,0,17.275,17.27774593909271,dropped_queue_full,,,
4147,3,0,17.279166666666665,17.27918686508201,dropped_queue_full,,,
4148,0,1,17.28333333333333,17.28339109197259,dropped_queue_full,,,
4149,1,1,17.2875,17.287516860989854,dropped_queue_full,,,
4150,2,1,17.291666666666668,17.291807578178123,completed,17.349950114963576,58.28344829690835,34.470272064208984
4151,3,1,17.295833333333334,17.29665195918642,completed,17.35906303417869,63.22970084535484,34.4486083984375
4152,0,0,17.3,17.301483251154423,completed,17.368664128007367,68.66412800736654,34.51740646362305
4153,1,0,17.304166666666667,17.306297813076526,dropped_queue_full,,,
4154,2,0,17.308333333333334,17.308383332099766,dropped_queue_full,,,
4155,3,0,17.3125,17.312635569134727,dropped_queue_full,,,
4156,0,1,17.316666666666666,17.316733458079398,dropped_queue_full,,,
4157,1,1,17.320833333333333,17.320845447015017,completed,17.376182842068374,55.3495087350413,34.40739059448242
4158,2,1,17.325,17.32567945914343,completed,17.384549199137837,59.549199137837405,34.43600082397461
4159,3,1,17.329166666666666,17.33073974796571,completed,17.397513369098306,68.34670243163998,34.449886322021484
4160,0,0,17.333333333333332,17.335536380065605,completed,17.402320271125063,68.98693779173115,34.3757438659668
4161,1,0,17.3375,17.340333172120154,dropped_queue_full,,,
4162,2,0,17.341666666666665,17.341748438077047,dropped_queue_full,,,
4163,3,0,17.34583333333333,17.34584801713936,dropped_queue_full,,,
4164,0,1,17.35,17.35011185402982,dropped_queue_full,,,
4165,1,1,17.354166666666668,17.354212393052876,completed,17.41047068918124,56.30402251457056,34.262977600097656
4166,2,1,17.358333333333334,17.35905495402403,completed,17.419168272055686,60.83493872235124,34.452545166015625
4167,3,1,17.3625,17.36386682605371,completed,17.430875584017485,68.37558401748467,34.36822509765625
4168,0,0,17.366666666666667,17.36865868815221,completed,17.436324840178713,69.65817351204606,34.41177749633789
4169,1,0,17.370833333333334,17.373463740106672,dropped_queue_full,,,
4170,2,0,17.375,17.37506055412814,dropped_queue_full,,,
4171,3,0,17.379166666666666,17.37916757306084,dropped_queue_full,,,
4172,0,1,17.383333333333333,17.383421570062637,dropped_queue_full,,,
4173,1,1,17.3875,17.387501348974183,completed,17.445007873000577,57.5078730005778,34.3779182434082
4174,2,1,17.391666666666666,17.39249482913874,completed,17.455070302123204,63.403635456538154,34.3524169921875
4175,3,1,17.395833333333332,17.397505559027195,completed,17.464642506092787,68.80917275945464,34.397918701171875
4176,0,0,17.4,17.40231489110738,completed,17.470713815186173,70.71381518617414,34.37836837768555
4177,1,0,17.404166666666665,17.407108773011714,dropped_queue_full,,,
4178,2,0,17.40833333333333,17.40839573997073,dropped_queue_full,,,
4179,3,0,17.4125,17.41252638818696,dropped_queue_full,,,
4180,0,1,17.416666666666668,17.416794506134465,dropped_queue_full,,,
4181,1,1,17.420833333333334,17.420891965040937,completed,17.479586875997484,58.75354266414945,34.396095275878906
4182,2,1,17.425,17.42570040607825,completed,17.488222050014883,63.22205001488257,34.3449592590332
4183,3,1,17.429166666666667,17.430868115043268,completed,17.497993582161143,68.82691549447628,34.603519439697266
4184,0,0,17.433333333333334,17.435673776082695,dropped_queue_full,,,
4185,1,0,17.4375,17.437574747018516,dropped_queue_full,,,
4186,2,0,17.441666666666666,17.441685266094282,dropped_queue_full,,,
4187,3,0,17.445833333333333,17.445940644014627,dropped_queue_full,,,
4188,0,1,17.45,17.45004913210869,completed,17.505674125161022,55.67412516102266,34.84921646118164
4189,1,1,17.454166666666666,17.45506340218708,completed,17.514691265067086,60.524598400419904,34.913089752197266
4190,2,1,17.458333333333332,17.45984834409319,completed,17.52636298816651,68.02965483317891,34.766910552978516
4191,3,1,17.4625,17.464634796138853,completed,17.531599145149812,69.09914514981352,34.61635208129883
4192,0,0,17.466666666666665,17.469429108081385,dropped_queue_full,,,
4193,1,0,17.47083333333333,17.47087744413875,dropped_queue_full,,,
4194,2,0,17.475,17.475003462051973,dropped_queue_full,,,
4195,3,0,17.479166666666668,17.47925917012617,dropped_queue_full,,,
4196,0,1,17.483333333333334,17.483369678026065,completed,17.540267758071423,56.934424738088296,34.3658561706543
4197,1,1,17.4875,17.48821438010782,completed,17.550761732971296,63.261732971295004,34.31977462768555
4198,2,1,17.491666666666667,17.49300611205399,completed,17.560328437015414,68.6617703487471,34.3109130859375
4199,3,1,17.495833333333334,17.497985902009532,completed,17.56624289811589,70.40956478255467,34.4780158996582
4200,0,0,17.5,17.50277221412398,dropped_queue_full,,,
4201,1,0,17.504166666666666,17.504217789974064,dropped_queue_full,,,
4202,2,0,17.508333333333333,17.508387748152018,dropped_queue_full,,,
4203,3,0,17.5125,17.512635834980756,dropped_queue_full,,,
4204,0,1,17.516666666666666,17.516732373973355,completed,17.574801712064072,58.13504539740677,34.519039154052734
4205,1,1,17.520833333333332,17.52156217605807,completed,17.584012479986995,63.17914665366331,34.53577423095703
4206,2,1,17.525,17.52635598811321,completed,17.59356654412113,68.56654412113272,34.51996612548828
4207,3,1,17.529166666666665,17.531421086983755,dropped_queue_full,,,
4208,0,0,17.53333333333333,17.53334989817813,dropped_queue_full,,,
4209,1,0,17.5375,17.537576645147055,dropped_queue_full,,,
4210,2,0,17.541666666666668,17.541698093991727,dropped_queue_full,,,
4211,3,0,17.545833333333334,17.545941051095724,completed,17.600901591125876,55.06825779254143,34.51763153076172
4212,0,1,17.55,17.550755273085088,completed,17.609488825080916,59.488825080915575,34.465694427490234
4213,1,1,17.554166666666667,17.555537595180795,completed,17.62217470817268,68.0080415060118,34.43724822998047
4214,2,1,17.558333333333334,17.56032131705433,completed,17.626971840159968,68.63850682663397,34.411582946777344
4215,3,1,17.5625,17.565113489050418,dropped_queue_full,,,
4216,0,0,17.566666666666666,17.56672332296148,dropped_queue_full,,,
4217,1,0,17.570833333333333,17.570840262109414,dropped_queue_full,,,
4218,2,0,17.575,17.575100409099832,dropped_queue_full,,,
4219,3,0,17.579166666666666,17.579211698146537,completed,17.635373265016824,56.20659835015829,34.41270446777344
4220,0,1,17.583333333333332,17.58400576002896,completed,17.644057888071984,60.724554738651904,34.38457489013672
4221,1,1,17.5875,17.588797592092305,completed,17.655517463106662,68.01746310666346,34.297760009765625
4222,2,1,17.591666666666665,17.593559514032677,completed,17.661268286174163,69.60161950749821,34.25164794921875
4223,3,1,17.59583333333333,17.59834699612111,dropped_queue_full,,,
4224,0,0,17.6,17.600100009003654,dropped_queue_full,,,
4225,1,0,17.604166666666668,17.60420819814317,dropped_queue_full,,,
4226,2,0,17.608333333333334,17.608370596077293,dropped_queue_full,,,
4227,3,0,17.6125,17.612575893988833,completed,17.669802240096033,57.30224009603191,34.30966567993164
4228,0,1,17.616666666666667,17.61736861616373,completed,17.679813540074974,63.14687340830716,34.35609436035156
4229,1,1,17.620833333333334,17.622168648056686,completed,17.689419283997267,68.58595066393391,34.38566589355469
4230,2,1,17.625,17.62696483009495,completed,17.695825109025463,70.82510902546346,34.45888137817383
4231,3,1,17.629166666666666,17.632356805028394,dropped_queue_full,,,
4232,0,0,17.633333333333333,17.633481204044074,dropped_queue_full,,,
4233,1,0,17.6375,17.637576712993905,dropped_queue_full,,,
4234,2,0,17.641666666666666,17.641682542162016,dropped_queue_full,,,
4235,3,0,17.645833333333332,17.64594130916521,completed,17.704488343093544,58.655009760212096,34.4884147644043
4236,0,1,17.65,17.65072697098367,completed,17.71342816296965,63.42816296965026,34.4035530090332
4237,1,1,17.654166666666665,17.655511294025928,completed,17.72324112500064,69.07445833397574,34.5269775390625
4238,2,1,17.65833333333333,17.66033536498435,dropped_queue_full,,,
4239,3,1,17.6625,17.662541133118793,dropped_queue_full,,,
4240,0,0,17.666666666666668,17.66679348004982,dropped_queue_full,,,
4241,1,0,17.670833333333334,17.670892928959802,dropped_queue_full,,,
4242,2,0,17.675,17.675004438031465,completed,17.73035828396678,55.358283966779,34.45484924316406
4243,3,0,17.679166666666667,17.679808240151033,completed,17.73905991599895,59.89324933228346,34.479103088378906
4244,0,1,17.683333333333334,17.6846063521225,completed,17.751359682995826,68.02634966249244,34.481632232666016
4245,1,1,17.6875,17.689412923995405,completed,17.756378423189744,68.87842318974435,34.257633209228516
4246,2,1,17.691666666666666,17.69422119599767,dropped_queue_full,,,
4247,3,1,17.695833333333333,17.695940878009424,dropped_queue_full,,,
4248,0,0,17.7,17.70005529699847,dropped_queue_full,,,
4249,1,0,17.704166666666666,17.70431713410653,dropped_queue_full,,,
4250,2,0,17.708333333333332,17.70841927314177,completed,17.764900556998327,56.567223664995225,34.4153938293457
4251,3,0,17.7125,17.71342272311449,completed,17.775715918978676,63.21591897867762,34.34815979003906
4252,0,1,17.716666666666665,17.718247815035284,completed,17.785313153173774,68.64648650710947,34.410240173339844
4253,1,1,17.72083333333333,17.723234954988584,completed,17.790950566064566,70.11723273123494,34.369407653808594
4254,2,1,17.725,17.72803744697012,dropped_queue_full,,,
4255,3,1,17.729166666666668,17.729239645181224,dropped_queue_full,,,
4256,0,0,17.733333333333334,17.733387083048,dropped_queue_full,,,
4257,1,0,17.7375,17.737635500961915,dropped_queue_full,,,
4258,2,0,17.741666666666667,17.741735649993643,completed,17.799329492030665,57.66282536399814,34.204063415527344
4259,3,0,17.745833333333334,17.746551431016997,completed,17.809028135146946,63.194801813612145,34.318817138671875
4260,0,1,17.75,17.751354243140668,completed,17.818631769157946,68.63176915794611,34.32175827026367
4261,1,1,17.754166666666666,17.75620233407244,dropped_queue_full,,,
4262,2,1,17.758333333333333,17.75841539213434,dropped_queue_full,,,
4263,3,1,17.7625,17.762525310972705,dropped_queue_full,,,
4264,0,0,17.766666666666666,17.766804557992145,dropped_queue_full,,,
4265,1,0,17.770833333333332,17.770890897139907,completed,17.825387441087514,54.55410775418201,34.380577087402344
4266,2,0,17.775,17.775708158966154,completed,17.83380667702295,58.80667702295028,34.36467361450195
4267,3,0,17.779166666666665,17.780517971143126,completed,17.842452170094475,63.28550342781014,34.40492630004883
4268,0,1,17.78333333333333,17.785307593178004,completed,17.852032074006274,68.6987406729429,34.2474250793457
4269,1,1,17.7875,17.790152814006433,dropped_queue_full,,,
4270,2,1,17.791666666666668,17.79175013815984,dropped_queue_full,,,
4271,3,1,17.795833333333334,17.795845267130062,dropped_queue_full,,,
4272,0,0,17.8,17.80010113515891,dropped_queue_full,,,
4273,1,0,17.804166666666667,17.804208704037592,completed,17.85985548608005,55.68881941338333,34.27635192871094
4274,2,0,17.808333333333334,17.80902026500553,completed,17.868217142065987,59.88380873265342,34.25590515136719
4275,3,0,17.8125,17.813818997005,completed,17.880523398984224,68.0233989842236,34.240352630615234
4276,0,1,17.816666666666666,17.81862644897774,completed,17.88534800009802,68.68133343135341,34.38307189941406
4277,1,1,17.820833333333333,17.82380411704071,dropped_queue_full,,,
4278,2,1,17.825,17.825061585055664,dropped_queue_full,,,
4279,3,1,17.829166666666666,17.82923336303793,dropped_queue_full,,,
4280,0,0,17.833333333333332,17.833476440049708,dropped_queue_full,,,
4281,1,0,17.8375,17.83757601911202,completed,17.89426195109263,56.761951092632046,34.260223388671875
4282,2,0,17.841666666666665,17.842443919973448,completed,17.902647637063637,60.98097039697237,34.22175979614258
4283,3,0,17.84583333333333,17.847241522045806,completed,17.913826465141028,67.99313180769673,34.25657653808594
4284,0,1,17.85,17.85202657408081,completed,17.919740156037733,69.74015603773154,34.20185470581055
4285,1,1,17.854166666666668,17.856823676032946,dropped_queue_full,,,
4286,2,1,17.858333333333334,17.858417249983177,dropped_queue_full,,,
4287,3,1,17.8625,17.862529039150104,dropped_queue_full,,,
4288,0,0,17.866666666666667,17.866790586151183,dropped_queue_full,,,
4289,1,0,17.870833333333334,17.87089374498464,completed,17.928611087147146,57.77775381381289,34.26508712768555
4290,2,0,17.875,17.875726517057046,completed,17.93818049109541,63.1804910954088,34.30131149291992
4291,3,0,17.879166666666666,17.880515838973224,completed,17.94777818513103,68.61151846436186,34.346336364746094
4292,0,1,17.883333333333333,17.88534251996316,completed,17.95436559896916,71.03226563582865,34.46851348876953
4293,1,1,17.8875,17.890156612033024,dropped_queue_full,,,
4294,2,1,17.891666666666666,17.891737786121666,dropped_queue_full,,,
4295,3,1,17.895833333333332,17.89585217507556,dropped_queue_full,,,
4296,0,0,17.9,17.900099413003772,dropped_queue_full,,,
4297,1,0,17.904166666666665,17.904209180967882,completed,17.963069402147084,58.902735480419466,34.338623046875
4298,2,0,17.90833333333333,17.909038833109662,completed,17.976291889091954,67.9585557586222,34.328575134277344
4299,3,0,17.9125,17.913818825036287,completed,17.981116550974548,68.61655097454644,34.41836929321289
4300,0,1,17.916666666666668,17.91863398696296,dropped_queue_full,,,
4301,1,1,17.920833333333334,17.920856015058234,dropped_queue_full,,,
4302,2,1,17.925,17.925050402991474,dropped_queue_full,,,
4303,3,1,17.929166666666667,17.92927447007969,dropped_queue_full,,,
4304,0,0,17.933333333333334,17.93336887913756,completed,17.988804924068972,55.4715907356389,34.41721725463867
4305,1,0,17.9375,17.93817357113585,completed,17.99780697398819,60.30697398819029,34.47644805908203
4306,2,0,17.941666666666666,17.94297804310918,completed,18.009598535019904,67.93186835323795,34.47334289550781
4307,3,0,17.945833333333333,17.94777074502781,completed,18.014750814065337,68.91748073200432,34.419647216796875
4308,0,1,17.95,17.95260033616796,dropped_queue_full,,,
4309,1,1,17.954166666666666,17.954199931118637,dropped_queue_full,,,
4310,2,1,17.958333333333332,17.958476778119802,dropped_queue_full,,,
4311,3,1,17.9625,17.962582517182454,dropped_queue_full,,,
4312,0,0,17.966666666666665,17.966683355160058,completed,18.02342557697557,56.75891030890412,34.40934371948242
4313,1,0,17.97083333333333,17.97148582711816,completed,18.03421715903096,63.38382569762757,34.310943603515625
4314,2,0,17.975,17.976284929085523,completed,18.04380911309272,68.80911309271909,34.19395065307617
4315,3,0,17.979166666666668,17.981108881067485,completed,18.049269278068095,70.1026114014276,34.36073684692383
4316,0,1,17.983333333333334,17.985923743108287,dropped_queue_full,,,
4317,1,1,17.9875,17.987529257079586,dropped_queue_full,,,
4318,2,1,17.991666666666667,17.991794744040817,dropped_queue_full,,,
4319,3,1,17.995833333333334,17.99589436315,dropped_queue_full,,,
4320,0,0,18.0,18.000000992091373,completed,18.05794764100574,57.94764100573957,34.38175964355469
4321,1,0,18.004166666666666,18.004791744053364,completed,18.06739852600731,63.231859340643126,34.42755126953125
4322,2,0,18.008333333333333,18.009591586189345,completed,18.077013550093397,68.68021676006464,34.42076873779297
4323,3,0,18.0125,18.014413227094337,dropped_queue_full,,,
4324,0,1,18.016666666666666,18.016815033042803,dropped_queue_full,,,
4325,1,1,18.020833333333332,18.020891612162814,dropped_queue_full,,,
4326,2,1,18.025,18.02501609106548,dropped_queue_full,,,
4327,3,1,18.029166666666665,18.02936376701109,completed,18.083864061161876,54.697394495210716,34.44281768798828
4328,0,0,18.03333333333333,18.03421061905101,completed,18.09237791597843,59.04458264510026,34.32147216796875
4329,1,0,18.0375,18.039010961074382,completed,18.10545828496106,67.95828496105827,34.33321762084961
4330,2,0,18.041666666666668,18.043802242958918,completed,18.11027702712454,68.61036045787117,34.35340881347656
4331,3,0,18.045833333333334,18.048621054040268,dropped_queue_full,,,
4332,0,1,18.05,18.050065870163962,dropped_queue_full,,,
4333,1,1,18.054166666666667,18.054318607086316,dropped_queue_full,,,
4334,2,1,18.058333333333334,18.05842726607807,dropped_queue_full,,,
4335,3,1,18.0625,18.062528605107218,completed,18.11842359509319,55.92359509319067,34.33555221557617
4336,0,0,18.066666666666666,18.06739198602736,completed,18.126947929151356,60.28126248468979,34.46265411376953
4337,1,0,18.070833333333333,18.07219293806702,completed,18.139200017089024,68.36668375569133,34.63248062133789
4338,2,0,18.075,18.077006650157273,completed,18.144639041973278,69.63904197327864,34.697086334228516
4339,3,0,18.079166666666666,18.081789292162284,dropped_queue_full,,,
4340,0,1,18.083333333333332,18.083378876093775,dropped_queue_full,,,
4341,1,1,18.0875,18.08763776300475,dropped_queue_full,,,
4342,2,1,18.091666666666665,18.091733392095193,dropped_queue_full,,,
4343,3,1,18.09583333333333,18.095844130963087,completed,18.153174047125503,57.34071379217198,34.74668884277344
4344,0,0,18.1,18.100660493131727,completed,18.163194466149434,63.194466149433026,34.70899200439453
4345,1,0,18.104166666666668,18.105452055111527,completed,18.172865289030597,68.69862236392876,34.4345588684082
4346,2,0,18.108333333333334,18.11026996700093,completed,18.179060267051682,70.7269337183476,34.36928176879883
4347,3,0,18.1125,18.115078838076442,dropped_queue_full,,,
4348,0,1,18.116666666666667,18.116676872130483,dropped_queue_full,,,
4349,1,1,18.120833333333334,18.120941210072488,dropped_queue_full,,,
4350,2,1,18.125,18.125057188095525,dropped_queue_full,,,
4351,3,1,18.129166666666666,18.129396475153044,completed,18.187747430056334,58.58076338966711,34.401695251464844
4352,0,0,18.133333333333333,18.13441381510347,completed,18.19651175197214,63.17841863880602,34.43939208984375
4353,1,0,18.1375,18.139194037066773,completed,18.206130466191098,68.6304661910988,34.41136169433594
4354,2,0,18.141666666666666,18.14398632897064,dropped_queue_full,,,
4355,3,0,18.145833333333332,18.145895830122754,dropped_queue_full,,,
4356,0,1,18.15,18.15000110818073,dropped_queue_full,,,
4357,1,1,18.154166666666665,18.154260565992445,dropped_queue_full,,,
4358,2,1,18.15833333333333,18.158369995187968,completed,18.2136315011885,55.29816785517028,34.35232162475586
4359,3,1,18.1625,18.16318913619034,completed,18.222171795088798,59.67179508879639,34.37036895751953
4360,0,0,18.166666666666668,18.168090467108414,completed,18.235069995978847,68.4033293121793,34.361759185791016
4361,1,0,18.170833333333334,18.172859149053693,completed,18.239867308177054,69.03397484371965,34.33494567871094
4362,2,0,18.175,18.177651441190392,dropped_queue_full,,,
4363,3,0,18.179166666666667,18.179222766077146,dropped_queue_full,,,
4364,0,1,18.183333333333334,18.183481373125687,dropped_queue_full,,,
4365,1,1,18.1875,18.187575482064858,dropped_queue_full,,,
4366,2,1,18.191666666666666,18.191687050973997,completed,18.24816953507252,56.502868405853945,34.362815856933594
4367,3,1,18.195833333333333,18.19650635216385,completed,18.256852408172563,61.01907483922986,34.456512451171875
4368,0,0,18.2,18.201323974179104,completed,18.2679906161502,67.99061615020108,34.44633483886719
4369,1,0,18.204166666666666,18.20612425613217,completed,18.274224994005635,70.05832733896966,34.412479400634766
4370,2,0,18.208333333333332,18.210913927992806,dropped_queue_full,,,
4371,3,0,18.2125,18.212511982070282,dropped_queue_full,,,
4372,0,1,18.216666666666665,18.21679148916155,dropped_queue_full,,,
4373,1,1,18.22083333333333,18.220891328062862,dropped_queue_full,,,
4374,2,1,18.225,18.22500416706316,completed,18.282744758063927,57.74475806392587,34.392032623291016
4375,3,1,18.229166666666668,18.22982244915329,completed,18.29246096103452,63.29429436785361,34.416160583496094
4376,0,0,18.233333333333334,18.235064645996317,completed,18.302034405060112,68.7010717267782,34.278785705566406
4377,1,0,18.2375,18.239860878093168,completed,18.308745827991515,71.24582799151469,34.39152145385742
4378,2,0,18.241666666666667,18.244860938051715,dropped_queue_full,,,
4379,3,0,18.245833333333334,18.245941356988624,dropped_queue_full,,,
4380,0,1,18.25,18.25005080597475,dropped_queue_full,,,
4381,1,1,18.254166666666666,18.254317173035815,dropped_queue_full,,,
4382,2,1,18.258333333333333,18.258431662106887,completed,18.317265953170136,58.93261983680276,34.3513298034668
4383,3,1,18.2625,18.26322754402645,completed,18.33052824018523,68.02824018523168,34.414207458496094
4384,0,0,18.266666666666666,18.267985286191106,completed,18.335583879146725,68.91721248005922,34.56220626831055
4385,1,0,18.270833333333332,18.27277037804015,dropped_queue_full,,,
4386,2,0,18.275,18.27502261614427,dropped_queue_full,,,
4387,3,0,18.279166666666665,18.279257592977956,dropped_queue_full,,,
4388,0,1,18.28333333333333,18.283382332185283,dropped_queue_full,,,
4389,1,1,18.2875,18.28763534897007,completed,18.343263022135943,55.76302213594175,34.40031814575195
4390,2,1,18.291666666666668,18.292453001020476,completed,18.35169815714471,60.03149047804257,34.320640563964844
4391,3,1,18.295833333333334,18.297254882985726,completed,18.363808306166902,67.9749728335679,34.33417510986328
4392,0,0,18.3,18.30202898499556,completed,18.368949755094945,68.94975509494472,34.27791976928711
4393,1,0,18.304166666666667,18.306827077176422,dropped_queue_full,,,
4394,2,0,18.308333333333334,18.30842003109865,dropped_queue_full,,,
4395,3,0,18.3125,18.31253217998892,dropped_queue_full,,,
4396,0,1,18.316666666666666,18.31679767696187,dropped_queue_full,,,
4397,1,1,18.320833333333333,18.320890875998884,completed,18.377805966185406,56.97263285207299,34.32099151611328
4398,2,1,18.325,18.325714888051152,completed,18.388304721098393,63.30472109839391,34.37481689453125
4399,3,1,18.329166666666666,18.33052051998675,completed,18.39790372410789,68.7370574412256,34.41347122192383
4400,0,0,18.333333333333332,18.33557845908217,completed,18.403345940168947,70.01260683561483,34.37606430053711
4401,1,0,18.3375,18.34056559903547,dropped_queue_full,,,
4402,2,0,18.341666666666665,18.34168987814337,dropped_queue_full,,,
4403,3,0,18.34583333333333,18.34594207513146,dropped_queue_full,,,
4404,0,1,18.35,18.350101333111525,dropped_queue_full,,,
4405,1,1,18.354166666666668,18.354210691992193,completed,18.412338680122048,58.17201345537981,34.36899185180664
4406,2,1,18.358333333333334,18.359009084058926,completed,18.421557357069105,63.22402373577063,34.29827117919922
4407,3,1,18.3625,18.363800566177815,completed,18.43190172407776,69.40172407776046,34.35142517089844
4408,0,0,18.366666666666667,18.3686136379838,dropped_queue_full,,,
4409,1,0,18.370833333333334,18.370856955181807,dropped_queue_full,,,
4410,2,0,18.375,18.375099033117294,dropped_queue_full,,,
4411,3,0,18.379166666666666,18.379208252066746,dropped_queue_full,,,
4412,0,1,18.383333333333333,18.383476389106363,completed,18.4377641051542,54.43077182086853,34.33955383300781
4413,1,1,18.3875,18.388297791127115,completed,18.446820814162493,59.32081416249346,34.42563247680664
4414,2,1,18.391666666666666,18.39311552210711,completed,18.459867503959686,68.20083729301984,34.480350494384766
4415,3,1,18.395833333333332,18.397896144073457,completed,18.464656856143847,68.82352281051496,34.58844757080078
4416,0,0,18.4,18.402692526113242,dropped_queue_full,,,
4417,1,0,18.404166666666665,18.404263021191582,dropped_queue_full,,,
4418,2,0,18.40833333333333,18.408377000130713,dropped_queue_full,,,
4419,3,0,18.4125,18.41250099800527,dropped_queue_full,,,
4420,0,1,18.416666666666668,18.416738555999473,completed,18.472578956047073,55.912289380405156,34.68153762817383
4421,1,1,18.420833333333334,18.421550316968933,completed,18.481583526125178,60.75019279184346,34.56620788574219
4422,2,1,18.425,18.42657385696657,completed,18.49361469503492,68.61469503492046,34.51542282104492
4423,3,1,18.429166666666667,18.431893883971497,completed,18.49876640411094,69.59973744427117,34.51776123046875
4424,0,0,18.433333333333334,18.43775850511156,dropped_dispatch_late,,,
4425,1,0,18.4375,18.43777451501228,dropped_queue_full,,,
4426,2,0,18.441666666666666,18.44173808512278,dropped_queue_full,,,
4427,3,0,18.445833333333333,18.445852514123544,dropped_queue_full,,,
4428,0,1,18.45,18.45005897199735,completed,18.50721629918553,57.21629918553006,34.49407958984375
4429,1,1,18.454166666666666,18.45506271207705,completed,18.516217509051785,62.050842385119154,34.47539138793945
4430,2,1,18.458333333333332,18.459860424045473,completed,18.526351187145337,68.01785381200531,34.4601936340332
4431,3,1,18.4625,18.464649096131325,completed,18.53332976717502,70.82976717502021,34.46303939819336
4432,0,0,18.466666666666665,18.46942709805444,dropped_queue_full,,,
4433,1,0,18.47083333333333,18.47086669318378,dropped_queue_full,,,
4434,2,0,18.475,18.475099381059408,dropped_queue_full,,,
4435,3,0,18.479166666666668,18.479212400037795,dropped_queue_full,,,
4436,0,1,18.483333333333334,18.483488337136805,completed,18.541855472140014,58.52213880667989,34.39891052246094
4437,1,1,18.4875,18.488480577012524,completed,18.55075556295924,63.255562959238176,34.3073616027832
4438,2,1,18.491666666666667,18.493607515003532,completed,18.56070917309262,69.04250642595144,34.5052490234375
4439,3,1,18.495833333333334,18.498758644098416,completed,18.56789810117334,72.0647678400077,34.5536003112793
4440,0,0,18.5,18.50390389212407,dropped_queue_full,,,
4441,1,0,18.504166666666666,18.5042338790372,dropped_queue_full,,,
4442,2,0,18.508333333333333,18.508335498161614,dropped_queue_full,,,
4443,3,0,18.5125,18.512574735097587,dropped_queue_full,,,
4444,0,1,18.516666666666666,18.516699013998732,completed,18.576582493958995,59.91582729232903,34.61616134643555
4445,1,1,18.520833333333332,18.52154389512725,completed,18.589154288172722,68.32095483938971,34.59008026123047
4446,2,1,18.525,18.526344587095082,completed,18.594322976190597,69.32297619059824,34.31257629394531
4447,3,1,18.529166666666665,18.531156299170107,dropped_queue_full,,,
4448,0,0,18.53333333333333,18.533493516035378,dropped_queue_full,,,
4449,1,0,18.5375,18.53757501509972,dropped_queue_full,,,
4450,2,0,18.541666666666668,18.54168611415662,dropped_queue_full,,,
4451,3,0,18.545833333333334,18.545940841082484,completed,18.60237462609075,56.54129275741582,34.359615325927734
4452,0,1,18.55,18.550749222980812,completed,18.611058457987383,61.0584579873823,34.33964920043945
4453,1,1,18.554166666666667,18.5557258031331,completed,18.622272096108645,68.10542944197806,34.29955291748047
4454,2,1,18.558333333333334,18.560702132992446,completed,18.628198066959158,69.86473362582402,34.316993713378906
4455,3,1,18.5625,18.56550730508752,dropped_queue_full,,,
4456,0,0,18.566666666666666,18.56678958213888,dropped_queue_full,,,
4457,1,0,18.570833333333333,18.57089333096519,dropped_queue_full,,,
4458,2,0,18.575,18.57500243000686,dropped_queue_full,,,
4459,3,0,18.579166666666666,18.57925968710333,completed,18.63701212918386,57.845462517192914,34.43116760253906
4460,0,1,18.583333333333332,18.5841225781478,completed,18.646565423114225,63.23208978089312,34.41215896606445
4461,1,1,18.5875,18.58914750814438,completed,18.6561606770847,68.6606770847007,34.42486572265625
4462,2,1,18.591666666666665,18.59431561618112,completed,18.662747621070594,71.08095440392859,34.3757438659668
4463,3,1,18.59583333333333,18.599513814086094,dropped_queue_full,,,
4464,0,0,18.6,18.600002618972212,dropped_queue_full,,,
4465,1,0,18.604166666666668,18.604260807158425,dropped_queue_full,,,
4466,2,0,18.608333333333334,18.6083669050131,dropped_queue_full,,,
4467,3,0,18.6125,18.612653592135757,completed,18.671401414088905,58.90141408890415,34.30259323120117
4468,0,1,18.616666666666667,18.617475874023512,completed,18.67989357910119,63.22691243452283,34.31318283081055
4469,1,1,18.620833333333334,18.6222657461185,completed,18.68978037009947,68.94703676613645,34.300926208496094
4470,2,1,18.625,18.627068888163194,dropped_queue_full,,,
4471,3,1,18.629166666666666,18.629312935983762,dropped_queue_full,,,
4472,0,0,18.633333333333333,18.633373504970223,dropped_queue_full,,,
4473,1,0,18.6375,18.63765043206513,dropped_queue_full,,,
4474,2,0,18.641666666666666,18.64173358096741,completed,18.697360964026302,55.69429735963638,34.3583984375
4475,3,0,18.645833333333332,18.646560233086348,completed,18.705900978064165,60.06764473083237,34.45423889160156
4476,0,1,18.65,18.65137291396968,completed,18.718053446151316,68.05344615131759,34.42399978637695
4477,1,1,18.654166666666665,18.656154457014054,completed,18.72332267416641,69.15600749974615,34.42531204223633
4478,2,1,18.65833333333333,18.66115270718001,dropped_queue_full,,,
4479,3,1,18.6625,18.662579972064123,dropped_queue_full,,,
4480,0,0,18.666666666666668,18.666795500088483,dropped_queue_full,,,
4481,1,0,18.670833333333334,18.670909979147837,dropped_queue_full,,,
4482,2,0,18.675,18.675055127125233,completed,18.731851228047162,56.851228047161584,34.342750549316406
4483,3,0,18.679166666666667,18.6798881390132,completed,18.74249070114456,63.32403447789403,34.365150451660156
4484,0,1,18.683333333333334,18.68470161105506,completed,18.752047236077487,68.7139027441539,34.31488037109375
4485,1,1,18.6875,18.689773899968714,completed,18.757907676976174,70.40767697617412,34.368350982666016
4486,2,1,18.691666666666666,18.694958308013156,dropped_queue_full,,,
4487,3,1,18.695833333333333,18.695923538180068,dropped_queue_full,,,
4488,0,0,18.7,18.700053706998006,dropped_queue_full,,,
4489,1,0,18.704166666666666,18.704317064024508,dropped_queue_full,,,
4490,2,0,18.708333333333332,18.708421563031152,completed,18.766378432046622,58.04509871328989,34.43094253540039
4491,3,0,18.7125,18.713245684979483,completed,18.775752558140084,63.25255814008557,34.462398529052734
4492,0,1,18.716666666666665,18.718048016075045,completed,18.785358702065423,68.69203539875812,34.556800842285156
4493,1,1,18.72083333333333,18.722829948179424,dropped_queue_full,,,
4494,2,1,18.725,18.725049176020548,dropped_queue_full,,,
4495,3,1,18.729166666666668,18.72932399297133,dropped_queue_full,,,
4496,0,0,18.733333333333334,18.7333613531664,dropped_queue_full,,,
4497,1,0,18.7375,18.73763623018749,completed,18.79238137206994,54.88137206993926,34.39424133300781
4498,2,0,18.741666666666667,18.742483220994473,completed,18.800909155979753,59.2424893130854,34.335105895996094
4499,3,0,18.745833333333334,18.747270273976028,completed,18.813810497056693,67.97716372335927,34.335487365722656
4500,0,1,18.75,18.752041985979304,completed,18.81859778915532,68.59778915531933,34.3568000793457
4501,1,1,18.754166666666666,18.75680885813199,dropped_queue_full,,,
4502,2,1,18.758333333333333,18.758390572154894,dropped_queue_full,,,
4503,3,1,18.7625,18.762640909058973,dropped_queue_full,,,
4504,0,0,18.766666666666666,18.766698888968676,dropped_queue_full,,,
4505,1,0,18.770833333333332,18.77094101603143,completed,18.827010495122522,56.17716178918997,34.343326568603516
4506,2,0,18.775,18.77574484818615,completed,18.835424960125238,60.424960125239124,34.33689498901367
4507,3,0,18.779166666666665,18.78056762018241,completed,18.847277332097292,68.11066543062694,34.403358459472656
4508,0,1,18.78333333333333,18.785353432176635,completed,18.852541709085926,69.20837575259497,34.309471130371094
4509,1,1,18.7875,18.790445221122354,dropped_queue_full,,,
4510,2,1,18.791666666666668,18.79173773806542,dropped_queue_full,,,
4511,3,1,18.795833333333334,18.79584570717998,dropped_queue_full,,,
4512,0,0,18.8,18.80010376404971,dropped_queue_full,,,
4513,1,0,18.804166666666667,18.804208463057876,completed,18.86137595004402,57.20928337735387,34.24950408935547
4514,2,0,18.808333333333334,18.809018275002018,completed,18.871720717055723,63.3873837223895,34.21257781982422
4515,3,0,18.8125,18.81380278710276,completed,18.881487449165434,68.98744916543365,34.291358947753906
4516,0,1,18.816666666666666,18.8185923891142,completed,18.886923084035516,70.25641736884936,34.338687896728516
4517,1,1,18.820833333333333,18.8233897711616,dropped_queue_full,,,
4518,2,1,18.825,18.825100334128365,dropped_queue_full,,,
4519,3,1,18.829166666666666,18.829212362179533,dropped_queue_full,,,
4520,0,0,18.833333333333332,18.833397820126265,dropped_queue_full,,,
4521,1,0,18.8375,18.83764755818993,completed,18.895802095066756,58.30209506675743,34.38217544555664
4522,2,0,18.841666666666665,18.842474929988384,completed,18.904850783990696,63.184117324031064,34.32310485839844
4523,3,0,18.84583333333333,18.847269752062857,completed,18.91443136916496,68.59803583162716,34.31020736694336
4524,0,1,18.85,18.852049523964524,dropped_queue_full,,,
4525,1,1,18.854166666666668,18.85425749211572,dropped_queue_full,,,
4526,2,1,18.858333333333334,18.85836993996054,dropped_queue_full,,,
4527,3,1,18.8625,18.862647558096796,dropped_queue_full,,,
4528,0,0,18.866666666666667,18.866733317030594,completed,18.921318859094754,54.65219242808672,34.2476806640625
4529,1,0,18.870833333333334,18.871713827131316,completed,18.930176391033456,59.34305770012216,34.21926498413086
4530,2,0,18.875,18.876683647045866,completed,18.943035832140595,68.03583214059472,34.210079193115234
4531,3,0,18.879166666666666,18.881479919189587,completed,18.947835204191506,68.66853752483948,34.291263580322266
4532,0,1,18.883333333333333,18.886269161012024,dropped_queue_full,,,
4533,1,1,18.8875,18.88756367797032,dropped_queue_full,,,
4534,2,1,18.891666666666666,18.89168508606963,dropped_queue_full,,,
4535,3,1,18.895833333333332,18.89594137412496,dropped_queue_full,,,
4536,0,0,18.9,18.90005353302695,completed,18.955807894002646,55.80789400264763,34.29452896118164
4537,1,0,18.904166666666665,18.90484360512346,completed,18.96465253503993,60.48586837326653,34.26396942138672
4538,2,0,18.90833333333333,18.909626987064257,completed,18.976480077020824,68.14674368749252,34.271297454833984
4539,3,0,18.9125,18.914423879003152,completed,18.981928232125938,69.42823212593652,34.50521469116211
4540,0,1,18.916666666666668,18.919237760128453,dropped_queue_full,,,
4541,1,1,18.920833333333334,18.92083631409332,dropped_queue_full,,,
4542,2,1,18.925,18.925099732121453,dropped_queue_full,,,
4543,3,1,18.929166666666667,18.929213060066104,dropped_queue_full,,,
4544,0,0,18.933333333333334,18.933402179041877,completed,18.99048777599819,57.154442664856475,34.54492950439453
4545,1,0,18.9375,18.938210470136255,completed,19.000659075099975,63.15907509997487,34.56079864501953
4546,2,0,18.941666666666666,18.943028941983357,completed,19.010232998989522,68.56633232285603,34.60326385498047
4547,3,0,18.945833333333333,18.94782737409696,completed,19.01648624613881,70.65291280547825,34.4637451171875
4548,0,1,18.95,18.95260810595937,dropped_queue_full,,,
4549,1,1,18.954166666666666,18.954215900041163,dropped_queue_full,,,
4550,2,1,18.958333333333332,18.958474327111617,dropped_queue_full,,,
4551,3,1,18.9625,18.962579066166654,dropped_queue_full,,,
4552,0,0,18.966666666666665,18.9666831351351,completed,19.025007080985233,58.34041431856818,34.461280822753906
4553,1,0,18.97083333333333,18.97149965702556,completed,19.034073170041665,63.239836708333996,34.485023498535156
4554,2,0,18.975,18.976473117014393,completed,19.04395383107476,68.95383107475794,34.53023910522461
4555,3,0,18.979166666666668,18.981434087036178,dropped_queue_full,,,
4556,0,1,18.983333333333334,18.983368788147345,dropped_queue_full,,,
4557,1,1,18.9875,18.987642135005444,dropped_queue_full,,,
4558,2,1,18.991666666666667,18.9917377140373,dropped_queue_full,,,
4559,3,1,18.995833333333334,18.995844503166154,completed,19.051105458987877,55.2721256545432,34.49398422241211
4560,0,0,19.0,19.000652705086395,completed,19.059644473018125,59.6444730181247,34.471839904785156
4561,1,0,19.004166666666666,19.00542912702076,completed,19.072206808021292,68.04014135462566,34.37891387939453
4562,2,0,19.008333333333333,19.010226079029962,completed,19.077002020087093,68.66868675376026,34.360958099365234
4563,3,0,19.0125,19.015040080063045,dropped_queue_full,,,
4564,0,1,19.016666666666666,19.016808073036373,dropped_queue_full,,,
4565,1,1,19.020833333333332,19.020894712070003,dropped_queue_full,,,
4566,2,1,19.025,19.02500034100376,dropped_queue_full,,,
4567,3,1,19.029166666666665,19.02925687818788,completed,19.085728902136907,56.56223547024197,34.518463134765625
4568,0,0,19.03333333333333,19.034066670108587,completed,19.094266816973686,60.93348364035478,34.52000045776367
4569,1,0,19.0375,19.039117709035054,completed,19.105458253994584,67.95825399458266,34.521888732910156
4570,2,0,19.041666666666668,19.043946711113676,completed,19.111582132987678,69.9154663210102,34.500030517578125
4571,3,0,19.045833333333334,19.0487351231277,dropped_queue_full,,,
4572,0,1,19.05,19.050018400186673,dropped_queue_full,,,
4573,1,1,19.054166666666667,19.054256787057966,dropped_queue_full,,,
4574,2,1,19.058333333333334,19.058366706129164,dropped_queue_full,,,
4575,3,1,19.0625,19.06263535306789,completed,19.120268546044827,57.76854604482651,34.39689636230469
4576,0,0,19.066666666666666,19.06741551612504,completed,19.129809300182387,63.1426335157208,34.35932922363281
4577,1,0,19.070833333333333,19.07220044801943,completed,19.13963070209138,68.7973687580481,34.44112014770508
4578,2,0,19.075,19.076995040057227,completed,19.146220316179097,71.22031617909741,34.4615364074707
4579,3,0,19.079166666666666,19.081953480141237,dropped_queue_full,,,
4580,0,1,19.083333333333332,19.08339837496169,dropped_queue_full,,,
4581,1,1,19.0875,19.08763606310822,dropped_queue_full,,,
4582,2,1,19.091666666666665,19.091738012153655,dropped_queue_full,,,
4583,3,1,19.09583333333333,19.095856541069224,completed,19.15490725915879,59.07392582545867,34.51942443847656
4584,0,0,19.1,19.100670082028955,completed,19.167957928031683,67.95792803168155,34.56275177001953
4585,1,0,19.104166666666668,19.105452093994245,completed,19.17276873998344,68.6020733167716,34.406368255615234
4586,2,0,19.108333333333334,19.110286106122658,dropped_queue_full,,,
4587,3,0,19.1125,19.112538672983646,dropped_queue_full,,,
4588,0,1,19.116666666666667,19.11681367107667,dropped_queue_full,,,
4589,1,1,19.120833333333334,19.120906330179423,dropped_queue_full,,,
4590,2,1,19.125,19.125003618188202,completed,19.180739920120686,55.73992012068629,34.33184051513672
4591,3,1,19.129166666666666,19.129804030060768,completed,19.189267724985257,60.10105831859036,34.31407928466797
4592,0,0,19.133333333333333,19.134606651961803,completed,19.201399963116273,68.06662978294042,34.32815933227539
4593,1,0,19.1375,19.139624441973865,completed,19.206687570083886,69.1875700838871,34.27203369140625
4594,2,0,19.141666666666666,19.144447864033282,dropped_queue_full,,,
4595,3,0,19.145833333333332,19.14589260914363,dropped_queue_full,,,
4596,0,1,19.15,19.150158626027405,dropped_queue_full,,,
4597,1,1,19.154166666666665,19.15426150499843,dropped_queue_full,,,
4598,2,1,19.15833333333333,19.158366214018315,completed,19.215218265075237,56.88493174190512,34.317054748535156
4599,3,1,19.1625,19.163170696003363,completed,19.22568781999871,63.18781999870993,34.38412857055664
4600,0,0,19.166666666666668,19.167952838120982,completed,19.23528397316113,68.61730649446329,34.359519958496094
4601,1,0,19.170833333333334,19.172762400005013,completed,19.241266924189404,70.43359085606937,34.36131286621094
4602,2,0,19.175,19.177573532098904,dropped_queue_full,,,
4603,3,0,19.179166666666667,19.17917183600366,dropped_queue_full,,,
4604,0,1,19.183333333333334,19.18341567297466,dropped_queue_full,,,
4605,1,1,19.1875,19.187531222123653,dropped_queue_full,,,
4606,2,1,19.191666666666666,19.19179166899994,completed,19.249640519963577,57.97385329691096,34.36297607421875
4607,3,1,19.195833333333333,19.196610141079873,completed,19.259056844981387,63.2235116480544,34.42051315307617
4608,0,0,19.2,19.20139462314546,completed,19.26861097011715,68.61097011715245,34.44124984741211
4609,1,0,19.204166666666666,19.206192065030336,dropped_queue_full,,,
4610,2,0,19.208333333333332,19.208414323162287,dropped_queue_full,,,
4611,3,0,19.2125,19.21252904110588,dropped_queue_full,,,
4612,0,1,19.216666666666665,19.21680664899759,dropped_queue_full,,,
4613,1,1,19.22083333333333,19.2208907881286,completed,19.27574356808327,54.910234749939946,34.4444465637207
4614,2,1,19.225,19.225680330069736,completed,19.284268123097718,59.26812309771634,34.43241500854492
4615,3,1,19.229166666666668,19.23048427212052,completed,19.297536049969494,68.36938330282649,34.46137619018555
4616,0,0,19.233333333333334,19.2352786231786,completed,19.3023480810225,69.01474768916671,34.43030548095703
4617,1,0,19.2375,19.24032428301871,dropped_queue_full,,,
4618,2,0,19.241666666666667,19.241747829131782,dropped_queue_full,,,
4619,3,0,19.245833333333334,19.245843418175355,dropped_queue_full,,,
4620,0,1,19.25,19.250099985161796,dropped_queue_full,,,
4621,1,1,19.254166666666666,19.254221864044666,completed,19.310317492112517,56.15082544585093,34.36697769165039
4622,2,1,19.258333333333333,19.259049084968865,completed,19.318693757988513,60.360424655179656,34.36800003051758
4623,3,1,19.2625,19.263838067185134,completed,19.33045708015561,67.95708015561175,34.371681213378906
4624,0,0,19.266666666666666,19.268605720018968,completed,19.335997384041548,69.33071737488206,34.42230224609375
4625,1,0,19.270833333333332,19.273384442087263,dropped_queue_full,,,
4626,2,0,19.275,19.275099344085902,dropped_queue_full,,,
4627,3,0,19.279166666666665,19.279211523011327,dropped_queue_full,,,
4628,0,1,19.28333333333333,19.28348178998567,dropped_queue_full,,,
4629,1,1,19.2875,19.287577899172902,completed,19.344852686161175,57.35268616117395,34.418975830078125
4630,2,1,19.291666666666668,19.292578519089147,completed,19.354844615096226,63.177948429558484,34.57404708862305
4631,3,1,19.295833333333334,19.297528499970213,completed,19.36446865904145,68.63532570811515,34.64672088623047
4632,0,0,19.3,19.302342680981383,completed,19.370853705098853,70.8537050988518,34.65711975097656
4633,1,0,19.304166666666667,19.307123074075207,dropped_queue_full,,,
4634,2,0,19.308333333333334,19.30840610107407,dropped_queue_full,,,
4635,3,0,19.3125,19.31252664909698,dropped_queue_full,,,
4636,0,1,19.316666666666666,19.316794047132134,dropped_queue_full,,,
4637,1,1,19.320833333333333,19.320892966119573,completed,19.379708716180176,58.87538284684268,34.69184112548828
4638,2,1,19.325,19.325682918075472,completed,19.38829674012959,63.296740129590745,34.53868865966797
4639,3,1,19.329166666666666,19.330449550179765,completed,19.398075132165104,68.90846549843843,34.74911880493164
4640,0,0,19.333333333333332,19.335255792131647,dropped_queue_full,,,
4641,1,0,19.3375,19.33757698815316,dropped_queue_full,,,
4642,2,0,19.341666666666665,19.34169661696069,dropped_queue_full,,,
4643,3,0,19.34583333333333,19.345942315179855,dropped_queue_full,,,
4644,0,1,19.35,19.350051243091002,completed,19.40557866706513,55.57866706512726,34.68422317504883
4645,1,1,19.354166666666668,19.35483789513819,completed,19.414428308140486,60.26164147381863,34.553470611572266
4646,2,1,19.358333333333334,19.35967072704807,completed,19.42641490814276,68.08157480942612,34.71033477783203
4647,3,1,19.3625,19.364461068995297,completed,19.431544887134805,69.04488713480461,34.44131088256836
4648,0,0,19.366666666666667,19.369252721080557,dropped_queue_full,,,
4649,1,0,19.370833333333334,19.370850475039333,dropped_queue_full,,,
4650,2,0,19.375,19.375099261989817,dropped_queue_full,,,
4651,3,0,19.379166666666666,19.379211971070617,dropped_queue_full,,,
4652,0,1,19.383333333333333,19.38347469898872,completed,19.44016670016572,56.833366832385934,34.41289520263672
4653,1,1,19.3875,19.388289700029418,completed,19.450683425180614,63.183425180614705,34.29420852661133
4654,2,1,19.391666666666666,19.393064722185954,completed,19.46061701513827,68.95034847160275,34.341793060302734
4655,3,1,19.395833333333332,19.398067352129146,completed,19.466121540172026,70.28820683869341,34.41276931762695
4656,0,0,19.4,19.402872884180397,dropped_queue_full,,,
4657,1,0,19.404166666666665,19.4041721210815,dropped_queue_full,,,
4658,2,0,19.40833333333333,19.408419849118218,dropped_queue_full,,,
4659,3,0,19.4125,19.412536207120866,dropped_queue_full,,,
4660,0,1,19.416666666666668,19.41681173397228,completed,19.47472060401924,58.053937352571694,34.3889274597168
4661,1,1,19.420833333333334,19.42161468602717,completed,19.484168050112203,63.33471677886848,34.53385543823242
4662,2,1,19.425,19.426407978171483,completed,19.49451902601868,69.51902601867843,34.480831146240234
4663,3,1,19.429166666666667,19.431208400055766,dropped_queue_full,,,
4664,0,0,19.433333333333334,19.433417718159035,dropped_queue_full,,,
4665,1,0,19.4375,19.437633746070787,dropped_queue_full,,,
4666,2,0,19.441666666666666,19.441736574983224,dropped_queue_full,,,
4667,3,0,19.445833333333333,19.445853393059224,completed,19.500647854059935,54.81452072660176,34.4071044921875
4668,0,1,19.45,19.450677125016227,completed,19.50920161907561,59.201619075611944,34.42220687866211
4669,1,1,19.454166666666666,19.455499957082793,completed,19.522138259140775,67.97159247410889,34.455169677734375
4670,2,1,19.458333333333332,19.460609775967896,completed,19.526933001121506,68.59966778817395,34.302398681640625
4671,3,1,19.4625,19.465798014076427,dropped_queue_full,,,
4672,0,0,19.466666666666665,19.46676102397032,dropped_queue_full,,,
4673,1,0,19.47083333333333,19.470903323031962,dropped_queue_full,,,
4674,2,0,19.475,19.475046411156654,dropped_queue_full,,,
4675,3,0,19.479166666666668,19.47932342812419,completed,19.535105479182675,55.93881251600763,34.4252815246582
4676,0,1,19.483333333333334,19.484161750180647,completed,19.543740233173594,60.4068998402596,34.40595245361328
4677,1,1,19.4875,19.489101859973744,completed,19.555928510148078,68.42851014807749,34.359615325927734
4678,2,1,19.491666666666667,19.49451176612638,completed,19.561065149027854,69.39848236118706,34.292510986328125
4679,3,1,19.495833333333334,19.49967266409658,dropped_queue_full,,,
4680,0,0,19.5,19.500003430992365,dropped_queue_full,,,
4681,1,0,19.504166666666666,19.50417944905348,dropped_queue_full,,,
4682,2,0,19.508333333333333,19.508397037163377,dropped_queue_full,,,
4683,3,0,19.5125,19.512528515188023,completed,19.569587774109095,57.087774109096046,34.3045768737793
4684,0,1,19.516666666666666,19.517331236973405,completed,19.57992848008871,63.261813422045066,34.15260696411133
4685,1,1,19.520833333333332,19.52213190915063,completed,19.589726662030444,68.8933286971114,34.20060729980469
4686,2,1,19.525,19.52692607115023,completed,19.595367475179955,70.36747517995678,34.231998443603516
4687,3,1,19.529166666666665,19.531769333174452,dropped_queue_full,,,
4688,0,0,19.53333333333333,19.533371206140146,dropped_queue_full,,,
4689,1,0,19.5375,19.537577554117888,dropped_queue_full,,,
4690,2,0,19.541666666666668,19.541684033116326,dropped_queue_full,,,
4691,3,0,19.545833333333334,19.545940821059048,completed,19.604064078070223,58.23074473688905,34.25689697265625
4692,0,1,19.55,19.551112059038132,completed,19.613485704176128,63.4857041761272,34.40886306762695
4693,1,1,19.554166666666667,19.55592221999541,completed,19.62328391498886,69.11724832219335,34.264095306396484
4694,2,1,19.558333333333334,19.56072991201654,dropped_queue_full,,,
4695,3,1,19.5625,19.56265497300774,dropped_queue_full,,,
4696,0,0,19.566666666666666,19.566733052022755,dropped_queue_full,,,
4697,1,0,19.570833333333333,19.570858760969713,dropped_queue_full,,,
4698,2,0,19.575,19.57509950804524,completed,19.62986180000007,54.861800000072236,34.277793884277344
4699,3,0,19.579166666666666,19.57992313010618,completed,19.63842697418295,59.26030751628275,34.311744689941406
4700,0,1,19.583333333333332,19.584726872155443,completed,19.65142955398187,68.09622064853826,34.353153228759766
4701,1,1,19.5875,19.589720071991906,completed,19.656281715026125,68.78171502612673,34.374847412109375
4702,2,1,19.591666666666665,19.594874700065702,dropped_queue_full,,,
4703,3,1,19.59583333333333,19.595848000142723,dropped_queue_full,,,
4704,0,0,19.6,19.600101338000968,dropped_queue_full,,,
4705,1,0,19.604166666666668,19.60422612610273,dropped_queue_full,,,
4706,2,0,19.608333333333334,19.608620142098516,completed,19.664425543043762,56.092209710428165,34.38560104370117
4707,3,0,19.6125,19.613480464089662,completed,19.67295106803067,60.451068030669575,34.45619201660156
4708,0,1,19.616666666666667,19.618461534148082,completed,19.684621191117913,67.95452445124539,34.446144104003906
4709,1,1,19.620833333333334,19.623277716105804,completed,19.690385453170165,69.55211983683185,34.40243148803711
4710,2,1,19.625,19.628095617052168,dropped_queue_full,,,
4711,3,1,19.629166666666666,19.629219386028126,dropped_queue_full,,,
4712,0,0,19.633333333333333,19.633481773082167,dropped_queue_full,,,
4713,1,0,19.6375,19.63750701304525,dropped_queue_full,,,
4714,2,0,19.641666666666666,19.641739771002904,completed,19.6989030581899,57.23639152323301,34.34364700317383
4715,3,0,19.645833333333332,19.646568202180788,completed,19.709097936050966,63.26460271763423,34.427616119384766
4716,0,1,19.65,19.65142424404621,completed,19.718827258097008,68.82725809700929,34.42345428466797
4717,1,1,19.654166666666665,19.65627541509457,completed,19.72522844397463,71.06177730796404,34.56595230102539
4718,2,1,19.65833333333333,19.66109503712505,dropped_queue_full,,,
4719,3,1,19.6625,19.662535712122917,dropped_queue_full,,,
4720,0,0,19.666666666666668,19.666810679016635,dropped_queue_full,,,
4721,1,0,19.670833333333334,19.670895267976448,dropped_queue_full,,,
4722,2,0,19.675,19.67501522717066,completed,19.733609389979392,58.60938997939158,34.53433609008789
4723,3,0,19.679166666666667,19.679812759160995,completed,19.742311693029478,63.14502636281105,34.46207809448242
4724,0,1,19.683333333333334,19.684616051148623,completed,19.75190615700558,68.57282367224471,34.46550369262695
4725,1,1,19.6875,19.689571601105854,dropped_queue_full,,,
4726,2,1,19.691666666666666,19.691818439168856,dropped_queue_full,,,
4727,3,1,19.695833333333333,19.69589579803869,dropped_queue_full,,,
4728,0,0,19.7,19.700018347008154,dropped_queue_full,,,
4729,1,0,19.704166666666666,19.704256734112278,completed,19.75958227016963,55.41560350296493,34.352447509765625
4730,2,0,19.708333333333332,19.70909048616886,completed,19.768110344186425,59.77701085309306,34.349151611328125
4731,3,0,19.7125,19.713869468076155,completed,19.78057095897384,68.0709589738413,34.48633575439453
4732,0,1,19.716666666666665,19.718822208000347,completed,19.785380430985242,68.71376431857712,34.49433517456055
4733,1,1,19.72083333333333,19.723779859021306,dropped_queue_full,,,
4734,2,1,19.725,19.725061956094578,dropped_queue_full,,,
4735,3,1,19.729166666666668,19.72931793308817,dropped_queue_full,,,
4736,0,0,19.733333333333334,19.733438862022012,dropped_queue_full,,,
4737,1,0,19.7375,19.737505631055683,completed,19.79416813305579,56.66813305579055,34.4436149597168
4738,2,0,19.741666666666667,19.74230362311937,completed,19.80269390810281,61.02724143614324,34.46303939819336
4739,3,0,19.745833333333334,19.747117695165798,completed,19.813893526094034,68.06019276070074,34.481407165527344
4740,0,1,19.75,19.75190080702305,completed,19.819825306069106,69.82530606910586,34.41401672363281
4741,1,1,19.754166666666666,19.75671314797364,dropped_queue_full,,,
4742,2,1,19.758333333333333,19.758471561130136,dropped_queue_full,,,
4743,3,1,19.7625,19.762575729982927,dropped_queue_full,,,
4744,0,0,19.766666666666666,19.76668774918653,dropped_queue_full,,,
4745,1,0,19.770833333333332,19.770941256079823,completed,19.828869965160266,58.036631826933416,34.51980972290039
4746,2,0,19.775,19.775764238089323,completed,19.838224872015417,63.22487201541804,34.550655364990234
4747,3,0,19.779166666666665,19.780563339125365,completed,19.848116553155705,68.94988648904032,34.592830657958984
4748,0,1,19.78333333333333,19.7853750011418,completed,19.854706027079374,71.37269374604216,34.68207931518555
4749,1,1,19.7875,19.790370311122388,dropped_queue_full,,,
4750,2,1,19.791666666666668,19.79181347717531,dropped_queue_full,,,
4751,3,1,19.795833333333334,19.795892146183178,dropped_queue_full,,,
4752,0,0,19.8,19.800001535099,dropped_queue_full,,,
4753,1,0,19.804166666666667,19.804257922107354,completed,19.863542397972196,59.3757313055292,34.465152740478516
4754,2,0,19.808333333333334,19.809085604036227,completed,19.876365049974993,68.0317166416593,34.42851257324219
4755,3,0,19.8125,19.813885836163536,completed,19.88119287113659,68.69287113659084,34.42700958251953
4756,0,1,19.816666666666666,19.818696577101946,dropped_queue_full,,,
4757,1,1,19.820833333333333,19.820834706071764,dropped_queue_full,,,
4758,2,1,19.825,19.82510026311502,dropped_queue_full,,,
4759,3,1,19.829166666666666,19.82919063209556,dropped_queue_full,,,
4760,0,0,19.833333333333332,19.833416240056977,completed,19.889120842097327,55.787508763994964,34.341407775878906
4761,1,0,19.8375,19.838217362063006,completed,19.898023263085634,60.52326308563494,34.31961441040039
4762,2,0,19.841666666666665,19.843280801083893,completed,19.91035221912898,68.68555246231622,34.252830505371094
4763,3,0,19.84583333333333,19.848109093029052,completed,19.915437567979097,69.60423464576593,34.30972671508789
4764,0,1,19.85,19.85293117398396,dropped_queue_full,,,
4765,1,1,19.854166666666668,19.854222140973434,dropped_queue_full,,,
4766,2,1,19.858333333333334,19.85848192917183,dropped_queue_full,,,
4767,3,1,19.8625,19.862578097963706,dropped_queue_full,,,
4768,0,0,19.866666666666667,19.866693516029045,completed,19.923693184973672,57.02651830700489,34.358367919921875
4769,1,0,19.870833333333334,19.871527228038758,completed,19.932522617047653,61.68928371431903,34.33244705200195
4770,2,0,19.875,19.876358130015433,completed,19.943505777046084,68.5057770460844,34.316097259521484
4771,3,0,19.879166666666666,19.88118511112407,completed,19.949588536052033,70.42186938536688,34.409889221191406
4772,0,1,19.883333333333333,19.886007933178917,dropped_queue_full,,,
4773,1,1,19.8875,19.88761245715432,dropped_queue_full,,,
4774,2,1,19.891666666666666,19.891669636126608,dropped_queue_full,,,
4775,3,1,19.895833333333332,19.89594165305607,dropped_queue_full,,,
4776,0,0,19.9,19.90005321218632,completed,19.958108640043065,58.10864004306637,34.36934280395508
4777,1,0,19.904166666666665,19.9052604699973,completed,19.96749510616064,63.32843949397571,34.405601501464844
4778,2,0,19.90833333333333,19.91034525912255,completed,19.977325248066336,68.99191473300448,34.3869743347168
4779,3,0,19.9125,19.91542872809805,completed,19.984066940145567,71.56694014556564,34.430110931396484
4780,0,1,19.916666666666668,19.920516496989876,dropped_queue_full,,,
4781,1,1,19.920833333333334,19.92084855400026,dropped_queue_full,,,
4782,2,1,19.925,19.925105520989746,dropped_queue_full,,,
4783,3,1,19.929166666666667,19.92931865900755,dropped_queue_full,,,
4784,0,0,19.933333333333334,19.93347915704362,completed,19.992743632989004,59.410299655670684,34.426368713378906
4785,1,0,19.9375,19.938446787185967,completed,20.00159024517052,64.09024517051876,34.421504974365234
4786,2,0,19.941666666666666,19.94349879701622,completed,20.010111469076946,68.44480241027995,34.40496063232422
4787,3,0,19.945833333333333,19.94832231895998,dropped_queue_full,,,
4788,0,1,19.95,19.95006787101738,dropped_queue_full,,,
4789,1,1,19.954166666666666,19.954317857977003,dropped_queue_full,,,
4790,2,1,19.958333333333332,19.958434607135132,dropped_queue_full,,,
4791,3,1,19.9625,19.96252829604782,completed,20.018641744041815,56.14174404181682,34.44367980957031
4792,0,0,19.966666666666665,19.96748835616745,completed,20.027163479011506,60.49681234484083,34.447391510009766
4793,1,0,19.97083333333333,19.972409466980025,completed,20.027945531066507,57.11219773317566,26.228607177734375
4794,2,0,19.975,19.97731834813021,completed,20.02827120712027,53.271207120268116,18.13795280456543
4795,3,0,19.979166666666668,19.98229220812209,dropped_queue_full,,,
4796,0,1,19.983333333333334,19.98342135711573,dropped_queue_full,,,
4797,1,1,19.9875,19.987533506006002,dropped_queue_full,,,
4798,2,1,19.991666666666667,19.991798353148624,dropped_queue_full,,,
4799,3,1,19.995833333333334,19.995895941974595,completed,20.028593144146726,32.759810813391965,9.748607635498047
