frame,lane,variant,arrival_s,submission_s,status,completion_s,arrival_to_completion_ms,gpu_pipeline_ms
0,3,0,0.0,5.599576979875565e-07,completed,0.034454035107046366,34.454035107046366,34.048030853271484
1,0,0,0.004166666666666667,0.004267368000000715,completed,0.04298223997466266,38.815573307996,38.43580627441406
2,1,0,0.008333333333333333,0.008484786143526435,completed,0.05384396109730005,45.510627763966724,43.020225524902344
3,2,0,0.0125,0.012622843962162733,completed,0.06213200814090669,49.63200814090669,47.60121536254883
4,3,1,0.016666666666666666,0.016722002997994423,completed,0.06945864506997168,52.791978403305016,34.91347122192383
5,0,1,0.020833333333333332,0.0210023601539433,completed,0.0781397670507431,57.306433717409774,35.04105758666992
6,1,1,0.025,0.025073029100894928,completed,0.08721984596922994,62.21984596922994,35.16080093383789
7,2,1,0.029166666666666667,0.02929912693798542,completed,0.09576762095093727,66.6009542842706,35.075870513916016
8,3,0,0.03333333333333333,0.03337237611413002,dropped_queue_full,,,
9,0,0,0.0375,0.037593184038996696,dropped_queue_full,,,
10,1,0,0.041666666666666664,0.0417576520703733,dropped_queue_full,,,
11,2,0,0.04583333333333333,0.04591721994802356,dropped_queue_full,,,
12,3,1,0.05,0.050072889076545835,completed,0.10471142106689513,54.71142106689513,35.02425765991211
13,0,1,0.05416666666666667,0.05429724603891373,completed,0.11324351606890559,59.07684940223892,34.9804801940918
14,1,1,0.058333333333333334,0.05836662603542209,completed,0.12532624509185553,66.9929117585222,35.01683044433594
15,2,1,0.0625,0.06261167302727699,completed,0.1308776990044862,68.3776990044862,35.085086822509766
16,3,0,0.06666666666666667,0.06670458195731044,dropped_queue_full,,,
17,0,0,0.07083333333333333,0.0708775999955833,dropped_queue_full,,,
18,1,0,0.075,0.0750788280274719,dropped_queue_full,,,
19,2,0,0.07916666666666666,0.07924461597576737,dropped_queue_full,,,
20,3,1,0.08333333333333333,0.08345172414556146,completed,0.13971714000217617,56.38380666884284,34.89152145385742
21,0,1,0.0875,0.08754030312411487,completed,0.14972859993577003,62.22859993577004,35.042144775390625
22,1,1,0.09166666666666666,0.09178556106053293,completed,0.15810042596422136,66.4337592975547,35.02252960205078
23,2,1,0.09583333333333333,0.09592763893306255,completed,0.16613980615511537,70.30647282178204,35.07612609863281
24,3,0,0.1,0.1001404570415616,dropped_queue_full,,,
25,0,0,0.10416666666666667,0.10423355596140027,dropped_queue_full,,,
26,1,0,0.10833333333333334,0.10845104395411909,dropped_queue_full,,,
27,2,0,0.1125,0.11260639200918376,dropped_queue_full,,,
28,3,1,0.11666666666666667,0.1167031810618937,completed,0.17486870801076293,58.20204134409626,35.080257415771484
29,0,1,0.12083333333333333,0.12150787306018174,completed,0.1871559650171548,66.32263168382148,35.018497467041016
30,1,1,0.125,0.12532116496004164,completed,0.19254240114241838,67.54240114241838,35.023902893066406
31,2,1,0.12916666666666665,0.12929771514609456,dropped_queue_full,,,
32,3,0,0.13333333333333333,0.13338905409909785,dropped_queue_full,,,
33,0,0,0.1375,0.13755192211829126,dropped_queue_full,,,
34,1,0,0.14166666666666666,0.14176309015601873,dropped_queue_full,,,
35,2,0,0.14583333333333334,0.1459195481147617,completed,0.2013675330672413,55.53419973390797,34.998046875
36,3,1,0.15,0.1500525469891727,completed,0.21226043393835425,62.26043393835426,34.94559860229492
37,0,1,0.15416666666666667,0.15430137398652732,completed,0.2206649191211909,66.49825245452423,35.0404167175293
38,1,1,0.15833333333333333,0.15842253295704722,completed,0.22782722814008594,69.4938948067526,35.14976119995117
39,2,1,0.1625,0.16255661193281412,dropped_queue_full,,,
40,3,0,0.16666666666666666,0.16677091899327934,dropped_queue_full,,,
41,0,0,0.17083333333333334,0.1708637981209904,dropped_queue_full,,,
42,1,0,0.175,0.17502903705462813,dropped_queue_full,,,
43,2,0,0.17916666666666667,0.1792326250579208,completed,0.23645269102416933,57.286024357502654,34.95868682861328
44,3,1,0.18333333333333332,0.1833619331009686,completed,0.24559994996525347,62.26661663192015,35.07622528076172
45,0,1,0.1875,0.18763625994324684,completed,0.2538237071130425,66.32370711304247,34.95695877075195
46,1,1,0.19166666666666665,0.19174837903119624,dropped_queue_full,,,
47,2,1,0.19583333333333333,0.1959168971516192,dropped_queue_full,,,
48,3,0,0.2,0.20007331599481404,dropped_queue_full,,,
49,0,0,0.20416666666666666,0.20429054298438132,dropped_queue_full,,,
50,1,0,0.20833333333333334,0.20844675204716623,completed,0.2628703659866005,54.537032653267175,34.814849853515625
51,2,0,0.2125,0.212580650113523,completed,0.2713963610585779,58.8963610585779,34.75539016723633
52,3,1,0.21666666666666667,0.21670193900354207,completed,0.2829641350544989,66.29746838783224,34.78217697143555
53,0,1,0.22083333333333333,0.2209806360770017,completed,0.28876878693699837,67.93545360366504,34.886558532714844
54,1,1,0.225,0.2250989149324596,dropped_queue_full,,,
55,2,1,0.22916666666666666,0.22923068306408823,dropped_queue_full,,,
56,3,0,0.23333333333333334,0.2333855319302529,dropped_queue_full,,,
57,0,0,0.2375,0.2375568300485611,dropped_queue_full,,,
58,1,0,0.24166666666666667,0.24176531797274947,completed,0.2979261849541217,56.25951828745504,34.92841720581055
59,2,0,0.24583333333333332,0.24592034611850977,completed,0.3079911239910871,62.15779065775376,34.931488037109375
60,3,1,0.25,0.2500462750904262,completed,0.31630009110085666,66.30009110085666,34.9582405090332
61,0,1,0.25416666666666665,0.25429824204184115,completed,0.32391991512849927,69.75324846183261,34.940799713134766
62,1,1,0.2583333333333333,0.2583658320363611,dropped_queue_full,,,
63,2,1,0.2625,0.2625508301425725,dropped_queue_full,,,
64,3,0,0.26666666666666666,0.2667609469499439,dropped_queue_full,,,
65,0,0,0.2708333333333333,0.2709160461090505,dropped_queue_full,,,
66,1,0,0.275,0.27513798396103084,completed,0.3331412619445473,58.141261944547274,35.05094528198242
67,2,0,0.2791666666666667,0.27919599297456443,completed,0.34176121605560184,62.594549388935164,35.11004638671875
68,3,1,0.2833333333333333,0.2834412099327892,completed,0.3505120980553329,67.17876472199957,35.222591400146484
69,0,1,0.2875,0.2875028101261705,dropped_queue_full,,,
70,1,1,0.2916666666666667,0.29175673704594374,dropped_queue_full,,,
71,2,1,0.29583333333333334,0.295917154988274,dropped_queue_full,,,
72,3,0,0.3,0.300124502973631,dropped_queue_full,,,
73,0,0,0.30416666666666664,0.30422807205468416,completed,0.35929780011065304,55.1311334439864,35.19113540649414
74,1,0,0.30833333333333335,0.30846821004524827,completed,0.3707326459698379,62.399312636504554,34.97273635864258
75,2,0,0.3125,0.31253997911699116,completed,0.3802951399702579,67.79513997025788,35.00764846801758
76,3,1,0.31666666666666665,0.31677709612995386,completed,0.38561334600672126,68.9466793400546,35.005279541015625
77,0,1,0.3208333333333333,0.3208467860240489,dropped_queue_full,,,
78,1,1,0.325,0.32513627293519676,dropped_queue_full,,,
79,2,1,0.32916666666666666,0.3292373011354357,dropped_queue_full,,,
80,3,0,0.3333333333333333,0.33345915912650526,dropped_queue_full,,,
81,0,0,0.3375,0.3375332581344992,completed,0.3942961790598929,56.79617905989287,34.96879959106445
82,1,0,0.3416666666666667,0.3417573659680784,completed,0.40383997396565974,62.173307298993066,34.98835372924805
83,2,0,0.3458333333333333,0.34598189406096935,completed,0.4121393309906125,66.30599765727918,34.89235305786133
84,3,1,0.35,0.3500334429554641,dropped_queue_full,,,
85,0,1,0.3541666666666667,0.354237220948562,dropped_queue_full,,,
86,1,1,0.35833333333333334,0.35838852915912867,dropped_queue_full,,,
87,2,1,0.3625,0.3625443079508841,dropped_queue_full,,,
88,3,0,0.36666666666666664,0.3667008359916508,completed,0.4207073450088501,54.040678342183455,34.990238189697266
89,0,0,0.37083333333333335,0.3709075639490038,completed,0.42939506797119975,58.5617346378664,35.00886535644531
90,1,0,0.375,0.3758341751527041,completed,0.44137568795122206,66.37568795122206,35.0715217590332
91,2,0,0.37916666666666665,0.3802877201233059,completed,0.4471910090651363,68.02434239846966,34.998111724853516
92,3,1,0.3833333333333333,0.38405531202442944,dropped_queue_full,,,
93,0,1,0.3875,0.38765470613725483,dropped_queue_full,,,
94,1,1,0.39166666666666666,0.3916988461278379,dropped_queue_full,,,
95,2,1,0.3958333333333333,0.3958675339818001,dropped_queue_full,,,
96,3,0,0.4,0.40007731202058494,completed,0.4559851009398699,55.98510093986986,35.07206344604492
97,0,0,0.4041666666666667,0.404250520048663,completed,0.4662946581374854,62.12799147081871,35.08483123779297
98,1,0,0.4083333333333333,0.40835244907066226,completed,0.4745908749755472,66.25754164221387,34.922401428222656
99,2,0,0.4125,0.4126164161134511,completed,0.48260699515230954,70.10699515230957,35.2503662109375
100,3,1,0.4166666666666667,0.4166948951315135,dropped_queue_full,,,
101,0,1,0.42083333333333334,0.42086766310967505,dropped_queue_full,,,
102,1,1,0.425,0.4250736110843718,dropped_queue_full,,,
103,2,1,0.42916666666666664,0.42922983900643885,dropped_queue_full,,,
104,3,0,0.43333333333333335,0.4334493570495397,completed,0.49129707808606327,57.963744752729916,35.25785446166992
105,0,0,0.4375,0.43765207496471703,completed,0.5038488020654768,66.34880206547678,35.411678314208984
106,1,0,0.44166666666666665,0.44169656396843493,completed,0.5094102460425347,67.74357937586805,35.63248062133789
107,2,0,0.4458333333333333,0.4459264720790088,dropped_queue_full,,,
108,3,1,0.45,0.45013533998280764,dropped_queue_full,,,
109,0,1,0.45416666666666666,0.4542930780444294,dropped_queue_full,,,
110,1,1,0.4583333333333333,0.45834021805785596,dropped_queue_full,,,
111,2,1,0.46249999999999997,0.4625425359699875,completed,0.5183955859392881,55.895585939288175,35.68009567260742
112,3,0,0.4666666666666667,0.46677390299737453,completed,0.5288454710971564,62.178804430489734,35.827423095703125
113,0,0,0.4708333333333333,0.47085100202821195,completed,0.5371069279499352,66.27359461660187,35.82508850097656
114,1,0,0.475,0.4750703501049429,completed,0.545236747013405,70.236747013405,35.70463943481445
115,2,0,0.4791666666666667,0.4791759690269828,dropped_queue_full,,,
116,3,1,0.48333333333333334,0.4833967271260917,dropped_queue_full,,,
117,0,1,0.4875,0.4876028751023114,dropped_queue_full,,,
118,1,1,0.49166666666666664,0.49176981300115585,dropped_queue_full,,,
119,2,1,0.49583333333333335,0.49584657209925354,completed,0.5541427379939705,58.30940466063716,35.629825592041016
120,3,0,0.5,0.5001113191246986,completed,0.5663672049995512,66.36720499955118,35.60236740112305
121,0,0,0.5041666666666667,0.5042327579576522,completed,0.5718770199455321,67.71035327886543,35.559871673583984
122,1,0,0.5083333333333333,0.5084616451058537,dropped_queue_full,,,
123,2,0,0.5125,0.5125428049359471,dropped_queue_full,,,
124,3,1,0.5166666666666666,0.5166984130628407,dropped_queue_full,,,
125,0,1,0.5208333333333334,0.5209048411343247,dropped_queue_full,,,
126,1,1,0.525,0.5250756789464504,completed,0.5809829290956259,55.982929095625856,35.590206146240234
127,2,1,0.5291666666666667,0.5292966370470822,completed,0.5914988231379539,62.332156471287206,35.762271881103516
128,3,0,0.5333333333333333,0.5333575760014355,completed,0.5996768311597407,66.34349782640736,35.77939224243164
129,0,0,0.5375,0.5375861739739776,completed,0.6077036510687321,70.20365106873217,35.68387222290039
130,1,0,0.5416666666666666,0.5418093909975141,dropped_queue_full,,,
131,2,0,0.5458333333333333,0.5458671010565013,dropped_queue_full,,,
132,3,1,0.55,0.550093658035621,dropped_queue_full,,,
133,0,1,0.5541666666666667,0.5543026661034673,dropped_queue_full,,,
134,1,1,0.5583333333333333,0.558388255070895,completed,0.6167678199708462,58.434486637512826,35.673152923583984
135,2,1,0.5625,0.5626124129630625,completed,0.6288130900356919,66.31309003569186,35.32172775268555
136,3,0,0.5666666666666667,0.5666879320051521,completed,0.6344574729446322,67.79080627796552,35.347713470458984
137,0,0,0.5708333333333333,0.5709305701311678,dropped_queue_full,,,
138,1,0,0.575,0.5751351970247924,dropped_queue_full,,,
139,2,0,0.5791666666666666,0.5792906060814857,dropped_queue_full,,,
140,3,1,0.5833333333333334,0.5834481040947139,dropped_queue_full,,,
141,0,1,0.5875,0.5875425131525844,completed,0.6431398061104119,55.63980611041186,35.39228820800781
142,1,1,0.5916666666666667,0.591818829998374,completed,0.6538763679563999,62.209701289733246,35.2657585144043
143,2,1,0.5958333333333333,0.5959245890844613,completed,0.6621454861015081,66.31215276817481,35.25990295410156
144,3,0,0.6,0.6001378970686346,completed,0.6697635790333152,69.76357903331521,35.24012756347656
145,0,0,0.6041666666666666,0.6042602460365742,dropped_queue_full,,,
146,1,0,0.6083333333333333,0.6084497740957886,dropped_queue_full,,,
147,2,0,0.6125,0.6126036320347339,dropped_queue_full,,,
148,3,1,0.6166666666666667,0.6167613200377673,dropped_queue_full,,,
149,0,1,0.6208333333333333,0.6208549891598523,completed,0.6785402409732342,57.70690763990083,35.24310302734375
150,1,1,0.625,0.6250847070477903,completed,0.6914731420110911,66.47314201109111,35.24415969848633
151,2,1,0.6291666666666667,0.6292952650692314,completed,0.6962298741564155,67.0632074897488,35.15049743652344
152,3,0,0.6333333333333333,0.6333548040129244,dropped_queue_full,,,
153,0,0,0.6375,0.6376005820930004,dropped_queue_full,,,
154,1,0,0.6416666666666666,0.641759870108217,dropped_queue_full,,,
155,2,0,0.6458333333333334,0.6459685480222106,dropped_queue_full,,,
156,3,1,0.65,0.6501338661182672,completed,0.705141045153141,55.141045153141,35.17824172973633
157,0,1,0.6541666666666667,0.6541964849457145,completed,0.716370492009446,62.20382534277935,35.12940979003906
158,1,1,0.6583333333333333,0.658396532991901,completed,0.7246369291096926,66.30359577635924,35.05545425415039
159,2,1,0.6625,0.6626229309476912,completed,0.7313441219739616,68.84412197396162,34.963104248046875
160,3,0,0.6666666666666666,0.6666886501479894,dropped_queue_full,,,
161,0,0,0.6708333333333333,0.6708663981407881,dropped_queue_full,,,
162,1,0,0.675,0.6750810861121863,dropped_queue_full,,,
163,2,0,0.6791666666666667,0.6792928739450872,dropped_queue_full,,,
164,3,1,0.6833333333333333,0.6834488620515913,completed,0.7401416040956974,56.80827076236405,34.950401306152344
165,0,1,0.6875,0.687543201027438,completed,0.7496758680790663,62.17586807906628,34.94566345214844
166,1,1,0.6916666666666667,0.6917940280400217,completed,0.7579684150405228,66.30174837385616,34.914878845214844
167,2,1,0.6958333333333333,0.6959076069761068,dropped_queue_full,,,
168,3,0,0.7,0.7001338950358331,dropped_queue_full,,,
169,0,0,0.7041666666666666,0.7043456530664116,dropped_queue_full,,,
170,1,0,0.7083333333333334,0.7084351920057088,dropped_queue_full,,,
171,2,0,0.7125,0.7126040901057422,completed,0.7665488990023732,54.0488990023732,34.90812683105469
172,3,1,0.7166666666666667,0.7166917589493096,completed,0.7752395819406956,58.57291527402897,34.99308776855469
173,0,1,0.7208333333333333,0.7208975770045072,completed,0.7871429829392582,66.30964960592489,34.99097442626953
174,1,1,0.725,0.7251152049284428,completed,0.7931056530214846,68.10565302148464,34.95228958129883
175,2,1,0.7291666666666666,0.729295713128522,dropped_queue_full,,,
176,3,0,0.7333333333333333,0.7333863719832152,dropped_queue_full,,,
177,0,0,0.7375,0.7375464700162411,dropped_queue_full,,,
178,1,0,0.7416666666666667,0.741712637944147,dropped_queue_full,,,
179,2,0,0.7458333333333333,0.7459189461078495,completed,0.8016136479564011,55.78031462306776,34.9411506652832
180,3,1,0.75,0.7501385640352964,completed,0.8121643420308828,62.164342030882835,34.98710250854492
181,0,1,0.7541666666666667,0.7541992529295385,completed,0.820435349131003,66.26868246433637,34.96476745605469
182,1,1,0.7583333333333333,0.7584577600937337,completed,0.8282574510667473,69.92411773341401,35.01871871948242
183,2,1,0.7625,0.7625261300709099,dropped_queue_full,,,
184,3,0,0.7666666666666666,0.7667095479555428,dropped_queue_full,,,
185,0,0,0.7708333333333334,0.7709167159628123,dropped_queue_full,,,
186,1,0,0.775,0.7750733140856028,dropped_queue_full,,,
187,2,0,0.7791666666666667,0.779294622130692,completed,0.8367664960678667,57.59982940120001,35.02867126464844
188,3,1,0.7833333333333333,0.7833660510368645,completed,0.8455522679723799,62.218934639046594,34.99599838256836
189,0,1,0.7875,0.7876223081257194,completed,0.8541357221547514,66.63572215475145,34.95955276489258
190,1,1,0.7916666666666666,0.7916893269866705,dropped_queue_full,,,
191,2,1,0.7958333333333333,0.7959153749980032,dropped_queue_full,,,
192,3,0,0.8,0.8000737230759114,dropped_queue_full,,,
193,0,0,0.8041666666666667,0.8046523679513484,dropped_queue_full,,,
194,1,0,0.8083333333333333,0.808385849930346,completed,0.8631380710285157,54.80473769518235,34.83299255371094
195,2,0,0.8125,0.812641056952998,completed,0.8717693351209164,59.26933512091637,34.739200592041016
196,3,1,0.8166666666666667,0.8167035870719701,completed,0.8830416719429195,66.37500527625284,34.783775329589844
197,0,1,0.8208333333333333,0.8209145250730217,completed,0.8891365311574191,68.30319782408579,34.841217041015625
198,1,1,0.825,0.8251333320513368,dropped_queue_full,,,
199,2,1,0.8291666666666666,0.829200561158359,dropped_queue_full,,,
200,3,0,0.8333333333333334,0.8333885299507529,dropped_queue_full,,,
201,0,0,0.8375,0.837559268111363,dropped_queue_full,,,
202,1,0,0.8416666666666667,0.8417605760041624,completed,0.8981408809777349,56.47421431106825,34.77462387084961
203,2,0,0.8458333333333333,0.8458725749514997,completed,0.908377137966454,62.5438046331207,34.74310302734375
204,3,1,0.85,0.8500923721585423,completed,0.9163836280349642,66.38362803496423,34.742881774902344
205,0,1,0.8541666666666666,0.854296820005402,completed,0.923859213013202,69.69254634653532,34.51657485961914
206,1,1,0.8583333333333333,0.8583552991040051,dropped_queue_full,,,
207,2,1,0.8624999999999999,0.8625420280732214,dropped_queue_full,,,
208,3,0,0.8666666666666667,0.866702756145969,dropped_queue_full,,,
209,0,0,0.8708333333333333,0.8708575940690935,dropped_queue_full,,,
210,1,0,0.875,0.8750636021140963,completed,0.9327669739723206,57.76697397232056,34.56892776489258
211,2,0,0.8791666666666667,0.8792943600565195,completed,0.9413524579722434,62.18579130557678,34.5302734375
212,3,1,0.8833333333333333,0.8833620389923453,completed,0.9499825411476195,66.64920781428619,34.5491828918457
213,0,1,0.8875,0.8875917859841138,dropped_queue_full,,,
214,1,1,0.8916666666666666,0.8917595550883561,dropped_queue_full,,,
215,2,1,0.8958333333333334,0.8959653519559652,dropped_queue_full,,,
216,3,0,0.9,0.9000270119868219,dropped_queue_full,,,
217,0,0,0.9041666666666667,0.9042336901184171,completed,0.9585541549604386,54.38748829377194,34.7077751159668
218,1,0,0.9083333333333333,0.908371628029272,completed,0.967460016021505,59.12668268817167,34.53084945678711
219,2,0,0.9125,0.9126300159841776,completed,0.97886599204503,66.36599204503003,34.538719177246094
220,3,1,0.9166666666666666,0.9167034451384097,completed,0.9846679540351033,68.00128736843669,34.60233688354492
221,0,1,0.9208333333333333,0.9208972931373864,dropped_queue_full,,,
222,1,1,0.9249999999999999,0.9250758611597121,dropped_queue_full,,,
223,2,1,0.9291666666666667,0.9292299691587687,dropped_queue_full,,,
224,3,0,0.9333333333333333,0.9333980281371623,dropped_queue_full,,,
225,0,0,0.9375,0.9376050350256264,completed,0.9932982169557363,55.79821695573628,34.6220817565918
226,1,0,0.9416666666666667,0.9416740550659597,completed,1.0038210120983422,62.15434543167553,34.64140701293945
227,2,0,0.9458333333333333,0.9458998320624232,completed,1.0124246859923005,66.59135265896721,34.670814514160156
228,3,1,0.95,0.950142830144614,completed,1.0194535551127046,69.45355511270468,34.7039680480957
229,0,1,0.9541666666666666,0.9542355590965599,dropped_queue_full,,,
230,1,1,0.9583333333333334,0.9583908170461655,dropped_queue_full,,,
231,2,1,0.9625,0.9626088750083,dropped_queue_full,,,
232,3,0,0.9666666666666667,0.9668135531246662,dropped_queue_full,,,
233,0,0,0.9708333333333333,0.9709189811255783,completed,1.028295926982537,57.46259364920358,34.74473571777344
234,1,0,0.975,0.9751373189501464,completed,1.0372026269324124,62.20262693241241,34.732704162597656
235,2,0,0.9791666666666666,0.9791867190506309,completed,1.0456495131365955,66.48284646992886,34.696224212646484
236,3,1,0.9833333333333333,0.9834060161374509,dropped_queue_full,,,
237,0,1,0.9874999999999999,0.9876043440308422,dropped_queue_full,,,
238,1,1,0.9916666666666667,0.9917603731155396,dropped_queue_full,,,
239,2,1,0.9958333333333333,0.9959686810616404,dropped_queue_full,,,
240,3,0,1.0,1.0000716091599315,completed,1.0543940849602222,54.394084960222244,34.74233627319336
241,0,0,1.0041666666666667,1.004295407095924,completed,1.0631390870548785,58.97242038821182,34.7542724609375
242,1,0,1.0083333333333333,1.008441616082564,completed,1.0746592220384628,66.32588870512946,34.7644157409668
243,2,0,1.0125,1.012588534038514,completed,1.0806090619880706,68.10906198807065,34.82969665527344
244,3,1,1.0166666666666666,1.0167003029491752,dropped_queue_full,,,
245,0,1,1.0208333333333333,1.0208690911531448,dropped_queue_full,,,
246,1,1,1.025,1.0250746591482311,dropped_queue_full,,,
247,2,1,1.0291666666666666,1.0292461570352316,dropped_queue_full,,,
248,3,0,1.0333333333333332,1.0334479550365359,completed,1.0895538830664009,56.22054973306767,34.98313522338867
249,0,0,1.0375,1.0375237539410591,completed,1.0996829310897738,62.18293108977369,34.99407958984375
250,1,0,1.0416666666666667,1.041736711980775,completed,1.1086191420909017,66.95247542423499,35.069759368896484
251,2,0,1.0458333333333334,1.0459661690983921,completed,1.1159810179378837,70.14768460455034,35.102176666259766
252,3,1,1.05,1.0500308689661324,dropped_queue_full,,,
253,0,1,1.0541666666666667,1.054229567060247,dropped_queue_full,,,
254,1,1,1.0583333333333333,1.0583864250220358,dropped_queue_full,,,
255,2,1,1.0625,1.0625431931111962,dropped_queue_full,,,
256,3,0,1.0666666666666667,1.0667077819816768,completed,1.1247693900950253,58.10272342835865,35.22083282470703
257,0,0,1.0708333333333333,1.0709182200953364,completed,1.1372534949332476,66.42016159991427,35.21043014526367
258,1,0,1.075,1.075138757005334,completed,1.1426114910282195,67.6114910282195,35.10979080200195
259,2,0,1.0791666666666666,1.0792016570921987,dropped_queue_full,,,
260,3,1,1.0833333333333333,1.0833867550827563,dropped_queue_full,,,
261,0,1,1.0875,1.0875453329645097,dropped_queue_full,,,
262,1,1,1.0916666666666666,1.0917477109469473,dropped_queue_full,,,
263,2,1,1.0958333333333332,1.0959168190602213,completed,1.151139316149056,55.30598281572274,35.063167572021484
264,3,0,1.1,1.100138737121597,completed,1.1622189751360565,62.21897513605646,35.0263671875
265,0,0,1.1041666666666667,1.1042990449350327,completed,1.1706143100745976,66.44764340793085,34.905216217041016
266,1,0,1.1083333333333334,1.1086136021185666,completed,1.1777068090159446,69.3734756826112,35.001792907714844
267,2,0,1.1125,1.1125910619739443,dropped_queue_full,,,
268,3,1,1.1166666666666667,1.1167695201002061,dropped_queue_full,,,
269,0,1,1.1208333333333333,1.1209177479613572,dropped_queue_full,,,
270,1,1,1.125,1.1250868970528245,dropped_queue_full,,,
271,2,1,1.1291666666666667,1.1292936040554196,completed,1.1862951330840588,57.12846641739211,34.95238494873047
272,3,0,1.1333333333333333,1.1334533030167222,completed,1.19560648011975,62.2731467864166,34.990047454833984
273,0,0,1.1375,1.1375761311501265,completed,1.2039135571103543,66.41355711035435,35.10201644897461
274,1,0,1.1416666666666666,1.1416973101440817,dropped_queue_full,,,
275,2,0,1.1458333333333333,1.1459121080115438,dropped_queue_full,,,
276,3,1,1.15,1.1500752859283239,dropped_queue_full,,,
277,0,1,1.1541666666666666,1.1542302649468184,dropped_queue_full,,,
278,1,1,1.1583333333333332,1.158388263080269,completed,1.2128661370370537,54.53280370372049,34.984031677246094
279,2,1,1.1625,1.1625393209978938,completed,1.221400341950357,58.900341950356875,34.95148849487305
280,3,0,1.1666666666666667,1.1668106489814818,completed,1.2331905830651522,66.52391639848543,34.9936637878418
281,0,0,1.1708333333333334,1.170936657115817,completed,1.2388792659621686,68.04593262883517,34.928192138671875
282,1,0,1.175,1.1750517061445862,dropped_queue_full,,,
283,2,0,1.1791666666666667,1.179230113979429,dropped_queue_full,,,
284,3,1,1.1833333333333333,1.183388961944729,dropped_queue_full,,,
285,0,1,1.1875,1.1875541610643268,dropped_queue_full,,,
286,1,1,1.1916666666666667,1.1917635379359126,completed,1.2479844549670815,56.3177883004149,34.98428726196289
287,2,1,1.1958333333333333,1.1959266469348222,completed,1.2580403240863234,62.20699075299008,34.98604965209961
288,3,0,1.2,1.2000925550237298,completed,1.2664546200539917,66.45462005399172,34.9640007019043
289,0,0,1.2041666666666666,1.2042363029904664,completed,1.2739813949447125,69.81472827804592,35.041568756103516
290,1,0,1.2083333333333333,1.2083908319473267,dropped_queue_full,,,
291,2,0,1.2125,1.2125460000243038,dropped_queue_full,,,
292,3,1,1.2166666666666666,1.2167632880154997,dropped_queue_full,,,
293,0,1,1.2208333333333332,1.220918846083805,dropped_queue_full,,,
294,1,1,1.225,1.2250744251068681,completed,1.283084843074903,58.08484307490281,34.96134567260742
295,2,1,1.2291666666666667,1.2292185430414975,completed,1.291584548074752,62.41788140808535,34.895774841308594
296,3,0,1.2333333333333334,1.233353452058509,completed,1.3003925301600248,67.05919682669136,34.932830810546875
297,0,0,1.2375,1.2376190091017634,dropped_queue_full,,,
298,1,0,1.2416666666666667,1.241704307962209,dropped_queue_full,,,
299,2,0,1.2458333333333333,1.2458574660122395,dropped_queue_full,,,
300,3,1,1.25,1.2500254749320447,dropped_queue_full,,,
301,0,1,1.2541666666666667,1.2542302929796278,completed,1.3090555330272764,54.88886636060975,34.92879867553711
302,1,1,1.2583333333333333,1.2583615409675986,completed,1.3205739380791783,62.24060474584503,34.809696197509766
303,2,1,1.2625,1.2626434781122953,completed,1.3289265241473913,66.42652414739136,34.83055877685547
304,3,0,1.2666666666666666,1.2667750969994813,completed,1.3353954390622675,68.72877239560094,34.87142562866211
305,0,0,1.2708333333333333,1.270886915968731,dropped_queue_full,,,
306,1,0,1.275,1.275089852977544,dropped_queue_full,,,
307,2,0,1.2791666666666666,1.2792959411162883,dropped_queue_full,,,
308,3,1,1.2833333333333332,1.2834022301249206,dropped_queue_full,,,
309,0,1,1.2875,1.2876083080191165,completed,1.3440802921541035,56.58029215410343,34.853248596191406
310,1,1,1.2916666666666667,1.2917454270645976,completed,1.353863273980096,62.19660731342924,34.89292907714844
311,2,1,1.2958333333333334,1.2959137251600623,completed,1.3621365509461612,66.30321761282775,34.81455993652344
312,3,0,1.3,1.3000694231595844,dropped_queue_full,,,
313,0,0,1.3041666666666667,1.3042305121198297,dropped_queue_full,,,
314,1,0,1.3083333333333333,1.3084178699646145,dropped_queue_full,,,
315,2,0,1.3125,1.312604018021375,dropped_queue_full,,,
316,3,1,1.3166666666666667,1.316763386130333,completed,1.3703915381338447,53.72487146717808,34.807743072509766
317,0,1,1.3208333333333333,1.3208966350648552,completed,1.3789828431326896,58.149509799356295,34.84105682373047
318,1,1,1.325,1.3251374820247293,completed,1.3913672079797834,66.36720797978346,34.87772750854492
319,2,1,1.3291666666666666,1.3292466511484236,completed,1.3967434249352664,67.57675826859978,34.94889450073242
320,3,0,1.3333333333333333,1.3333651900757104,dropped_queue_full,,,
321,0,0,1.3375,1.3375936071388423,dropped_queue_full,,,
322,1,0,1.3416666666666666,1.341762405121699,dropped_queue_full,,,
323,2,0,1.3458333333333332,1.345967432949692,dropped_queue_full,,,
324,3,1,1.35,1.3501313719898462,completed,1.4055414760950953,55.54147609509519,35.13407897949219
325,0,1,1.3541666666666667,1.35429734014906,completed,1.4167300439439714,62.56337727730465,35.140159606933594
326,1,1,1.3583333333333334,1.3583698491565883,completed,1.42491543199867,66.5820986653367,35.17238235473633
327,2,1,1.3625,1.3626133860088885,completed,1.4320303711574525,69.53037115745242,35.14044952392578
328,3,0,1.3666666666666667,1.3666871159803122,dropped_queue_full,,,
329,0,0,1.3708333333333333,1.3708645740989596,dropped_queue_full,,,
330,1,0,1.375,1.3751336310524493,dropped_queue_full,,,
331,2,0,1.3791666666666667,1.3792996590491384,dropped_queue_full,,,
332,3,1,1.3833333333333333,1.3833850580267608,completed,1.440924922004342,57.59158867100878,35.20716857910156
333,0,1,1.3875,1.3876095260493457,completed,1.4496797639876604,62.17976398766045,35.158592224121094
334,1,1,1.3916666666666666,1.391689124982804,completed,1.4587003339547664,67.03366728809979,35.1011848449707
335,2,1,1.3958333333333333,1.3959514319431037,dropped_queue_full,,,
336,3,0,1.4,1.400133561110124,dropped_queue_full,,,
337,0,0,1.4041666666666666,1.4042512390296906,dropped_queue_full,,,
338,1,0,1.4083333333333332,1.4084951670374721,dropped_queue_full,,,
339,2,0,1.4125,1.4125463259406388,completed,1.4673977070488036,54.89770704880348,35.14595031738281
340,3,1,1.4166666666666667,1.4167255039792508,completed,1.479013690026477,62.34702335981024,35.120384216308594
341,0,1,1.4208333333333334,1.4209041320718825,completed,1.4872334180399776,66.40008470664415,35.22943878173828
342,1,1,1.425,1.4250786111224443,completed,1.4940337201114744,69.03372011147435,35.13875198364258
343,2,1,1.4291666666666667,1.4292822480201721,dropped_queue_full,,,
344,3,0,1.4333333333333333,1.4334463570266962,dropped_queue_full,,,
345,0,0,1.4375,1.4375446159392595,dropped_queue_full,,,
346,1,0,1.4416666666666667,1.4417125340551138,dropped_queue_full,,,
347,2,0,1.4458333333333333,1.445917682023719,completed,1.502631732961163,56.798399627829625,35.0909423828125
348,3,1,1.45,1.4501363690942526,completed,1.5145338540896773,64.53385408967738,35.19091033935547
349,0,1,1.4541666666666666,1.4542982280254364,completed,1.520333836087957,66.16716942129042,35.268287658691406
350,1,1,1.4583333333333333,1.4583790970500559,dropped_queue_full,,,
351,2,1,1.4625,1.4626068349462003,dropped_queue_full,,,
352,3,0,1.4666666666666666,1.4667596931103617,dropped_queue_full,,,
353,0,0,1.4708333333333332,1.4708582521416247,dropped_queue_full,,,
354,1,0,1.475,1.4751335489563644,completed,1.5294356551021338,54.435655102133666,35.29334259033203
355,2,0,1.4791666666666667,1.479177078930661,completed,1.5436332130338997,64.46654636723292,35.33388900756836
356,3,1,1.4833333333333334,1.4834519759751856,completed,1.5493417349644005,66.00840163106713,35.42879867553711
357,0,1,1.4875,1.4875564849935472,completed,1.5558783700689673,68.3783700689673,35.35193634033203
358,1,1,1.4916666666666667,1.491680843057111,dropped_queue_full,,,
359,2,1,1.4958333333333333,1.4959401399828494,dropped_queue_full,,,
360,3,0,1.5,1.5001011390704662,dropped_queue_full,,,
361,0,0,1.5041666666666667,1.504239627160132,dropped_queue_full,,,
362,1,0,1.5083333333333333,1.508669022936374,completed,1.564912348985672,56.5790156523387,35.3144645690918
363,2,0,1.5125,1.514524454018101,completed,1.5783536550588906,65.85365505889062,35.2454719543457
364,3,1,1.5166666666666666,1.520327446050942,completed,1.584165435982868,67.49876931620148,35.24403381347656
365,0,1,1.5208333333333333,1.526167978066951,dropped_dispatch_late,,,
366,1,1,1.525,1.5261772780213505,dropped_queue_full,,,
367,2,1,1.5291666666666666,1.5292649869807065,dropped_queue_full,,,
368,3,0,1.5333333333333332,1.5334201250225306,dropped_queue_full,,,
369,0,0,1.5375,1.5376230331603438,completed,1.5910675169434398,53.567516943439756,35.18252944946289
370,1,0,1.5416666666666667,1.5436250129714608,completed,1.6017052109818906,60.03854431522382,35.17308807373047
371,2,0,1.5458333333333334,1.5493328459560871,completed,1.6100791471544653,64.24581382113192,35.09008026123047
372,3,1,1.55,1.5550550480838865,dropped_dispatch_late,,,
373,0,1,1.5541666666666667,1.555064348038286,dropped_queue_full,,,
374,1,1,1.5583333333333333,1.5584210939705372,dropped_queue_full,,,
375,2,1,1.5625,1.5625427530612797,dropped_queue_full,,,
376,3,0,1.5666666666666667,1.5666768320370466,completed,1.6219566480722278,55.289981405561186,35.125728607177734
377,0,0,1.5708333333333333,1.5724793439731002,completed,1.6264161930885166,55.58285975518329,35.125823974609375
378,1,0,1.575,1.5783457150682807,completed,1.6382162750232965,63.21627502329652,35.084190368652344
379,2,0,1.5791666666666666,1.5841560061089694,dropped_dispatch_late,,,
380,3,1,1.5833333333333333,1.5841748260427266,completed,1.6481248361524194,64.79150281908619,26.682720184326172
381,0,1,1.5875,1.589926459128037,dropped_queue_full,,,
382,1,1,1.5916666666666666,1.5917148410808295,dropped_queue_full,,,
383,2,1,1.5958333333333332,1.5958678091410547,completed,1.6550181061029434,59.184772769610206,44.27065658569336
384,3,0,1.6,1.6016976309474558,dropped_queue_full,,,
385,0,0,1.6041666666666667,1.6042615449987352,completed,1.6619848869740963,57.818220307429556,35.45257568359375
386,1,0,1.6083333333333334,1.6100709470920265,completed,1.6706804290879518,62.34709575461839,35.11868667602539
387,2,0,1.6125,1.6161755460780114,completed,1.6805730001069605,68.07300010696049,26.541248321533203
388,3,1,1.6166666666666667,1.6219471180811524,dropped_dispatch_late,,,
389,0,1,1.6208333333333333,1.6219660581555218,dropped_queue_full,,,
390,1,1,1.625,1.6251363861374557,dropped_queue_full,,,
391,2,1,1.6291666666666667,1.6292466351296753,dropped_queue_full,,,
392,3,0,1.6333333333333333,1.6333583539817482,completed,1.688480240991339,55.14690765800579,43.883968353271484
393,0,0,1.6375,1.6382097150199115,completed,1.697308222996071,59.808222996071024,35.2509765625
394,1,0,1.6416666666666666,1.6430556359700859,completed,1.7098727570846677,68.20609041800108,35.31158447265625
395,2,0,1.6458333333333333,1.648117076139897,dropped_queue_full,,,
396,3,1,1.65,1.6501354349311441,completed,1.7153213620185852,65.32136201858529,26.677600860595703
397,0,1,1.6541666666666666,1.6550108960364014,dropped_queue_full,,,
398,1,1,1.6583333333333332,1.6583601629827172,dropped_queue_full,,,
399,2,1,1.6624999999999999,1.6626226699445397,completed,1.7238527270965278,61.35272709652795,43.820159912109375
400,3,0,1.6666666666666667,1.66748017212376,dropped_queue_full,,,
401,0,0,1.6708333333333334,1.6708439281210303,completed,1.7341535531450063,63.32021981167291,35.19852828979492
402,1,0,1.675,1.6757037390489131,completed,1.7423757910728455,67.37579107284542,35.1148796081543
403,2,0,1.6791666666666667,1.6805658901575953,completed,1.7507378871086985,71.57122044203179,26.706911087036133
404,3,1,1.6833333333333333,1.6854410220403224,dropped_queue_full,,,
405,0,1,1.6875,1.6875154911540449,dropped_queue_full,,,
406,1,1,1.6916666666666667,1.6917715079616755,dropped_queue_full,,,
407,2,1,1.6958333333333333,1.6958734469953924,dropped_queue_full,,,
408,3,0,1.7,1.7001369239296764,completed,1.7595756291411817,59.57562914118175,44.0450553894043
409,0,0,1.7041666666666666,1.7050159350037575,completed,1.772296731127426,68.13006446075943,35.52908706665039
410,1,0,1.7083333333333333,1.709866357035935,completed,1.7771772420965135,68.84390876318025,35.59199905395508
411,2,0,1.7125,1.714729098137468,dropped_queue_full,,,
412,3,1,1.7166666666666666,1.71675347792916,completed,1.7863650301005691,69.69836343390257,26.638111114501953
413,0,1,1.7208333333333332,1.7216140690725297,dropped_queue_full,,,
414,1,1,1.7249999999999999,1.725091204047203,dropped_queue_full,,,
415,2,1,1.7291666666666667,1.7291979431174695,completed,1.7950531230308115,65.8864563641448,44.062782287597656
416,3,0,1.7333333333333334,1.7341482930351049,dropped_queue_full,,,
417,0,0,1.7375,1.7375040100887418,completed,1.805634947028011,68.13494702801104,35.264766693115234
418,1,0,1.7416666666666667,1.742369441082701,completed,1.8124162589665502,70.74959229988353,35.22643280029297
419,2,0,1.7458333333333333,1.7472287330310792,dropped_queue_full,,,
420,3,1,1.75,1.75013692304492,dropped_queue_full,,,
421,0,1,1.7541666666666667,1.7541994431521744,dropped_queue_full,,,
422,1,1,1.7583333333333333,1.7584523800760508,dropped_queue_full,,,
423,2,1,1.7625,1.7625669490080327,completed,1.8216861560940742,59.18615609407429,26.495967864990234
424,3,0,1.7666666666666666,1.7674408899620175,completed,1.8347632649820298,68.0965983153632,43.77702331542969
425,0,0,1.7708333333333333,1.7722912710160017,completed,1.8395483570639044,68.71502373057115,35.11868667602539
426,1,0,1.775,1.777170532150194,completed,1.8477064659819007,72.70646598190078,35.11967849731445
427,2,0,1.7791666666666666,1.7820696830749512,dropped_queue_full,,,
428,3,1,1.7833333333333332,1.7833531911019236,dropped_queue_full,,,
429,0,1,1.7874999999999999,1.787614548113197,dropped_queue_full,,,
430,1,1,1.7916666666666667,1.7917254769708961,dropped_queue_full,,,
431,2,1,1.7958333333333334,1.7958504050038755,completed,1.8567316350527108,60.89830171937738,34.9788818359375
432,3,0,1.8,1.8007718760054559,completed,1.8680834311526269,68.08343115262683,34.90607833862305
433,0,0,1.8041666666666667,1.8056294969283044,completed,1.8739814320579171,69.81476539125042,34.91414260864258
434,1,0,1.8083333333333333,1.8105262180324644,dropped_queue_full,,,
435,2,0,1.8125,1.8125802581198514,dropped_queue_full,,,
436,3,1,1.8166666666666667,1.8167737759649754,dropped_queue_full,,,
437,0,1,1.8208333333333333,1.8208804340101779,dropped_queue_full,,,
438,1,1,1.825,1.8251383921597153,completed,1.88270357507281,57.7035750728101,34.77212905883789
439,2,1,1.8291666666666666,1.829951724037528,completed,1.892426708014682,63.26004134801533,34.627777099609375
440,3,0,1.8333333333333333,1.8347555249929428,completed,1.9021519999951124,68.81866666177916,34.6011848449707
441,0,0,1.8375,1.8395429069641978,completed,1.9087628340348601,71.26283403486022,34.64652633666992
442,1,0,1.8416666666666666,1.844333068933338,dropped_queue_full,,,
443,2,0,1.8458333333333332,1.84595483308658,dropped_queue_full,,,
444,3,1,1.8499999999999999,1.8500881420914084,dropped_queue_full,,,
445,0,1,1.8541666666666667,1.8541961510200053,dropped_queue_full,,,
446,1,1,1.8583333333333334,1.858390459092334,completed,1.9174219970591366,59.08866372580324,34.70742416381836
447,2,1,1.8625,1.8632351900450885,completed,1.9306708539370447,68.1708539370447,34.69475173950195
448,3,0,1.8666666666666667,1.8680755109526217,completed,1.9355369759723544,68.87030930568771,34.800865173339844
449,0,0,1.8708333333333333,1.8728951530065387,dropped_queue_full,,,
450,1,0,1.875,1.87509826105088,dropped_queue_full,,,
451,2,0,1.8791666666666667,1.87919679004699,dropped_queue_full,,,
452,3,1,1.8833333333333333,1.8834551370237023,dropped_queue_full,,,
453,0,1,1.8875,1.8875636861193925,completed,1.943728594109416,56.22859410941605,34.81078338623047
454,1,1,1.8916666666666666,1.8924194581340998,completed,1.9524141261354089,60.74745946874227,34.774654388427734
455,2,1,1.8958333333333333,1.89728738903068,completed,1.9644011361524463,68.56780281911301,34.760257720947266
456,3,0,1.9,1.9021442900411785,completed,1.969761983025819,69.76198302581915,34.60531234741211
457,0,0,1.9041666666666666,1.9069977509789169,dropped_queue_full,,,
458,1,0,1.9083333333333332,1.908438007114455,dropped_queue_full,,,
459,2,0,1.9124999999999999,1.9125644660089165,dropped_queue_full,,,
460,3,1,1.9166666666666667,1.9167735241353512,dropped_queue_full,,,
461,0,1,1.9208333333333334,1.9208796720486134,completed,1.978462534956634,57.62920162330065,34.5552978515625
462,1,1,1.925,1.9257762429770082,completed,1.9882404170930386,63.240417093038516,34.60182571411133
463,2,1,1.9291666666666667,1.9306638741400093,completed,1.9985651939641684,69.39852729750173,34.58572769165039
464,3,0,1.9333333333333333,1.9355290960520506,completed,2.0044049751013517,71.0716417680184,34.60432052612305
465,0,0,1.9375,1.9403843169566244,dropped_queue_full,,,
466,1,0,1.9416666666666667,1.9416704741306603,dropped_queue_full,,,
467,2,0,1.9458333333333333,1.9459342111367732,dropped_queue_full,,,
468,3,1,1.95,1.9500386400613934,dropped_queue_full,,,
469,0,1,1.9541666666666666,1.9542945779394358,completed,2.013258327031508,59.09166036484148,34.67561721801758
470,1,1,1.9583333333333333,1.9593479270115495,completed,2.0264303649310023,68.097031597669,34.64051055908203
471,2,1,1.9625,1.9643940560054034,completed,2.0313172261230648,68.81722612306484,34.6484489440918
472,3,0,1.9666666666666666,1.9692671480588615,dropped_queue_full,,,
473,0,0,1.9708333333333332,1.9708769109565765,dropped_queue_full,,,
474,1,0,1.9749999999999999,1.975135528948158,dropped_queue_full,,,
475,2,0,1.9791666666666667,1.979259607149288,dropped_queue_full,,,
476,3,1,1.9833333333333334,1.9833589061163366,completed,2.039530284004286,56.19695067095254,34.920352935791016
477,0,1,1.9875,1.9882339779287577,completed,2.04821017710492,60.710177104920106,34.912353515625
478,1,1,1.9916666666666667,1.9933810760267079,completed,2.0597485310863703,68.08186441970365,34.92617416381836
479,2,1,1.9958333333333333,1.9985572639852762,completed,2.065898999106139,70.0656657728056,34.920318603515625
480,3,0,2.0,2.0037458220031112,dropped_queue_full,,,
481,0,0,2.0041666666666664,2.0042374071199447,dropped_queue_full,,,
482,1,0,2.0083333333333333,2.008358855964616,dropped_queue_full,,,
483,2,0,2.0125,2.0126140529755503,dropped_queue_full,,,
484,3,1,2.0166666666666666,2.016729732044041,completed,2.074464064091444,57.79739742477741,34.862144470214844
485,0,1,2.0208333333333335,2.021549974102527,completed,2.0840303681325167,63.19703479918326,34.76473617553711
486,1,1,2.025,2.026423905044794,completed,2.0935969420243055,68.59694202430555,34.76572799682617
487,2,1,2.029166666666667,2.0313100861385465,completed,2.1007822800893337,71.61561342266687,34.87276840209961
488,3,0,2.033333333333333,2.0361805770080537,dropped_queue_full,,,
489,0,0,2.0375,2.0376186431385577,dropped_queue_full,,,
490,1,0,2.0416666666666665,2.0417217209469527,dropped_queue_full,,,
491,2,0,2.0458333333333334,2.045978009002283,dropped_queue_full,,,
492,3,1,2.05,2.0500880980398506,completed,2.1094627431593835,59.46274315938371,34.789886474609375
493,0,1,2.0541666666666667,2.0549286289606243,completed,2.122934048064053,68.76738139738636,34.95158386230469
494,1,1,2.058333333333333,2.0597422609571368,completed,2.1277969889342785,69.46365560094536,35.0206413269043
495,2,1,2.0625,2.0647643010597676,dropped_queue_full,,,
496,3,0,2.0666666666666664,2.0666989609599113,dropped_queue_full,,,
497,0,0,2.0708333333333333,2.070833430159837,dropped_queue_full,,,
498,1,0,2.075,2.075103007024154,dropped_queue_full,,,
499,2,0,2.0791666666666666,2.0792014959733933,completed,2.1359824570827186,56.815790416052,35.026912689208984
500,3,1,2.0833333333333335,2.0840255280490965,completed,2.1445250110700727,61.191677736739166,34.99571228027344
501,0,1,2.0875,2.0887927999719977,completed,2.1556793900672346,68.17939006723472,35.02259063720703
502,1,1,2.091666666666667,2.0935909720137715,completed,2.162094824947417,70.42815828075,35.00758361816406
503,2,1,2.095833333333333,2.098740360001102,dropped_queue_full,,,
504,3,0,2.1,2.1001375659834594,dropped_queue_full,,,
505,0,0,2.1041666666666665,2.104248495073989,dropped_queue_full,,,
506,1,0,2.1083333333333334,2.1083559640683234,dropped_queue_full,,,
507,2,0,2.1125,2.112611521035433,completed,2.171211084118113,58.7110841181131,34.98332977294922
508,3,1,2.1166666666666667,2.1174827420618385,completed,2.1799198270309716,63.25316036430495,35.013694763183594
509,0,1,2.120833333333333,2.122928368160501,completed,2.189634958980605,68.80162564727188,35.01935958862305
510,1,1,2.125,2.1277906091418117,completed,2.1972138530109078,72.21385301090777,34.99504089355469
511,2,1,2.1291666666666664,2.1326743201352656,dropped_queue_full,,,
512,3,0,2.1333333333333333,2.133460102137178,dropped_queue_full,,,
513,0,0,2.1375,2.137571161147207,dropped_queue_full,,,
514,1,0,2.1416666666666666,2.141674879938364,dropped_queue_full,,,
515,2,0,2.1458333333333335,2.145931397099048,completed,2.206211223034188,60.377889700854666,34.95276641845703
516,3,1,2.15,2.1508165481500328,completed,2.218161873985082,68.161873985082,35.02995300292969
517,0,1,2.154166666666667,2.155673900153488,completed,2.2235966389998794,69.42997233321258,34.97990417480469
518,1,1,2.158333333333333,2.1605255210306495,dropped_queue_full,,,
519,2,1,2.1625,2.162576981121674,dropped_queue_full,,,
520,3,0,2.1666666666666665,2.1666743790265173,dropped_queue_full,,,
521,0,0,2.1708333333333334,2.1708825770765543,dropped_queue_full,,,
522,1,0,2.175,2.1750480260234326,completed,2.232308031991124,57.30803199112433,34.92428970336914
523,2,0,2.1791666666666667,2.1799117871560156,completed,2.242412710096687,63.24604343002038,34.8488655090332
524,3,1,2.183333333333333,2.1847809380851686,completed,2.2521675729658455,68.83423963251234,34.84883117675781
525,0,1,2.1875,2.1896295589394867,completed,2.258622637949884,71.12263794988394,34.91932678222656
526,1,1,2.1916666666666664,2.1944827809929848,dropped_queue_full,,,
527,2,1,2.1958333333333333,2.1959364160429686,dropped_queue_full,,,
528,3,0,2.2,2.2000382549595088,dropped_queue_full,,,
529,0,0,2.2041666666666666,2.2042966820299625,dropped_queue_full,,,
530,1,0,2.2083333333333335,2.208401791052893,completed,2.267462220042944,59.12888670961047,34.96790313720703
531,2,0,2.2125,2.2132845520973206,completed,2.2810801931191236,68.58019311912366,34.97747039794922
532,3,1,2.216666666666667,2.218154034111649,completed,2.2859604340046644,69.29376733799764,34.87190246582031
533,0,1,2.220833333333333,2.2232614420354366,dropped_queue_full,,,
534,1,1,2.225,2.2250307351350784,dropped_queue_full,,,
535,2,1,2.2291666666666665,2.229296582052484,dropped_queue_full,,,
536,3,0,2.2333333333333334,2.233425351092592,dropped_queue_full,,,
537,0,0,2.2375,2.2375151300802827,completed,2.293691477039829,56.191477039829074,34.8804817199707
538,1,0,2.2416666666666667,2.2424053410068154,completed,2.302370599936694,60.70393327002721,34.847103118896484
539,2,0,2.245833333333333,2.247280281968415,completed,2.3140023730229586,68.1690396896255,34.85625457763672
540,3,1,2.25,2.2521596129518002,completed,2.3201045519672334,70.10455196723342,35.00492858886719
541,0,1,2.2541666666666664,2.257012104149908,dropped_queue_full,,,
542,1,1,2.2583333333333333,2.258456900017336,dropped_queue_full,,,
543,2,1,2.2625,2.262564118951559,dropped_queue_full,,,
544,3,0,2.2666666666666666,2.266677617095411,dropped_queue_full,,,
545,0,0,2.2708333333333335,2.270937365014106,completed,2.3289380229543895,58.10468962105597,35.16515350341797
546,1,0,2.275,2.276004354003817,completed,2.3382711401209235,63.271140120923604,35.2061767578125
547,2,0,2.279166666666667,2.2810729930642992,completed,2.3480270120780915,68.86034541142472,35.24342346191406
548,3,1,2.283333333333333,2.285952314035967,completed,2.3554631781298667,72.1298447965335,35.26774215698242
549,0,1,2.2875,2.290822674985975,dropped_queue_full,,,
550,1,1,2.2916666666666665,2.2917806759942323,dropped_queue_full,,,
551,2,1,2.2958333333333334,2.295884425053373,dropped_queue_full,,,
552,3,0,2.3,2.30013566208072,dropped_queue_full,,,
553,0,0,2.3041666666666667,2.3042491511441767,completed,2.3643024689517915,60.135802285124825,35.164798736572266
554,1,0,2.308333333333333,2.309104642132297,completed,2.376410528086126,68.07719475279272,35.19548797607422
555,2,0,2.3125,2.3139948730822653,completed,2.382105501135811,69.60550113581121,35.18150329589844
556,3,1,2.3166666666666664,2.3188894840423018,dropped_queue_full,,,
557,0,1,2.3208333333333333,2.320904194144532,dropped_queue_full,,,
558,1,1,2.325,2.325138272019103,dropped_queue_full,,,
559,2,1,2.3291666666666666,2.3292622501030564,dropped_queue_full,,,
560,3,0,2.3333333333333335,2.3333662890363485,completed,2.390731204068288,57.39787073495472,35.08259201049805
561,0,0,2.3375,2.338264600140974,completed,2.4008423630148172,63.34236301481732,35.1190071105957
562,1,0,2.341666666666667,2.3431593810673803,completed,2.410575935151428,68.9092684847612,35.181854248046875
563,2,0,2.345833333333333,2.3480198921170086,completed,2.4175490960478783,71.71576271454505,35.26047897338867
564,3,1,2.35,2.3529191131237894,dropped_queue_full,,,
565,0,1,2.3541666666666665,2.35420082998462,dropped_queue_full,,,
566,1,1,2.3583333333333334,2.3584543380420655,dropped_queue_full,,,
567,2,1,2.3625,2.3625653570052236,dropped_queue_full,,,
568,3,0,2.3666666666666667,2.366686705034226,completed,2.4261457989923656,59.4791323256989,35.319679260253906
569,0,0,2.370833333333333,2.3715591160580516,completed,2.439028149936348,68.19481660301507,35.345760345458984
570,1,0,2.375,2.376403968082741,completed,2.4439075109548867,68.90751095488667,35.31193542480469
571,2,0,2.3791666666666664,2.3814507769420743,dropped_queue_full,,,
572,3,1,2.3833333333333333,2.383379938080907,dropped_queue_full,,,
573,0,1,2.3875,2.387566486140713,dropped_queue_full,,,
574,1,1,2.3916666666666666,2.3916876851581037,dropped_queue_full,,,
575,2,1,2.3958333333333335,2.3959370621014386,completed,2.4528879809658974,57.054647632563956,35.224159240722656
576,3,0,2.4,2.400836932938546,completed,2.461571844993159,61.57184499315926,35.172481536865234
577,0,0,2.404166666666667,2.4056904141325504,completed,2.4722768070641905,68.11014039752372,35.25193786621094
578,1,0,2.408333333333333,2.4105694361496717,completed,2.4792240080423653,70.8906747090321,35.27891159057617
579,2,0,2.4125,2.4154634459409863,dropped_queue_full,,,
580,3,1,2.4166666666666665,2.4167475141584873,dropped_queue_full,,,
581,0,1,2.4208333333333334,2.4209317821078002,dropped_queue_full,,,
582,1,1,2.425,2.425038530025631,dropped_queue_full,,,
583,2,1,2.4291666666666667,2.4292953179683536,completed,2.488416535081342,59.24986841467516,35.36732864379883
584,3,0,2.433333333333333,2.4341762990225106,completed,2.5016476730816066,68.3143397482735,35.357086181640625
585,0,0,2.4375,2.43902257992886,completed,2.5064960240852088,68.99602408520877,35.334014892578125
586,1,0,2.4416666666666664,2.443900901125744,completed,2.5147047620266676,73.03809536000117,35.28470230102539
587,2,0,2.4458333333333333,2.448775483062491,dropped_queue_full,,,
588,3,1,2.45,2.4500582199543715,dropped_queue_full,,,
589,0,1,2.4541666666666666,2.454295706935227,dropped_queue_full,,,
590,1,1,2.4583333333333335,2.4584078961052,dropped_queue_full,,,
591,2,1,2.4625,2.46252871514298,completed,2.5237806311342865,61.28063113428661,35.19862365722656
592,3,0,2.466666666666667,2.4674065159633756,completed,2.534803021000698,68.13635433403142,35.146209716796875
593,0,0,2.470833333333333,2.472271217033267,completed,2.5412560161203146,70.42268278698138,35.20048141479492
594,1,0,2.475,2.4771405190695077,dropped_queue_full,,,
595,2,0,2.4791666666666665,2.4792199281509966,dropped_queue_full,,,
596,3,1,2.4833333333333334,2.4834572351537645,dropped_queue_full,,,
597,0,1,2.4875,2.487611703108996,dropped_queue_full,,,
598,1,1,2.4916666666666667,2.4917244520038366,completed,2.549938369076699,58.27170241003232,35.19718551635742
599,2,1,2.495833333333333,2.496788192074746,completed,2.55907318694517,63.239853611837034,35.160545349121094
600,3,0,2.5,2.501639753114432,completed,2.5687723599839956,68.77235998399556,35.208065032958984
601,0,0,2.5041666666666664,2.5064903241582215,completed,2.576616852078587,72.45018541192039,35.226558685302734
602,1,0,2.5083333333333333,2.5113428861368448,dropped_queue_full,,,
603,2,0,2.5125,2.5126362431328744,dropped_queue_full,,,
604,3,1,2.5166666666666666,2.5167724310886115,dropped_queue_full,,,
605,0,1,2.5208333333333335,2.5209317600820214,dropped_queue_full,,,
606,1,1,2.525,2.525053308112547,completed,2.585302334977314,60.30233497731396,35.17302322387695
607,2,1,2.529166666666667,2.529931209050119,completed,2.597545641940087,68.3789752734203,35.171871185302734
608,3,0,2.533333333333333,2.5347951310686767,completed,2.603146695997566,69.81336266423277,35.30342483520508
609,0,0,2.5375,2.539664402138442,dropped_queue_full,,,
610,1,0,2.5416666666666665,2.541738071013242,dropped_queue_full,,,
611,2,0,2.5458333333333334,2.5458544900175184,dropped_queue_full,,,
612,3,1,2.55,2.5501007970888168,dropped_queue_full,,,
613,0,1,2.5541666666666667,2.5542003959417343,completed,2.6119854969438165,57.81883027714984,35.3322868347168
614,1,1,2.558333333333333,2.559065737063065,completed,2.621569811133668,63.2364778003347,35.34550476074219
615,2,1,2.5625,2.5639296390581876,completed,2.6315830210223794,69.0830210223794,35.1629753112793
616,3,0,2.5666666666666664,2.568764080060646,completed,2.6385259211529046,71.8592544862382,35.13443374633789
617,0,0,2.5708333333333333,2.5735932420939207,dropped_queue_full,,,
618,1,0,2.575,2.5750367471482605,dropped_queue_full,,,
619,2,0,2.5791666666666666,2.579295044997707,dropped_queue_full,,,
620,3,1,2.5833333333333335,2.583408394129947,dropped_queue_full,,,
621,0,1,2.5875,2.5875262920744717,completed,2.647371563129127,59.87156312912711,35.17299270629883
622,1,1,2.591666666666667,2.5923467241227627,completed,2.6597473591100425,68.08069244337567,35.14934539794922
623,2,1,2.595833333333333,2.5975387319922447,completed,2.665095365140587,69.26203180725388,35.116703033447266
624,3,0,2.6,2.602367354091257,dropped_queue_full,,,
625,0,0,2.6041666666666665,2.6042619550134987,dropped_queue_full,,,
626,1,0,2.6083333333333334,2.6083576241508126,dropped_queue_full,,,
627,2,0,2.6125,2.6126267111394554,dropped_queue_full,,,
628,3,1,2.6166666666666667,2.6167250100988895,completed,2.6737841779831797,57.11751131651299,35.1228141784668
629,0,1,2.620833333333333,2.621563411084935,completed,2.684206994017586,63.37366068425298,35.10483169555664
630,1,1,2.625,2.626699429936707,completed,2.693964406149462,68.96440614946187,35.06582260131836
631,2,1,2.6291666666666664,2.631575790932402,completed,2.7003116321284324,71.14496546176596,35.01398468017578
632,3,0,2.6333333333333333,2.636438962072134,dropped_queue_full,,,
633,0,0,2.6375,2.6375632910057902,dropped_queue_full,,,
634,1,0,2.6416666666666666,2.6416761700529605,dropped_queue_full,,,
635,2,0,2.6458333333333335,2.6459324669558555,dropped_queue_full,,,
636,3,1,2.65,2.6500410260632634,completed,2.7088937361259013,58.89373612590143,34.95568084716797
637,0,1,2.654166666666667,2.654898836975917,completed,2.722239273134619,68.07260646795221,34.93747329711914
638,1,1,2.658333333333333,2.65974065894261,completed,2.7273824911098927,69.04915777655951,34.934879302978516
639,2,1,2.6625,2.664600169984624,dropped_queue_full,,,
640,3,0,2.6666666666666665,2.6666854890063405,dropped_queue_full,,,
641,0,0,2.6708333333333334,2.6709297669585794,dropped_queue_full,,,
642,1,0,2.675,2.6750555550679564,dropped_queue_full,,,
643,2,0,2.6791666666666667,2.6792948830407113,completed,2.735412910114974,56.246243448307084,34.95084762573242
644,3,1,2.683333333333333,2.684201593976468,completed,2.7439385049510747,60.60517161774159,34.87782287597656
645,0,1,2.6875,2.689079425064847,completed,2.7555934679694474,68.09346796944737,34.89292907714844
646,1,1,2.6916666666666664,2.6939576060976833,completed,2.7613709601573646,69.70429349069818,34.85910415649414
647,2,1,2.6958333333333333,2.69902915507555,dropped_queue_full,,,
648,3,0,2.7,2.700143654132262,dropped_queue_full,,,
649,0,0,2.7041666666666666,2.7042480430100113,dropped_queue_full,,,
650,1,0,2.7083333333333335,2.7084046411328018,dropped_queue_full,,,
651,2,0,2.7125,2.7125171499792486,completed,2.770365579985082,57.865579985082235,34.78303909301758
652,3,1,2.716666666666667,2.7173948909621686,completed,2.7799029550515115,63.23628838484474,34.85795211791992
653,0,1,2.720833333333333,2.7222337329294533,completed,2.7894833290483803,68.64999571504704,34.916831970214844
654,1,1,2.725,2.7273756209760904,completed,2.7963698899839073,71.36988998390726,34.96099090576172
655,2,1,2.7291666666666665,2.732229362009093,dropped_queue_full,,,
656,3,0,2.7333333333333334,2.733354120980948,dropped_queue_full,,,
657,0,0,2.7375,2.737615037942305,dropped_queue_full,,,
658,1,0,2.7416666666666667,2.74172526714392,dropped_queue_full,,,
659,2,0,2.745833333333333,2.7458461159840226,completed,2.805594356963411,59.761023630077844,34.94668960571289
660,3,1,2.75,2.7507158969528973,completed,2.8181879711337388,68.18797113373876,35.134559631347656
661,0,1,2.7541666666666664,2.7555880481377244,completed,2.822999833151698,68.83316648503168,35.147071838378906
662,1,1,2.7583333333333333,2.7604003599844873,dropped_queue_full,,,
663,2,1,2.7625,2.7626122781075537,dropped_queue_full,,,
664,3,0,2.7666666666666666,2.7667228570207953,dropped_queue_full,,,
665,0,0,2.7708333333333335,2.7708444150630385,dropped_queue_full,,,
666,1,0,2.775,2.77508851303719,completed,2.8316869360860437,56.6869360860438,35.05535888671875
667,2,0,2.779166666666667,2.7798950851429254,completed,2.840524696977809,61.35803031114229,34.78607940673828
668,3,1,2.783333333333333,2.7847036870662123,completed,2.851372068049386,68.03873471605293,34.6822395324707
669,0,1,2.7875,2.7894781990908086,completed,2.8577525950968266,70.25259509682647,34.662593841552734
670,1,1,2.7916666666666665,2.794284760951996,dropped_queue_full,,,
671,2,1,2.7958333333333334,2.7958870041184127,dropped_queue_full,,,
672,3,0,2.8,2.800135931931436,dropped_queue_full,,,
673,0,0,2.8041666666666667,2.804250151151791,dropped_queue_full,,,
674,1,0,2.808333333333333,2.808406219119206,completed,2.8664610269479454,58.12769361461223,34.66166305541992
675,2,0,2.8125,2.8132171309553087,completed,2.875679675024003,63.17967502400279,34.648704528808594
676,3,1,2.8166666666666664,2.8181798509322107,completed,2.8852691389620304,68.60247229536398,34.63248062133789
677,0,1,2.8208333333333333,2.822994393063709,completed,2.8925762560684234,71.74292273509009,34.662017822265625
678,1,1,2.825,2.8280587519984692,dropped_queue_full,,,
679,2,1,2.8291666666666666,2.8292997400276363,dropped_queue_full,,,
680,3,0,2.8333333333333335,2.833403549157083,dropped_queue_full,,,
681,0,0,2.8375,2.837511776946485,dropped_queue_full,,,
682,1,0,2.841666666666667,2.8417747649364173,completed,2.9012607189361006,59.59405226943382,34.666622161865234
683,2,0,2.845833333333333,2.8465843461453915,completed,2.9140088411513716,68.17550781803838,34.66828918457031
684,3,1,2.85,2.851364419097081,completed,2.919005721108988,69.00572110898784,34.65779113769531
685,0,1,2.8541666666666665,2.8561480711214244,dropped_queue_full,,,
686,1,1,2.8583333333333334,2.8583924579434097,dropped_queue_full,,,
687,2,1,2.8625,2.862514967098832,dropped_queue_full,,,
688,3,0,2.8666666666666667,2.8667840440757573,dropped_queue_full,,,
689,0,0,2.870833333333333,2.8708820331376046,completed,2.9274096169974655,56.57628366413236,34.76380920410156
690,1,0,2.875,2.8756722449325025,completed,2.9360973599832505,61.0973599832505,34.68387222290039
691,2,0,2.8791666666666664,2.8804598371498287,completed,2.9473127571400255,68.14609047335907,34.60496139526367
692,3,1,2.8833333333333333,2.885261469054967,completed,2.953466125065461,70.1327917321275,34.64476776123047
693,0,1,2.8875,2.8900334611535072,dropped_queue_full,,,
694,1,1,2.8916666666666666,2.8917742141056806,dropped_queue_full,,,
695,2,1,2.8958333333333335,2.895881813019514,dropped_queue_full,,,
696,3,0,2.9,2.900137900141999,dropped_queue_full,,,
697,0,0,2.904166666666667,2.904249739134684,completed,2.9621422479394823,57.975581272815546,34.60956954956055
698,1,0,2.908333333333333,2.909042441053316,completed,2.9716104939579964,63.27716062466315,34.553985595703125
699,2,0,2.9125,2.9140018310863525,completed,2.9813636059407145,68.8636059407144,34.543968200683594
700,3,1,2.9166666666666665,2.9189978409558535,completed,2.988142407964915,71.47574129824852,34.55625534057617
701,0,1,2.9208333333333334,2.923815503017977,dropped_queue_full,,,
702,1,1,2.925,2.92503810999915,dropped_queue_full,,,
703,2,1,2.9291666666666667,2.9292984281200916,dropped_queue_full,,,
704,3,0,2.933333333333333,2.9334078561514616,dropped_queue_full,,,
705,0,0,2.9375,2.9375283350236714,completed,2.9968491410836577,59.34914108365774,34.646270751953125
706,1,0,2.9416666666666664,2.942449866095558,completed,3.009871160145849,68.20449347918256,34.75462341308594
707,2,0,2.9458333333333333,2.947305497014895,completed,3.014766250969842,68.93291763650878,34.77920150756836
708,3,1,2.95,2.952179758111015,dropped_queue_full,,,
709,0,1,2.9541666666666666,2.954264897154644,dropped_queue_full,,,
710,1,1,2.9583333333333335,2.9583580661565065,dropped_queue_full,,,
711,2,1,2.9625,2.9626242939848453,dropped_queue_full,,,
712,3,0,2.966666666666667,2.9667267131153494,completed,3.0230409980285913,56.37433136192449,34.67350387573242
713,0,0,2.970833333333333,2.971603874117136,completed,3.031691971933469,60.85863860013596,34.715328216552734
714,1,0,2.975,2.976488674990833,completed,3.043123516952619,68.12351695261887,34.64521789550781
715,2,0,2.9791666666666665,2.981356396107003,completed,3.0492589159402996,70.09224927363312,34.596927642822266
716,3,1,2.9833333333333334,2.986258567078039,dropped_queue_full,,,
717,0,1,2.9875,2.987542083952576,dropped_queue_full,,,
718,1,1,2.9916666666666667,2.991772352019325,dropped_queue_full,,,
719,2,1,2.995833333333333,2.9958821299951524,dropped_queue_full,,,
720,3,0,3.0,3.000135767972097,completed,3.0577812700066715,57.78127000667155,34.56288146972656
721,0,0,3.0041666666666664,3.005026969127357,completed,3.0673957341350615,63.22906746839507,34.60102462768555
722,1,0,3.0083333333333333,3.0098645901307464,completed,3.0770639770198613,68.73064368652804,34.56911849975586
723,2,0,3.0125,3.014759331010282,completed,3.0840040270704776,71.50402707047743,34.56585693359375
724,3,1,3.0166666666666666,3.019825590075925,dropped_queue_full,,,
725,0,1,3.0208333333333335,3.020940718939528,dropped_queue_full,,,
726,1,1,3.025,3.025060517946258,dropped_queue_full,,,
727,2,1,3.029166666666667,3.0292991760652512,dropped_queue_full,,,
728,3,0,3.033333333333333,3.0334060441236943,completed,3.092532431939617,59.199098606283584,34.61177444458008
729,0,0,3.0375,3.038268035976216,completed,3.105540722142905,68.04072214290491,34.658016204833984
730,1,0,3.0416666666666665,3.0431166470516473,completed,3.1103683330584317,68.70166639176523,34.66019058227539
731,2,0,3.0458333333333334,3.0479633579961956,dropped_queue_full,,,
732,3,1,3.05,3.0500577881466597,dropped_queue_full,,,
733,0,1,3.0541666666666667,3.054294885136187,dropped_queue_full,,,
734,1,1,3.058333333333333,3.0584202639292926,dropped_queue_full,,,
735,2,1,3.0625,3.0625148830004036,completed,3.118936417158693,56.436417158693075,34.71196746826172
736,3,0,3.0666666666666664,3.0673903641290963,completed,3.1276936600916088,61.02699342494233,34.99030303955078
737,0,0,3.0708333333333333,3.0722161550074816,completed,3.1388638780917972,68.03054475846393,35.10688018798828
738,1,0,3.075,3.077056047040969,completed,3.1452581940684468,70.25819406844658,35.14339065551758
739,2,0,3.0791666666666666,3.081907978048548,dropped_queue_full,,,
740,3,1,3.0833333333333335,3.0833485540933907,dropped_queue_full,,,
741,0,1,3.0875,3.0876143409404904,dropped_queue_full,,,
742,1,1,3.091666666666667,3.0917257701512426,dropped_queue_full,,,
743,2,1,3.095833333333333,3.0958399090450257,completed,3.1542542930692434,58.420959735910216,35.16233444213867
744,3,0,3.1,3.10071449005045,completed,3.163241303060204,63.241303060203705,34.8568000793457
745,0,0,3.1041666666666665,3.1055352720431983,completed,3.172990556107834,68.82388944116747,34.824737548828125
746,1,0,3.1083333333333334,3.1103622131049633,completed,3.180219243047759,71.88590971442554,34.92041778564453
747,2,0,3.1125,3.1151323849335313,dropped_queue_full,,,
748,3,1,3.1166666666666667,3.1167309191077948,dropped_queue_full,,,
749,0,1,3.120833333333333,3.120841508032754,dropped_queue_full,,,
750,1,1,3.125,3.125088436063379,dropped_queue_full,,,
751,2,1,3.1291666666666664,3.129245853982866,completed,3.1892140230629593,60.047356396292884,34.95497512817383
752,3,0,3.1333333333333333,3.1340602959971875,completed,3.2014991100877523,68.16577675441904,34.99955368041992
753,0,0,3.1375,3.1388584580272436,completed,3.206557349069044,69.05734906904382,35.05206298828125
754,1,0,3.1416666666666666,3.143685098970309,dropped_queue_full,,,
755,2,0,3.1458333333333335,3.145897686947137,dropped_queue_full,,,
756,3,1,3.15,3.1501368549652398,dropped_queue_full,,,
757,0,1,3.154166666666667,3.154246454127133,dropped_queue_full,,,
758,1,1,3.158333333333333,3.158365162089467,completed,3.2154149510897696,57.08161775643639,34.9475212097168
759,2,1,3.1625,3.163233242928982,completed,3.225801615975797,63.30161597579709,34.86441421508789
760,3,0,3.1666666666666665,3.1681092551443726,completed,3.236171572934836,69.50490626816963,34.85116958618164
761,0,0,3.1708333333333334,3.1729850361589342,completed,3.2415409390814602,70.70760574812684,34.76643371582031
762,1,0,3.175,3.177837467053905,dropped_queue_full,,,
763,2,0,3.1791666666666667,3.1792579530738294,dropped_queue_full,,,
764,3,1,3.183333333333333,3.18335945205763,dropped_queue_full,,,
765,0,1,3.1875,3.1876142190303653,dropped_queue_full,,,
766,1,1,3.1916666666666664,3.1917233681306243,completed,3.2502576510887593,58.59098442209287,34.822208404541016
767,2,1,3.1958333333333333,3.1966172291431576,completed,3.2639153350610286,68.0820017276953,34.85878372192383
768,3,0,3.2,3.2014910699799657,completed,3.2688174350187182,68.81743501871807,34.91542434692383
769,0,0,3.2041666666666666,3.2063821910414845,dropped_queue_full,,,
770,1,0,3.2083333333333335,3.2084528401028365,dropped_queue_full,,,
771,2,0,3.2125,3.2125643689651042,dropped_queue_full,,,
772,3,1,3.216666666666667,3.2166876781266183,dropped_queue_full,,,
773,0,1,3.220833333333333,3.2209270249586552,completed,3.2766867470927536,55.853413759420434,34.99871826171875
774,1,1,3.225,3.2257946070749313,completed,3.2855299580842257,60.52995808422557,35.055137634277344
775,2,1,3.2291666666666665,3.2313054809346795,completed,3.297318780096248,68.15211342958128,35.107200622558594
776,3,0,3.2333333333333334,3.236163403140381,completed,3.303146891994402,69.81355866106841,35.167137145996094
777,0,0,3.2375,3.241046714130789,dropped_queue_full,,,
778,1,0,3.2416666666666667,3.2417057470884174,dropped_queue_full,,,
779,2,0,3.245833333333333,3.2458361859899014,dropped_queue_full,,,
780,3,1,3.25,3.2500877629499882,dropped_queue_full,,,
781,0,1,3.2541666666666664,3.254199962131679,completed,3.311985633103177,57.81896643651052,35.179039001464844
782,1,1,3.2583333333333333,3.2590602030977607,completed,3.3215874671004713,63.25413376713796,35.25715255737305
783,2,1,3.2624999999999997,3.263908335007727,completed,3.3317427651491016,69.24276514910188,35.2391357421875
784,3,0,3.2666666666666666,3.26880958606489,completed,3.3387078249361366,72.04115826947,35.37779235839844
785,0,0,3.2708333333333335,3.2736699669621885,dropped_queue_full,,,
786,1,0,3.275,3.2750917631201446,dropped_queue_full,,,
787,2,0,3.279166666666667,3.2792007010430098,dropped_queue_full,,,
788,3,1,3.283333333333333,3.283454049145803,dropped_queue_full,,,
789,0,1,3.2875,3.2875650881323963,completed,3.3475737259723246,60.073725972324524,35.33369445800781
790,1,1,3.2916666666666665,3.292440488934517,completed,3.3597969540860504,68.13028741938388,35.332481384277344
791,2,1,3.2958333333333334,3.2973117399960756,completed,3.3653055890463293,69.47225571299586,35.258174896240234
792,3,0,3.3,3.3021778911352158,dropped_queue_full,,,
793,0,0,3.3041666666666667,3.3042657000478357,dropped_queue_full,,,
794,1,0,3.308333333333333,3.3083563591353595,dropped_queue_full,,,
795,2,0,3.3125,3.312626766040921,dropped_queue_full,,,
796,3,1,3.3166666666666664,3.3167278049513698,completed,3.3741453900001943,57.47872333352788,35.19599914550781
797,0,1,3.3208333333333333,3.3215810370165855,completed,3.3840757100842893,63.24237675095601,35.162689208984375
798,1,1,3.3249999999999997,3.3264540880918503,completed,3.3938495831098408,68.84958310984102,35.19878387451172
799,2,1,3.3291666666666666,3.331735515035689,completed,3.400531186023727,71.36451935706046,35.1077766418457
800,3,0,3.3333333333333335,3.3367809639312327,dropped_queue_full,,,
801,0,0,3.3375,3.337587076006457,dropped_queue_full,,,
802,1,0,3.341666666666667,3.3417225149460137,dropped_queue_full,,,
803,2,0,3.345833333333333,3.345834993990138,dropped_queue_full,,,
804,3,1,3.35,3.3500913011375815,completed,3.4093739171512425,59.37391715124241,35.20256042480469
805,0,1,3.3541666666666665,3.3549594720825553,completed,3.4222461581230164,68.07949145634984,35.22246551513672
806,1,1,3.3583333333333334,3.359790414106101,completed,3.4271319089457393,68.79857561240587,35.227264404296875
807,2,1,3.3625,3.364645295077935,dropped_queue_full,,,
808,3,0,3.3666666666666667,3.36673847399652,dropped_queue_full,,,
809,0,0,3.370833333333333,3.370835362933576,dropped_queue_full,,,
810,1,0,3.375,3.3751013500150293,dropped_queue_full,,,
811,2,0,3.3791666666666664,3.3792043291032314,completed,3.4359828501474112,56.8161834807448,35.21903991699219
812,3,1,3.3833333333333333,3.384070361033082,completed,3.4447798321489245,61.44649881559117,35.17609786987305
813,0,1,3.3874999999999997,3.388954882044345,completed,3.455625063041225,68.12506304122535,35.11616134643555
814,1,1,3.3916666666666666,3.3938432231079787,completed,3.4623872961383313,70.7206294716647,35.1223030090332
815,2,1,3.3958333333333335,3.398760583018884,dropped_queue_full,,,
816,3,0,3.4,3.40004521002993,dropped_queue_full,,,
817,0,0,3.404166666666667,3.4042963781394064,dropped_queue_full,,,
818,1,0,3.408333333333333,3.408409377094358,dropped_queue_full,,,
819,2,0,3.4125,3.4125181660056114,completed,3.4711045681033283,58.60456810332826,35.094783782958984
820,3,1,3.4166666666666665,3.417394067160785,completed,3.47992842993699,63.26176327032363,35.12153625488281
821,0,1,3.4208333333333334,3.422240528045222,completed,3.4896319929976016,68.79865966426823,35.043582916259766
822,1,1,3.425,3.4271253689657897,completed,3.4975352140609175,72.53521406091767,34.988704681396484
823,2,1,3.4291666666666667,3.4322378779761493,dropped_queue_full,,,
824,3,0,3.433333333333333,3.4333634071517736,dropped_queue_full,,,
825,0,0,3.4375,3.4375775039661676,dropped_queue_full,,,
826,1,0,3.4416666666666664,3.4417740521021187,dropped_queue_full,,,
827,2,0,3.4458333333333333,3.445894710952416,completed,3.506526893004775,60.69355967144175,35.22300720214844
828,3,1,3.4499999999999997,3.4507574520539492,completed,3.51816313713789,68.16313713789013,34.99164962768555
829,0,1,3.4541666666666666,3.455619574058801,completed,3.5239127590321004,69.74609236543384,35.048702239990234
830,1,1,3.4583333333333335,3.460463664960116,dropped_queue_full,,,
831,2,1,3.4625,3.4625509241595864,dropped_queue_full,,,
832,3,0,3.466666666666667,3.4666739229578525,dropped_queue_full,,,
833,0,0,3.470833333333333,3.4709307900629938,dropped_queue_full,,,
834,1,0,3.475,3.475040319142863,completed,3.5327335910405964,57.73359104059628,35.05980682373047
835,2,0,3.4791666666666665,3.479920400073752,completed,3.542612201999873,63.44553533320641,35.04057693481445
836,3,1,3.4833333333333334,3.484790530987084,completed,3.5523906741291285,69.05734079579506,35.035072326660156
837,0,1,3.4875,3.4896264830604196,completed,3.559103596955538,71.60359695553797,35.15999984741211
838,1,1,3.4916666666666667,3.494532614015043,dropped_queue_full,,,
839,2,1,3.495833333333333,3.4959351499564946,dropped_queue_full,,,
840,3,0,3.5,3.500039699021727,dropped_queue_full,,,
841,0,0,3.5041666666666664,3.5042948061600327,dropped_queue_full,,,
842,1,0,3.5083333333333333,3.5084077350329608,completed,3.5679376281332225,59.60429479988916,35.15379333496094
843,2,0,3.5124999999999997,3.513306216103956,completed,3.5806543310172856,68.15433101728586,35.17049789428711
844,3,1,3.5166666666666666,3.5181555771268904,completed,3.585710250074044,69.04358340737727,35.20054244995117
845,0,1,3.5208333333333335,3.5229451791383326,dropped_queue_full,,,
846,1,1,3.525,3.5250316481105983,dropped_queue_full,,,
847,2,1,3.529166666666667,3.5292306260671467,dropped_queue_full,,,
848,3,0,3.533333333333333,3.533373264130205,dropped_queue_full,,,
849,0,0,3.5375,3.5376128419302404,completed,3.5945702311582863,57.07023115828625,35.25680160522461
850,1,0,3.5416666666666665,3.5426051020622253,completed,3.6049821469932795,63.31548032661294,35.24582290649414
851,2,0,3.5458333333333334,3.547574842115864,completed,3.6147209289483726,68.8875956150392,35.273502349853516
852,3,1,3.55,3.5523829739540815,completed,3.6211440949700773,71.14409497007745,35.25151824951172
853,0,1,3.5541666666666667,3.5572130361106247,dropped_queue_full,,,
854,1,1,3.558333333333333,3.558459053048864,dropped_queue_full,,,
855,2,1,3.5625,3.56256473204121,dropped_queue_full,,,
856,3,0,3.5666666666666664,3.566672960994765,dropped_queue_full,,,
857,0,0,3.5708333333333333,3.570932178059593,completed,3.6300548061262816,59.22147279294832,35.32137680053711
858,1,0,3.5749999999999997,3.575785689987242,completed,3.643121195025742,68.12119502574232,35.352638244628906
859,2,0,3.5791666666666666,3.580647201044485,completed,3.64816951402463,69.00284735796359,35.459617614746094
860,3,1,3.5833333333333335,3.585532152093947,dropped_queue_full,,,
861,0,1,3.5875,3.587612931150943,dropped_queue_full,,,
862,1,1,3.591666666666667,3.5917253501247615,dropped_queue_full,,,
863,2,1,3.595833333333333,3.5958444990683347,dropped_queue_full,,,
864,3,0,3.6,3.600090186111629,completed,3.6568886069580913,56.888606958091174,35.64275360107422
865,0,0,3.6041666666666665,3.6049664670135826,completed,3.665727728046477,61.561061379810326,35.55596923828125
866,1,0,3.6083333333333334,3.609841858036816,completed,3.676360792014748,68.02745868141446,35.42335891723633
867,2,0,3.6125,3.6147137789521366,completed,3.683386330958456,70.88633095845597,35.14371109008789
868,3,1,3.6166666666666667,3.619566790992394,dropped_queue_full,,,
869,0,1,3.620833333333333,3.6208494380116463,dropped_queue_full,,,
870,1,1,3.625,3.6250912649556994,dropped_queue_full,,,
871,2,1,3.6291666666666664,3.629248243989423,dropped_queue_full,,,
872,3,0,3.6333333333333333,3.6333652031607926,completed,3.691780396969989,58.44706363665564,34.857566833496094
873,0,0,3.6374999999999997,3.6382451441604644,completed,3.7007274380885065,63.22743808850673,34.79753494262695
874,1,0,3.6416666666666666,3.643114675069228,completed,3.7103403110522777,68.67364438561108,34.74563217163086
875,2,0,3.6458333333333335,3.648162303958088,completed,3.7181484929751605,72.315159641827,34.72467041015625
876,3,1,3.65,3.65322136413306,dropped_queue_full,,,
877,0,1,3.654166666666667,3.654187424108386,dropped_queue_full,,,
878,1,1,3.658333333333333,3.658454190939665,dropped_queue_full,,,
879,2,1,3.6625,3.6625624699518085,dropped_queue_full,,,
880,3,0,3.6666666666666665,3.666684809140861,completed,3.726686797104776,60.02013043810939,34.693599700927734
881,0,0,3.6708333333333334,3.6715313899330795,completed,3.7388357459567487,68.00241262341532,34.6927375793457
882,1,0,3.675,3.6763545321300626,completed,3.744139752117917,69.13975211791711,34.67612838745117
883,2,0,3.6791666666666667,3.6811466440558434,dropped_queue_full,,,
884,3,1,3.683333333333333,3.683381760958582,dropped_queue_full,,,
885,0,1,3.6875,3.6875150699634105,dropped_queue_full,,,
886,1,1,3.6916666666666664,3.691771636949852,dropped_queue_full,,,
887,2,1,3.6958333333333333,3.695884056156501,completed,3.753040153067559,57.206819734225704,34.74256134033203
888,3,0,3.6999999999999997,3.700721977977082,completed,3.763302420033142,63.30242003314224,34.728641510009766
889,0,0,3.7041666666666666,3.7055299889761955,completed,3.7730026030912995,68.83593642463293,34.77484893798828
890,1,0,3.7083333333333335,3.7103338909801096,completed,3.778945224126801,70.61189079346741,34.770015716552734
891,2,0,3.7125,3.715108923148364,dropped_queue_full,,,
892,3,1,3.716666666666667,3.7167075669858605,dropped_queue_full,,,
893,0,1,3.720833333333333,3.7208481959532946,dropped_queue_full,,,
894,1,1,3.725,3.7250899230130017,dropped_queue_full,,,
895,2,1,3.7291666666666665,3.7292459320742637,completed,3.787986593088135,58.81992642146861,34.7344970703125
896,3,0,3.7333333333333334,3.7340659231413156,completed,3.8015199480578303,68.18661472449693,35.028865814208984
897,0,0,3.7375,3.738829995971173,completed,3.8063664089422673,68.86640894226747,34.978206634521484
898,1,0,3.7416666666666667,3.743638047017157,dropped_queue_full,,,
899,2,0,3.745833333333333,3.7458879549521953,dropped_queue_full,,,
900,3,1,3.75,3.750137752154842,dropped_queue_full,,,
901,0,1,3.7541666666666664,3.7542961209546775,dropped_queue_full,,,
902,1,1,3.7583333333333333,3.758409050060436,completed,3.814214240061119,55.8809067277859,35.04265594482422
903,2,1,3.7624999999999997,3.7632945710793138,completed,3.823209170019254,60.70917001925436,35.057472229003906
904,3,0,3.7666666666666666,3.768165281973779,completed,3.835115631110966,68.4489644442996,34.83055877685547
905,0,0,3.7708333333333335,3.77299712295644,completed,3.8404851970262825,69.65186369294906,34.90739059448242
906,1,0,3.775,3.777841025032103,dropped_queue_full,,,
907,2,0,3.779166666666667,3.779269031016156,dropped_queue_full,,,
908,3,1,3.783333333333333,3.783411119133234,dropped_queue_full,,,
909,0,1,3.7875,3.7875157680828124,dropped_queue_full,,,
910,1,1,3.7916666666666665,3.791770044947043,completed,3.8490478810854256,57.3812144187591,34.72208023071289
911,2,1,3.7958333333333334,3.7966298169922084,completed,3.8593216079752892,63.48827464195583,34.8223991394043
912,3,0,3.8,3.8015120879281312,completed,3.8692237089853734,69.22370898537355,34.85356903076172
913,0,0,3.8041666666666667,3.8063610789831728,completed,3.87554281600751,71.37614934084313,34.9620475769043
914,1,0,3.808333333333333,3.811200391035527,dropped_queue_full,,,
915,2,0,3.8125,3.8126178060192615,dropped_queue_full,,,
916,3,1,3.8166666666666664,3.8167252850253135,dropped_queue_full,,,
917,0,1,3.8208333333333333,3.820834184065461,dropped_queue_full,,,
918,1,1,3.8249999999999997,3.8250932509545237,completed,3.8842121991328895,59.21219913288978,35.09436798095703
919,2,1,3.8291666666666666,3.829958683112636,completed,3.8972491880413145,68.08252137464788,34.95328140258789
920,3,0,3.8333333333333335,3.8351076310500503,completed,3.902128609130159,68.79527579682554,34.968223571777344
921,0,0,3.8375,3.8399903820827603,dropped_queue_full,,,
922,1,0,3.841666666666667,3.8417599441017956,dropped_queue_full,,,
923,2,0,3.845833333333333,3.8458817929495126,dropped_queue_full,,,
924,3,1,3.85,3.8501356900669634,dropped_queue_full,,,
925,0,1,3.8541666666666665,3.854249479016289,completed,3.9105720850639045,56.40541839723801,34.9153938293457
926,1,1,3.8583333333333334,3.859314088942483,completed,3.919254967942834,60.92163460950051,34.936767578125
927,2,1,3.8625,3.8643657779321074,completed,3.930576493963599,68.07649396359938,34.935489654541016
928,3,0,3.8666666666666667,3.869215948972851,completed,3.936982739949599,70.31607328293221,34.944190979003906
929,0,0,3.870833333333333,3.874089390039444,dropped_queue_full,,,
930,1,0,3.875,3.8750588910188526,dropped_queue_full,,,
931,2,0,3.8791666666666664,3.8793002979364246,dropped_queue_full,,,
932,3,1,3.8833333333333333,3.883407167159021,dropped_queue_full,,,
933,0,1,3.8874999999999997,3.887515626149252,completed,3.9456842930521816,58.18429305218187,35.02000045776367
934,1,1,3.8916666666666666,3.892365727107972,completed,3.9549498499836773,63.28318331701066,35.03433609008789
935,2,1,3.8958333333333335,3.8972418080084026,completed,3.9648820110596716,69.04867772633816,34.97600173950195
936,3,0,3.9,3.902120279148221,completed,3.971983469091356,71.98346909135589,34.93155288696289
937,0,0,3.904166666666667,3.906944521004334,dropped_queue_full,,,
938,1,0,3.908333333333333,3.9083851070608944,dropped_queue_full,,,
939,2,0,3.9125,3.912613734137267,dropped_queue_full,,,
940,3,1,3.9166666666666665,3.916724832961336,dropped_queue_full,,,
941,0,1,3.9208333333333334,3.920844752108678,completed,3.980848461156711,60.01512782337759,34.90822219848633
942,1,1,3.925,3.9256962731014937,completed,3.9930692280177027,68.06922801770287,34.90185546875
943,2,1,3.9291666666666667,3.9305693940259516,completed,3.998466104036197,69.29943736953037,34.884769439697266
944,3,0,3.933333333333333,3.9357112729921937,dropped_queue_full,,,
945,0,0,3.9375,3.93762152409181,dropped_queue_full,,,
946,1,0,3.9416666666666664,3.9417262331116945,dropped_queue_full,,,
947,2,0,3.9458333333333333,3.9458482910413295,dropped_queue_full,,,
948,3,1,3.9499999999999997,3.9500898690894246,completed,4.007148147094995,57.14814709499505,34.88982391357422
949,0,1,3.9541666666666666,3.9549432899802923,completed,4.017396884039044,63.23021737237777,34.874847412109375
950,1,1,3.9583333333333335,3.9598129910882562,completed,4.027101116953418,68.76778362008417,34.90643310546875
951,2,1,3.9625,3.9648748410400003,completed,4.033465003129095,70.96500312909492,34.8966064453125
952,3,0,3.966666666666667,3.9699393999762833,dropped_queue_full,,,
953,0,0,3.970833333333333,3.9709040101151913,dropped_queue_full,,,
954,1,0,3.975,3.9751363380346447,dropped_queue_full,,,
955,2,0,3.9791666666666665,3.9792521269991994,dropped_queue_full,,,
956,3,1,3.9833333333333334,3.983360484940931,completed,4.042061076965183,58.72774363184963,34.84195327758789
957,0,1,3.9875,3.988224206957966,completed,4.055535651976243,68.03565197624283,34.82758331298828
958,1,1,3.9916666666666667,3.9930628780275583,completed,4.060355964116752,68.68929745008545,34.86787033081055
959,2,1,3.995833333333333,3.9979601891245693,dropped_queue_full,,,
960,3,0,4.0,4.000056778080761,dropped_queue_full,,,
961,0,0,4.004166666666666,4.00429481593892,dropped_queue_full,,,
962,1,0,4.008333333333333,4.008420094149187,dropped_queue_full,,,
963,2,0,4.0125,4.012513573048636,completed,4.06872946000658,56.22946000657958,34.96073532104492
964,3,1,4.016666666666667,4.017391334054992,completed,4.077304614009336,60.63794734266903,35.034751892089844
965,0,1,4.020833333333333,4.022239386104047,completed,4.08892612811178,68.09279477844666,35.18975830078125
966,1,1,4.025,4.02709456696175,completed,4.094940186943859,69.9401869438585,35.21247863769531
967,2,1,4.029166666666667,4.031951148062944,dropped_queue_full,,,
968,3,0,4.033333333333333,4.0334604231175035,dropped_queue_full,,,
969,0,0,4.0375,4.037753409938887,dropped_queue_full,,,
970,1,0,4.041666666666667,4.041725571034476,dropped_queue_full,,,
971,2,0,4.045833333333333,4.0458372191060334,completed,4.103945657145232,58.11232381189857,35.071231842041016
972,3,1,4.05,4.050706150941551,completed,4.113272374030203,63.272374030202805,35.010433197021484
973,0,1,4.054166666666666,4.055529912002385,completed,4.1230118160601705,68.84514939350427,34.89324951171875
974,1,1,4.058333333333334,4.06034947396256,completed,4.129900027066469,71.56669373313562,34.84223937988281
975,2,1,4.0625,4.065194375114515,dropped_queue_full,,,
976,3,0,4.066666666666666,4.066693640081212,dropped_queue_full,,,
977,0,0,4.070833333333333,4.070930168032646,dropped_queue_full,,,
978,1,0,4.075,4.075088506098837,dropped_queue_full,,,
979,2,0,4.079166666666667,4.079208925133571,completed,4.138848077040166,59.681410373499055,34.847198486328125
980,3,1,4.083333333333333,4.084057606058195,completed,4.151443650946021,68.11031761268805,34.85007858276367
981,0,1,4.0875,4.088920708047226,completed,4.156326761934906,68.82676193490589,34.97856140136719
982,1,1,4.091666666666667,4.093804689124227,dropped_queue_full,,,
983,2,1,4.095833333333333,4.095897298073396,dropped_queue_full,,,
984,3,0,4.1,4.100135565036908,dropped_queue_full,,,
985,0,0,4.104166666666667,4.104268534108996,dropped_queue_full,,,
986,1,0,4.108333333333333,4.108359053032473,completed,4.164983295137063,56.649961803729276,34.972225189208984
987,2,0,4.1125,4.113264494109899,completed,4.174150103935972,61.650103935972034,35.0497932434082
988,3,1,4.116666666666666,4.118148335022852,completed,4.185038804076612,68.37213740994574,35.23273468017578
989,0,1,4.120833333333334,4.123006246052682,completed,4.19161733915098,70.78400581764654,35.27052688598633
990,1,1,4.125,4.127853868063539,dropped_queue_full,,,
991,2,1,4.129166666666666,4.129257163032889,dropped_queue_full,,,
992,3,0,4.133333333333333,4.133456100942567,dropped_queue_full,,,
993,0,0,4.1375,4.1375680500641465,dropped_queue_full,,,
994,1,0,4.141666666666667,4.141673779115081,completed,4.200467290123925,58.800623457258006,35.279327392578125
995,2,0,4.145833333333333,4.146549500059336,completed,4.214283201145008,68.44986781167518,35.1638069152832
996,3,1,4.15,4.151435910956934,completed,4.219360240967944,69.36024096794391,35.03968048095703
997,0,1,4.154166666666667,4.156321251997724,completed,4.226844716118649,72.67804945198186,35.109886169433594
998,1,1,4.158333333333333,4.161218422930688,dropped_queue_full,,,
999,2,1,4.1625,4.16261594905518,dropped_queue_full,,,
1000,3,0,4.166666666666667,4.166739447973669,dropped_queue_full,,,
1001,0,0,4.170833333333333,4.170835027005523,dropped_queue_full,,,
1002,1,0,4.175,4.175106283975765,completed,4.2356203680392355,60.62036803923565,35.147743225097656
1003,2,0,4.179166666666666,4.180156893096864,completed,4.247170732123777,68.00406545711101,35.21235275268555
1004,3,1,4.183333333333334,4.185031065018848,completed,4.25340204895474,70.0687156214066,35.23001480102539
1005,0,1,4.1875,4.189890816109255,dropped_queue_full,,,
1006,1,1,4.191666666666666,4.191781347151846,dropped_queue_full,,,
1007,2,1,4.195833333333333,4.195884256158024,dropped_queue_full,,,
1008,3,0,4.2,4.200137563049793,dropped_queue_full,,,
1009,0,0,4.204166666666667,4.204245341941714,completed,4.262254971079528,58.088304412861724,35.195648193359375
1010,1,0,4.208333333333333,4.2091285130009055,completed,4.271484917961061,63.15158462772796,35.126399993896484
1011,2,0,4.2125,4.214276070939377,completed,4.281295360065997,68.79536006599629,35.1923828125
1012,3,1,4.216666666666667,4.2193523910827935,completed,4.288731385022402,72.06471835573502,35.18844985961914
1013,0,1,4.220833333333333,4.2244446601253,dropped_queue_full,,,
1014,1,1,4.225,4.225093403132632,dropped_queue_full,,,
1015,2,1,4.229166666666667,4.229198492132127,dropped_queue_full,,,
1016,3,0,4.233333333333333,4.233391440007836,dropped_queue_full,,,
1017,0,0,4.2375,4.237525669159368,completed,4.2975830470677465,60.0830470677467,35.2053108215332
1018,1,0,4.241666666666666,4.242349540116265,completed,4.309802633943036,68.13596727636994,35.300926208496094
1019,2,0,4.245833333333334,4.2471637420821935,completed,4.315465348074213,69.6320147408791,35.2097282409668
1020,3,1,4.25,4.251958623994142,dropped_queue_full,,,
1021,0,1,4.254166666666666,4.254199962131679,dropped_queue_full,,,
1022,1,1,4.258333333333333,4.258454469032586,dropped_queue_full,,,
1023,2,1,4.2625,4.262577348155901,dropped_queue_full,,,
1024,3,0,4.266666666666667,4.266672267112881,completed,4.323986652074382,57.3199854077151,35.20070266723633
1025,0,0,4.270833333333333,4.271478248061612,completed,4.334083040943369,63.24970761003623,35.17289733886719
1026,1,0,4.275,4.276293559931219,completed,4.344032170949504,69.03217094950342,35.04364776611328
1027,2,0,4.279166666666667,4.281288529979065,completed,4.350622215075418,71.45554840875157,34.930912017822266
1028,3,1,4.283333333333333,4.286320409970358,dropped_queue_full,,,
1029,0,1,4.2875,4.287610566942021,dropped_queue_full,,,
1030,1,1,4.291666666666667,4.291723374975845,dropped_queue_full,,,
1031,2,1,4.295833333333333,4.295980083057657,dropped_queue_full,,,
1032,3,0,4.3,4.300092621939257,completed,4.3591465200297534,59.146520029753624,34.90825653076172
1033,0,0,4.304166666666666,4.304935642983764,completed,4.3723348181229085,68.16815145624221,35.009761810302734
1034,1,0,4.308333333333334,4.309796224115416,completed,4.37719870894216,68.86537560882644,35.10723114013672
1035,2,0,4.3125,4.314671705942601,dropped_queue_full,,,
1036,3,1,4.316666666666666,4.316739635076374,dropped_queue_full,,,
1037,0,1,4.320833333333333,4.320977651979774,dropped_queue_full,,,
1038,1,1,4.325,4.325102841015905,dropped_queue_full,,,
1039,2,1,4.329166666666667,4.329200650099665,completed,4.385776743059978,56.61007639331128,35.1262092590332
1040,3,0,4.333333333333333,4.334077531006187,completed,4.3945260650943965,61.192731761063435,35.145057678222656
1041,0,0,4.3375,4.3391793901100755,completed,4.405659873969853,68.15987396985257,35.17657470703125
1042,1,0,4.341666666666667,4.344025751110166,completed,4.412099739070982,70.43307240431496,35.10905456542969
1043,2,0,4.345833333333333,4.348881503101438,dropped_queue_full,,,
1044,3,1,4.35,4.3501363401301205,dropped_queue_full,,,
1045,0,1,4.354166666666667,4.354246219154447,dropped_queue_full,,,
1046,1,1,4.358333333333333,4.358358667930588,dropped_queue_full,,,
1047,2,1,4.3625,4.36261281510815,completed,4.421102689113468,58.60268911346811,35.117183685302734
1048,3,0,4.366666666666666,4.367493245983496,completed,4.429895380977541,63.228714310874956,35.12422561645508
1049,0,0,4.370833333333334,4.37232941808179,completed,4.439837251091376,69.00391775804238,35.12895965576172
1050,1,0,4.375,4.377192178973928,completed,4.447371896123514,72.37189612351358,35.18544006347656
1051,2,0,4.379166666666666,4.382056170143187,dropped_queue_full,,,
1052,3,1,4.383333333333333,4.383422257145867,dropped_queue_full,,,
1053,0,1,4.3875,4.387530534993857,dropped_queue_full,,,
1054,1,1,4.391666666666667,4.3916690240148455,dropped_queue_full,,,
1055,2,1,4.395833333333333,4.395933201070875,completed,4.456367486156523,60.53415282319019,35.162113189697266
1056,3,0,4.4,4.400820821989328,completed,4.468137237941846,68.1372379418459,35.144126892089844
1057,0,0,4.404166666666667,4.405654584057629,completed,4.473954749060795,69.78808239412793,35.162208557128906
1058,1,0,4.408333333333333,4.4104991250205785,dropped_queue_full,,,
1059,2,0,4.4125,4.412581354146823,dropped_queue_full,,,
1060,3,1,4.416666666666667,4.416673533152789,dropped_queue_full,,,
1061,0,1,4.420833333333333,4.420929711079225,dropped_queue_full,,,
1062,1,1,4.425,4.425042429938912,completed,4.482623192947358,57.62319294735807,35.16534423828125
1063,2,1,4.429166666666666,4.429887430975214,completed,4.492580963065848,63.4142963991815,35.16899108886719
1064,3,0,4.433333333333334,4.434746842132881,completed,4.502514383057132,69.1810497237988,35.26643371582031
1065,0,0,4.4375,4.439831770956516,completed,4.509263656102121,71.76365610212088,35.20121765136719
1066,1,0,4.441666666666666,4.444677103077993,dropped_queue_full,,,
1067,2,0,4.445833333333333,4.445934979943559,dropped_queue_full,,,
1068,3,1,4.45,4.450040149036795,dropped_queue_full,,,
1069,0,1,4.454166666666667,4.454295586096123,dropped_queue_full,,,
1070,1,1,4.458333333333333,4.458407485159114,completed,4.5180967471096665,59.76341377633343,35.25823974609375
1071,2,1,4.4625,4.463267826009542,completed,4.530692260945216,68.19226094521547,35.24163055419922
1072,3,0,4.466666666666667,4.468129477929324,completed,4.535819520009682,69.1528533430148,35.12627029418945
1073,0,0,4.470833333333333,4.472985259024426,dropped_queue_full,,,
1074,1,0,4.475,4.4750712180975825,dropped_queue_full,,,
1075,2,0,4.479166666666667,4.479294836055487,dropped_queue_full,,,
1076,3,1,4.483333333333333,4.483419485157356,dropped_queue_full,,,
1077,0,1,4.4875,4.4875170739833266,completed,4.544681861065328,57.1818610653283,35.19084930419922
1078,1,1,4.491666666666666,4.492573393043131,completed,4.55492587806657,63.259211399903315,35.15711975097656
1079,2,1,4.495833333333334,4.497472454095259,completed,4.5646687699481845,68.83543661485092,35.15849685668945
1080,3,0,4.5,4.5025067729875445,completed,4.570983187062666,70.98318706266582,35.137855529785156
1081,0,0,4.504166666666666,4.5075274331029505,dropped_queue_full,,,
1082,1,0,4.508333333333333,4.508461514022201,dropped_queue_full,,,
1083,2,0,4.5125,4.512566993013024,dropped_queue_full,,,
1084,3,1,4.516666666666667,4.516672681085765,dropped_queue_full,,,
1085,0,1,4.520833333333333,4.520933679072186,completed,4.579843417974189,59.01008464085589,35.16511917114258
1086,1,1,4.525,4.525812909938395,completed,4.5931535351555794,68.15353515557909,35.162113189697266
1087,2,1,4.529166666666667,4.53068532096222,completed,4.598201934015378,69.03526734871157,35.31401443481445
1088,3,0,4.533333333333333,4.535559342009947,dropped_queue_full,,,
1089,0,0,4.5375,4.5375745019409806,dropped_queue_full,,,
1090,1,0,4.541666666666667,4.541676250984892,dropped_queue_full,,,
1091,2,0,4.545833333333333,4.545928688021377,dropped_queue_full,,,
1092,3,1,4.55,4.5500419770833105,completed,4.606618760153651,56.618760153651415,35.381534576416016
1093,0,1,4.554166666666666,4.554919388145208,completed,4.615461161127314,61.29449446064772,35.478782653808594
1094,1,1,4.558333333333334,4.559796089073643,completed,4.626368462108076,68.03512877474205,35.41398239135742
1095,2,1,4.5625,4.564661680022255,completed,4.633256383007392,70.75638300739229,35.12006378173828
1096,3,0,4.566666666666666,4.569576401030645,dropped_queue_full,,,
1097,0,0,4.570833333333333,4.570860018022358,dropped_queue_full,,,
1098,1,0,4.575,4.575088436016813,dropped_queue_full,,,
1099,2,0,4.579166666666667,4.579198254970834,dropped_queue_full,,,
1100,3,1,4.583333333333333,4.583453112049028,completed,4.641681709093973,58.34837576064,34.95151901245117
1101,0,1,4.5875,4.58830525400117,completed,4.6507657980546355,63.26579805463517,34.89846420288086
1102,1,1,4.591666666666667,4.593147224979475,completed,4.660382131114602,68.7154644479353,34.778785705566406
1103,2,1,4.595833333333333,4.598194755148143,completed,4.6682121029589325,72.3787696255993,34.801025390625
1104,3,0,4.6,4.6030279661063105,dropped_queue_full,,,
1105,0,0,4.604166666666667,4.604394742054865,dropped_queue_full,,,
1106,1,0,4.608333333333333,4.608367273118347,dropped_queue_full,,,
1107,2,0,4.6125,4.612613209988922,dropped_queue_full,,,
1108,3,1,4.616666666666666,4.6167349389288574,completed,4.676733638159931,60.066971493264454,34.844512939453125
1109,0,1,4.620833333333334,4.6215517511591315,completed,4.68886819598265,68.03486264931635,34.84124755859375
1110,1,1,4.625,4.626362161943689,completed,4.6941441129893064,69.14411298930645,34.967872619628906
1111,2,1,4.629166666666666,4.631205584155396,dropped_queue_full,,,
1112,3,0,4.633333333333333,4.633419322082773,dropped_queue_full,,,
1113,0,0,4.6375,4.637569190002978,dropped_queue_full,,,
1114,1,0,4.641666666666667,4.6416723190341145,dropped_queue_full,,,
1115,2,0,4.645833333333333,4.645930766128004,completed,4.703144792933017,57.31145959968398,34.83760070800781
1116,3,1,4.65,4.650760747957975,completed,4.713367179967463,63.36717996746266,34.76387023925781
1117,0,1,4.654166666666667,4.65555589995347,completed,4.723072543041781,68.9058763751138,34.71478271484375
1118,1,1,4.658333333333333,4.660375991137698,completed,4.7290807529352605,70.74741960192732,34.70908737182617
1119,2,1,4.6625,4.66519047296606,dropped_queue_full,,,
1120,3,0,4.666666666666667,4.666774107143283,dropped_queue_full,,,
1121,0,0,4.670833333333333,4.670879386132583,dropped_queue_full,,,
1122,1,0,4.675,4.675135992933065,dropped_queue_full,,,
1123,2,0,4.679166666666666,4.6792476021219045,completed,4.738040053052828,58.873386386161464,34.68851089477539
1124,3,1,4.683333333333334,4.684078213991597,completed,4.746591397095472,63.25806376213805,34.69625473022461
1125,0,1,4.6875,4.688862686045468,completed,4.756281840149313,68.78184014931321,34.824832916259766
1126,1,1,4.691666666666666,4.693674808135256,dropped_queue_full,,,
1127,2,1,4.695833333333333,4.695893136085942,dropped_queue_full,,,
1128,3,0,4.7,4.700135553022847,dropped_queue_full,,,
1129,0,0,4.704166666666667,4.704407379962504,dropped_queue_full,,,
1130,1,0,4.708333333333333,4.708355931099504,completed,4.763933934038505,55.60060070517192,34.776737213134766
1131,2,0,4.7125,4.71335969096981,completed,4.77293714415282,60.437144152819755,34.801727294921875
1132,3,1,4.716666666666667,4.718201881973073,completed,4.78478340501897,68.11673835230359,34.793216705322266
1133,0,1,4.720833333333333,4.723066942999139,completed,4.790115501033142,69.282167699809,34.78879928588867
1134,1,1,4.725,4.72795283398591,dropped_queue_full,,,
1135,2,1,4.729166666666667,4.729243901092559,dropped_queue_full,,,
1136,3,0,4.733333333333333,4.733356120064855,dropped_queue_full,,,
1137,0,0,4.7375,4.737550928024575,dropped_queue_full,,,
1138,1,0,4.741666666666666,4.741676377132535,completed,4.798854344058782,57.18767739211561,34.825889587402344
1139,2,0,4.745833333333334,4.746582938125357,completed,4.8091548210941255,63.32148776079194,34.84204864501953
1140,3,1,4.75,4.75145089905709,completed,4.8193359391298145,69.3359391298145,35.09622573852539
1141,0,1,4.754166666666666,4.756276489933953,completed,4.825308989034966,71.1423223682992,35.08918380737305
1142,1,1,4.758333333333333,4.761089371982962,dropped_queue_full,,,
1143,2,1,4.7625,4.7625293279998,dropped_queue_full,,,
1144,3,0,4.766666666666667,4.7667722050100565,dropped_queue_full,,,
1145,0,0,4.770833333333333,4.770878653973341,dropped_queue_full,,,
1146,1,0,4.775,4.77513796207495,completed,4.8341443000826985,59.14430008269811,35.02947235107422
1147,2,0,4.779166666666667,4.779944573063403,completed,4.847345078131184,68.1784114645172,34.924129486083984
1148,3,1,4.783333333333333,4.784775695065036,completed,4.852199899032712,68.86656569937877,34.66739273071289
1149,0,1,4.7875,4.789618765935302,dropped_queue_full,,,
1150,1,1,4.791666666666667,4.791707484982908,dropped_queue_full,,,
1151,2,1,4.795833333333333,4.795977893052623,dropped_queue_full,,,
1152,3,0,4.8,4.800097081111744,dropped_queue_full,,,
1153,0,0,4.804166666666666,4.804202100029215,completed,4.8602129691280425,56.04630246137621,34.636383056640625
1154,1,0,4.808333333333334,4.809147831052542,completed,4.868887612130493,60.554278797159355,34.61820983886719
1155,2,0,4.8125,4.814230390125886,completed,4.880665284115821,68.16528411582112,34.62614440917969
1156,3,1,4.816666666666666,4.819327789125964,completed,4.886207228992134,69.5405623254679,34.64281463623047
1157,0,1,4.820833333333333,4.82420303998515,dropped_queue_full,,,
1158,1,1,4.825,4.825142109999433,dropped_queue_full,,,
1159,2,1,4.829166666666667,4.829245219007134,dropped_queue_full,,,
1160,3,0,4.833333333333333,4.833355627954006,dropped_queue_full,,,
1161,0,0,4.8375,4.837577666155994,completed,4.895048340084031,57.54834008403087,34.73769760131836
1162,1,0,4.841666666666667,4.842473746975884,completed,4.904946580994874,63.279914328207454,34.77449417114258
1163,2,0,4.845833333333333,4.847337807994336,completed,4.914690142963082,68.85680962974838,34.7672004699707
1164,3,1,4.85,4.85219149896875,completed,4.921205088030547,71.20508803054726,34.77462387084961
1165,0,1,4.854166666666667,4.857050800928846,dropped_queue_full,,,
1166,1,1,4.858333333333333,4.858458677073941,dropped_queue_full,,,
1167,2,1,4.8625,4.8625641751568764,dropped_queue_full,,,
1168,3,0,4.866666666666666,4.866675063967705,dropped_queue_full,,,
1169,0,0,4.870833333333334,4.870930432109162,completed,4.929899710929021,59.06637759568767,34.79043197631836
1170,1,0,4.875,4.875790143152699,completed,4.943352286005393,68.35228600539267,34.77446365356445
1171,2,0,4.879166666666666,4.880658003967255,completed,4.94824863714166,69.08197047499343,34.83574295043945
1172,3,1,4.883333333333333,4.885551834944636,dropped_queue_full,,,
1173,0,1,4.8875,4.887635234044865,dropped_queue_full,,,
1174,1,1,4.891666666666667,4.891724552959204,dropped_queue_full,,,
1175,2,1,4.895833333333333,4.89584598201327,dropped_queue_full,,,
1176,3,0,4.9,4.90008841897361,completed,4.956301925936714,56.30192593671346,34.90806579589844
1177,0,0,4.904166666666667,4.9049401809461415,completed,4.964984928956255,60.81826228958853,34.96611022949219
1178,1,0,4.908333333333333,4.909803162096068,completed,4.976448294008151,68.11496067481748,34.950401306152344
1179,2,0,4.9125,4.914683243026957,completed,4.982783541083336,70.28354108333623,34.9799690246582
1180,3,1,4.916666666666667,4.919751102104783,dropped_queue_full,,,
1181,0,1,4.920833333333333,4.920877160970122,dropped_queue_full,,,
1182,1,1,4.925,4.925136628095061,dropped_queue_full,,,
1183,2,1,4.929166666666666,4.92924823705107,dropped_queue_full,,,
1184,3,0,4.933333333333334,4.9333606159780174,completed,4.991304275114089,57.97094178075568,34.920799255371094
1185,0,0,4.9375,4.938238527160138,completed,5.0007811901159585,63.28119011595845,34.962432861328125
1186,1,0,4.941666666666666,4.943345416104421,completed,5.010482952930033,68.81628626336678,34.796993255615234
1187,2,0,4.945833333333333,4.94824124709703,completed,5.017737190006301,71.90385667296795,34.779937744140625
1188,3,1,4.95,4.953109418042004,dropped_queue_full,,,
1189,0,1,4.954166666666667,4.954232437070459,dropped_queue_full,,,
1190,1,1,4.958333333333333,4.9583694050088525,dropped_queue_full,,,
1191,2,1,4.9625,4.962613672949374,dropped_queue_full,,,
1192,3,0,4.966666666666667,4.966731952037662,completed,5.026261065155268,59.59439848860093,34.768001556396484
1193,0,0,4.970833333333333,4.971578272990882,completed,5.039047497091815,68.21416375848166,34.87593460083008
1194,1,0,4.975,4.976441974053159,completed,5.044565211981535,69.56521198153531,35.02608108520508
1195,2,0,4.979166666666667,4.981342124985531,dropped_queue_full,,,
1196,3,1,4.983333333333333,4.983423464000225,dropped_queue_full,,,
1197,0,1,4.9875,4.987517022993416,dropped_queue_full,,,
1198,1,1,4.991666666666666,4.991784010082483,dropped_queue_full,,,
1199,2,1,4.995833333333334,4.995883569121361,completed,5.052777979057282,56.94464572394864,34.93119812011719
1200,3,0,5.0,5.000775770051405,completed,5.061391263036057,61.39126303605735,34.88172912597656
1201,0,0,5.004166666666666,5.005627012113109,completed,5.072403893107548,68.23722644088193,34.857025146484375
1202,1,0,5.008333333333333,5.010476113064215,completed,5.078889488009736,70.55615467640308,34.893310546875
1203,2,0,5.0125,5.015345033956692,dropped_queue_full,,,
1204,3,1,5.016666666666667,5.016774330055341,dropped_queue_full,,,
1205,0,1,5.020833333333333,5.0208682890515774,dropped_queue_full,,,
1206,1,1,5.025,5.025136366020888,dropped_queue_full,,,
1207,2,1,5.029166666666667,5.0292949851136655,completed,5.087896507931873,58.72984126520642,34.941375732421875
1208,3,0,5.033333333333333,5.034195136046037,completed,5.09659820003435,63.26486670101694,35.133888244628906
1209,0,0,5.0375,5.03904165700078,completed,5.10633654310368,68.83654310368037,35.205055236816406
1210,1,0,5.041666666666667,5.044558631954715,completed,5.114211543928832,72.54487726216485,35.17091369628906
1211,2,0,5.045833333333333,5.049459252972156,dropped_queue_full,,,
1212,3,1,5.05,5.050107476068661,dropped_queue_full,,,
1213,0,1,5.054166666666666,5.054212635150179,dropped_queue_full,,,
1214,1,1,5.058333333333334,5.058454771991819,dropped_queue_full,,,
1215,2,1,5.0625,5.062511722091585,completed,5.123211434110999,60.71143411099911,35.13711929321289
1216,3,0,5.066666666666666,5.067545901052654,completed,5.1352379431482404,68.57127648157402,35.07324981689453
1217,0,0,5.070833333333333,5.072398463031277,completed,5.1406790390610695,69.84570572773663,35.15999984741211
1218,1,0,5.075,5.077284464146942,dropped_queue_full,,,
1219,2,0,5.079166666666667,5.079213683959097,dropped_queue_full,,,
1220,3,1,5.083333333333333,5.08345565199852,dropped_queue_full,,,
1221,0,1,5.0875,5.087567021138966,dropped_queue_full,,,
1222,1,1,5.091666666666667,5.0916707899887115,completed,5.149523450061679,57.8567833950121,35.15798568725586
1223,2,1,5.095833333333333,5.096589700086042,completed,5.159145954065025,63.31262073169164,35.25132751464844
1224,3,0,5.1,5.10148613108322,completed,5.168863356113434,68.8633561134342,35.11759948730469
1225,0,0,5.104166666666667,5.106331003131345,completed,5.1759363550227135,71.76968835604657,35.15135955810547
1226,1,0,5.108333333333333,5.111215953947976,dropped_queue_full,,,
1227,2,0,5.1125,5.112616430036724,dropped_queue_full,,,
1228,3,1,5.116666666666666,5.116724379127845,dropped_queue_full,,,
1229,0,1,5.120833333333334,5.120977326063439,dropped_queue_full,,,
1230,1,1,5.125,5.125093105016276,completed,5.184939465019852,59.93946501985192,35.2474250793457
1231,2,1,5.129166666666666,5.130158114014193,completed,5.197352370945737,68.18570427907034,35.058719635009766
1232,3,0,5.133333333333333,5.135229953099042,completed,5.202575598144904,69.24226481157092,35.26457595825195
1233,0,0,5.1375,5.140102154109627,dropped_queue_full,,,
1234,1,0,5.141666666666667,5.141774947056547,dropped_queue_full,,,
1235,2,0,5.145833333333333,5.145880525931716,dropped_queue_full,,,
1236,3,1,5.15,5.150135934120044,dropped_queue_full,,,
1237,0,1,5.154166666666667,5.154248072998598,completed,5.211257171118632,57.090504451965174,35.15651321411133
1238,1,1,5.158333333333333,5.159138913964853,completed,5.221633767010644,63.30043367731086,35.11699295043945
1239,2,1,5.1625,5.164008904946968,completed,5.231570807984099,69.07080798409915,35.20995330810547
1240,3,0,5.166666666666667,5.168855616124347,completed,5.237883934983984,71.21726831731667,35.27702331542969
1241,0,0,5.170833333333333,5.17373270704411,dropped_queue_full,,,
1242,1,0,5.175,5.1751363831572235,dropped_queue_full,,,
1243,2,0,5.179166666666666,5.179247091989964,dropped_queue_full,,,
1244,3,1,5.183333333333334,5.183358310954645,dropped_queue_full,,,
1245,0,1,5.1875,5.1876125580165535,completed,5.246778105152771,59.27810515277088,35.304927825927734
1246,1,1,5.191666666666666,5.192490149056539,completed,5.259820765117183,68.1540984505169,35.283870697021484
1247,2,1,5.195833333333333,5.1973447010386735,completed,5.264675365993753,68.84203266042022,35.2573127746582
1248,3,0,5.2,5.202238582074642,dropped_queue_full,,,
1249,0,0,5.204166666666667,5.204298661090434,dropped_queue_full,,,
1250,1,0,5.208333333333333,5.208412720123306,dropped_queue_full,,,
1251,2,0,5.2125,5.212532568024471,dropped_queue_full,,,
1252,3,1,5.216666666666667,5.216770636150613,completed,5.273369349073619,56.702682406951865,35.28646469116211
1253,0,1,5.220833333333333,5.22162724705413,completed,5.282204349990934,61.37101665760092,35.2369270324707
1254,1,1,5.225,5.226492629153654,completed,5.294861414004117,69.8614140041176,35.2088623046875
1255,2,1,5.229166666666667,5.231563678011298,completed,5.3000326519832015,70.86598531653453,35.2031364440918
1256,3,0,5.233333333333333,5.2364529189653695,dropped_queue_full,,,
1257,0,0,5.2375,5.237557368120179,dropped_queue_full,,,
1258,1,0,5.241666666666666,5.241754366084933,dropped_queue_full,,,
1259,2,0,5.245833333333334,5.245837145019323,dropped_queue_full,,,
1260,3,1,5.25,5.250089142005891,completed,5.3085786160081625,58.5786160081625,35.08473587036133
1261,0,1,5.254166666666666,5.254965943051502,completed,5.3173860581591725,63.219391492506105,35.037471771240234
1262,1,1,5.258333333333333,5.259814444929361,completed,5.327021601144224,68.68826781089155,35.254302978515625
1263,2,1,5.2625,5.264668355928734,completed,5.335143049946055,72.64304994605465,35.27689743041992
1264,3,0,5.266666666666667,5.26954471715726,dropped_queue_full,,,
1265,0,0,5.270833333333333,5.27097787312232,dropped_queue_full,,,
1266,1,0,5.275,5.275092252064496,dropped_queue_full,,,
1267,2,0,5.279166666666667,5.279205169994384,dropped_queue_full,,,
1268,3,1,5.283333333333333,5.283453898038715,completed,5.34385151299648,60.518179663146654,35.23846435546875
1269,0,1,5.2875,5.2882952890358865,completed,5.355689503950998,68.18950395099854,35.19609451293945
1270,1,1,5.291666666666667,5.29485193407163,completed,5.361668854020536,70.00218735386898,35.117408752441406
1271,2,1,5.295833333333333,5.300022531999275,dropped_dispatch_late,,,
1272,3,0,5.3,5.300041632028297,dropped_queue_full,,,
1273,0,0,5.304166666666666,5.304294659057632,dropped_queue_full,,,
1274,1,0,5.308333333333334,5.308404467999935,dropped_queue_full,,,
1275,2,0,5.3125,5.312514987075701,completed,5.370364306960255,57.86430696025491,34.89507293701172
1276,3,1,5.316666666666666,5.317380497930571,completed,5.379994021030143,63.32735436347647,35.0623664855957
1277,0,1,5.320833333333333,5.3222078201361,completed,5.389705562964082,68.8722296307489,35.1165771484375
1278,1,1,5.325,5.327015181072056,completed,5.396982500096783,71.98250009678287,35.13350296020508
1279,2,1,5.329166666666667,5.331813663011417,dropped_queue_full,,,
1280,3,0,5.333333333333333,5.33341325703077,dropped_queue_full,,,
1281,0,0,5.3375,5.337553106015548,dropped_queue_full,,,
1282,1,0,5.341666666666667,5.341776293003932,dropped_queue_full,,,
1283,2,0,5.345833333333333,5.345885111950338,completed,5.405530174961314,59.69684162798039,35.06313705444336
1284,3,1,5.35,5.350806093076244,completed,5.418122028000653,68.12202800065315,35.15296173095703
1285,0,1,5.354166666666667,5.355683834059164,completed,5.423128518043086,68.96185137641896,35.142784118652344
1286,1,1,5.358333333333333,5.360539646120742,dropped_queue_full,,,
1287,2,1,5.3625,5.362611425109208,dropped_queue_full,,,
1288,3,0,5.366666666666666,5.36672517308034,dropped_queue_full,,,
1289,0,0,5.370833333333334,5.370844881981611,dropped_queue_full,,,
1290,1,0,5.375,5.3750887401402,completed,5.432304485933855,57.304485933855176,35.15776062011719
1291,2,0,5.379166666666666,5.3799859611317515,completed,5.442599443020299,63.43277635363265,35.10940933227539
1292,3,1,5.383333333333333,5.384848891990259,completed,5.4528804800938815,69.54714676054863,35.14137649536133
1293,0,1,5.3875,5.389699963154271,completed,5.4584620939567685,70.96209395676834,35.10707092285156
1294,1,1,5.391666666666667,5.394592134049162,dropped_queue_full,,,
1295,2,1,5.395833333333333,5.395874910987914,dropped_queue_full,,,
1296,3,0,5.4,5.400138549041003,dropped_queue_full,,,
1297,0,0,5.404166666666667,5.40424778801389,dropped_queue_full,,,
1298,1,0,5.408333333333333,5.408354206010699,completed,5.467462043976411,59.12871064307801,35.07292938232422
1299,2,0,5.4125,5.413241076981649,completed,5.480527993058786,68.02799305878615,35.10905456542969
1300,3,1,5.416666666666667,5.418114098021761,completed,5.485350345028564,68.68367836189736,35.18764877319336
1301,0,1,5.420833333333333,5.422953850124031,dropped_queue_full,,,
1302,1,1,5.425,5.4250393190886825,dropped_queue_full,,,
1303,2,1,5.429166666666666,5.429296015994623,dropped_queue_full,,,
1304,3,0,5.433333333333334,5.433418144937605,dropped_queue_full,,,
1305,0,0,5.4375,5.4375191340222955,completed,5.493774750037119,56.27475003711879,35.20307159423828
1306,1,0,5.441666666666666,5.442592293024063,completed,5.502781740156934,61.115073490267235,35.15235137939453
1307,2,0,5.445833333333333,5.4480339989531785,completed,5.513997707981616,68.1643746482834,35.08319854736328
1308,3,1,5.45,5.452872660011053,completed,5.520104397088289,70.10439708828909,35.06604766845703
1309,0,1,5.454166666666667,5.457688892027363,dropped_queue_full,,,
1310,1,1,5.458333333333333,5.458458824083209,dropped_queue_full,,,
1311,2,1,5.4625,5.462563402950764,dropped_queue_full,,,
1312,3,0,5.466666666666667,5.4666709820739925,dropped_queue_full,,,
1313,0,0,5.470833333333333,5.470930679002777,completed,5.52893665805459,58.10332472125701,35.12588882446289
1314,1,0,5.475,5.475720881018788,completed,5.53823620500043,63.2362050004307,35.11248016357422
1315,2,0,5.479166666666667,5.480521142948419,completed,5.548450283007696,69.2836163410293,35.160064697265625
1316,3,1,5.483333333333333,5.485342645086348,completed,5.555579441133887,72.24610780055318,35.23276901245117
1317,0,1,5.4875,5.4901290270499885,dropped_queue_full,,,
1318,1,1,5.491666666666666,5.491729320958257,dropped_queue_full,,,
1319,2,1,5.495833333333334,5.495842339936644,dropped_queue_full,,,
1320,3,0,5.5,5.500095677096397,dropped_queue_full,,,
1321,0,0,5.504166666666666,5.504215155960992,completed,5.564096285961568,59.929619294901926,34.9918098449707
1322,1,0,5.508333333333333,5.50911901704967,completed,5.5765654009301215,68.23206759678868,35.06425476074219
1323,2,0,5.5125,5.513990258099511,completed,5.581807868089527,69.30786808952672,34.9521598815918
1324,3,1,5.516666666666667,5.518842278979719,dropped_queue_full,,,
1325,0,1,5.520833333333333,5.520901098148897,dropped_queue_full,,,
1326,1,1,5.525,5.525137196062133,dropped_queue_full,,,
1327,2,1,5.529166666666667,5.529259035130963,dropped_queue_full,,,
1328,3,0,5.533333333333333,5.533361613983288,completed,5.590524710947648,57.191377614314476,34.94847869873047
1329,0,0,5.5375,5.53822958515957,completed,5.600788708077744,63.288708077744005,35.08214569091797
1330,1,0,5.541666666666667,5.543082915944979,completed,5.610535759944469,68.86909327780177,34.93222427368164
1331,2,0,5.545833333333333,5.548443593084812,completed,5.616856487002224,71.02315366889033,34.93791961669922
1332,3,1,5.55,5.553528822027147,dropped_queue_full,,,
1333,0,1,5.554166666666666,5.554300394142047,dropped_queue_full,,,
1334,1,1,5.558333333333334,5.558406302938238,dropped_queue_full,,,
1335,2,1,5.5625,5.562515161931515,dropped_queue_full,,,
1336,3,0,5.566666666666666,5.566773219034076,completed,5.625687438994646,59.02077232797964,35.00764846801758
1337,0,0,5.570833333333333,5.571623950032517,completed,5.639021924929693,68.18859159636048,35.02876663208008
1338,1,0,5.575,5.576558951055631,completed,5.64386554597877,68.86554597876949,34.98646545410156
1339,2,0,5.579166666666667,5.5814710019622,dropped_queue_full,,,
1340,3,1,5.583333333333333,5.583411012077704,dropped_queue_full,,,
1341,0,1,5.5875,5.587515901075676,dropped_queue_full,,,
1342,1,1,5.591666666666667,5.5917714280076325,dropped_queue_full,,,
1343,2,1,5.595833333333333,5.5958832369651645,completed,5.651985425036401,56.15209170306734,34.95993423461914
1344,3,0,5.6,5.600783348083496,completed,5.660855425987393,60.85542598739302,34.96550369262695
1345,0,0,5.604166666666667,5.605662018992007,completed,5.672281821956858,68.11515529019107,34.90127944946289
1346,1,0,5.608333333333333,5.610529340105131,completed,5.678421519929543,70.08818659620974,34.88265609741211
1347,2,0,5.6125,5.615406372118741,dropped_queue_full,,,
1348,3,1,5.616666666666666,5.616689139045775,dropped_queue_full,,,
1349,0,1,5.620833333333334,5.620931396028027,dropped_queue_full,,,
1350,1,1,5.625,5.6250410249922425,dropped_queue_full,,,
1351,2,1,5.629166666666666,5.629296022001654,completed,5.687257861951366,58.09119528469964,35.134559631347656
1352,3,0,5.633333333333333,5.634175833081827,completed,5.696553457994014,63.220124660681165,34.95558547973633
1353,0,0,5.6375,5.639016535133123,completed,5.706300480989739,68.80048098973913,35.02057647705078
1354,1,0,5.641666666666667,5.64385901694186,completed,5.71370745706372,72.04079039705303,35.04547119140625
1355,2,0,5.645833333333333,5.649051924003288,dropped_queue_full,,,
1356,3,1,5.65,5.650140722980723,dropped_queue_full,,,
1357,0,1,5.654166666666667,5.654209733009338,dropped_queue_full,,,
1358,1,1,5.658333333333333,5.658458010060713,dropped_queue_full,,,
1359,2,1,5.6625,5.662564549129456,completed,5.722419088939205,59.91908893920517,34.933502197265625
1360,3,0,5.666666666666667,5.667418790049851,completed,5.734821574995294,68.15490832862724,34.915870666503906
1361,0,0,5.670833333333333,5.672276772093028,completed,5.739648777060211,68.8154437268773,34.92380905151367
1362,1,0,5.675,5.677133803023025,dropped_queue_full,,,
1363,2,0,5.679166666666666,5.679220122052357,dropped_queue_full,,,
1364,3,1,5.683333333333334,5.683453580131754,dropped_queue_full,,,
1365,0,1,5.6875,5.687579368008301,dropped_queue_full,,,
1366,1,1,5.691666666666666,5.691674347035587,completed,5.748730106046423,57.063439379756886,34.86470413208008
1367,2,1,5.695833333333333,5.696545179001987,completed,5.75730615016073,61.472816827397025,34.682334899902344
1368,3,0,5.7,5.701437528943643,completed,5.768418718129396,68.41871812939627,34.90412902832031
1369,0,0,5.704166666666667,5.706294910982251,completed,5.774729494936764,70.56282827009764,34.92825698852539
1370,1,0,5.708333333333333,5.7111448319628835,dropped_queue_full,,,
1371,2,0,5.7125,5.712586977984756,dropped_queue_full,,,
1372,3,1,5.716666666666667,5.716727666091174,dropped_queue_full,,,
1373,0,1,5.720833333333333,5.720978724071756,dropped_queue_full,,,
1374,1,1,5.725,5.725090772146359,completed,5.783749575028196,58.74957502819633,34.88246536254883
1375,2,1,5.729166666666667,5.729952774010599,completed,5.792459017131478,63.29235046481063,34.84624099731445
1376,3,0,5.733333333333333,5.734813935123384,completed,5.802237089956179,68.90375662284586,34.922752380371094
1377,0,0,5.7375,5.739643237087876,completed,5.809697435004637,72.19743500463682,34.849281311035156
1378,1,0,5.741666666666666,5.744505908107385,dropped_queue_full,,,
1379,2,0,5.745833333333334,5.7459095739759505,dropped_queue_full,,,
1380,3,1,5.75,5.750136221060529,dropped_queue_full,,,
1381,0,1,5.754166666666666,5.754250149941072,dropped_queue_full,,,
1382,1,1,5.758333333333333,5.758422737941146,completed,5.818735164124519,60.40183079118577,34.87424087524414
1383,2,1,5.7625,5.763489688048139,completed,5.829171579098329,66.67157909832878,35.03129577636719
1384,3,0,5.766666666666667,5.768410898046568,completed,5.836188629036769,69.52196237010267,35.03200149536133
1385,0,0,5.770833333333333,5.773283430142328,dropped_queue_full,,,
1386,1,0,5.775,5.775054672034457,dropped_queue_full,,,
1387,2,0,5.779166666666667,5.779297498986125,dropped_queue_full,,,
1388,3,1,5.783333333333333,5.7834208679851145,dropped_queue_full,,,
1389,0,1,5.7875,5.787570836022496,completed,5.844938611146063,57.43861114606297,35.09920120239258
1390,1,1,5.791666666666667,5.792451567016542,completed,5.854127499973401,62.460833306734465,35.07417678833008
1391,2,1,5.795833333333333,5.797329419059679,completed,5.86268468410708,66.8513507737467,34.97468948364258
1392,3,0,5.8,5.802229119930416,completed,5.871295947115868,71.2959471158685,35.035457611083984
1393,0,0,5.804166666666666,5.807131930021569,dropped_queue_full,,,
1394,1,0,5.808333333333334,5.80841899709776,dropped_queue_full,,,
1395,2,0,5.8125,5.812521346146241,dropped_queue_full,,,
1396,3,1,5.816666666666666,5.8166925250552595,dropped_queue_full,,,
1397,0,1,5.820833333333333,5.8209230119828135,completed,5.880042260047048,59.20892671371547,34.99603271484375
1398,1,1,5.825,5.825126969953999,completed,5.891344607109204,66.34460710920376,35.044288635253906
1399,2,1,5.829166666666667,5.829336208058521,completed,5.897768232040107,68.60156537344065,34.95772933959961
1400,3,0,5.833333333333333,5.833370047155768,dropped_queue_full,,,
1401,0,0,5.8375,5.837610345100984,dropped_queue_full,,,
1402,1,0,5.841666666666667,5.8417105339467525,dropped_queue_full,,,
1403,2,0,5.845833333333333,5.845884951995686,dropped_queue_full,,,
1404,3,1,5.85,5.850078189978376,completed,5.906455704942346,56.455704942345974,35.017982482910156
1405,0,1,5.854166666666667,5.854292117990553,completed,5.91641031508334,62.24364841667285,35.11238479614258
1406,1,1,5.858333333333333,5.8584590260870755,completed,5.924690651940182,66.35731860684845,35.039615631103516
1407,2,1,5.8625,5.862678154138848,completed,5.932920560007915,70.42056000791507,35.052127838134766
1408,3,0,5.866666666666666,5.866807491984218,dropped_queue_full,,,
1409,0,0,5.870833333333334,5.870856811990961,dropped_queue_full,,,
1410,1,0,5.875,5.875077150063589,dropped_queue_full,,,
1411,2,0,5.879166666666666,5.879249247955158,dropped_queue_full,,,
1412,3,1,5.883333333333333,5.88344774604775,completed,5.941769510973245,58.436177639912046,35.054847717285156
1413,0,1,5.8875,5.88757534394972,completed,5.953886470058933,66.38647005893273,34.954593658447266
1414,1,1,5.891666666666667,5.891821881989017,completed,5.959356245119125,67.68957845245805,34.860958099365234
1415,2,1,5.895833333333333,5.895900821080431,dropped_queue_full,,,
1416,3,0,5.9,5.900138427969068,dropped_queue_full,,,
1417,0,0,5.904166666666667,5.904291567159817,dropped_queue_full,,,
1418,1,0,5.908333333333333,5.908338465960696,dropped_queue_full,,,
1419,2,0,5.9125,5.912601574091241,completed,5.967866129940376,55.36612994037604,34.81516647338867
1420,3,1,5.916666666666667,5.916732092155144,completed,5.979008398018777,62.34173135211041,34.88515090942383
1421,0,1,5.920833333333333,5.920931949978694,completed,5.987124307081103,66.29097374776993,34.907615661621094
1422,1,1,5.925,5.925137927988544,completed,5.994451163103804,69.45116310380416,35.0015983581543
1423,2,1,5.929166666666666,5.929205416934565,dropped_queue_full,,,
1424,3,0,5.933333333333334,5.9333953550085425,dropped_queue_full,,,
1425,0,0,5.9375,5.937604163074866,dropped_queue_full,,,
1426,1,0,5.941666666666666,5.941762461094186,dropped_queue_full,,,
1427,2,0,5.945833333333333,5.9459228499326855,completed,6.003270864952356,57.437531619022764,35.18195343017578
1428,3,1,5.95,5.950137326959521,completed,6.014165265951306,64.16526595130546,35.09791946411133
1429,0,1,5.954166666666667,5.9542077369987965,completed,6.025596111081541,71.42944441487398,35.16921615600586
1430,1,1,5.958333333333333,5.958407645113766,dropped_queue_full,,,
1431,2,1,5.9625,5.962603782070801,dropped_queue_full,,,
1432,3,0,5.966666666666667,5.966760161099955,dropped_queue_full,,,
1433,0,0,5.970833333333333,5.97091966914013,dropped_queue_full,,,
1434,1,0,5.975,5.975077047012746,completed,6.02975451014936,54.75451014936006,35.078369140625
1435,2,0,5.979166666666667,5.979170856066048,completed,6.043269254034385,64.10258736771812,34.9299201965332
1436,3,1,5.983333333333333,5.983377094147727,completed,6.049024936044589,65.69160271125529,35.104576110839844
1437,0,1,5.9875,5.9876031819731,completed,6.05598794715479,68.48794715479033,35.13075256347656
1438,1,1,5.991666666666666,5.991814470151439,dropped_queue_full,,,
1439,2,1,5.995833333333334,5.9958675489760935,dropped_queue_full,,,
1440,3,0,6.0,6.000074577052146,dropped_queue_full,,,
1441,0,0,6.004166666666666,6.0042356450576335,dropped_queue_full,,,
1442,1,0,6.008333333333333,6.00838246406056,completed,6.064950297120959,56.61696378762571,35.18092727661133
1443,2,0,6.0125,6.014156196033582,completed,6.078532451065257,66.03245106525702,35.254112243652344
1444,3,1,6.016666666666667,6.019875108962879,completed,6.084491491084918,67.82482441825178,35.206016540527344
1445,0,1,6.020833333333333,6.02558987098746,dropped_dispatch_late,,,
1446,1,1,6.025,6.025608140975237,dropped_queue_full,,,
1447,2,1,6.029166666666667,6.029260805109516,dropped_queue_full,,,
1448,3,0,6.033333333333333,6.033420522930101,dropped_queue_full,,,
1449,0,0,6.0375,6.037541361991316,completed,6.091149754123762,53.649754123762605,35.12579345703125
1450,1,0,6.041666666666667,6.043260894017294,completed,6.101782907964662,60.116241297994755,35.14681625366211
1451,2,0,6.045833333333333,6.049015667056665,completed,6.110053955111653,64.22062177831921,35.180641174316406
1452,3,1,6.05,6.055649230023846,dropped_dispatch_late,,,
1453,0,1,6.054166666666666,6.055659240111709,dropped_queue_full,,,
1454,1,1,6.058333333333334,6.058397273067385,dropped_queue_full,,,
1455,2,1,6.0625,6.062543451087549,dropped_queue_full,,,
1456,3,0,6.066666666666666,6.066726909019053,completed,6.1216632190626115,54.99655239594503,35.31270217895508
1457,0,0,6.070833333333333,6.072575740981847,completed,6.1267373180016875,55.90398466835467,35.360801696777344
1458,1,0,6.075,6.0785237909294665,completed,6.138220533030108,63.22053303010744,35.36249542236328
1459,2,0,6.079166666666667,6.084482341073453,dropped_dispatch_late,,,
1460,3,1,6.083333333333333,6.084500940982252,completed,6.147944614989683,64.61128165635,26.73788833618164
1461,0,1,6.0875,6.090347792953253,dropped_queue_full,,,
1462,1,1,6.091666666666667,6.091797837987542,dropped_queue_full,,,
1463,2,1,6.095833333333333,6.095945195993409,completed,6.155020423932001,59.18709059866778,44.44224166870117
1464,3,0,6.1,6.101775418035686,dropped_queue_full,,,
1465,0,0,6.104166666666667,6.10420657414943,completed,6.162460850086063,58.294183419396184,35.58486557006836
1466,1,0,6.108333333333333,6.110045405104756,completed,6.175709857139736,67.37652380640301,35.348384857177734
1467,2,0,6.1125,6.115844717016444,completed,6.180581717984751,68.08171798475104,26.795743942260742
1468,3,1,6.116666666666666,6.1216540990862995,dropped_dispatch_late,,,
1469,0,1,6.120833333333334,6.121672919020057,dropped_queue_full,,,
1470,1,1,6.125,6.125137903960422,dropped_queue_full,,,
1471,2,1,6.129166666666666,6.129245633026585,dropped_queue_full,,,
1472,3,0,6.133333333333333,6.1333560009952635,completed,6.189252641052008,55.919307718674816,44.24515151977539
1473,0,0,6.1375,6.138214063132182,completed,6.197986864019185,60.48686401918513,35.46758270263672
1474,1,0,6.141666666666667,6.143073854036629,completed,6.209863594966009,68.19692829934266,35.49033737182617
1475,2,0,6.145833333333333,6.147937085013837,dropped_queue_full,,,
1476,3,1,6.15,6.150112563977018,completed,6.216203490970656,66.20349097065592,26.845823287963867
1477,0,1,6.154166666666667,6.155013103969395,dropped_queue_full,,,
1478,1,1,6.158333333333333,6.1583622510079294,dropped_queue_full,,,
1479,2,1,6.1625,6.162625188007951,completed,6.224884124007076,62.38412400707638,44.1363525390625
1480,3,0,6.166666666666667,6.167506829136983,dropped_queue_full,,,
1481,0,0,6.170833333333333,6.17083757603541,completed,6.234184641158208,63.35130782487486,35.61481475830078
1482,1,0,6.175,6.175703736953437,completed,6.24256240692921,67.56240692921,35.54460906982422
1483,2,0,6.179166666666666,6.180574788013473,completed,6.2519418629817665,72.7751963151002,26.82326316833496
1484,3,1,6.183333333333334,6.185586918145418,dropped_queue_full,,,
1485,0,1,6.1875,6.187507229158655,dropped_queue_full,,,
1486,1,1,6.191666666666666,6.191823376109824,dropped_queue_full,,,
1487,2,1,6.195833333333333,6.195929083973169,dropped_queue_full,,,
1488,3,0,6.2,6.200056853005663,completed,6.263294589007273,63.29458900727314,44.14396667480469
1489,0,0,6.204166666666667,6.204951734049246,completed,6.273001092020422,68.83442535375562,35.3798713684082
1490,1,0,6.208333333333333,6.209856985136867,completed,6.278039471944794,69.70613861146103,35.40729522705078
1491,2,0,6.2125,6.214754406129941,dropped_queue_full,,,
1492,3,1,6.216666666666667,6.216684447135776,completed,6.287368088029325,70.70142136265822,26.780704498291016
1493,0,1,6.220833333333333,6.221562608145177,dropped_queue_full,,,
1494,1,1,6.225,6.225046883104369,dropped_queue_full,,,
1495,2,1,6.229166666666667,6.229295030003414,completed,6.296767513966188,67.60084729952086,44.20918273925781
1496,3,0,6.233333333333333,6.234179191058502,dropped_queue_full,,,
1497,0,0,6.2375,6.237521708011627,completed,6.30650931596756,69.00931596755998,35.55315017700195
1498,1,0,6.241666666666666,6.242385708959773,dropped_queue_full,,,
1499,2,0,6.245833333333334,6.245882434071973,dropped_queue_full,,,
1500,3,1,6.25,6.250070472015068,dropped_queue_full,,,
1501,0,1,6.254166666666666,6.254295669961721,dropped_queue_full,,,
1502,1,1,6.258333333333333,6.258407008135691,completed,6.313775114016607,55.441780683274544,35.5173454284668
1503,2,1,6.2625,6.263286769157276,completed,6.322986521059647,60.486521059647025,26.69036865234375
1504,3,0,6.266666666666667,6.268152300966904,completed,6.333215828984976,66.54916231830921,44.134273529052734
1505,0,0,6.270833333333333,6.272995642153546,completed,6.340391437057406,69.55810372407268,35.3012809753418
1506,1,0,6.275,6.277864433126524,dropped_queue_full,,,
1507,2,0,6.279166666666667,6.279295599088073,dropped_queue_full,,,
1508,3,1,6.283333333333333,6.283407868118957,dropped_queue_full,,,
1509,0,1,6.2875,6.287529427092522,dropped_queue_full,,,
1510,1,1,6.291666666666667,6.291688315104693,completed,6.349140559090301,57.47389242363443,35.28355026245117
1511,2,1,6.295833333333333,6.2967602040153,completed,6.358232758007944,62.39942467461024,35.01228713989258
1512,3,0,6.3,6.301656935131177,completed,6.366846752120182,66.84675212018209,35.05561447143555
1513,0,0,6.304166666666666,6.306503916159272,completed,6.375770782120526,71.60411545385958,35.17625427246094
1514,1,0,6.308333333333334,6.3113877170253545,dropped_queue_full,,,
1515,2,0,6.3125,6.312511216150597,dropped_queue_full,,,
1516,3,1,6.316666666666666,6.316773304017261,dropped_queue_full,,,
1517,0,1,6.320833333333333,6.320881241932511,dropped_queue_full,,,
1518,1,1,6.325,6.325134499929845,completed,6.387158788042143,62.15878804214281,35.142303466796875
1519,2,1,6.329166666666667,6.329190189018846,completed,6.395647993078455,66.48132641178873,35.117374420166016
1520,3,0,6.333333333333333,6.333379127085209,completed,6.401946560014039,68.61322668070625,35.01500701904297
1521,0,0,6.3375,6.337553265038878,dropped_queue_full,,,
1522,1,0,6.341666666666667,6.341761033050716,dropped_queue_full,,,
1523,2,0,6.345833333333333,6.345918391132727,dropped_queue_full,,,
1524,3,1,6.35,6.350136928958818,dropped_queue_full,,,
1525,0,1,6.354166666666667,6.354290368035436,completed,6.41094741015695,56.78074349028339,35.052513122558594
1526,1,1,6.358333333333333,6.358392735943198,completed,6.422458224929869,64.12489159653578,34.965152740478516
1527,2,1,6.3625,6.362616334110498,completed,6.433913809945807,71.41380994580703,35.05865478515625
1528,3,0,6.366666666666666,6.366681003011763,dropped_queue_full,,,
1529,0,0,6.370833333333334,6.370855862041935,dropped_queue_full,,,
1530,1,0,6.375,6.3751347491052,dropped_queue_full,,,
1531,2,0,6.379166666666666,6.379226948134601,dropped_queue_full,,,
1532,3,1,6.383333333333333,6.383388235932216,completed,6.437274276046082,53.94094271274952,35.13923263549805
1533,0,1,6.3875,6.387635874096304,completed,6.451732441084459,64.23244108445925,35.16105651855469
1534,1,1,6.391666666666667,6.39171374309808,completed,6.457844340009615,66.17767334294822,35.2803840637207
1535,2,1,6.395833333333333,6.395968550117686,completed,6.4639908380340785,68.15750470074545,35.11811065673828
1536,3,0,6.4,6.400053009158,dropped_queue_full,,,
1537,0,0,6.404166666666667,6.404193887952715,dropped_queue_full,,,
1538,1,0,6.408333333333333,6.408384585985914,dropped_queue_full,,,
1539,2,0,6.4125,6.412552573950961,dropped_queue_full,,,
1540,3,1,6.416666666666667,6.416699892142788,completed,6.47263445192948,55.967785262812875,35.071678161621094
1541,0,1,6.420833333333333,6.422450775047764,completed,6.48665190115571,65.81856782237682,34.9705924987793
1542,1,1,6.425,6.428183316951618,completed,6.492438103072345,67.43810307234543,34.89369583129883
1543,2,1,6.429166666666666,6.433905530022457,dropped_dispatch_late,,,
1544,3,0,6.433333333333334,6.433924000011757,dropped_queue_full,,,
1545,0,0,6.4375,6.437599383061752,dropped_queue_full,,,
1546,1,0,6.441666666666666,6.441742011113092,dropped_queue_full,,,
1547,2,0,6.445833333333333,6.445901110069826,completed,6.4988909990061074,53.05766567277459,34.86252975463867
1548,3,1,6.45,6.451726321130991,completed,6.510214785113931,60.214785113930525,34.76630401611328
1549,0,1,6.454166666666667,6.457836690125987,completed,6.518658570945263,64.49190427859631,34.87641525268555
1550,1,1,6.458333333333333,6.463648081989959,dropped_dispatch_late,,,
1551,2,1,6.4624999999999995,6.46365767205134,dropped_queue_full,,,
1552,3,0,6.466666666666667,6.466718330979347,dropped_queue_full,,,
1553,0,0,6.470833333333333,6.470866519026458,dropped_queue_full,,,
1554,1,0,6.475,6.475045188097283,completed,6.530265374109149,55.265374109149334,34.9431037902832
1555,2,0,6.479166666666667,6.480851728934795,completed,6.534115195972845,54.948529306177996,34.988670349121094
1556,3,1,6.483333333333333,6.486645411001518,completed,6.547615860123187,64.2825267898539,35.121761322021484
1557,0,1,6.4875,6.492430563084781,dropped_dispatch_late,,,
1558,1,1,6.491666666666666,6.492449233075604,completed,6.553428991930559,61.762325263893025,26.578624725341797
1559,2,1,6.495833333333334,6.498227225150913,dropped_queue_full,,,
1560,3,0,6.5,6.500139276031405,dropped_queue_full,,,
1561,0,0,6.504166666666666,6.504389664158225,completed,6.565232254099101,61.0655874324344,43.867774963378906
1562,1,0,6.508333333333333,6.510205504950136,dropped_queue_full,,,
1563,2,0,6.5125,6.5126194909680635,completed,6.569062035996467,56.5620359964667,34.9266242980957
1564,3,1,6.516666666666667,6.51865230104886,completed,6.577899436932057,61.232770265390535,34.98582458496094
1565,0,1,6.520833333333333,6.524445282993838,completed,6.589085794985294,68.25246165196131,26.54275131225586
1566,1,1,6.5249999999999995,6.530257744016126,dropped_dispatch_late,,,
1567,2,1,6.529166666666667,6.530276573961601,dropped_queue_full,,,
1568,3,0,6.533333333333333,6.533458502031863,dropped_queue_full,,,
1569,0,0,6.5375,6.537620501127094,dropped_queue_full,,,
1570,1,0,6.541666666666667,6.541779789142311,completed,6.595720367971808,54.053701305140756,43.70249557495117
1571,2,0,6.545833333333333,6.5476067799609154,completed,6.604422010947019,58.58867761368547,35.17683029174805
1572,3,1,6.55,6.553421322023496,completed,6.613401781069115,63.40178106911498,35.17001724243164
1573,0,1,6.554166666666666,6.559524890966713,dropped_dispatch_late,,,
1574,1,1,6.558333333333334,6.559534561121836,completed,6.62322810315527,64.89476982193665,26.688800811767578
1575,2,1,6.5625,6.565226854057983,dropped_queue_full,,,
1576,3,0,6.566666666666666,6.56668475898914,dropped_queue_full,,,
1577,0,0,6.570833333333333,6.570933977141976,completed,6.631081474013627,60.248140680293716,43.832000732421875
1578,1,0,6.575,6.575828647939488,dropped_queue_full,,,
1579,2,0,6.579166666666667,6.579296062933281,completed,6.64240425103344,63.237584366773625,35.198753356933594
1580,3,1,6.583333333333333,6.584210003959015,completed,6.650697438046336,67.36410471300314,35.014400482177734
1581,0,1,6.5874999999999995,6.58908029505983,completed,6.657523548929021,70.0235489290213,26.298847198486328
1582,1,1,6.591666666666667,6.593954696087167,dropped_queue_full,,,
1583,2,1,6.595833333333333,6.595883947098628,dropped_queue_full,,,
1584,3,0,6.6,6.600138023961335,dropped_queue_full,,,
1585,0,0,6.604166666666667,6.6042506829835474,dropped_queue_full,,,
1586,1,0,6.608333333333333,6.608358392026275,completed,6.666049544000998,57.71621066766475,43.30851364135742
1587,2,0,6.6125,6.6132107730954885,completed,6.675762796076015,63.262796076014816,34.80863952636719
1588,3,1,6.616666666666666,6.618433661060408,completed,6.6854541990906,68.78753242393375,34.979713439941406
1589,0,1,6.620833333333334,6.623221613001078,dropped_queue_full,,,
1590,1,1,6.625,6.625138734001666,completed,6.692546478006989,67.54647800698876,26.480127334594727
1591,2,1,6.629166666666666,6.629955874988809,dropped_queue_full,,,
1592,3,0,6.633333333333333,6.633452370064333,dropped_queue_full,,,
1593,0,0,6.6375,6.637565599055961,completed,6.701107772067189,63.60777206718904,43.548641204833984
1594,1,0,6.641666666666667,6.642397230956703,dropped_queue_full,,,
1595,2,0,6.645833333333333,6.6458822961431,completed,6.713988112984225,68.15477965089212,35.032222747802734
1596,3,1,6.6499999999999995,6.65068973810412,completed,6.7190805920399725,69.08059203997308,35.243553161621094
1597,0,1,6.654166666666667,6.655513419071212,dropped_queue_full,,,
1598,1,1,6.658333333333333,6.658453840063885,dropped_queue_full,,,
1599,2,1,6.6625,6.6625643889419734,dropped_queue_full,,,
1600,3,0,6.666666666666667,6.66668775700964,dropped_queue_full,,,
1601,0,0,6.670833333333333,6.670930234948173,completed,6.728094402002171,57.26106866883729,26.792224884033203
1602,1,0,6.675,6.675755775999278,completed,6.736782185034826,61.782185034826576,44.0552978515625
1603,2,0,6.679166666666666,6.680589608149603,completed,6.747327249031514,68.16058236484767,35.514625549316406
1604,3,1,6.683333333333334,6.685446509160101,completed,6.754260119982064,70.9267866487302,35.32700729370117
1605,0,1,6.6875,6.690302320988849,dropped_queue_full,,,
1606,1,1,6.691666666666666,6.691742716124281,dropped_queue_full,,,
1607,2,1,6.695833333333333,6.695882244966924,dropped_queue_full,,,
1608,3,0,6.7,6.70013892208226,dropped_queue_full,,,
1609,0,0,6.704166666666667,6.704252131050453,completed,6.763053642120212,58.88697545354571,34.82966232299805
1610,1,0,6.708333333333333,6.709120622137561,completed,6.776475887047127,68.14255371379386,34.793121337890625
1611,2,0,6.7124999999999995,6.713980522938073,completed,6.781355157960206,68.85515796020681,34.82185745239258
1612,3,1,6.716666666666667,6.719072322128341,completed,6.7889387919567525,72.27212529008575,34.63488006591797
1613,0,1,6.720833333333333,6.724142801947892,dropped_queue_full,,,
1614,1,1,6.725,6.725108572049066,dropped_queue_full,,,
1615,2,1,6.729166666666667,6.729210141114891,dropped_queue_full,,,
1616,3,0,6.733333333333333,6.733456067973748,dropped_queue_full,,,
1617,0,0,6.7375,6.73757976712659,completed,6.797782204113901,60.28220411390084,34.62236785888672
1618,1,0,6.741666666666666,6.742444847943261,completed,6.809907692018896,68.24102535223008,34.97587203979492
1619,2,0,6.745833333333334,6.747320028953254,completed,6.815592664992437,69.7593316591032,34.98332977294922
1620,3,1,6.75,6.7522126799449325,dropped_queue_full,,,
1621,0,1,6.754166666666666,6.754254880128428,dropped_queue_full,,,
1622,1,1,6.758333333333333,6.758456418057904,dropped_queue_full,,,
1623,2,1,6.7625,6.762566697085276,dropped_queue_full,,,
1624,3,0,6.766666666666667,6.766683134948835,completed,6.824395277071744,57.728610405077596,35.26252746582031
1625,0,0,6.770833333333333,6.77159006614238,completed,6.834220268996432,63.386935663099386,35.2011833190918
1626,1,0,6.7749999999999995,6.776469577103853,completed,6.843945520929992,68.94552092999274,35.12905502319336
1627,2,0,6.779166666666667,6.781347958138213,completed,6.850906151114032,71.73948444736489,35.196128845214844
1628,3,1,6.783333333333333,6.786241868976504,dropped_queue_full,,,
1629,0,1,6.7875,6.787527136038989,dropped_queue_full,,,
1630,1,1,6.791666666666667,6.791774024022743,dropped_queue_full,,,
1631,2,1,6.795833333333333,6.795882593141869,dropped_queue_full,,,
1632,3,0,6.8,6.800136750098318,completed,6.8595349551178515,59.53495511785167,35.04582214355469
1633,0,0,6.804166666666666,6.805039640981704,completed,6.872263506986201,68.09684031953455,35.14992141723633
1634,1,0,6.808333333333334,6.809901332017034,completed,6.877467765007168,69.13443167383448,35.23788833618164
1635,2,0,6.8125,6.814780123066157,dropped_queue_full,,,
1636,3,1,6.816666666666666,6.816713114036247,dropped_queue_full,,,
1637,0,1,6.820833333333333,6.820864312117919,dropped_queue_full,,,
1638,1,1,6.825,6.825034281006083,dropped_queue_full,,,
1639,2,1,6.829166666666667,6.829296438023448,completed,6.886307256994769,57.14059032810237,35.2072639465332
1640,3,0,6.833333333333333,6.834214668953791,completed,6.896568123949692,63.234790616358616,35.326881408691406
1641,0,0,6.8374999999999995,6.839083650149405,completed,6.906308446079493,68.80844607949311,35.211326599121094
1642,1,0,6.841666666666667,6.843939241021872,completed,6.912782781058922,71.11611439225562,35.11779022216797
1643,2,0,6.845833333333333,6.848825091961771,dropped_queue_full,,,
1644,3,1,6.85,6.850101289106533,dropped_queue_full,,,
1645,0,1,6.854166666666667,6.854202048154548,dropped_queue_full,,,
1646,1,1,6.858333333333333,6.858410146087408,dropped_queue_full,,,
1647,2,1,6.8625,6.862518065143377,completed,6.921307845972478,58.80784597247857,34.839393615722656
1648,3,0,6.866666666666666,6.867414525942877,completed,6.930206357035786,63.53969036911966,34.87104034423828
1649,0,0,6.870833333333334,6.872258087154478,completed,6.939813609933481,68.98027660014705,34.92380905151367
1650,1,0,6.875,6.87713230913505,dropped_queue_full,,,
1651,2,0,6.879166666666666,6.879219077993184,dropped_queue_full,,,
1652,3,1,6.883333333333333,6.883454394992441,dropped_queue_full,,,
1653,0,1,6.8875,6.887579064117745,dropped_queue_full,,,
1654,1,1,6.891666666666667,6.891674662940204,completed,6.947686661966145,56.01999529947843,34.868736267089844
1655,2,1,6.895833333333333,6.896560464054346,completed,6.956350825028494,60.51749169516096,34.86809539794922
1656,3,0,6.8999999999999995,6.901452375110239,completed,6.968505893135443,68.50589313544387,34.90803146362305
1657,0,0,6.904166666666667,6.906303005991504,completed,6.973669161088765,69.50249442209788,34.81510543823242
1658,1,0,6.908333333333333,6.911196597153321,dropped_queue_full,,,
1659,2,0,6.9125,6.912616583053023,dropped_queue_full,,,
1660,3,1,6.916666666666667,6.916722882073373,dropped_queue_full,,,
1661,0,1,6.920833333333333,6.920978219015524,dropped_queue_full,,,
1662,1,1,6.925,6.925138256978244,completed,6.982844449114054,57.84444911405462,34.894718170166016
1663,2,1,6.929166666666666,6.930198417045176,completed,6.992446243064478,63.27957639781179,34.90214538574219
1664,3,0,6.933333333333334,6.935016608098522,completed,7.002247635042295,68.91430170896129,34.891937255859375
1665,0,0,6.9375,6.939808300929144,completed,7.008755370043218,71.25537004321814,34.953216552734375
1666,1,0,6.941666666666666,6.944647432072088,dropped_queue_full,,,
1667,2,0,6.945833333333333,6.945935108931735,dropped_queue_full,,,
1668,3,1,6.95,6.950041358126327,dropped_queue_full,,,
1669,0,1,6.954166666666667,6.95429422496818,dropped_queue_full,,,
1670,1,1,6.958333333333333,6.9584110039286315,completed,7.017778638983145,59.44530564981232,34.845088958740234
1671,2,1,6.9624999999999995,6.963683071080595,completed,7.030904378043488,68.40437804348821,35.050048828125
1672,3,0,6.966666666666667,6.968498412985355,completed,7.035775559023023,69.10889235635587,35.17657470703125
1673,0,0,6.970833333333333,6.973334504058585,dropped_queue_full,,,
1674,1,0,6.975,6.975092637119815,dropped_queue_full,,,
1675,2,0,6.979166666666667,6.979199686087668,dropped_queue_full,,,
1676,3,1,6.983333333333333,6.983455133158714,dropped_queue_full,,,
1677,0,1,6.9875,6.987567922100425,completed,7.044140465091914,56.640465091914116,35.21574401855469
1678,1,1,6.991666666666666,6.992438963148743,completed,7.053144925041124,61.47825837445797,35.252960205078125
1679,2,1,6.995833333333334,6.997343534138054,completed,7.064257032936439,68.42369960310535,35.12604904174805
1680,3,0,7.0,7.002239765133709,completed,7.0706806590314955,70.68065903149545,35.20332717895508
1681,0,0,7.004166666666666,7.00714590610005,dropped_queue_full,,,
1682,1,0,7.008333333333333,7.00843068305403,dropped_queue_full,,,
1683,2,0,7.0125,7.012565460987389,dropped_queue_full,,,
1684,3,1,7.016666666666667,7.016674850136042,dropped_queue_full,,,
1685,0,1,7.020833333333333,7.020930698141456,completed,7.079366741934791,58.53340860145817,35.160545349121094
1686,1,1,7.0249999999999995,7.0257954890839756,completed,7.093159324023873,68.15932402387315,35.12086486816406
1687,2,1,7.029166666666667,7.030897268094122,completed,7.098027125000954,68.86045833428689,35.075294494628906
1688,3,0,7.033333333333333,7.0357676891144365,completed,7.105934956111014,72.60162277768067,35.10518264770508
1689,0,0,7.0375,7.040806638076901,dropped_queue_full,,,
1690,1,0,7.041666666666667,7.041781539097428,dropped_queue_full,,,
1691,2,0,7.045833333333333,7.045897037023678,dropped_queue_full,,,
1692,3,1,7.05,7.050139934988692,dropped_queue_full,,,
1693,0,1,7.054166666666666,7.054260854143649,completed,7.114778287010267,60.611620343601125,35.237823486328125
1694,1,1,7.058333333333334,7.059137715026736,completed,7.1264819300267845,68.14859669345097,35.278465270996094
1695,2,1,7.0625,7.064250003080815,completed,7.132466390030459,69.96639003045857,35.235233306884766
1696,3,0,7.066666666666666,7.069230734137818,dropped_queue_full,,,
1697,0,0,7.070833333333333,7.0708436970599,dropped_queue_full,,,
1698,1,0,7.075,7.075090544996783,dropped_queue_full,,,
1699,2,0,7.079166666666667,7.079197474056855,dropped_queue_full,,,
1700,3,1,7.083333333333333,7.083453291095793,completed,7.141564439050853,58.231105717520215,35.49987030029297
1701,0,1,7.0874999999999995,7.088314021937549,completed,7.150799056049436,63.299056049436864,35.497215270996094
1702,1,1,7.091666666666667,7.093152794055641,completed,7.1604217500425875,68.75508337592073,35.49059295654297
1703,2,1,7.095833333333333,7.09802009514533,completed,7.16820556204766,72.37222871432714,35.49705505371094
1704,3,0,7.1,7.102907605934888,dropped_queue_full,,,
1705,0,0,7.104166666666667,7.10418885294348,dropped_queue_full,,,
1706,1,0,7.108333333333333,7.108452341053635,dropped_queue_full,,,
1707,2,0,7.1125,7.112576089100912,dropped_queue_full,,,
1708,3,1,7.116666666666666,7.11668625799939,completed,7.177057082997635,60.390416330968755,35.34316635131836
1709,0,1,7.120833333333334,7.1215782491490245,completed,7.188985913991928,68.15258065859453,35.30998229980469
1710,1,1,7.125,7.126475210068747,completed,7.194945344002917,69.94534400291741,35.27360153198242
1711,2,1,7.129166666666666,7.131365810986608,dropped_queue_full,,,
1712,3,0,7.133333333333333,7.1334219900891185,dropped_queue_full,,,
1713,0,0,7.1375,7.137508929008618,dropped_queue_full,,,
1714,1,0,7.141666666666667,7.141725586960092,dropped_queue_full,,,
1715,2,0,7.145833333333333,7.145977454958484,completed,7.2036225269548595,57.78919362152646,35.30652618408203
1716,3,1,7.1499999999999995,7.150793676031753,completed,7.213251780020073,63.25178002007359,35.2760009765625
1717,0,1,7.154166666666667,7.155617708107457,completed,7.222969863098115,68.80319643144794,35.24105453491211
1718,1,1,7.158333333333333,7.160415490157902,completed,7.230220590019599,71.88725668626539,35.17942428588867
1719,2,1,7.1625,7.165481148986146,dropped_queue_full,,,
1720,3,0,7.166666666666667,7.166770446114242,dropped_queue_full,,,
1721,0,0,7.170833333333333,7.170880075078458,dropped_queue_full,,,
1722,1,0,7.175,7.175138551974669,dropped_queue_full,,,
1723,2,0,7.179166666666666,7.17924442095682,completed,7.239056841935962,59.890175269296186,35.18921661376953
1724,3,1,7.183333333333334,7.184135372051969,completed,7.251646516146138,68.31318281280474,35.285377502441406
1725,0,1,7.1875,7.188980214064941,completed,7.256708804983646,69.20880498364568,35.313472747802734
1726,1,1,7.191666666666666,7.193839865038171,dropped_queue_full,,,
1727,2,1,7.195833333333333,7.195903784129769,dropped_queue_full,,,
1728,3,0,7.2,7.200136021943763,dropped_queue_full,,,
1729,0,0,7.204166666666667,7.204261761158705,dropped_queue_full,,,
1730,1,0,7.208333333333333,7.2083646189421415,completed,7.265683915000409,57.35058166707585,35.1965446472168
1731,2,0,7.2124999999999995,7.213243721053004,completed,7.275771223939955,63.27122393995577,35.05628967285156
1732,3,1,7.216666666666667,7.218109952053055,completed,7.285531715955585,68.86504928891846,34.96895980834961
1733,0,1,7.220833333333333,7.222964562941343,completed,7.29168790508993,70.85457175659648,34.88393783569336
1734,1,1,7.225,7.227843313943595,dropped_queue_full,,,
1735,2,1,7.229166666666667,7.22925801994279,dropped_queue_full,,,
1736,3,0,7.233333333333333,7.233359889127314,dropped_queue_full,,,
1737,0,0,7.2375,7.23761707614176,dropped_queue_full,,,
1738,1,0,7.241666666666666,7.241716034943238,completed,7.300687483977526,59.020817310860174,34.90095901489258
1739,2,0,7.245833333333334,7.246786264004186,completed,7.3091914190445095,63.35808571117596,34.85529708862305
1740,3,1,7.25,7.251638405956328,completed,7.318922671955079,68.92267195507884,34.99958419799805
1741,0,1,7.254166666666666,7.256534007145092,dropped_queue_full,,,
1742,1,1,7.258333333333333,7.258455627132207,dropped_queue_full,,,
1743,2,1,7.2625,7.26250252709724,dropped_queue_full,,,
1744,3,0,7.266666666666667,7.266769814072177,dropped_queue_full,,,
1745,0,0,7.270833333333333,7.270880962954834,completed,7.326689573936164,55.85624060283134,34.95894241333008
1746,1,0,7.2749999999999995,7.275764174060896,completed,7.335848761955276,60.848761955276665,35.05440139770508
1747,2,0,7.279166666666667,7.280644325073808,completed,7.347533025080338,68.36635841367134,35.20694351196289
1748,3,1,7.283333333333333,7.285523536149412,completed,7.353741133119911,70.40779978657774,35.443359375
1749,0,1,7.2875,7.290399877121672,dropped_queue_full,,,
1750,1,1,7.291666666666667,7.29168463498354,dropped_queue_full,,,
1751,2,1,7.295833333333333,7.295930651947856,dropped_queue_full,,,
1752,3,0,7.3,7.300040890928358,dropped_queue_full,,,
1753,0,0,7.304166666666666,7.3042957480065525,completed,7.362514324951917,58.34765828525068,35.567073822021484
1754,1,0,7.308333333333334,7.309184099081904,completed,7.371650893008336,63.317559675002855,35.490177154541016
1755,2,0,7.3125,7.314072540029883,completed,7.381379446014762,68.87944601476192,35.49689483642578
1756,3,1,7.316666666666666,7.318914931965992,completed,7.389098528074101,72.43186140743418,35.21593475341797
1757,0,1,7.320833333333333,7.323802563128993,dropped_queue_full,,,
1758,1,1,7.325,7.325094820000231,dropped_queue_full,,,
1759,2,1,7.329166666666667,7.329203909030184,dropped_queue_full,,,
1760,3,0,7.333333333333333,7.333456386113539,dropped_queue_full,,,
1761,0,0,7.3374999999999995,7.337564665125683,completed,7.397938559995964,60.4385599959647,35.30489730834961
1762,1,0,7.341666666666667,7.342463586013764,completed,7.4098792700096965,68.2126033430297,35.334014892578125
1763,2,0,7.345833333333333,7.3475261649582535,completed,7.415716771967709,69.88343863437585,35.30825424194336
1764,3,1,7.35,7.352610384114087,dropped_queue_full,,,
1765,0,1,7.354166666666667,7.354222438065335,dropped_queue_full,,,
1766,1,1,7.358333333333333,7.3584557650610805,dropped_queue_full,,,
1767,2,1,7.3625,7.3625071151182055,dropped_queue_full,,,
1768,3,0,7.366666666666666,7.36677080206573,completed,7.424583303043619,57.916636376952546,35.42787170410156
1769,0,0,7.370833333333334,7.371644203085452,completed,7.434185666963458,63.35233363012449,35.43027114868164
1770,1,0,7.375,7.376506343949586,completed,7.44392313901335,68.92313901335001,35.34921646118164
1771,2,0,7.379166666666666,7.381372416159138,completed,7.451042988104746,71.87632143807932,35.149024963378906
1772,3,1,7.383333333333333,7.3862505769357085,dropped_queue_full,,,
1773,0,1,7.3875,7.387534633977339,dropped_queue_full,,,
1774,1,1,7.391666666666667,7.391773412004113,dropped_queue_full,,,
1775,2,1,7.395833333333333,7.3958845001179725,dropped_queue_full,,,
1776,3,0,7.3999999999999995,7.40013990807347,completed,7.46005709702149,60.05709702149087,35.25676727294922
1777,0,0,7.404166666666667,7.405029839137569,completed,7.4722887149546295,68.12204828796276,35.079776763916016
1778,1,0,7.408333333333333,7.409872740041465,completed,7.477643991122022,69.31065778868906,35.0530891418457
1779,2,0,7.4125,7.414740241132677,dropped_queue_full,,,
1780,3,1,7.416666666666667,7.416673802072182,dropped_queue_full,,,
1781,0,1,7.420833333333333,7.420932359062135,dropped_queue_full,,,
1782,1,1,7.425,7.425062478054315,dropped_queue_full,,,
1783,2,1,7.429166666666666,7.429303806042299,completed,7.486208304995671,57.04163832900466,35.03004837036133
1784,3,0,7.433333333333334,7.434180167037994,completed,7.496646121144295,63.31278781096117,34.96281433105469
1785,0,0,7.4375,7.439052158035338,completed,7.5063957429956645,68.89574299566448,34.86764907836914
1786,1,0,7.441666666666666,7.443916469113901,completed,7.512701130006462,71.0344633397959,34.87241744995117
1787,2,0,7.445833333333333,7.448824220104143,dropped_queue_full,,,
1788,3,1,7.45,7.450122147100046,dropped_queue_full,,,
1789,0,1,7.454166666666667,7.454199085943401,dropped_queue_full,,,
1790,1,1,7.458333333333333,7.458456783089787,dropped_queue_full,,,
1791,2,1,7.4624999999999995,7.462531513068825,completed,7.521211765008047,58.711765008047756,34.79167938232422
1792,3,0,7.466666666666667,7.4674246029462665,completed,7.530069136060774,63.40246939410754,34.67881774902344
1793,0,0,7.470833333333333,7.47228332515806,completed,7.539787748130038,68.95441479670517,34.77475357055664
1794,1,0,7.475,7.477148425998166,dropped_queue_full,,,
1795,2,0,7.479166666666667,7.479236195096746,dropped_queue_full,,,
1796,3,1,7.483333333333333,7.483377153985202,dropped_queue_full,,,
1797,0,1,7.4875,7.487613660981879,dropped_queue_full,,,
1798,1,1,7.491666666666666,7.491727069951594,completed,7.54753141105175,55.86474438508393,34.72886276245117
1799,2,1,7.495833333333334,7.496638051001355,completed,7.556091655045748,60.25832171241419,34.67171096801758
1800,3,0,7.5,7.5015366319566965,completed,7.564842527033761,64.84252703376114,34.820159912109375
1801,0,0,7.504166666666666,7.506390322931111,completed,7.573514370014891,69.3477033482246,34.805152893066406
1802,1,0,7.508333333333333,7.51124624395743,dropped_queue_full,,,
1803,2,0,7.5125,7.5125340421218425,dropped_queue_full,,,
1804,3,1,7.516666666666667,7.516775729134679,dropped_queue_full,,,
1805,0,1,7.520833333333333,7.5208823380526155,dropped_queue_full,,,
1806,1,1,7.5249999999999995,7.525136864976957,completed,7.582430401118472,57.43040111847275,34.707679748535156
1807,2,1,7.529166666666667,7.5300609359983355,completed,7.594812127063051,65.64546039638408,34.860225677490234
1808,3,0,7.533333333333333,7.534920707112178,completed,7.600570268929005,67.23693559567145,34.73388671875
1809,0,0,7.5375,7.539782188134268,completed,7.608308122027665,70.80812202766573,34.757728576660156
1810,1,0,7.541666666666667,7.5446837190538645,dropped_queue_full,,,
1811,2,0,7.545833333333333,7.54593464708887,dropped_queue_full,,,
1812,3,1,7.55,7.550039005931467,dropped_queue_full,,,
1813,0,1,7.554166666666666,7.554266863036901,dropped_queue_full,,,
1814,1,1,7.558333333333334,7.558460111031309,completed,7.618423690088093,60.09035675475971,34.815391540527344
1815,2,1,7.5625,7.5648331069387496,completed,7.626667347969487,64.16734796948731,34.94233703613281
1816,3,0,7.566666666666666,7.571245522936806,dropped_dispatch_late,,,
1817,0,0,7.570833333333333,7.571256213122979,dropped_queue_full,,,
1818,1,0,7.575,7.575104095041752,dropped_queue_full,,,
1819,2,0,7.579166666666667,7.579263003077358,dropped_queue_full,,,
1820,3,1,7.583333333333333,7.58339624106884,completed,7.638284501153976,54.95116782064269,35.001792907714844
1821,0,1,7.5874999999999995,7.589113604044542,completed,7.643526659114286,56.026659114286836,35.08787155151367
1822,1,1,7.591666666666667,7.5948039770592,completed,7.655023623956367,63.35695728970059,35.001983642578125
1823,2,1,7.595833333333333,7.6005612490698695,dropped_dispatch_late,,,
1824,3,0,7.6,7.600579519057646,completed,7.664943904150277,64.94390415027773,26.460224151611328
1825,0,0,7.604166666666667,7.6063775210641325,dropped_queue_full,,,
1826,1,0,7.608333333333333,7.608474829932675,dropped_queue_full,,,
1827,2,0,7.6125,7.6126213991083205,completed,7.671872094972059,59.37209497205931,43.819488525390625
1828,3,1,7.616666666666666,7.618416320066899,dropped_queue_full,,,
1829,0,1,7.620833333333334,7.620845206081867,completed,7.678866465110332,58.033131776998204,35.07881546020508
1830,1,1,7.625,7.626658128108829,completed,7.687528008129448,62.5280081294477,34.87046432495117
1831,2,1,7.629166666666666,7.632467590039596,completed,7.697190620936453,68.02395426978691,26.436832427978516
1832,3,0,7.633333333333333,7.6382751520723104,dropped_dispatch_late,,,
1833,0,0,7.6375,7.638294050935656,dropped_queue_full,,,
1834,1,0,7.641666666666667,7.641771466936916,dropped_queue_full,,,
1835,2,0,7.645833333333333,7.6458849750924855,dropped_queue_full,,,
1836,3,1,7.6499999999999995,7.650135483127087,completed,7.705213631037623,55.21363103762322,43.606239318847656
1837,0,1,7.654166666666667,7.65501669398509,completed,7.713890403974801,59.72373730813452,35.01094436645508
1838,1,1,7.658333333333333,7.659863575128838,completed,7.726338658947498,68.00532561416439,35.05628967285156
1839,2,1,7.6625,7.664936023997143,dropped_queue_full,,,
1840,3,0,7.666666666666667,7.666773905977607,completed,7.731668386142701,65.00171947603394,26.44633674621582
1841,0,0,7.670833333333333,7.671864435076714,dropped_queue_full,,,
1842,1,0,7.675,7.67503874306567,dropped_queue_full,,,
1843,2,0,7.679166666666666,7.679188631940633,completed,7.740459558088332,61.29289142166616,43.61119842529297
1844,3,1,7.683333333333334,7.684036883059889,dropped_queue_full,,,
1845,0,1,7.6875,7.687524307984859,completed,7.750674945069477,63.17494506947696,35.22323226928711
1846,1,1,7.691666666666666,7.692367109004408,completed,7.7591425301507115,67.4758634840451,35.29884719848633
1847,2,1,7.695833333333333,7.6971838909666985,completed,7.767581426072866,71.74809273953286,26.76076889038086
1848,3,0,7.7,7.702024273108691,dropped_queue_full,,,
1849,0,0,7.704166666666667,7.704252940136939,dropped_queue_full,,,
1850,1,0,7.708333333333333,7.7083596191369,dropped_queue_full,,,
1851,2,0,7.7124999999999995,7.712613817071542,dropped_queue_full,,,
1852,3,1,7.716666666666667,7.716726714977995,completed,7.776098469970748,59.43180330408104,44.29180908203125
1853,0,1,7.720833333333333,7.7215410771314055,completed,7.788886351976544,68.05301864321045,35.57475280761719
1854,1,1,7.725,7.726332659134641,completed,7.793717663967982,68.71766396798229,35.53993606567383
1855,2,1,7.729166666666667,7.731173170963302,dropped_queue_full,,,
1856,3,0,7.733333333333333,7.733410828048363,completed,7.802890052087605,69.5567187542716,26.636159896850586
1857,0,0,7.7375,7.7382308901287615,dropped_queue_full,,,
1858,1,0,7.741666666666666,7.741733975009993,dropped_queue_full,,,
1859,2,0,7.745833333333334,7.745835774112493,completed,7.811571695143357,65.73836181002335,43.855743408203125
1860,3,1,7.75,7.750669575063512,dropped_queue_full,,,
1861,0,1,7.754166666666666,7.75429472909309,completed,7.82233069697395,68.16403030728324,35.2457275390625
1862,1,1,7.758333333333333,7.759136260021478,completed,7.829099199036136,70.76586570280341,35.1732177734375
1863,2,1,7.7625,7.763948061969131,dropped_queue_full,,,
1864,3,0,7.766666666666667,7.7667678240686655,dropped_queue_full,,,
1865,0,0,7.770833333333333,7.7708819231484085,dropped_queue_full,,,
1866,1,0,7.7749999999999995,7.775136169977486,dropped_queue_full,,,
1867,2,0,7.779166666666667,7.779245618963614,completed,7.838419615989551,59.25294932288416,26.641408920288086
1868,3,1,7.783333333333333,7.784084560116753,completed,7.851492994930595,68.15966159726194,43.95926284790039
1869,0,1,7.7875,7.788880902109668,completed,7.8564251160714775,68.92511607147789,35.34684753417969
1870,1,1,7.791666666666667,7.793711073929444,completed,7.864618262974545,72.95159630787839,35.436031341552734
1871,2,1,7.795833333333333,7.798596024978906,dropped_queue_full,,,
1872,3,0,7.8,7.800038671121001,dropped_queue_full,,,
1873,0,0,7.804166666666666,7.804293968016282,dropped_queue_full,,,
1874,1,0,7.808333333333334,7.808406917145476,dropped_queue_full,,,
1875,2,0,7.8125,7.812526745023206,completed,7.873890380142257,61.39038014225662,35.38710403442383
1876,3,1,7.816666666666666,7.8174668659921736,completed,7.884999249130487,68.33258246382101,35.46915054321289
1877,0,1,7.820833333333333,7.822325106943026,completed,7.891398505074903,70.56517174157051,35.4450569152832
1878,1,1,7.825,7.827190808020532,dropped_queue_full,,,
1879,2,1,7.829166666666667,7.829263648018241,dropped_queue_full,,,
1880,3,0,7.833333333333333,7.833368257153779,dropped_queue_full,,,
1881,0,0,7.8374999999999995,7.837613244075328,dropped_queue_full,,,
1882,1,0,7.841666666666667,7.841725063044578,completed,7.900119228055701,58.452561389033875,35.41535949707031
1883,2,0,7.845833333333333,7.846605294151232,completed,7.909084737999365,63.25140466603152,35.068641662597656
1884,3,1,7.85,7.85148533503525,completed,7.918690812075511,68.69081207551098,34.89174270629883
1885,0,1,7.854166666666667,7.856419366085902,completed,7.9265319930855185,72.36532641885151,34.93600082397461
1886,1,1,7.858333333333333,7.861289836931974,dropped_queue_full,,,
1887,2,1,7.8625,7.862576024141163,dropped_queue_full,,,
1888,3,0,7.866666666666666,7.866772942012176,dropped_queue_full,,,
1889,0,0,7.870833333333334,7.87087914114818,dropped_queue_full,,,
1890,1,0,7.875,7.875136318150908,completed,7.935214766068384,60.21476606838405,34.91414260864258
1891,2,0,7.879166666666666,7.879990179091692,completed,7.947255935054272,68.08926838760598,34.905601501464844
1892,3,1,7.883333333333333,7.88499082904309,completed,7.952797430101782,69.46409676844922,34.92505645751953
1893,0,1,7.8875,7.889795211143792,dropped_queue_full,,,
1894,1,1,7.891666666666667,7.891721152001992,dropped_queue_full,,,
1895,2,1,7.895833333333333,7.895977459149435,dropped_queue_full,,,
1896,3,0,7.8999999999999995,7.900111787952483,dropped_queue_full,,,
1897,0,0,7.904166666666667,7.9042511561419815,completed,7.961524151964113,57.35748529744633,34.93756866455078
1898,1,0,7.908333333333333,7.909077547956258,completed,7.971644981065765,63.31164773243181,34.89750289916992
1899,2,0,7.9125,7.913870739983395,completed,7.981571451993659,69.0714519936595,34.92790222167969
1900,3,1,7.916666666666667,7.918683082098141,completed,7.9879380280617625,71.27136139509548,34.96691131591797
1901,0,1,7.920833333333333,7.923486924031749,dropped_queue_full,,,
1902,1,1,7.925,7.925096306949854,dropped_queue_full,,,
1903,2,1,7.929166666666666,7.929200976155698,dropped_queue_full,,,
1904,3,0,7.933333333333334,7.933454554062337,dropped_queue_full,,,
1905,0,0,7.9375,7.937563022132963,completed,7.996622871141881,59.12287114188075,35.01007843017578
1906,1,0,7.941666666666666,7.942384073976427,completed,8.009880207944661,68.21354127799495,35.03936004638672
1907,2,0,7.945833333333333,7.947248874930665,completed,8.014764489140362,68.93115580702869,35.0750732421875
1908,3,1,7.95,7.95214370614849,dropped_queue_full,,,
1909,0,1,7.954166666666667,7.954231216106564,dropped_queue_full,,,
1910,1,1,7.958333333333333,7.958359684096649,dropped_queue_full,,,
1911,2,1,7.9624999999999995,7.962612661998719,dropped_queue_full,,,
1912,3,0,7.966666666666667,7.966723890043795,completed,8.023142235120758,56.47556845409163,35.04617691040039
1913,0,0,7.970833333333333,7.971638441085815,completed,8.031849208055064,61.01587472173087,35.053951263427734
1914,1,0,7.975,7.976532022003084,completed,8.043179864063859,68.17986406385934,35.06118392944336
1915,2,0,7.979166666666667,7.981564051937312,completed,8.049694389104843,70.52772243817617,35.09913635253906
1916,3,1,7.983333333333333,7.986640230985358,dropped_queue_full,,,
1917,0,1,7.9875,7.987611430929974,dropped_queue_full,,,
1918,1,1,7.991666666666666,7.991726069943979,dropped_queue_full,,,
1919,2,1,7.995833333333334,7.995840288931504,dropped_queue_full,,,
1920,3,0,8.0,8.000087646069005,completed,8.058366562006995,58.36656200699508,35.111392974853516
1921,0,0,8.004166666666666,8.005008836975321,completed,8.06764056906104,63.47390239437445,35.20035171508789
1922,1,0,8.008333333333333,8.009873867966235,completed,8.077743947971612,69.41061463827936,35.21516799926758
1923,2,0,8.0125,8.014756578952074,completed,8.085061704972759,72.5617049727596,35.127201080322266
1924,3,1,8.016666666666666,8.019640089944005,dropped_queue_full,,,
1925,0,1,8.020833333333334,8.020931207109243,dropped_queue_full,,,
1926,1,1,8.025,8.025051726028323,dropped_queue_full,,,
1927,2,1,8.029166666666667,8.029298813082278,dropped_queue_full,,,
1928,3,0,8.033333333333333,8.033406702103093,completed,8.093575709033757,60.24237570042423,35.14963150024414
1929,0,0,8.0375,8.038285893155262,completed,8.10571090807207,68.21090807206964,35.19046401977539
1930,1,0,8.041666666666666,8.04317336413078,completed,8.111227512126788,69.56084546012242,35.13606262207031
1931,2,0,8.045833333333333,8.048086785012856,dropped_queue_full,,,
1932,3,1,8.05,8.050137794110924,dropped_queue_full,,,
1933,0,1,8.054166666666667,8.054251553025097,dropped_queue_full,,,
1934,1,1,8.058333333333334,8.058357912115753,dropped_queue_full,,,
1935,2,1,8.0625,8.062612639041618,completed,8.120414320146665,57.91432014666498,35.20399856567383
1936,3,0,8.066666666666666,8.067634649109095,completed,8.129958895035088,63.29222836842163,35.171104431152344
1937,0,0,8.070833333333333,8.07287211692892,completed,8.139554508030415,68.72117469708172,35.16963195800781
1938,1,0,8.075,8.077737428015098,completed,8.14657815801911,71.57815801911127,35.19887924194336
1939,2,0,8.079166666666666,8.082821807125583,dropped_queue_full,,,
1940,3,1,8.083333333333334,8.083463930059224,dropped_queue_full,,,
1941,0,1,8.0875,8.087550858967006,dropped_queue_full,,,
1942,1,1,8.091666666666667,8.091678858036175,dropped_queue_full,,,
1943,2,1,8.095833333333333,8.095930956071243,completed,8.155737026128918,59.90369279558472,35.15840148925781
1944,3,0,8.1,8.100815946934745,completed,8.168095563072711,68.09556307271158,35.05376052856445
1945,0,0,8.104166666666666,8.105705447960645,completed,8.17318022204563,69.01355537896414,35.08921432495117
1946,1,0,8.108333333333333,8.110575709026307,dropped_queue_full,,,
1947,2,0,8.1125,8.112503020092845,dropped_queue_full,,,
1948,3,1,8.116666666666667,8.11676967702806,dropped_queue_full,,,
1949,0,1,8.120833333333334,8.120893045095727,dropped_queue_full,,,
1950,1,1,8.125,8.12513713305816,completed,8.181690725963563,56.69072596356273,35.040863037109375
1951,2,1,8.129166666666666,8.129951225128025,completed,8.190842745127156,61.67607846048995,34.956382751464844
1952,3,0,8.133333333333333,8.134764186106622,completed,8.201714975992218,68.3816426588848,34.93926239013672
1953,0,0,8.1375,8.139549118932337,completed,8.208140240982175,70.64024098217558,35.00147247314453
1954,1,0,8.141666666666666,8.144357230048627,dropped_queue_full,,,
1955,2,0,8.145833333333334,8.145933724939823,dropped_queue_full,,,
1956,3,1,8.15,8.150038083083928,dropped_queue_full,,,
1957,0,1,8.154166666666667,8.154296961147338,dropped_queue_full,,,
1958,1,1,8.158333333333333,8.158406359143555,completed,8.216844893991947,58.51156065861396,35.019134521484375
1959,2,1,8.1625,8.163226071046665,completed,8.230641616042703,68.14161604270375,35.019649505615234
1960,3,0,8.166666666666666,8.168086833087727,completed,8.2354973370675,68.83067040083368,35.088417053222656
1961,0,0,8.170833333333333,8.173174682073295,completed,8.24336495809257,72.5316247592378,35.0392951965332
1962,1,0,8.175,8.178033692995086,dropped_queue_full,,,
1963,2,0,8.179166666666667,8.179297720082104,dropped_queue_full,,,
1964,3,1,8.183333333333334,8.183406449155882,dropped_queue_full,,,
1965,0,1,8.1875,8.187506668036804,dropped_queue_full,,,
1966,1,1,8.191666666666666,8.191772795049474,completed,8.25205336115323,60.38669448656364,35.05072021484375
1967,2,1,8.195833333333333,8.196820205077529,completed,8.263955021975562,68.12168864222912,35.02239990234375
1968,3,0,8.2,8.201707185944542,completed,8.269731714157388,69.73171415738832,35.042049407958984
1969,0,0,8.204166666666666,8.20657555712387,dropped_queue_full,,,
1970,1,0,8.208333333333334,8.208462527953088,dropped_queue_full,,,
1971,2,0,8.2125,8.212568297050893,dropped_queue_full,,,
1972,3,1,8.216666666666667,8.216674285940826,dropped_queue_full,,,
1973,0,1,8.220833333333333,8.220931702991948,completed,8.278570796130225,57.73746279689185,35.11225509643555
1974,1,1,8.225,8.225787224015221,completed,8.288321567932144,63.32156793214416,35.079742431640625
1975,2,1,8.229166666666666,8.230634956154972,completed,8.298394517041743,69.22785037507673,35.11065673828125
1976,3,0,8.233333333333333,8.23548973700963,completed,8.305193379055709,71.86004572237614,35.26755142211914
1977,0,0,8.2375,8.240323329111561,dropped_queue_full,,,
1978,1,0,8.241666666666667,8.241771864006296,dropped_queue_full,,,
1979,2,0,8.245833333333334,8.245880892965943,dropped_queue_full,,,
1980,3,1,8.25,8.250138679984957,dropped_queue_full,,,
1981,0,1,8.254166666666666,8.254248348996043,completed,8.314055070048198,59.888403381531674,35.26188659667969
1982,1,1,8.258333333333333,8.259109850041568,completed,8.326468026032671,68.13469269933847,35.33830261230469
1983,2,1,8.2625,8.263947762083262,completed,8.33185277110897,69.35277110897076,35.11296081542969
1984,3,0,8.266666666666666,8.268833982991055,dropped_queue_full,,,
1985,0,0,8.270833333333334,8.270845943130553,dropped_queue_full,,,
1986,1,0,8.275,8.275089039932936,dropped_queue_full,,,
1987,2,0,8.279166666666667,8.279209159081802,dropped_queue_full,,,
1988,3,1,8.283333333333333,8.283453627023846,completed,8.340524865081534,57.191531748200575,35.11881637573242
1989,0,1,8.2875,8.288315057987347,completed,8.350769862066954,63.26986206695473,35.13008117675781
1990,1,1,8.291666666666666,8.29331853799522,completed,8.360476775094867,68.81010842820068,35.09654235839844
1991,2,1,8.295833333333333,8.298387367045507,completed,8.367262287065387,71.42895373205427,35.2171516418457
1992,3,0,8.3,8.303264128044248,dropped_queue_full,,,
1993,0,0,8.304166666666667,8.304231547983363,dropped_queue_full,,,
1994,1,0,8.308333333333334,8.308355296961963,dropped_queue_full,,,
1995,2,0,8.3125,8.312616033945233,dropped_queue_full,,,
1996,3,1,8.316666666666666,8.316722413059324,completed,8.37578935106285,59.122684396182734,35.15350341796875
1997,0,1,8.320833333333333,8.321594244102016,completed,8.388963788980618,68.13045564728526,35.184478759765625
1998,1,1,8.325,8.326461646007374,completed,8.3938199209515,68.81992095150125,35.14169692993164
1999,2,1,8.329166666666666,8.331356436014175,dropped_queue_full,,,
2000,3,0,8.333333333333334,8.333407795988023,dropped_queue_full,,,
2001,0,0,8.3375,8.337514755083248,dropped_queue_full,,,
2002,1,0,8.341666666666667,8.34177013207227,dropped_queue_full,,,
2003,2,0,8.345833333333333,8.345881280954927,completed,8.402538663009182,56.705329675848404,34.98185729980469
2004,3,1,8.35,8.350764482049271,completed,8.411047057947144,61.04705794714427,35.12646484375
2005,0,1,8.354166666666666,8.355619702953845,completed,8.422314285067841,68.14761840117534,35.112545013427734
2006,1,1,8.358333333333333,8.360470445128158,completed,8.42846217402257,70.12884068923775,35.03718566894531
2007,2,1,8.3625,8.365327156148851,dropped_queue_full,,,
2008,3,0,8.366666666666667,8.366775372065604,dropped_queue_full,,,
2009,0,0,8.370833333333334,8.370866250945255,dropped_queue_full,,,
2010,1,0,8.375,8.375140198040754,dropped_queue_full,,,
2011,2,0,8.379166666666666,8.379248576937243,completed,8.437462982954457,58.29631628779097,34.88198471069336
2012,3,1,8.383333333333333,8.384141778107733,completed,8.446610471932217,63.27713859888462,34.92777633666992
2013,0,1,8.3875,8.388958379160613,completed,8.456300735007972,68.80073500797224,35.03558349609375
2014,1,1,8.391666666666666,8.393813380971551,completed,8.463704930152744,72.03826348607834,35.084190368652344
2015,2,1,8.395833333333334,8.398853030055761,dropped_queue_full,,,
2016,3,0,8.4,8.4000971079804,dropped_queue_full,,,
2017,0,0,8.404166666666667,8.40424776612781,dropped_queue_full,,,
2018,1,0,8.408333333333333,8.408360294997692,dropped_queue_full,,,
2019,2,0,8.4125,8.412612512009218,completed,8.472847308963537,60.34730896353757,35.09209442138672
2020,3,1,8.416666666666666,8.417473213979974,completed,8.484761968953535,68.09530228686889,35.0552978515625
2021,0,1,8.420833333333333,8.422308844979852,completed,8.490092545980588,69.2592126472551,34.94099044799805
2022,1,1,8.425,8.427168915979564,dropped_queue_full,,,
2023,2,1,8.429166666666667,8.429262215038761,dropped_queue_full,,,
2024,3,0,8.433333333333334,8.433357454137877,dropped_queue_full,,,
2025,0,0,8.4375,8.437624972080812,dropped_queue_full,,,
2026,1,0,8.441666666666666,8.441721861017868,completed,8.49878114904277,57.11448237610384,34.903297424316406
2027,2,0,8.445833333333333,8.446602602023631,completed,8.509162415051833,63.329081718499936,34.8355827331543
2028,3,1,8.45,8.451459432952106,completed,8.519090974936262,69.09097493626248,34.86886215209961
2029,0,1,8.454166666666666,8.456295354990289,completed,8.525100835133344,70.93416846667822,34.90188980102539
2030,1,1,8.458333333333334,8.461140986066312,dropped_queue_full,,,
2031,2,1,8.4625,8.4625853409525,dropped_queue_full,,,
2032,3,0,8.466666666666667,8.466722790151834,dropped_queue_full,,,
2033,0,0,8.470833333333333,8.470931777963415,dropped_queue_full,,,
2034,1,0,8.475,8.475041397148743,completed,8.533785738050938,58.78573805093801,34.89494323730469
2035,2,0,8.479166666666666,8.479885558132082,completed,8.547219973988831,68.05330732216497,34.857696533203125
2036,3,1,8.483333333333333,8.484753779135644,completed,8.552034155000001,68.70082166666869,34.76115036010742
2037,0,1,8.4875,8.489597591105849,dropped_queue_full,,,
2038,1,1,8.491666666666667,8.491685630055144,dropped_queue_full,,,
2039,2,1,8.495833333333334,8.49592922697775,dropped_queue_full,,,
2040,3,0,8.5,8.50005518598482,dropped_queue_full,,,
2041,0,0,8.504166666666666,8.504252593964338,completed,8.559983746148646,55.81707948197945,34.73881530761719
2042,1,0,8.508333333333333,8.509155225008726,completed,8.568683348130435,60.35001479710189,34.69948959350586
2043,2,0,8.5125,8.514213443966582,completed,8.580600859131664,68.10085913166475,34.72972869873047
2044,3,1,8.516666666666666,8.51908308500424,completed,8.586367071140558,69.70040447389181,34.87855911254883
2045,0,1,8.520833333333334,8.523964087013155,dropped_queue_full,,,
2046,1,1,8.525,8.525097484933212,dropped_queue_full,,,
2047,2,1,8.529166666666667,8.529202554142103,dropped_queue_full,,,
2048,3,0,8.533333333333333,8.533456020988524,dropped_queue_full,,,
2049,0,0,8.5375,8.537563289981335,completed,8.595206333091483,57.706333091482875,35.05244827270508
2050,1,0,8.541666666666666,8.542425231076777,completed,8.60489686508663,63.23019841996391,35.18415832519531
2051,2,0,8.545833333333333,8.54721327405423,completed,8.614859675988555,69.02634265522245,35.201759338378906
2052,3,1,8.55,8.552026615012437,completed,8.621619918150827,71.61991815082658,35.08563232421875
2053,0,1,8.554166666666667,8.55680954712443,dropped_queue_full,,,
2054,1,1,8.558333333333334,8.558417261112481,dropped_queue_full,,,
2055,2,1,8.5625,8.562528589973226,dropped_queue_full,,,
2056,3,0,8.566666666666666,8.566771418089047,dropped_queue_full,,,
2057,0,0,8.570833333333333,8.57092974614352,completed,8.630301991011947,59.468657678614534,35.0142707824707
2058,1,0,8.575,8.575785157037899,completed,8.64313335204497,68.13335204497051,34.974143981933594
2059,2,0,8.579166666666666,8.58059382904321,completed,8.648154682014138,68.98801534747179,34.93958282470703
2060,3,1,8.583333333333334,8.585395941045135,dropped_queue_full,,,
2061,0,1,8.5875,8.587631449103355,dropped_queue_full,,,
2062,1,1,8.591666666666667,8.591721028089523,dropped_queue_full,,,
2063,2,1,8.595833333333333,8.595844076015055,dropped_queue_full,,,
2064,3,0,8.6,8.600087914150208,completed,8.656687227077782,56.68722707778251,34.956382751464844
2065,0,0,8.604166666666666,8.604890535119921,completed,8.667363520013168,63.19685334650238,34.9813117980957
2066,1,0,8.608333333333333,8.609847926069051,completed,8.677356999134645,69.02366580131236,35.01871871948242
2067,2,0,8.6125,8.61485260608606,completed,8.68322009104304,70.72009104303945,34.96227264404297
2068,3,1,8.616666666666667,8.61971760704182,dropped_queue_full,,,
2069,0,1,8.620833333333334,8.620843856129795,dropped_queue_full,,,
2070,1,1,8.625,8.62509306310676,dropped_queue_full,,,
2071,2,1,8.629166666666666,8.629197082016617,dropped_queue_full,,,
2072,3,0,8.633333333333333,8.633451979141682,completed,8.691731984959915,58.39865162658242,34.96364974975586
2073,0,0,8.6375,8.638300751103088,completed,8.700857694027945,63.35769402794611,34.98601531982422
2074,1,0,8.641666666666666,8.643126892158762,completed,8.710653115995228,68.98644932856257,34.914432525634766
2075,2,0,8.645833333333334,8.64796864404343,dropped_queue_full,,,
2076,3,1,8.65,8.650062002940103,dropped_queue_full,,,
2077,0,1,8.654166666666667,8.654295091051608,dropped_queue_full,,,
2078,1,1,8.658333333333333,8.658408329123631,dropped_queue_full,,,
2079,2,1,8.6625,8.662515168078244,completed,8.71825596014969,55.755960149690864,34.971134185791016
2080,3,0,8.666666666666666,8.667358470149338,completed,8.727145810145885,60.47914347921868,35.23641586303711
2081,0,0,8.670833333333333,8.672228071140125,completed,8.738875853130594,68.04251979726139,35.24649429321289
2082,1,0,8.675,8.677350440062582,completed,8.744620064971969,69.62006497196782,35.29753494262695
2083,2,0,8.679166666666667,8.682248070137575,dropped_queue_full,,,
2084,3,1,8.683333333333334,8.683383089024574,dropped_queue_full,,,
2085,0,1,8.6875,8.687615927075967,dropped_queue_full,,,
2086,1,1,8.691666666666666,8.691723335068673,dropped_queue_full,,,
2087,2,1,8.695833333333333,8.695977653143927,completed,8.753779544029385,57.94621069605199,35.28015899658203
2088,3,0,8.7,8.700852234149352,completed,8.763182519003749,63.182519003749604,35.24732971191406
2089,0,0,8.704166666666666,8.705744154984131,completed,8.772819933015853,68.65326634918745,35.26124954223633
2090,1,0,8.708333333333334,8.710646416060627,completed,8.78013994009234,71.80660675900619,35.26457595825195
2091,2,0,8.7125,8.715712285134941,dropped_queue_full,,,
2092,3,1,8.716666666666667,8.716677804943174,dropped_queue_full,,,
2093,0,1,8.720833333333333,8.720848463941365,dropped_queue_full,,,
2094,1,1,8.725,8.725091740954667,dropped_queue_full,,,
2095,2,1,8.729166666666666,8.729210460092872,completed,8.788853112142533,59.68644547586699,35.070526123046875
2096,3,0,8.733333333333333,8.73409114102833,completed,8.801447435980663,68.1141026473302,35.1165771484375
2097,0,0,8.7375,8.738870342960581,completed,8.806507335044444,69.0073350444429,35.061344146728516
2098,1,0,8.741666666666667,8.743682065047324,dropped_queue_full,,,
2099,2,0,8.745833333333334,8.745892873033881,dropped_queue_full,,,
2100,3,1,8.75,8.750137550057843,dropped_queue_full,,,
2101,0,1,8.754166666666666,8.754258009139448,dropped_queue_full,,,
2102,1,1,8.758333333333333,8.758358308114111,completed,8.815363727044314,57.030393710981286,35.145790100097656
2103,2,1,8.7625,8.763174699153751,completed,8.826048559043556,63.54855904355716,35.14876937866211
2104,3,0,8.766666666666666,8.767961972160265,completed,8.83582696202211,69.1602953554451,35.200191497802734
2105,0,0,8.770833333333334,8.772814393043518,completed,8.841885541100055,71.05220776672105,35.10451126098633
2106,1,0,8.775,8.777942021144554,dropped_queue_full,,,
2107,2,0,8.779166666666667,8.77922499901615,dropped_queue_full,,,
2108,3,1,8.783333333333333,8.783451586030424,dropped_queue_full,,,
2109,0,1,8.7875,8.78756690514274,dropped_queue_full,,,
2110,1,1,8.791666666666666,8.791680613998324,completed,8.850580953992903,58.91428732623716,35.0296630859375
2111,2,1,8.795833333333333,8.796577875036746,completed,8.863964710151777,68.13137681844417,35.02169418334961
2112,3,0,8.8,8.80143916606903,completed,8.868849791120738,68.84979112073708,34.95600128173828
2113,0,0,8.804166666666667,8.806332136970013,dropped_queue_full,,,
2114,1,0,8.808333333333334,8.808409326011315,dropped_queue_full,,,
2115,2,0,8.8125,8.812516954960302,dropped_queue_full,,,
2116,3,1,8.816666666666666,8.816769622033462,dropped_queue_full,,,
2117,0,1,8.820833333333333,8.820977489929646,completed,8.876874190056697,56.040856723363675,34.93628692626953
2118,1,1,8.825,8.826041469117627,completed,8.885728491935879,60.7284919358797,34.90591812133789
2119,2,1,8.829166666666666,8.830923500936478,completed,8.89740663394332,68.2399672766536,34.962398529052734
2120,3,0,8.833333333333334,8.835819181986153,completed,8.90330709493719,69.97376160385649,34.96281433105469
2121,0,0,8.8375,8.840749252121896,dropped_queue_full,,,
2122,1,0,8.841666666666667,8.841719151940197,dropped_queue_full,,,
2123,2,0,8.845833333333333,8.845841451082379,dropped_queue_full,,,
2124,3,1,8.85,8.85009330813773,dropped_queue_full,,,
2125,0,1,8.854166666666666,8.854203996947035,completed,8.911844520131126,57.67785346445997,34.82691192626953
2126,1,1,8.858333333333333,8.859095528023317,completed,8.921602922026068,63.26958869273547,34.964481353759766
2127,2,1,8.8625,8.863958060042933,completed,8.93173744995147,69.23744995146919,34.90070343017578
2128,3,0,8.866666666666667,8.868841680930927,completed,8.938390284078196,71.72361741152855,35.03071975708008
2129,0,0,8.870833333333334,8.873739612055942,dropped_queue_full,,,
2130,1,0,8.875,8.875122237950563,dropped_queue_full,,,
2131,2,0,8.879166666666666,8.879248755984008,dropped_queue_full,,,
2132,3,1,8.883333333333333,8.883356165140867,dropped_queue_full,,,
2133,0,1,8.8875,8.88761443295516,completed,8.94726460496895,59.76460496895086,35.21369552612305
2134,1,1,8.891666666666666,8.892526623094454,completed,8.95986372907646,68.19706240979428,35.10566329956055
2135,2,1,8.895833333333334,8.897399444133043,completed,8.964916568016633,69.08323468329947,35.24070358276367
2136,3,0,8.9,8.902322705136612,dropped_queue_full,,,
2137,0,0,8.904166666666667,8.904270536033437,dropped_queue_full,,,
2138,1,0,8.908333333333333,8.908356375060976,dropped_queue_full,,,
2139,2,0,8.9125,8.91261416207999,dropped_queue_full,,,
2140,3,1,8.916666666666666,8.916723890928552,completed,8.973784279078245,57.11761241157909,35.276641845703125
2141,0,1,8.920833333333333,8.921596392057836,completed,8.984221684047952,63.38835071461979,35.23616027832031
2142,1,1,8.925,8.926669260952622,completed,8.99396767700091,68.96767700090933,35.31737518310547
2143,2,1,8.929166666666667,8.931730370037258,completed,9.000268744071946,71.10207740527841,35.16886520385742
2144,3,0,8.933333333333334,8.93662156094797,dropped_queue_full,,,
2145,0,0,8.9375,8.93758621206507,dropped_queue_full,,,
2146,1,0,8.941666666666666,8.941722719930112,dropped_queue_full,,,
2147,2,0,8.945833333333333,8.945979518117383,dropped_queue_full,,,
2148,3,1,8.95,8.95009342697449,completed,9.00912281498313,59.12281498313021,35.22265625
2149,0,1,8.954166666666666,8.954980628099293,completed,9.022346642101184,68.17997543451781,35.17814254760742
2150,1,1,8.958333333333334,8.959857268957421,completed,9.027234253007919,68.90091967458467,35.2374382019043
2151,2,1,8.9625,8.964740520110354,dropped_queue_full,,,
2152,3,0,8.966666666666667,8.966669670073316,dropped_queue_full,,,
2153,0,0,8.970833333333333,8.970930638024583,dropped_queue_full,,,
2154,1,0,8.975,8.975055816117674,dropped_queue_full,,,
2155,2,0,8.979166666666666,8.979295704048127,completed,9.03593886597082,56.772199304154114,35.465694427490234
2156,3,1,8.983333333333333,8.984216175042093,completed,9.044842827133834,61.50949380050186,35.49590301513672
2157,0,1,8.9875,8.989074836019427,completed,9.05565883894451,68.15883894450891,35.48739242553711
2158,1,1,8.991666666666667,8.99396130698733,completed,9.062412881059572,70.74621439290496,35.393184661865234
2159,2,1,8.995833333333334,8.998838358093053,dropped_queue_full,,,
2160,3,0,9.0,9.000101204961538,dropped_queue_full,,,
2161,0,0,9.004166666666666,9.004200523952022,dropped_queue_full,,,
2162,1,0,9.008333333333333,9.00847490108572,dropped_queue_full,,,
2163,2,0,9.0125,9.01261542015709,completed,9.071270212065428,58.770212065429206,35.183902740478516
2164,3,1,9.016666666666666,9.017492491053417,completed,9.080036093946546,63.3694272798806,35.162654876708984
2165,0,1,9.020833333333334,9.022341183153912,completed,9.089740957133472,68.90762380013804,35.08860778808594
2166,1,1,9.025,9.027227903949097,completed,9.097616628045216,72.61662804521585,35.03504180908203
2167,2,1,9.029166666666667,9.032276103040203,dropped_queue_full,,,
2168,3,0,9.033333333333333,9.033403682056814,dropped_queue_full,,,
2169,0,0,9.0375,9.037570239976048,dropped_queue_full,,,
2170,1,0,9.041666666666666,9.041674089152366,dropped_queue_full,,,
2171,2,0,9.045833333333333,9.04593166615814,completed,9.106461390154436,60.628056821103726,35.123233795166016
2172,3,1,9.05,9.050800797063857,completed,9.118095312966034,68.0953129660331,35.07551956176758
2173,0,1,9.054166666666667,9.055653409101069,completed,9.124048713129014,69.88204646234664,35.129310607910156
2174,1,1,9.058333333333334,9.060506870038807,dropped_queue_full,,,
2175,2,1,9.0625,9.062576659023762,dropped_queue_full,,,
2176,3,0,9.066666666666666,9.066697898088023,dropped_queue_full,,,
2177,0,0,9.070833333333333,9.070929316105321,dropped_queue_full,,,
2178,1,0,9.075,9.075137553038076,completed,9.133049663156271,58.04966315627169,35.233665466308594
2179,2,0,9.079166666666666,9.08002789504826,completed,9.142635737080127,63.46907041346128,35.15043258666992
2180,3,1,9.083333333333334,9.084896156098694,completed,9.152362989960238,69.02965662690441,35.202880859375
2181,0,1,9.0875,9.089735547080636,completed,9.159458269132301,71.95826913230086,35.13916778564453
2182,1,1,9.091666666666667,9.094617187976837,dropped_queue_full,,,
2183,2,1,9.095833333333333,9.095900095067918,dropped_queue_full,,,
2184,3,0,9.1,9.100136273074895,dropped_queue_full,,,
2185,0,0,9.104166666666666,9.104251781944185,dropped_queue_full,,,
2186,1,0,9.108333333333333,9.108368311077356,completed,9.168460577959195,60.127244625862275,35.196449279785156
2187,2,0,9.1125,9.113241001963615,completed,9.180833714082837,68.3337140828364,35.27756881713867
2188,3,1,9.116666666666667,9.118086742935702,completed,9.1859872629866,69.32059631993326,35.156063079833984
2189,0,1,9.120833333333334,9.12292009498924,dropped_queue_full,,,
2190,1,1,9.125,9.125138462055475,dropped_queue_full,,,
2191,2,1,9.129166666666666,9.129246291005984,dropped_queue_full,,,
2192,3,0,9.133333333333333,9.133370770141482,dropped_queue_full,,,
2193,0,0,9.1375,9.137567368103191,completed,9.194688456133008,57.188456133008714,35.26121520996094
2194,1,0,9.141666666666666,9.142628397094086,completed,9.204912623157725,63.24595649105902,35.19862365722656
2195,2,0,9.145833333333334,9.147494808072224,completed,9.214641956146806,68.80862281347255,35.145790100097656
2196,3,1,9.15,9.152355200145394,completed,9.221266468986869,71.2664689868685,35.252193450927734
2197,0,1,9.154166666666667,9.15722540114075,dropped_queue_full,,,
2198,1,1,9.158333333333333,9.158355979947373,dropped_queue_full,,,
2199,2,1,9.1625,9.162614586995915,dropped_queue_full,,,
2200,3,0,9.166666666666666,9.166723266011104,dropped_queue_full,,,
2201,0,0,9.170833333333333,9.170843834988773,completed,9.230097651015967,59.264317682634626,35.17078399658203
2202,1,0,9.175,9.175724806031212,completed,9.243306738091633,68.30673809163201,35.05744171142578
2203,2,0,9.179166666666667,9.18082661414519,completed,9.248179929098114,69.01326243144723,35.23152160644531
2204,3,1,9.183333333333334,9.185685716103762,dropped_queue_full,,,
2205,0,1,9.1875,9.187577286968008,dropped_queue_full,,,
2206,1,1,9.191666666666666,9.191673455992714,dropped_queue_full,,,
2207,2,1,9.195833333333333,9.195938382996246,dropped_queue_full,,,
2208,3,0,9.2,9.2000435621012,completed,9.25653115613386,56.53115613386106,35.07014465332031
2209,0,0,9.204166666666666,9.204906213097274,completed,9.265366666950285,61.200000283619715,35.16019058227539
2210,1,0,9.208333333333334,9.209764895029366,completed,9.276524536078796,68.19120274546187,35.16934585571289
2211,2,0,9.2125,9.214634825941175,completed,9.283251668093726,70.75166809372568,35.13398361206055
2212,3,1,9.216666666666667,9.21950044715777,dropped_queue_full,,,
2213,0,1,9.220833333333333,9.220934391953051,dropped_queue_full,,,
2214,1,1,9.225,9.225042571080849,dropped_queue_full,,,
2215,2,1,9.229166666666666,9.229294449090958,dropped_queue_full,,,
2216,3,0,9.233333333333333,9.233406528132036,completed,9.291946161072701,58.61282773936871,35.28745651245117
2217,0,0,9.2375,9.23827274912037,completed,9.300746402936056,63.246402936055546,35.18851089477539
2218,1,0,9.241666666666667,9.243300087982789,completed,9.310472965007648,68.80629834098073,35.09107208251953
2219,2,0,9.245833333333334,9.24817269993946,completed,9.318371646106243,72.53831277290956,34.998878479003906
2220,3,1,9.25,9.25320533895865,dropped_queue_full,,,
2221,0,1,9.254166666666666,9.254299688152969,dropped_queue_full,,,
2222,1,1,9.258333333333333,9.258404177147895,dropped_queue_full,,,
2223,2,1,9.2625,9.2625131260138,dropped_queue_full,,,
2224,3,0,9.266666666666666,9.266774822957814,completed,9.32705729897134,60.39063230467434,35.0048942565918
2225,0,0,9.270833333333334,9.271635313984007,completed,9.33895633998327,68.12300664993565,35.00310516357422
2226,1,0,9.275,9.276517966063693,completed,9.344626212958246,69.62621295824611,34.9381103515625
2227,2,0,9.279166666666667,9.281636283965781,dropped_queue_full,,,
2228,3,1,9.283333333333333,9.283414806006476,dropped_queue_full,,,
2229,0,1,9.2875,9.287518395110965,dropped_queue_full,,,
2230,1,1,9.291666666666666,9.291775143006817,dropped_queue_full,,,
2231,2,1,9.295833333333333,9.295881761005148,completed,9.35368559206836,57.85225873502675,35.168609619140625
2232,3,0,9.3,9.300740892998874,completed,9.363233637064695,63.23363706469465,35.086753845214844
2233,0,0,9.304166666666667,9.305607384070754,completed,9.372961648972705,68.79498230603787,35.022335052490234
2234,1,0,9.308333333333334,9.310466635040939,completed,9.379859680077061,71.52634674372749,35.07382583618164
2235,2,0,9.3125,9.315345226088539,dropped_queue_full,,,
2236,3,1,9.316666666666666,9.316775412065908,dropped_queue_full,,,
2237,0,1,9.320833333333333,9.320878410944715,dropped_queue_full,,,
2238,1,1,9.325,9.32513806805946,dropped_queue_full,,,
2239,2,1,9.329166666666666,9.329251777147874,completed,9.388842590153217,59.675923486551596,35.0536003112793
2240,3,0,9.333333333333334,9.33411666797474,completed,9.40144004393369,68.10671060035567,34.8436164855957
2241,0,0,9.3375,9.33895103004761,completed,9.406329485122114,68.82948512211406,34.99225616455078
2242,1,0,9.341666666666667,9.343818041030318,dropped_queue_full,,,
2243,2,0,9.345833333333333,9.345901909982786,dropped_queue_full,,,
2244,3,1,9.35,9.350036998977885,dropped_queue_full,,,
2245,0,1,9.354166666666666,9.354417314985767,dropped_queue_full,,,
2246,1,1,9.358333333333333,9.358360615093261,completed,9.414982428075746,56.6490947424132,35.03696060180664
2247,2,1,9.3625,9.363225816981867,completed,9.42414954607375,61.64954607374895,35.13350296020508
2248,3,0,9.366666666666667,9.368106208043173,completed,9.434875139035285,68.20847236861738,35.21094512939453
2249,0,0,9.370833333333334,9.37295627896674,completed,9.441457842942327,70.62450960899369,35.16764831542969
2250,1,0,9.375,9.37783520994708,dropped_queue_full,,,
2251,2,0,9.379166666666666,9.379215696128085,dropped_queue_full,,,
2252,3,1,9.383333333333333,9.383475844049826,dropped_queue_full,,,
2253,0,1,9.3875,9.387562863063067,dropped_queue_full,,,
2254,1,1,9.391666666666666,9.391671602148563,completed,9.450306564103812,58.63989743714626,35.102752685546875
2255,2,1,9.395833333333334,9.396568423137069,completed,9.459443473024294,63.610139690959855,35.08972930908203
2256,3,0,9.4,9.40143227414228,completed,9.469210555078462,69.21055507846141,35.21039962768555
2257,0,0,9.404166666666667,9.406323594972491,completed,9.476774448994547,72.60778232788034,35.094879150390625
2258,1,0,9.408333333333333,9.411191866034642,dropped_queue_full,,,
2259,2,0,9.4125,9.412617182126269,dropped_queue_full,,,
2260,3,1,9.416666666666666,9.416732250945643,dropped_queue_full,,,
2261,0,1,9.420833333333333,9.420978958019987,dropped_queue_full,,,
2262,1,1,9.425,9.425105407135561,completed,9.485574641032144,60.57464103214372,35.197601318359375
2263,2,1,9.429166666666667,9.43000767705962,completed,9.497378031956032,68.21136528936478,35.22224044799805
2264,3,0,9.433333333333334,9.434867169009522,completed,9.503236324060708,69.90299072737471,35.08156967163086
2265,0,0,9.4375,9.439741919981316,dropped_queue_full,,,
2266,1,0,9.441666666666666,9.441780088935047,dropped_queue_full,,,
2267,2,0,9.445833333333333,9.445882878033444,dropped_queue_full,,,
2268,3,1,9.45,9.450136166065931,dropped_queue_full,,,
2269,0,1,9.454166666666666,9.454246095148847,completed,9.512096885126084,57.93021845941837,35.1611213684082
2270,1,1,9.458333333333334,9.459436183096841,completed,9.521507641067728,63.174307734394475,35.02956771850586
2271,2,1,9.4625,9.464319773949683,completed,9.531140674138442,68.64067413844133,34.82601547241211
2272,3,0,9.466666666666667,9.469202785054222,completed,9.5382997719571,71.63310529043265,34.93388748168945
2273,0,0,9.470833333333333,9.47409305605106,dropped_queue_full,,,
2274,1,0,9.475,9.475059346063063,dropped_queue_full,,,
2275,2,0,9.479166666666666,9.479263204149902,dropped_queue_full,,,
2276,3,1,9.483333333333333,9.483358843019232,dropped_queue_full,,,
2277,0,1,9.4875,9.487615189980716,completed,9.547147184144706,59.64718414470482,34.904449462890625
2278,1,1,9.491666666666667,9.492498371051624,completed,9.560078304028139,68.41163736147138,34.87001419067383
2279,2,1,9.495833333333334,9.497370813041925,completed,9.565154703101143,69.32136976780967,34.851806640625
2280,3,0,9.5,9.502252244157717,dropped_queue_full,,,
2281,0,0,9.504166666666666,9.504193803993985,dropped_queue_full,,,
2282,1,0,9.508333333333333,9.508453801041469,dropped_queue_full,,,
2283,2,0,9.5125,9.512578210094944,dropped_queue_full,,,
2284,3,1,9.516666666666666,9.51667127897963,completed,9.573211923008785,56.54525634211893,34.69728088378906
2285,0,1,9.520833333333334,9.521501301089302,completed,9.58198473509401,61.151401760676904,34.752288818359375
2286,1,1,9.525,9.526320931967348,completed,9.593066364061087,68.06636406108701,34.75139236450195
2287,2,1,9.529166666666667,9.531133604003116,completed,9.599619867978618,70.45320131195076,34.829185485839844
2288,3,0,9.533333333333333,9.535932485945523,dropped_queue_full,,,
2289,0,0,9.5375,9.537530180066824,dropped_queue_full,,,
2290,1,0,9.541666666666666,9.541769467992708,dropped_queue_full,,,
2291,2,0,9.545833333333333,9.54588275612332,dropped_queue_full,,,
2292,3,1,9.55,9.550136754056439,completed,9.608148152008653,58.14815200865198,34.859649658203125
2293,0,1,9.554166666666667,9.554998065112159,completed,9.617384880082682,63.218213416014635,34.79600143432617
2294,1,1,9.558333333333334,9.560071344021708,completed,9.627083163009956,68.74982967662291,34.90227127075195
2295,2,1,9.5625,9.565147703047842,completed,9.634678876958787,72.17887695878744,34.94384002685547
2296,3,0,9.566666666666666,9.570013694930822,dropped_queue_full,,,
2297,0,0,9.570833333333333,9.570980695076287,dropped_queue_full,,,
2298,1,0,9.575,9.575085824122652,dropped_queue_full,,,
2299,2,0,9.579166666666666,9.579299872042611,dropped_queue_full,,,
2300,3,1,9.583333333333334,9.583417939953506,completed,9.643370120087638,60.03678675430457,34.97593688964844
2301,0,1,9.5875,9.588244032114744,completed,9.655591537011787,68.09153701178694,34.96467208862305
2302,1,1,9.591666666666667,9.593060214072466,completed,9.660795455100015,69.12878843334802,34.95177459716797
2303,2,1,9.595833333333333,9.59788197511807,dropped_queue_full,,,
2304,3,0,9.6,9.600099212955683,dropped_queue_full,,,
2305,0,0,9.604166666666666,9.604198492132127,dropped_queue_full,,,
2306,1,0,9.608333333333333,9.608468309044838,dropped_queue_full,,,
2307,2,0,9.6125,9.612558878026903,completed,9.669735545059666,57.23554505966533,34.92108917236328
2308,3,1,9.616666666666667,9.61737954011187,completed,9.680048952111974,63.38228544530722,34.93958282470703
2309,0,1,9.620833333333334,9.622198312077671,completed,9.69005531212315,69.22197878981606,35.00620651245117
2310,1,1,9.625,9.627076972974464,completed,9.695871534058824,70.87153405882418,35.03977584838867
2311,2,1,9.629166666666666,9.631958374055102,dropped_queue_full,,,
2312,3,0,9.633333333333333,9.633400799008086,dropped_queue_full,,,
2313,0,0,9.6375,9.637514658039436,dropped_queue_full,,,
2314,1,0,9.641666666666666,9.641772025963292,dropped_queue_full,,,
2315,2,0,9.645833333333334,9.645880233962089,completed,9.705062180990353,59.2288476570193,35.0392951965332
2316,3,1,9.65,9.650744596030563,completed,9.718111420981586,68.11142098158562,35.08067321777344
2317,0,1,9.654166666666667,9.655585936969146,completed,9.722959741950035,68.79307528336831,35.005279541015625
2318,1,1,9.658333333333333,9.660460628103465,dropped_queue_full,,,
2319,2,1,9.6625,9.662548637017608,dropped_queue_full,,,
2320,3,0,9.666666666666666,9.666725215036422,dropped_queue_full,,,
2321,0,0,9.670833333333333,9.670893284026533,dropped_queue_full,,,
2322,1,0,9.675,9.675136611098424,completed,9.730982782086357,55.982782086356764,34.94086456298828
2323,2,0,9.679166666666667,9.680041051935405,completed,9.739987910958007,60.82124429133984,34.88665771484375
2324,3,1,9.683333333333334,9.685193259967491,completed,9.751472336007282,68.13900267394857,34.851009368896484
2325,0,1,9.6875,9.690049882046878,completed,9.757457696134225,69.95769613422453,35.00729751586914
2326,1,1,9.691666666666666,9.694905053125694,dropped_queue_full,,,
2327,2,1,9.695833333333333,9.695867834147066,dropped_queue_full,,,
2328,3,0,9.7,9.700138170970604,dropped_queue_full,,,
2329,0,0,9.704166666666666,9.704249209957197,dropped_queue_full,,,
2330,1,0,9.708333333333334,9.708356098039076,completed,9.766145708970726,57.81237563739161,35.07865524291992
2331,2,0,9.7125,9.713242369005457,completed,9.775749213062227,63.24921306222642,35.14992141723633
2332,3,1,9.716666666666667,9.718103361083195,completed,9.78595596109517,69.2892944285024,35.188385009765625
2333,0,1,9.720833333333333,9.722954102093354,completed,9.79274329310283,71.90995976949743,35.111328125
2334,1,1,9.725,9.727821843000129,dropped_queue_full,,,
2335,2,1,9.729166666666666,9.729259778978303,dropped_queue_full,,,
2336,3,0,9.733333333333333,9.73336481815204,dropped_queue_full,,,
2337,0,0,9.7375,9.737613304983824,dropped_queue_full,,,
2338,1,0,9.741666666666667,9.741736994124949,completed,9.801418166141957,59.751499475289904,35.106624603271484
2339,2,0,9.745833333333334,9.746599765028805,completed,9.813932121032849,68.09878769951538,34.970943450927734
2340,3,1,9.75,9.751464525936171,completed,9.819060008972883,69.06000897288322,34.99375915527344
2341,0,1,9.754166666666666,9.756320018088445,dropped_queue_full,,,
2342,1,1,9.758333333333333,9.758415897144005,dropped_queue_full,,,
2343,2,1,9.7625,9.762514166068286,dropped_queue_full,,,
2344,3,0,9.766666666666666,9.766783493105322,dropped_queue_full,,,
2345,0,0,9.770833333333334,9.77086955215782,completed,9.827892871107906,57.05953777457218,35.05299377441406
2346,1,0,9.775,9.775742103112862,completed,9.838221517158672,63.22151715867186,35.01126480102539
2347,2,0,9.779166666666667,9.780825972091407,completed,9.847815460991114,68.64879432444759,35.02012634277344
2348,3,1,9.783333333333333,9.785947801079601,completed,9.854359104996547,71.02577166321389,35.09455871582031
2349,0,1,9.7875,9.790809812024236,dropped_queue_full,,,
2350,1,1,9.791666666666666,9.791782732121646,dropped_queue_full,,,
2351,2,1,9.795833333333333,9.79588073096238,dropped_queue_full,,,
2352,3,0,9.8,9.800136539153755,dropped_queue_full,,,
2353,0,0,9.804166666666667,9.804245297098532,completed,9.863223287044093,59.05662037742587,35.189537048339844
2354,1,0,9.808333333333334,9.80913268798031,completed,9.876293675974011,67.96034264067785,35.17446517944336
2355,2,0,9.8125,9.813925231108442,completed,9.881311225006357,68.81122500635684,35.18281555175781
2356,3,1,9.816666666666666,9.818723551928997,dropped_queue_full,,,
2357,0,1,9.820833333333333,9.820934019982815,dropped_queue_full,,,
2358,1,1,9.825,9.825042349053547,dropped_queue_full,,,
2359,2,1,9.829166666666666,9.829296006122604,dropped_queue_full,,,
2360,3,0,9.833333333333334,9.833403164986521,completed,9.88954614312388,56.2128097905461,35.1446418762207
2361,0,0,9.8375,9.838215237017721,completed,9.898366704117507,60.86670411750639,35.050079345703125
2362,1,0,9.841666666666667,9.843015318969265,completed,9.909685601014644,68.01893434797712,35.060577392578125
2363,2,0,9.845833333333333,9.847808660939336,completed,9.916141076013446,70.30774268011264,34.97455978393555
2364,3,1,9.85,9.852594143012539,dropped_queue_full,,,
2365,0,1,9.854166666666666,9.854190886951983,dropped_queue_full,,,
2366,1,1,9.858333333333333,9.858454213943332,dropped_queue_full,,,
2367,2,1,9.8625,9.86257797293365,dropped_queue_full,,,
2368,3,0,9.866666666666667,9.866670252056792,completed,9.924687271006405,58.02060433973821,34.97590255737305
2369,0,0,9.870833333333334,9.871485274052247,completed,9.934139946009964,63.30661267663018,35.04207992553711
2370,1,0,9.875,9.876287376042455,completed,9.943820119136944,68.82011913694441,34.980289459228516
2371,2,0,9.879166666666666,9.881303965114057,completed,9.951257134089246,72.09046742257996,34.965023040771484
2372,3,1,9.883333333333333,9.886986057972535,dropped_queue_full,,,
2373,0,1,9.8875,9.887632802128792,dropped_queue_full,,,
2374,1,1,9.891666666666666,9.8917225911282,dropped_queue_full,,,
2375,2,1,9.895833333333334,9.895978958113119,dropped_queue_full,,,
2376,3,0,9.9,9.900085447123274,completed,9.959779909113422,59.77990911342168,34.95891189575195
2377,0,0,9.904166666666667,9.904882068978623,completed,9.972379663027823,68.21299636115619,35.03068923950195
2378,1,0,9.908333333333333,9.909679010976106,completed,9.977576741017401,69.243407684068,35.15340805053711
2379,2,0,9.9125,9.914552502101287,dropped_queue_full,,,
2380,3,1,9.916666666666666,9.91678133001551,dropped_queue_full,,,
2381,0,1,9.920833333333333,9.920881988946348,dropped_queue_full,,,
2382,1,1,9.925,9.92513783602044,dropped_queue_full,,,
2383,2,1,9.929166666666667,9.929252784932032,completed,9.986574589973316,57.407923306648456,35.26163101196289
2384,3,0,9.933333333333334,9.934134466107935,completed,9.99662936013192,63.296026798585814,35.329280853271484
2385,0,0,9.9375,9.938980696955696,completed,10.006343362154439,68.84336215443909,35.31942367553711
2386,1,0,9.941666666666666,9.94381363899447,completed,10.012943675974384,71.27700930771752,35.29158401489258
2387,2,0,9.945833333333333,9.948711700038984,dropped_queue_full,,,
2388,3,1,9.95,9.950136065948755,dropped_queue_full,,,
2389,0,1,9.954166666666666,9.954248134046793,dropped_queue_full,,,
2390,1,1,9.958333333333334,9.958356473129243,dropped_queue_full,,,
2391,2,1,9.9625,9.962615411030129,completed,10.021987016079947,59.487016079947,35.201087951660156
2392,3,0,9.966666666666667,9.96750652207993,completed,10.032949185930192,66.28251926352569,35.11004638671875
2393,0,0,9.970833333333333,9.972374173114076,completed,10.039394591003656,68.56125767032317,35.08988952636719
2394,1,0,9.975,9.977240503998473,dropped_queue_full,,,
2395,2,0,9.979166666666666,9.979297453071922,dropped_queue_full,,,
2396,3,1,9.983333333333333,9.983345193089917,dropped_queue_full,,,
2397,0,1,9.9875,9.987531610997394,dropped_queue_full,,,
2398,1,1,9.991666666666667,9.991724638966843,completed,10.04808017401956,56.41350735289308,35.02239990234375
2399,2,1,9.995833333333334,9.99662142014131,completed,10.058041064068675,62.20773073534147,34.956321716308594
2400,3,0,10.0,10.001492991112173,completed,10.066371251130477,66.3712511304766,34.974143981933594
2401,0,0,10.004166666666666,10.006337942089885,completed,10.074448970146477,70.28230347981079,35.0043830871582
2402,1,0,10.008333333333333,10.011193234007806,dropped_queue_full,,,
2403,2,0,10.0125,10.012616910040379,dropped_queue_full,,,
2404,3,1,10.016666666666666,10.01672246796079,dropped_queue_full,,,
2405,0,1,10.020833333333334,10.02089529694058,dropped_queue_full,,,
2406,1,1,10.025,10.025134274037555,completed,10.083298901095986,58.29890109598601,35.040863037109375
2407,2,1,10.029166666666667,10.029181894147769,completed,10.095871825003996,66.7051583373297,35.0590705871582
2408,3,0,10.033333333333333,10.033426681067795,completed,10.101096853148192,67.76351981485895,35.25001525878906
2409,0,0,10.0375,10.037541049998254,dropped_queue_full,,,
2410,1,0,10.041666666666666,10.041757836937904,dropped_queue_full,,,
2411,2,0,10.045833333333333,10.04591803601943,dropped_queue_full,,,
2412,3,1,10.05,10.050071184057742,dropped_queue_full,,,
2413,0,1,10.054166666666667,10.054234632058069,completed,10.109766136156395,55.59946948972794,35.18316650390625
2414,1,1,10.058333333333334,10.058361631119624,completed,10.120522568002343,62.18923466900961,35.202335357666016
2415,2,1,10.0625,10.062607529107481,completed,10.129037122940645,66.53712294064462,35.23068618774414
2416,3,0,10.066666666666666,10.066690798150375,completed,10.136294620111585,69.62795344491823,35.094783782958984
2417,0,0,10.070833333333333,10.070895726094022,dropped_queue_full,,,
2418,1,0,10.075,10.075080503942445,dropped_queue_full,,,
2419,2,0,10.079166666666666,10.079230261966586,dropped_queue_full,,,
2420,3,1,10.083333333333334,10.083459780085832,dropped_queue_full,,,
2421,0,1,10.0875,10.087547349045053,completed,10.145100272027776,57.60027202777529,35.144126892089844
2422,1,1,10.091666666666667,10.091690367087722,completed,10.15385525394231,62.188587275644025,35.15110397338867
2423,2,1,10.095833333333333,10.095866054994985,completed,10.162938653025776,67.10531969244293,35.087520599365234
2424,3,0,10.1,10.10014439211227,dropped_queue_full,,,
2425,0,0,10.104166666666666,10.104234721045941,dropped_queue_full,,,
2426,1,0,10.108333333333333,10.10838607000187,dropped_queue_full,,,
2427,2,0,10.1125,10.112592817982659,dropped_queue_full,,,
2428,3,1,10.116666666666667,10.116767676081508,completed,10.171457888092846,54.79122142617854,34.981407165527344
2429,0,1,10.120833333333334,10.120844785124063,completed,10.1829893020913,62.15596875796692,35.00668716430664
2430,1,1,10.125,10.125028623035178,completed,10.191307628992945,66.30762899294496,34.97792053222656
2431,2,1,10.129166666666666,10.129200140945613,completed,10.198081861017272,68.91519435060545,35.02819061279297
2432,3,0,10.133333333333333,10.133360069943592,dropped_queue_full,,,
2433,0,0,10.1375,10.137559877941385,dropped_queue_full,,,
2434,1,0,10.141666666666666,10.141811524983495,dropped_queue_full,,,
2435,2,0,10.145833333333334,10.145887993974611,dropped_queue_full,,,
2436,3,1,10.15,10.150076392106712,completed,10.20671912515536,56.71912515535915,35.04774475097656
2437,0,1,10.154166666666667,10.154302600072697,completed,10.216406407067552,62.239740400885424,35.15110397338867
2438,1,1,10.158333333333333,10.158372749108821,completed,10.224877563072369,66.54422973903529,35.258270263671875
2439,2,1,10.1625,10.162617236142978,dropped_queue_full,,,
2440,3,0,10.166666666666666,10.16669891611673,dropped_queue_full,,,
2441,0,0,10.170833333333333,10.170856253942475,dropped_queue_full,,,
2442,1,0,10.175,10.175071232020855,dropped_queue_full,,,
2443,2,0,10.179166666666667,10.179230839945376,completed,10.233552196063101,54.38552939643415,35.30633544921875
2444,3,1,10.183333333333334,10.183349999133497,completed,10.242086650105193,58.75331677185969,35.27376174926758
2445,0,1,10.1875,10.187573675997555,completed,10.254189779050648,66.68977905064821,35.31977462768555
2446,1,1,10.191666666666666,10.191786193987355,completed,10.259769723052159,68.10305638549252,35.15184020996094
2447,2,1,10.195833333333333,10.19591255299747,dropped_queue_full,,,
2448,3,0,10.2,10.20013080094941,dropped_queue_full,,,
2449,0,0,10.204166666666666,10.204233509022743,dropped_queue_full,,,
2450,1,0,10.208333333333334,10.208447366952896,dropped_queue_full,,,
2451,2,0,10.2125,10.212603125954047,completed,10.268767192959785,56.267192959785106,35.107521057128906
2452,3,1,10.216666666666667,10.216728453990072,completed,10.278863532003015,62.196865336348495,35.07606506347656
2453,0,1,10.220833333333333,10.220979681937024,completed,10.287217397941276,66.38406460794322,35.087806701660156
2454,1,1,10.225,10.225041711004451,completed,10.294921321095899,69.9213210958991,35.15555191040039
2455,2,1,10.229166666666666,10.229231368983164,dropped_queue_full,,,
2456,3,0,10.233333333333333,10.233388097025454,dropped_queue_full,,,
2457,0,0,10.2375,10.23760258499533,dropped_queue_full,,,
2458,1,0,10.241666666666667,10.241759613156319,dropped_queue_full,,,
2459,2,0,10.245833333333334,10.245862272102386,completed,10.304143368033692,58.31003470035867,35.200096130371094
2460,3,1,10.25,10.250138469040394,completed,10.31636951607652,66.36951607652009,35.28160095214844
2461,0,1,10.254166666666666,10.254185158992186,completed,10.321577554102987,67.41088743632062,35.257118225097656
2462,1,1,10.258333333333333,10.258355237077922,dropped_queue_full,,,
2463,2,1,10.2625,10.262601955095306,dropped_queue_full,,,
2464,3,0,10.266666666666666,10.266759653110057,dropped_queue_full,,,
2465,0,0,10.270833333333334,10.270916341105476,dropped_queue_full,,,
2466,1,0,10.275,10.27507356996648,completed,10.330297576030716,55.297576030715945,35.17366409301758
2467,2,0,10.279166666666667,10.279298057081178,completed,10.341409754939377,62.24308827271052,35.03091049194336
2468,3,1,10.283333333333333,10.283434696029872,completed,10.34959729295224,66.2639596189063,35.12895965576172
2469,0,1,10.2875,10.287539845099673,completed,10.356920399004593,69.42039900459385,35.21577453613281
2470,1,1,10.291666666666666,10.291786022018641,dropped_queue_full,,,
2471,2,1,10.295833333333333,10.295869451016188,dropped_queue_full,,,
2472,3,0,10.3,10.300075049046427,dropped_queue_full,,,
2473,0,0,10.304166666666667,10.30430368706584,dropped_queue_full,,,
2474,1,0,10.308333333333334,10.308448144933209,completed,10.365705071017146,57.37173768381254,35.231231689453125
2475,2,0,10.3125,10.312568953959271,completed,10.37466860213317,62.16860213316977,35.266239166259766
2476,3,1,10.316666666666666,10.31669020303525,completed,10.38346902304329,66.80235637662335,35.3067512512207
2477,0,1,10.320833333333333,10.32094375998713,dropped_queue_full,,,
2478,1,1,10.325,10.325027239043266,dropped_queue_full,,,
2479,2,1,10.329166666666666,10.329233047086746,dropped_queue_full,,,
2480,3,0,10.333333333333334,10.333447405137122,dropped_queue_full,,,
2481,0,0,10.3375,10.337603393010795,completed,10.392239216016605,54.73921601660514,35.22505569458008
2482,1,0,10.341666666666667,10.341730321990326,completed,10.40108806709759,59.42140043092259,35.235904693603516
2483,2,0,10.345833333333333,10.345850000157952,completed,10.412317844107747,66.48451077441386,35.05712127685547
2484,3,1,10.35,10.35007343813777,completed,10.418606921099126,68.6069210991267,35.011104583740234
2485,0,1,10.354166666666666,10.354272816097364,dropped_queue_full,,,
2486,1,1,10.358333333333333,10.358446483965963,dropped_queue_full,,,
2487,2,1,10.3625,10.362602353096008,dropped_queue_full,,,
2488,3,0,10.366666666666667,10.366762791061774,dropped_queue_full,,,
2489,0,0,10.370833333333334,10.370916869025677,completed,10.427402002969757,56.56866963642315,34.963966369628906
2490,1,0,10.375,10.375140696996823,completed,10.437208994990215,62.208994990214705,34.90422439575195
2491,2,0,10.379166666666666,10.379199306014925,completed,10.445491631980985,66.32496531431897,34.95769500732422
2492,3,1,10.383333333333333,10.383463744074106,completed,10.453703989973292,70.3706566399589,34.99907302856445
2493,0,1,10.3875,10.387566132005304,dropped_queue_full,,,
2494,1,1,10.391666666666666,10.391761739971116,dropped_queue_full,,,
2495,2,1,10.395833333333334,10.395847879117355,dropped_queue_full,,,
2496,3,0,10.4,10.400137295946479,dropped_queue_full,,,
2497,0,0,10.404166666666667,10.40422983514145,completed,10.462453522020951,58.28685535428413,34.878177642822266
2498,1,0,10.408333333333333,10.408360944129527,completed,10.474914157064632,66.58082373129837,34.841121673583984
2499,2,0,10.4125,10.412638931069523,completed,10.479873016942292,67.37301694229281,34.831966400146484
2500,3,1,10.416666666666666,10.416717499960214,dropped_queue_full,,,
2501,0,1,10.420833333333333,10.42091725813225,dropped_queue_full,,,
2502,1,1,10.425,10.425074946135283,dropped_queue_full,,,
2503,2,1,10.429166666666667,10.429290374042466,dropped_queue_full,,,
2504,3,0,10.433333333333334,10.433445543050766,completed,10.488613890018314,55.28055668498055,34.783424377441406
2505,0,0,10.4375,10.43753081210889,completed,10.499672058969736,62.1720589697361,34.825439453125
2506,1,0,10.441666666666666,10.441743680043146,completed,10.50823839311488,66.5717264482133,34.852352142333984
2507,2,0,10.445833333333333,10.445970586966723,completed,10.514868457103148,69.03512376981524,34.821537017822266
2508,3,1,10.45,10.450136024970561,dropped_queue_full,,,
2509,0,1,10.454166666666666,10.454292704118416,dropped_queue_full,,,
2510,1,1,10.458333333333334,10.45844737207517,dropped_queue_full,,,
2511,2,1,10.4625,10.462615370051935,dropped_queue_full,,,
2512,3,0,10.466666666666667,10.466700269142166,completed,10.52361041912809,56.94375246142336,34.87507247924805
2513,0,0,10.470833333333333,10.470980006968603,completed,10.532998375128955,62.165041795621434,34.7224006652832
2514,1,0,10.475,10.475079625146464,completed,10.541254471987486,66.25447198748624,34.898529052734375
2515,2,0,10.479166666666666,10.479235194157809,dropped_queue_full,,,
2516,3,1,10.483333333333333,10.483488511061296,dropped_queue_full,,,
2517,0,1,10.4875,10.487543910974637,dropped_queue_full,,,
2518,1,1,10.491666666666667,10.4917569081299,dropped_queue_full,,,
2519,2,1,10.495833333333334,10.495917627122253,completed,10.54986232612282,54.02899278948681,34.918174743652344
2520,3,0,10.5,10.500136984046549,completed,10.558615018147975,58.615018147975206,34.8540153503418
2521,0,0,10.504166666666666,10.504268903052434,completed,10.570477879140526,66.31121247385963,34.98457717895508
2522,1,0,10.508333333333333,10.508403121959418,completed,10.57624138193205,67.90804859871713,34.96063995361328
2523,2,0,10.5125,10.512530570151284,dropped_queue_full,,,
2524,3,1,10.516666666666666,10.516759168123826,dropped_queue_full,,,
2525,0,1,10.520833333333334,10.52097731595859,dropped_queue_full,,,
2526,1,1,10.525,10.525028625037521,dropped_queue_full,,,
2527,2,1,10.529166666666667,10.52923231315799,completed,10.5851395430509,55.97287638423332,35.1036491394043
2528,3,0,10.533333333333333,10.53347611008212,completed,10.595502999145538,62.1696658122044,35.038814544677734
2529,0,0,10.5375,10.53752131992951,completed,10.60390101512894,66.4010151289407,35.143680572509766
2530,1,0,10.541666666666666,10.541732148034498,completed,10.61145117902197,69.78451235530336,35.04908752441406
2531,2,0,10.545833333333333,10.545979185029864,dropped_queue_full,,,
2532,3,1,10.55,10.550133862998337,dropped_queue_full,,,
2533,0,1,10.554166666666667,10.554290951928124,dropped_queue_full,,,
2534,1,1,10.558333333333334,10.558448370080441,dropped_queue_full,,,
2535,2,1,10.5625,10.562531949020922,completed,10.620365730021149,57.86573002114892,35.114559173583984
2536,3,0,10.566666666666666,10.566753766965121,completed,10.629149331944063,62.482665277396876,35.158016204833984
2537,0,0,10.570833333333333,10.570956025039777,completed,10.637917743995786,67.08441066245285,35.07484817504883
2538,1,0,10.575,10.57513596303761,dropped_queue_full,,,
2539,2,0,10.579166666666666,10.579226412111893,dropped_queue_full,,,
2540,3,1,10.583333333333334,10.58358284807764,dropped_queue_full,,,
2541,0,1,10.5875,10.58760610804893,dropped_queue_full,,,
2542,1,1,10.591666666666667,10.59175888611935,completed,10.64670915598981,55.04248932314404,35.030303955078125
2543,2,1,10.595833333333333,10.595979793928564,completed,10.658054972067475,62.221638734142104,35.045406341552734
2544,3,0,10.6,10.600137042114511,completed,10.666381997987628,66.38199798762834,34.91459274291992
2545,0,0,10.604166666666666,10.604224120965227,completed,10.67287254310213,68.70587643546422,34.92591857910156
2546,1,0,10.608333333333333,10.608372939983383,dropped_queue_full,,,
2547,2,0,10.6125,10.612553808139637,dropped_queue_full,,,
2548,3,1,10.616666666666667,10.616759015945718,dropped_queue_full,,,
2549,0,1,10.620833333333334,10.620839484967291,dropped_queue_full,,,
2550,1,1,10.625,10.625137682072818,completed,10.681768644135445,56.768644135445356,34.932254791259766
2551,2,1,10.629166666666666,10.629312610020861,completed,10.691428337944672,62.26167127800508,34.88768005371094
2552,3,0,10.633333333333333,10.633394069038332,completed,10.699611915973946,66.27858264061359,34.82080078125
2553,0,0,10.6375,10.637597267050296,dropped_queue_full,,,
2554,1,0,10.641666666666666,10.641759565100074,dropped_queue_full,,,
2555,2,0,10.645833333333334,10.645916074048728,dropped_queue_full,,,
2556,3,1,10.65,10.65013332106173,dropped_queue_full,,,
2557,0,1,10.654166666666667,10.65429032011889,completed,10.707920672139153,53.7540054724861,34.78822326660156
2558,1,1,10.658333333333333,10.658375079045072,completed,10.716706814011559,58.373480678225675,34.79017639160156
2559,2,1,10.6625,10.662588627077639,completed,10.729046900989488,66.54690098948812,35.100223541259766
2560,3,0,10.666666666666666,10.66670157504268,completed,10.734568004962057,67.9013382953908,35.203006744384766
2561,0,0,10.670833333333333,10.67098032310605,dropped_queue_full,,,
2562,1,0,10.675,10.675073761027306,dropped_queue_full,,,
2563,2,0,10.679166666666667,10.679292899090797,dropped_queue_full,,,
2564,3,1,10.683333333333334,10.683344108983874,dropped_queue_full,,,
2565,0,1,10.6875,10.6876041861251,completed,10.743394467048347,55.894467048346996,35.36137771606445
2566,1,1,10.691666666666666,10.691749114077538,completed,10.753811571979895,62.144905313228804,35.37334442138672
2567,2,1,10.695833333333333,10.69585447316058,completed,10.762163709150627,66.3303758172944,35.06790542602539
2568,3,0,10.7,10.700093741063029,completed,10.769716453040019,69.71645304001939,34.9444465637207
2569,0,0,10.704166666666666,10.70417426014319,dropped_queue_full,,,
2570,1,0,10.708333333333334,10.708398276939988,dropped_queue_full,,,
2571,2,0,10.7125,10.712652344955131,dropped_queue_full,,,
2572,3,1,10.716666666666667,10.716700334101915,dropped_queue_full,,,
2573,0,1,10.720833333333333,10.720915931975469,completed,10.778396436013281,57.56310267994813,34.955902099609375
2574,1,1,10.725,10.725079389987513,completed,10.787377645960078,62.377645960078,34.916961669921875
2575,2,1,10.729166666666666,10.72920968895778,completed,10.79624632699415,67.0796603274848,34.95817565917969
2576,3,0,10.733333333333333,10.733462216099724,dropped_queue_full,,,
2577,0,0,10.7375,10.737543954979628,dropped_queue_full,,,
2578,1,0,10.741666666666667,10.741697513964027,dropped_queue_full,,,
2579,2,0,10.745833333333334,10.74590509198606,dropped_queue_full,,,
2580,3,1,10.75,10.750076570082456,completed,10.804934910032898,54.93491003289819,35.051937103271484
2581,0,1,10.754166666666666,10.754294668091461,completed,10.816448165103793,62.281498437126714,35.146240234375
2582,1,1,10.758333333333333,10.75835477700457,completed,10.824745991965756,66.41265863242296,35.14169692993164
2583,2,1,10.7625,10.76264162408188,completed,10.831450764089823,68.95076408982348,35.061248779296875
2584,3,0,10.766666666666666,10.766740822931752,dropped_queue_full,,,
2585,0,0,10.770833333333334,10.770980359986424,dropped_queue_full,,,
2586,1,0,10.775,10.775136179057881,dropped_queue_full,,,
2587,2,0,10.779166666666667,10.77918397798203,dropped_queue_full,,,
2588,3,1,10.783333333333333,10.783387325936928,completed,10.839983968995512,56.65063566217832,34.9780158996582
2589,0,1,10.7875,10.787542724050581,completed,10.849657582119107,62.1575821191076,35.00422286987305
2590,1,1,10.791666666666666,10.791816272074357,completed,10.858037607977167,66.3709413105007,35.014400482177734
2591,2,1,10.795833333333333,10.795924630016088,dropped_queue_full,,,
2592,3,0,10.8,10.800136358011514,dropped_queue_full,,,
2593,0,0,10.804166666666667,10.804295266978443,dropped_queue_full,,,
2594,1,0,10.808333333333334,10.80839723511599,dropped_queue_full,,,
2595,2,0,10.8125,10.812603813130409,completed,10.86655101296492,54.05101296491921,34.99897766113281
2596,3,1,10.816666666666666,10.816770112141967,completed,10.875240606022999,58.57393935633226,35.094974517822266
2597,0,1,10.820833333333333,10.820853790966794,completed,10.88768765097484,66.85431764150707,35.0813102722168
2598,1,1,10.825,10.825070148101076,completed,10.892902418971062,67.90241897106242,35.13801574707031
2599,2,1,10.829166666666666,10.829296756070107,dropped_queue_full,,,
2600,3,0,10.833333333333334,10.833361455006525,dropped_queue_full,,,
2601,0,0,10.8375,10.837544583017007,dropped_queue_full,,,
2602,1,0,10.841666666666667,10.841670802095905,dropped_queue_full,,,
2603,2,0,10.845833333333333,10.845857759937644,completed,10.901869748951867,56.03641561853401,35.10063934326172
2604,3,1,10.85,10.850137386936694,completed,10.912258865078911,62.25886507891154,35.28287887573242
2605,0,1,10.854166666666666,10.854227076051757,completed,10.920917317969725,66.75065130305846,35.31897735595703
2606,1,1,10.858333333333333,10.858358675148338,completed,10.928401432931423,70.06809959809068,35.23699188232422
2607,2,1,10.8625,10.862512743100524,dropped_queue_full,,,
2608,3,0,10.866666666666667,10.866711341077462,dropped_queue_full,,,
2609,0,0,10.870833333333334,10.870917299063876,dropped_queue_full,,,
2610,1,0,10.875,10.875074096955359,dropped_queue_full,,,
2611,2,0,10.879166666666666,10.879291305085644,completed,10.937238093931228,58.07142726456149,35.20761489868164
2612,3,1,10.883333333333333,10.883411284070462,completed,10.945985306985676,62.65197365234343,35.12470245361328
2613,0,1,10.8875,10.887683001114056,completed,10.954833328025416,67.33332802541625,35.12278366088867
2614,1,1,10.891666666666666,10.891796600073576,dropped_queue_full,,,
2615,2,1,10.895833333333334,10.895856498973444,dropped_queue_full,,,
2616,3,0,10.9,10.900134566007182,dropped_queue_full,,,
2617,0,0,10.904166666666667,10.904225494945422,dropped_queue_full,,,
2618,1,0,10.908333333333333,10.908385474001989,completed,10.963607819983736,55.274486650402466,35.08860778808594
2619,2,0,10.9125,10.912580052157864,completed,10.974654159974307,62.15415997430718,35.193504333496094
2620,3,1,10.916666666666666,10.916887348052114,completed,10.983066265005618,66.39959833895226,35.048927307128906
2621,0,1,10.920833333333333,10.920912737958133,completed,10.989867757074535,69.03442374120239,34.96860885620117
2622,1,1,10.925,10.925107456045225,dropped_queue_full,,,
2623,2,1,10.929166666666667,10.929192725103348,dropped_queue_full,,,
2624,3,0,10.933333333333334,10.933388153091073,dropped_queue_full,,,
2625,0,0,10.9375,10.937555351061746,dropped_queue_full,,,
2626,1,0,10.941666666666666,10.941688949940726,completed,10.998552419943735,56.885753277068574,34.88886260986328
2627,2,0,10.945833333333333,10.945980757009238,completed,11.008120854152367,62.28752081903366,34.909950256347656
2628,3,1,10.95,10.950103535084054,completed,11.016350192017853,66.35019201785397,34.84809494018555
2629,0,1,10.954166666666666,10.954199254047126,dropped_queue_full,,,
2630,1,1,10.958333333333334,10.958385822130367,dropped_queue_full,,,
2631,2,1,10.9625,10.962543450994417,dropped_queue_full,,,
2632,3,0,10.966666666666667,10.966698308940977,dropped_queue_full,,,
2633,0,0,10.970833333333333,10.970857657957822,completed,11.024980535032228,54.14720169889442,34.93180847167969
2634,1,0,10.975,10.975135545013472,completed,11.033712668111548,58.71266811154818,35.037567138671875
2635,2,0,10.979166666666666,10.979235694045201,completed,11.045645717997104,66.47905133043785,34.98444747924805
2636,3,1,10.983333333333333,10.983387131942436,completed,11.051687928149477,68.35459481614414,35.43417739868164
2637,0,1,10.9875,10.987529051024467,dropped_queue_full,,,
2638,1,1,10.991666666666667,10.991760527947918,dropped_queue_full,,,
2639,2,1,10.995833333333334,10.99591482593678,dropped_queue_full,,,
2640,3,0,11.0,11.000134694157168,dropped_queue_full,,,
2641,0,0,11.004166666666666,11.004289373056963,completed,11.0605166091118,56.34994244513436,35.318912506103516
2642,1,0,11.008333333333333,11.00844174111262,completed,11.070453169988468,62.11983665513543,35.30108642578125
2643,2,0,11.0125,11.012542960001156,completed,11.078873315127566,66.37331512756717,35.345184326171875
2644,3,1,11.016666666666666,11.016672308091074,completed,11.08670263714157,70.03597047490473,34.84975814819336
2645,0,1,11.020833333333334,11.020951085956767,dropped_queue_full,,,
2646,1,1,11.025,11.025142003083602,dropped_queue_full,,,
2647,2,1,11.029166666666667,11.029223473044112,dropped_queue_full,,,
2648,3,0,11.033333333333333,11.033390131080523,dropped_queue_full,,,
2649,0,0,11.0375,11.03760647913441,completed,11.095549558056518,58.04955805651879,35.01116943359375
2650,1,0,11.041666666666666,11.041697887936607,completed,11.108053343137726,66.38667647106011,35.06828689575195
2651,2,0,11.045833333333333,11.045966335106641,completed,11.113555097952485,67.72176461915258,35.18297576904297
2652,3,1,11.05,11.050053514074534,dropped_queue_full,,,
2653,0,1,11.054166666666667,11.054291551932693,dropped_queue_full,,,
2654,1,1,11.058333333333334,11.0584688000381,dropped_queue_full,,,
2655,2,1,11.0625,11.062543279025704,dropped_queue_full,,,
2656,3,0,11.066666666666666,11.066698277136311,completed,11.122140442021191,55.47377535452469,35.15974426269531
2657,0,0,11.070833333333333,11.07093130494468,completed,11.133061012020335,62.22767868700174,35.14963150024414
2658,1,0,11.075,11.07513787294738,completed,11.141564626945183,66.56462694518339,35.004608154296875
2659,2,0,11.079166666666666,11.079193642130122,completed,11.148453338071704,69.28667140503819,34.854305267333984
2660,3,1,11.083333333333334,11.083407300058752,dropped_queue_full,,,
2661,0,1,11.0875,11.087630747118965,dropped_queue_full,,,
2662,1,1,11.091666666666667,11.09170166705735,dropped_queue_full,,,
2663,2,1,11.095833333333333,11.095867994939908,dropped_queue_full,,,
2664,3,0,11.1,11.10007549310103,completed,11.1571410309989,57.14103099890089,34.89379119873047
2665,0,0,11.104166666666666,11.104290720075369,completed,11.16641782806255,62.25116139588316,35.049278259277344
2666,1,0,11.108333333333333,11.108374040108174,completed,11.17478579399176,66.45246065842692,35.133056640625
2667,2,0,11.1125,11.11260404693894,dropped_queue_full,,,
2668,3,1,11.116666666666667,11.116712256101891,dropped_queue_full,,,
2669,0,1,11.120833333333334,11.120918934000656,dropped_queue_full,,,
2670,1,1,11.125,11.125134922098368,dropped_queue_full,,,
2671,2,1,11.129166666666666,11.12928986013867,completed,11.183870712993667,54.7040463270001,35.183006286621094
2672,3,0,11.133333333333333,11.13338358909823,completed,11.192610866157338,59.27753282400516,35.30732727050781
2673,0,0,11.1375,11.137561317067593,completed,11.203915232094005,66.41523209400546,35.22470474243164
2674,1,0,11.141666666666666,11.141730985138565,completed,11.210140709998086,68.47404333142038,35.154945373535156
2675,2,0,11.145833333333334,11.145924702985212,dropped_queue_full,,,
2676,3,1,11.15,11.150134351104498,dropped_queue_full,,,
2677,0,1,11.154166666666667,11.154230949934572,dropped_queue_full,,,
2678,1,1,11.158333333333333,11.15844852803275,dropped_queue_full,,,
2679,2,1,11.1625,11.162603345932439,completed,11.21913998015225,56.63998015224969,35.15180969238281
2680,3,0,11.166666666666666,11.1667395750992,completed,11.229205559007823,62.53889234115739,34.890846252441406
2681,0,0,11.170833333333333,11.170846213120967,completed,11.237418956123292,66.58562278995994,34.956382751464844
2682,1,0,11.175,11.175104671157897,completed,11.245241218013689,70.24121801368821,34.97673416137695
2683,2,0,11.179166666666667,11.17923237895593,dropped_queue_full,,,
2684,3,1,11.183333333333334,11.183388998033479,dropped_queue_full,,,
2685,0,1,11.1875,11.187789034098387,dropped_queue_full,,,
2686,1,1,11.191666666666666,11.19170309510082,dropped_queue_full,,,
2687,2,1,11.195833333333333,11.195914512034506,completed,11.254300757078454,58.46742374512104,35.0120964050293
2688,3,0,11.2,11.20003913110122,completed,11.26640778593719,66.40778593719077,35.101951599121094
2689,0,0,11.204166666666666,11.204237889032811,completed,11.271728463005275,67.56179633860881,35.13148880004883
2690,1,0,11.208333333333334,11.208431827137247,dropped_queue_full,,,
2691,2,0,11.2125,11.212656415067613,dropped_queue_full,,,
2692,3,1,11.216666666666667,11.21670133410953,dropped_queue_full,,,
2693,0,1,11.220833333333333,11.220868472009897,dropped_queue_full,,,
2694,1,1,11.225,11.225134789943695,completed,11.280455264961347,55.45526496134734,35.046142578125
2695,2,1,11.229166666666666,11.229198649059981,completed,11.29166032304056,62.49365637389381,34.98249435424805
2696,3,0,11.233333333333333,11.233381967060268,completed,11.299640303011984,66.30696967865113,34.914527893066406
2697,0,0,11.2375,11.237584225134924,completed,11.306767722126096,69.26772212609578,34.942176818847656
2698,1,0,11.241666666666667,11.241775172995403,dropped_queue_full,,,
2699,2,0,11.245833333333334,11.245872552040964,dropped_queue_full,,,
2700,3,1,11.25,11.25013202894479,dropped_queue_full,,,
2701,0,1,11.254166666666666,11.254291797056794,dropped_queue_full,,,
2702,1,1,11.258333333333333,11.258446746040136,completed,11.315609973156825,57.27663982349185,35.00076675415039
2703,2,1,11.2625,11.262609224068001,completed,11.324690921930596,62.19092193059694,35.063358306884766
2704,3,0,11.266666666666666,11.266728243092075,completed,11.333295986056328,66.6293193896621,35.083038330078125
2705,0,0,11.270833333333334,11.270864631049335,dropped_queue_full,,,
2706,1,0,11.275,11.27513766894117,dropped_queue_full,,,
2707,2,0,11.279166666666667,11.279232867993414,dropped_queue_full,,,
2708,3,1,11.283333333333333,11.283445875160396,dropped_queue_full,,,
2709,0,1,11.2875,11.287601314019412,completed,11.341920629143715,54.42062914371526,35.02534484863281
2710,1,1,11.291666666666666,11.291824050946161,completed,11.350771320983768,59.104654317101435,34.9736328125
2711,2,1,11.295833333333333,11.295893291011453,completed,11.362451524008065,66.61819067473296,35.105857849121094
2712,3,0,11.3,11.300116598140448,completed,11.368453113129362,68.45311312936175,35.173343658447266
2713,0,0,11.304166666666667,11.304297226015478,dropped_queue_full,,,
2714,1,0,11.308333333333334,11.30833848612383,dropped_queue_full,,,
2715,2,0,11.3125,11.312543513951823,dropped_queue_full,,,
2716,3,1,11.316666666666666,11.31671116198413,dropped_queue_full,,,
2717,0,1,11.320833333333333,11.320916709955782,completed,11.377234864979982,56.40153164664952,35.206912994384766
2718,1,1,11.325,11.325137477135286,completed,11.38728677504696,62.28677504696023,35.221248626708984
2719,2,1,11.329166666666666,11.329179227119312,completed,11.395818069111556,66.6514024448901,34.98191833496094
2720,3,0,11.333333333333334,11.333455694140866,completed,11.403614880982786,70.28154764945249,34.91996765136719
2721,0,0,11.3375,11.337569513125345,dropped_queue_full,,,
2722,1,0,11.341666666666667,11.341757901012897,dropped_queue_full,,,
2723,2,0,11.345833333333333,11.345847680000588,dropped_queue_full,,,
2724,3,1,11.35,11.35013460693881,dropped_queue_full,,,
2725,0,1,11.354166666666666,11.354228405980393,completed,11.41229613404721,58.12946738054414,34.943904876708984
2726,1,1,11.358333333333333,11.35846118396148,completed,11.424891978036612,66.55864470327977,34.89286422729492
2727,2,1,11.3625,11.362615212099627,completed,11.430098086129874,67.59808612987328,34.872737884521484
2728,3,0,11.366666666666667,11.366764649981633,dropped_queue_full,,,
2729,0,0,11.370833333333334,11.370917889056727,dropped_queue_full,,,
2730,1,0,11.375,11.375074237119406,dropped_queue_full,,,
2731,2,0,11.379166666666666,11.379228115081787,dropped_queue_full,,,
2732,3,1,11.383333333333333,11.383389794034883,completed,11.438610940007493,55.27760667416004,34.79555130004883
2733,0,1,11.3875,11.38760987110436,completed,11.449721029028296,62.22102902829718,34.86150360107422
2734,1,1,11.391666666666666,11.391798848984763,completed,11.458011795999482,66.34512933281655,34.899967193603516
2735,2,1,11.395833333333334,11.395983617985621,completed,11.46507915505208,69.24582171874683,34.9345588684082
2736,3,0,11.4,11.400163216050714,dropped_queue_full,,,
2737,0,0,11.404166666666667,11.404248115140945,dropped_queue_full,,,
2738,1,0,11.408333333333333,11.408446643035859,dropped_queue_full,,,
2739,2,0,11.4125,11.412615901092067,dropped_queue_full,,,
2740,3,1,11.416666666666666,11.416702209971845,completed,11.47391674714163,57.25008047496338,35.17206573486328
2741,0,1,11.420833333333333,11.420980816939846,completed,11.483068175148219,62.234841814886366,35.20393753051758
2742,1,1,11.425,11.425056266132742,completed,11.491571790073067,66.57179007306624,35.1993293762207
2743,2,1,11.429166666666667,11.429303443990648,dropped_queue_full,,,
2744,3,0,11.433333333333334,11.433390252990648,dropped_queue_full,,,
2745,0,0,11.4375,11.43754311115481,dropped_queue_full,,,
2746,1,0,11.441666666666666,11.441749269142747,dropped_queue_full,,,
2747,2,0,11.445833333333333,11.445919257123023,completed,11.500453321030363,54.61998769703058,35.197662353515625
2748,3,1,11.45,11.450043246150017,completed,11.509241733001545,59.24173300154578,35.2196159362793
2749,0,1,11.454166666666666,11.454257674049586,completed,11.520560469012707,66.39380234604175,35.212127685546875
2750,1,1,11.458333333333334,11.458488720934838,completed,11.526742407120764,68.40907378743033,35.20684814453125
2751,2,1,11.4625,11.462592490017414,dropped_queue_full,,,
2752,3,0,11.466666666666667,11.466695558978245,dropped_queue_full,,,
2753,0,0,11.470833333333333,11.470854877028614,dropped_queue_full,,,
2754,1,0,11.475,11.475134423933923,dropped_queue_full,,,
2755,2,0,11.479166666666666,11.47929211310111,completed,11.535869806073606,56.70313940693994,35.237022399902344
2756,3,1,11.483333333333333,11.483390492154285,completed,11.545617047930136,62.28371459680382,35.11769485473633
2757,0,1,11.4875,11.487610768992454,completed,11.553862855071202,66.36285507120121,35.152671813964844
2758,1,1,11.491666666666667,11.491735458141193,completed,11.562077273149043,70.41060648237618,35.131839752197266
2759,2,1,11.495833333333334,11.495977526064962,dropped_queue_full,,,
2760,3,0,11.5,11.500132284127176,dropped_queue_full,,,
2761,0,0,11.504166666666666,11.504221223061904,dropped_queue_full,,,
2762,1,0,11.508333333333333,11.508445451036096,dropped_queue_full,,,
2763,2,0,11.5125,11.512545940000564,completed,11.57108077313751,58.58077313751053,35.07344055175781
2764,3,1,11.516666666666666,11.516791987000033,completed,11.582935563987121,66.26889732045527,34.90412902832031
2765,0,1,11.520833333333334,11.520883545977995,completed,11.588378590065986,67.54525673265199,34.85628890991211
2766,1,1,11.525,11.525142253143713,dropped_queue_full,,,
2767,2,1,11.529166666666667,11.529234402114525,dropped_queue_full,,,
2768,3,0,11.533333333333333,11.533390701049939,dropped_queue_full,,,
2769,0,0,11.5375,11.53760659811087,dropped_queue_full,,,
2770,1,0,11.541666666666666,11.541761357104406,completed,11.597087091999128,55.420425332462386,34.86355209350586
2771,2,0,11.545833333333333,11.545938685070723,completed,11.608078541932628,62.245208599295054,34.91948699951172
2772,3,1,11.55,11.550139012979344,completed,11.616336490027606,66.33649002760578,34.9923210144043
2773,0,1,11.554166666666667,11.554299440933391,completed,11.62360895704478,69.44229037811311,35.099361419677734
2774,1,1,11.558333333333334,11.558352940017357,dropped_queue_full,,,
2775,2,1,11.5625,11.562553487950936,dropped_queue_full,,,
2776,3,0,11.566666666666666,11.566760986112058,dropped_queue_full,,,
2777,0,0,11.570833333333333,11.570914244977757,dropped_queue_full,,,
2778,1,0,11.575,11.575075213098899,completed,11.63229914009571,57.299140095711465,35.09689712524414
2779,2,0,11.579166666666666,11.579178142128512,completed,11.641433577984571,62.26691131790574,35.00067138671875
2780,3,1,11.583333333333334,11.583412169944495,completed,11.649940513074398,66.60717974106412,35.05830383300781
2781,0,1,11.5875,11.58752446807921,dropped_queue_full,,,
2782,1,1,11.591666666666667,11.591762945987284,dropped_queue_full,,,
2783,2,1,11.595833333333333,11.595861005131155,dropped_queue_full,,,
2784,3,0,11.6,11.60007239296101,dropped_queue_full,,,
2785,0,0,11.604166666666666,11.604229890974239,completed,11.658698834944516,54.532168277850346,35.061439514160156
2786,1,0,11.608333333333333,11.6083993089851,completed,11.667454647133127,59.12131379979435,35.05887985229492
2787,2,0,11.6125,11.612535007996485,completed,11.679131820099428,66.63182009942759,35.04246520996094
2788,3,1,11.616666666666667,11.616813755128533,completed,11.685142579954118,68.4759132874504,35.083614349365234
2789,0,1,11.620833333333334,11.62092824303545,dropped_queue_full,,,
2790,1,1,11.625,11.625033592106774,dropped_queue_full,,,
2791,2,1,11.629166666666666,11.629234679974616,dropped_queue_full,,,
2792,3,0,11.633333333333333,11.633401497965679,dropped_queue_full,,,
2793,0,0,11.6375,11.637608826160431,completed,11.693924091989174,56.424091989175196,35.11884689331055
2794,1,0,11.641666666666666,11.641754755051807,completed,11.70386761194095,62.200945274284436,35.1376953125
2795,2,0,11.645833333333334,11.645860153948888,completed,11.712307498091832,66.47416475849788,35.11199951171875
2796,3,1,11.65,11.650099961087108,completed,11.720350087154657,70.3500871546563,34.9936637878418
2797,0,1,11.654166666666667,11.654297678964213,dropped_queue_full,,,
2798,1,1,11.658333333333333,11.658379598055035,dropped_queue_full,,,
2799,2,1,11.6625,11.662543557118624,dropped_queue_full,,,
2800,3,0,11.666666666666666,11.666699544992298,dropped_queue_full,,,
2801,0,0,11.670833333333333,11.670906843151897,completed,11.729141879128292,58.3085457949597,35.005374908447266
2802,1,0,11.675,11.675136120058596,completed,11.741397636011243,66.39763601124216,35.163265228271484
2803,2,0,11.679166666666667,11.679295459063724,completed,11.746929140994325,67.76247432765814,35.02809524536133
2804,3,1,11.683333333333334,11.683416947023943,dropped_queue_full,,,
2805,0,1,11.6875,11.687543455976993,dropped_queue_full,,,
2806,1,1,11.691666666666666,11.691761133959517,dropped_queue_full,,,
2807,2,1,11.695833333333333,11.695919221965596,dropped_queue_full,,,
2808,3,0,11.7,11.700072290142998,completed,11.755767702125013,55.767702125013585,35.299007415771484
2809,0,0,11.704166666666666,11.70418897899799,completed,11.766356515930966,62.18984926429982,35.270111083984375
2810,1,0,11.708333333333334,11.708479325985536,completed,11.774644663091749,66.31132975841503,35.180606842041016
2811,2,0,11.7125,11.7126293850597,completed,11.782139308052137,69.63930805213714,35.15647888183594
2812,3,1,11.716666666666667,11.71672035404481,dropped_queue_full,,,
2813,0,1,11.720833333333333,11.720979230944067,dropped_queue_full,,,
2814,1,1,11.725,11.725085870129988,dropped_queue_full,,,
2815,2,1,11.729166666666666,11.729302928084508,dropped_queue_full,,,
2816,3,0,11.733333333333333,11.73339142696932,completed,11.791083838092163,57.7505047588307,35.15139389038086
2817,0,0,11.7375,11.737636114005,completed,11.799790621036664,62.29062103666294,35.162078857421875
2818,1,0,11.741666666666667,11.741718942997977,completed,11.808564692968503,66.8980263018355,35.08329772949219
2819,2,0,11.745833333333334,11.745980679988861,dropped_queue_full,,,
2820,3,1,11.75,11.750075238989666,dropped_queue_full,,,
2821,0,1,11.754166666666666,11.754234157968313,dropped_queue_full,,,
2822,1,1,11.758333333333333,11.758437206037343,dropped_queue_full,,,
2823,2,1,11.7625,11.762602783972397,completed,11.817399634979665,54.89963497966599,35.058143615722656
2824,3,0,11.766666666666666,11.766678093001246,completed,11.829125137068331,62.45847040166552,35.121856689453125
2825,0,0,11.770833333333334,11.77090108115226,completed,11.837476204149425,66.6428708160911,35.05503845214844
2826,1,0,11.775,11.775122488150373,completed,11.843978828983381,68.97882898338104,35.16969680786133
2827,2,0,11.779166666666667,11.779186018044129,dropped_queue_full,,,
2828,3,1,11.783333333333333,11.783397855004296,dropped_queue_full,,,
2829,0,1,11.7875,11.7875813129358,dropped_queue_full,,,
2830,1,1,11.791666666666666,11.79171546199359,dropped_queue_full,,,
2831,2,1,11.795833333333333,11.79597793915309,completed,11.852860898943618,57.027565610285436,35.21180725097656
2832,3,0,11.8,11.800114018144086,completed,11.862520643044263,62.520643044262414,35.280670166015625
2833,0,0,11.804166666666667,11.804202917031944,completed,11.870734630152583,66.56796348591598,35.305057525634766
2834,1,0,11.808333333333334,11.8083997850772,dropped_queue_full,,,
2835,2,0,11.8125,11.812602383084595,dropped_queue_full,,,
2836,3,1,11.816666666666666,11.8167617211584,dropped_queue_full,,,
2837,0,1,11.820833333333333,11.820870770141482,dropped_queue_full,,,
2838,1,1,11.825,11.825079147936776,completed,11.879396324045956,54.396324045956845,35.28022384643555
2839,2,1,11.829166666666666,11.829288446111605,completed,11.888573382049799,59.406715383133246,35.28633499145508
2840,3,0,11.833333333333334,11.833469294011593,completed,11.899719210108742,66.38587677540819,35.25993728637695
2841,0,0,11.8375,11.837640831945464,completed,11.905864028027281,68.36402802728081,35.217376708984375
2842,1,0,11.841666666666667,11.841805570060387,dropped_queue_full,,,
2843,2,0,11.845833333333333,11.845866359071806,dropped_queue_full,,,
2844,3,1,11.85,11.850074577145278,dropped_queue_full,,,
2845,0,1,11.854166666666666,11.8542406859342,dropped_queue_full,,,
2846,1,1,11.858333333333333,11.858449392952025,completed,11.914765808964148,56.43247563081566,35.176353454589844
2847,2,1,11.8625,11.86251378315501,completed,11.924827688140795,62.327688140793924,35.08163070678711
2848,3,0,11.866666666666667,11.8666995910462,completed,11.933174285106361,66.50761843969377,35.0906867980957
2849,0,0,11.870833333333334,11.870899538975209,completed,11.94107616506517,70.24283173183576,35.030975341796875
2850,1,0,11.875,11.875065657077357,dropped_queue_full,,,
2851,2,0,11.879166666666666,11.87923183501698,dropped_queue_full,,,
2852,3,1,11.883333333333333,11.883447843138129,dropped_queue_full,,,
2853,0,1,11.8875,11.887604760937393,dropped_queue_full,,,
2854,1,1,11.891666666666666,11.891700850101188,completed,11.949984226142988,58.31755947632189,35.09596633911133
2855,2,1,11.895833333333334,11.895867079030722,completed,11.962221283931285,66.38795059795122,35.163169860839844
2856,3,0,11.9,11.900040357140824,completed,11.967700689099729,67.7006890997287,35.20832061767578
2857,0,0,11.904166666666667,11.904296044027433,dropped_queue_full,,,
2858,1,0,11.908333333333333,11.908447721973062,dropped_queue_full,,,
2859,2,0,11.9125,11.912604240933433,dropped_queue_full,,,
2860,3,1,11.916666666666666,11.916760138934478,dropped_queue_full,,,
2861,0,1,11.920833333333333,11.920919307041913,completed,11.976452181115746,55.618847782413994,35.17228698730469
2862,1,1,11.925,11.925142045132816,completed,11.987145903985947,62.14590398594666,35.35279846191406
2863,2,1,11.929166666666667,11.929199133999646,completed,11.995460310950875,66.29364428420814,35.24486541748047
2864,3,0,11.933333333333334,11.933337162947282,completed,12.002978925127536,69.64559179420249,35.20988845825195
2865,0,0,11.9375,11.937611910048872,dropped_queue_full,,,
2866,1,0,11.941666666666666,11.941707919118926,dropped_queue_full,,,
2867,2,0,11.945833333333333,11.945859357016161,dropped_queue_full,,,
2868,3,1,11.95,11.950143974972889,dropped_queue_full,,,
2869,0,1,11.954166666666666,11.954217924037948,completed,12.011730577098206,57.563910431539966,35.25507354736328
2870,1,1,11.958333333333334,11.958424241980538,completed,12.020777716999874,62.44438366653959,35.161888122558594
2871,2,1,11.9625,11.962541240034625,completed,12.029432520037517,66.9325200375166,35.0252799987793
2872,3,0,11.966666666666667,11.966753107961267,dropped_queue_full,,,
2873,0,0,11.970833333333333,11.97091839602217,dropped_queue_full,,,
2874,1,0,11.975,11.975075155030936,dropped_queue_full,,,
2875,2,0,11.979166666666666,11.97923122299835,dropped_queue_full,,,
2876,3,1,11.983333333333333,11.983384581981227,completed,12.038243521936238,54.91018860290531,35.09328079223633
2877,0,1,11.9875,11.987623509019613,completed,12.049829896073788,62.329896073787694,35.04646301269531
2878,1,1,11.991666666666667,11.991705148015171,completed,12.058236001990736,66.56933532406839,35.04851150512695
2879,2,1,11.995833333333334,11.99593745614402,completed,12.064509548945352,68.67621561201886,35.03993606567383
2880,3,0,12.0,12.000140414107591,dropped_queue_full,,,
2881,0,0,12.004166666666666,12.004238343099132,dropped_queue_full,,,
2882,1,0,12.008333333333333,12.008387451060116,dropped_queue_full,,,
2883,2,0,12.0125,12.012518459931016,dropped_queue_full,,,
2884,3,1,12.016666666666666,12.01670085801743,completed,12.073454729048535,56.78806238186951,35.08208084106445
2885,0,1,12.020833333333334,12.02093836502172,completed,12.083096741931513,62.263408598179026,35.08860778808594
2886,1,1,12.025,12.025114783085883,completed,12.091777974972501,66.77797497250104,35.059871673583984
2887,2,1,12.029166666666667,12.029267402132973,dropped_queue_full,,,
2888,3,0,12.033333333333333,12.033447030000389,dropped_queue_full,,,
2889,0,0,12.0375,12.037604548037052,dropped_queue_full,,,
2890,1,0,12.041666666666666,12.041701747104526,dropped_queue_full,,,
2891,2,0,12.045833333333333,12.045857126126066,completed,12.099926704075187,54.09337074185494,35.104671478271484
2892,3,1,12.05,12.0501431429293,completed,12.108717015944421,58.71701594442058,35.161502838134766
2893,0,1,12.054166666666667,12.054240592056885,completed,12.120475318050012,66.30865138334485,35.21510314941406
2894,1,1,12.058333333333334,12.05840091011487,completed,12.126565447077155,68.23211374382154,35.2125129699707
2895,2,1,12.0625,12.062618168070912,dropped_queue_full,,,
2896,3,0,12.066666666666666,12.066707547055557,dropped_queue_full,,,
2897,0,0,12.070833333333333,12.070860804989934,dropped_queue_full,,,
2898,1,0,12.075,12.075134261976928,dropped_queue_full,,,
2899,2,0,12.079166666666666,12.079292899928987,completed,12.135082221124321,55.9155544576555,35.13078308105469
2900,3,1,12.083333333333334,12.083420199109241,completed,12.145556226139888,62.22289280655424,35.141632080078125
2901,0,1,12.0875,12.08773723593913,completed,12.153909303015098,66.40930301509762,35.033599853515625
2902,1,1,12.091666666666667,12.091772695071995,completed,12.16176473395899,70.0980672923226,35.06732940673828
2903,2,1,12.095833333333333,12.095985853113234,dropped_queue_full,,,
2904,3,0,12.1,12.100088401930407,dropped_queue_full,,,
2905,0,0,12.104166666666666,12.104186251061037,dropped_queue_full,,,
2906,1,0,12.108333333333333,12.108392489142716,dropped_queue_full,,,
2907,2,0,12.1125,12.112547787139192,completed,12.170301478123292,57.801478123291616,35.06291198730469
2908,3,1,12.116666666666667,12.116693346062675,completed,12.179087789962068,62.42112329540106,34.995391845703125
2909,0,1,12.120833333333334,12.120953792938963,completed,12.187688484089449,66.85515075611548,34.948543548583984
2910,1,1,12.125,12.125144300982356,dropped_queue_full,,,
2911,2,1,12.129166666666666,12.129235210129991,dropped_queue_full,,,
2912,3,0,12.133333333333333,12.133391838055104,dropped_queue_full,,,
2913,0,0,12.1375,12.137592816026881,dropped_queue_full,,,
2914,1,0,12.141666666666666,12.141761725069955,completed,12.196709573967382,55.04290730071659,34.79072189331055
2915,2,0,12.145833333333334,12.145876713097095,completed,12.208077610004693,62.244276671359344,34.94700622558594
2916,3,1,12.15,12.150137121090665,completed,12.216633904026821,66.6339040268209,34.864288330078125
2917,0,1,12.154166666666667,12.154230189975351,completed,12.222764743026346,68.59807635967918,34.97462463378906
2918,1,1,12.158333333333333,12.158378188032657,dropped_queue_full,,,
2919,2,1,12.1625,12.162553226109594,dropped_queue_full,,,
2920,3,0,12.166666666666666,12.166762734064832,dropped_queue_full,,,
2921,0,0,12.170833333333333,12.170932241948321,dropped_queue_full,,,
2922,1,0,12.175,12.175134370103478,completed,12.231769033009186,56.76903300918568,34.970176696777344
2923,2,0,12.179166666666667,12.179247779073194,completed,12.241352247074246,62.185580407579266,34.69375991821289
2924,3,1,12.183333333333334,12.183478356106207,completed,12.249724983004853,66.39164967151956,34.888607025146484
2925,0,1,12.1875,12.187525096116588,dropped_queue_full,,,
2926,1,1,12.191666666666666,12.191701604053378,dropped_queue_full,,,
2927,2,1,12.195833333333333,12.19591479212977,dropped_queue_full,,,
2928,3,0,12.2,12.20013639004901,dropped_queue_full,,,
2929,0,0,12.204166666666666,12.20428912807256,completed,12.257753242040053,53.58657537338729,34.85289764404297
2930,1,0,12.208333333333334,12.208398286951706,completed,12.266772601986304,58.43926865297,34.83001708984375
2931,2,0,12.2125,12.21263408404775,completed,12.278932420071214,66.43242007121408,34.88739013671875
2932,3,1,12.216666666666667,12.21679795300588,completed,12.284140818053856,67.4741513871897,34.90031814575195
2933,0,1,12.220833333333333,12.220916011137888,dropped_queue_full,,,
2934,1,1,12.225,12.225135639077052,dropped_queue_full,,,
2935,2,1,12.229166666666666,12.229291007155553,dropped_queue_full,,,
2936,3,0,12.233333333333333,12.233343467116356,dropped_queue_full,,,
2937,0,0,12.2375,12.237542354967445,completed,12.292850390076637,55.35039007663656,34.901119232177734
2938,1,0,12.241666666666667,12.241672903066501,completed,12.303925410145894,62.25874347922655,34.85865783691406
2939,2,0,12.245833333333334,12.245940750930458,completed,12.312165807001293,66.33247366795914,34.77561569213867
2940,3,1,12.25,12.250045739114285,completed,12.319082518108189,69.0825181081891,34.87468719482422
2941,0,1,12.254166666666666,12.254296257160604,dropped_queue_full,,,
2942,1,1,12.258333333333333,12.258386485977098,dropped_queue_full,,,
2943,2,1,12.2625,12.26255479408428,dropped_queue_full,,,
2944,3,0,12.266666666666666,12.266765722073615,dropped_queue_full,,,
2945,0,0,12.270833333333334,12.270857790950686,completed,12.327767251059413,56.93391772607903,34.808128356933594
2946,1,0,12.275,12.27512347814627,completed,12.337177606066689,62.17760606668854,34.80598449707031
2947,2,0,12.279166666666667,12.279253777116537,completed,12.345551713136956,66.38504647028931,34.86921691894531
2948,3,1,12.283333333333333,12.283361056121066,dropped_queue_full,,,
2949,0,1,12.2875,12.287541604135185,dropped_queue_full,,,
2950,1,1,12.291666666666666,12.29170111194253,dropped_queue_full,,,
2951,2,1,12.295833333333333,12.295976829016581,dropped_queue_full,,,
2952,3,0,12.3,12.300132717937231,completed,12.354298325022683,54.29832502268184,34.97407913208008
2953,0,0,12.304166666666667,12.30424605612643,completed,12.362864619120955,58.69795245428833,34.93910217285156
2954,1,0,12.308333333333334,12.308373385109007,completed,12.374629240948707,66.2959076153733,35.05632019042969
2955,2,0,12.3125,12.312642581993714,completed,12.38045570300892,67.95570300891995,34.97903823852539
2956,3,1,12.316666666666666,12.316749610938132,dropped_queue_full,,,
2957,0,1,12.320833333333333,12.320967298932374,dropped_queue_full,,,
2958,1,1,12.325,12.325134227052331,dropped_queue_full,,,
2959,2,1,12.329166666666666,12.329186036018655,dropped_queue_full,,,
2960,3,0,12.333333333333334,12.333390654064715,completed,12.389298473950475,55.96514061714153,34.906368255615234
2961,0,0,12.3375,12.337656082119793,completed,12.399728578981012,62.22857898101175,34.96809768676758
2962,1,0,12.341666666666667,12.341759131057188,completed,12.40852312115021,66.85645448354371,34.91408157348633
2963,2,0,12.345833333333333,12.345873289043084,completed,12.415608810028061,69.77547669472806,34.92380905151367
2964,3,1,12.35,12.350138586945832,dropped_queue_full,,,
2965,0,1,12.354166666666666,12.35429362510331,dropped_queue_full,,,
2966,1,1,12.358333333333333,12.358387204119936,dropped_queue_full,,,
2967,2,1,12.3625,12.362543082097545,dropped_queue_full,,,
2968,3,0,12.366666666666667,12.36676152003929,completed,12.424461662070826,57.794995404158556,35.037471771240234
2969,0,0,12.370833333333334,12.370852879015729,completed,12.433310433058068,62.477099724734586,35.04912185668945
2970,1,0,12.375,12.375108766136691,completed,12.4421366751194,67.13667511940002,34.93254470825195
2971,2,0,12.379166666666666,12.379232845036313,dropped_queue_full,,,
2972,3,1,12.383333333333333,12.383446043124422,dropped_queue_full,,,
2973,0,1,12.3875,12.387603301089257,dropped_queue_full,,,
2974,1,1,12.391666666666666,12.391808089101687,dropped_queue_full,,,
2975,2,1,12.395833333333334,12.395916528068483,completed,12.450613130116835,54.77979678350131,34.9161262512207
2976,3,0,12.4,12.40005093603395,completed,12.462206993019208,62.20699301920796,34.85337448120117
2977,0,0,12.404166666666667,12.404296963941306,completed,12.47051459015347,66.34792348680385,34.867103576660156
2978,1,0,12.408333333333333,12.408516970928758,completed,12.477081533987075,68.74820065374188,34.866302490234375
2979,2,0,12.4125,12.412634910084307,dropped_queue_full,,,
2980,3,1,12.416666666666666,12.416712339036167,dropped_queue_full,,,
2981,0,1,12.420833333333333,12.42092305701226,dropped_queue_full,,,
2982,1,1,12.425,12.425092975143343,dropped_queue_full,,,
2983,2,1,12.429166666666667,12.429232424125075,completed,12.485768587095663,56.60192042899581,34.868064880371094
2984,3,0,12.433333333333334,12.433475720928982,completed,12.49553730012849,62.20396679515616,34.94508743286133
2985,0,0,12.4375,12.437644809950143,completed,12.503828107146546,66.32810714654624,34.90518569946289
2986,1,0,12.441666666666666,12.441807647934183,dropped_queue_full,,,
2987,2,0,12.445833333333333,12.445862607099116,dropped_queue_full,,,
2988,3,1,12.45,12.450132084079087,dropped_queue_full,,,
2989,0,1,12.454166666666666,12.454220673069358,dropped_queue_full,,,
2990,1,1,12.458333333333334,12.458384592086077,completed,12.512238532071933,53.905198738599225,34.889793395996094
2991,2,1,12.4625,12.462527510011569,completed,12.520773767028004,58.273767028003576,34.84307098388672
2992,3,0,12.466666666666667,12.46676965802908,completed,12.533274121116847,66.60745445018001,34.895713806152344
2993,0,0,12.470833333333333,12.47083689714782,completed,12.538145413156599,67.31207982326559,34.80195236206055
2994,1,0,12.475,12.475065134931356,dropped_queue_full,,,
2995,2,0,12.479166666666666,12.479277932085097,dropped_queue_full,,,
2996,3,1,12.483333333333333,12.48344922112301,dropped_queue_full,,,
2997,0,1,12.4875,12.487603408982977,dropped_queue_full,,,
2998,1,1,12.491666666666667,12.491759607102722,completed,12.547086503123865,55.41983645719739,34.800384521484375
2999,2,1,12.495833333333334,12.495883625932038,completed,12.55798228411004,62.1489507767059,34.787166595458984
3000,3,0,12.5,12.50011069397442,completed,12.566283621126786,66.28362112678587,34.79888153076172
3001,0,0,12.504166666666666,12.504296452039853,completed,12.573136802064255,68.97013539758845,34.943199157714844
3002,1,0,12.508333333333333,12.50835122098215,dropped_queue_full,,,
3003,2,0,12.5125,12.512556489091367,dropped_queue_full,,,
3004,3,1,12.516666666666666,12.51676049712114,dropped_queue_full,,,
3005,0,1,12.520833333333334,12.520914115011692,dropped_queue_full,,,
3006,1,1,12.525,12.525135063100606,completed,12.582139672013,57.1396720129993,34.84627151489258
3007,2,1,12.529166666666667,12.529322220943868,completed,12.591370719019324,62.2040523526568,34.81411361694336
3008,3,0,12.533333333333333,12.533437920035794,completed,12.599786265054718,66.45293172138445,34.869056701660156
3009,0,0,12.5375,12.537548378109932,dropped_queue_full,,,
3010,1,0,12.541666666666666,12.541703287046403,dropped_queue_full,,,
3011,2,0,12.545833333333333,12.54586100508459,dropped_queue_full,,,
3012,3,1,12.55,12.550067692995071,dropped_queue_full,,,
3013,0,1,12.554166666666667,12.554230681154877,completed,12.608079402009025,53.912735342358076,34.816287994384766
3014,1,1,12.558333333333334,12.558459199033678,completed,12.617140121059492,58.80678772615866,34.91600036621094
3015,2,1,12.5625,12.5625210381113,completed,12.628884983016178,66.38498301617801,34.91270446777344
3016,3,0,12.566666666666666,12.56675936607644,completed,12.63458544597961,67.91877931294366,34.956031799316406
3017,0,0,12.570833333333333,12.570838134968653,dropped_queue_full,,,
3018,1,0,12.575,12.575026032980531,dropped_queue_full,,,
3019,2,0,12.579166666666666,12.579229620983824,dropped_queue_full,,,
3020,3,1,12.583333333333334,12.583396989153698,dropped_queue_full,,,
3021,0,1,12.5875,12.587605697102845,completed,12.64323975914158,55.739759141578915,35.019264221191406
3022,1,1,12.591666666666667,12.59169133612886,completed,12.653823842993006,62.157176326339325,34.92287826538086
3023,2,1,12.595833333333333,12.595983393024653,completed,12.662116409977898,66.28307664456479,35.056705474853516
3024,3,0,12.6,12.600107772042975,completed,12.669764354126528,69.76435412652826,35.064640045166016
3025,0,0,12.604166666666666,12.604216699954122,dropped_queue_full,,,
3026,1,0,12.608333333333333,12.608399449149147,dropped_queue_full,,,
3027,2,0,12.6125,12.612630506046116,dropped_queue_full,,,
3028,3,1,12.616666666666667,12.616702554980293,dropped_queue_full,,,
3029,0,1,12.620833333333334,12.62085786415264,completed,12.67839695699513,57.563623661796015,35.048641204833984
3030,1,1,12.625,12.625099261058494,completed,12.687462266068906,62.46226606890559,35.04073715209961
3031,2,1,12.629166666666666,12.629205629928038,completed,12.696037830086425,66.87116341975852,34.99110412597656
3032,3,0,12.633333333333333,12.633473196998239,dropped_queue_full,,,
3033,0,0,12.6375,12.637544566998258,dropped_queue_full,,,
3034,1,0,12.641666666666666,12.641701675020158,dropped_queue_full,,,
3035,2,0,12.645833333333334,12.645889793056995,dropped_queue_full,,,
3036,3,1,12.65,12.650073861004785,completed,12.704863682156429,54.86368215642834,35.11382293701172
3037,0,1,12.654166666666667,12.654298239154741,completed,12.713712213095278,59.54554642861076,35.163360595703125
3038,1,1,12.658333333333333,12.658361528068781,completed,12.724923701025546,66.59036769221238,35.165279388427734
3039,2,1,12.6625,12.662594196153805,completed,12.731294197030365,68.79419703036582,35.09532928466797
3040,3,0,12.666666666666666,12.66666752495803,dropped_queue_full,,,
3041,0,0,12.670833333333333,12.67086543305777,dropped_queue_full,,,
3042,1,0,12.675,12.675135930068791,dropped_queue_full,,,
3043,2,0,12.679166666666667,12.679183649132028,dropped_queue_full,,,
3044,3,1,12.683333333333334,12.683384676929563,completed,12.740139428991824,56.80609565849082,35.087646484375
3045,0,1,12.6875,12.687623425154015,completed,12.749889891128987,62.389891128987074,35.07148742675781
3046,1,1,12.691666666666666,12.69170214398764,completed,12.758112138137221,66.4454714705549,35.041343688964844
3047,2,1,12.695833333333333,12.696032890118659,completed,12.766450284980237,70.61695164690462,35.034305572509766
3048,3,0,12.7,12.700148568954319,dropped_queue_full,,,
3049,0,0,12.704166666666666,12.704229158116505,dropped_queue_full,,,
3050,1,0,12.708333333333334,12.708396217087284,dropped_queue_full,,,
3051,2,0,12.7125,12.712605813983828,dropped_queue_full,,,
3052,3,1,12.716666666666667,12.716699562966824,completed,12.775302106048912,58.635439382245025,35.05984115600586
3053,0,1,12.720833333333333,12.720980440964922,completed,12.787156217033044,66.32288369971029,35.06284713745117
3054,1,1,12.725,12.725087909027934,completed,12.793294535949826,68.2945359498266,35.16428756713867
3055,2,1,12.729166666666666,12.729279817081988,dropped_queue_full,,,
3056,3,0,12.733333333333333,12.733340326929465,dropped_queue_full,,,
3057,0,0,12.7375,12.737543035065755,dropped_queue_full,,,
3058,1,0,12.741666666666667,12.741709413006902,dropped_queue_full,,,
3059,2,0,12.745833333333334,12.745866031153128,completed,12.801866280147806,56.03294681447224,35.16262435913086
3060,3,1,12.75,12.750054548960179,completed,12.812663201941177,62.66320194117725,35.20131301879883
3061,0,1,12.754166666666666,12.754297086969018,completed,12.820550743024796,66.38407635812982,35.222145080566406
3062,1,1,12.758333333333333,12.75843355502002,completed,12.828551413025707,70.21807969237415,35.135902404785156
3063,2,1,12.7625,12.762568284058943,dropped_queue_full,,,
3064,3,0,12.766666666666666,12.766767401946709,dropped_queue_full,,,
3065,0,0,12.770833333333334,12.770846771076322,dropped_queue_full,,,
3066,1,0,12.775,12.775134878000244,dropped_queue_full,,,
3067,2,0,12.779166666666667,12.77923015714623,completed,12.837080577155575,57.91391048890837,35.12985610961914
3068,3,1,12.783333333333333,12.78336187498644,completed,12.845885819057003,62.55248572366945,35.14691162109375
3069,0,1,12.7875,12.787635463057086,completed,12.854686870938167,67.18687093816733,35.17599868774414
3070,1,1,12.791666666666666,12.791758011095226,dropped_queue_full,,,
3071,2,1,12.795833333333333,12.79611603799276,dropped_queue_full,,,
3072,3,0,12.8,12.80013432702981,dropped_queue_full,,,
3073,0,0,12.804166666666667,12.804241945967078,dropped_queue_full,,,
3074,1,0,12.808333333333334,12.808451273944229,completed,12.86387343914248,55.54010580914692,35.20969772338867
3075,2,0,12.8125,12.812656752066687,completed,12.874614601023495,62.1146010234952,35.181312561035156
3076,3,1,12.816666666666666,12.8167724609375,completed,12.88307390594855,66.40723928188308,35.17824172973633
3077,0,1,12.820833333333333,12.820874089142308,completed,12.889978167135268,69.14483380193559,35.116737365722656
3078,1,1,12.825,12.825115147046745,dropped_queue_full,,,
3079,2,1,12.829166666666666,12.829184005968273,dropped_queue_full,,,
3080,3,0,12.833333333333334,12.833387973951176,dropped_queue_full,,,
3081,0,0,12.8375,12.837554001947865,dropped_queue_full,,,
3082,1,0,12.841666666666667,12.84176037996076,completed,12.898983157007024,57.31649034035691,34.989376068115234
3083,2,0,12.845833333333333,12.845881578978151,completed,12.908133275108412,62.29994177507869,35.07721710205078
3084,3,1,12.85,12.850141356000677,completed,12.916545460931957,66.54546093195712,35.17657470703125
3085,0,1,12.854166666666666,12.854210175108165,dropped_queue_full,,,
3086,1,1,12.858333333333333,12.858386244159192,dropped_queue_full,,,
3087,2,1,12.862499999999999,12.862605411093682,dropped_queue_full,,,
3088,3,0,12.866666666666667,12.866700190119445,dropped_queue_full,,,
3089,0,0,12.870833333333334,12.870857188943774,completed,12.925298223039135,54.46488970580177,35.22412872314453
3090,1,0,12.875,12.875091545982286,completed,12.934405372012407,59.40537201240659,35.15100860595703
3091,2,0,12.879166666666666,12.879296733997762,completed,12.945668219123036,66.50155245636924,35.08784103393555
3092,3,1,12.883333333333333,12.883393103023991,completed,12.951816247077659,68.48291374432591,35.17948913574219
3093,0,1,12.8875,12.887615471147,dropped_queue_full,,,
3094,1,1,12.891666666666666,12.891704879933968,dropped_queue_full,,,
3095,2,1,12.895833333333334,12.895856068003923,dropped_queue_full,,,
3096,3,0,12.9,12.900084966095164,dropped_queue_full,,,
3097,0,0,12.904166666666667,12.904290774138644,completed,12.960610378999263,56.44371233259626,35.22243118286133
3098,1,0,12.908333333333333,12.908454671967775,completed,12.970573699101806,62.24036576847247,35.20259094238281
3099,2,0,12.9125,12.91258014109917,completed,12.978919435990974,66.41943599097466,35.20460891723633
3100,3,1,12.916666666666666,12.91670552897267,completed,12.987236761953682,70.57009528701563,35.2578239440918
3101,0,1,12.920833333333333,12.920977936126292,dropped_queue_full,,,
3102,1,1,12.924999999999999,12.925134495133534,dropped_queue_full,,,
3103,2,1,12.929166666666667,12.929239384131506,dropped_queue_full,,,
3104,3,0,12.933333333333334,12.933451841119677,dropped_queue_full,,,
3105,0,0,12.9375,12.937546859961003,completed,12.995925304945558,58.42530494555831,35.0447998046875
3106,1,0,12.941666666666666,12.941816738108173,completed,13.008094402961433,66.4277362947665,35.207393646240234
3107,2,0,12.945833333333333,12.945981855969876,completed,13.013674748130143,67.84141479680983,35.1267204284668
3108,3,1,12.95,12.95008291513659,dropped_queue_full,,,
3109,0,1,12.954166666666666,12.95429284311831,dropped_queue_full,,,
3110,1,1,12.958333333333334,12.95844757114537,dropped_queue_full,,,
3111,2,1,12.9625,12.962650459026918,dropped_queue_full,,,
3112,3,0,12.966666666666667,12.966763578122482,completed,13.022467459086329,55.80079241966196,35.10038375854492
3113,0,0,12.970833333333333,12.97089538606815,completed,13.033290310995653,62.45697766232006,35.23507308959961
3114,1,0,12.975,12.975138284033164,completed,13.041561728110537,66.56172811053729,35.03667068481445
3115,2,0,12.979166666666666,12.979240643093362,completed,13.048825385048985,69.6587183823194,34.99628829956055
3116,3,1,12.983333333333333,12.983363670995459,dropped_queue_full,,,
3117,0,1,12.987499999999999,12.987554559018463,dropped_queue_full,,,
3118,1,1,12.991666666666667,12.991759737022221,dropped_queue_full,,,
3119,2,1,12.995833333333334,12.99591982504353,dropped_queue_full,,,
3120,3,0,13.0,13.00013509299606,completed,13.057617627084255,57.61762708425522,35.02726364135742
3121,0,0,13.004166666666666,13.004258352098987,completed,13.06714343209751,62.97676543084307,35.00371170043945
3122,1,0,13.008333333333333,13.008418600074947,completed,13.075480648083612,67.14731475027946,35.018463134765625
3123,2,0,13.0125,13.012566569028422,dropped_queue_full,,,
3124,3,1,13.016666666666666,13.016759497113526,dropped_queue_full,,,
3125,0,1,13.020833333333334,13.020917634945363,dropped_queue_full,,,
3126,1,1,13.025,13.025139193050563,dropped_queue_full,,,
3127,2,1,13.029166666666667,13.02923731203191,completed,13.084147610934451,54.98094426778444,35.0975341796875
3128,3,0,13.033333333333333,13.033454829128459,completed,13.095561956986785,62.22862365345172,35.16249465942383
3129,0,0,13.0375,13.037594058085233,completed,13.103889124002308,66.38912400230801,35.120574951171875
3130,1,0,13.041666666666666,13.041725906077772,completed,13.110679845092818,69.01317842615207,35.073184967041016
3131,2,0,13.045833333333333,13.045853554969653,dropped_queue_full,,,
3132,3,1,13.049999999999999,13.050083893118426,dropped_queue_full,,,
3133,0,1,13.054166666666667,13.054298140108585,dropped_queue_full,,,
3134,1,1,13.058333333333334,13.058407799107954,dropped_queue_full,,,
3135,2,1,13.0625,13.06265565706417,completed,13.119242950109765,56.742950109764934,34.99158477783203
3136,3,0,13.066666666666666,13.067138832062483,completed,13.128908683080226,62.24201641355975,34.96675109863281
3137,0,0,13.070833333333333,13.071331650018692,completed,13.137380277970806,66.5469446374729,34.94374465942383
3138,1,0,13.075,13.075310569955036,dropped_queue_full,,,
3139,2,0,13.079166666666666,13.079247900051996,dropped_queue_full,,,
3140,3,1,13.083333333333334,13.083343148929998,dropped_queue_full,,,
3141,0,1,13.0875,13.08760609710589,dropped_queue_full,,,
3142,1,1,13.091666666666667,13.091762044932693,completed,13.14576822402887,54.10155736220368,34.976768493652344
3143,2,1,13.095833333333333,13.095881784101948,completed,13.15446078707464,58.62745374130718,35.007423400878906
3144,3,0,13.1,13.10014344099909,completed,13.166853033006191,66.85303300619161,35.13564682006836
3145,0,0,13.104166666666666,13.104211969999596,completed,13.171985941007733,67.81927434106727,35.18537521362305
3146,1,0,13.108333333333333,13.108476758003235,dropped_queue_full,,,
3147,2,0,13.112499999999999,13.112561736954376,dropped_queue_full,,,
3148,3,1,13.116666666666667,13.116763805039227,dropped_queue_full,,,
3149,0,1,13.120833333333334,13.120980001986027,dropped_queue_full,,,
3150,1,1,13.125,13.125138031085953,completed,13.181093259947374,56.09325994737446,35.22099304199219
3151,2,1,13.129166666666666,13.129229640122503,completed,13.191878742072731,62.71207540606483,35.13276672363281
3152,3,0,13.133333333333333,13.133474617032334,completed,13.19987615197897,66.54281864563671,35.07545471191406
3153,0,0,13.1375,13.137545756064355,completed,13.207104359054938,69.60435905493867,35.01078414916992
3154,1,0,13.141666666666666,13.14172997395508,dropped_queue_full,,,
3155,2,0,13.145833333333334,13.145929342135787,dropped_queue_full,,,
3156,3,1,13.15,13.150137870106846,dropped_queue_full,,,
3157,0,1,13.154166666666667,13.154293778119609,dropped_queue_full,,,
3158,1,1,13.158333333333333,13.158389887074009,completed,13.216195128159598,57.8617948262643,34.879390716552734
3159,2,1,13.1625,13.162577825132757,completed,13.224795551970601,62.29555197060144,34.9161262512207
3160,3,0,13.166666666666666,13.166846513049677,completed,13.23353239404969,66.8657273830231,34.98348617553711
3161,0,0,13.170833333333333,13.171030330937356,dropped_queue_full,,,
3162,1,0,13.174999999999999,13.17513610003516,dropped_queue_full,,,
3163,2,0,13.179166666666667,13.179224848980084,dropped_queue_full,,,
3164,3,1,13.183333333333334,13.183448225958273,dropped_queue_full,,,
3165,0,1,13.1875,13.187611035071313,completed,13.242246627109125,54.74662710912526,35.01558303833008
3166,1,1,13.191666666666666,13.191872322000563,completed,13.25389780011028,62.231133443614084,35.00124740600586
3167,2,1,13.195833333333333,13.195886752102524,completed,13.262306176126003,66.4728427926704,35.00166320800781
3168,3,0,13.2,13.200235648080707,completed,13.268769971095026,68.76997109502625,35.03036880493164
3169,0,0,13.204166666666666,13.204234248027205,dropped_queue_full,,,
3170,1,0,13.208333333333334,13.208368157036602,dropped_queue_full,,,
3171,2,0,13.2125,13.212553735123947,dropped_queue_full,,,
3172,3,1,13.216666666666667,13.216671912930906,dropped_queue_full,,,
3173,0,1,13.220833333333333,13.220859341090545,completed,13.277455484028906,56.622150695572415,35.07478332519531
3174,1,1,13.225,13.225112478947267,completed,13.287240436067805,62.24043606780505,35.05366516113281
3175,2,1,13.229166666666666,13.229298127116635,completed,13.295959698967636,66.79303230096956,35.033599853515625
3176,3,0,13.233333333333333,13.233367525972426,dropped_queue_full,,,
3177,0,0,13.237499999999999,13.237552744103596,dropped_queue_full,,,
3178,1,0,13.241666666666667,13.241764672100544,dropped_queue_full,,,
3179,2,0,13.245833333333334,13.245860011084005,dropped_queue_full,,,
3180,3,1,13.25,13.250137717928737,completed,13.303981167962775,53.981167962774634,35.07827377319336
3181,0,1,13.254166666666666,13.254219927126542,completed,13.312616242095828,58.44957542916163,35.050048828125
3182,1,1,13.258333333333333,13.258455995004624,completed,13.32532607507892,66.99274174558667,35.007423400878906
3183,2,1,13.2625,13.262627023039386,completed,13.330301535082981,67.8015350829817,34.953086853027344
3184,3,0,13.266666666666666,13.266908030025661,dropped_queue_full,,,
3185,0,0,13.270833333333334,13.270978868938982,dropped_queue_full,,,
3186,1,0,13.275,13.275085377972573,dropped_queue_full,,,
3187,2,0,13.279166666666667,13.279184997081757,dropped_queue_full,,,
3188,3,1,13.283333333333333,13.28339006495662,completed,13.339142475975677,55.809142642344156,35.07872009277344
3189,0,1,13.2875,13.287562893005088,completed,13.349836599081755,62.33659908175504,35.047489166259766
3190,1,1,13.291666666666666,13.291898760013282,completed,13.358263185014948,66.59651834828217,35.049312591552734
3191,2,1,13.295833333333333,13.295953328954056,completed,13.365393433021381,69.560099688049,34.96736145019531
3192,3,0,13.299999999999999,13.300002638017759,dropped_queue_full,,,
3193,0,0,13.304166666666667,13.304301635129377,dropped_queue_full,,,
3194,1,0,13.308333333333334,13.308407824020833,dropped_queue_full,,,
3195,2,0,13.3125,13.312609732151031,dropped_queue_full,,,
3196,3,1,13.316666666666666,13.316701831063256,completed,13.37430200399831,57.635337331642944,35.0230712890625
3197,0,1,13.320833333333333,13.321050188038498,completed,13.383208125131205,62.374791797871865,35.071102142333984
3198,1,1,13.325,13.32532055513002,completed,13.392142225056887,67.14222505688738,35.0948486328125
3199,2,1,13.329166666666666,13.329346454003826,dropped_queue_full,,,
3200,3,0,13.333333333333334,13.33345146314241,dropped_queue_full,,,
3201,0,0,13.3375,13.337605012115091,dropped_queue_full,,,
3202,1,0,13.341666666666667,13.341809669975191,dropped_queue_full,,,
3203,2,0,13.345833333333333,13.345863258931786,completed,13.400756679009646,54.92334567631296,35.19343948364258
3204,3,1,13.35,13.350143346004188,completed,13.412253784015775,62.25378401577508,35.21033477783203
3205,0,1,13.354166666666666,13.35428168415092,completed,13.420640039956197,66.47337328953107,35.20851135253906
3206,1,1,13.358333333333333,13.358427003026009,completed,13.42754016094841,69.20682761507813,35.20908737182617
3207,2,1,13.362499999999999,13.3625760411378,dropped_queue_full,,,
3208,3,0,13.366666666666667,13.366764329141006,dropped_queue_full,,,
3209,0,0,13.370833333333334,13.37091968813911,dropped_queue_full,,,
3210,1,0,13.375,13.375091076130047,dropped_queue_full,,,
3211,2,0,13.379166666666666,13.379377922974527,completed,13.436145014129579,56.97834746291264,35.209598541259766
3212,3,1,13.383333333333333,13.38337294314988,completed,13.445552719989792,62.21938665645865,35.233856201171875
3213,0,1,13.3875,13.387625550152734,completed,13.453842716990039,66.34271699003946,35.247039794921875
3214,1,1,13.391666666666666,13.391691060038283,dropped_queue_full,,,
3215,2,1,13.395833333333334,13.395916417008266,dropped_queue_full,,,
3216,3,0,13.4,13.400074095930904,dropped_queue_full,,,
3217,0,0,13.404166666666667,13.404291332932189,dropped_queue_full,,,
3218,1,0,13.408333333333333,13.408450822113082,completed,13.462864856934175,54.53152360084168,35.19590377807617
3219,2,0,13.4125,13.412574029993266,completed,13.471394510939717,58.89451093971765,35.152896881103516
3220,3,1,13.416666666666666,13.416691828984767,completed,13.483065114123747,66.39844745708068,35.12704086303711
3221,0,1,13.420833333333333,13.420962606091052,completed,13.488928274950013,68.09494161668006,35.044097900390625
3222,1,1,13.424999999999999,13.425014585955068,dropped_queue_full,,,
3223,2,1,13.429166666666667,13.429235972929746,dropped_queue_full,,,
3224,3,0,13.433333333333334,13.43338531209156,dropped_queue_full,,,
3225,0,0,13.4375,13.437559120124206,dropped_queue_full,,,
3226,1,0,13.441666666666666,13.441760177956894,completed,13.497924535069615,56.25786840294822,34.950401306152344
3227,2,0,13.445833333333333,13.445874297060072,completed,13.508049684111029,62.21635077769605,34.93209457397461
3228,3,1,13.45,13.450101603986695,completed,13.5162731311284,66.27313112840127,34.91289520263672
3229,0,1,13.454166666666666,13.454298452008516,completed,13.523922525113449,69.75585844678278,34.93686294555664
3230,1,1,13.458333333333334,13.45836670207791,dropped_queue_full,,,
3231,2,1,13.4625,13.46254521002993,dropped_queue_full,,,
3232,3,0,13.466666666666667,13.466757937101647,dropped_queue_full,,,
3233,0,0,13.470833333333333,13.470915436046198,dropped_queue_full,,,
3234,1,0,13.475,13.475077514071018,completed,13.533085473114625,58.085473114624975,34.95222473144531
3235,2,0,13.479166666666666,13.479297182057053,completed,13.541512897936627,62.346231269961194,34.83574295043945
3236,3,1,13.483333333333333,13.483386320993304,completed,13.550284540979192,66.95120764585916,34.886592864990234
3237,0,1,13.487499999999999,13.4875246391166,dropped_queue_full,,,
3238,1,1,13.491666666666667,13.491760987089947,dropped_queue_full,,,
3239,2,1,13.495833333333334,13.495918115135282,dropped_queue_full,,,
3240,3,0,13.5,13.500134773086756,dropped_queue_full,,,
3241,0,0,13.504166666666666,13.504232631996274,completed,13.558927104109898,54.76043744323178,34.81292724609375
3242,1,0,13.508333333333333,13.508370530093089,completed,13.570505048148334,62.17171481500117,34.72480010986328
3243,2,0,13.5125,13.512509229127318,completed,13.578939523082227,66.43952308222723,34.74166488647461
3244,3,1,13.516666666666666,13.516749856062233,completed,13.585088872117922,68.42220545125599,34.7856330871582
3245,0,1,13.520833333333334,13.520957874134183,dropped_queue_full,,,
3246,1,1,13.525,13.525031653000042,dropped_queue_full,,,
3247,2,1,13.529166666666667,13.529233761131763,dropped_queue_full,,,
3248,3,0,13.533333333333333,13.533402630127966,dropped_queue_full,,,
3249,0,0,13.5375,13.537606077967212,completed,13.593741885153577,56.24188515357709,34.762271881103516
3250,1,0,13.541666666666666,13.541673016967252,completed,13.604052632115781,62.38596544911523,34.85472106933594
3251,2,0,13.545833333333333,13.545895274961367,completed,13.612209170125425,66.37583679209236,34.910240173339844
3252,3,1,13.549999999999999,13.550119291990995,dropped_queue_full,,,
3253,0,1,13.554166666666667,13.554293780121952,dropped_queue_full,,,
3254,1,1,13.558333333333334,13.558448269031942,dropped_queue_full,,,
3255,2,1,13.5625,13.562545428052545,dropped_queue_full,,,
3256,3,0,13.566666666666666,13.56670497613959,completed,13.620235070120543,53.56840345387681,34.98896026611328
3257,0,0,13.570833333333333,13.570979282958433,completed,13.628865523030981,58.03218969764856,34.90691375732422
3258,1,0,13.575,13.575141520937905,completed,13.641509286127985,66.50928612798523,34.876895904541016
3259,2,0,13.579166666666666,13.579262309940532,completed,13.64647140703164,67.30474036497469,34.856224060058594
3260,3,1,13.583333333333334,13.583390389103442,dropped_queue_full,,,
3261,0,1,13.5875,13.587605216074735,dropped_queue_full,,,
3262,1,1,13.591666666666667,13.591759225120768,dropped_queue_full,,,
3263,2,1,13.595833333333333,13.595917883096263,dropped_queue_full,,,
3264,3,0,13.6,13.600074962014332,completed,13.65529887797311,55.29887797310984,34.874942779541016
3265,0,0,13.604166666666666,13.604416338028386,completed,13.666362607153133,62.19594048646648,35.062721252441406
3266,1,0,13.608333333333333,13.608369738096371,completed,13.674649863969535,66.31653063620213,35.038719177246094
3267,2,0,13.612499999999999,13.61253123707138,completed,13.681704054120928,69.20405412092911,35.08687973022461
3268,3,1,13.616666666666667,13.616797614144161,dropped_queue_full,,,
3269,0,1,13.620833333333334,13.62086570309475,dropped_queue_full,,,
3270,1,1,13.625,13.625086361076683,dropped_queue_full,,,
3271,2,1,13.629166666666666,13.629184589954093,dropped_queue_full,,,
3272,3,0,13.633333333333333,13.63338722800836,completed,13.690454276045784,57.120942712451495,35.096065521240234
3273,0,0,13.6375,13.6375372861512,completed,13.699679484125227,62.17948412522745,35.07676696777344
3274,1,0,13.641666666666666,13.64167313510552,completed,13.708410126157105,66.74345949043925,35.059326171875
3275,2,0,13.645833333333334,13.645966632058844,dropped_queue_full,,,
3276,3,1,13.65,13.650077780941501,dropped_queue_full,,,
3277,0,1,13.654166666666667,13.654233179055154,dropped_queue_full,,,
3278,1,1,13.658333333333333,13.658437527017668,dropped_queue_full,,,
3279,2,1,13.6625,13.662600934971124,completed,13.71703499997966,54.53499997966027,35.11008071899414
3280,3,0,13.666666666666666,13.666684553958476,completed,13.725871260976419,59.20459430975278,35.17465591430664
3281,0,0,13.670833333333333,13.67090949206613,completed,13.737117358017713,66.28402468438033,35.174560546875
3282,1,0,13.674999999999999,13.675134408986196,completed,13.743551674066111,68.55167406611251,35.11555099487305
3283,2,0,13.679166666666667,13.679190399125218,dropped_queue_full,,,
3284,3,1,13.683333333333334,13.683388286968693,dropped_queue_full,,,
3285,0,1,13.6875,13.68754583504051,dropped_queue_full,,,
3286,1,1,13.691666666666666,13.691711743129417,dropped_queue_full,,,
3287,2,1,13.695833333333333,13.69591762102209,completed,13.752249407116324,56.41607378299085,35.10764694213867
3288,3,0,13.7,13.700136099010706,completed,13.762561772949994,62.56177294999432,35.10851287841797
3289,0,0,13.704166666666666,13.704459476051852,completed,13.770772071089596,66.60540442292984,35.07606506347656
3290,1,0,13.708333333333334,13.708406446035951,completed,13.778708012076095,70.37467874276082,34.97897720336914
3291,2,0,13.7125,13.712550594937056,dropped_queue_full,,,
3292,3,1,13.716666666666667,13.716712692985311,dropped_queue_full,,,
3293,0,1,13.720833333333333,13.720916101010516,dropped_queue_full,,,
3294,1,1,13.725,13.725077148992568,dropped_queue_full,,,
3295,2,1,13.729166666666666,13.729290056973696,completed,13.787237306125462,58.07063945879598,34.86150360107422
3296,3,0,13.733333333333333,13.733376645948738,completed,13.79962205211632,66.28871878298703,34.91075134277344
3297,0,0,13.737499999999999,13.737596383085474,completed,13.804848270025104,67.34827002510535,34.874881744384766
3298,1,0,13.741666666666667,13.741686792112887,dropped_queue_full,,,
3299,2,0,13.745833333333334,13.745913980063051,dropped_queue_full,,,
3300,3,1,13.75,13.750036899000406,dropped_queue_full,,,
3301,0,1,13.754166666666666,13.754292976111174,dropped_queue_full,,,
3302,1,1,13.758333333333333,13.758448194945231,completed,13.813713341020048,55.380007686714805,34.8895378112793
3303,2,1,13.7625,13.762555012945086,completed,13.822309465147555,59.809465147555585,34.89833450317383
3304,3,0,13.766666666666666,13.766774110961705,completed,13.836649670964107,69.9830042974412,34.93203353881836
3305,0,0,13.770833333333334,13.770937130087987,completed,13.842427172930911,71.59383959757726,34.935264587402344
3306,1,0,13.775,13.775117367971689,dropped_queue_full,,,
3307,2,0,13.779166666666667,13.779182217083871,dropped_queue_full,,,
3308,3,1,13.783333333333333,13.783387084957212,dropped_queue_full,,,
3309,0,1,13.7875,13.787554453127086,dropped_queue_full,,,
3310,1,1,13.791666666666666,13.791761751053855,completed,13.848842859035358,57.17619236869176,34.900638580322266
3311,2,1,13.795833333333333,13.79584697005339,completed,13.860063435975462,64.2301026421297,34.92230224609375
3312,3,0,13.799999999999999,13.800099397078156,completed,13.86618721508421,66.1872150842111,34.92185592651367
3313,0,0,13.804166666666667,13.804844690021127,completed,13.874984957044944,70.81829037827703,34.99964904785156
3314,1,0,13.808333333333334,13.808629282051697,dropped_queue_full,,,
3315,2,0,13.8125,13.812581442063674,dropped_queue_full,,,
3316,3,1,13.816666666666666,13.816780270077288,dropped_queue_full,,,
3317,0,1,13.820833333333333,13.82090001902543,dropped_queue_full,,,
3318,1,1,13.825,13.825047306949273,completed,13.889148665126413,64.14866512641382,35.052574157714844
3319,2,1,13.829166666666666,13.83087234897539,completed,13.894858638057485,65.6919713908195,35.16534423828125
3320,3,0,13.833333333333334,13.836640201043338,completed,13.901581750018522,68.24841668518822,35.23616027832031
3321,0,0,13.8375,13.842420933069661,dropped_dispatch_late,,,
3322,1,0,13.841666666666667,13.842439312953502,dropped_queue_full,,,
3323,2,0,13.845833333333333,13.84594092797488,dropped_queue_full,,,
3324,3,1,13.85,13.85010516596958,dropped_queue_full,,,
3325,0,1,13.854166666666666,13.854260405059904,completed,13.91027483297512,56.10816630845328,35.20518493652344
3326,1,1,13.858333333333333,13.860054986085743,completed,13.92461795010604,66.28461677270714,35.14633560180664
3327,2,1,13.862499999999999,13.866177725140005,completed,13.931050305021927,68.55030502192783,35.244991302490234
3328,3,0,13.866666666666667,13.872430402087048,dropped_dispatch_late,,,
3329,0,0,13.870833333333334,13.872440041974187,dropped_queue_full,,,
3330,1,0,13.875,13.875151454936713,dropped_queue_full,,,
3331,2,0,13.879166666666666,13.8792995440308,dropped_queue_full,,,
3332,3,1,13.883333333333333,13.883419892052189,completed,13.937361492076889,54.02815874355582,35.25996780395508
3333,0,1,13.8875,13.889141384977847,completed,13.948124634101987,60.624634101987596,35.25513458251953
3334,1,1,13.891666666666666,13.89485071809031,completed,13.95917987311259,67.5132064459234,35.023902893066406
3335,2,1,13.895833333333334,13.900593749945983,dropped_dispatch_late,,,
3336,3,0,13.9,13.900603220099583,dropped_queue_full,,,
3337,0,0,13.904166666666667,13.904259683098644,dropped_queue_full,,,
3338,1,0,13.908333333333333,13.908381371991709,dropped_queue_full,,,
3339,2,0,13.9125,13.912519691046327,completed,13.964038165053353,51.53816505335307,35.062721252441406
3340,3,1,13.916666666666666,13.918510620947927,completed,13.972208293154836,55.541626488169626,35.12499237060547
3341,0,1,13.920833333333333,13.924610150046647,completed,13.980892016086727,60.058682753394876,35.04937744140625
3342,1,1,13.924999999999999,13.931041524978355,dropped_dispatch_late,,,
3343,2,1,13.929166666666667,13.931060725124553,completed,13.993096463149413,63.929796482746326,26.653120040893555
3344,3,0,13.933333333333334,13.93735155207105,completed,14.000803445931524,67.47011259819047,26.343616485595703
3345,0,0,13.9375,13.9427843070589,dropped_dispatch_late,,,
3346,1,0,13.941666666666666,13.942792776972055,completed,14.00746059906669,65.79393240002318,52.624000549316406
3347,2,0,13.945833333333333,13.948118894128129,dropped_queue_full,,,
3348,3,1,13.95,13.950046885060146,dropped_queue_full,,,
3349,0,1,13.954166666666666,13.954296421958134,completed,14.01604507304728,61.87840638061459,35.0733757019043
3350,1,1,13.958333333333334,13.959173263050616,completed,14.026294351089746,67.96101775641183,18.333824157714844
3351,2,1,13.9625,13.96403095498681,completed,14.034575728001073,72.07572800107265,44.20966339111328
3352,3,0,13.966666666666667,13.968892276054248,dropped_queue_full,,,
3353,0,0,13.970833333333333,13.970928125083447,dropped_queue_full,,,
3354,1,0,13.975,13.975045544095337,dropped_queue_full,,,
3355,2,0,13.979166666666666,13.979294682154432,dropped_queue_full,,,
3356,3,1,13.983333333333333,13.983405740000308,completed,14.04325353098102,59.920197647686635,44.48191833496094
3357,0,1,13.987499999999999,13.988256372045726,completed,14.055587167153135,68.08716715313601,35.74396896362305
3358,1,1,13.991666666666667,13.993089293129742,dropped_queue_full,,,
3359,2,1,13.995833333333334,13.995930155040696,completed,14.061144211096689,65.31087776335553,26.419328689575195
3360,3,0,14.0,14.00079565611668,completed,14.069573997054249,69.57399705424905,26.153663635253906
3361,0,0,14.004166666666666,14.005656937137246,dropped_queue_full,,,
3362,1,0,14.008333333333333,14.008418270153925,completed,14.078254270134494,69.92093680116085,52.21110534667969
3363,2,0,14.0125,14.0133225210011,dropped_queue_full,,,
3364,3,1,14.016666666666666,14.01668721693568,dropped_queue_full,,,
3365,0,1,14.020833333333334,14.020977064035833,completed,14.088262230157852,67.42889682451825,34.903934478759766
3366,1,1,14.025,14.026287651155144,completed,14.098568035988137,73.56803598813677,18.063392639160156
3367,2,1,14.029166666666667,14.031566528137773,dropped_queue_full,,,
3368,3,0,14.033333333333333,14.033453199081123,dropped_queue_full,,,
3369,0,0,14.0375,14.037568398052827,dropped_queue_full,,,
3370,1,0,14.041666666666666,14.041677705943584,dropped_queue_full,,,
3371,2,0,14.045833333333333,14.045929223997518,completed,14.105058701010421,59.225367677088414,43.828094482421875
3372,3,1,14.049999999999999,14.050795244984329,completed,14.118300969013944,68.30096901394533,44.19862365722656
3373,0,1,14.054166666666667,14.05558183696121,completed,14.123170749982819,69.00408331615182,35.51027297973633
3374,1,1,14.058333333333334,14.060365019133314,dropped_queue_full,,,
3375,2,1,14.0625,14.06257443712093,completed,14.131779344053939,69.27934405393898,26.540767669677734
3376,3,0,14.066666666666666,14.067514168098569,dropped_queue_full,,,
3377,0,0,14.070833333333333,14.070846124086529,dropped_queue_full,,,
3378,1,0,14.075,14.075089012039825,dropped_queue_full,,,
3379,2,0,14.079166666666666,14.079209279967472,dropped_queue_full,,,
3380,3,1,14.083333333333334,14.083450997946784,completed,14.140305078122765,56.9717447894309,26.213951110839844
3381,0,1,14.0875,14.08825688995421,completed,14.15074670407921,63.2467040792104,26.289888381958008
3382,1,1,14.091666666666667,14.093266868963838,completed,14.160523016005754,68.85634933908769,61.007774353027344
3383,2,1,14.095833333333333,14.098561326041818,dropped_queue_full,,,
3384,3,0,14.1,14.100140591152012,dropped_queue_full,,,
3385,0,0,14.104166666666666,14.104251438984647,dropped_queue_full,,,
3386,1,0,14.108333333333333,14.108456037007272,completed,14.167459556134418,59.12622280108515,9.623135566711426
3387,2,0,14.112499999999999,14.113391718128696,completed,14.179932271130383,67.43227113038408,43.99756622314453
3388,3,1,14.116666666666667,14.118293109117076,completed,14.18525883811526,68.59217144859286,44.323360443115234
3389,0,1,14.120833333333334,14.12316531012766,completed,14.193371016066521,72.53768273318784,44.318721771240234
3390,1,1,14.125,14.128719834145159,dropped_queue_full,,,
3391,2,1,14.129166666666666,14.129211199004203,dropped_queue_full,,,
3392,3,0,14.133333333333333,14.133369258139282,dropped_queue_full,,,
3393,0,0,14.1375,14.137614964973181,dropped_queue_full,,,
3394,1,0,14.141666666666666,14.141735444078222,dropped_queue_full,,,
3395,2,0,14.145833333333334,14.145834813127294,completed,14.202532134950161,56.698801616827055,26.507295608520508
3396,3,1,14.15,14.150741344084963,completed,14.211098469095305,61.09846909530425,26.253280639648438
3397,0,1,14.154166666666667,14.155622964957729,completed,14.222292547114193,68.12588044752665,26.271583557128906
3398,1,1,14.158333333333333,14.16051649604924,completed,14.228465924970806,70.13259163747243,60.972415924072266
3399,2,1,14.1625,14.165383147075772,dropped_queue_full,,,
3400,3,0,14.166666666666666,14.166667414130643,dropped_queue_full,,,
3401,0,0,14.170833333333333,14.170931570930406,dropped_queue_full,,,
3402,1,0,14.174999999999999,14.175038590095937,completed,14.238280116114765,63.28011611476647,9.621312141418457
3403,2,0,14.179166666666667,14.17992494115606,completed,14.238607682986185,59.441016319517814,35.89168167114258
3404,3,1,14.183333333333334,14.185250488109887,completed,14.255301255965605,71.96792263227181,43.98124694824219
3405,0,1,14.1875,14.190482825040817,dropped_queue_full,,,
3406,1,1,14.191666666666666,14.191775272134691,dropped_queue_full,,,
3407,2,1,14.195833333333333,14.195883590960875,dropped_queue_full,,,
3408,3,0,14.2,14.200138858985156,dropped_queue_full,,,
3409,0,0,14.204166666666666,14.20424826699309,completed,14.263865240151063,59.69857348439689,43.93772888183594
3410,1,0,14.208333333333334,14.209113229066133,dropped_queue_full,,,
3411,2,0,14.2125,14.212531354045495,completed,14.276458844076842,63.958844076841714,34.37120056152344
3412,3,1,14.216666666666667,14.217424375005066,completed,14.284185887081549,67.51922041488179,26.215744018554688
3413,0,1,14.220833333333333,14.22228716709651,completed,14.290304175112396,69.47084177906326,26.340639114379883
3414,1,1,14.225,14.227508123964071,dropped_queue_full,,,
3415,2,1,14.229166666666666,14.229265887057409,dropped_queue_full,,,
3416,3,0,14.233333333333333,14.233407764928415,dropped_queue_full,,,
3417,0,0,14.237499999999999,14.237634763121605,dropped_queue_full,,,
3418,1,0,14.241666666666667,14.241770741995424,completed,14.298986847978085,57.32018131141814,57.02105712890625
3419,2,0,14.245833333333334,14.246670582098886,completed,14.30909509700723,63.261763673896354,34.753726959228516
3420,3,1,14.25,14.251532834023237,dropped_queue_full,,,
3421,0,1,14.254166666666666,14.254202486947179,dropped_queue_full,,,
3422,1,1,14.258333333333333,14.258452374022454,completed,14.319118566112593,60.78523277925996,18.090944290161133
3423,2,1,14.2625,14.26336940494366,dropped_queue_full,,,
3424,3,0,14.266666666666666,14.26672671106644,completed,14.33003955706954,63.372890402874305,44.055328369140625
3425,0,0,14.270833333333334,14.27159567293711,completed,14.338427263079211,67.59392974587719,44.17955017089844
3426,1,0,14.275,14.276451583951712,dropped_queue_full,,,
3427,2,0,14.279166666666667,14.2792948349379,completed,14.343368462985381,64.2017963187147,35.3131217956543
3428,3,1,14.283333333333333,14.284178127069026,completed,14.35261971107684,69.28637774350754,26.584447860717773
3429,0,1,14.2875,14.289041218115017,dropped_queue_full,,,
3430,1,1,14.291666666666666,14.291738400934264,dropped_queue_full,,,
3431,2,1,14.295833333333333,14.295835389988497,dropped_queue_full,,,
3432,3,0,14.299999999999999,14.300105407135561,dropped_queue_full,,,
3433,0,0,14.304166666666667,14.304201286053285,completed,14.361302964156494,57.136297489826404,26.585792541503906
3434,1,0,14.308333333333334,14.309087827103212,completed,14.371538670966402,63.205337633068126,52.69891357421875
3435,2,0,14.3125,14.314001698046923,completed,14.381251913961023,68.75191396102309,35.231327056884766
3436,3,1,14.316666666666666,14.319112176075578,dropped_queue_full,,,
3437,0,1,14.320833333333333,14.320884019136429,dropped_queue_full,,,
3438,1,1,14.325,14.32514071604237,completed,14.388457352062687,63.45735206268799,18.148479461669922
3439,2,1,14.329166666666666,14.330031247111037,dropped_queue_full,,,
3440,3,0,14.333333333333334,14.333363604033366,completed,14.396982135949656,63.64880261632244,44.32380676269531
3441,0,0,14.3375,14.33842153311707,completed,14.405984316021204,68.48431602120364,44.46121597290039
3442,1,0,14.341666666666667,14.343360983068123,dropped_queue_full,,,
3443,2,0,14.345833333333333,14.34585821814835,completed,14.414788358146325,68.95502481299154,35.833248138427734
3444,3,1,14.35,14.350723810028285,dropped_queue_full,,,
3445,0,1,14.354166666666666,14.354215175146237,dropped_queue_full,,,
3446,1,1,14.358333333333333,14.35845424211584,dropped_queue_full,,,
3447,2,1,14.362499999999999,14.362577060936019,dropped_queue_full,,,
3448,3,0,14.366666666666667,14.366674300050363,completed,14.426126844016835,59.46017735016795,26.79692840576172
3449,0,0,14.370833333333334,14.371532130986452,completed,14.43457045010291,63.73711676957683,26.59516716003418
3450,1,0,14.375,14.376385613111779,completed,14.445205903146416,70.20590314641595,52.932350158691406
3451,2,0,14.379166666666666,14.381245034048334,completed,14.450628989143297,71.46232247663065,35.29020690917969
3452,3,1,14.383333333333333,14.386091995052993,dropped_queue_full,,,
3453,0,1,14.3875,14.387536281021312,dropped_queue_full,,,
3454,1,1,14.391666666666666,14.391773688141257,completed,14.459844326134771,68.17765946810539,18.158559799194336
3455,2,1,14.395833333333334,14.396637849975377,dropped_queue_full,,,
3456,3,0,14.4,14.400136905023828,completed,14.468361321138218,68.36132113821769,44.19801712036133
3457,0,0,14.404166666666667,14.405023306142539,dropped_queue_full,,,
3458,1,0,14.408333333333333,14.408373581944034,dropped_queue_full,,,
3459,2,0,14.4125,14.412612090120092,dropped_queue_full,,,
3460,3,1,14.416666666666666,14.416694729123265,dropped_queue_full,,,
3461,0,1,14.420833333333333,14.420928966021165,completed,14.480030324077234,59.19699074390117,44.16057586669922
3462,1,1,14.424999999999999,14.426118623930961,dropped_queue_full,,,
3463,2,1,14.429166666666667,14.429295282112435,completed,14.488648388069123,59.48172140245589,35.29878234863281
3464,3,0,14.433333333333334,14.434564270079136,completed,14.494702937081456,61.369603748122614,26.290752410888672
3465,0,0,14.4375,14.439796097110957,completed,14.50563543708995,68.13543708994985,26.20262336730957
3466,1,0,14.441666666666666,14.445199162932113,completed,14.51209946302697,70.4327963603042,52.16831970214844
3467,2,0,14.445833333333333,14.450621569063514,dropped_dispatch_late,,,
3468,3,1,14.45,14.450638348935172,dropped_queue_full,,,
3469,0,1,14.454166666666666,14.454293922055513,dropped_queue_full,,,
3470,1,1,14.458333333333334,14.45840584114194,dropped_queue_full,,,
3471,2,1,14.4625,14.46251671994105,completed,14.520732515957206,58.23251595720613,35.01766586303711
3472,3,0,14.466666666666667,14.467388530960307,dropped_queue_full,,,
3473,0,0,14.470833333333333,14.470882375957444,dropped_queue_full,,,
3474,1,0,14.475,14.475136013003066,completed,14.534896153956652,59.89615395665204,18.14784049987793
3475,2,0,14.479166666666666,14.480024974094704,dropped_queue_full,,,
3476,3,1,14.483333333333333,14.483368271030486,completed,14.538844024995342,55.51069166200939,44.01580810546875
3477,0,1,14.487499999999999,14.488641038071364,completed,14.54766844608821,60.168446088210814,44.17923355102539
3478,1,1,14.491666666666667,14.493888985132799,dropped_queue_full,,,
3479,2,1,14.495833333333334,14.495931575074792,completed,14.560003323014826,64.16998968149201,35.5560302734375
3480,3,0,14.5,14.50078614614904,completed,14.567440547980368,67.44054798036814,26.494239807128906
3481,0,0,14.504166666666666,14.50563026801683,completed,14.574220380047336,70.05371338066979,26.452192306518555
3482,1,0,14.508333333333333,14.510501988930628,dropped_queue_full,,,
3483,2,0,14.5125,14.512580818030983,dropped_queue_full,,,
3484,3,1,14.516666666666666,14.516773496055976,dropped_queue_full,,,
3485,0,1,14.520833333333334,14.520895685069263,dropped_queue_full,,,
3486,1,1,14.525,14.525139861973003,completed,14.582892133155838,57.8921331558373,52.41084671020508
3487,2,1,14.529166666666667,14.530052772955969,completed,14.59249503700994,63.328370343272766,35.03420639038086
3488,3,0,14.533333333333333,14.534889484057203,dropped_queue_full,,,
3489,0,0,14.5375,14.537561918143183,dropped_queue_full,,,
3490,1,0,14.541666666666666,14.54167568613775,completed,14.602216759929433,60.55009326276739,18.12063980102539
3491,2,0,14.545833333333333,14.546541548101231,dropped_queue_full,,,
3492,3,1,14.549999999999999,14.550089051946998,completed,14.613334828056395,63.33482805639612,44.013343811035156
3493,0,1,14.554166666666667,14.554948122939095,completed,14.621660514967516,67.49384830084892,44.09609603881836
3494,1,1,14.558333333333334,14.559996142983437,dropped_queue_full,,,
3495,2,1,14.5625,14.562562996987253,completed,14.626993210986257,64.4932109862566,35.31087875366211
3496,3,0,14.566666666666666,14.56743272813037,completed,14.636192409088835,69.52574242216869,26.46329689025879
3497,0,0,14.570833333333333,14.572295999154449,dropped_queue_full,,,
3498,1,0,14.575,14.575137801002711,dropped_queue_full,,,
3499,2,0,14.579166666666666,14.579250440001488,dropped_queue_full,,,
3500,3,1,14.583333333333334,14.583371568005532,dropped_queue_full,,,
3501,0,1,14.5875,14.587611526018009,completed,14.644891591975465,57.39159197546506,26.2576961517334
3502,1,1,14.591666666666667,14.592487836955115,completed,14.654968181159347,63.30151449268051,52.3326416015625
3503,2,1,14.595833333333333,14.597372278105468,completed,14.665041249943897,69.20791661056391,35.1841926574707
3504,3,0,14.6,14.602210409939289,dropped_queue_full,,,
3505,0,0,14.604166666666666,14.604295849101618,dropped_queue_full,,,
3506,1,0,14.608333333333333,14.608408808009699,completed,14.67194180097431,63.60846764097694,18.18841552734375
3507,2,0,14.612499999999999,14.613326977938414,dropped_queue_full,,,
3508,3,1,14.616666666666667,14.616773823974654,completed,14.680468066129833,63.80139946316632,44.16371154785156
3509,0,1,14.620833333333334,14.621654815040529,completed,14.689275707118213,68.4423737848796,44.393089294433594
3510,1,1,14.625,14.62680993299,dropped_queue_full,,,
3511,2,1,14.629166666666666,14.629220619099215,completed,14.697986530140042,68.81986347337588,35.495361328125
3512,3,0,14.633333333333333,14.634108169935644,dropped_queue_full,,,
3513,0,0,14.6375,14.637612265069038,dropped_queue_full,,,
3514,1,0,14.641666666666666,14.64172339392826,dropped_queue_full,,,
3515,2,0,14.645833333333334,14.645849541993812,dropped_queue_full,,,
3516,3,1,14.65,14.65008873003535,completed,14.709199068136513,59.19906813651288,26.525184631347656
3517,0,1,14.654166666666667,14.654961430933326,completed,14.71742113493383,63.25446826716252,26.303199768066406
3518,1,1,14.658333333333333,14.660003260942176,completed,14.727886609965935,69.55327663260213,52.4851188659668
3519,2,1,14.6625,14.665034410078079,completed,14.733353656018153,70.85365601815319,35.21513748168945
3520,3,0,14.666666666666666,14.669887341093272,dropped_queue_full,,,
3521,0,0,14.670833333333333,14.67085799202323,dropped_queue_full,,,
3522,1,0,14.674999999999999,14.675091799115762,completed,14.74298615893349,67.98615893349158,18.172576904296875
3523,2,0,14.679166666666667,14.679963411064819,dropped_queue_full,,,
3524,3,1,14.683333333333334,14.683453116100281,completed,14.75139043503441,68.0571017010756,44.08678436279297
3525,0,1,14.6875,14.688307077158242,dropped_queue_full,,,
3526,1,1,14.691666666666666,14.69182355212979,dropped_queue_full,,,
3527,2,1,14.695833333333333,14.695929920999333,dropped_queue_full,,,
3528,3,0,14.7,14.700053679058328,dropped_queue_full,,,
3529,0,0,14.704166666666666,14.70429586712271,completed,14.763449714053422,59.28304738675649,44.24940872192383
3530,1,0,14.708333333333334,14.709191318135709,dropped_queue_full,,,
3531,2,0,14.7125,14.712525204056874,completed,14.771573883015662,59.073883015662076,35.434017181396484
3532,3,1,14.716666666666667,14.717415725113824,completed,14.778097687056288,61.43102038962134,26.51523208618164
3533,0,1,14.720833333333333,14.722543884068727,completed,14.788850719109178,68.01738577584437,26.269695281982422
3534,1,1,14.725,14.727879730053246,completed,14.795414274092764,70.41427409276402,52.29945755004883
3535,2,1,14.729166666666666,14.733175216941163,dropped_queue_full,,,
3536,3,0,14.733333333333333,14.733347536064684,dropped_queue_full,,,
3537,0,0,14.737499999999999,14.7376141929999,dropped_queue_full,,,
3538,1,0,14.741666666666667,14.74172601196915,dropped_queue_full,,,
3539,2,0,14.745833333333334,14.745845860103145,completed,14.804095437051728,58.2621037183948,35.096927642822266
3540,3,1,14.75,14.750735081033781,dropped_queue_full,,,
3541,0,1,14.754166666666666,14.754254066152498,dropped_queue_full,,,
3542,1,1,14.758333333333333,14.758359235012904,completed,14.81804143707268,59.70810373934654,18.280736923217773
3543,2,1,14.7625,14.763444514013827,dropped_queue_full,,,
3544,3,0,14.766666666666666,14.766771011054516,completed,14.822463562944904,55.79689627823825,44.18611145019531
3545,0,0,14.770833333333334,14.771566912997514,completed,14.831299134064466,60.465800731131836,44.526206970214844
3546,1,0,14.775,14.776351015083492,dropped_queue_full,,,
3547,2,0,14.779166666666667,14.779209685977548,completed,14.843020176980644,63.85351031397768,35.70403289794922
3548,3,1,14.783333333333333,14.78402136801742,completed,14.850700919982046,67.36758664871267,26.528352737426758
3549,0,1,14.7875,14.788845428964123,completed,14.857712859055027,70.21285905502772,26.28972816467285
3550,1,1,14.791666666666666,14.793664800934494,dropped_queue_full,,,
3551,2,1,14.795833333333333,14.79589594900608,dropped_queue_full,,,
3552,3,0,14.799999999999999,14.800135736120865,dropped_queue_full,,,
3553,0,0,14.804166666666667,14.804256925126538,dropped_queue_full,,,
3554,1,0,14.808333333333334,14.808357093948871,completed,14.866471451940015,58.13811860668139,52.57807922363281
3555,2,0,14.8125,14.813210394931957,completed,14.876345453085378,63.84545308537781,35.04915237426758
3556,3,1,14.816666666666666,14.81803510710597,dropped_queue_full,,,
3557,0,1,14.820833333333333,14.82087874901481,dropped_queue_full,,,
3558,1,1,14.825,14.825136566068977,completed,14.886808027978987,61.80802797898721,18.238143920898438
3559,2,1,14.829166666666666,14.830009827157483,dropped_queue_full,,,
3560,3,0,14.833333333333334,14.833365703001618,completed,14.896650359034538,63.317025701204344,44.278656005859375
3561,0,0,14.8375,14.838193765142933,completed,14.905030664987862,67.53066498786175,44.421630859375
3562,1,0,14.841666666666667,14.843013206962496,dropped_queue_full,,,
3563,2,0,14.845833333333333,14.84588373801671,completed,14.91087616700679,65.04283367345742,35.661216735839844
3564,3,1,14.85,14.850693490123376,completed,14.920100003946573,70.1000039465729,26.512575149536133
3565,0,1,14.854166666666666,14.855475532123819,dropped_queue_full,,,
3566,1,1,14.858333333333333,14.858352343086153,dropped_queue_full,,,
3567,2,1,14.862499999999999,14.86261135013774,dropped_queue_full,,,
3568,3,0,14.866666666666667,14.866795337991789,dropped_queue_full,,,
3569,0,0,14.870833333333334,14.870930767152458,completed,14.928623398998752,57.790065665418666,26.29852867126465
3570,1,0,14.875,14.876338233007118,completed,14.938250981969759,63.25098196975887,52.43417739868164
3571,2,0,14.879166666666666,14.8815433611162,completed,14.947998245013878,68.83157834721132,35.15238571166992
3572,3,1,14.883333333333333,14.886801498010755,dropped_queue_full,,,
3573,0,1,14.8875,14.887623769929633,dropped_queue_full,,,
3574,1,1,14.891666666666666,14.891743588959798,completed,14.955693837953731,64.0271712870657,18.15238380432129
3575,2,1,14.895833333333334,14.896643059095368,dropped_queue_full,,,
3576,3,0,14.9,14.90013811411336,completed,14.964358501136303,64.35850113630259,44.00048065185547
3577,0,0,14.904166666666667,14.90502524515614,completed,14.97298072394915,68.81405728248247,44.23097610473633
3578,1,0,14.908333333333333,14.90990111604333,dropped_queue_full,,,
3579,2,0,14.9125,14.912612439133227,completed,14.981784265954047,69.2842659540478,35.46076965332031
3580,3,1,14.916666666666666,14.917480631032959,dropped_queue_full,,,
3581,0,1,14.920833333333333,14.920897456118837,dropped_queue_full,,,
3582,1,1,14.924999999999999,14.925138883991167,dropped_queue_full,,,
3583,2,1,14.929166666666667,14.92926481203176,dropped_queue_full,,,
3584,3,0,14.933333333333334,14.93335731094703,completed,14.992530999006703,59.197665673369926,26.43129539489746
3585,0,0,14.9375,14.938244362128899,completed,15.00064646708779,63.14646708779037,26.46121597290039
3586,1,0,14.941666666666666,14.943121294025332,completed,15.010240191128105,68.5735244614385,52.409889221191406
3587,2,0,14.945833333333333,14.94799093506299,completed,15.017102172132581,71.26883879924861,35.09743881225586
3588,3,1,14.95,14.952837666030973,dropped_queue_full,,,
3589,0,1,14.954166666666666,14.954257142031565,dropped_queue_full,,,
3590,1,1,14.958333333333334,14.958360731136054,completed,15.026537847938016,68.20451460468213,18.084320068359375
3591,2,1,14.9625,14.963228862034157,dropped_queue_full,,,
3592,3,0,14.966666666666667,14.966723557095975,completed,15.034986663144082,68.31999647741505,44.01628875732422
3593,0,0,14.970833333333333,14.971568819135427,dropped_queue_full,,,
3594,1,0,14.975,14.975034374045208,dropped_queue_full,,,
3595,2,0,14.979166666666666,14.979314821073785,dropped_queue_full,,,
3596,3,1,14.983333333333333,14.983379780082032,dropped_queue_full,,,
3597,0,1,14.987499999999999,14.98761756811291,completed,15.04659346700646,59.0934670064609,44.0307502746582
3598,1,1,14.991666666666667,14.992522909073159,dropped_queue_full,,,
3599,2,1,14.995833333333334,14.99583499506116,completed,15.05488001415506,59.04668082172648,35.3554573059082
3600,3,0,15.0,15.000641137128696,completed,15.06157246697694,61.57246697694063,26.460512161254883
3601,0,0,15.004166666666666,15.005441569024697,completed,15.072325919056311,68.15925238964482,26.410207748413086
3602,1,0,15.008333333333333,15.010233880952,completed,15.079101791139692,70.76845780635921,52.46684646606445
3603,2,0,15.0125,15.015054862946272,dropped_queue_full,,,
3604,3,1,15.016666666666666,15.016775336116552,dropped_queue_full,,,
3605,0,1,15.020833333333334,15.02084674499929,dropped_queue_full,,,
3606,1,1,15.025,15.025097212055698,dropped_queue_full,,,
3607,2,1,15.029166666666667,15.0291965410579,completed,15.087897883029655,58.73121636298784,35.173439025878906
3608,3,0,15.033333333333333,15.034024182939902,dropped_queue_full,,,
3609,0,0,15.0375,15.037529387976974,dropped_queue_full,,,
3610,1,0,15.041666666666666,15.04176708497107,completed,15.1021757600829,60.50909341623445,18.15132713317871
3611,2,0,15.045833333333333,15.046588086988777,dropped_queue_full,,,
3612,3,1,15.049999999999999,15.050086992094293,completed,15.105986412148923,55.98641214892375,44.206241607666016
3613,0,1,15.054166666666667,15.05487313400954,completed,15.114862413145602,60.69574647893461,44.31856155395508
3614,1,1,15.058333333333334,15.059674286050722,dropped_queue_full,,,
3615,2,1,15.0625,15.062527157133445,completed,15.12709818012081,64.59818012081087,35.60444641113281
3616,3,0,15.066666666666666,15.067473117960617,completed,15.134345557074994,67.67889040832742,26.674976348876953
3617,0,0,15.070833333333333,15.072320439154282,completed,15.141298558097333,70.46522476399986,26.421279907226562
3618,1,0,15.075,15.077364227967337,dropped_queue_full,,,
3619,2,0,15.079166666666666,15.079265428939834,dropped_queue_full,,,
3620,3,1,15.083333333333334,15.083453697152436,dropped_queue_full,,,
3621,0,1,15.0875,15.08756897598505,dropped_queue_full,,,
3622,1,1,15.091666666666667,15.09167332504876,completed,15.150145048974082,58.47838230741509,52.62006378173828
3623,2,1,15.095833333333333,15.096937492024153,completed,15.1590940291062,63.26069577286653,35.16563034057617
3624,3,0,15.1,15.102169020101428,dropped_queue_full,,,
3625,0,0,15.104166666666666,15.104256159160286,dropped_queue_full,,,
3626,1,0,15.108333333333333,15.108367948094383,completed,15.168815222103149,60.481888769816194,18.118751525878906
3627,2,0,15.112499999999999,15.11325686913915,dropped_queue_full,,,
3628,3,1,15.116666666666667,15.11672280402854,completed,15.180023040156811,63.356373490144335,44.05567932128906
3629,0,1,15.120833333333334,15.12158437515609,completed,15.188244157005101,67.41082367176787,44.26076889038086
3630,1,1,15.125,15.127090860158205,dropped_queue_full,,,
3631,2,1,15.129166666666666,15.129319407977164,completed,15.194549703970551,65.38303730388506,35.532928466796875
3632,3,0,15.133333333333333,15.134337587980554,completed,15.203691462986171,70.35812965283839,26.577407836914062
3633,0,0,15.1375,15.13923668814823,dropped_queue_full,,,
3634,1,0,15.141666666666666,15.141780523117632,dropped_queue_full,,,
3635,2,0,15.145833333333334,15.1458847920876,dropped_queue_full,,,
3636,3,1,15.15,15.15013745916076,dropped_queue_full,,,
3637,0,1,15.154166666666667,15.154249588027596,completed,15.212210427038372,58.04376037170478,26.322816848754883
3638,1,1,15.158333333333333,15.159086589934304,completed,15.221641422947869,63.30808961453549,52.4532470703125
3639,2,1,15.1625,15.163979700068012,completed,15.23168591200374,69.18591200374102,34.92268753051758
3640,3,0,15.166666666666666,15.168808642076328,dropped_queue_full,,,
3641,0,0,15.170833333333333,15.170892660971731,dropped_queue_full,,,
3642,1,0,15.174999999999999,15.175157977966592,completed,15.239255726104602,64.25572610460328,18.16387176513672
3643,2,0,15.179166666666667,15.18001528014429,dropped_queue_full,,,
3644,3,1,15.183333333333334,15.183367506135255,completed,15.247782091144472,64.44875781113879,44.06099319458008
3645,0,1,15.1875,15.188238697126508,completed,15.25659581203945,69.09581203944981,44.25094223022461
3646,1,1,15.191666666666666,15.193261647131294,dropped_queue_full,,,
3647,2,1,15.195833333333333,15.195977840106934,completed,15.265311575029045,69.47824169571248,35.61103820800781
3648,3,0,15.2,15.20082418108359,dropped_queue_full,,,
3649,0,0,15.204166666666666,15.204294407041743,dropped_queue_full,,,
3650,1,0,15.208333333333334,15.208405255107209,dropped_queue_full,,,
3651,2,0,15.2125,15.212533404119313,dropped_queue_full,,,
3652,3,1,15.216666666666667,15.216769912047312,completed,15.275705320993438,59.03865432677158,26.46393585205078
3653,0,1,15.220833333333333,15.221634783083573,completed,15.284060517093167,63.227183759833494,26.275232315063477
3654,1,1,15.225,15.226803031051531,completed,15.293918618001044,68.91861800104415,52.33932876586914
3655,2,1,15.229166666666666,15.231678682146594,completed,15.30043687298894,71.27020632227321,35.038944244384766
3656,3,0,15.233333333333333,15.236561753088608,dropped_queue_full,,,
3657,0,0,15.237499999999999,15.237531793070957,dropped_queue_full,,,
3658,1,0,15.241666666666667,15.241774491034448,completed,15.310099526075646,68.43285940897914,18.17945671081543
3659,2,0,15.245833333333334,15.246644122060388,dropped_queue_full,,,
3660,3,1,15.25,15.250136447139084,completed,15.318621810991317,68.62181099131703,44.09126281738281
3661,0,1,15.254166666666666,15.254991027992219,dropped_queue_full,,,
3662,1,1,15.258333333333333,15.258351005148143,dropped_queue_full,,,
3663,2,1,15.2625,15.2626135321334,dropped_queue_full,,,
3664,3,0,15.266666666666666,15.266745041124523,dropped_queue_full,,,
3665,0,0,15.270833333333334,15.270837820135057,completed,15.330905047943816,60.07171461048166,44.30972671508789
3666,1,0,15.275,15.275697550969198,dropped_queue_full,,,
3667,2,0,15.279166666666667,15.279197955969721,completed,15.339295184006914,60.12851734024771,35.571136474609375
3668,3,1,15.283333333333333,15.284055117052048,completed,15.34544664202258,62.11330868924669,26.637664794921875
3669,0,1,15.2875,15.288877018960193,completed,15.357535551069304,70.0355510693047,26.474592208862305
3670,1,1,15.291666666666666,15.2939122680109,completed,15.363268004031852,71.60133736518581,52.6822395324707
3671,2,1,15.295833333333333,15.298985447967425,dropped_queue_full,,,
3672,3,0,15.299999999999999,15.300110126147047,dropped_queue_full,,,
3673,0,0,15.304166666666667,15.304248545086011,dropped_queue_full,,,
3674,1,0,15.308333333333334,15.308361154049635,dropped_queue_full,,,
3675,2,0,15.3125,15.312613470945507,completed,15.371686089085415,59.186089085415006,35.322017669677734
3676,3,1,15.316666666666666,15.317517032148317,dropped_queue_full,,,
3677,0,1,15.320833333333333,15.320846928982064,dropped_queue_full,,,
3678,1,1,15.325,15.32506611593999,completed,15.384901467012241,59.90146701224219,18.19366455078125
3679,2,1,15.329166666666666,15.330898798070848,dropped_queue_full,,,
3680,3,0,15.333333333333334,15.333460052032024,completed,15.38978345808573,56.450124752396746,44.17558288574219
3681,0,0,15.3375,15.339286773931235,completed,15.398518880130723,61.01888013072276,44.30169677734375
3682,1,0,15.341666666666667,15.345103455940261,dropped_queue_full,,,
3683,2,0,15.345833333333333,15.345932896947488,completed,15.410004385048524,64.17105171519033,35.46134567260742
3684,3,1,15.35,15.351733369054273,completed,15.417455120943487,67.45512094348705,26.4899845123291
3685,0,1,15.354166666666666,15.357529270928353,completed,15.424946154933423,70.77948826675673,26.32271957397461
3686,1,1,15.358333333333333,15.363261834019795,dropped_dispatch_late,,,
3687,2,1,15.362499999999999,15.363277533091605,dropped_queue_full,,,
3688,3,0,15.366666666666667,15.366772828157991,dropped_queue_full,,,
3689,0,0,15.370833333333334,15.370880257105455,dropped_queue_full,,,
3690,1,0,15.375,15.375138005008921,completed,15.433790487004444,58.790487004444,52.44287872314453
3691,2,0,15.379166666666666,15.380036546150222,completed,15.442472859984264,63.30619331759735,35.15913772583008
3692,3,1,15.383333333333333,15.384894967079163,dropped_queue_full,,,
3693,0,1,15.3875,15.387563640018925,dropped_queue_full,,,
3694,1,1,15.391666666666666,15.391693548997864,completed,15.452229022048414,60.562355381748034,18.189727783203125
3695,2,1,15.395833333333334,15.396756198024377,dropped_queue_full,,,
3696,3,0,15.4,15.400087364949286,completed,15.46328331110999,63.283311109989526,44.142784118652344
3697,0,0,15.404166666666667,15.405108514009044,completed,15.471639898139983,67.47323147331663,44.41574478149414
3698,1,0,15.408333333333333,15.409997534938157,dropped_queue_full,,,
3699,2,0,15.4125,15.412551590008661,completed,15.478260850999504,65.76085099950468,35.58287811279297
3700,3,1,15.416666666666666,15.417447200976312,completed,15.487254600971937,70.5879343052711,26.50547218322754
3701,0,1,15.420833333333333,15.422315642004833,dropped_queue_full,,,
3702,1,1,15.424999999999999,15.425111794145778,dropped_queue_full,,,
3703,2,1,15.429166666666667,15.429214113159105,dropped_queue_full,,,
3704,3,0,15.433333333333334,15.43345940997824,dropped_queue_full,,,
3705,0,0,15.4375,15.437567019136623,completed,15.49609781196341,58.597811963409185,26.483295440673828
3706,1,0,15.441666666666666,15.44246494001709,completed,15.505538037978113,63.87137131144627,52.693599700927734
3707,2,0,15.445833333333333,15.447357051074505,completed,15.51655263802968,70.7193046963468,35.370113372802734
3708,3,1,15.45,15.4522225020919,dropped_queue_full,,,
3709,0,1,15.454166666666666,15.454295811010525,dropped_queue_full,,,
3710,1,1,15.458333333333334,15.458407999947667,completed,15.523462728131562,65.12939479822855,18.298751831054688
3711,2,1,15.4625,15.463275591144338,dropped_queue_full,,,
3712,3,0,15.466666666666667,15.466773346066475,completed,15.531984633067623,65.317966400956,44.50022506713867
3713,0,0,15.470833333333333,15.471634448040277,completed,15.540775235043839,69.9419017105054,44.477760314941406
3714,1,0,15.475,15.476502519100904,dropped_queue_full,,,
3715,2,0,15.479166666666666,15.479218752123415,completed,15.549463018076494,70.29635140982826,35.55161666870117
3716,3,1,15.483333333333333,15.484110163059086,dropped_queue_full,,,
3717,0,1,15.487499999999999,15.487575858132914,dropped_queue_full,,,
3718,1,1,15.491666666666667,15.491675636963919,dropped_queue_full,,,
3719,2,1,15.495833333333334,15.495928314048797,dropped_queue_full,,,
3720,3,0,15.5,15.500037773046643,completed,15.55902744201012,59.02744201011956,26.42527961730957
3721,0,0,15.504166666666666,15.505531457951292,completed,15.567355697974563,63.189031307896215,26.307008743286133
3722,1,0,15.508333333333333,15.511227881070226,completed,15.577090970939025,68.75763760569242,52.41872024536133
3723,2,0,15.5125,15.516545388149098,completed,15.584616895997897,72.1168959978975,35.08607864379883
3724,3,1,15.516666666666666,15.521736836060882,dropped_dispatch_late,,,
3725,0,1,15.520833333333334,15.521745056146756,dropped_queue_full,,,
3726,1,1,15.525,15.525057991966605,completed,15.594256259035319,69.25625903531873,18.18876838684082
3727,2,1,15.529166666666667,15.530244490131736,dropped_queue_full,,,
3728,3,0,15.533333333333333,15.533418189035729,completed,15.60277714394033,69.44381060699634,44.1341438293457
3729,0,0,15.5375,15.538252539932728,dropped_queue_full,,,
3730,1,0,15.541666666666666,15.541734815109521,dropped_queue_full,,,
3731,2,0,15.545833333333333,15.545834744116291,dropped_queue_full,,,
3732,3,1,15.549999999999999,15.55009977100417,dropped_queue_full,,,
3733,0,1,15.554166666666667,15.554196360055357,completed,15.613565064966679,59.39839830001148,44.36966323852539
3734,1,1,15.558333333333334,15.559019471984357,dropped_queue_full,,,
3735,2,1,15.5625,15.562517607118934,completed,15.62161999498494,59.119994984939694,35.60371017456055
3736,3,0,15.566666666666666,15.567350388970226,completed,15.634505106136203,67.83843946953638,26.566368103027344
3737,0,0,15.570833333333333,15.572213449981064,completed,15.639704623958096,68.87129062476305,26.16147232055664
3738,1,0,15.575,15.577084660995752,completed,15.646778272930533,71.7782729305334,52.34550476074219
3739,2,0,15.579166666666666,15.581939422059804,dropped_queue_full,,,
3740,3,1,15.583333333333334,15.583380457945168,dropped_queue_full,,,
3741,0,1,15.5875,15.587610695976764,dropped_queue_full,,,
3742,1,1,15.591666666666667,15.591723194113001,dropped_queue_full,,,
3743,2,1,15.595833333333333,15.595846323063597,completed,15.655462576076388,59.629242743055144,34.97100830078125
3744,3,0,15.6,15.60072273411788,dropped_queue_full,,,
3745,0,0,15.604166666666666,15.604209459153935,dropped_queue_full,,,
3746,1,0,15.608333333333333,15.608453206950799,completed,15.668255747063085,59.92241372975293,18.250015258789062
3747,2,0,15.612499999999999,15.613559735007584,dropped_queue_full,,,
3748,3,1,15.616666666666667,15.616745444014668,completed,15.673783312086016,57.1166454193488,44.1003532409668
3749,0,1,15.620833333333334,15.621612824965268,completed,15.682615674100816,61.78234076748268,44.438209533691406
3750,1,1,15.625,15.626771203009412,dropped_queue_full,,,
3751,2,1,15.629166666666666,15.629252958111465,completed,15.693183918017894,64.0172513512276,35.723934173583984
3752,3,0,15.633333333333333,15.634496916085482,completed,15.700735222082585,67.40188874925224,26.52262306213379
3753,0,0,15.6375,15.639698614133522,completed,15.709201207151636,71.70120715163719,26.419296264648438
3754,1,0,15.641666666666666,15.64487348194234,dropped_queue_full,,,
3755,2,0,15.645833333333334,15.645839561941102,dropped_queue_full,,,
3756,3,1,15.65,15.650091239018366,dropped_queue_full,,,
3757,0,1,15.654166666666667,15.654197168070823,dropped_queue_full,,,
3758,1,1,15.658333333333333,15.658454216085374,completed,15.7178293610923,59.49602775896601,52.577056884765625
3759,2,1,15.6625,15.663352237083018,completed,15.731302425963804,68.80242596380448,35.01696014404297
3760,3,0,15.666666666666666,15.668249407084659,dropped_queue_full,,,
3761,0,0,15.670833333333333,15.670934010995552,dropped_queue_full,,,
3762,1,0,15.674999999999999,15.675055559026077,completed,15.736829509958625,61.829509958625906,18.095199584960938
3763,2,0,15.679166666666667,15.679928930010647,dropped_queue_full,,,
3764,3,1,15.683333333333334,15.683417386142537,completed,15.74656541296281,63.232079629475635,44.13081741333008
3765,0,1,15.6875,15.688293897081167,completed,15.754841200076044,67.3412000760436,44.17375946044922
3766,1,1,15.691666666666666,15.693176858127117,dropped_queue_full,,,
3767,2,1,15.695833333333333,15.69588756095618,completed,15.7621427369304,66.30940359706727,35.529502868652344
3768,3,0,15.7,15.700727662071586,completed,15.7713040150702,71.30401507020068,26.56608009338379
3769,0,0,15.704166666666666,15.705540574155748,dropped_queue_full,,,
3770,1,0,15.708333333333334,15.708400805015117,dropped_queue_full,,,
3771,2,0,15.7125,15.712514654034749,dropped_queue_full,,,
3772,3,1,15.716666666666667,15.7167091621086,dropped_queue_full,,,
3773,0,1,15.720833333333333,15.720977629069239,completed,15.779988628113642,59.15529478030912,26.407264709472656
3774,1,1,15.725,15.726183287100866,completed,15.79323103511706,68.2310351170603,52.58272171020508
3775,2,1,15.729166666666666,15.731295196106657,completed,15.798122926149517,68.95625948285122,35.14726257324219
3776,3,0,15.733333333333333,15.736823139945045,dropped_queue_full,,,
3777,0,0,15.737499999999999,15.737619932042435,dropped_queue_full,,,
3778,1,0,15.741666666666667,15.7417193709407,completed,15.807255725143477,65.58905847681018,18.242080688476562
3779,2,0,15.745833333333334,15.746557713020593,dropped_queue_full,,,
3780,3,1,15.75,15.750038367928937,completed,15.815835339017212,65.83533901721239,44.25328063964844
3781,0,1,15.754166666666666,15.754835939966142,completed,15.824678470147774,70.5118034811072,44.49244689941406
3782,1,1,15.758333333333333,15.759947209153324,dropped_queue_full,,,
3783,2,1,15.7625,15.762623392045498,completed,15.83357868110761,71.07868110761117,36.05535888671875
3784,3,0,15.766666666666666,15.767487643053755,dropped_queue_full,,,
3785,0,0,15.770833333333334,15.77084271912463,dropped_queue_full,,,
3786,1,0,15.775,15.775091967079788,dropped_queue_full,,,
3787,2,0,15.779166666666667,15.779201945988461,dropped_queue_full,,,
3788,3,1,15.783333333333333,15.783456633100286,completed,15.842894277069718,59.56094373638443,26.903072357177734
3789,0,1,15.7875,15.788342474028468,completed,15.85617806413211,68.67806413210964,26.707008361816406
3790,1,1,15.791666666666666,15.793224764987826,completed,15.861351673025638,69.68500635897179,52.86985778808594
3791,2,1,15.795833333333333,15.79811590607278,completed,15.868939117062837,73.10578372950438,35.19529724121094
3792,3,0,15.799999999999999,15.802965338109061,dropped_queue_full,,,
3793,0,0,15.804166666666667,15.804261764977127,dropped_queue_full,,,
3794,1,0,15.808333333333334,15.808371003018692,completed,15.878575300099328,70.24196676599459,18.146656036376953
3795,2,0,15.8125,15.813274543965235,dropped_queue_full,,,
3796,3,1,15.816666666666666,15.816775309154764,completed,15.886935875983909,70.26920931724234,44.05235290527344
3797,0,1,15.820833333333333,15.821645579999313,dropped_queue_full,,,
3798,1,1,15.825,15.825137275038287,dropped_queue_full,,,
3799,2,1,15.829166666666666,15.829202125081792,dropped_queue_full,,,
3800,3,0,15.833333333333334,15.833406382938847,dropped_queue_full,,,
3801,0,0,15.8375,15.83751796092838,completed,15.89655314013362,59.05314013361895,44.13296127319336
3802,1,0,15.841666666666667,15.842399182030931,dropped_queue_full,,,
3803,2,0,15.845833333333333,15.845881507964805,completed,15.90490760607645,59.07427274311594,35.35804748535156
3804,3,1,15.85,15.851030046120286,completed,15.917506900150329,67.50690015032923,26.347488403320312
3805,0,1,15.854166666666666,15.856172474101186,completed,15.922346311155707,68.17964448904057,26.343679428100586
3806,1,1,15.858333333333333,15.861344462959096,completed,15.930936345132068,72.6030117987353,52.31264114379883
3807,2,1,15.862499999999999,15.866533951135352,dropped_queue_full,,,
3808,3,0,15.866666666666667,15.866706189000979,dropped_queue_full,,,
3809,0,0,15.870833333333334,15.870849697152153,dropped_queue_full,,,
3810,1,0,15.875,15.875089405104518,dropped_queue_full,,,
3811,2,0,15.879166666666666,15.879214103100821,completed,15.93968786811456,60.52120144789441,35.065887451171875
3812,3,1,15.883333333333333,15.88407377502881,dropped_queue_full,,,
3813,0,1,15.8875,15.88757571997121,dropped_queue_full,,,
3814,1,1,15.891666666666666,15.891678438987583,completed,15.951498918933794,59.83225226712818,18.168352127075195
3815,2,1,15.895833333333334,15.896547809941694,dropped_queue_full,,,
3816,3,0,15.9,15.90004170499742,completed,15.957684176973999,57.68417697399819,44.1234245300293
3817,0,0,15.904166666666667,15.904900056077167,completed,15.966458308976144,62.29164230947681,44.16700744628906
3818,1,0,15.908333333333333,15.909778157016262,dropped_queue_full,,,
3819,2,0,15.9125,15.912613609107211,completed,15.976525007979944,64.0250079799447,35.43436813354492
3820,3,1,15.916666666666666,15.91749937995337,completed,15.984251820947975,67.58515428130885,26.453439712524414
3821,0,1,15.920833333333333,15.922341010998935,completed,15.99309413204901,72.2607987156767,26.448095321655273
3822,1,1,15.924999999999999,15.927762286970392,dropped_queue_full,,,
3823,2,1,15.929166666666667,15.929205503081903,dropped_queue_full,,,
3824,3,0,15.933333333333334,15.933387581026182,dropped_queue_full,,,
3825,0,0,15.9375,15.93761354801245,dropped_queue_full,,,
3826,1,0,15.941666666666666,15.941724447067827,completed,16.004890914075077,63.22424740841015,52.409950256347656
3827,2,0,15.945833333333333,15.946626527933404,completed,16.014622627058998,68.78929372566489,35.16831970214844
3828,3,1,15.95,15.951492469059303,dropped_queue_full,,,
3829,0,1,15.954166666666666,15.954210581956431,dropped_queue_full,,,
3830,1,1,15.958333333333334,15.958457489032298,completed,16.019987953128293,61.65461979495923,18.094463348388672
3831,2,1,15.9625,15.963315741159022,dropped_queue_full,,,
3832,3,0,15.966666666666667,15.966780556133017,completed,16.029923883033916,63.25721636724957,44.047393798828125
3833,0,0,15.970833333333333,15.971632166998461,completed,16.038333598989993,67.50026565666012,44.037471771240234
3834,1,0,15.975,15.976517928065732,dropped_queue_full,,,
3835,2,0,15.979166666666666,15.979203462135047,completed,16.04593688296154,66.77021629487534,35.286014556884766
3836,3,1,15.983333333333333,15.984075023094192,dropped_queue_full,,,
3837,0,1,15.987499999999999,15.987565548159182,dropped_queue_full,,,
3838,1,1,15.991666666666667,15.991677646990865,dropped_queue_full,,,
3839,2,1,15.995833333333334,15.99592885398306,dropped_queue_full,,,
3840,3,0,16.0,16.00003965315409,completed,16.054940063040704,54.940063040703535,26.371456146240234
3841,0,0,16.004166666666666,16.00488474406302,completed,16.06377989402972,59.61322736305519,26.431232452392578
3842,1,0,16.008333333333333,16.009732366073877,completed,16.076521116076037,68.18778274270443,52.3870735168457
3843,2,0,16.0125,16.01461543701589,completed,16.08139948803,68.89948803000223,35.19340896606445
3844,3,1,16.016666666666666,16.0194929279387,dropped_queue_full,,,
3845,0,1,16.020833333333332,16.02094450313598,dropped_queue_full,,,
3846,1,1,16.025,16.025046322029084,completed,16.09084027307108,65.84027307108187,18.123872756958008
3847,2,1,16.029166666666665,16.029916003113613,dropped_queue_full,,,
3848,3,0,16.03333333333333,16.033453678013757,completed,16.09930482809432,65.97149476098707,44.18550491333008
3849,0,0,16.0375,16.038328169146553,completed,16.10814528912306,70.6452891230569,44.171295166015625
3850,1,0,16.041666666666668,16.043409578036517,dropped_queue_full,,,
3851,2,0,16.045833333333334,16.04593221307732,completed,16.116849322104827,71.01598877149229,35.4378547668457
3852,3,1,16.05,16.050838984083384,dropped_queue_full,,,
3853,0,1,16.054166666666667,16.054295109119266,dropped_queue_full,,,
3854,1,1,16.058333333333334,16.05840537813492,dropped_queue_full,,,
3855,2,1,16.0625,16.06251414702274,dropped_queue_full,,,
3856,3,0,16.066666666666666,16.066776514053345,completed,16.126035779947415,59.369113280748564,26.406463623046875
3857,0,0,16.070833333333333,16.071673185098916,completed,16.13990225107409,69.06891774075774,26.426719665527344
3858,1,0,16.075,16.076514247106388,completed,16.145531425019726,70.53142501972687,52.45030212402344
3859,2,0,16.079166666666666,16.081392118008807,completed,16.152145279105753,72.97861243908699,35.20220947265625
3860,3,1,16.083333333333332,16.08625820907764,dropped_queue_full,,,
3861,0,1,16.0875,16.087542196037248,dropped_queue_full,,,
3862,1,1,16.091666666666665,16.091794873122126,completed,16.161777072120458,70.11040545379288,18.208864212036133
3863,2,1,16.09583333333333,16.09722911915742,dropped_queue_full,,,
3864,3,0,16.1,16.10010428004898,completed,16.17030062712729,70.30062712728835,44.20915222167969
3865,0,0,16.104166666666668,16.105306608136743,dropped_queue_full,,,
3866,1,0,16.108333333333334,16.10846936609596,dropped_queue_full,,,
3867,2,0,16.1125,16.112569305114448,dropped_queue_full,,,
3868,3,1,16.116666666666667,16.11667831405066,dropped_queue_full,,,
3869,0,1,16.120833333333334,16.120931731071323,completed,16.179925529984757,59.092196651423734,44.22796630859375
3870,1,1,16.125,16.12602770002559,dropped_queue_full,,,
3871,2,1,16.129166666666666,16.129204349126667,completed,16.18831098615192,59.14431948525234,35.304161071777344
3872,3,0,16.133333333333333,16.134477826068178,completed,16.200760272098705,67.42693876537231,26.218368530273438
3873,0,0,16.1375,16.139896580949426,completed,16.205629273084924,68.12927308492434,26.230079650878906
3874,1,0,16.141666666666666,16.145524285035208,completed,16.214146106969565,72.47944030289943,52.19929504394531
3875,2,0,16.145833333333332,16.150723243132234,dropped_dispatch_late,,,
3876,3,1,16.15,16.15073192305863,dropped_queue_full,,,
3877,0,1,16.154166666666665,16.154212318127975,dropped_queue_full,,,
3878,1,1,16.15833333333333,16.15845370502211,dropped_queue_full,,,
3879,2,1,16.1625,16.162575534079224,completed,16.222688351990655,60.18835199065364,35.021278381347656
3880,3,0,16.166666666666668,16.16745761502534,dropped_queue_full,,,
3881,0,0,16.170833333333334,16.170939899981022,dropped_queue_full,,,
3882,1,0,16.175,16.17503970908001,completed,16.235898728948087,60.89872894808579,18.124479293823242
3883,2,0,16.179166666666667,16.17992004007101,dropped_queue_full,,,
3884,3,1,16.183333333333334,16.18340912507847,completed,16.240940689109266,57.607355775932234,44.14668655395508
3885,0,1,16.1875,16.188303796108812,completed,16.249826210085303,62.32621008530259,44.438846588134766
3886,1,1,16.191666666666666,16.193174917949364,dropped_queue_full,,,
3887,2,1,16.195833333333333,16.195888620102778,completed,16.259867978980765,64.03464564743189,35.7782096862793
3888,3,0,16.2,16.20075248205103,completed,16.267649380955845,67.64938095584583,26.67580795288086
3889,0,0,16.204166666666666,16.205623653018847,completed,16.276213384931907,72.04671826524134,26.238784790039062
3890,1,0,16.208333333333332,16.210776281077415,dropped_queue_full,,,
3891,2,0,16.2125,16.212551433127373,dropped_queue_full,,,
3892,3,1,16.216666666666665,16.216699422104284,dropped_queue_full,,,
3893,0,1,16.22083333333333,16.22092879912816,dropped_queue_full,,,
3894,1,1,16.225,16.225048027932644,completed,16.28831108403392,63.31108403391994,52.56560134887695
3895,2,1,16.229166666666668,16.230643822113052,completed,16.29804327711463,68.8766104479619,35.07449722290039
3896,3,0,16.233333333333334,16.235891370102763,dropped_queue_full,,,
3897,0,0,16.2375,16.237616311991587,dropped_queue_full,,,
3898,1,0,16.241666666666667,16.24173911102116,completed,16.303397233132273,61.73056646560582,18.212575912475586
3899,2,0,16.245833333333334,16.246835639933124,dropped_queue_full,,,
3900,3,1,16.25,16.25013625714928,completed,16.313366462942213,63.36646294221282,44.038719177246094
3901,0,1,16.254166666666666,16.255006828112528,completed,16.321560891112313,67.39422444564624,44.24879837036133
3902,1,1,16.258333333333333,16.259860838996246,dropped_queue_full,,,
3903,2,1,16.2625,16.262569681974128,completed,16.329269703943282,66.76970394328308,35.40591812133789
3904,3,0,16.266666666666666,16.2674721730873,dropped_queue_full,,,
3905,0,0,16.270833333333332,16.270836369134486,dropped_queue_full,,,
3906,1,0,16.275,16.275090737035498,dropped_queue_full,,,
3907,2,0,16.279166666666665,16.279200816061348,dropped_queue_full,,,
3908,3,1,16.28333333333333,16.28345246310346,completed,16.33854702115059,55.21368781725755,26.421855926513672
3909,0,1,16.2875,16.288304574089125,completed,16.35093459696509,63.43459696508802,26.22515106201172
3910,1,1,16.291666666666668,16.293153366073966,completed,16.355912877013907,64.24621034723899,52.335262298583984
3911,2,1,16.295833333333334,16.298036287073046,completed,16.366792968008667,70.95963467533295,35.06480026245117
3912,3,0,16.3,16.302905027987435,dropped_queue_full,,,
3913,0,0,16.304166666666667,16.30419641500339,dropped_queue_full,,,
3914,1,0,16.308333333333334,16.30845455196686,completed,16.374257392948493,65.92405961515979,18.178272247314453
3915,2,0,16.3125,16.313358653103933,dropped_queue_full,,,
3916,3,1,16.316666666666666,16.316680350108072,completed,16.384821067098528,68.15440043186172,44.11628723144531
3917,0,1,16.320833333333333,16.321555561153218,completed,16.391459121135995,70.62578780266193,44.366912841796875
3918,1,1,16.325,16.326877668034285,dropped_queue_full,,,
3919,2,1,16.329166666666666,16.32926012412645,dropped_queue_full,,,
3920,3,0,16.333333333333332,16.333364272955805,dropped_queue_full,,,
3921,0,0,16.3375,16.33758084103465,dropped_queue_full,,,
3922,1,0,16.341666666666665,16.341721339151263,dropped_queue_full,,,
3923,2,0,16.34583333333333,16.345840918133035,completed,16.400309382006526,54.476048673194555,35.56505584716797
3924,3,1,16.35,16.350928557105362,completed,16.40931658213958,59.31658213958002,26.514591217041016
3925,0,1,16.354166666666668,16.35590543714352,completed,16.42235822114162,68.19155447495362,26.33011245727539
3926,1,1,16.358333333333334,16.361568639986217,completed,16.427564498968422,69.23116563508813,52.433441162109375
3927,2,1,16.3625,16.366784858051687,dropped_dispatch_late,,,
3928,3,0,16.366666666666667,16.366802028147504,dropped_queue_full,,,
3929,0,0,16.370833333333334,16.370931996032596,dropped_queue_full,,,
3930,1,0,16.375,16.375055615091696,completed,16.43651598901488,61.51598901487887,9.687968254089355
3931,2,0,16.379166666666666,16.379937645979226,completed,16.446891125058755,67.72445839208885,44.71705627441406
3932,3,1,16.383333333333333,16.384813767159358,completed,16.453921985113993,70.58865178066043,44.404991149902344
3933,0,1,16.3875,16.38971416815184,dropped_queue_full,,,
3934,1,1,16.391666666666666,16.391782767139375,dropped_queue_full,,,
3935,2,1,16.395833333333332,16.395884176017717,dropped_queue_full,,,
3936,3,0,16.4,16.4001384540461,dropped_queue_full,,,
3937,0,0,16.404166666666665,16.404247611993924,completed,16.462679457152262,58.51279048559732,44.551456451416016
3938,1,0,16.40833333333333,16.40913939406164,dropped_queue_full,,,
3939,2,0,16.4125,16.412614019121975,completed,16.47636490012519,63.864900125189195,26.771711349487305
3940,3,1,16.416666666666668,16.417496440000832,completed,16.48402696312405,67.36029645738384,26.52182388305664
3941,0,1,16.420833333333334,16.422352781053632,completed,16.489307820098475,68.47448676514034,26.5633602142334
3942,1,1,16.425,16.427557518938556,completed,16.498144462006167,73.14446200616587,61.406463623046875
3943,2,1,16.429166666666667,16.432748777093366,dropped_queue_full,,,
3944,3,0,16.433333333333334,16.433398350141943,dropped_queue_full,,,
3945,0,0,16.4375,16.43762679793872,dropped_queue_full,,,
3946,1,0,16.441666666666666,16.4417268470861,completed,16.509109081933275,67.44241526660844,9.680800437927246
3947,2,0,16.445833333333333,16.446882845135406,completed,16.509119492024183,63.286158690850414,36.15033721923828
3948,3,1,16.45,16.45199890411459,dropped_queue_full,,,
3949,0,1,16.454166666666666,16.45424611098133,dropped_queue_full,,,
3950,1,1,16.458333333333332,16.458346100058407,dropped_queue_full,,,
3951,2,1,16.4625,16.462507718941197,dropped_queue_full,,,
3952,3,0,16.466666666666665,16.46677230601199,completed,16.529899992980063,63.23332631339795,44.52348709106445
3953,0,0,16.47083333333333,16.471575268078595,completed,16.538166329963133,67.3329966298013,44.47596740722656
3954,1,0,16.475,16.4763579799328,dropped_queue_full,,,
3955,2,0,16.479166666666668,16.479203230934218,completed,16.543397958157584,64.23129149091622,34.8570556640625
3956,3,1,16.483333333333334,16.484019472962245,completed,16.55188667308539,68.55333975205724,26.461376190185547
3957,0,1,16.4875,16.488812005147338,dropped_queue_full,,,
3958,1,1,16.491666666666667,16.49169204593636,dropped_queue_full,,,
3959,2,1,16.495833333333334,16.495928504038602,dropped_queue_full,,,
3960,3,0,16.5,16.500050163129345,dropped_queue_full,,,
3961,0,0,16.504166666666666,16.504296110011637,completed,16.56056990614161,56.403239474942524,26.542879104614258
3962,1,0,16.508333333333333,16.50910265208222,completed,16.571786073967814,63.452740634481586,60.0722541809082
3963,2,0,16.5125,16.513983603101224,completed,16.581690204096958,69.19020409695875,34.93174362182617
3964,3,1,16.516666666666666,16.518773844931275,dropped_queue_full,,,
3965,0,1,16.520833333333332,16.52084774407558,dropped_queue_full,,,
3966,1,1,16.525,16.5250873521436,completed,16.587675024056807,62.67502405680858,18.06403160095215
3967,2,1,16.529166666666665,16.529892333084717,dropped_queue_full,,,
3968,3,0,16.53333333333333,16.533357059117407,completed,16.597026081057265,63.69274772393396,44.23430252075195
3969,0,0,16.5375,16.538161071017385,completed,16.605081859976053,67.58185997605182,44.26348876953125
3970,1,0,16.541666666666668,16.54322032001801,dropped_queue_full,,,
3971,2,0,16.545833333333334,16.545926433056593,completed,16.613784343004227,67.9510096708924,35.279296875
3972,3,1,16.55,16.550756134092808,dropped_queue_full,,,
3973,0,1,16.554166666666667,16.554245488950983,dropped_queue_full,,,
3974,1,1,16.558333333333334,16.55835723807104,dropped_queue_full,,,
3975,2,1,16.5625,16.562503637047485,dropped_queue_full,,,
3976,3,0,16.566666666666666,16.566772514022887,completed,16.62605290999636,59.38624332969411,26.567903518676758
3977,0,0,16.570833333333333,16.57177976402454,completed,16.634110538987443,63.27720565410999,26.404287338256836
3978,1,0,16.575,16.576593375066295,completed,16.64413976902142,69.13976902142238,52.484798431396484
3979,2,0,16.579166666666666,16.58168306411244,completed,16.649038979085162,69.87231241849656,35.081504821777344
3980,3,1,16.583333333333332,16.586860753130168,dropped_queue_full,,,
3981,0,1,16.5875,16.587508545955643,dropped_queue_full,,,
3982,1,1,16.591666666666665,16.591781333088875,completed,16.658468675101176,66.8020084345109,18.10348892211914
3983,2,1,16.59583333333333,16.597017301013693,dropped_queue_full,,,
3984,3,0,16.6,16.6000455301255,completed,16.667098509147763,67.09850914776183,43.96937561035156
3985,0,0,16.604166666666668,16.604908521985635,dropped_queue_full,,,
3986,1,0,16.608333333333334,16.608409867156297,dropped_queue_full,,,
3987,2,0,16.6125,16.612526935059577,dropped_queue_full,,,
3988,3,1,16.616666666666667,16.616774752968922,dropped_queue_full,,,
3989,0,1,16.620833333333334,16.62088123196736,completed,16.675843741046265,55.0104077129312,44.087039947509766
3990,1,1,16.625,16.626044280128554,dropped_queue_full,,,
3991,2,1,16.629166666666666,16.629207688150927,completed,16.688342726090923,59.17605942425652,35.32988739013672
3992,3,0,16.633333333333333,16.634104158962145,completed,16.69357044296339,60.23710963005868,26.403295516967773
3993,0,0,16.6375,16.639009749982506,completed,16.705630803015083,68.13080301508379,26.20467185974121
3994,1,0,16.641666666666666,16.64413319900632,completed,16.71100690914318,69.34024247651394,52.28313446044922
3995,2,0,16.645833333333332,16.64903153013438,completed,16.719732081051916,73.89874771858373,35.09164810180664
3996,3,1,16.65,16.653899230994284,dropped_queue_full,,,
3997,0,1,16.654166666666665,16.65422799810767,dropped_queue_full,,,
3998,1,1,16.65833333333333,16.658464135136455,completed,16.73000070801936,71.66737468602946,18.17977523803711
3999,2,1,16.6625,16.663781592156738,dropped_queue_full,,,
4000,3,0,16.666666666666668,16.66677189199254,dropped_queue_full,,,
4001,0,0,16.670833333333334,16.67092733993195,dropped_queue_full,,,
4002,1,0,16.675,16.675040539121255,dropped_queue_full,,,
4003,2,0,16.679166666666667,16.67919715703465,dropped_queue_full,,,
4004,3,1,16.683333333333334,16.683455435093492,completed,16.737849910045043,54.516576711709064,44.06425476074219
4005,0,1,16.6875,16.688335576094687,completed,16.74661159212701,59.111592127010226,44.302879333496094
4006,1,1,16.691666666666666,16.693234517006204,dropped_queue_full,,,
4007,2,1,16.695833333333333,16.695928540080786,completed,16.759682771051303,63.84943771796969,35.50419235229492
4008,3,0,16.7,16.70081981108524,completed,16.767348404042423,67.34840404242348,26.462783813476562
4009,0,0,16.704166666666666,16.705625412985682,completed,16.7732557549607,69.08908829403515,26.543264389038086
4010,1,0,16.708333333333332,16.710501414025202,dropped_queue_full,,,
4011,2,0,16.7125,16.712612143019214,dropped_queue_full,,,
4012,3,1,16.716666666666665,16.716726421145722,dropped_queue_full,,,
4013,0,1,16.72083333333333,16.72084538009949,dropped_queue_full,,,
4014,1,1,16.725,16.725121516967192,completed,16.78209608606994,57.0960860699401,52.65625762939453
4015,2,1,16.729166666666668,16.729994398076087,completed,16.792424123035744,63.25745636907598,35.37635040283203
4016,3,0,16.733333333333334,16.73480929993093,dropped_queue_full,,,
4017,0,0,16.7375,16.737524532945827,dropped_queue_full,,,
4018,1,0,16.741666666666667,16.741770250024274,completed,16.802088995929807,60.422329263140284,18.176063537597656
4019,2,0,16.745833333333334,16.746606052154675,dropped_queue_full,,,
4020,3,1,16.75,16.750086606945843,completed,16.81330424407497,63.304244074970484,44.35203170776367
4021,0,1,16.754166666666666,16.75488009909168,completed,16.82162199006416,67.4553233974926,44.279327392578125
4022,1,1,16.758333333333333,16.75967578100972,dropped_queue_full,,,
4023,2,1,16.7625,16.76251868205145,completed,16.82676247903146,64.26247903145921,35.3304328918457
4024,3,0,16.766666666666666,16.76734081399627,completed,16.835462952032685,68.79628536601956,26.40070343017578
4025,0,0,16.770833333333332,16.772127486066893,dropped_queue_full,,,
4026,1,0,16.775,16.77513597602956,dropped_queue_full,,,
4027,2,0,16.779166666666665,16.77924970514141,dropped_queue_full,,,
4028,3,1,16.78333333333333,16.783349273959175,dropped_queue_full,,,
4029,0,1,16.7875,16.78761121095158,completed,16.844100905116647,56.60090511664606,26.289535522460938
4030,1,1,16.791666666666668,16.792417122982442,completed,16.854966396000236,63.29972933356842,52.3603515625
4031,2,1,16.795833333333334,16.79724847408943,completed,16.86470606806688,68.87273473354583,35.18844985961914
4032,3,0,16.8,16.8020825360436,dropped_queue_full,,,
4033,0,0,16.804166666666667,16.8043021641206,dropped_queue_full,,,
4034,1,0,16.808333333333334,16.808407753007486,completed,16.87114041415043,62.80708081709818,18.1976318359375
4035,2,0,16.8125,16.813296444015577,dropped_queue_full,,,
4036,3,1,16.816666666666666,16.816770158940926,completed,16.879943985957652,63.2773192909859,44.12326431274414
4037,0,1,16.820833333333333,16.821616569999605,completed,16.888506980147213,67.67364681387988,44.28121566772461
4038,1,1,16.825,16.826754088979214,dropped_queue_full,,,
4039,2,1,16.829166666666666,16.829296423122287,completed,16.89714746293612,67.98079626945253,35.45296096801758
4040,3,0,16.833333333333332,16.83416863414459,dropped_queue_full,,,
4041,0,0,16.8375,16.837532290956005,dropped_queue_full,,,
4042,1,0,16.841666666666665,16.84172946913168,dropped_queue_full,,,
4043,2,0,16.84583333333333,16.84585137711838,dropped_queue_full,,,
4044,3,1,16.85,16.850087515078485,completed,16.909128883155063,59.128883155061374,26.41814422607422
4045,0,1,16.854166666666668,16.854959906078875,completed,16.91750212898478,63.33546231811127,26.257728576660156
4046,1,1,16.858333333333334,16.85983546706848,completed,16.92762193805538,69.2886047220469,52.4185905456543
4047,2,1,16.8625,16.864699339028448,completed,16.93287024507299,70.37024507298995,35.22585678100586
4048,3,0,16.866666666666667,16.869564810069278,dropped_queue_full,,,
4049,0,0,16.870833333333334,16.87084885709919,dropped_queue_full,,,
4050,1,0,16.875,16.87509078416042,completed,16.942142223007977,67.14222300797701,18.310144424438477
4051,2,0,16.879166666666666,16.879936296027154,dropped_queue_full,,,
4052,3,1,16.883333333333333,16.883452170994133,completed,16.950842435006052,67.5091016727194,44.397918701171875
4053,0,1,16.8875,16.888331042136997,dropped_queue_full,,,
4054,1,1,16.891666666666666,16.891771527007222,dropped_queue_full,,,
4055,2,1,16.895833333333332,16.89588187611662,dropped_queue_full,,,
4056,3,0,16.9,16.90013725310564,dropped_queue_full,,,
4057,0,0,16.904166666666665,16.904246632009745,completed,16.963335159933195,59.16849326652951,44.53718566894531
4058,1,0,16.90833333333333,16.909120982978493,dropped_queue_full,,,
4059,2,0,16.9125,16.912612857995555,completed,16.9715293480549,59.029348054899344,35.563262939453125
4060,3,1,16.916666666666668,16.917496679117903,completed,16.977370030013844,60.70336334717652,26.41744041442871
4061,0,1,16.920833333333334,16.92237338097766,completed,16.98896227311343,68.12893978009527,26.177183151245117
4062,1,1,16.925,16.927614148007706,completed,16.9946355370339,69.63553703389991,52.30412673950195
4063,2,1,16.929166666666667,16.932862715097144,completed,17.003305329941213,74.13866327454599,34.94579315185547
4064,3,0,16.933333333333334,16.938079013023525,dropped_dispatch_late,,,
4065,0,0,16.9375,16.938087712973356,dropped_queue_full,,,
4066,1,0,16.941666666666666,16.941674096975476,dropped_queue_full,,,
4067,2,0,16.945833333333333,16.945931734982878,dropped_queue_full,,,
4068,3,1,16.95,16.950039013056085,dropped_queue_full,,,
4069,0,1,16.954166666666666,16.954297730932012,dropped_queue_full,,,
4070,1,1,16.958333333333332,16.958405720070004,completed,17.01326226000674,54.92892667340854,18.065536499023438
4071,2,1,16.9625,16.9633295701351,dropped_queue_full,,,
4072,3,0,16.966666666666665,16.96667823707685,completed,17.021381278987974,54.71461232130892,43.803585052490234
4073,0,0,16.97083333333333,16.971522208070382,completed,17.030046122148633,59.212788815301565,44.104095458984375
4074,1,0,16.975,16.976396259153262,dropped_queue_full,,,
4075,2,0,16.979166666666668,16.97924661100842,completed,17.043090180959553,63.923514292884676,35.30732727050781
4076,3,1,16.983333333333334,16.984127481933683,completed,17.05075574410148,67.42241076814537,26.41584014892578
4077,0,1,16.9875,16.988957074005157,completed,17.056405848124996,68.90584812499512,26.17683219909668
4078,1,1,16.991666666666667,16.994141011033207,dropped_queue_full,,,
4079,2,1,16.995833333333334,16.995910054072738,dropped_queue_full,,,
4080,3,0,17.0,17.000135740963742,dropped_queue_full,,,
4081,0,0,17.004166666666666,17.00426179007627,dropped_queue_full,,,
4082,1,0,17.008333333333333,17.008356599137187,completed,17.06525727896951,56.92394563617853,52.27142333984375
4083,2,0,17.0125,17.01325572002679,completed,17.07579589309171,63.29589309170913,35.129600524902344
4084,3,1,17.016666666666666,17.01882786396891,dropped_queue_full,,,
4085,0,1,17.020833333333332,17.02089444315061,dropped_queue_full,,,
4086,1,1,17.025,17.025136351119727,completed,17.085502356057987,60.50235605798804,18.209951400756836
4087,2,1,17.029166666666665,17.030040581943467,dropped_queue_full,,,
4088,3,0,17.03333333333333,17.03336068894714,completed,17.096740113105625,63.406779772293476,44.14771270751953
4089,0,0,17.0375,17.03822616999969,completed,17.104916951153427,67.41695115342594,44.290687561035156
4090,1,0,17.041666666666668,17.043083220953122,dropped_queue_full,,,
4091,2,0,17.045833333333334,17.04588296310976,completed,17.109809682006016,63.97634867268209,35.38995361328125
4092,3,1,17.05,17.05074801412411,completed,17.118516884976998,68.51688497699726,26.327775955200195
4093,0,1,17.054166666666667,17.055592366028577,dropped_queue_full,,,
4094,1,1,17.058333333333334,17.058475417084992,dropped_queue_full,,,
4095,2,1,17.0625,17.062568316003308,dropped_queue_full,,,
4096,3,0,17.066666666666666,17.066697504138574,dropped_queue_full,,,
4097,0,0,17.070833333333333,17.070927292108536,completed,17.127219388028607,56.38605469527391,26.321279525756836
4098,1,0,17.075,17.07578820292838,completed,17.138302887091413,63.30288709141385,52.262977600097656
4099,2,0,17.079166666666666,17.080656055128202,completed,17.148741242010146,69.57457534348066,35.01030349731445
4100,3,1,17.083333333333332,17.085495986044407,dropped_queue_full,,,
4101,0,1,17.0875,17.087571735028177,dropped_queue_full,,,
4102,1,1,17.091666666666665,17.09169475408271,completed,17.15425600693561,62.58934026894636,18.100736618041992
4103,2,1,17.09583333333333,17.096732343081385,dropped_queue_full,,,
4104,3,0,17.1,17.100087529979646,completed,17.163233747007325,63.23374700732387,44.065887451171875
4105,0,0,17.104166666666668,17.10491160210222,completed,17.171592812985182,67.42614631851396,44.20492935180664
4106,1,0,17.108333333333334,17.109802352031693,dropped_queue_full,,,
4107,2,0,17.1125,17.112525215139613,completed,17.180256837047637,67.7568370476358,35.51123046875
4108,3,1,17.116666666666667,17.11738818604499,dropped_queue_full,,,
4109,0,1,17.120833333333334,17.120890201069415,dropped_queue_full,,,
4110,1,1,17.125,17.12513950909488,dropped_queue_full,,,
4111,2,1,17.129166666666666,17.129248457960784,dropped_queue_full,,,
4112,3,0,17.133333333333333,17.13337688613683,completed,17.189415564993396,56.08223166006354,26.408287048339844
4113,0,0,17.1375,17.13829635712318,completed,17.200932729057968,63.43272905796837,26.409887313842773
4114,1,0,17.141666666666666,17.143288927152753,completed,17.210853120079264,69.18645341259833,52.652225494384766
4115,2,0,17.145833333333332,17.14873379212804,completed,17.215791349997744,69.95801666441182,35.25404739379883
4116,3,1,17.15,17.15392177994363,dropped_queue_full,,,
4117,0,1,17.154166666666665,17.15425197710283,dropped_queue_full,,,
4118,1,1,17.15833333333333,17.158360806060955,completed,17.22526819515042,66.93486181708863,18.070911407470703
4119,2,1,17.1625,17.163225966971368,dropped_queue_full,,,
4120,3,0,17.166666666666668,17.16672281199135,completed,17.2337863300927,67.11966342603048,44.25270462036133
4121,0,0,17.170833333333334,17.171587232965976,completed,17.246563802007586,75.73046867425148,44.21664047241211
4122,1,0,17.175,17.176453524967656,dropped_queue_full,,,
4123,2,0,17.179166666666667,17.179295585956424,dropped_queue_full,,,
4124,3,1,17.183333333333334,17.18340674508363,dropped_queue_full,,,
4125,0,1,17.1875,17.18752115406096,dropped_queue_full,,,
4126,1,1,17.191666666666666,17.191769651137292,dropped_queue_full,,,
4127,2,1,17.195833333333333,17.195881200022995,completed,17.255003568017855,59.17023468452243,35.31983947753906
4128,3,0,17.2,17.200927189085633,completed,17.260204675141722,60.204675141722674,26.329824447631836
4129,0,0,17.204166666666666,17.20581792993471,completed,17.272288154112175,68.12148744550939,26.05855941772461
4130,1,0,17.208333333333332,17.210846740053967,completed,17.27746389200911,69.13055867577711,52.07564926147461
4131,2,0,17.2125,17.215784191153944,completed,17.28598956693895,73.48956693895303,34.69337463378906
4132,3,1,17.216666666666665,17.220669002039358,dropped_queue_full,,,
4133,0,1,17.22083333333333,17.220846970099956,dropped_queue_full,,,
4134,1,1,17.225,17.22510157711804,dropped_queue_full,,,
4135,2,1,17.229166666666668,17.229207886150107,dropped_queue_full,,,
4136,3,0,17.233333333333334,17.233455433044583,dropped_queue_full,,,
4137,0,0,17.2375,17.23756590206176,dropped_queue_full,,,
4138,1,0,17.241666666666667,17.241674270946532,completed,17.296576271066442,54.90960439977499,18.110431671142578
4139,2,0,17.245833333333334,17.246558442013338,dropped_queue_full,,,
4140,3,1,17.25,17.250135756097734,completed,17.30430071405135,54.30071405135095,43.920127868652344
4141,0,1,17.254166666666666,17.254996318137273,completed,17.313446681946516,59.28001527984961,44.28163146972656
4142,1,1,17.258333333333333,17.259869679110125,dropped_queue_full,,,
4143,2,1,17.2625,17.262564291944727,completed,17.32669059908949,64.1905990894891,35.728065490722656
4144,3,0,17.266666666666666,17.26743081305176,completed,17.334082104964182,67.41543829751606,26.656896591186523
4145,0,0,17.270833333333332,17.272282663965598,completed,17.33973978809081,68.90645475747803,26.433088302612305
4146,1,0,17.275,17.27712885593064,dropped_queue_full,,,
4147,2,0,17.279166666666665,17.279216025024652,dropped_queue_full,,,
4148,3,1,17.28333333333333,17.283456231933087,dropped_queue_full,,,
4149,0,1,17.2875,17.287580751115456,dropped_queue_full,,,
4150,1,1,17.291666666666668,17.291673379950225,completed,17.34852146008052,56.85479341385147,52.67136001586914
4151,2,1,17.295833333333334,17.296569800935686,completed,17.359068115008995,63.234781675660656,35.27219009399414
4152,3,0,17.3,17.30142532195896,dropped_queue_full,,,
4153,0,0,17.304166666666667,17.304295604117215,dropped_queue_full,,,
4154,1,0,17.308333333333334,17.30840165214613,completed,17.36878378712572,60.450453792388004,18.218048095703125
4155,2,0,17.3125,17.313441161997616,dropped_queue_full,,,
4156,3,1,17.316666666666666,17.316771178971976,completed,17.379994614981115,63.327948314448435,44.207584381103516
4157,0,1,17.320833333333333,17.32162151997909,completed,17.38831787207164,67.48453873830584,44.459903717041016
4158,1,1,17.325,17.32668213895522,dropped_queue_full,,,
4159,2,1,17.329166666666666,17.32920722407289,completed,17.393271771958098,64.1051052914321,35.682464599609375
4160,3,0,17.333333333333332,17.334074354963377,completed,17.402262622024864,68.92928869153181,26.712703704833984
4161,0,0,17.3375,17.338930655969307,dropped_queue_full,,,
4162,1,0,17.341666666666665,17.34176964801736,dropped_queue_full,,,
4163,2,0,17.34583333333333,17.34588580694981,dropped_queue_full,,,
4164,3,1,17.35,17.350099865114316,dropped_queue_full,,,
4165,0,1,17.354166666666668,17.35420774295926,completed,17.41093775513582,56.771088469151465,26.46451187133789
4166,1,1,17.358333333333334,17.359060775022954,completed,17.421817685943097,63.484352609762595,52.93267059326172
4167,2,1,17.3625,17.363928545964882,completed,17.431960724061355,69.46072406135428,35.32124710083008
4168,3,0,17.366666666666667,17.368777357041836,dropped_queue_full,,,
4169,0,0,17.370833333333334,17.370862585958093,dropped_queue_full,,,
4170,1,0,17.375,17.375087843975052,completed,17.438090233132243,63.090233132243156,18.079423904418945
4171,2,0,17.379166666666666,17.379986505024135,dropped_queue_full,,,
4172,3,1,17.383333333333333,17.383455340052024,completed,17.446616047993302,63.282714659969486,44.24262237548828
4173,0,1,17.3875,17.388312502065673,completed,17.45537594007328,67.87594007328224,44.40332794189453
4174,1,1,17.391666666666666,17.3932635220699,dropped_queue_full,,,
4175,2,1,17.395833333333332,17.39597722515464,completed,17.463987733004615,68.15439967128256,35.387840270996094
4176,3,0,17.4,17.400835986016318,dropped_queue_full,,,
4177,0,0,17.404166666666665,17.404295192100108,dropped_queue_full,,,
4178,1,0,17.40833333333333,17.40840486995876,dropped_queue_full,,,
4179,2,0,17.4125,17.412530669011176,dropped_queue_full,,,
4180,3,1,17.416666666666668,17.416772697120905,completed,17.474703456042334,58.03678937566659,26.274112701416016
4181,0,1,17.420833333333334,17.421811116160825,completed,17.483069162117317,62.23582878398304,26.289535522460938
4182,1,1,17.425,17.426694846944883,completed,17.491353119025007,66.35311902500618,52.33321762084961
4183,2,1,17.429166666666667,17.431952534010634,completed,17.499294670065865,70.12800339919778,35.112640380859375
4184,3,0,17.433333333333334,17.437112793093547,dropped_queue_full,,,
4185,0,0,17.4375,17.437604787992314,dropped_queue_full,,,
4186,1,0,17.441666666666666,17.441726786084473,completed,17.50877138506621,67.1047183995448,18.0729923248291
4187,2,0,17.445833333333333,17.446608148049563,dropped_queue_full,,,
4188,3,1,17.45,17.45004438306205,completed,17.51742611802183,67.42611802183163,44.15516662597656
4189,0,1,17.454166666666666,17.454884245060384,dropped_queue_full,,,
4190,1,1,17.458333333333332,17.45839315908961,dropped_queue_full,,,
4191,2,1,17.4625,17.46255218796432,dropped_queue_full,,,
4192,3,0,17.466666666666665,17.466821535024792,dropped_queue_full,,,
4193,0,0,17.47083333333333,17.470859935041517,completed,17.52909217099659,58.25883766326001,44.11094284057617
4194,1,0,17.475,17.475136521970853,dropped_queue_full,,,
4195,2,0,17.479166666666668,17.479292320087552,completed,17.53718437999487,58.01771332820138,35.46294403076172
4196,3,1,17.483333333333334,17.48339059902355,completed,17.54392131208442,60.587978751087235,26.422367095947266
4197,0,1,17.4875,17.487604117020965,completed,17.553852722980082,66.35272298008132,26.507776260375977
4198,1,1,17.491666666666667,17.491674526128918,completed,17.5615505061578,69.88383949113341,52.57606506347656
4199,2,1,17.495833333333334,17.49590461398475,dropped_queue_full,,,
4200,3,0,17.5,17.5000819619745,dropped_queue_full,,,
4201,0,0,17.504166666666666,17.504292560042813,dropped_queue_full,,,
4202,1,0,17.508333333333333,17.5084486680571,dropped_queue_full,,,
4203,2,0,17.5125,17.51254146709107,completed,17.570237009087577,57.73700908757817,35.2716178894043
4204,3,1,17.516666666666666,17.51678784401156,dropped_queue_full,,,
4205,0,1,17.520833333333332,17.520850603934377,dropped_queue_full,,,
4206,1,1,17.525,17.525136661017314,completed,17.583072039997205,58.07203999720656,18.16383934020996
4207,2,1,17.529166666666665,17.52925769914873,dropped_queue_full,,,
4208,3,0,17.53333333333333,17.533445996930823,completed,17.588455385994166,55.1220526608347,44.310752868652344
4209,0,0,17.5375,17.53750633704476,completed,17.59708367008716,59.58367008715726,44.31167984008789
4210,1,0,17.541666666666668,17.541718485066667,dropped_queue_full,,,
4211,2,0,17.545833333333334,17.54591582296416,completed,17.6080672100652,62.233876731866644,35.47110366821289
4212,3,1,17.55,17.550065501127392,completed,17.616350517142564,66.35051714256335,26.551328659057617
4213,0,1,17.554166666666667,17.554299568058923,completed,17.62370928307064,69.54261640397164,26.35830307006836
4214,1,1,17.558333333333334,17.558404317125678,dropped_queue_full,,,
4215,2,1,17.5625,17.562652464956045,dropped_queue_full,,,
4216,3,0,17.566666666666666,17.56670045410283,dropped_queue_full,,,
4217,0,0,17.570833333333333,17.570866802008823,dropped_queue_full,,,
4218,1,0,17.575,17.575074939988554,completed,17.63271319307387,57.71319307386946,52.68521499633789
4219,2,0,17.579166666666666,17.57929719798267,completed,17.641474375035614,62.307708368948056,35.48534393310547
4220,3,1,17.583333333333332,17.583393397042528,dropped_queue_full,,,
4221,0,1,17.5875,17.587544615147635,dropped_queue_full,,,
4222,1,1,17.591666666666665,17.591751513071358,completed,17.65110242809169,59.435761425024936,18.27382469177246
4223,2,1,17.59583333333333,17.59585924213752,dropped_queue_full,,,
4224,3,0,17.6,17.600064610131085,completed,17.662177307065576,62.177307065574894,44.4505615234375
4225,0,0,17.604166666666668,17.60429182695225,completed,17.670492823934183,66.32615726751467,44.70710372924805
4226,1,0,17.608333333333334,17.60838741599582,dropped_queue_full,,,
4227,2,0,17.6125,17.612547965021804,completed,17.67723734700121,64.73734700120914,35.70102310180664
4228,3,1,17.616666666666667,17.616670432966202,completed,17.686294846003875,69.628179337208,26.530208587646484
4229,0,1,17.620833333333334,17.62089811102487,dropped_queue_full,,,
4230,1,1,17.625,17.62513797893189,dropped_queue_full,,,
4231,2,1,17.629166666666666,17.629202608019114,dropped_queue_full,,,
4232,3,0,17.633333333333333,17.63334406609647,dropped_queue_full,,,
4233,0,0,17.6375,17.63754609413445,completed,17.69513817713596,57.63817713595998,26.564800262451172
4234,1,0,17.641666666666666,17.64179245196283,completed,17.70396565902047,62.29899235380287,52.8289909362793
4235,2,0,17.645833333333332,17.64587688096799,completed,17.712723951088265,66.89061775493244,35.375038146972656
4236,3,1,17.65,17.65015285811387,dropped_queue_full,,,
4237,0,1,17.654166666666665,17.654237087117508,dropped_queue_full,,,
4238,1,1,17.65833333333333,17.65839041513391,completed,17.722453942988068,64.12060965473643,18.285856246948242
4239,2,1,17.6625,17.662654262967408,dropped_queue_full,,,
4240,3,0,17.666666666666668,17.66670204210095,completed,17.73316413606517,66.49746939850232,44.54886245727539
4241,0,0,17.670833333333334,17.670979449059814,completed,17.739768069935963,68.93473660262828,44.52288055419922
4242,1,0,17.675,17.675048008095473,dropped_queue_full,,,
4243,2,0,17.679166666666667,17.679230837151408,completed,17.748612421099097,69.4457544324294,35.62473678588867
4244,3,1,17.683333333333334,17.683479824103415,dropped_queue_full,,,
4245,0,1,17.6875,17.68755540298298,dropped_queue_full,,,
4246,1,1,17.691666666666666,17.691757911117747,dropped_queue_full,,,
4247,2,1,17.695833333333333,17.69592451909557,dropped_queue_full,,,
4248,3,0,17.7,17.700072698062286,completed,17.758105976041406,58.105976041407104,26.46134376525879
4249,0,0,17.704166666666666,17.704292175127193,completed,17.766656431136653,62.48976446998711,26.199424743652344
4250,1,0,17.708333333333332,17.70833502500318,completed,17.774964937008917,66.63160367558518,52.27104187011719
4251,2,0,17.7125,17.712559143081307,dropped_queue_full,,,
4252,3,1,17.716666666666665,17.71676048100926,dropped_queue_full,,,
4253,0,1,17.72083333333333,17.720916748978198,dropped_queue_full,,,
4254,1,1,17.725,17.72513566701673,completed,17.78455641097389,59.556410973890195,9.577280044555664
4255,2,1,17.729166666666668,17.72922583599575,completed,17.795530010946095,66.36334427942714,44.29827117919922
4256,3,0,17.733333333333334,17.733484202995896,completed,17.801715549081564,68.38221574822967,43.90143966674805
4257,0,0,17.7375,17.737555901985615,dropped_queue_full,,,
4258,1,0,17.741666666666667,17.74181695911102,dropped_queue_full,,,
4259,2,0,17.745833333333334,17.745859208982438,dropped_queue_full,,,
4260,3,1,17.75,17.7505690921098,dropped_queue_full,,,
4261,0,1,17.754166666666666,17.754291553981602,completed,17.81023704400286,56.070377336194355,43.97945785522461
4262,1,1,17.758333333333333,17.758427353110164,dropped_queue_full,,,
4263,2,1,17.7625,17.762611550977454,completed,17.820510220946744,58.010220946744795,26.19206428527832
4264,3,0,17.766666666666666,17.766821629134938,completed,17.82798093603924,61.31426937257345,26.24166488647461
4265,0,0,17.770833333333332,17.770886968122795,completed,17.8375132009387,66.67986760536948,26.39504051208496
4266,1,0,17.775,17.775137146003544,completed,17.845721957972273,70.72195797227465,60.95158386230469
4267,2,0,17.779166666666665,17.77924756403081,dropped_queue_full,,,
4268,3,1,17.78333333333333,17.783448891947046,dropped_queue_full,,,
4269,0,1,17.7875,17.787546230945736,dropped_queue_full,,,
4270,1,1,17.791666666666668,17.791703090071678,completed,17.85555468010716,63.88801344049355,9.690400123596191
4271,2,1,17.795833333333334,17.795851917937398,completed,17.85587625601329,60.04292267995481,36.34339141845703
4272,3,0,17.8,17.80013811495155,dropped_queue_full,,,
4273,0,0,17.804166666666667,17.80423300410621,dropped_queue_full,,,
4274,1,0,17.808333333333334,17.808387532131746,dropped_queue_full,,,
4275,2,0,17.8125,17.812545091146603,dropped_queue_full,,,
4276,3,1,17.816666666666666,17.816701218951494,completed,17.87255008914508,55.883422478412825,44.447200775146484
4277,0,1,17.820833333333333,17.820980916032568,completed,17.881389460992068,60.55612765873519,44.410240173339844
4278,1,1,17.825,17.825043155113235,dropped_queue_full,,,
4279,2,1,17.829166666666666,17.829239832935855,completed,17.891359681030735,62.193014364069654,34.64188766479492
4280,3,0,17.833333333333332,17.83341880212538,completed,17.899633537977934,66.30020464460173,26.3504638671875
4281,0,0,17.8375,17.8375085410662,completed,17.90786396502517,70.36396502517306,26.468576431274414
4282,1,0,17.841666666666665,17.841746147954836,dropped_queue_full,,,
4283,2,0,17.84583333333333,17.84588371706195,dropped_queue_full,,,
4284,3,1,17.85,17.85026948293671,dropped_queue_full,,,
4285,0,1,17.854166666666668,17.854290341958404,dropped_queue_full,,,
4286,1,1,17.858333333333334,17.85838162107393,completed,17.916708077071235,58.3747437379003,58.0063362121582
4287,2,1,17.8625,17.862634499091655,completed,17.929193982155994,66.69398215599287,34.80499267578125
4288,3,0,17.866666666666667,17.86670595803298,dropped_queue_full,,,
4289,0,0,17.870833333333334,17.870855946093798,dropped_queue_full,,,
4290,1,0,17.875,17.875135174021125,completed,17.934926494024694,59.926494024693966,18.08140754699707
4291,2,0,17.879166666666666,17.879220213042572,dropped_queue_full,,,
4292,3,1,17.883333333333333,17.88338437094353,completed,17.945722446078435,62.38911274510173,44.22572708129883
4293,0,1,17.8875,17.88759990897961,completed,17.954237261088565,66.7372610885657,44.3199348449707
4294,1,1,17.891666666666666,17.891680808039382,dropped_queue_full,,,
4295,2,1,17.895833333333332,17.895860926015303,completed,17.961138592101634,65.3052587683014,35.49030303955078
4296,3,0,17.9,17.900110563030466,completed,17.970393989002332,70.39398900233351,26.754335403442383
4297,0,0,17.904166666666665,17.904258862137794,dropped_queue_full,,,
4298,1,0,17.90833333333333,17.908450090093538,dropped_queue_full,,,
4299,2,0,17.9125,17.91254156897776,dropped_queue_full,,,
4300,3,1,17.916666666666668,17.91670155711472,dropped_queue_full,,,
4301,0,1,17.920833333333334,17.92091700504534,completed,17.979238100117072,58.40476678373818,26.494495391845703
4302,1,1,17.925,17.925107553135604,completed,17.991352959070355,66.35295907035399,52.94633483886719
4303,2,1,17.929166666666667,17.929188212146983,completed,17.996742715127766,67.57604846109899,35.391456604003906
4304,3,0,17.933333333333334,17.933347230078653,dropped_queue_full,,,
4305,0,0,17.9375,17.937593447975814,dropped_queue_full,,,
4306,1,0,17.941666666666666,17.941760235931724,completed,18.006296809064224,64.63014239755793,18.17145538330078
4307,2,0,17.945833333333333,17.945885085035115,dropped_queue_full,,,
4308,3,1,17.95,17.95007461309433,completed,18.01673949509859,66.73949509859156,44.31670379638672
4309,0,1,17.954166666666666,17.954232881078497,completed,18.023708245018497,69.54157835183139,44.44019317626953
4310,1,1,17.958333333333332,17.95833938010037,dropped_queue_full,,,
4311,2,1,17.9625,17.962553987978026,completed,18.03239506809041,69.89506809041046,35.592769622802734
4312,3,0,17.966666666666665,17.966814465122297,dropped_queue_full,,,
4313,0,0,17.97083333333333,17.970867824042216,dropped_queue_full,,,
4314,1,0,17.975,17.975077372044325,dropped_queue_full,,,
4315,2,0,17.979166666666668,17.97923247003928,dropped_queue_full,,,
4316,3,1,17.983333333333334,17.983456237940118,completed,18.041563275968656,58.22994263532166,26.583871841430664
4317,0,1,17.9875,17.987562677124515,completed,18.054016561014578,66.51656101457704,26.48054313659668
4318,1,1,17.991666666666667,17.991675595985726,completed,18.059118469944224,67.45180327755662,52.666526794433594
4319,2,1,17.995833333333334,17.995949503034353,dropped_queue_full,,,
4320,3,0,18.0,18.00013550114818,dropped_queue_full,,,
4321,0,0,18.004166666666666,18.00429327902384,dropped_queue_full,,,
4322,1,0,18.008333333333333,18.00833840901032,completed,18.06876771315001,60.43437981667665,9.620960235595703
4323,2,0,18.0125,18.01262389612384,completed,18.069090289995074,56.59028999507498,36.643646240234375
4324,3,1,18.016666666666666,18.01673291507177,completed,18.085866342065856,69.19967539919014,44.17030334472656
4325,0,1,18.020833333333332,18.021038291975856,dropped_queue_full,,,
4326,1,1,18.025,18.02513106004335,dropped_queue_full,,,
4327,2,1,18.029166666666665,18.029289518948644,dropped_queue_full,,,
4328,3,0,18.03333333333333,18.033446757122874,dropped_queue_full,,,
4329,0,0,18.0375,18.03760278504342,completed,18.09555643494241,58.056434942407975,44.11238479614258
4330,1,0,18.041666666666668,18.041723693953827,dropped_queue_full,,,
4331,2,0,18.045833333333334,18.04591875197366,completed,18.103986740112305,58.15340677897041,34.62947082519531
4332,3,1,18.05,18.050046251155436,completed,18.112402466125786,62.402466125785594,26.460447311401367
4333,0,1,18.054166666666667,18.054379326989874,completed,18.121238857042044,67.07219037537726,26.48863983154297
4334,1,1,18.058333333333334,18.058483116095886,dropped_queue_full,,,
4335,2,1,18.0625,18.06257003499195,dropped_queue_full,,,
4336,3,0,18.066666666666666,18.066761423135176,dropped_queue_full,,,
4337,0,0,18.070833333333333,18.070968840969726,dropped_queue_full,,,
4338,1,0,18.075,18.075131020043045,completed,18.129926329944283,54.92632994428348,54.521793365478516
4339,2,0,18.079166666666666,18.07925392803736,completed,18.141310916049406,62.14424938274021,34.74720001220703
4340,3,1,18.083333333333332,18.083351386943832,dropped_queue_full,,,
4341,0,1,18.0875,18.087601205101237,dropped_queue_full,,,
4342,1,1,18.091666666666665,18.091761762974784,completed,18.149705802090466,58.039135423801014,18.032608032226562
4343,2,1,18.09583333333333,18.095878791995347,dropped_queue_full,,,
4344,3,0,18.1,18.10007078014314,completed,18.156612143153325,56.6121431533233,43.89567947387695
4345,0,0,18.104166666666668,18.104305237066,completed,18.165292205987498,61.12553932083031,43.90591812133789
4346,1,0,18.108333333333334,18.108377035940066,dropped_queue_full,,,
4347,2,0,18.1125,18.112563133938238,completed,18.174759251065552,62.259251065551524,34.99001693725586
4348,3,1,18.116666666666667,18.116686613066122,completed,18.183135237079114,66.46857041244658,26.347328186035156
4349,0,1,18.120833333333334,18.12091794097796,dropped_queue_full,,,
4350,1,1,18.125,18.12513473792933,dropped_queue_full,,,
4351,2,1,18.129166666666666,18.12928930693306,dropped_queue_full,,,
4352,3,0,18.133333333333333,18.13338554603979,dropped_queue_full,,,
4353,0,0,18.1375,18.137544783996418,completed,18.19176283106208,54.26283106207919,26.451583862304688
4354,1,0,18.141666666666666,18.14178934204392,completed,18.200613402063027,58.946735396361305,52.35481643676758
4355,2,0,18.145833333333332,18.14589695003815,completed,18.212154946057126,66.32161272379378,35.18348693847656
4356,3,1,18.15,18.150027808966115,dropped_queue_full,,,
4357,0,1,18.154166666666665,18.15442878496833,dropped_queue_full,,,
4358,1,1,18.15833333333333,18.158341796137393,completed,18.21884674904868,60.51341571534863,18.11404800415039
4359,2,1,18.1625,18.16250282409601,dropped_queue_full,,,
4360,3,0,18.166666666666668,18.166710041929036,completed,18.228939368156716,62.27270149004838,44.132896423339844
4361,0,0,18.170833333333334,18.170979748945683,completed,18.237249175086617,66.41584175328319,44.114688873291016
4362,1,0,18.175,18.17508240812458,dropped_queue_full,,,
4363,2,0,18.179166666666667,18.179293025983498,completed,18.24476435012184,65.5976834551737,35.34492874145508
4364,3,1,18.183333333333334,18.18345615407452,completed,18.25386923807673,70.53590474339799,26.44976043701172
4365,0,1,18.1875,18.187551533104852,dropped_queue_full,,,
4366,1,1,18.191666666666666,18.191759990993887,dropped_queue_full,,,
4367,2,1,18.195833333333333,18.19584813993424,dropped_queue_full,,,
4368,3,0,18.2,18.200133317150176,dropped_queue_full,,,
4369,0,0,18.204166666666666,18.204231206094846,completed,18.262720949947834,58.554283281168296,26.432416915893555
4370,1,0,18.208333333333332,18.208356474060565,completed,18.27469828003086,66.36494669752935,52.484352111816406
4371,2,0,18.2125,18.212632562033832,completed,18.280030715977773,67.53071597777449,35.19295883178711
4372,3,1,18.216666666666665,18.21679724007845,dropped_queue_full,,,
4373,0,1,18.22083333333333,18.220858219079673,dropped_queue_full,,,
4374,1,1,18.225,18.225136426044628,completed,18.289767859037966,64.76785903796412,18.172767639160156
4375,2,1,18.229166666666668,18.22926075500436,dropped_queue_full,,,
4376,3,0,18.233333333333334,18.233450022991747,completed,18.29962305002846,66.28971669512396,44.24041748046875
4377,0,0,18.2375,18.237571391975507,completed,18.30697724595666,69.4772459566586,44.23651123046875
4378,1,0,18.241666666666667,18.241675621131435,dropped_queue_full,,,
4379,2,0,18.245833333333334,18.245869029080495,completed,18.315712068928406,69.87873559507207,35.57984161376953
4380,3,1,18.25,18.250136386137456,dropped_queue_full,,,
4381,0,1,18.254166666666666,18.254186985082924,dropped_queue_full,,,
4382,1,1,18.258333333333333,18.258388193091378,dropped_queue_full,,,
4383,2,1,18.2625,18.262554151006043,dropped_queue_full,,,
4384,3,0,18.266666666666666,18.266763858962804,completed,18.32480387808755,58.13721142088468,26.431903839111328
4385,0,0,18.270833333333332,18.27090868796222,completed,18.33712823409587,66.2949007625393,26.515071868896484
4386,1,0,18.275,18.27513698511757,completed,18.34245165111497,67.45165111497187,52.56943893432617
4387,2,0,18.279166666666665,18.279238884104416,dropped_queue_full,,,
4388,3,1,18.28333333333333,18.28345206193626,dropped_queue_full,,,
4389,0,1,18.2875,18.28760424000211,dropped_queue_full,,,
4390,1,1,18.291666666666668,18.291807488072664,completed,18.352393520995975,60.72685432930669,9.75216007232666
4391,2,1,18.295833333333334,18.29588141804561,completed,18.352558040060103,56.72470672676866,36.76313781738281
4392,3,0,18.3,18.300100645050406,completed,18.369722257135436,69.72225713543523,44.737281799316406
4393,0,0,18.304166666666667,18.304298133123666,dropped_queue_full,,,
4394,1,0,18.308333333333334,18.30839669215493,dropped_queue_full,,,
4395,2,0,18.3125,18.31260588997975,dropped_queue_full,,,
4396,3,1,18.316666666666666,18.316810528049245,dropped_queue_full,,,
4397,0,1,18.320833333333333,18.32091604708694,completed,18.379083883948624,58.250550615291274,44.78131103515625
4398,1,1,18.325,18.32513517397456,dropped_queue_full,,,
4399,2,1,18.329166666666666,18.329291722970083,completed,18.391262582037598,62.095915370932175,35.09312057495117
4400,3,0,18.333333333333332,18.333384822122753,completed,18.399681366980076,66.34803364674369,26.51055908203125
4401,0,0,18.3375,18.33760667894967,completed,18.405294050928205,67.79405092820667,26.542207717895508
4402,1,0,18.341666666666665,18.34181587700732,dropped_queue_full,,,
4403,2,0,18.34583333333333,18.345906116068363,dropped_queue_full,,,
4404,3,1,18.35,18.350073023932055,dropped_queue_full,,,
4405,0,1,18.354166666666668,18.354287652065977,dropped_queue_full,,,
4406,1,1,18.358333333333334,18.358381381025538,completed,18.41398357413709,55.650240803757356,55.360992431640625
4407,2,1,18.3625,18.362625628942624,completed,18.424831765005365,62.3317650053643,34.99635314941406
4408,3,0,18.366666666666667,18.366684637963772,dropped_queue_full,,,
4409,0,0,18.370833333333334,18.370977915124968,dropped_queue_full,,,
4410,1,0,18.375,18.375134272966534,completed,18.433451689081267,58.45168908126652,18.234943389892578
4411,2,0,18.379166666666666,18.379249392077327,dropped_queue_full,,,
4412,3,1,18.383333333333333,18.383447020081803,completed,18.440985762979835,57.65242964650241,44.424095153808594
4413,0,1,18.3875,18.387515909038484,completed,18.449702666141093,62.20266614109349,44.41852951049805
4414,1,1,18.391666666666666,18.391740577062592,dropped_queue_full,,,
4415,2,1,18.395833333333332,18.395917115034536,completed,18.458562867017463,62.7295336841307,35.409088134765625
4416,3,0,18.4,18.40013602306135,completed,18.467695866012946,67.69586601294719,26.5515193939209
4417,0,0,18.404166666666665,18.404206372098997,dropped_queue_full,,,
4418,1,0,18.40833333333333,18.408436259953305,dropped_queue_full,,,
4419,2,0,18.4125,18.41260357806459,dropped_queue_full,,,
4420,3,1,18.416666666666668,18.41681439615786,dropped_queue_full,,,
4421,0,1,18.420833333333334,18.42085832497105,completed,18.476296090055257,55.4627567219228,26.4268798828125
4422,1,1,18.425,18.425142141990364,completed,18.487165061058477,62.16506105847586,52.66342544555664
4423,2,1,18.429166666666667,18.429351669969037,completed,18.49554693698883,66.38027032216343,35.247745513916016
4424,3,0,18.433333333333334,18.43344615912065,dropped_queue_full,,,
4425,0,0,18.4375,18.43755500810221,dropped_queue_full,,,
4426,1,0,18.441666666666666,18.44177498598583,completed,18.503548436099663,61.88176943299695,18.24892807006836
4427,2,0,18.445833333333333,18.44592691399157,dropped_queue_full,,,
4428,3,1,18.45,18.450135092018172,completed,18.51256594597362,62.56594597362053,44.35737609863281
4429,0,1,18.454166666666666,18.454248300986364,completed,18.52098439214751,66.81772548084552,44.46275329589844
4430,1,1,18.458333333333332,18.458396648988128,dropped_queue_full,,,
4431,2,1,18.4625,18.462602606974542,completed,18.529705923981965,67.20592398196601,35.6732177734375
4432,3,0,18.466666666666665,18.466743875062093,dropped_queue_full,,,
4433,0,0,18.47083333333333,18.470917213940993,dropped_queue_full,,,
4434,1,0,18.475,18.47507391194813,dropped_queue_full,,,
4435,2,0,18.479166666666668,18.47923111007549,dropped_queue_full,,,
4436,3,1,18.483333333333334,18.483369649155065,completed,18.538769154110923,55.43582077758913,26.472671508789062
4437,0,1,18.4875,18.48764480603859,completed,18.549625684972852,62.12568497285176,26.439712524414062
4438,1,1,18.491666666666667,18.491747454972938,completed,18.558057750109583,66.391083442916,52.56959915161133
4439,2,1,18.495833333333334,18.495869853068143,completed,18.56498032109812,69.14698776478545,35.11836624145508
4440,3,0,18.5,18.500107631087303,dropped_queue_full,,,
4441,0,0,18.504166666666666,18.50429382896982,dropped_queue_full,,,
4442,1,0,18.508333333333333,18.508454827126116,completed,18.574610074050725,66.27674071739165,18.127487182617188
4443,2,0,18.5125,18.51255974615924,dropped_queue_full,,,
4444,3,1,18.516666666666666,18.516759363934398,completed,18.583220537984744,66.553871318078,44.23455810546875
4445,0,1,18.520833333333332,18.520981522044167,completed,18.59192607109435,71.09273776101688,44.34291076660156
4446,1,1,18.525,18.52514310996048,dropped_queue_full,,,
4447,2,1,18.529166666666665,18.52922844910063,dropped_queue_full,,,
4448,3,0,18.53333333333333,18.533387168077752,dropped_queue_full,,,
4449,0,0,18.5375,18.537542436039075,dropped_queue_full,,,
4450,1,0,18.541666666666668,18.54170224396512,dropped_queue_full,,,
4451,2,0,18.545833333333334,18.545856632990763,completed,18.6007736120373,54.94027870396678,35.700096130371094
4452,3,1,18.55,18.55010502994992,completed,18.609899341128767,59.899341128765826,26.696704864501953
4453,0,1,18.554166666666667,18.55429690796882,completed,18.620508074993268,66.34140832660052,26.440031051635742
4454,1,1,18.558333333333334,18.558410657104105,completed,18.627236057072878,68.90272373954431,52.643455505371094
4455,2,1,18.5625,18.562648704042658,dropped_queue_full,,,
4456,3,0,18.566666666666666,18.566708614118397,dropped_queue_full,,,
4457,0,0,18.570833333333333,18.570917801000178,dropped_queue_full,,,
4458,1,0,18.575,18.575084900017828,completed,18.637237667106092,62.23766710609269,9.74169635772705
4459,2,0,18.579166666666666,18.57929582707584,completed,18.63755930401385,58.392637347182585,36.60956954956055
4460,3,1,18.583333333333332,18.583382986020297,completed,18.65423321700655,70.89988367321709,44.150047302246094
4461,0,1,18.5875,18.58760466403328,dropped_queue_full,,,
4462,1,1,18.591666666666665,18.591762881958857,dropped_queue_full,,,
4463,2,1,18.59583333333333,18.595861000940204,dropped_queue_full,,,
4464,3,0,18.6,18.60013505909592,dropped_queue_full,,,
4465,0,0,18.604166666666668,18.604231828125194,completed,18.662911189952865,58.74452328619739,44.2786865234375
4466,1,0,18.608333333333334,18.60848034499213,dropped_queue_full,,,
4467,2,0,18.6125,18.612543634139,completed,18.674680102150887,62.18010215088654,34.592735290527344
4468,3,1,18.616666666666667,18.616779132047668,completed,18.683106267126277,66.43960045960995,26.386751174926758
4469,0,1,18.620833333333334,18.62097963015549,completed,18.68955071293749,68.71737960415558,26.453983306884766
4470,1,1,18.625,18.625031478935853,dropped_queue_full,,,
4471,2,1,18.629166666666666,18.62923441710882,dropped_queue_full,,,
4472,3,0,18.633333333333333,18.6333899050951,dropped_queue_full,,,
4473,0,0,18.6375,18.637554654153064,dropped_queue_full,,,
4474,1,0,18.641666666666666,18.64175954204984,completed,18.698297885013744,56.631218347078516,56.221248626708984
4475,2,0,18.645833333333332,18.64584652101621,completed,18.70802444801666,62.191114683326276,34.73263931274414
4476,3,1,18.65,18.65008118795231,dropped_queue_full,,,
4477,0,1,18.654166666666665,18.654228737112135,dropped_queue_full,,,
4478,1,1,18.65833333333333,18.65844571404159,completed,18.716449012979865,58.115679646533636,18.05366325378418
4479,2,1,18.6625,18.662584173027426,dropped_queue_full,,,
4480,3,0,18.666666666666668,18.66676083113998,completed,18.72487732907757,58.21066241090378,44.0318717956543
4481,0,0,18.670833333333334,18.670894369948655,completed,18.73718963493593,66.35630160259609,44.05059051513672
4482,1,0,18.675,18.675135866971686,dropped_queue_full,,,
4483,2,0,18.679166666666667,18.679290326079354,completed,18.742430123034865,63.263456368197524,35.217342376708984
4484,3,1,18.683333333333334,18.6834271941334,completed,18.751551870955154,68.21853762182073,26.456512451171875
4485,0,1,18.6875,18.687534673139453,dropped_queue_full,,,
4486,1,1,18.691666666666666,18.691758131142706,dropped_queue_full,,,
4487,2,1,18.695833333333333,18.695861489046365,dropped_queue_full,,,
4488,3,0,18.7,18.700027958024293,dropped_queue_full,,,
4489,0,0,18.704166666666666,18.70423296606168,completed,18.760297514032573,56.13084736590679,26.401504516601562
4490,1,0,18.708333333333332,18.708345734048635,completed,18.770535110961646,62.20177762831369,52.4620475769043
4491,2,0,18.7125,18.71260998211801,completed,18.77882367814891,66.32367814891182,35.106014251708984
4492,3,1,18.716666666666665,18.716772160027176,dropped_queue_full,,,
4493,0,1,18.72083333333333,18.72085865912959,dropped_queue_full,,,
4494,1,1,18.725,18.72503742715344,completed,18.78723415406421,62.23415406420685,18.116544723510742
4495,2,1,18.729166666666668,18.72929747402668,dropped_queue_full,,,
4496,3,0,18.733333333333334,18.733388473046944,completed,18.795872637070715,62.53930373738115,44.13808059692383
4497,0,0,18.7375,18.737511872081086,completed,18.80455719004385,67.05719004385102,44.18659210205078
4498,1,0,18.741666666666667,18.741792429005727,dropped_queue_full,,,
4499,2,0,18.745833333333334,18.7458602481056,completed,18.81324406294152,67.41072960818784,35.48329544067383
4500,3,1,18.75,18.75013449601829,dropped_queue_full,,,
4501,0,1,18.754166666666666,18.75421973504126,dropped_queue_full,,,
4502,1,1,18.758333333333333,18.758435453055426,dropped_queue_full,,,
4503,2,1,18.7625,18.762606411008164,dropped_queue_full,,,
4504,3,0,18.766666666666666,18.766758799087256,completed,18.82479554694146,58.12888027479346,26.552608489990234
4505,0,0,18.770833333333332,18.770856138085946,completed,18.83312951400876,62.2961806754283,26.348384857177734
4506,1,0,18.775,18.77506544603966,completed,18.841354662086815,66.35466208681606,52.41030502319336
4507,2,0,18.779166666666665,18.779296993045136,completed,18.848453409969807,69.28674330314166,35.053375244140625
4508,3,1,18.78333333333333,18.78336121304892,dropped_queue_full,,,
4509,0,1,18.7875,18.787552400957793,dropped_queue_full,,,
4510,1,1,18.791666666666668,18.791759628104046,completed,18.858079804107547,66.41313744087896,18.136959075927734
4511,2,1,18.795833333333334,18.795868307119235,dropped_queue_full,,,
4512,3,0,18.8,18.800134795019403,completed,18.866643658140674,66.64365814067352,43.96015930175781
4513,0,0,18.804166666666667,18.8042360029649,dropped_queue_full,,,
4514,1,0,18.808333333333334,18.808451011078432,dropped_queue_full,,,
4515,2,0,18.8125,18.812607560073957,dropped_queue_full,,,
4516,3,1,18.816666666666666,18.81670021894388,dropped_queue_full,,,
4517,0,1,18.820833333333333,18.820859077153727,completed,18.87539703003131,54.56369669797567,44.200286865234375
4518,1,1,18.825,18.825117483967915,dropped_queue_full,,,
4519,2,1,18.829166666666666,18.829293821938336,completed,18.88408504310064,54.91837643397446,35.49571228027344
4520,3,0,18.833333333333332,18.83345288108103,completed,18.89323865203187,59.90531869853655,26.491424560546875
4521,0,0,18.8375,18.837564619956538,completed,18.90382848493755,66.32848493755006,26.317760467529297
4522,1,0,18.841666666666665,18.841675708070397,completed,18.910608378006145,68.94171133948035,52.3592643737793
4523,2,0,18.84583333333333,18.845951955998316,dropped_queue_full,,,
4524,3,1,18.85,18.850026024971157,dropped_queue_full,,,
4525,0,1,18.854166666666668,18.854232562938705,dropped_queue_full,,,
4526,1,1,18.858333333333334,18.858580698957667,completed,18.920457729138434,62.12439580509965,9.703455924987793
4527,2,1,18.8625,18.862541039008647,completed,18.920779386069626,58.279386069624906,36.51833724975586
4528,3,0,18.866666666666667,18.866803357144818,completed,18.93745107902214,70.78441235547217,44.0524787902832
4529,0,0,18.870833333333334,18.87089816504158,dropped_queue_full,,,
4530,1,0,18.875,18.87507652398199,dropped_queue_full,,,
4531,2,0,18.879166666666666,18.879292001016438,dropped_queue_full,,,
4532,3,1,18.883333333333333,18.883447519969195,dropped_queue_full,,,
4533,0,1,18.8875,18.887556568952277,completed,18.946144870948046,58.644870948047156,44.16435241699219
4534,1,1,18.891666666666666,18.89166968711652,dropped_queue_full,,,
4535,2,1,18.895833333333332,18.89591042511165,completed,18.957996773067862,62.163439734529646,34.537376403808594
4536,3,0,18.9,18.90005030296743,completed,18.966309319017455,66.3093190174564,26.339359283447266
4537,0,0,18.904166666666665,18.904296331107616,completed,18.972706305095926,68.53963842926092,26.45359992980957
4538,1,0,18.90833333333333,18.908435408957303,dropped_queue_full,,,
4539,2,0,18.9125,18.91259050811641,dropped_queue_full,,,
4540,3,1,18.916666666666668,18.916762745939195,dropped_queue_full,,,
4541,0,1,18.920833333333334,18.920939184026793,dropped_queue_full,,,
4542,1,1,18.925,18.925136902136728,completed,18.98145323805511,56.45323805510927,56.07139205932617
4543,2,1,18.929166666666667,18.92917603207752,completed,18.99137835809961,62.21169143294247,34.901790618896484
4544,3,0,18.933333333333334,18.933433189056814,dropped_queue_full,,,
4545,0,0,18.9375,18.937610917026177,dropped_queue_full,,,
4546,1,0,18.941666666666666,18.9416961860843,completed,18.99983586394228,58.16919727561398,18.196447372436523
4547,2,0,18.945833333333333,18.945980133023113,dropped_queue_full,,,
4548,3,1,18.95,18.95008487207815,completed,19.008299159118906,58.299159118906374,44.24358367919922
4549,0,1,18.954166666666666,18.954198101069778,completed,19.020499055972323,66.3323893056571,44.25641632080078
4550,1,1,18.958333333333332,18.958658325951546,dropped_queue_full,,,
4551,2,1,18.9625,18.962543537141755,completed,19.025721044046804,63.22104404680573,35.20191955566406
4552,3,0,18.966666666666665,18.966786465141922,completed,19.03513786010444,68.47119343777663,26.588064193725586
4553,0,0,18.97083333333333,18.970843414077535,dropped_queue_full,,,
4554,1,0,18.975,18.975135280983523,dropped_queue_full,,,
4555,2,0,18.979166666666668,18.9792921890039,dropped_queue_full,,,
4556,3,1,18.983333333333334,18.98344705812633,dropped_queue_full,,,
4557,0,1,18.9875,18.987605405971408,completed,19.043712014099583,56.21201409958232,26.443103790283203
4558,1,1,18.991666666666667,18.99169921502471,completed,19.053865981986746,62.19931532007905,52.667518615722656
4559,2,1,18.995833333333334,18.995918513042852,completed,19.062425415962934,66.59208262960092,35.35356903076172
4560,3,0,19.0,19.00013930001296,dropped_queue_full,,,
4561,0,0,19.004166666666666,19.00429268903099,dropped_queue_full,,,
4562,1,0,19.008333333333333,19.008459197124466,completed,19.07108165998943,62.74832665609864,18.34067153930664
4563,2,0,19.0125,19.01260713604279,dropped_queue_full,,,
4564,3,1,19.016666666666666,19.016702704131603,completed,19.07974608312361,63.079416456943704,44.486785888671875
4565,0,1,19.020833333333332,19.02098095207475,completed,19.08845336502418,67.62003169084707,44.694942474365234
4566,1,1,19.025,19.025084879947826,dropped_queue_full,,,
4567,2,1,19.029166666666665,19.029291768092662,completed,19.097239307127893,68.07264046122796,35.840065002441406
4568,3,0,19.03333333333333,19.0334444870241,dropped_queue_full,,,
4569,0,0,19.0375,19.037502476014197,dropped_queue_full,,,
4570,1,0,19.041666666666668,19.04170173406601,dropped_queue_full,,,
4571,2,0,19.045833333333334,19.04591459198855,dropped_queue_full,,,
4572,3,1,19.05,19.050073920050636,completed,19.10798939014785,57.98939014784921,26.639583587646484
4573,0,1,19.054166666666667,19.05418639909476,completed,19.116509644081816,62.34297741514894,26.314783096313477
4574,1,1,19.058333333333334,19.058438036125153,completed,19.124994019046426,66.66068571309225,52.690433502197266
4575,2,1,19.0625,19.062589165056124,completed,19.132550494046882,70.0504940468818,35.11097717285156
4576,3,0,19.066666666666666,19.066716133151203,dropped_queue_full,,,
4577,0,0,19.070833333333333,19.070917691104114,dropped_queue_full,,,
4578,1,0,19.075,19.075135499006137,completed,19.142083458136767,67.08345813676786,18.104736328125
4579,2,0,19.079166666666666,19.079267528140917,dropped_queue_full,,,
4580,3,1,19.083333333333332,19.083450036123395,completed,19.150616633007303,67.28329967397073,44.0984001159668
4581,0,1,19.0875,19.08752357494086,dropped_queue_full,,,
4582,1,1,19.091666666666665,19.091703203041106,dropped_queue_full,,,
4583,2,1,19.09583333333333,19.095857591135427,dropped_queue_full,,,
4584,3,0,19.1,19.10006316914223,dropped_queue_full,,,
4585,0,0,19.104166666666668,19.104231077013537,completed,19.162472523981705,58.30585731503746,44.26406478881836
4586,1,0,19.108333333333334,19.108465804951265,dropped_queue_full,,,
4587,2,0,19.1125,19.11254244414158,completed,19.170496843056753,57.99684305675257,35.470176696777344
4588,3,1,19.116666666666667,19.116674753138795,completed,19.177236556075513,60.56988940884622,26.373088836669922
4589,0,1,19.120833333333334,19.120886800112203,completed,19.187198066152632,66.36473281929867,26.296127319335938
4590,1,1,19.125,19.125158237991855,completed,19.194547191960737,69.54719196073711,52.3087043762207
4591,2,1,19.129166666666666,19.129253627033904,dropped_queue_full,,,
4592,3,0,19.133333333333333,19.133446604944766,dropped_queue_full,,,
4593,0,0,19.1375,19.13760331296362,dropped_queue_full,,,
4594,1,0,19.141666666666666,19.14176093111746,dropped_queue_full,,,
4595,2,0,19.145833333333332,19.14587027998641,completed,19.203297924948856,57.464591615524085,35.08745574951172
4596,3,1,19.15,19.150136227020994,dropped_queue_full,,,
4597,0,1,19.154166666666665,19.15423714602366,dropped_queue_full,,,
4598,1,1,19.15833333333333,19.15844881394878,completed,19.216291015036404,57.957681703072694,18.150047302246094
4599,2,1,19.1625,19.16263759206049,dropped_queue_full,,,
4600,3,0,19.166666666666668,19.166705620940775,completed,19.22145850304514,54.791836378473846,44.09436798095703
4601,0,0,19.170833333333334,19.170979479094967,completed,19.230139886029065,59.306552695730375,44.19228744506836
4602,1,0,19.175,19.175030118087307,dropped_queue_full,,,
4603,2,0,19.179166666666667,19.179228126071393,completed,19.241279784124345,62.11311745767745,35.448097229003906
4604,3,1,19.183333333333334,19.183457192964852,completed,19.24970224010758,66.36890677424745,26.468799591064453
4605,0,1,19.1875,19.18751939292997,completed,19.25650177197531,69.00177197530866,26.236223220825195
4606,1,1,19.191666666666666,19.19173280103132,dropped_queue_full,,,
4607,2,1,19.195833333333333,19.195917489007115,dropped_queue_full,,,
4608,3,0,19.2,19.20007465709932,dropped_queue_full,,,
4609,0,0,19.204166666666666,19.20424141502008,dropped_queue_full,,,
4610,1,0,19.208333333333332,19.208449443103746,completed,19.265237123938277,56.903790604945215,52.2815055847168
4611,2,0,19.2125,19.212524532107636,completed,19.274669289123267,62.169289123268356,34.94416046142578
4612,3,1,19.216666666666665,19.21676900004968,dropped_queue_full,,,
4613,0,1,19.22083333333333,19.220848099095747,dropped_queue_full,,,
4614,1,1,19.225,19.225133646046743,completed,19.28368502901867,58.6850290186689,18.24928092956543
4615,2,1,19.229166666666668,19.22922122501768,dropped_queue_full,,,
4616,3,0,19.233333333333334,19.233448713086545,completed,19.29553326102905,62.19992769571547,44.07388687133789
4617,0,0,19.2375,19.237512272084132,completed,19.303875557146966,66.37555714696575,44.334686279296875
4618,1,0,19.241666666666667,19.241758129093796,dropped_queue_full,,,
4619,2,0,19.245833333333334,19.245916537940502,completed,19.309668408939615,63.83507560628132,35.59084701538086
4620,3,1,19.25,19.250136635033414,completed,19.318870157003403,68.87015700340271,26.466976165771484
4621,0,1,19.254166666666666,19.254297323990613,dropped_queue_full,,,
4622,1,1,19.258333333333333,19.25839229300618,dropped_queue_full,,,
4623,2,1,19.2625,19.262606109958142,dropped_queue_full,,,
4624,3,0,19.266666666666666,19.266763248946518,dropped_queue_full,,,
4625,0,0,19.270833333333332,19.27091822703369,completed,19.32755763013847,56.72429680513957,26.49295997619629
4626,1,0,19.275,19.275139715056866,completed,19.337310972157866,62.310972157867184,52.584449768066406
4627,2,0,19.279166666666665,19.27918617404066,completed,19.345513629959896,66.3469632932312,35.27507019042969
4628,3,1,19.28333333333333,19.28336417209357,dropped_queue_full,,,
4629,0,1,19.2875,19.287549710134044,dropped_queue_full,,,
4630,1,1,19.291666666666668,19.29176011797972,completed,19.354768526973203,63.101860306534974,18.22287940979004
4631,2,1,19.295833333333334,19.29585397709161,dropped_queue_full,,,
4632,3,0,19.3,19.300136764068156,completed,19.36330134095624,63.30134095624018,44.406272888183594
4633,0,0,19.304166666666667,19.30419716401957,completed,19.372135302983224,67.96863631655725,44.44153594970703
4634,1,0,19.308333333333334,19.308406661031768,dropped_queue_full,,,
4635,2,0,19.3125,19.312605889048427,completed,19.380922144977376,68.42214497737586,35.74675369262695
4636,3,1,19.316666666666666,19.31668084906414,dropped_queue_full,,,
4637,0,1,19.320833333333333,19.320915546035394,dropped_queue_full,,,
4638,1,1,19.325,19.325076054083183,dropped_queue_full,,,
4639,2,1,19.329166666666666,19.329292142065242,dropped_queue_full,,,
4640,3,0,19.333333333333332,19.333373451139778,completed,19.391285671154037,57.95233782070497,26.697664260864258
4641,0,0,19.3375,19.33763303910382,completed,19.39965820708312,62.15820708312236,26.485471725463867
4642,1,0,19.341666666666665,19.341713518137112,completed,19.40805097296834,66.38430630167491,52.834590911865234
4643,2,0,19.34583333333333,19.34583466593176,completed,19.416539648082107,70.70631474877587,35.449886322021484
4644,3,1,19.35,19.350134572945535,dropped_queue_full,,,
4645,0,1,19.354166666666668,19.35429066210054,dropped_queue_full,,,
4646,1,1,19.358333333333334,19.358388650929555,completed,19.426246240967885,67.91290763455038,18.348159790039062
4647,2,1,19.3625,19.362549589015543,dropped_queue_full,,,
4648,3,0,19.366666666666667,19.36676199710928,completed,19.434814795153216,68.14812848654839,44.474239349365234
4649,0,0,19.370833333333334,19.370871206047013,dropped_queue_full,,,
4650,1,0,19.375,19.375072113005444,dropped_queue_full,,,
4651,2,0,19.379166666666666,19.379229962127283,dropped_queue_full,,,
4652,3,1,19.383333333333333,19.383387360023335,dropped_queue_full,,,
4653,0,1,19.3875,19.387541519012302,completed,19.445562167093158,58.06216709315848,44.806846618652344
4654,1,1,19.391666666666666,19.391762216109782,dropped_queue_full,,,
4655,2,1,19.395833333333332,19.395917454967275,completed,19.45382412406616,57.99079073282698,35.8682861328125
4656,3,0,19.4,19.40013733203523,completed,19.4617816649843,61.781664984302154,26.862367630004883
4657,0,0,19.404166666666665,19.404300531139597,completed,19.470923562999815,66.75689633314974,26.591392517089844
4658,1,0,19.40833333333333,19.408372269943357,completed,19.47929643909447,70.96310576113751,52.9398078918457
4659,2,0,19.4125,19.412612457061186,dropped_queue_full,,,
4660,3,1,19.416666666666668,19.416699906112626,dropped_queue_full,,,
4661,0,1,19.420833333333334,19.420856934972107,dropped_queue_full,,,
4662,1,1,19.425,19.425138812046498,dropped_queue_full,,,
4663,2,1,19.429166666666667,19.429232680937275,completed,19.487982192076743,58.81552541007551,35.322654724121094
4664,3,0,19.433333333333334,19.43339434894733,dropped_queue_full,,,
4665,0,0,19.4375,19.437602567020804,dropped_queue_full,,,
4666,1,0,19.441666666666666,19.441822584951296,completed,19.49968353495933,58.016868292664725,18.136831283569336
4667,2,0,19.445833333333333,19.445884404005483,dropped_queue_full,,,
4668,3,1,19.45,19.45007366198115,completed,19.506139930104837,56.13993010483753,44.08668899536133
4669,0,1,19.454166666666666,19.454296220093966,completed,19.51486453297548,60.69786630881424,44.216896057128906
4670,1,1,19.458333333333332,19.458349029067904,dropped_queue_full,,,
4671,2,1,19.4625,19.46261691604741,completed,19.524735084036365,62.23508403636657,35.449440002441406
4672,3,0,19.466666666666665,19.46688303304836,completed,19.533004811033607,66.33814436694152,26.523103713989258
4673,0,0,19.47083333333333,19.470919013023376,completed,19.541517775971442,70.68444263811102,26.555360794067383
4674,1,0,19.475,19.475084180943668,dropped_queue_full,,,
4675,2,0,19.479166666666668,19.479293189011514,dropped_queue_full,,,
4676,3,1,19.483333333333334,19.48338404810056,dropped_queue_full,,,
4677,0,1,19.4875,19.487542656017467,dropped_queue_full,,,
4678,1,1,19.491666666666667,19.491698544938117,completed,19.55029979813844,58.633131471772515,52.64121627807617
4679,2,1,19.495833333333334,19.495936032151803,completed,19.56220183800906,66.36850467572586,35.326847076416016
4680,3,0,19.5,19.50013654003851,dropped_queue_full,,,
4681,0,0,19.504166666666666,19.504291939083487,dropped_queue_full,,,
4682,1,0,19.508333333333333,19.508448156993836,completed,19.568694363115355,60.36102978202251,18.19945526123047
4683,2,0,19.5125,19.512538366019726,dropped_queue_full,,,
4684,3,1,19.516666666666666,19.516750463983044,completed,19.578893661033362,62.22699436669643,44.34751892089844
4685,0,1,19.520833333333332,19.520979571156204,completed,19.587147088022903,66.31375468957046,44.36460876464844
4686,1,1,19.525,19.52505720104091,dropped_queue_full,,,
4687,2,1,19.529166666666665,19.52923064911738,completed,19.594765841960907,65.59917529424197,35.53241729736328
4688,3,0,19.53333333333333,19.533481986029074,completed,19.60386352101341,70.53018768007746,26.5163516998291
4689,0,0,19.5375,19.53755378513597,dropped_queue_full,,,
4690,1,0,19.541666666666668,19.541678694076836,dropped_queue_full,,,
4691,2,0,19.545833333333334,19.545857472112402,dropped_queue_full,,,
4692,3,1,19.55,19.550134208984673,dropped_queue_full,,,
4693,0,1,19.554166666666667,19.554231788031757,completed,19.612452815053985,58.28614838731738,26.329151153564453
4694,1,1,19.558333333333334,19.558457686100155,completed,19.624742882093415,66.4095487600811,52.43494415283203
4695,2,1,19.5625,19.562717483146116,completed,19.629930610070005,67.43061007000506,35.16243362426758
4696,3,0,19.566666666666666,19.566806151997298,dropped_queue_full,,,
4697,0,0,19.570833333333333,19.570856122067198,dropped_queue_full,,,
4698,1,0,19.575,19.575133458944038,completed,19.639550713123754,64.55071312375438,18.103200912475586
4699,2,0,19.579166666666666,19.579212818061933,dropped_queue_full,,,
4700,3,1,19.583333333333332,19.583384166006,completed,19.64988472010009,66.55138676675776,44.014686584472656
4701,0,1,19.5875,19.58762555406429,completed,19.656765801133588,69.26580113358938,44.162750244140625
4702,1,1,19.591666666666665,19.591686533065513,dropped_queue_full,,,
4703,2,1,19.59583333333333,19.595868511125445,completed,19.665456664049998,69.62333071666649,35.31350326538086
4704,3,0,19.6,19.60009220894426,dropped_queue_full,,,
4705,0,0,19.604166666666668,19.604294337099418,dropped_queue_full,,,
4706,1,0,19.608333333333334,19.60844892496243,dropped_queue_full,,,
4707,2,0,19.6125,19.612613733159378,dropped_queue_full,,,
4708,3,1,19.616666666666667,19.616760942153633,completed,19.674749781144783,58.08311447811576,26.42665672302246
4709,0,1,19.620833333333334,19.620979299070314,completed,19.68317969609052,62.34636275718586,26.264095306396484
4710,1,1,19.625,19.62506357813254,completed,19.691853709053248,66.85370905324817,52.267616271972656
4711,2,1,19.629166666666666,19.62929680594243,dropped_queue_full,,,
4712,3,0,19.633333333333333,19.633386444998905,dropped_queue_full,,,
4713,0,0,19.6375,19.63754170294851,dropped_queue_full,,,
4714,1,0,19.641666666666666,19.64169904193841,completed,19.70171226002276,60.04559335609372,9.66592025756836
4715,2,0,19.645833333333332,19.645924729062244,completed,19.702034197049215,56.20086371588329,36.440032958984375
4716,3,1,19.65,19.650046948110685,completed,19.71871791011654,68.71791011653983,44.0536003112793
4717,0,1,19.654166666666665,19.654279766138643,dropped_queue_full,,,
4718,1,1,19.65833333333333,19.65833919495344,dropped_queue_full,,,
4719,2,1,19.6625,19.663081518141553,dropped_queue_full,,,
4720,3,0,19.666666666666668,19.666715221013874,dropped_queue_full,,,
4721,0,0,19.670833333333334,19.67091892915778,completed,19.729223665082827,58.39033174949293,44.183616638183594
4722,1,0,19.675,19.67507072701119,dropped_queue_full,,,
4723,2,0,19.679166666666667,19.679231776157394,completed,19.737179165007547,58.012498340879404,34.64521789550781
4724,3,1,19.683333333333334,19.68334071408026,completed,19.745138494996354,61.805161663020414,26.287519454956055
4725,0,1,19.6875,19.687602401943877,completed,19.754041776061058,66.54177606105804,26.349088668823242
4726,1,1,19.691666666666666,19.69168963097036,dropped_queue_full,,,
4727,2,1,19.695833333333333,19.695857959100977,dropped_queue_full,,,
4728,3,0,19.7,19.700135416118428,dropped_queue_full,,,
4729,0,0,19.704166666666666,19.704226695001125,dropped_queue_full,,,
4730,1,0,19.708333333333332,19.70838654297404,completed,19.762797778006643,54.46444467331091,54.06284713745117
4731,2,0,19.7125,19.712629021145403,completed,19.771613520104438,59.11352010443949,34.758880615234375
4732,3,1,19.716666666666665,19.716693029971793,dropped_queue_full,,,
4733,0,1,19.72083333333333,19.72092271805741,dropped_queue_full,,,
4734,1,1,19.725,19.72507812594995,completed,19.783354541985318,58.354541985316644,18.153568267822266
4735,2,1,19.729166666666668,19.729219315107912,dropped_queue_full,,,
4736,3,0,19.733333333333334,19.7333869531285,completed,19.78955288999714,56.21955666380529,44.221534729003906
4737,0,0,19.7375,19.7376565199811,completed,19.79829631303437,60.79631303436983,44.256736755371094
4738,1,0,19.741666666666667,19.74172809906304,dropped_queue_full,,,
4739,2,0,19.745833333333334,19.74592664698139,completed,19.808265622938052,62.43228960471825,35.278560638427734
4740,3,1,19.75,19.750139085110277,completed,19.816652758978307,66.65275897830725,26.398752212524414
4741,0,1,19.754166666666666,19.75420376402326,completed,19.824922766070813,70.75609940414651,26.430335998535156
4742,1,1,19.758333333333333,19.758430702146143,dropped_queue_full,,,
4743,2,1,19.7625,19.76260534999892,dropped_queue_full,,,
4744,3,0,19.766666666666666,19.766702838940546,dropped_queue_full,,,
4745,0,0,19.770833333333332,19.770855208160356,dropped_queue_full,,,
4746,1,0,19.775,19.775081794941798,completed,19.833770436933264,58.77043693326556,52.54617691040039
4747,2,0,19.779166666666665,19.779297292931005,completed,19.845513459062204,66.34679239553876,35.05436706542969
4748,3,1,19.78333333333333,19.783349252073094,dropped_queue_full,,,
4749,0,1,19.7875,19.787546599982306,dropped_queue_full,,,
4750,1,1,19.791666666666668,19.791750468080863,completed,19.85192285501398,60.25618834731361,18.104000091552734
4751,2,1,19.795833333333334,19.79583674715832,dropped_queue_full,,,
4752,3,0,19.8,19.800035994965583,completed,19.862231102073565,62.231102073564415,44.23420715332031
4753,0,0,19.804166666666667,19.804229613160715,completed,19.87070610700175,66.53944033508452,44.45555114746094
4754,1,0,19.808333333333334,19.808428801130503,dropped_queue_full,,,
4755,2,0,19.8125,19.812601609155536,completed,19.8782451110892,65.74511108919978,35.78355026245117
4756,3,1,19.816666666666666,19.81681542703882,completed,19.887295190943405,70.6285242767386,26.66352081298828
4757,0,1,19.820833333333333,19.8208433969412,dropped_queue_full,,,
4758,1,1,19.825,19.82508583413437,dropped_queue_full,,,
4759,2,1,19.829166666666666,19.829290952067822,dropped_queue_full,,,
4760,3,0,19.833333333333332,19.833447720156983,dropped_queue_full,,,
4761,0,0,19.8375,19.837534388992935,completed,19.896081103011966,58.58110301196717,26.456928253173828
4762,1,0,19.841666666666665,19.84176115714945,completed,19.907925914041698,66.25924737503297,52.72140884399414
4763,2,0,19.84583333333333,19.845833836123347,completed,19.913397158961743,67.56382562841168,35.117408752441406
4764,3,1,19.85,19.85005826409906,dropped_queue_full,,,
4765,0,1,19.854166666666668,19.854288001079112,dropped_queue_full,,,
4766,1,1,19.858333333333334,19.85844538011588,completed,19.923239071154967,64.90573782163267,18.208255767822266
4767,2,1,19.8625,19.862551779020578,dropped_queue_full,,,
4768,3,0,19.866666666666667,19.866759625962004,completed,19.933330988977104,66.66432231043729,44.3656005859375
4769,0,0,19.870833333333334,19.870870674960315,completed,19.940605617128313,69.77228379497902,44.42073440551758
4770,1,0,19.875,19.87510389299132,dropped_queue_full,,,
4771,2,0,19.879166666666666,19.87918943213299,completed,19.949299179017544,70.13251235087736,35.80547332763672
4772,3,1,19.883333333333333,19.883439369034022,dropped_queue_full,,,
4773,0,1,19.8875,19.887612068094313,dropped_queue_full,,,
4774,1,1,19.891666666666666,19.891759325983003,dropped_queue_full,,,
4775,2,1,19.895833333333332,19.895915033994243,dropped_queue_full,,,
4776,3,0,19.9,19.900135052157566,completed,19.958421878051013,58.421878051014176,26.600576400756836
4777,0,0,19.904166666666665,19.90419370098971,completed,19.970717594958842,66.55092829217679,26.58403205871582
4778,1,0,19.90833333333333,19.90840302896686,completed,19.976137900026515,67.80456669318369,52.751007080078125
4779,2,0,19.9125,19.912598066963255,dropped_queue_full,,,
4780,3,1,19.916666666666668,19.916708826087415,dropped_queue_full,,,
4781,0,1,19.920833333333334,19.920915574068204,dropped_queue_full,,,
4782,1,1,19.925,19.925123841967434,completed,19.98586386302486,60.86386302485991,9.68188762664795
4783,2,1,19.929166666666667,19.929304470075294,completed,19.986138200154528,56.97153348786088,36.7184944152832
4784,3,0,19.933333333333334,19.933494267985225,completed,20.003078451147303,69.74511781396942,44.44585418701172
4785,0,0,19.9375,19.937511088093743,dropped_queue_full,,,
4786,1,0,19.941666666666666,19.94170941505581,dropped_queue_full,,,
4787,2,0,19.945833333333333,19.945920472964644,dropped_queue_full,,,
4788,3,1,19.95,19.950087690958753,dropped_queue_full,,,
4789,0,1,19.954166666666666,19.95429177908227,completed,20.011922652134672,57.75598546800609,44.4450569152832
4790,1,1,19.958333333333332,19.958417148096487,dropped_queue_full,,,
4791,2,1,19.9625,19.96260162605904,completed,20.021296418039128,58.796418039129605,34.913055419921875
4792,3,0,19.966666666666665,19.966736175119877,completed,20.029924171976745,63.25750531008012,26.647615432739258
4793,0,0,19.97083333333333,19.97088265302591,completed,20.03024627803825,59.41294470491698,18.273664474487305
4794,1,0,19.975,19.975037722149864,dropped_queue_full,,,
4795,2,0,19.979166666666668,19.979229599935934,dropped_queue_full,,,
4796,3,1,19.983333333333334,19.98338527814485,dropped_queue_full,,,
4797,0,1,19.9875,19.9875512260478,dropped_queue_full,,,
4798,1,1,19.991666666666667,19.991698594996706,completed,20.03056700504385,38.90033837718221,38.6822395324707
4799,2,1,19.995833333333334,19.99597808206454,completed,20.03119729901664,35.36396568330602,9.811136245727539
